INFO-FLOW: Workspace D:/MSDF_2_ZCU/EKF/solution1 opened at Thu Sep 03 12:11:05 +0530 2026
Execute     ap_set_clock -name default -period 10 -default=false 
INFO: [SYN 201-201] Setting up clock 'default' with a period of 10ns.
Execute     set_part xczu9eg-ffvb1156-2-e 
Execute       create_platform xczu9eg-ffvb1156-2-e -board  
DBG:HLSDevice: Trying to load device library: C:/Xilinx/Vitis_HLS/2023.1\lib\win64.o\xv_hlsvwrap.dll
DBG:HLSDevice: first parts/arch.xml in RDI_DATADIR: C:/Xilinx/Vivado/2023.1/data/parts/arch.xml
DBG:HLSDevice: init success
INFO: [HLS 200-1611] Setting target device to 'xczu9eg-ffvb1156-2-e'
Command       create_platform done; 2.969 sec.
Execute       source C:/Xilinx/Vitis_HLS/2023.1/common/technology/xilinx/common/xilinx.gen 
Execute         source C:/Xilinx/Vitis_HLS/2023.1/common/technology/xilinx/interface/plb46.gen 
Execute         source C:/Xilinx/Vitis_HLS/2023.1/common/technology/xilinx/interface/axi4.gen 
Execute         source C:/Xilinx/Vitis_HLS/2023.1/common/technology/xilinx/interface/nativeAXI4.gen 
Execute           source C:/Xilinx/Vitis_HLS/2023.1/common/technology/xilinx/interface/saxilite.gen 
Execute         source C:/Xilinx/Vitis_HLS/2023.1/common/technology/xilinx/scripts/xilinxcoregen.gen 
Execute         source C:/Xilinx/Vitis_HLS/2023.1/common/technology/xilinx/interface/XilEDKCoreGen.gen 
Execute         source C:/Xilinx/Vitis_HLS/2023.1/common/technology/xilinx/ip/dds_compiler.gen 
Execute         source C:/Xilinx/Vitis_HLS/2023.1/common/technology/xilinx/ip/util.gen 
Execute         source C:/Xilinx/Vitis_HLS/2023.1/common/technology/xilinx/ip/xfft.gen 
Execute         source C:/Xilinx/Vitis_HLS/2023.1/common/technology/xilinx/ip/xfir.gen 
Execute         source C:/Xilinx/Vitis_HLS/2023.1/common/technology/xilinx/DSP48/dsp48.gen 
Execute       ap_part_info -name xczu9eg-ffvb1156-2-e -data info 
Execute       config_compile -quiet -complex-mul-dsp=0 
Command     set_part done; 3.051 sec.
Execute     send_msg_by_id INFO @200-1505@%s%s  vivado 
INFO: [HLS 200-1505] Using flow_target 'vivado'
Command   open_solution done; 3.116 sec.
Execute   set_part xczu9eg-ffvb1156-2-e 
INFO: [HLS 200-1510] Running: set_part xczu9eg-ffvb1156-2-e 
Execute     create_platform xczu9eg-ffvb1156-2-e -board  
Execute     source C:/Xilinx/Vitis_HLS/2023.1/common/technology/xilinx/common/xilinx.gen 
Execute       source C:/Xilinx/Vitis_HLS/2023.1/common/technology/xilinx/interface/plb46.gen 
Execute       source C:/Xilinx/Vitis_HLS/2023.1/common/technology/xilinx/interface/axi4.gen 
Execute       source C:/Xilinx/Vitis_HLS/2023.1/common/technology/xilinx/interface/nativeAXI4.gen 
Execute         source C:/Xilinx/Vitis_HLS/2023.1/common/technology/xilinx/interface/saxilite.gen 
Execute       source C:/Xilinx/Vitis_HLS/2023.1/common/technology/xilinx/scripts/xilinxcoregen.gen 
Execute       source C:/Xilinx/Vitis_HLS/2023.1/common/technology/xilinx/interface/XilEDKCoreGen.gen 
Execute       source C:/Xilinx/Vitis_HLS/2023.1/common/technology/xilinx/ip/dds_compiler.gen 
Execute       source C:/Xilinx/Vitis_HLS/2023.1/common/technology/xilinx/ip/util.gen 
Execute       source C:/Xilinx/Vitis_HLS/2023.1/common/technology/xilinx/ip/xfft.gen 
Execute       source C:/Xilinx/Vitis_HLS/2023.1/common/technology/xilinx/ip/xfir.gen 
Execute       source C:/Xilinx/Vitis_HLS/2023.1/common/technology/xilinx/DSP48/dsp48.gen 
Execute     ap_part_info -name xczu9eg-ffvb1156-2-e -data info 
Execute     config_compile -quiet -complex-mul-dsp=0 
Execute   create_clock -period 10 -name default 
INFO: [HLS 200-1510] Running: create_clock -period 10 -name default 
Execute   csynth_design 
INFO: [HLS 200-1510] Running: csynth_design 
INFO-FLOW: Running SLX 'csynth' proc: ::SLX::run_csynth
Execute     elaborate -effort=medium -skip_syncheck=0 -keep_printf=0 -skip_cdt=0 -skip_transform=0 -ng=0 -g=0 -opt_fp=0 -from_csynth_design=1 
INFO: [HLS 200-111] Finished File checks and directory preparation: CPU user time: 0 seconds. CPU system time: 0 seconds. Elapsed time: 0.05 seconds; current allocated memory: 1.456 GB.
Execute       set_directive_top ekf_batch -name=ekf_batch 
Execute       source C:/Xilinx/Vitis_HLS/2023.1/tps/tcl/tcllib1.11.1/yaml/huddle.tcl 
Execute       source C:/Xilinx/Vitis_HLS/2023.1/tps/tcl/tcllib1.11.1/yaml/json2huddle.tcl 
Execute         source C:/Xilinx/Vitis_HLS/2023.1/tps/tcl/tcllib1.11.1/try/try.tcl 
INFO: [HLS 200-10] Analyzing design file 'ekf_core.cpp' ... 
INFO-FLOW: Compiling one TU...
INFO-FLOW: Handling ekf_core.cpp as C++
Execute       ap_part_info -name xczu9eg-ffvb1156-2-e -data info 
INFO-FLOW: Running: GCC PP 39
INFO-FLOW: Source preprocessing
INFO-FLOW: run_clang exec: C:/Xilinx/Vitis_HLS/2023.1/win64/tools/clang-3.9-csynth/bin/clang ekf_core.cpp -foptimization-record-file=D:/MSDF_2_ZCU/EKF/solution1/.autopilot/db/ekf_core.cpp.clang.diag.yml -mllvm -pass-remarks-missed=reflow|pasta|unroll -mllvm -pass-remarks=reflow|pasta|unroll|inline -fno-limit-debug-info --sysroot C:/Xilinx/Vitis_HLS/2023.1/tps/mingw/8.3.0/win64.o/nt -fhls -fno-exceptions -insert-hls-directive=D:/MSDF_2_ZCU/EKF/solution1/.autopilot/db/all.directive.json -E -fno-math-errno -c -emit-llvm -mllvm -disable-llvm-optzns -Werror=implicit-function-declaration -Werror=implicit-hls-streams -Werror=return-type -Wpragmas -Wunused-parameter -Wdump-hls-pragmas -Wno-error=dump-hls-pragmas -fno-threadsafe-statics -fno-use-cxa-atexit -std=gnu++14 -target fpga64-xilinx-mingw32 -fno-threadsafe-statics -fno-use-cxa-atexit -D__VITIS_HLS__ -DAESL_SYN -D__SYNTHESIS__ -D__HLS_SYN__ -I C:/Xilinx/Vitis_HLS/2023.1/common/technology/autopilot -I C:/Xilinx/Vitis_HLS/2023.1/common/technology/autopilot/ap_sysc -include etc/autopilot_ssdm_op.h -D__DSP48E2__ -I /usr/include/x86_64-linux-gnu -o D:/MSDF_2_ZCU/EKF/solution1/.autopilot/db/ekf_core.pp.0.cpp {-hls-platform-db-name=C:/Xilinx/Vitis_HLS/2023.1/common/technology\xilinx/common/platform.db} -hls-platform-name=zynquplus_medium -device-resource-info=BRAM_1824.000000_DSP_2520.000000_FF_548160.000000_LUT_274080.000000_SLICE_34260.000000_URAM_0.000000 -device-name-info=xczu9eg-ffvb1156-2-e > D:/MSDF_2_ZCU/EKF/solution1/.autopilot/db/ekf_core.cpp.clang.out.log 2> D:/MSDF_2_ZCU/EKF/solution1/.autopilot/db/ekf_core.cpp.clang.err.log
INFO-FLOW: Done: GCC PP 39 time: 0.1 seconds per iteration
INFO-FLOW: Source syntax check for synthesis
INFO-FLOW: run_clang exec: C:/Xilinx/Vitis_HLS/2023.1/win64/tools/clang-3.9-csynth/bin/clang -foptimization-record-file=D:/MSDF_2_ZCU/EKF/solution1/.autopilot/db/clang.diag.yml -mllvm -pass-remarks-missed=reflow|pasta|unroll -mllvm -pass-remarks=reflow|pasta|unroll|inline -fsyntax-only -fhls -target fpga64-xilinx-linux-gnu D:/MSDF_2_ZCU/EKF/solution1/.autopilot/db/ekf_core.pp.0.cpp {-hls-platform-db-name=C:/Xilinx/Vitis_HLS/2023.1/common/technology\xilinx/common/platform.db} -hls-platform-name=zynquplus_medium -device-resource-info=BRAM_1824.000000_DSP_2520.000000_FF_548160.000000_LUT_274080.000000_SLICE_34260.000000_URAM_0.000000 -device-name-info=xczu9eg-ffvb1156-2-e > D:/MSDF_2_ZCU/EKF/solution1/.autopilot/db/clang.out.log 2> D:/MSDF_2_ZCU/EKF/solution1/.autopilot/db/clang.err.log
Execute       clang_tidy xilinx-systemc-detector -desc systemc-detector D:/MSDF_2_ZCU/EKF/solution1/.autopilot/db/ekf_core.pp.0.cpp std=gnu++14 -target fpga  -directive=D:/MSDF_2_ZCU/EKF/solution1/.autopilot/db/.systemc_flag 
INFO-FLOW: exec C:/Xilinx/Vitis_HLS/2023.1/win64/tools/clang-3.9-csynth/bin/clang-tidy -header-filter=.* --checks=-*,xilinx-systemc-detector -import-directive=D:/MSDF_2_ZCU/EKF/solution1/.autopilot/db/.systemc_flag -fix-errors D:/MSDF_2_ZCU/EKF/solution1/.autopilot/db/ekf_core.pp.0.cpp -- -std=gnu++14 -target fpga -fhls -ferror-limit=0
INFO-FLOW: Running: clang-tidy CDT preprocess 39
Execute       clang_tidy xilinx-directive2pragma -desc directive2pragma D:/MSDF_2_ZCU/EKF/solution1/.autopilot/db/ekf_core.pp.0.cpp std=gnu++14 -target fpga  -directive=D:/MSDF_2_ZCU/EKF/solution1/.autopilot/db/all.directive.json 
INFO-FLOW: exec C:/Xilinx/Vitis_HLS/2023.1/win64/tools/clang-3.9-csynth/bin/clang-tidy -header-filter=.* --checks=-*,xilinx-directive2pragma -import-directive=D:/MSDF_2_ZCU/EKF/solution1/.autopilot/db/all.directive.json -fix-errors D:/MSDF_2_ZCU/EKF/solution1/.autopilot/db/ekf_core.pp.0.cpp -- -std=gnu++14 -target fpga -fhls -ferror-limit=0
INFO-FLOW: Done: clang-tidy CDT preprocess 39 time: 0 seconds per iteration
INFO-FLOW: Calling xilinx-label-all-loops ... 
INFO-FLOW: Calling xilinx-aggregate-on-hls-vector ... 
Execute       clang_tidy -errorcheck -desc loop-label xilinx-label-all-loops,xilinx-aggregate-on-hls-vector,,xilinx-warn-mayneed-no-ctor-attribute D:/MSDF_2_ZCU/EKF/solution1/.autopilot/db/ekf_core.pp.0.cpp std=gnu++14 -target fpga  
INFO-FLOW: run_clang exec: C:/Xilinx/Vitis_HLS/2023.1/win64/tools/clang-3.9-csynth/bin/clang-tidy -export-fixes=D:/MSDF_2_ZCU/EKF/solution1/.autopilot/db/ekf_core.pp.0.cpp.clang-tidy.loop-label.diag.yml -header-filter=.* --checks=-*,xilinx-label-all-loops,xilinx-aggregate-on-hls-vector,,xilinx-warn-mayneed-no-ctor-attribute -fix-errors D:/MSDF_2_ZCU/EKF/solution1/.autopilot/db/ekf_core.pp.0.cpp -- -std=gnu++14 -target fpga -fhls -ferror-limit=0 > D:/MSDF_2_ZCU/EKF/solution1/.autopilot/db/ekf_core.pp.0.cpp.clang-tidy.loop-label.out.log 2> D:/MSDF_2_ZCU/EKF/solution1/.autopilot/db/ekf_core.pp.0.cpp.clang-tidy.loop-label.err.log
Execute         source C:/Xilinx/Vitis_HLS/2023.1/tps/tcl/tcllib1.11.1/yaml/yaml.tcl 
Command       clang_tidy done; 0.111 sec.
INFO-FLOW: run_clang exec: C:/Xilinx/Vitis_HLS/2023.1/win64/tools/clang-3.9-csynth/bin/xilinx-dataflow-lawyer -export-fixes=D:/MSDF_2_ZCU/EKF/solution1/.autopilot/db/ekf_core.pp.0.cpp.xilinx-dataflow-lawyer.diag.yml D:/MSDF_2_ZCU/EKF/solution1/.autopilot/db/ekf_core.pp.0.cpp -- -std=gnu++14 -target fpga -fhls -ferror-limit=0 -fstrict-dataflow > D:/MSDF_2_ZCU/EKF/solution1/.autopilot/db/ekf_core.pp.0.cpp.xilinx-dataflow-lawyer.out.log 2> D:/MSDF_2_ZCU/EKF/solution1/.autopilot/db/ekf_core.pp.0.cpp.xilinx-dataflow-lawyer.err.log
Execute       ap_part_info -name xczu9eg-ffvb1156-2-e -data info 
INFO-FLOW: compiling source code to llvm bc
INFO-FLOW: run_clang exec: C:/Xilinx/Vitis_HLS/2023.1/win64/tools/clang-3.9-csynth/bin/clang -foptimization-record-file=D:/MSDF_2_ZCU/EKF/solution1/.autopilot/db/ekf_core.pp.0.cpp.clang.diag.yml -mllvm -pass-remarks-missed=reflow|pasta|unroll -mllvm -pass-remarks=reflow|pasta|unroll|inline -fno-limit-debug-info -fhls -flto -fno-exceptions -Wno-error=c++11-narrowing D:/MSDF_2_ZCU/EKF/solution1/.autopilot/db/ekf_core.pp.0.cpp -fno-math-errno -c -emit-llvm -mllvm -disable-llvm-optzns -Werror=implicit-function-declaration -Werror=implicit-hls-streams -Werror=return-type -Wpragmas -Wunused-parameter -Wdump-hls-pragmas -Wno-error=dump-hls-pragmas -fno-threadsafe-statics -fno-use-cxa-atexit -std=gnu++14 -target fpga64-xilinx-linux-gnu -D__VITIS_HLS__ -DAESL_SYN -D__SYNTHESIS__ -D__HLS_SYN__ -I C:/Xilinx/Vitis_HLS/2023.1/common/technology/autopilot -I C:/Xilinx/Vitis_HLS/2023.1/common/technology/autopilot/ap_sysc -include etc/autopilot_ssdm_op.h -D__DSP48E2__ -g -o D:/MSDF_2_ZCU/EKF/solution1/.autopilot/db/ekf_core.bc {-hls-platform-db-name=C:/Xilinx/Vitis_HLS/2023.1/common/technology\xilinx/common/platform.db} -hls-platform-name=zynquplus_medium -device-resource-info=BRAM_1824.000000_DSP_2520.000000_FF_548160.000000_LUT_274080.000000_SLICE_34260.000000_URAM_0.000000 -device-name-info=xczu9eg-ffvb1156-2-e > D:/MSDF_2_ZCU/EKF/solution1/.autopilot/db/ekf_core.pp.0.cpp.clang.out.log 2> D:/MSDF_2_ZCU/EKF/solution1/.autopilot/db/ekf_core.pp.0.cpp.clang.err.log
INFO: [HLS 200-111] Finished Source Code Analysis and Preprocessing: CPU user time: 1 seconds. CPU system time: 0 seconds. Elapsed time: 0.603 seconds; current allocated memory: 1.458 GB.
INFO-FLOW: Linking Debug ...
INFO-FLOW: Linking dut bc code.
Execute       run_link_or_opt -out D:/MSDF_2_ZCU/EKF/solution1/.autopilot/db/a.g.ld.0.bc -args  "D:/MSDF_2_ZCU/EKF/solution1/.autopilot/db/ekf_core.g.bc"  
INFO-FLOW: run_clang exec: C:/Xilinx/Vitis_HLS/2023.1/win64/tools/clang-3.9-csynth/bin/llvm-link D:/MSDF_2_ZCU/EKF/solution1/.autopilot/db/ekf_core.g.bc -o D:/MSDF_2_ZCU/EKF/solution1/.autopilot/db/a.g.ld.0.bc > D:/MSDF_2_ZCU/EKF/solution1/.autopilot/db/a.g.ld.0.bc.llvm-link.out.log 2> D:/MSDF_2_ZCU/EKF/solution1/.autopilot/db/a.g.ld.0.bc.llvm-link.err.log
INFO-FLOW: 
Execute       run_link_or_opt -opt -out D:/MSDF_2_ZCU/EKF/solution1/.autopilot/db/a.g.ld.1.lower.bc -args D:/MSDF_2_ZCU/EKF/solution1/.autopilot/db/a.g.ld.0.bc -reflow-lower-math-intrinsics 
INFO-FLOW: run_clang exec: C:/Xilinx/Vitis_HLS/2023.1/win64/tools/clang-3.9-csynth/bin/opt -pass-remarks-missed=reflow|pasta|unroll -pass-remarks=reflow|pasta|unroll|inline -pass-remarks-output=D:/MSDF_2_ZCU/EKF/solution1/.autopilot/db/a.g.ld.1.lower.bc.opt.diag.yml D:/MSDF_2_ZCU/EKF/solution1/.autopilot/db/a.g.ld.0.bc -reflow-lower-math-intrinsics -o D:/MSDF_2_ZCU/EKF/solution1/.autopilot/db/a.g.ld.1.lower.bc > D:/MSDF_2_ZCU/EKF/solution1/.autopilot/db/a.g.ld.1.lower.bc.opt.out.log 2> D:/MSDF_2_ZCU/EKF/solution1/.autopilot/db/a.g.ld.1.lower.bc.opt.err.log
INFO-FLOW: 
INFO-FLOW: Running: gen_design_size_report post-opt
INFO-FLOW: Done: gen_design_size_report post-opt time: 0 seconds per iteration
INFO-FLOW: Linking math bc lib
Execute       run_link_or_opt -out D:/MSDF_2_ZCU/EKF/solution1/.autopilot/db/a.g.ld.2.m1.bc -args D:/MSDF_2_ZCU/EKF/solution1/.autopilot/db/a.g.ld.1.lower.bc -only-needed C:/Xilinx/Vitis_HLS/2023.1/win64/lib/libhlsm_39.bc C:/Xilinx/Vitis_HLS/2023.1/win64/lib/libhlsmc++_39.bc 
INFO-FLOW: run_clang exec: C:/Xilinx/Vitis_HLS/2023.1/win64/tools/clang-3.9-csynth/bin/llvm-link D:/MSDF_2_ZCU/EKF/solution1/.autopilot/db/a.g.ld.1.lower.bc -only-needed C:/Xilinx/Vitis_HLS/2023.1/win64/lib/libhlsm_39.bc C:/Xilinx/Vitis_HLS/2023.1/win64/lib/libhlsmc++_39.bc -o D:/MSDF_2_ZCU/EKF/solution1/.autopilot/db/a.g.ld.2.m1.bc > D:/MSDF_2_ZCU/EKF/solution1/.autopilot/db/a.g.ld.2.m1.bc.llvm-link.out.log 2> D:/MSDF_2_ZCU/EKF/solution1/.autopilot/db/a.g.ld.2.m1.bc.llvm-link.err.log
INFO-FLOW: 
Command       run_link_or_opt done; 0.872 sec.
Execute       run_link_or_opt -opt -out D:/MSDF_2_ZCU/EKF/solution1/.autopilot/db/a.g.ld.3.fpc.bc -args D:/MSDF_2_ZCU/EKF/solution1/.autopilot/db/a.g.ld.2.m1.bc -reflow-globaldce -hls-top-function-name=ekf_batch -reflow-float-conversion 
INFO-FLOW: run_clang exec: C:/Xilinx/Vitis_HLS/2023.1/win64/tools/clang-3.9-csynth/bin/opt -pass-remarks-missed=reflow|pasta|unroll -pass-remarks=reflow|pasta|unroll|inline -pass-remarks-output=D:/MSDF_2_ZCU/EKF/solution1/.autopilot/db/a.g.ld.3.fpc.bc.opt.diag.yml D:/MSDF_2_ZCU/EKF/solution1/.autopilot/db/a.g.ld.2.m1.bc -reflow-globaldce -hls-top-function-name=ekf_batch -reflow-float-conversion -o D:/MSDF_2_ZCU/EKF/solution1/.autopilot/db/a.g.ld.3.fpc.bc > D:/MSDF_2_ZCU/EKF/solution1/.autopilot/db/a.g.ld.3.fpc.bc.opt.out.log 2> D:/MSDF_2_ZCU/EKF/solution1/.autopilot/db/a.g.ld.3.fpc.bc.opt.err.log
INFO-FLOW: 
INFO-FLOW: Running: gen_design_size_report post-opt
INFO-FLOW: Done: gen_design_size_report post-opt time: 0 seconds per iteration
Command       run_link_or_opt done; 0.392 sec.
Execute       run_link_or_opt -out D:/MSDF_2_ZCU/EKF/solution1/.autopilot/db/a.g.ld.4.m2.bc -args D:/MSDF_2_ZCU/EKF/solution1/.autopilot/db/a.g.ld.3.fpc.bc -only-needed C:/Xilinx/Vitis_HLS/2023.1/win64/lib/libfloatconversion_39.bc 
INFO-FLOW: run_clang exec: C:/Xilinx/Vitis_HLS/2023.1/win64/tools/clang-3.9-csynth/bin/llvm-link D:/MSDF_2_ZCU/EKF/solution1/.autopilot/db/a.g.ld.3.fpc.bc -only-needed C:/Xilinx/Vitis_HLS/2023.1/win64/lib/libfloatconversion_39.bc -o D:/MSDF_2_ZCU/EKF/solution1/.autopilot/db/a.g.ld.4.m2.bc > D:/MSDF_2_ZCU/EKF/solution1/.autopilot/db/a.g.ld.4.m2.bc.llvm-link.out.log 2> D:/MSDF_2_ZCU/EKF/solution1/.autopilot/db/a.g.ld.4.m2.bc.llvm-link.err.log
INFO-FLOW: 
Execute       run_link_or_opt -opt -out D:/MSDF_2_ZCU/EKF/solution1/.autopilot/db/a.g.ld.5.gdce.bc -args D:/MSDF_2_ZCU/EKF/solution1/.autopilot/db/a.g.ld.4.m2.bc -reflow-globaldce -hls-top-function-name=ekf_batch 
INFO-FLOW: run_clang exec: C:/Xilinx/Vitis_HLS/2023.1/win64/tools/clang-3.9-csynth/bin/opt -pass-remarks-missed=reflow|pasta|unroll -pass-remarks=reflow|pasta|unroll|inline -pass-remarks-output=D:/MSDF_2_ZCU/EKF/solution1/.autopilot/db/a.g.ld.5.gdce.bc.opt.diag.yml D:/MSDF_2_ZCU/EKF/solution1/.autopilot/db/a.g.ld.4.m2.bc -reflow-globaldce -hls-top-function-name=ekf_batch -o D:/MSDF_2_ZCU/EKF/solution1/.autopilot/db/a.g.ld.5.gdce.bc > D:/MSDF_2_ZCU/EKF/solution1/.autopilot/db/a.g.ld.5.gdce.bc.opt.out.log 2> D:/MSDF_2_ZCU/EKF/solution1/.autopilot/db/a.g.ld.5.gdce.bc.opt.err.log
INFO-FLOW: 
INFO-FLOW: Running: gen_design_size_report post-opt
INFO-FLOW: Done: gen_design_size_report post-opt time: 0 seconds per iteration
Execute       send_msg_by_id INFO @200-777@%s Vivado 
INFO: [HLS 200-777] Using interface defaults for 'Vivado' flow target.
Execute       is_m_axi_addr64 
INFO-FLOW: Doing LTO.
INFO-FLOW: run_clang exec: C:/Xilinx/Vitis_HLS/2023.1/win64/tools/clang-3.9-csynth/bin/clang -foptimization-record-file=D:/MSDF_2_ZCU/EKF/solution1/.autopilot/db/a.g.ld.0.bc.clang.reflow.diag.yml -mllvm -pass-remarks-missed=reflow|pasta|unroll -mllvm -pass-remarks=reflow|pasta|unroll|inline -fhls -mllvm -hls-top-function-name=ekf_batch -mllvm -hls-db-dir -mllvm D:/MSDF_2_ZCU/EKF/solution1/.autopilot/db -emit-llvm -c -target fpga64-xilinx-none -mllvm -xcl-xmlinfo=D:/MSDF_2_ZCU/EKF/solution1/.autopilot/db/kernel.internal.xml -mllvm -top-io-mapping-info=D:/MSDF_2_ZCU/EKF/solution1/.autopilot/db/top-io-fe.xml -mllvm -hls-bitcode-version=3.1 -mllvm -reflow-enable-slave-interface-default-setting=true -mllvm -gen-kernel-xml=false -mllvm -default-maxi-offset=slave -mllvm -maxi-latency=0 -mllvm -hls-maxi-data-size-in-bits=8 -mllvm -hls-maxi-max-data-size-in-bits=1024 -mllvm -hls-max-widen-size-in-bits=0 -mllvm -xcl-kernel-max-mem-ports=0 -mllvm -maxi-read-trans=16 -mllvm -maxi-write-trans=16 -mllvm -maxi-read-burst-len=16 -mllvm -maxi-write-burst-len=16 -mllvm -reflow-enable-saxi-64bits=0 -mllvm -reflow-basic-block-instr-threshold=200000 -mllvm -reflow-auto-pipeline-threshold=64 -mllvm -reflow-enable-maxi-auto-id-channel=0 -mllvm -enable-fp-thr=0 -mllvm -reflow-bdd-simplify-threshold=1024 -mllvm -reflow-fanout-threshold=16 -mllvm -assume-maxi-align=1 -mllvm -reflow-pipeline-style-llvm-setting=2 -mllvm -reflow-enable-dataflow-strict-mode-checking=1 -ftime-report -mllvm -time-passes -mllvm -reflow-auto-array-partition-mode=default -mllvm -reflow-enable-auto-array-partition=true -mllvm -reflow-enable-auto-parallel-performance-driven=true -mllvm -reflow-enable-partition-for-automation=true -mllvm -reflow-aggregate-bitwidth-threshold=4096 -mllvm -reflow-reserved-saxilite-registers=1024 -mllvm -reflow-assume-no-address-wrap=true -mllvm -reflow-enable-occurrence-inference=true -mllvm -hls -mllvm -disable-inlined-alloca-merging=true -mllvm -default-clock-period=10 -x ir D:/MSDF_2_ZCU/EKF/solution1/.autopilot/db/a.g.ld.5.gdce.bc -o D:/MSDF_2_ZCU/EKF/solution1/.autopilot/db/a.g.lto.bc {-hls-platform-db-name=C:/Xilinx/Vitis_HLS/2023.1/common/technology\xilinx/common/platform.db} -hls-platform-name=zynquplus_medium -device-resource-info=BRAM_1824.000000_DSP_2520.000000_FF_548160.000000_LUT_274080.000000_SLICE_34260.000000_URAM_0.000000 -device-name-info=xczu9eg-ffvb1156-2-e > D:/MSDF_2_ZCU/EKF/solution1/.autopilot/db/a.g.ld.0.bc.clang.reflow.out.log 2> D:/MSDF_2_ZCU/EKF/solution1/.autopilot/db/a.g.ld.0.bc.clang.reflow.err.log
INFO: [HLS 214-131] Inlining function 'build_FQ(float (*) [6], float (*) [6])' into 'predict(float*, float (*) [6])' (ekf_core.cpp:54:2)
INFO: [HLS 214-131] Inlining function 'matmul(float const (*) [6], float const (*) [6], float (*) [6])' into 'predict(float*, float (*) [6])' (ekf_core.cpp:72:5)
INFO: [HLS 214-131] Inlining function 'transpose(float const (*) [6], float (*) [6])' into 'predict(float*, float (*) [6])' (ekf_core.cpp:71:5)
INFO: [HLS 214-131] Inlining function 'matmul(float const (*) [6], float const (*) [6], float (*) [6])' into 'predict(float*, float (*) [6])' (ekf_core.cpp:70:2)
INFO: [HLS 214-131] Inlining function 'matmul(float const (*) [6], float const (*) [6], float (*) [6])' into 'update_scalar(float*, float (*) [6], float const*, float, float)' (ekf_core.cpp:114:5)
INFO: [HLS 214-131] Inlining function 'matmul(float const (*) [6], float const (*) [6], float (*) [6])' into 'update_scalar(float*, float (*) [6], float const*, float, float)' (ekf_core.cpp:116:5)
INFO: [HLS 214-131] Inlining function 'transpose(float const (*) [6], float (*) [6])' into 'update_scalar(float*, float (*) [6], float const*, float, float)' (ekf_core.cpp:115:5)
INFO: [HLS 214-131] Inlining function 'predict(float*, float (*) [6])' into 'ekf_batch(float*, int const*, int)' (ekf_core.cpp:162:13)
INFO: [HLS 214-131] Inlining function 'update_scalar(float*, float (*) [6], float const*, float, float)' into 'ekf_batch(float*, int const*, int)' (ekf_core.cpp:169:17)
INFO: [HLS 214-291] Loop 'VITIS_LOOP_61_2' is marked as complete unroll implied by the pipeline pragma (ekf_core.cpp:61:26)
INFO: [HLS 214-291] Loop 'VITIS_LOOP_21_3' is marked as complete unroll implied by the pipeline pragma (ekf_core.cpp:21:30)
INFO: [HLS 214-291] Loop 'VITIS_LOOP_92_2' is marked as complete unroll implied by the pipeline pragma (ekf_core.cpp:92:26)
INFO: [HLS 214-186] Unrolling loop 'VITIS_LOOP_139_2' (ekf_core.cpp:139:27) in function 'ekf_batch' completely with a factor of 1 (ekf_core.cpp:128:0)
INFO: [HLS 214-186] Unrolling loop 'VITIS_LOOP_92_2' (ekf_core.cpp:92:26) in function 'ekf_batch' completely with a factor of 6 (ekf_core.cpp:128:0)
INFO: [HLS 214-186] Unrolling loop 'VITIS_LOOP_110_7' (ekf_core.cpp:110:27) in function 'ekf_batch' completely with a factor of 6 (ekf_core.cpp:128:0)
INFO: [HLS 214-186] Unrolling loop 'VITIS_LOOP_21_3' (ekf_core.cpp:21:30) in function 'ekf_batch' completely with a factor of 6 (ekf_core.cpp:128:0)
INFO: [HLS 214-186] Unrolling loop 'VITIS_LOOP_31_2' (ekf_core.cpp:31:26) in function 'ekf_batch' completely with a factor of 6 (ekf_core.cpp:128:0)
INFO: [HLS 214-186] Unrolling loop 'VITIS_LOOP_61_2' (ekf_core.cpp:61:26) in function 'ekf_batch' completely with a factor of 6 (ekf_core.cpp:128:0)
INFO: [HLS 214-248] Applying array_partition to 'Ph.i': Complete partitioning on dimension 1. (ekf_core.cpp:87:9)
INFO: [HLS 214-248] Applying array_partition to 'K.i': Complete partitioning on dimension 1. (ekf_core.cpp:98:12)
INFO: [HLS 214-248] Applying array_partition to 'A.i': Complete partitioning on dimension 1. Complete partitioning on dimension 2. (ekf_core.cpp:104:12)
INFO: [HLS 214-248] Applying array_partition to 'AP.i': Complete partitioning on dimension 1. Complete partitioning on dimension 2. (ekf_core.cpp:104:21)
INFO: [HLS 214-248] Applying array_partition to 'At.i': Complete partitioning on dimension 1. Complete partitioning on dimension 2. (ekf_core.cpp:104:31)
INFO: [HLS 214-248] Applying array_partition to 'APAt.i': Complete partitioning on dimension 1. Complete partitioning on dimension 2. (ekf_core.cpp:104:41)
INFO: [HLS 214-248] Applying array_partition to 'F.i': Complete partitioning on dimension 1. Complete partitioning on dimension 2. (ekf_core.cpp:51:9)
INFO: [HLS 214-248] Applying array_partition to 'Q.i': Complete partitioning on dimension 1. Complete partitioning on dimension 2. (ekf_core.cpp:51:18)
INFO: [HLS 214-248] Applying array_partition to 'xp.i': Complete partitioning on dimension 1. (ekf_core.cpp:56:12)
INFO: [HLS 214-248] Applying array_partition to 'FP.i': Complete partitioning on dimension 1. Complete partitioning on dimension 2. (ekf_core.cpp:66:12)
INFO: [HLS 214-248] Applying array_partition to 'Ft.i': Complete partitioning on dimension 1. Complete partitioning on dimension 2. (ekf_core.cpp:66:22)
INFO: [HLS 214-248] Applying array_partition to 'FPFt.i': Complete partitioning on dimension 1. Complete partitioning on dimension 2. (ekf_core.cpp:66:32)
INFO: [HLS 214-248] Applying array_partition to 'local': Cyclic partitioning with factor 8 on dimension 1. (ekf_core.cpp:146:20)
INFO: [HLS 214-248] Applying array_partition to 'x': Complete partitioning on dimension 1. (ekf_core.cpp:154:20)
INFO: [HLS 214-248] Applying array_partition to 'P': Complete partitioning on dimension 1. Complete partitioning on dimension 2. (ekf_core.cpp:154:26)
INFO: [HLS 214-248] Applying array_partition to 'H': Complete partitioning on dimension 1. (ekf_core.cpp:166:24)
INFO: [HLS 214-115] Multiple burst reads of variable length and bit width 32 in loop 'VITIS_LOOP_138_1'(ekf_core.cpp:138:20) has been inferred on bundle 'gmem1'. These burst requests might be further partitioned into multiple requests during RTL generation, based on max_read_burst_length or max_write_burst_length settings. (ekf_core.cpp:138:20)
INFO: [HLS 214-115] Multiple burst reads of length 98 and bit width 32 in loop 'VITIS_LOOP_148_3'(ekf_core.cpp:148:20) has been inferred on bundle 'gmem0'. These burst requests might be further partitioned into multiple requests during RTL generation, based on max_read_burst_length or max_write_burst_length settings. (ekf_core.cpp:148:20)
INFO: [HLS 214-115] Multiple burst writes of length 98 and bit width 32 in loop 'VITIS_LOOP_176_12'(ekf_core.cpp:176:32) has been inferred on bundle 'gmem0'. These burst requests might be further partitioned into multiple requests during RTL generation, based on max_read_burst_length or max_write_burst_length settings. (ekf_core.cpp:176:32)
INFO-FLOW: DBG:PUTS: copy_raw_kernel_xml ap_link_39: kernel.xml not generated: D:/MSDF_2_ZCU/EKF/solution1/.autopilot/db/kernel.internal.xml
INFO: [HLS 200-111] Finished Compiling Optimization and Transform: CPU user time: 0 seconds. CPU system time: 0 seconds. Elapsed time: 2.628 seconds; current allocated memory: 1.460 GB.
INFO: [HLS 200-111] Finished Checking Pragmas: CPU user time: 0 seconds. CPU system time: 0 seconds. Elapsed time: 0.001 seconds; current allocated memory: 1.460 GB.
Execute       opt_and_import_c a -opt_level=2 -skip_syncheck=0 -ng=0 -keep_printf=0 
Execute         cleanup_all_models 
INFO: [HLS 200-10] Starting code transformations ...
INFO-FLOW: Running Standard Transforms...
Execute         transform -hls -share-std-xform -demangle-name -inline-byval-memcpy -always-inline -promote-dbg-pointer -interface-preproc -mem2reg -scalarrepl -mem2reg -keep-read-access -instcombine -dce -promote-dbg-pointer -bitop-raise -loop-simplify -indvarspre -indvars -loop-simplify -xunroll -constprop -instcombine -simplifycfg -indvars -simplifycfg -dce -globaldce -basicaa -simplifycfg -mem2reg -globalopt -global-constprop -deadargelim -instcombine -simplifycfg -scalarrepl -instcombine -reassociate -licm -simplifycfg -loop-simplify -indvars -instcombine -simplifycfg -mem2reg -loop-simplify -indvars -instcombine -gvn -gvn -instcombine -adce -break-crit-edges -simplifycfg -loop-delete -global-array-opt -dce -dse -adce -find-syn-modules -top ekf_batch -deadargelim -mem2reg -instcombine -dce -presyn-prepare -auto-rom-infer -interface-preproc -syn-check -check-rec-only -find-region -simplifycfg -func-extr -function-inline -globaldce -mem2reg -instcombine -dce -gvn -globaldce -adce -adse -constprop -instcombine -bit-constprop -instcombine -dce -simplifycfg -bitop-raise -simplifycfg -dce -loop-delete -reassociate -globalopt -global-privatize -mem2reg -dce -global-constprop -pointer-simplify -constprop -dce -auto-shift-reg-idiom -promote-dbg-pointer -norm-name D:/MSDF_2_ZCU/EKF/solution1/.autopilot/db/a.g.0.bc -o D:/MSDF_2_ZCU/EKF/solution1/.autopilot/db/a.g.1.bc -f -phase std-opt 
Command         transform done; 0.26 sec.
INFO: [HLS 200-111] Finished Standard Transforms: CPU user time: 0 seconds. CPU system time: 0 seconds. Elapsed time: 0.274 seconds; current allocated memory: 1.477 GB.
INFO: [HLS 200-10] Checking synthesizability ...
INFO-FLOW: Checking Synthesizability 1/2..
Execute         transform -hls -syn-check -check-rec-only -scalarrepl -norm-name -dce -mem2reg -instcombine -directive-preproc -mem2reg -dse -dce -auto-rom-infer -dce -pag -array-normalize -instcombine -dce -array-seg-normalize -instcombine -dce -data-pack -instcombine -dce -inst-simplify -array-flatten -instcombine -dce -array-burst -dce -deadargelim -promote-global-argument -simplifycfg -mem2reg -globaldce -dce -deadargelim -dce -instcombine -function-inline -globaldce -dce -doublePtrSimplify -doublePtrElim -dce -doublePtrSimplify -promote-dbg-pointer -dce -scalarrepl -dse -adse -instcombine -ptrLegalization -simplifycfg -dce -instcombine -pointer-simplify -ptrArgReplace -dce -instcombine -resolve-double-ptr -scalarrepl -norm-name -dce -mem2reg -instcombine -ptrLegalization -simplifycfg -deadargelim -instcombine -dce -inst-simplify -directive-preproc -mem2reg -dse -dce -globaldce D:/MSDF_2_ZCU/EKF/solution1/.autopilot/db/a.g.1.bc -o D:/MSDF_2_ZCU/EKF/solution1/.autopilot/db/a.g.2.prechk.bc -f 
Command         transform done; 0.179 sec.
INFO-FLOW: Checking Synthesizability 2/2..
Execute         transform -syn-check D:/MSDF_2_ZCU/EKF/solution1/.autopilot/db/a.g.2.prechk.bc -o D:/MSDF_2_ZCU/EKF/solution1/.autopilot/db/a.g.2.bc -f -phase syn-check 
INFO: [HLS 200-111] Finished Checking Synthesizability: CPU user time: 0 seconds. CPU system time: 0 seconds. Elapsed time: 0.2 seconds; current allocated memory: 1.480 GB.
INFO-FLOW: Compiler optimizing ...
INFO-FLOW: Share syncheck's 1.bc for syn flow: copy D:/MSDF_2_ZCU/EKF/solution1/.autopilot/db/a.g.1.bc to D:/MSDF_2_ZCU/EKF/solution1/.autopilot/db/a.o.1.bc
INFO-FLOW: Presyn 1...
Execute         transform -hls -tmp D:/MSDF_2_ZCU/EKF/solution1/.autopilot/db -interface-port-rename -directive-preproc -mem2reg -dse -dce -scalarrepl -norm-name -deadargelim -mem2reg -instcombine -dce -simplifycfg -auto-rom-infer -dce -resource-proc -clib-intrinsic-prepare -dce -func-buffer -dce -pag -array-normalize -func-legal -instcombine -gvn -constprop -dce -simplifycfg -mem2reg -globaldce -resolve-double-ptr -dce -deadargelim -dce -instcombine -ptrArgReplace -mem2reg -dce -array-seg-normalize -deadargelim -instcombine -dce -directive-preproc -mem2reg -dse -dce -pointer-simplify -dce -port-alignment -dce -interface-preproc -data-pack -instcombine -dce -basicaa -aggr-aa -aggrmodref-aa -aggr-aa -gvn -gvn -basicaa -aggr-aa -aggrmodref-aa -aggr-aa -dse -adse -adce -loop-simplify -indvars -instcombine -gvn -loop-simplify -mem2reg -dce -find-region -instcombine -auto-loop-pipeline -inst-simplify -interface-preproc -cfgopt -instcombine -indvars -auto-loop-unroll -loop-simplify -loop-bound -xunroll -constprop -instcombine -simplifycfg -indvars -simplifycfg -dce -globaldce -clean-region -attach-range -gvn -inst-simplify -constprop -simplifycfg -dce -pointer-simplify -dce -globalopt -constprop -dce -array-promote -scalar-auto-dep-elim -constprop -dce -ptrArgReplace -mem2reg -simplifycfg -dce -instcombine -dce -array-transform-check -array-reshape -instcombine -simplifycfg -dce -ptrArgReplace -deadargelim -mem2reg -instcombine -simplifycfg -dce -indvars -loop-simplify -loop-bound -xunroll -constprop -instcombine -simplifycfg -indvars -simplifycfg -dce -globaldce -basicaa -aggr-aa -aggrmodref-aa -aggr-aa -dse -duplicate-dataflow-processes -globaldce -instcombine -array-partition -prepare-dynamic-array-partition -instcombine -simplifycfg -dce -ptrArgReplace -global-constprop -deadargelim -mem2reg -func-legal -dce -global-constprop -deadargelim -mem2reg -simplifycfg -dce -merge-param -deadargelim -globalopt -constprop -dce -array-promote -scalar-auto-dep-elim -constprop -dce -ptrArgReplace -mem2reg -simplifycfg -dce -mem-intrinsic-preproc -dce -global-internalize -global-privatize -mem2reg -globaldce -promote-global-argument -ptrArgReplace -mem2reg -dce -globalopt -mergereturn -simplify-global-access -mem2reg -dce -pointer-simplify -dce -functionattrs -basicaa -aggr-aa -aggrmodref-aa -aggr-aa -gvn -gvn -basicaa -aggr-aa -aggrmodref-aa -aggr-aa -dse -adse -adce -dce -norm-name -basicaa -aggr-aa -aggrmodref-aa -aggr-aa -accesses-merge -function-inline -complex-op-raise -inst-simplify -globaldce -func-legal -dce -loop-bound -arraycheck -bitwidthmin2 -bitwidthmin2 -on-by-dataflow -loop-delete -instcombine -simplifycfg -globaldce -dce -gvn -deadargelim -dce -loop-simplify -clean-region -simplifycfg -propagate-stable-arguments -loop-stream -instcombine -simplifycfg -dce -globaldce -duplicate-dataflow-processes -stream-intrinsic-preproc -dce -check-ap-stream -loop-simplify -eliminate-keepreads -extract-dataflow-in-loop -loop-simplify -dce -gvn -deadargelim -dse -duplicate-dataflow-processes -check-dataflow-syntax -legalize-stream-variable -globaldce -legalize-global -extract-subproc -dce -dead-channel-elimination -canonicalize-gep -globaldce -dce -gvn -hls-dead-arg-elim -deadargelim -directive-preproc -canonicalize-dataflow -dce -globaldce -scalar-preprocessing -scalar-propagation2 -deadargelim -globaldce -mem2reg -check-dataflow-channels -function-stream -dce -globaldce -prop-fifo-spec -internal-stream-gen -canonicalize-gep -globaldce -dce -gvn -deadargelim -mergereturn -indvars -loop-simplify -instcombine -array-stream -array-seg-normalize -array-partition -func-legal -instcombine -simplifycfg -dce -bundle-memfifo-ops -deadargelim -directive-preproc -mem2reg -dse -dce -group-axi-access -licm -simplifycfg -dce -loop-delete -hls-display -norm-name D:/MSDF_2_ZCU/EKF/solution1/.autopilot/db/a.o.1.bc -o D:/MSDF_2_ZCU/EKF/solution1/.autopilot/db/a.o.1.tmp.bc -f 
INFO: [XFORM 203-510] Pipelining loop 'VITIS_LOOP_157_4' (ekf_core.cpp:157) in function 'ekf_batch' automatically.
INFO: [XFORM 203-510] Pipelining loop 'VITIS_LOOP_159_6' (ekf_core.cpp:159) in function 'ekf_batch' automatically.
INFO: [XFORM 203-510] Pipelining loop 'VITIS_LOOP_42_2' (ekf_core.cpp:42) in function 'ekf_batch' automatically.
INFO: [XFORM 203-510] Pipelining loop 'VITIS_LOOP_45_3' (ekf_core.cpp:45) in function 'ekf_batch' automatically.
INFO: [XFORM 203-510] Pipelining loop 'VITIS_LOOP_64_3' (ekf_core.cpp:64) in function 'ekf_batch' automatically.
INFO: [XFORM 203-510] Pipelining loop 'VITIS_LOOP_30_1' (ekf_core.cpp:30) in function 'ekf_batch' automatically.
INFO: [XFORM 203-510] Pipelining loop 'VITIS_LOOP_74_5' (ekf_core.cpp:74) in function 'ekf_batch' automatically.
INFO: [XFORM 203-510] Pipelining loop 'VITIS_LOOP_75_6' (ekf_core.cpp:75) in function 'ekf_batch' automatically.
INFO: [XFORM 203-510] Pipelining loop 'VITIS_LOOP_168_8' (ekf_core.cpp:168) in function 'ekf_batch' automatically.
INFO: [XFORM 203-510] Pipelining loop 'VITIS_LOOP_96_3' (ekf_core.cpp:96) in function 'ekf_batch' automatically.
INFO: [XFORM 203-510] Pipelining loop 'VITIS_LOOP_101_4' (ekf_core.cpp:101) in function 'ekf_batch' automatically.
INFO: [XFORM 203-510] Pipelining loop 'VITIS_LOOP_102_5' (ekf_core.cpp:102) in function 'ekf_batch' automatically.
INFO: [XFORM 203-510] Pipelining loop 'VITIS_LOOP_109_6' (ekf_core.cpp:109) in function 'ekf_batch' automatically.
INFO: [XFORM 203-510] Pipelining loop 'VITIS_LOOP_30_1' (ekf_core.cpp:30) in function 'ekf_batch' automatically.
INFO: [XFORM 203-510] Pipelining loop 'VITIS_LOOP_117_8' (ekf_core.cpp:117) in function 'ekf_batch' automatically.
INFO: [XFORM 203-510] Pipelining loop 'VITIS_LOOP_119_10' (ekf_core.cpp:119) in function 'ekf_batch' automatically.
INFO: [XFORM 203-510] Pipelining loop 'VITIS_LOOP_173_9' (ekf_core.cpp:173) in function 'ekf_batch' automatically.
INFO: [XFORM 203-510] Pipelining loop 'VITIS_LOOP_175_11' (ekf_core.cpp:175) in function 'ekf_batch' automatically.
INFO: [XFORM 203-502] Unrolling all sub-loops inside loop 'VITIS_LOOP_75_6' (ekf_core.cpp:75) in function 'ekf_batch' for pipelining.
INFO: [XFORM 203-502] Unrolling all sub-loops inside loop 'VITIS_LOOP_117_8' (ekf_core.cpp:117) in function 'ekf_batch' for pipelining.
INFO: [XFORM 203-502] Unrolling all sub-loops inside loop 'VITIS_LOOP_119_10' (ekf_core.cpp:119) in function 'ekf_batch' for pipelining.
WARNING: [XFORM 203-561] Updating loop upper bound from 6 to 5 for loop 'VITIS_LOOP_75_6' (ekf_core.cpp:154:26) in function 'ekf_batch'.
WARNING: [XFORM 203-561] Updating loop lower bound from 6 to 5 for loop 'VITIS_LOOP_75_6' (ekf_core.cpp:154:26) in function 'ekf_batch'.
WARNING: [XFORM 203-561] Updating loop upper bound from 6 to 5 for loop 'VITIS_LOOP_119_10' (ekf_core.cpp:154:26) in function 'ekf_batch'.
WARNING: [XFORM 203-561] Updating loop lower bound from 6 to 5 for loop 'VITIS_LOOP_119_10' (ekf_core.cpp:154:26) in function 'ekf_batch'.
WARNING: [HLS 200-932] Cannot unroll loop 'VITIS_LOOP_76_7' (ekf_core.cpp:76) in function 'ekf_batch' completely: variable loop bound.
INFO: [HLS 200-489] Unrolling loop 'VITIS_LOOP_118_9' (ekf_core.cpp:118) in function 'ekf_batch' completely with a factor of 6.
WARNING: [HLS 200-932] Cannot unroll loop 'VITIS_LOOP_120_11' (ekf_core.cpp:120) in function 'ekf_batch' completely: variable loop bound.
Command         transform done; 1.024 sec.
INFO-FLOW: Presyn 2...
Execute         transform -hls -keep-callgraph -scalarrepl -mem2reg -port-alignment -attach-range -dce -pipe-mux-gen -indvars -loop-bound -inst-simplify -instcombine -dce -merge-array-access -mem2reg -dce -clean-region -mergereturn -if-conv -instcombine -dce -constprop -basicaa -aggr-aa -aggrmodref-aa -aggr-aa -gvn -gvn -basicaa -aggr-aa -aggrmodref-aa -aggr-aa -dse -adse -adce -scalarrepl -mem2reg -global-constprop -deadargelim -deadargelim -instcombine -dce -simplifycfg -ptrArgReplace -mem2reg -function-inline -globaldce -mem2reg -instcombine -dce -expr-balance -instcombine -dce -bitwidthmin2 -bitwidthmin2 -interface-preproc -directive-preproc -inst-rectify -instcombine -dce -functionattrs -constprop -instcombine -bit-constprop -simplify-global-access -globalopt -globaldce -inst-simplify -instcombine -elimdeaddata -dce -loop-delete -simplifycfg -loop-simplify -barrier -norm-name D:/MSDF_2_ZCU/EKF/solution1/.autopilot/db/a.o.1.tmp.bc -o D:/MSDF_2_ZCU/EKF/solution1/.autopilot/db/a.o.2.bc -f -phase presyn 
Command         transform done; 0.311 sec.
INFO: [HLS 200-111] Finished Loop, function and other optimizations: CPU user time: 1 seconds. CPU system time: 0 seconds. Elapsed time: 1.337 seconds; current allocated memory: 1.519 GB.
INFO-FLOW: Building ssdm...
Execute         transform -hls -auto-function-inline -globaldce -ptrArgReplace -mem2reg -dce -reset-lda -loop-simplify -indvars -aggr-aa -licm -loop-dep -loop-bound -licm -loop-simplify -loop-sink-hoist -flattenloopnest -array-flatten -gvn -instcombine -dce -array-map -dce -func-legal -gvn -adce -instcombine -cfgopt -simplifycfg-lite -loop-simplify -array-burst -promote-global-argument -dce -array-seg-normalize -basicaa -aggrmodref-aa -globalsmodref-aa -aggr-aa -gvn -gvn -basicaa -aggrmodref-aa -globalsmodref-aa -aggr-aa -dse -adse -adce -licm -inst-simplify -dce -globaldce -instcombine -array-stream -eliminate-keepreads -instcombine -dce -deadargelim -doublePtrSimplify -doublePtrElim -dce -doublePtrSimplify -promote-dbg-pointer -dce -scalarrepl -mem2reg -norm-name -mem2reg -instcombine -dse -adse -adce -ptrLegalization -dce -auto-rom-infer -array-flatten -dce -instcombine -check-doubleptr -loop-rot -constprop -cfgopt -simplifycfg-lite -loop-simplify -indvars -pointer-simplify -dce -loop-bound -loop-simplify -loop-preproc -constprop -global-constprop -gvn -mem2reg -instcombine -dce -loop-bound -loop-merge -dce -deadargelim -dce -canonicalize-dataflow -dce -deadargelim -globaldce -mem2reg -bram-byte-enable -load-elim -read-loop-dep -loop-simplify -loop-extract-inner -directive-preproc -bitwidthmin2 -bitwidthmin2 -read-loop-dep -interface-preproc -directive-preproc -interface-gen -bram-byte-enable-spec-prop -deadargelim -inst-simplify -dce -gvn -mem2reg -instcombine -dce -adse -loop-bound -instcombine -cfgopt -simplifycfg-lite -loop-simplify -clean-region -io-protocol -find-region -mem2reg -bitop-raise -complex-op-raise -inst-simplify -inst-rectify -instcombine -adce -deadargelim -float-op-raise -loop-simplify -phi-opt -bitop-raise -cfgopt -simplifycfg-lite -strip-dead-prototypes -interface-lower -bitop-lower -intrinsic-lower -auto-function-inline -basicaa -aggrmodref-aa -globalsmodref-aa -aggr-aa -inst-simplify -simplifycfg-lite -loop-simplify -mergereturn -inst-simplify -inst-rectify -globaldce -dce -load-elim -bitop-lower -float-op-raise -fma-raise -loop-rewind -pointer-simplify -dce -cfgopt -dce -loop-bound -loop-dep -read-loop-dep -dce -dyn-mem-reuse -dce -recurrence-min -dce -share-scalar-alloca -deadargelim -dce -check-stream -norm-name -legalize -validate-dataflow -inst-clarity -bitwidth -dce -dump-loop-dep-to-ir -check-all-ssdm -dump-complexity-metric -cdfg-build D:/MSDF_2_ZCU/EKF/solution1/.autopilot/db/a.o.2.bc -o D:/MSDF_2_ZCU/EKF/solution1/.autopilot/db/a.o.3.bc -f -phase build-ssdm 
INFO: [XFORM 203-541] Flattening a loop nest 'VITIS_LOOP_158_5' (ekf_core.cpp:158:31) in function 'ekf_batch'.
INFO: [XFORM 203-541] Flattening a loop nest 'VITIS_LOOP_41_1' (ekf_core.cpp:41:22) in function 'ekf_batch'.
INFO: [XFORM 203-541] Flattening a loop nest 'VITIS_LOOP_17_1' (ekf_core.cpp:17:19) in function 'ekf_batch'.
INFO: [XFORM 203-541] Flattening a loop nest 'VITIS_LOOP_17_1' (ekf_core.cpp:17:19) in function 'ekf_batch'.
INFO: [XFORM 203-541] Flattening a loop nest 'VITIS_LOOP_73_4' (ekf_core.cpp:73:22) in function 'ekf_batch'.
WARNING: [HLS 200-960] Cannot flatten loop 'VITIS_LOOP_75_6' (ekf_core.cpp:75:22) in function 'ekf_batch' the outer loop is not a perfect loop.
INFO: [XFORM 203-541] Flattening a loop nest 'VITIS_LOOP_17_1' (ekf_core.cpp:17:19) in function 'ekf_batch'.
INFO: [XFORM 203-541] Flattening a loop nest 'VITIS_LOOP_17_1' (ekf_core.cpp:17:19) in function 'ekf_batch'.
WARNING: [HLS 200-960] Cannot flatten loop 'VITIS_LOOP_119_10' (ekf_core.cpp:119:24) in function 'ekf_batch' the outer loop is not a perfect loop.
WARNING: [HLS 200-960] Cannot flatten loop 'VITIS_LOOP_164_7' (ekf_core.cpp:164:31) in function 'ekf_batch' more than one sub loop.
INFO: [XFORM 203-541] Flattening a loop nest 'VITIS_LOOP_174_10' (ekf_core.cpp:174:32) in function 'ekf_batch'.
WARNING: [HLS 200-960] Cannot flatten loop 'VITIS_LOOP_138_1' (ekf_core.cpp:138:20) in function 'ekf_batch' more than one sub loop.
Execute           auto_get_db
Command         transform done; 0.856 sec.
INFO: [HLS 200-111] Finished Architecture Synthesis: CPU user time: 1 seconds. CPU system time: 0 seconds. Elapsed time: 0.856 seconds; current allocated memory: 1.733 GB.
INFO-FLOW: Finish building internal data model.
Command       opt_and_import_c done; 2.671 sec.
Command     elaborate done; 5.912 sec.
Execute     ap_eval exec zip -j D:/MSDF_2_ZCU/EKF/solution1/.autopilot/db/dut.hcp $dbDir/a.o.3.bc $dbDir/${topname}.rtl_wrap.cfg.tcl $dbDir/apatb_${topname}.cpp $dbDir/apatb_${topname}_util.cpp $dbDir/apatb_${topname}_ir.ll $dbDir/mapper_${topname}.cpp $dbDir/top-io-fe.xml $dbDir/kernel.internal.xml $workdir/../hls.app 
Command     ap_eval done; 1.212 sec.
Execute     autosyn -from_csynth_design=1 
INFO: [HLS 200-10] Starting hardware synthesis ...
INFO-FLOW: Synthesizing C/C++ design ...
INFO: [HLS 200-10] Synthesizing 'ekf_batch' ...
Execute       ap_set_top_model ekf_batch 
Execute       get_model_list ekf_batch -filter all-wo-channel -topdown 
Execute       preproc_iomode -model ekf_batch 
Execute       preproc_iomode -model ekf_batch_Pipeline_VITIS_LOOP_176_12 
Execute       preproc_iomode -model ekf_batch_Pipeline_VITIS_LOOP_174_10_VITIS_LOOP_175_11 
Execute       preproc_iomode -model ekf_batch_Pipeline_VITIS_LOOP_173_9 
Execute       preproc_iomode -model ekf_batch_Pipeline_VITIS_LOOP_117_8 
Execute       preproc_iomode -model ekf_batch_Pipeline_VITIS_LOOP_17_1_VITIS_LOOP_18_24 
Execute       preproc_iomode -model ekf_batch_Pipeline_VITIS_LOOP_30_13 
Execute       preproc_iomode -model ekf_batch_Pipeline_VITIS_LOOP_17_1_VITIS_LOOP_18_22 
Execute       preproc_iomode -model ekf_batch_Pipeline_VITIS_LOOP_109_6 
Execute       preproc_iomode -model ekf_batch_Pipeline_VITIS_LOOP_102_5 
Execute       preproc_iomode -model ekf_batch_Pipeline_VITIS_LOOP_101_4 
Execute       preproc_iomode -model ekf_batch_Pipeline_VITIS_LOOP_96_3 
Execute       preproc_iomode -model ekf_batch_Pipeline_VITIS_LOOP_89_1 
Execute       preproc_iomode -model ekf_batch_Pipeline_VITIS_LOOP_168_8 
Execute       preproc_iomode -model ekf_batch_Pipeline_VITIS_LOOP_73_4_VITIS_LOOP_74_5 
Execute       preproc_iomode -model ekf_batch_Pipeline_VITIS_LOOP_17_1_VITIS_LOOP_18_21 
Execute       preproc_iomode -model ekf_batch_Pipeline_VITIS_LOOP_30_1 
Execute       preproc_iomode -model ekf_batch_Pipeline_VITIS_LOOP_17_1_VITIS_LOOP_18_2 
Execute       preproc_iomode -model ekf_batch_Pipeline_VITIS_LOOP_64_3 
Execute       preproc_iomode -model ekf_batch_Pipeline_VITIS_LOOP_58_1 
Execute       preproc_iomode -model ekf_batch_Pipeline_VITIS_LOOP_45_3 
Execute       preproc_iomode -model ekf_batch_Pipeline_VITIS_LOOP_41_1_VITIS_LOOP_42_2 
Execute       preproc_iomode -model ekf_batch_Pipeline_VITIS_LOOP_158_5_VITIS_LOOP_159_6 
Execute       preproc_iomode -model ekf_batch_Pipeline_VITIS_LOOP_157_4 
Execute       preproc_iomode -model ekf_batch_Pipeline_VITIS_LOOP_148_3 
Execute       get_model_list ekf_batch -filter all-wo-channel 
INFO-FLOW: Model list for configure: ekf_batch_Pipeline_VITIS_LOOP_148_3 ekf_batch_Pipeline_VITIS_LOOP_157_4 ekf_batch_Pipeline_VITIS_LOOP_158_5_VITIS_LOOP_159_6 ekf_batch_Pipeline_VITIS_LOOP_41_1_VITIS_LOOP_42_2 ekf_batch_Pipeline_VITIS_LOOP_45_3 ekf_batch_Pipeline_VITIS_LOOP_58_1 ekf_batch_Pipeline_VITIS_LOOP_64_3 ekf_batch_Pipeline_VITIS_LOOP_17_1_VITIS_LOOP_18_2 ekf_batch_Pipeline_VITIS_LOOP_30_1 ekf_batch_Pipeline_VITIS_LOOP_17_1_VITIS_LOOP_18_21 ekf_batch_Pipeline_VITIS_LOOP_73_4_VITIS_LOOP_74_5 ekf_batch_Pipeline_VITIS_LOOP_168_8 ekf_batch_Pipeline_VITIS_LOOP_89_1 ekf_batch_Pipeline_VITIS_LOOP_96_3 ekf_batch_Pipeline_VITIS_LOOP_101_4 ekf_batch_Pipeline_VITIS_LOOP_102_5 ekf_batch_Pipeline_VITIS_LOOP_109_6 ekf_batch_Pipeline_VITIS_LOOP_17_1_VITIS_LOOP_18_22 ekf_batch_Pipeline_VITIS_LOOP_30_13 ekf_batch_Pipeline_VITIS_LOOP_17_1_VITIS_LOOP_18_24 ekf_batch_Pipeline_VITIS_LOOP_117_8 ekf_batch_Pipeline_VITIS_LOOP_173_9 ekf_batch_Pipeline_VITIS_LOOP_174_10_VITIS_LOOP_175_11 ekf_batch_Pipeline_VITIS_LOOP_176_12 ekf_batch
INFO-FLOW: Configuring Module : ekf_batch_Pipeline_VITIS_LOOP_148_3 ...
Execute       set_default_model ekf_batch_Pipeline_VITIS_LOOP_148_3 
Execute       apply_spec_resource_limit ekf_batch_Pipeline_VITIS_LOOP_148_3 
INFO-FLOW: Configuring Module : ekf_batch_Pipeline_VITIS_LOOP_157_4 ...
Execute       set_default_model ekf_batch_Pipeline_VITIS_LOOP_157_4 
Execute       apply_spec_resource_limit ekf_batch_Pipeline_VITIS_LOOP_157_4 
INFO-FLOW: Configuring Module : ekf_batch_Pipeline_VITIS_LOOP_158_5_VITIS_LOOP_159_6 ...
Execute       set_default_model ekf_batch_Pipeline_VITIS_LOOP_158_5_VITIS_LOOP_159_6 
Execute       apply_spec_resource_limit ekf_batch_Pipeline_VITIS_LOOP_158_5_VITIS_LOOP_159_6 
INFO-FLOW: Configuring Module : ekf_batch_Pipeline_VITIS_LOOP_41_1_VITIS_LOOP_42_2 ...
Execute       set_default_model ekf_batch_Pipeline_VITIS_LOOP_41_1_VITIS_LOOP_42_2 
Execute       apply_spec_resource_limit ekf_batch_Pipeline_VITIS_LOOP_41_1_VITIS_LOOP_42_2 
INFO-FLOW: Configuring Module : ekf_batch_Pipeline_VITIS_LOOP_45_3 ...
Execute       set_default_model ekf_batch_Pipeline_VITIS_LOOP_45_3 
Execute       apply_spec_resource_limit ekf_batch_Pipeline_VITIS_LOOP_45_3 
INFO-FLOW: Configuring Module : ekf_batch_Pipeline_VITIS_LOOP_58_1 ...
Execute       set_default_model ekf_batch_Pipeline_VITIS_LOOP_58_1 
Execute       apply_spec_resource_limit ekf_batch_Pipeline_VITIS_LOOP_58_1 
INFO-FLOW: Configuring Module : ekf_batch_Pipeline_VITIS_LOOP_64_3 ...
Execute       set_default_model ekf_batch_Pipeline_VITIS_LOOP_64_3 
Execute       apply_spec_resource_limit ekf_batch_Pipeline_VITIS_LOOP_64_3 
INFO-FLOW: Configuring Module : ekf_batch_Pipeline_VITIS_LOOP_17_1_VITIS_LOOP_18_2 ...
Execute       set_default_model ekf_batch_Pipeline_VITIS_LOOP_17_1_VITIS_LOOP_18_2 
Execute       apply_spec_resource_limit ekf_batch_Pipeline_VITIS_LOOP_17_1_VITIS_LOOP_18_2 
INFO-FLOW: Configuring Module : ekf_batch_Pipeline_VITIS_LOOP_30_1 ...
Execute       set_default_model ekf_batch_Pipeline_VITIS_LOOP_30_1 
Execute       apply_spec_resource_limit ekf_batch_Pipeline_VITIS_LOOP_30_1 
INFO-FLOW: Configuring Module : ekf_batch_Pipeline_VITIS_LOOP_17_1_VITIS_LOOP_18_21 ...
Execute       set_default_model ekf_batch_Pipeline_VITIS_LOOP_17_1_VITIS_LOOP_18_21 
Execute       apply_spec_resource_limit ekf_batch_Pipeline_VITIS_LOOP_17_1_VITIS_LOOP_18_21 
INFO-FLOW: Configuring Module : ekf_batch_Pipeline_VITIS_LOOP_73_4_VITIS_LOOP_74_5 ...
Execute       set_default_model ekf_batch_Pipeline_VITIS_LOOP_73_4_VITIS_LOOP_74_5 
Execute       apply_spec_resource_limit ekf_batch_Pipeline_VITIS_LOOP_73_4_VITIS_LOOP_74_5 
INFO-FLOW: Configuring Module : ekf_batch_Pipeline_VITIS_LOOP_168_8 ...
Execute       set_default_model ekf_batch_Pipeline_VITIS_LOOP_168_8 
Execute       apply_spec_resource_limit ekf_batch_Pipeline_VITIS_LOOP_168_8 
INFO-FLOW: Configuring Module : ekf_batch_Pipeline_VITIS_LOOP_89_1 ...
Execute       set_default_model ekf_batch_Pipeline_VITIS_LOOP_89_1 
Execute       apply_spec_resource_limit ekf_batch_Pipeline_VITIS_LOOP_89_1 
INFO-FLOW: Configuring Module : ekf_batch_Pipeline_VITIS_LOOP_96_3 ...
Execute       set_default_model ekf_batch_Pipeline_VITIS_LOOP_96_3 
Execute       apply_spec_resource_limit ekf_batch_Pipeline_VITIS_LOOP_96_3 
INFO-FLOW: Configuring Module : ekf_batch_Pipeline_VITIS_LOOP_101_4 ...
Execute       set_default_model ekf_batch_Pipeline_VITIS_LOOP_101_4 
Execute       apply_spec_resource_limit ekf_batch_Pipeline_VITIS_LOOP_101_4 
INFO-FLOW: Configuring Module : ekf_batch_Pipeline_VITIS_LOOP_102_5 ...
Execute       set_default_model ekf_batch_Pipeline_VITIS_LOOP_102_5 
Execute       apply_spec_resource_limit ekf_batch_Pipeline_VITIS_LOOP_102_5 
INFO-FLOW: Configuring Module : ekf_batch_Pipeline_VITIS_LOOP_109_6 ...
Execute       set_default_model ekf_batch_Pipeline_VITIS_LOOP_109_6 
Execute       apply_spec_resource_limit ekf_batch_Pipeline_VITIS_LOOP_109_6 
INFO-FLOW: Configuring Module : ekf_batch_Pipeline_VITIS_LOOP_17_1_VITIS_LOOP_18_22 ...
Execute       set_default_model ekf_batch_Pipeline_VITIS_LOOP_17_1_VITIS_LOOP_18_22 
Execute       apply_spec_resource_limit ekf_batch_Pipeline_VITIS_LOOP_17_1_VITIS_LOOP_18_22 
INFO-FLOW: Configuring Module : ekf_batch_Pipeline_VITIS_LOOP_30_13 ...
Execute       set_default_model ekf_batch_Pipeline_VITIS_LOOP_30_13 
Execute       apply_spec_resource_limit ekf_batch_Pipeline_VITIS_LOOP_30_13 
INFO-FLOW: Configuring Module : ekf_batch_Pipeline_VITIS_LOOP_17_1_VITIS_LOOP_18_24 ...
Execute       set_default_model ekf_batch_Pipeline_VITIS_LOOP_17_1_VITIS_LOOP_18_24 
Execute       apply_spec_resource_limit ekf_batch_Pipeline_VITIS_LOOP_17_1_VITIS_LOOP_18_24 
INFO-FLOW: Configuring Module : ekf_batch_Pipeline_VITIS_LOOP_117_8 ...
Execute       set_default_model ekf_batch_Pipeline_VITIS_LOOP_117_8 
Execute       apply_spec_resource_limit ekf_batch_Pipeline_VITIS_LOOP_117_8 
INFO-FLOW: Configuring Module : ekf_batch_Pipeline_VITIS_LOOP_173_9 ...
Execute       set_default_model ekf_batch_Pipeline_VITIS_LOOP_173_9 
Execute       apply_spec_resource_limit ekf_batch_Pipeline_VITIS_LOOP_173_9 
INFO-FLOW: Configuring Module : ekf_batch_Pipeline_VITIS_LOOP_174_10_VITIS_LOOP_175_11 ...
Execute       set_default_model ekf_batch_Pipeline_VITIS_LOOP_174_10_VITIS_LOOP_175_11 
Execute       apply_spec_resource_limit ekf_batch_Pipeline_VITIS_LOOP_174_10_VITIS_LOOP_175_11 
INFO-FLOW: Configuring Module : ekf_batch_Pipeline_VITIS_LOOP_176_12 ...
Execute       set_default_model ekf_batch_Pipeline_VITIS_LOOP_176_12 
Execute       apply_spec_resource_limit ekf_batch_Pipeline_VITIS_LOOP_176_12 
INFO-FLOW: Configuring Module : ekf_batch ...
Execute       set_default_model ekf_batch 
Execute       apply_spec_resource_limit ekf_batch 
INFO-FLOW: Model list for preprocess: ekf_batch_Pipeline_VITIS_LOOP_148_3 ekf_batch_Pipeline_VITIS_LOOP_157_4 ekf_batch_Pipeline_VITIS_LOOP_158_5_VITIS_LOOP_159_6 ekf_batch_Pipeline_VITIS_LOOP_41_1_VITIS_LOOP_42_2 ekf_batch_Pipeline_VITIS_LOOP_45_3 ekf_batch_Pipeline_VITIS_LOOP_58_1 ekf_batch_Pipeline_VITIS_LOOP_64_3 ekf_batch_Pipeline_VITIS_LOOP_17_1_VITIS_LOOP_18_2 ekf_batch_Pipeline_VITIS_LOOP_30_1 ekf_batch_Pipeline_VITIS_LOOP_17_1_VITIS_LOOP_18_21 ekf_batch_Pipeline_VITIS_LOOP_73_4_VITIS_LOOP_74_5 ekf_batch_Pipeline_VITIS_LOOP_168_8 ekf_batch_Pipeline_VITIS_LOOP_89_1 ekf_batch_Pipeline_VITIS_LOOP_96_3 ekf_batch_Pipeline_VITIS_LOOP_101_4 ekf_batch_Pipeline_VITIS_LOOP_102_5 ekf_batch_Pipeline_VITIS_LOOP_109_6 ekf_batch_Pipeline_VITIS_LOOP_17_1_VITIS_LOOP_18_22 ekf_batch_Pipeline_VITIS_LOOP_30_13 ekf_batch_Pipeline_VITIS_LOOP_17_1_VITIS_LOOP_18_24 ekf_batch_Pipeline_VITIS_LOOP_117_8 ekf_batch_Pipeline_VITIS_LOOP_173_9 ekf_batch_Pipeline_VITIS_LOOP_174_10_VITIS_LOOP_175_11 ekf_batch_Pipeline_VITIS_LOOP_176_12 ekf_batch
INFO-FLOW: Preprocessing Module: ekf_batch_Pipeline_VITIS_LOOP_148_3 ...
Execute       set_default_model ekf_batch_Pipeline_VITIS_LOOP_148_3 
Execute       cdfg_preprocess -model ekf_batch_Pipeline_VITIS_LOOP_148_3 
Execute       rtl_gen_preprocess ekf_batch_Pipeline_VITIS_LOOP_148_3 
INFO-FLOW: Preprocessing Module: ekf_batch_Pipeline_VITIS_LOOP_157_4 ...
Execute       set_default_model ekf_batch_Pipeline_VITIS_LOOP_157_4 
Execute       cdfg_preprocess -model ekf_batch_Pipeline_VITIS_LOOP_157_4 
Execute       rtl_gen_preprocess ekf_batch_Pipeline_VITIS_LOOP_157_4 
INFO-FLOW: Preprocessing Module: ekf_batch_Pipeline_VITIS_LOOP_158_5_VITIS_LOOP_159_6 ...
Execute       set_default_model ekf_batch_Pipeline_VITIS_LOOP_158_5_VITIS_LOOP_159_6 
Execute       cdfg_preprocess -model ekf_batch_Pipeline_VITIS_LOOP_158_5_VITIS_LOOP_159_6 
Execute       rtl_gen_preprocess ekf_batch_Pipeline_VITIS_LOOP_158_5_VITIS_LOOP_159_6 
INFO-FLOW: Preprocessing Module: ekf_batch_Pipeline_VITIS_LOOP_41_1_VITIS_LOOP_42_2 ...
Execute       set_default_model ekf_batch_Pipeline_VITIS_LOOP_41_1_VITIS_LOOP_42_2 
Execute       cdfg_preprocess -model ekf_batch_Pipeline_VITIS_LOOP_41_1_VITIS_LOOP_42_2 
Execute       rtl_gen_preprocess ekf_batch_Pipeline_VITIS_LOOP_41_1_VITIS_LOOP_42_2 
INFO-FLOW: Preprocessing Module: ekf_batch_Pipeline_VITIS_LOOP_45_3 ...
Execute       set_default_model ekf_batch_Pipeline_VITIS_LOOP_45_3 
Execute       cdfg_preprocess -model ekf_batch_Pipeline_VITIS_LOOP_45_3 
Execute       rtl_gen_preprocess ekf_batch_Pipeline_VITIS_LOOP_45_3 
INFO-FLOW: Preprocessing Module: ekf_batch_Pipeline_VITIS_LOOP_58_1 ...
Execute       set_default_model ekf_batch_Pipeline_VITIS_LOOP_58_1 
Execute       cdfg_preprocess -model ekf_batch_Pipeline_VITIS_LOOP_58_1 
Execute       rtl_gen_preprocess ekf_batch_Pipeline_VITIS_LOOP_58_1 
INFO-FLOW: Preprocessing Module: ekf_batch_Pipeline_VITIS_LOOP_64_3 ...
Execute       set_default_model ekf_batch_Pipeline_VITIS_LOOP_64_3 
Execute       cdfg_preprocess -model ekf_batch_Pipeline_VITIS_LOOP_64_3 
Execute       rtl_gen_preprocess ekf_batch_Pipeline_VITIS_LOOP_64_3 
INFO-FLOW: Preprocessing Module: ekf_batch_Pipeline_VITIS_LOOP_17_1_VITIS_LOOP_18_2 ...
Execute       set_default_model ekf_batch_Pipeline_VITIS_LOOP_17_1_VITIS_LOOP_18_2 
Execute       cdfg_preprocess -model ekf_batch_Pipeline_VITIS_LOOP_17_1_VITIS_LOOP_18_2 
Execute       rtl_gen_preprocess ekf_batch_Pipeline_VITIS_LOOP_17_1_VITIS_LOOP_18_2 
INFO-FLOW: Preprocessing Module: ekf_batch_Pipeline_VITIS_LOOP_30_1 ...
Execute       set_default_model ekf_batch_Pipeline_VITIS_LOOP_30_1 
Execute       cdfg_preprocess -model ekf_batch_Pipeline_VITIS_LOOP_30_1 
Execute       rtl_gen_preprocess ekf_batch_Pipeline_VITIS_LOOP_30_1 
INFO-FLOW: Preprocessing Module: ekf_batch_Pipeline_VITIS_LOOP_17_1_VITIS_LOOP_18_21 ...
Execute       set_default_model ekf_batch_Pipeline_VITIS_LOOP_17_1_VITIS_LOOP_18_21 
Execute       cdfg_preprocess -model ekf_batch_Pipeline_VITIS_LOOP_17_1_VITIS_LOOP_18_21 
Execute       rtl_gen_preprocess ekf_batch_Pipeline_VITIS_LOOP_17_1_VITIS_LOOP_18_21 
INFO-FLOW: Preprocessing Module: ekf_batch_Pipeline_VITIS_LOOP_73_4_VITIS_LOOP_74_5 ...
Execute       set_default_model ekf_batch_Pipeline_VITIS_LOOP_73_4_VITIS_LOOP_74_5 
Execute       cdfg_preprocess -model ekf_batch_Pipeline_VITIS_LOOP_73_4_VITIS_LOOP_74_5 
Execute       rtl_gen_preprocess ekf_batch_Pipeline_VITIS_LOOP_73_4_VITIS_LOOP_74_5 
INFO-FLOW: Preprocessing Module: ekf_batch_Pipeline_VITIS_LOOP_168_8 ...
Execute       set_default_model ekf_batch_Pipeline_VITIS_LOOP_168_8 
Execute       cdfg_preprocess -model ekf_batch_Pipeline_VITIS_LOOP_168_8 
Execute       rtl_gen_preprocess ekf_batch_Pipeline_VITIS_LOOP_168_8 
INFO-FLOW: Preprocessing Module: ekf_batch_Pipeline_VITIS_LOOP_89_1 ...
Execute       set_default_model ekf_batch_Pipeline_VITIS_LOOP_89_1 
Execute       cdfg_preprocess -model ekf_batch_Pipeline_VITIS_LOOP_89_1 
Execute       rtl_gen_preprocess ekf_batch_Pipeline_VITIS_LOOP_89_1 
INFO-FLOW: Preprocessing Module: ekf_batch_Pipeline_VITIS_LOOP_96_3 ...
Execute       set_default_model ekf_batch_Pipeline_VITIS_LOOP_96_3 
Execute       cdfg_preprocess -model ekf_batch_Pipeline_VITIS_LOOP_96_3 
Execute       rtl_gen_preprocess ekf_batch_Pipeline_VITIS_LOOP_96_3 
INFO-FLOW: Preprocessing Module: ekf_batch_Pipeline_VITIS_LOOP_101_4 ...
Execute       set_default_model ekf_batch_Pipeline_VITIS_LOOP_101_4 
Execute       cdfg_preprocess -model ekf_batch_Pipeline_VITIS_LOOP_101_4 
Execute       rtl_gen_preprocess ekf_batch_Pipeline_VITIS_LOOP_101_4 
INFO-FLOW: Preprocessing Module: ekf_batch_Pipeline_VITIS_LOOP_102_5 ...
Execute       set_default_model ekf_batch_Pipeline_VITIS_LOOP_102_5 
Execute       cdfg_preprocess -model ekf_batch_Pipeline_VITIS_LOOP_102_5 
Execute       rtl_gen_preprocess ekf_batch_Pipeline_VITIS_LOOP_102_5 
INFO-FLOW: Preprocessing Module: ekf_batch_Pipeline_VITIS_LOOP_109_6 ...
Execute       set_default_model ekf_batch_Pipeline_VITIS_LOOP_109_6 
Execute       cdfg_preprocess -model ekf_batch_Pipeline_VITIS_LOOP_109_6 
Execute       rtl_gen_preprocess ekf_batch_Pipeline_VITIS_LOOP_109_6 
INFO-FLOW: Preprocessing Module: ekf_batch_Pipeline_VITIS_LOOP_17_1_VITIS_LOOP_18_22 ...
Execute       set_default_model ekf_batch_Pipeline_VITIS_LOOP_17_1_VITIS_LOOP_18_22 
Execute       cdfg_preprocess -model ekf_batch_Pipeline_VITIS_LOOP_17_1_VITIS_LOOP_18_22 
Execute       rtl_gen_preprocess ekf_batch_Pipeline_VITIS_LOOP_17_1_VITIS_LOOP_18_22 
INFO-FLOW: Preprocessing Module: ekf_batch_Pipeline_VITIS_LOOP_30_13 ...
Execute       set_default_model ekf_batch_Pipeline_VITIS_LOOP_30_13 
Execute       cdfg_preprocess -model ekf_batch_Pipeline_VITIS_LOOP_30_13 
Execute       rtl_gen_preprocess ekf_batch_Pipeline_VITIS_LOOP_30_13 
INFO-FLOW: Preprocessing Module: ekf_batch_Pipeline_VITIS_LOOP_17_1_VITIS_LOOP_18_24 ...
Execute       set_default_model ekf_batch_Pipeline_VITIS_LOOP_17_1_VITIS_LOOP_18_24 
Execute       cdfg_preprocess -model ekf_batch_Pipeline_VITIS_LOOP_17_1_VITIS_LOOP_18_24 
Execute       rtl_gen_preprocess ekf_batch_Pipeline_VITIS_LOOP_17_1_VITIS_LOOP_18_24 
INFO-FLOW: Preprocessing Module: ekf_batch_Pipeline_VITIS_LOOP_117_8 ...
Execute       set_default_model ekf_batch_Pipeline_VITIS_LOOP_117_8 
Execute       cdfg_preprocess -model ekf_batch_Pipeline_VITIS_LOOP_117_8 
Execute       rtl_gen_preprocess ekf_batch_Pipeline_VITIS_LOOP_117_8 
INFO-FLOW: Preprocessing Module: ekf_batch_Pipeline_VITIS_LOOP_173_9 ...
Execute       set_default_model ekf_batch_Pipeline_VITIS_LOOP_173_9 
Execute       cdfg_preprocess -model ekf_batch_Pipeline_VITIS_LOOP_173_9 
Execute       rtl_gen_preprocess ekf_batch_Pipeline_VITIS_LOOP_173_9 
INFO-FLOW: Preprocessing Module: ekf_batch_Pipeline_VITIS_LOOP_174_10_VITIS_LOOP_175_11 ...
Execute       set_default_model ekf_batch_Pipeline_VITIS_LOOP_174_10_VITIS_LOOP_175_11 
Execute       cdfg_preprocess -model ekf_batch_Pipeline_VITIS_LOOP_174_10_VITIS_LOOP_175_11 
Execute       rtl_gen_preprocess ekf_batch_Pipeline_VITIS_LOOP_174_10_VITIS_LOOP_175_11 
INFO-FLOW: Preprocessing Module: ekf_batch_Pipeline_VITIS_LOOP_176_12 ...
Execute       set_default_model ekf_batch_Pipeline_VITIS_LOOP_176_12 
Execute       cdfg_preprocess -model ekf_batch_Pipeline_VITIS_LOOP_176_12 
Execute       rtl_gen_preprocess ekf_batch_Pipeline_VITIS_LOOP_176_12 
INFO-FLOW: Preprocessing Module: ekf_batch ...
Execute       set_default_model ekf_batch 
Execute       cdfg_preprocess -model ekf_batch 
Execute       rtl_gen_preprocess ekf_batch 
INFO-FLOW: Model list for synthesis: ekf_batch_Pipeline_VITIS_LOOP_148_3 ekf_batch_Pipeline_VITIS_LOOP_157_4 ekf_batch_Pipeline_VITIS_LOOP_158_5_VITIS_LOOP_159_6 ekf_batch_Pipeline_VITIS_LOOP_41_1_VITIS_LOOP_42_2 ekf_batch_Pipeline_VITIS_LOOP_45_3 ekf_batch_Pipeline_VITIS_LOOP_58_1 ekf_batch_Pipeline_VITIS_LOOP_64_3 ekf_batch_Pipeline_VITIS_LOOP_17_1_VITIS_LOOP_18_2 ekf_batch_Pipeline_VITIS_LOOP_30_1 ekf_batch_Pipeline_VITIS_LOOP_17_1_VITIS_LOOP_18_21 ekf_batch_Pipeline_VITIS_LOOP_73_4_VITIS_LOOP_74_5 ekf_batch_Pipeline_VITIS_LOOP_168_8 ekf_batch_Pipeline_VITIS_LOOP_89_1 ekf_batch_Pipeline_VITIS_LOOP_96_3 ekf_batch_Pipeline_VITIS_LOOP_101_4 ekf_batch_Pipeline_VITIS_LOOP_102_5 ekf_batch_Pipeline_VITIS_LOOP_109_6 ekf_batch_Pipeline_VITIS_LOOP_17_1_VITIS_LOOP_18_22 ekf_batch_Pipeline_VITIS_LOOP_30_13 ekf_batch_Pipeline_VITIS_LOOP_17_1_VITIS_LOOP_18_24 ekf_batch_Pipeline_VITIS_LOOP_117_8 ekf_batch_Pipeline_VITIS_LOOP_173_9 ekf_batch_Pipeline_VITIS_LOOP_174_10_VITIS_LOOP_175_11 ekf_batch_Pipeline_VITIS_LOOP_176_12 ekf_batch
INFO: [HLS 200-10] ----------------------------------------------------------------
INFO: [HLS 200-42] -- Implementing module 'ekf_batch_Pipeline_VITIS_LOOP_148_3' 
INFO: [HLS 200-10] ----------------------------------------------------------------
Execute       set_default_model ekf_batch_Pipeline_VITIS_LOOP_148_3 
Execute       schedule -model ekf_batch_Pipeline_VITIS_LOOP_148_3 
INFO: [SCHED 204-11] Starting scheduling ...
INFO: [SCHED 204-61] Pipelining loop 'VITIS_LOOP_148_3'.
INFO: [HLS 200-1470] Pipelining result : Target II = 1, Final II = 1, Depth = 3, loop 'VITIS_LOOP_148_3'
INFO: [SCHED 204-11] Finished scheduling.
INFO: [HLS 200-111] Finished Scheduling: CPU user time: 0 seconds. CPU system time: 0 seconds. Elapsed time: 1.441 seconds; current allocated memory: 1.739 GB.
Execute       syn_report -verbosereport -o D:/MSDF_2_ZCU/EKF/solution1/.autopilot/db/ekf_batch_Pipeline_VITIS_LOOP_148_3.verbose.sched.rpt 
Execute         list_part -family xczu9eg-ffvb1156-2-e 
Execute           ap_family_info -name xczu9eg-ffvb1156-2-e -data names 
Execute           ap_part_info -quiet -name xczu9eg-ffvb1156-2-e -data family 
Execute       db_write -o D:/MSDF_2_ZCU/EKF/solution1/.autopilot/db/ekf_batch_Pipeline_VITIS_LOOP_148_3.sched.adb -f 
INFO-FLOW: Finish scheduling ekf_batch_Pipeline_VITIS_LOOP_148_3.
Execute       set_default_model ekf_batch_Pipeline_VITIS_LOOP_148_3 
Execute       bind -model ekf_batch_Pipeline_VITIS_LOOP_148_3 
INFO: [BIND 205-100] Starting micro-architecture generation ...
INFO: [BIND 205-101] Performing variable lifetime analysis.
INFO: [BIND 205-101] Exploring resource sharing.
INFO: [BIND 205-101] Binding ...
INFO: [BIND 205-100] Finished micro-architecture generation.
INFO: [HLS 200-111] Finished Binding: CPU user time: 0 seconds. CPU system time: 0 seconds. Elapsed time: 0.05 seconds; current allocated memory: 1.741 GB.
Execute       syn_report -verbosereport -o D:/MSDF_2_ZCU/EKF/solution1/.autopilot/db/ekf_batch_Pipeline_VITIS_LOOP_148_3.verbose.bind.rpt 
Execute         list_part -family xczu9eg-ffvb1156-2-e 
Execute           ap_family_info -name xczu9eg-ffvb1156-2-e -data names 
Execute           ap_part_info -quiet -name xczu9eg-ffvb1156-2-e -data family 
Execute       db_write -o D:/MSDF_2_ZCU/EKF/solution1/.autopilot/db/ekf_batch_Pipeline_VITIS_LOOP_148_3.bind.adb -f 
INFO-FLOW: Finish binding ekf_batch_Pipeline_VITIS_LOOP_148_3.
INFO: [HLS 200-10] ----------------------------------------------------------------
INFO: [HLS 200-42] -- Implementing module 'ekf_batch_Pipeline_VITIS_LOOP_157_4' 
INFO: [HLS 200-10] ----------------------------------------------------------------
Execute       set_default_model ekf_batch_Pipeline_VITIS_LOOP_157_4 
Execute       schedule -model ekf_batch_Pipeline_VITIS_LOOP_157_4 
INFO: [SCHED 204-11] Starting scheduling ...
INFO: [SCHED 204-61] Pipelining loop 'VITIS_LOOP_157_4'.
INFO: [HLS 200-1470] Pipelining result : Target II = NA, Final II = 1, Depth = 1, loop 'VITIS_LOOP_157_4'
INFO: [SCHED 204-11] Finished scheduling.
INFO: [HLS 200-111] Finished Scheduling: CPU user time: 1 seconds. CPU system time: 0 seconds. Elapsed time: 0.063 seconds; current allocated memory: 1.741 GB.
Execute       syn_report -verbosereport -o D:/MSDF_2_ZCU/EKF/solution1/.autopilot/db/ekf_batch_Pipeline_VITIS_LOOP_157_4.verbose.sched.rpt 
Execute         list_part -family xczu9eg-ffvb1156-2-e 
Execute           ap_family_info -name xczu9eg-ffvb1156-2-e -data names 
Execute           ap_part_info -quiet -name xczu9eg-ffvb1156-2-e -data family 
Execute       db_write -o D:/MSDF_2_ZCU/EKF/solution1/.autopilot/db/ekf_batch_Pipeline_VITIS_LOOP_157_4.sched.adb -f 
INFO-FLOW: Finish scheduling ekf_batch_Pipeline_VITIS_LOOP_157_4.
Execute       set_default_model ekf_batch_Pipeline_VITIS_LOOP_157_4 
Execute       bind -model ekf_batch_Pipeline_VITIS_LOOP_157_4 
INFO: [BIND 205-100] Starting micro-architecture generation ...
INFO: [BIND 205-101] Performing variable lifetime analysis.
INFO: [BIND 205-101] Exploring resource sharing.
INFO: [BIND 205-101] Binding ...
INFO: [BIND 205-100] Finished micro-architecture generation.
INFO: [HLS 200-111] Finished Binding: CPU user time: 0 seconds. CPU system time: 0 seconds. Elapsed time: 0.04 seconds; current allocated memory: 1.741 GB.
Execute       syn_report -verbosereport -o D:/MSDF_2_ZCU/EKF/solution1/.autopilot/db/ekf_batch_Pipeline_VITIS_LOOP_157_4.verbose.bind.rpt 
Execute         list_part -family xczu9eg-ffvb1156-2-e 
Execute           ap_family_info -name xczu9eg-ffvb1156-2-e -data names 
Execute           ap_part_info -quiet -name xczu9eg-ffvb1156-2-e -data family 
Execute       db_write -o D:/MSDF_2_ZCU/EKF/solution1/.autopilot/db/ekf_batch_Pipeline_VITIS_LOOP_157_4.bind.adb -f 
INFO-FLOW: Finish binding ekf_batch_Pipeline_VITIS_LOOP_157_4.
INFO: [HLS 200-10] ----------------------------------------------------------------
INFO: [HLS 200-42] -- Implementing module 'ekf_batch_Pipeline_VITIS_LOOP_158_5_VITIS_LOOP_159_6' 
INFO: [HLS 200-10] ----------------------------------------------------------------
Execute       set_default_model ekf_batch_Pipeline_VITIS_LOOP_158_5_VITIS_LOOP_159_6 
Execute       schedule -model ekf_batch_Pipeline_VITIS_LOOP_158_5_VITIS_LOOP_159_6 
INFO: [SCHED 204-11] Starting scheduling ...
INFO: [SCHED 204-61] Pipelining loop 'VITIS_LOOP_158_5_VITIS_LOOP_159_6'.
INFO: [HLS 200-1470] Pipelining result : Target II = NA, Final II = 1, Depth = 2, loop 'VITIS_LOOP_158_5_VITIS_LOOP_159_6'
INFO: [SCHED 204-11] Finished scheduling.
Command       schedule done; 0.108 sec.
INFO: [HLS 200-111] Finished Scheduling: CPU user time: 0 seconds. CPU system time: 0 seconds. Elapsed time: 0.136 seconds; current allocated memory: 1.743 GB.
Execute       syn_report -verbosereport -o D:/MSDF_2_ZCU/EKF/solution1/.autopilot/db/ekf_batch_Pipeline_VITIS_LOOP_158_5_VITIS_LOOP_159_6.verbose.sched.rpt 
Execute         list_part -family xczu9eg-ffvb1156-2-e 
Execute           ap_family_info -name xczu9eg-ffvb1156-2-e -data names 
Execute           ap_part_info -quiet -name xczu9eg-ffvb1156-2-e -data family 
Execute       db_write -o D:/MSDF_2_ZCU/EKF/solution1/.autopilot/db/ekf_batch_Pipeline_VITIS_LOOP_158_5_VITIS_LOOP_159_6.sched.adb -f 
INFO-FLOW: Finish scheduling ekf_batch_Pipeline_VITIS_LOOP_158_5_VITIS_LOOP_159_6.
Execute       set_default_model ekf_batch_Pipeline_VITIS_LOOP_158_5_VITIS_LOOP_159_6 
Execute       bind -model ekf_batch_Pipeline_VITIS_LOOP_158_5_VITIS_LOOP_159_6 
INFO: [BIND 205-100] Starting micro-architecture generation ...
INFO: [BIND 205-101] Performing variable lifetime analysis.
INFO: [BIND 205-101] Exploring resource sharing.
INFO: [BIND 205-101] Binding ...
INFO: [BIND 205-100] Finished micro-architecture generation.
INFO: [HLS 200-111] Finished Binding: CPU user time: 0 seconds. CPU system time: 0 seconds. Elapsed time: 0.062 seconds; current allocated memory: 1.743 GB.
Execute       syn_report -verbosereport -o D:/MSDF_2_ZCU/EKF/solution1/.autopilot/db/ekf_batch_Pipeline_VITIS_LOOP_158_5_VITIS_LOOP_159_6.verbose.bind.rpt 
Execute         list_part -family xczu9eg-ffvb1156-2-e 
Execute           ap_family_info -name xczu9eg-ffvb1156-2-e -data names 
Execute           ap_part_info -quiet -name xczu9eg-ffvb1156-2-e -data family 
Execute       db_write -o D:/MSDF_2_ZCU/EKF/solution1/.autopilot/db/ekf_batch_Pipeline_VITIS_LOOP_158_5_VITIS_LOOP_159_6.bind.adb -f 
INFO-FLOW: Finish binding ekf_batch_Pipeline_VITIS_LOOP_158_5_VITIS_LOOP_159_6.
INFO: [HLS 200-10] ----------------------------------------------------------------
INFO: [HLS 200-42] -- Implementing module 'ekf_batch_Pipeline_VITIS_LOOP_41_1_VITIS_LOOP_42_2' 
INFO: [HLS 200-10] ----------------------------------------------------------------
Execute       set_default_model ekf_batch_Pipeline_VITIS_LOOP_41_1_VITIS_LOOP_42_2 
Execute       schedule -model ekf_batch_Pipeline_VITIS_LOOP_41_1_VITIS_LOOP_42_2 
INFO: [SCHED 204-11] Starting scheduling ...
INFO: [SCHED 204-61] Pipelining loop 'VITIS_LOOP_41_1_VITIS_LOOP_42_2'.
INFO: [HLS 200-1470] Pipelining result : Target II = NA, Final II = 1, Depth = 1, loop 'VITIS_LOOP_41_1_VITIS_LOOP_42_2'
INFO: [SCHED 204-11] Finished scheduling.
INFO: [HLS 200-111] Finished Scheduling: CPU user time: 0 seconds. CPU system time: 0 seconds. Elapsed time: 0.124 seconds; current allocated memory: 1.745 GB.
Execute       syn_report -verbosereport -o D:/MSDF_2_ZCU/EKF/solution1/.autopilot/db/ekf_batch_Pipeline_VITIS_LOOP_41_1_VITIS_LOOP_42_2.verbose.sched.rpt 
Execute         list_part -family xczu9eg-ffvb1156-2-e 
Execute           ap_family_info -name xczu9eg-ffvb1156-2-e -data names 
Execute           ap_part_info -quiet -name xczu9eg-ffvb1156-2-e -data family 
Execute       db_write -o D:/MSDF_2_ZCU/EKF/solution1/.autopilot/db/ekf_batch_Pipeline_VITIS_LOOP_41_1_VITIS_LOOP_42_2.sched.adb -f 
INFO-FLOW: Finish scheduling ekf_batch_Pipeline_VITIS_LOOP_41_1_VITIS_LOOP_42_2.
Execute       set_default_model ekf_batch_Pipeline_VITIS_LOOP_41_1_VITIS_LOOP_42_2 
Execute       bind -model ekf_batch_Pipeline_VITIS_LOOP_41_1_VITIS_LOOP_42_2 
INFO: [BIND 205-100] Starting micro-architecture generation ...
INFO: [BIND 205-101] Performing variable lifetime analysis.
INFO: [BIND 205-101] Exploring resource sharing.
INFO: [BIND 205-101] Binding ...
INFO: [BIND 205-100] Finished micro-architecture generation.
INFO: [HLS 200-111] Finished Binding: CPU user time: 0 seconds. CPU system time: 0 seconds. Elapsed time: 0.052 seconds; current allocated memory: 1.745 GB.
Execute       syn_report -verbosereport -o D:/MSDF_2_ZCU/EKF/solution1/.autopilot/db/ekf_batch_Pipeline_VITIS_LOOP_41_1_VITIS_LOOP_42_2.verbose.bind.rpt 
Execute         list_part -family xczu9eg-ffvb1156-2-e 
Execute           ap_family_info -name xczu9eg-ffvb1156-2-e -data names 
Execute           ap_part_info -quiet -name xczu9eg-ffvb1156-2-e -data family 
Execute       db_write -o D:/MSDF_2_ZCU/EKF/solution1/.autopilot/db/ekf_batch_Pipeline_VITIS_LOOP_41_1_VITIS_LOOP_42_2.bind.adb -f 
INFO-FLOW: Finish binding ekf_batch_Pipeline_VITIS_LOOP_41_1_VITIS_LOOP_42_2.
INFO: [HLS 200-10] ----------------------------------------------------------------
INFO: [HLS 200-42] -- Implementing module 'ekf_batch_Pipeline_VITIS_LOOP_45_3' 
INFO: [HLS 200-10] ----------------------------------------------------------------
Execute       set_default_model ekf_batch_Pipeline_VITIS_LOOP_45_3 
Execute       schedule -model ekf_batch_Pipeline_VITIS_LOOP_45_3 
INFO: [SCHED 204-11] Starting scheduling ...
INFO: [SCHED 204-61] Pipelining loop 'VITIS_LOOP_45_3'.
INFO: [HLS 200-1470] Pipelining result : Target II = NA, Final II = 1, Depth = 1, loop 'VITIS_LOOP_45_3'
INFO: [SCHED 204-11] Finished scheduling.
INFO: [HLS 200-111] Finished Scheduling: CPU user time: 0 seconds. CPU system time: 0 seconds. Elapsed time: 0.091 seconds; current allocated memory: 1.745 GB.
Execute       syn_report -verbosereport -o D:/MSDF_2_ZCU/EKF/solution1/.autopilot/db/ekf_batch_Pipeline_VITIS_LOOP_45_3.verbose.sched.rpt 
Execute         list_part -family xczu9eg-ffvb1156-2-e 
Execute           ap_family_info -name xczu9eg-ffvb1156-2-e -data names 
Execute           ap_part_info -quiet -name xczu9eg-ffvb1156-2-e -data family 
Execute       db_write -o D:/MSDF_2_ZCU/EKF/solution1/.autopilot/db/ekf_batch_Pipeline_VITIS_LOOP_45_3.sched.adb -f 
INFO-FLOW: Finish scheduling ekf_batch_Pipeline_VITIS_LOOP_45_3.
Execute       set_default_model ekf_batch_Pipeline_VITIS_LOOP_45_3 
Execute       bind -model ekf_batch_Pipeline_VITIS_LOOP_45_3 
INFO: [BIND 205-100] Starting micro-architecture generation ...
INFO: [BIND 205-101] Performing variable lifetime analysis.
INFO: [BIND 205-101] Exploring resource sharing.
INFO: [BIND 205-101] Binding ...
INFO: [BIND 205-100] Finished micro-architecture generation.
INFO: [HLS 200-111] Finished Binding: CPU user time: 0 seconds. CPU system time: 0 seconds. Elapsed time: 0.043 seconds; current allocated memory: 1.745 GB.
Execute       syn_report -verbosereport -o D:/MSDF_2_ZCU/EKF/solution1/.autopilot/db/ekf_batch_Pipeline_VITIS_LOOP_45_3.verbose.bind.rpt 
Execute         list_part -family xczu9eg-ffvb1156-2-e 
Execute           ap_family_info -name xczu9eg-ffvb1156-2-e -data names 
Execute           ap_part_info -quiet -name xczu9eg-ffvb1156-2-e -data family 
Execute       db_write -o D:/MSDF_2_ZCU/EKF/solution1/.autopilot/db/ekf_batch_Pipeline_VITIS_LOOP_45_3.bind.adb -f 
INFO-FLOW: Finish binding ekf_batch_Pipeline_VITIS_LOOP_45_3.
INFO: [HLS 200-10] ----------------------------------------------------------------
INFO: [HLS 200-42] -- Implementing module 'ekf_batch_Pipeline_VITIS_LOOP_58_1' 
INFO: [HLS 200-10] ----------------------------------------------------------------
Execute       set_default_model ekf_batch_Pipeline_VITIS_LOOP_58_1 
Execute       schedule -model ekf_batch_Pipeline_VITIS_LOOP_58_1 
INFO: [SCHED 204-11] Starting scheduling ...
INFO: [SCHED 204-61] Pipelining loop 'VITIS_LOOP_58_1'.
INFO: [HLS 200-1470] Pipelining result : Target II = 1, Final II = 1, Depth = 28, loop 'VITIS_LOOP_58_1'
INFO: [SCHED 204-11] Finished scheduling.
Command       schedule done; 0.818 sec.
INFO: [HLS 200-111] Finished Scheduling: CPU user time: 1 seconds. CPU system time: 0 seconds. Elapsed time: 0.847 seconds; current allocated memory: 1.746 GB.
Execute       syn_report -verbosereport -o D:/MSDF_2_ZCU/EKF/solution1/.autopilot/db/ekf_batch_Pipeline_VITIS_LOOP_58_1.verbose.sched.rpt 
Execute         list_part -family xczu9eg-ffvb1156-2-e 
Execute           ap_family_info -name xczu9eg-ffvb1156-2-e -data names 
Execute           ap_part_info -quiet -name xczu9eg-ffvb1156-2-e -data family 
Command       syn_report done; 0.102 sec.
Execute       db_write -o D:/MSDF_2_ZCU/EKF/solution1/.autopilot/db/ekf_batch_Pipeline_VITIS_LOOP_58_1.sched.adb -f 
INFO-FLOW: Finish scheduling ekf_batch_Pipeline_VITIS_LOOP_58_1.
Execute       set_default_model ekf_batch_Pipeline_VITIS_LOOP_58_1 
Execute       bind -model ekf_batch_Pipeline_VITIS_LOOP_58_1 
INFO: [BIND 205-100] Starting micro-architecture generation ...
INFO: [BIND 205-101] Performing variable lifetime analysis.
INFO: [BIND 205-101] Exploring resource sharing.
INFO: [BIND 205-101] Binding ...
INFO: [BIND 205-100] Finished micro-architecture generation.
INFO: [HLS 200-111] Finished Binding: CPU user time: 0 seconds. CPU system time: 0 seconds. Elapsed time: 0.186 seconds; current allocated memory: 1.746 GB.
Execute       syn_report -verbosereport -o D:/MSDF_2_ZCU/EKF/solution1/.autopilot/db/ekf_batch_Pipeline_VITIS_LOOP_58_1.verbose.bind.rpt 
Execute         list_part -family xczu9eg-ffvb1156-2-e 
Execute           ap_family_info -name xczu9eg-ffvb1156-2-e -data names 
Execute           ap_part_info -quiet -name xczu9eg-ffvb1156-2-e -data family 
Execute       db_write -o D:/MSDF_2_ZCU/EKF/solution1/.autopilot/db/ekf_batch_Pipeline_VITIS_LOOP_58_1.bind.adb -f 
INFO-FLOW: Finish binding ekf_batch_Pipeline_VITIS_LOOP_58_1.
INFO: [HLS 200-10] ----------------------------------------------------------------
INFO: [HLS 200-42] -- Implementing module 'ekf_batch_Pipeline_VITIS_LOOP_64_3' 
INFO: [HLS 200-10] ----------------------------------------------------------------
Execute       set_default_model ekf_batch_Pipeline_VITIS_LOOP_64_3 
Execute       schedule -model ekf_batch_Pipeline_VITIS_LOOP_64_3 
INFO: [SCHED 204-11] Starting scheduling ...
INFO: [SCHED 204-61] Pipelining loop 'VITIS_LOOP_64_3'.
INFO: [HLS 200-1470] Pipelining result : Target II = NA, Final II = 1, Depth = 1, loop 'VITIS_LOOP_64_3'
INFO: [SCHED 204-11] Finished scheduling.
INFO: [HLS 200-111] Finished Scheduling: CPU user time: 0 seconds. CPU system time: 0 seconds. Elapsed time: 0.091 seconds; current allocated memory: 1.747 GB.
Execute       syn_report -verbosereport -o D:/MSDF_2_ZCU/EKF/solution1/.autopilot/db/ekf_batch_Pipeline_VITIS_LOOP_64_3.verbose.sched.rpt 
Execute         list_part -family xczu9eg-ffvb1156-2-e 
Execute           ap_family_info -name xczu9eg-ffvb1156-2-e -data names 
Execute           ap_part_info -quiet -name xczu9eg-ffvb1156-2-e -data family 
Execute       db_write -o D:/MSDF_2_ZCU/EKF/solution1/.autopilot/db/ekf_batch_Pipeline_VITIS_LOOP_64_3.sched.adb -f 
INFO-FLOW: Finish scheduling ekf_batch_Pipeline_VITIS_LOOP_64_3.
Execute       set_default_model ekf_batch_Pipeline_VITIS_LOOP_64_3 
Execute       bind -model ekf_batch_Pipeline_VITIS_LOOP_64_3 
INFO: [BIND 205-100] Starting micro-architecture generation ...
INFO: [BIND 205-101] Performing variable lifetime analysis.
INFO: [BIND 205-101] Exploring resource sharing.
INFO: [BIND 205-101] Binding ...
INFO: [BIND 205-100] Finished micro-architecture generation.
INFO: [HLS 200-111] Finished Binding: CPU user time: 0 seconds. CPU system time: 0 seconds. Elapsed time: 0.04 seconds; current allocated memory: 1.747 GB.
Execute       syn_report -verbosereport -o D:/MSDF_2_ZCU/EKF/solution1/.autopilot/db/ekf_batch_Pipeline_VITIS_LOOP_64_3.verbose.bind.rpt 
Execute         list_part -family xczu9eg-ffvb1156-2-e 
Execute           ap_family_info -name xczu9eg-ffvb1156-2-e -data names 
Execute           ap_part_info -quiet -name xczu9eg-ffvb1156-2-e -data family 
Execute       db_write -o D:/MSDF_2_ZCU/EKF/solution1/.autopilot/db/ekf_batch_Pipeline_VITIS_LOOP_64_3.bind.adb -f 
INFO-FLOW: Finish binding ekf_batch_Pipeline_VITIS_LOOP_64_3.
INFO: [HLS 200-10] ----------------------------------------------------------------
INFO: [HLS 200-42] -- Implementing module 'ekf_batch_Pipeline_VITIS_LOOP_17_1_VITIS_LOOP_18_2' 
INFO: [HLS 200-10] ----------------------------------------------------------------
Execute       set_default_model ekf_batch_Pipeline_VITIS_LOOP_17_1_VITIS_LOOP_18_2 
Execute       schedule -model ekf_batch_Pipeline_VITIS_LOOP_17_1_VITIS_LOOP_18_2 
INFO: [SCHED 204-11] Starting scheduling ...
INFO: [SCHED 204-61] Pipelining loop 'VITIS_LOOP_17_1_VITIS_LOOP_18_2'.
INFO: [HLS 200-1470] Pipelining result : Target II = 1, Final II = 1, Depth = 28, loop 'VITIS_LOOP_17_1_VITIS_LOOP_18_2'
INFO: [SCHED 204-11] Finished scheduling.
Command       schedule done; 0.9 sec.
INFO: [HLS 200-111] Finished Scheduling: CPU user time: 1 seconds. CPU system time: 0 seconds. Elapsed time: 0.928 seconds; current allocated memory: 1.750 GB.
Execute       syn_report -verbosereport -o D:/MSDF_2_ZCU/EKF/solution1/.autopilot/db/ekf_batch_Pipeline_VITIS_LOOP_17_1_VITIS_LOOP_18_2.verbose.sched.rpt 
Execute         list_part -family xczu9eg-ffvb1156-2-e 
Execute           ap_family_info -name xczu9eg-ffvb1156-2-e -data names 
Execute           ap_part_info -quiet -name xczu9eg-ffvb1156-2-e -data family 
Command       syn_report done; 0.106 sec.
Execute       db_write -o D:/MSDF_2_ZCU/EKF/solution1/.autopilot/db/ekf_batch_Pipeline_VITIS_LOOP_17_1_VITIS_LOOP_18_2.sched.adb -f 
INFO-FLOW: Finish scheduling ekf_batch_Pipeline_VITIS_LOOP_17_1_VITIS_LOOP_18_2.
Execute       set_default_model ekf_batch_Pipeline_VITIS_LOOP_17_1_VITIS_LOOP_18_2 
Execute       bind -model ekf_batch_Pipeline_VITIS_LOOP_17_1_VITIS_LOOP_18_2 
INFO: [BIND 205-100] Starting micro-architecture generation ...
INFO: [BIND 205-101] Performing variable lifetime analysis.
INFO: [BIND 205-101] Exploring resource sharing.
INFO: [BIND 205-101] Binding ...
INFO: [BIND 205-100] Finished micro-architecture generation.
INFO: [HLS 200-111] Finished Binding: CPU user time: 0 seconds. CPU system time: 0 seconds. Elapsed time: 0.207 seconds; current allocated memory: 1.750 GB.
Execute       syn_report -verbosereport -o D:/MSDF_2_ZCU/EKF/solution1/.autopilot/db/ekf_batch_Pipeline_VITIS_LOOP_17_1_VITIS_LOOP_18_2.verbose.bind.rpt 
Execute         list_part -family xczu9eg-ffvb1156-2-e 
Execute           ap_family_info -name xczu9eg-ffvb1156-2-e -data names 
Execute           ap_part_info -quiet -name xczu9eg-ffvb1156-2-e -data family 
Execute       db_write -o D:/MSDF_2_ZCU/EKF/solution1/.autopilot/db/ekf_batch_Pipeline_VITIS_LOOP_17_1_VITIS_LOOP_18_2.bind.adb -f 
INFO-FLOW: Finish binding ekf_batch_Pipeline_VITIS_LOOP_17_1_VITIS_LOOP_18_2.
INFO: [HLS 200-10] ----------------------------------------------------------------
INFO: [HLS 200-42] -- Implementing module 'ekf_batch_Pipeline_VITIS_LOOP_30_1' 
INFO: [HLS 200-10] ----------------------------------------------------------------
Execute       set_default_model ekf_batch_Pipeline_VITIS_LOOP_30_1 
Execute       schedule -model ekf_batch_Pipeline_VITIS_LOOP_30_1 
INFO: [SCHED 204-11] Starting scheduling ...
INFO: [SCHED 204-61] Pipelining loop 'VITIS_LOOP_30_1'.
INFO: [HLS 200-1470] Pipelining result : Target II = NA, Final II = 1, Depth = 1, loop 'VITIS_LOOP_30_1'
INFO: [SCHED 204-11] Finished scheduling.
INFO: [HLS 200-111] Finished Scheduling: CPU user time: 0 seconds. CPU system time: 0 seconds. Elapsed time: 0.161 seconds; current allocated memory: 1.751 GB.
Execute       syn_report -verbosereport -o D:/MSDF_2_ZCU/EKF/solution1/.autopilot/db/ekf_batch_Pipeline_VITIS_LOOP_30_1.verbose.sched.rpt 
Execute         list_part -family xczu9eg-ffvb1156-2-e 
Execute           ap_family_info -name xczu9eg-ffvb1156-2-e -data names 
Execute           ap_part_info -quiet -name xczu9eg-ffvb1156-2-e -data family 
Execute       db_write -o D:/MSDF_2_ZCU/EKF/solution1/.autopilot/db/ekf_batch_Pipeline_VITIS_LOOP_30_1.sched.adb -f 
INFO-FLOW: Finish scheduling ekf_batch_Pipeline_VITIS_LOOP_30_1.
Execute       set_default_model ekf_batch_Pipeline_VITIS_LOOP_30_1 
Execute       bind -model ekf_batch_Pipeline_VITIS_LOOP_30_1 
INFO: [BIND 205-100] Starting micro-architecture generation ...
INFO: [BIND 205-101] Performing variable lifetime analysis.
INFO: [BIND 205-101] Exploring resource sharing.
INFO: [BIND 205-101] Binding ...
INFO: [BIND 205-100] Finished micro-architecture generation.
INFO: [HLS 200-111] Finished Binding: CPU user time: 0 seconds. CPU system time: 0 seconds. Elapsed time: 0.054 seconds; current allocated memory: 1.751 GB.
Execute       syn_report -verbosereport -o D:/MSDF_2_ZCU/EKF/solution1/.autopilot/db/ekf_batch_Pipeline_VITIS_LOOP_30_1.verbose.bind.rpt 
Execute         list_part -family xczu9eg-ffvb1156-2-e 
Execute           ap_family_info -name xczu9eg-ffvb1156-2-e -data names 
Execute           ap_part_info -quiet -name xczu9eg-ffvb1156-2-e -data family 
Execute       db_write -o D:/MSDF_2_ZCU/EKF/solution1/.autopilot/db/ekf_batch_Pipeline_VITIS_LOOP_30_1.bind.adb -f 
INFO-FLOW: Finish binding ekf_batch_Pipeline_VITIS_LOOP_30_1.
INFO: [HLS 200-10] ----------------------------------------------------------------
INFO: [HLS 200-42] -- Implementing module 'ekf_batch_Pipeline_VITIS_LOOP_17_1_VITIS_LOOP_18_21' 
INFO: [HLS 200-10] ----------------------------------------------------------------
Execute       set_default_model ekf_batch_Pipeline_VITIS_LOOP_17_1_VITIS_LOOP_18_21 
Execute       schedule -model ekf_batch_Pipeline_VITIS_LOOP_17_1_VITIS_LOOP_18_21 
INFO: [SCHED 204-11] Starting scheduling ...
INFO: [SCHED 204-61] Pipelining loop 'VITIS_LOOP_17_1_VITIS_LOOP_18_2'.
INFO: [HLS 200-1470] Pipelining result : Target II = 1, Final II = 1, Depth = 28, loop 'VITIS_LOOP_17_1_VITIS_LOOP_18_2'
INFO: [SCHED 204-11] Finished scheduling.
Command       schedule done; 0.912 sec.
INFO: [HLS 200-111] Finished Scheduling: CPU user time: 1 seconds. CPU system time: 0 seconds. Elapsed time: 0.955 seconds; current allocated memory: 1.754 GB.
Execute       syn_report -verbosereport -o D:/MSDF_2_ZCU/EKF/solution1/.autopilot/db/ekf_batch_Pipeline_VITIS_LOOP_17_1_VITIS_LOOP_18_21.verbose.sched.rpt 
Execute         list_part -family xczu9eg-ffvb1156-2-e 
Execute           ap_family_info -name xczu9eg-ffvb1156-2-e -data names 
Execute           ap_part_info -quiet -name xczu9eg-ffvb1156-2-e -data family 
Command       syn_report done; 0.107 sec.
Execute       db_write -o D:/MSDF_2_ZCU/EKF/solution1/.autopilot/db/ekf_batch_Pipeline_VITIS_LOOP_17_1_VITIS_LOOP_18_21.sched.adb -f 
INFO-FLOW: Finish scheduling ekf_batch_Pipeline_VITIS_LOOP_17_1_VITIS_LOOP_18_21.
Execute       set_default_model ekf_batch_Pipeline_VITIS_LOOP_17_1_VITIS_LOOP_18_21 
Execute       bind -model ekf_batch_Pipeline_VITIS_LOOP_17_1_VITIS_LOOP_18_21 
INFO: [BIND 205-100] Starting micro-architecture generation ...
INFO: [BIND 205-101] Performing variable lifetime analysis.
INFO: [BIND 205-101] Exploring resource sharing.
INFO: [BIND 205-101] Binding ...
INFO: [BIND 205-100] Finished micro-architecture generation.
INFO: [HLS 200-111] Finished Binding: CPU user time: 0 seconds. CPU system time: 0 seconds. Elapsed time: 0.21 seconds; current allocated memory: 1.754 GB.
Execute       syn_report -verbosereport -o D:/MSDF_2_ZCU/EKF/solution1/.autopilot/db/ekf_batch_Pipeline_VITIS_LOOP_17_1_VITIS_LOOP_18_21.verbose.bind.rpt 
Execute         list_part -family xczu9eg-ffvb1156-2-e 
Execute           ap_family_info -name xczu9eg-ffvb1156-2-e -data names 
Execute           ap_part_info -quiet -name xczu9eg-ffvb1156-2-e -data family 
Execute       db_write -o D:/MSDF_2_ZCU/EKF/solution1/.autopilot/db/ekf_batch_Pipeline_VITIS_LOOP_17_1_VITIS_LOOP_18_21.bind.adb -f 
INFO-FLOW: Finish binding ekf_batch_Pipeline_VITIS_LOOP_17_1_VITIS_LOOP_18_21.
INFO: [HLS 200-10] ----------------------------------------------------------------
INFO: [HLS 200-42] -- Implementing module 'ekf_batch_Pipeline_VITIS_LOOP_73_4_VITIS_LOOP_74_5' 
INFO: [HLS 200-10] ----------------------------------------------------------------
Execute       set_default_model ekf_batch_Pipeline_VITIS_LOOP_73_4_VITIS_LOOP_74_5 
Execute       schedule -model ekf_batch_Pipeline_VITIS_LOOP_73_4_VITIS_LOOP_74_5 
INFO: [SCHED 204-11] Starting scheduling ...
INFO: [SCHED 204-61] Pipelining loop 'VITIS_LOOP_73_4_VITIS_LOOP_74_5'.
INFO: [HLS 200-1470] Pipelining result : Target II = NA, Final II = 1, Depth = 5, loop 'VITIS_LOOP_73_4_VITIS_LOOP_74_5'
INFO: [SCHED 204-11] Finished scheduling.
Command       schedule done; 0.368 sec.
INFO: [HLS 200-111] Finished Scheduling: CPU user time: 1 seconds. CPU system time: 0 seconds. Elapsed time: 0.447 seconds; current allocated memory: 1.756 GB.
Execute       syn_report -verbosereport -o D:/MSDF_2_ZCU/EKF/solution1/.autopilot/db/ekf_batch_Pipeline_VITIS_LOOP_73_4_VITIS_LOOP_74_5.verbose.sched.rpt 
Execute         list_part -family xczu9eg-ffvb1156-2-e 
Execute           ap_family_info -name xczu9eg-ffvb1156-2-e -data names 
Execute           ap_part_info -quiet -name xczu9eg-ffvb1156-2-e -data family 
Execute       db_write -o D:/MSDF_2_ZCU/EKF/solution1/.autopilot/db/ekf_batch_Pipeline_VITIS_LOOP_73_4_VITIS_LOOP_74_5.sched.adb -f 
INFO-FLOW: Finish scheduling ekf_batch_Pipeline_VITIS_LOOP_73_4_VITIS_LOOP_74_5.
Execute       set_default_model ekf_batch_Pipeline_VITIS_LOOP_73_4_VITIS_LOOP_74_5 
Execute       bind -model ekf_batch_Pipeline_VITIS_LOOP_73_4_VITIS_LOOP_74_5 
INFO: [BIND 205-100] Starting micro-architecture generation ...
INFO: [BIND 205-101] Performing variable lifetime analysis.
INFO: [BIND 205-101] Exploring resource sharing.
INFO: [BIND 205-101] Binding ...
INFO: [BIND 205-100] Finished micro-architecture generation.
INFO: [HLS 200-111] Finished Binding: CPU user time: 0 seconds. CPU system time: 0 seconds. Elapsed time: 0.087 seconds; current allocated memory: 1.756 GB.
Execute       syn_report -verbosereport -o D:/MSDF_2_ZCU/EKF/solution1/.autopilot/db/ekf_batch_Pipeline_VITIS_LOOP_73_4_VITIS_LOOP_74_5.verbose.bind.rpt 
Execute         list_part -family xczu9eg-ffvb1156-2-e 
Execute           ap_family_info -name xczu9eg-ffvb1156-2-e -data names 
Execute           ap_part_info -quiet -name xczu9eg-ffvb1156-2-e -data family 
Execute       db_write -o D:/MSDF_2_ZCU/EKF/solution1/.autopilot/db/ekf_batch_Pipeline_VITIS_LOOP_73_4_VITIS_LOOP_74_5.bind.adb -f 
INFO-FLOW: Finish binding ekf_batch_Pipeline_VITIS_LOOP_73_4_VITIS_LOOP_74_5.
INFO: [HLS 200-10] ----------------------------------------------------------------
INFO: [HLS 200-42] -- Implementing module 'ekf_batch_Pipeline_VITIS_LOOP_168_8' 
INFO: [HLS 200-10] ----------------------------------------------------------------
Execute       set_default_model ekf_batch_Pipeline_VITIS_LOOP_168_8 
Execute       schedule -model ekf_batch_Pipeline_VITIS_LOOP_168_8 
INFO: [SCHED 204-11] Starting scheduling ...
INFO: [SCHED 204-61] Pipelining loop 'VITIS_LOOP_168_8'.
INFO: [HLS 200-1470] Pipelining result : Target II = NA, Final II = 1, Depth = 2, loop 'VITIS_LOOP_168_8'
INFO: [SCHED 204-11] Finished scheduling.
INFO: [HLS 200-111] Finished Scheduling: CPU user time: 0 seconds. CPU system time: 0 seconds. Elapsed time: 0.11 seconds; current allocated memory: 1.757 GB.
Execute       syn_report -verbosereport -o D:/MSDF_2_ZCU/EKF/solution1/.autopilot/db/ekf_batch_Pipeline_VITIS_LOOP_168_8.verbose.sched.rpt 
Execute         list_part -family xczu9eg-ffvb1156-2-e 
Execute           ap_family_info -name xczu9eg-ffvb1156-2-e -data names 
Execute           ap_part_info -quiet -name xczu9eg-ffvb1156-2-e -data family 
Execute       db_write -o D:/MSDF_2_ZCU/EKF/solution1/.autopilot/db/ekf_batch_Pipeline_VITIS_LOOP_168_8.sched.adb -f 
INFO-FLOW: Finish scheduling ekf_batch_Pipeline_VITIS_LOOP_168_8.
Execute       set_default_model ekf_batch_Pipeline_VITIS_LOOP_168_8 
Execute       bind -model ekf_batch_Pipeline_VITIS_LOOP_168_8 
INFO: [BIND 205-100] Starting micro-architecture generation ...
INFO: [BIND 205-101] Performing variable lifetime analysis.
INFO: [BIND 205-101] Exploring resource sharing.
INFO: [BIND 205-101] Binding ...
INFO: [BIND 205-100] Finished micro-architecture generation.
INFO: [HLS 200-111] Finished Binding: CPU user time: 0 seconds. CPU system time: 0 seconds. Elapsed time: 0.049 seconds; current allocated memory: 1.757 GB.
Execute       syn_report -verbosereport -o D:/MSDF_2_ZCU/EKF/solution1/.autopilot/db/ekf_batch_Pipeline_VITIS_LOOP_168_8.verbose.bind.rpt 
Execute         list_part -family xczu9eg-ffvb1156-2-e 
Execute           ap_family_info -name xczu9eg-ffvb1156-2-e -data names 
Execute           ap_part_info -quiet -name xczu9eg-ffvb1156-2-e -data family 
Execute       db_write -o D:/MSDF_2_ZCU/EKF/solution1/.autopilot/db/ekf_batch_Pipeline_VITIS_LOOP_168_8.bind.adb -f 
INFO-FLOW: Finish binding ekf_batch_Pipeline_VITIS_LOOP_168_8.
INFO: [HLS 200-10] ----------------------------------------------------------------
INFO: [HLS 200-42] -- Implementing module 'ekf_batch_Pipeline_VITIS_LOOP_89_1' 
INFO: [HLS 200-10] ----------------------------------------------------------------
Execute       set_default_model ekf_batch_Pipeline_VITIS_LOOP_89_1 
Execute       schedule -model ekf_batch_Pipeline_VITIS_LOOP_89_1 
INFO: [SCHED 204-11] Starting scheduling ...
INFO: [SCHED 204-61] Pipelining loop 'VITIS_LOOP_89_1'.
INFO: [HLS 200-1470] Pipelining result : Target II = 1, Final II = 1, Depth = 28, loop 'VITIS_LOOP_89_1'
INFO: [SCHED 204-11] Finished scheduling.
Command       schedule done; 0.833 sec.
INFO: [HLS 200-111] Finished Scheduling: CPU user time: 1 seconds. CPU system time: 0 seconds. Elapsed time: 0.873 seconds; current allocated memory: 1.758 GB.
Execute       syn_report -verbosereport -o D:/MSDF_2_ZCU/EKF/solution1/.autopilot/db/ekf_batch_Pipeline_VITIS_LOOP_89_1.verbose.sched.rpt 
Execute         list_part -family xczu9eg-ffvb1156-2-e 
Execute           ap_family_info -name xczu9eg-ffvb1156-2-e -data names 
Execute           ap_part_info -quiet -name xczu9eg-ffvb1156-2-e -data family 
Command       syn_report done; 0.101 sec.
Execute       db_write -o D:/MSDF_2_ZCU/EKF/solution1/.autopilot/db/ekf_batch_Pipeline_VITIS_LOOP_89_1.sched.adb -f 
INFO-FLOW: Finish scheduling ekf_batch_Pipeline_VITIS_LOOP_89_1.
Execute       set_default_model ekf_batch_Pipeline_VITIS_LOOP_89_1 
Execute       bind -model ekf_batch_Pipeline_VITIS_LOOP_89_1 
INFO: [BIND 205-100] Starting micro-architecture generation ...
INFO: [BIND 205-101] Performing variable lifetime analysis.
INFO: [BIND 205-101] Exploring resource sharing.
INFO: [BIND 205-101] Binding ...
INFO: [BIND 205-100] Finished micro-architecture generation.
INFO: [HLS 200-111] Finished Binding: CPU user time: 0 seconds. CPU system time: 0 seconds. Elapsed time: 0.202 seconds; current allocated memory: 1.758 GB.
Execute       syn_report -verbosereport -o D:/MSDF_2_ZCU/EKF/solution1/.autopilot/db/ekf_batch_Pipeline_VITIS_LOOP_89_1.verbose.bind.rpt 
Execute         list_part -family xczu9eg-ffvb1156-2-e 
Execute           ap_family_info -name xczu9eg-ffvb1156-2-e -data names 
Execute           ap_part_info -quiet -name xczu9eg-ffvb1156-2-e -data family 
Execute       db_write -o D:/MSDF_2_ZCU/EKF/solution1/.autopilot/db/ekf_batch_Pipeline_VITIS_LOOP_89_1.bind.adb -f 
INFO-FLOW: Finish binding ekf_batch_Pipeline_VITIS_LOOP_89_1.
INFO: [HLS 200-10] ----------------------------------------------------------------
INFO: [HLS 200-42] -- Implementing module 'ekf_batch_Pipeline_VITIS_LOOP_96_3' 
INFO: [HLS 200-10] ----------------------------------------------------------------
Execute       set_default_model ekf_batch_Pipeline_VITIS_LOOP_96_3 
Execute       schedule -model ekf_batch_Pipeline_VITIS_LOOP_96_3 
INFO: [SCHED 204-11] Starting scheduling ...
INFO: [SCHED 204-61] Pipelining loop 'VITIS_LOOP_96_3'.
WARNING: [HLS 200-880] The II Violation in module 'ekf_batch_Pipeline_VITIS_LOOP_96_3' (loop 'VITIS_LOOP_96_3'): Unable to enforce a carried dependence constraint (II = 1, distance = 1, offset = 0) between 'store' operation ('s_write_ln96', ekf_core.cpp:96->ekf_core.cpp:169) of variable 's', ekf_core.cpp:96->ekf_core.cpp:169 on local variable 's' and 'load' operation ('s_load', ekf_core.cpp:96->ekf_core.cpp:169) on local variable 's'.
WARNING: [HLS 200-880] The II Violation in module 'ekf_batch_Pipeline_VITIS_LOOP_96_3' (loop 'VITIS_LOOP_96_3'): Unable to enforce a carried dependence constraint (II = 2, distance = 1, offset = 0) between 'store' operation ('s_write_ln96', ekf_core.cpp:96->ekf_core.cpp:169) of variable 's', ekf_core.cpp:96->ekf_core.cpp:169 on local variable 's' and 'load' operation ('s_load', ekf_core.cpp:96->ekf_core.cpp:169) on local variable 's'.
INFO: [HLS 200-1470] Pipelining result : Target II = NA, Final II = 3, Depth = 8, loop 'VITIS_LOOP_96_3'
INFO: [SCHED 204-11] Finished scheduling.
Command       schedule done; 0.859 sec.
INFO: [HLS 200-111] Finished Scheduling: CPU user time: 1 seconds. CPU system time: 0 seconds. Elapsed time: 0.949 seconds; current allocated memory: 1.759 GB.
Execute       syn_report -verbosereport -o D:/MSDF_2_ZCU/EKF/solution1/.autopilot/db/ekf_batch_Pipeline_VITIS_LOOP_96_3.verbose.sched.rpt 
Execute         list_part -family xczu9eg-ffvb1156-2-e 
Execute           ap_family_info -name xczu9eg-ffvb1156-2-e -data names 
Execute           ap_part_info -quiet -name xczu9eg-ffvb1156-2-e -data family 
Execute       db_write -o D:/MSDF_2_ZCU/EKF/solution1/.autopilot/db/ekf_batch_Pipeline_VITIS_LOOP_96_3.sched.adb -f 
INFO-FLOW: Finish scheduling ekf_batch_Pipeline_VITIS_LOOP_96_3.
Execute       set_default_model ekf_batch_Pipeline_VITIS_LOOP_96_3 
Execute       bind -model ekf_batch_Pipeline_VITIS_LOOP_96_3 
INFO: [BIND 205-100] Starting micro-architecture generation ...
INFO: [BIND 205-101] Performing variable lifetime analysis.
INFO: [BIND 205-101] Exploring resource sharing.
INFO: [BIND 205-101] Binding ...
INFO: [BIND 205-100] Finished micro-architecture generation.
INFO: [HLS 200-111] Finished Binding: CPU user time: 0 seconds. CPU system time: 0 seconds. Elapsed time: 0.082 seconds; current allocated memory: 1.759 GB.
Execute       syn_report -verbosereport -o D:/MSDF_2_ZCU/EKF/solution1/.autopilot/db/ekf_batch_Pipeline_VITIS_LOOP_96_3.verbose.bind.rpt 
Execute         list_part -family xczu9eg-ffvb1156-2-e 
Execute           ap_family_info -name xczu9eg-ffvb1156-2-e -data names 
Execute           ap_part_info -quiet -name xczu9eg-ffvb1156-2-e -data family 
Execute       db_write -o D:/MSDF_2_ZCU/EKF/solution1/.autopilot/db/ekf_batch_Pipeline_VITIS_LOOP_96_3.bind.adb -f 
INFO-FLOW: Finish binding ekf_batch_Pipeline_VITIS_LOOP_96_3.
INFO: [HLS 200-10] ----------------------------------------------------------------
INFO: [HLS 200-42] -- Implementing module 'ekf_batch_Pipeline_VITIS_LOOP_101_4' 
INFO: [HLS 200-10] ----------------------------------------------------------------
Execute       set_default_model ekf_batch_Pipeline_VITIS_LOOP_101_4 
Execute       schedule -model ekf_batch_Pipeline_VITIS_LOOP_101_4 
INFO: [SCHED 204-11] Starting scheduling ...
INFO: [SCHED 204-61] Pipelining loop 'VITIS_LOOP_101_4'.
INFO: [HLS 200-1470] Pipelining result : Target II = NA, Final II = 1, Depth = 4, loop 'VITIS_LOOP_101_4'
INFO: [SCHED 204-11] Finished scheduling.
Command       schedule done; 0.654 sec.
INFO: [HLS 200-111] Finished Scheduling: CPU user time: 1 seconds. CPU system time: 0 seconds. Elapsed time: 0.688 seconds; current allocated memory: 1.759 GB.
Execute       syn_report -verbosereport -o D:/MSDF_2_ZCU/EKF/solution1/.autopilot/db/ekf_batch_Pipeline_VITIS_LOOP_101_4.verbose.sched.rpt 
Execute         list_part -family xczu9eg-ffvb1156-2-e 
Execute           ap_family_info -name xczu9eg-ffvb1156-2-e -data names 
Execute           ap_part_info -quiet -name xczu9eg-ffvb1156-2-e -data family 
Execute       db_write -o D:/MSDF_2_ZCU/EKF/solution1/.autopilot/db/ekf_batch_Pipeline_VITIS_LOOP_101_4.sched.adb -f 
INFO-FLOW: Finish scheduling ekf_batch_Pipeline_VITIS_LOOP_101_4.
Execute       set_default_model ekf_batch_Pipeline_VITIS_LOOP_101_4 
Execute       bind -model ekf_batch_Pipeline_VITIS_LOOP_101_4 
INFO: [BIND 205-100] Starting micro-architecture generation ...
INFO: [BIND 205-101] Performing variable lifetime analysis.
INFO: [BIND 205-101] Exploring resource sharing.
INFO: [BIND 205-101] Binding ...
INFO: [BIND 205-100] Finished micro-architecture generation.
INFO: [HLS 200-111] Finished Binding: CPU user time: 0 seconds. CPU system time: 0 seconds. Elapsed time: 0.067 seconds; current allocated memory: 1.759 GB.
Execute       syn_report -verbosereport -o D:/MSDF_2_ZCU/EKF/solution1/.autopilot/db/ekf_batch_Pipeline_VITIS_LOOP_101_4.verbose.bind.rpt 
Execute         list_part -family xczu9eg-ffvb1156-2-e 
Execute           ap_family_info -name xczu9eg-ffvb1156-2-e -data names 
Execute           ap_part_info -quiet -name xczu9eg-ffvb1156-2-e -data family 
Execute       db_write -o D:/MSDF_2_ZCU/EKF/solution1/.autopilot/db/ekf_batch_Pipeline_VITIS_LOOP_101_4.bind.adb -f 
INFO-FLOW: Finish binding ekf_batch_Pipeline_VITIS_LOOP_101_4.
INFO: [HLS 200-10] ----------------------------------------------------------------
INFO: [HLS 200-42] -- Implementing module 'ekf_batch_Pipeline_VITIS_LOOP_102_5' 
INFO: [HLS 200-10] ----------------------------------------------------------------
Execute       set_default_model ekf_batch_Pipeline_VITIS_LOOP_102_5 
Execute       schedule -model ekf_batch_Pipeline_VITIS_LOOP_102_5 
INFO: [SCHED 204-11] Starting scheduling ...
INFO: [SCHED 204-61] Pipelining loop 'VITIS_LOOP_102_5'.
WARNING: [HLS 200-880] The II Violation in module 'ekf_batch_Pipeline_VITIS_LOOP_102_5' (loop 'VITIS_LOOP_102_5'): Unable to enforce a carried dependence constraint (II = 1, distance = 1, offset = 1) between 'fadd' operation ('x', ekf_core.cpp:102->ekf_core.cpp:169) and 'mux' operation ('tmp_59', ekf_core.cpp:102->ekf_core.cpp:169).
WARNING: [HLS 200-880] The II Violation in module 'ekf_batch_Pipeline_VITIS_LOOP_102_5' (loop 'VITIS_LOOP_102_5'): Unable to enforce a carried dependence constraint (II = 2, distance = 1, offset = 1) between 'fadd' operation ('x', ekf_core.cpp:102->ekf_core.cpp:169) and 'mux' operation ('tmp_59', ekf_core.cpp:102->ekf_core.cpp:169).
WARNING: [HLS 200-880] The II Violation in module 'ekf_batch_Pipeline_VITIS_LOOP_102_5' (loop 'VITIS_LOOP_102_5'): Unable to enforce a carried dependence constraint (II = 3, distance = 1, offset = 1) between 'fadd' operation ('x', ekf_core.cpp:102->ekf_core.cpp:169) and 'mux' operation ('tmp_59', ekf_core.cpp:102->ekf_core.cpp:169).
INFO: [HLS 200-1470] Pipelining result : Target II = NA, Final II = 4, Depth = 8, loop 'VITIS_LOOP_102_5'
INFO: [SCHED 204-11] Finished scheduling.
Command       schedule done; 1.057 sec.
INFO: [HLS 200-111] Finished Scheduling: CPU user time: 1 seconds. CPU system time: 0 seconds. Elapsed time: 1.101 seconds; current allocated memory: 1.760 GB.
Execute       syn_report -verbosereport -o D:/MSDF_2_ZCU/EKF/solution1/.autopilot/db/ekf_batch_Pipeline_VITIS_LOOP_102_5.verbose.sched.rpt 
Execute         list_part -family xczu9eg-ffvb1156-2-e 
Execute           ap_family_info -name xczu9eg-ffvb1156-2-e -data names 
Execute           ap_part_info -quiet -name xczu9eg-ffvb1156-2-e -data family 
Execute       db_write -o D:/MSDF_2_ZCU/EKF/solution1/.autopilot/db/ekf_batch_Pipeline_VITIS_LOOP_102_5.sched.adb -f 
INFO-FLOW: Finish scheduling ekf_batch_Pipeline_VITIS_LOOP_102_5.
Execute       set_default_model ekf_batch_Pipeline_VITIS_LOOP_102_5 
Execute       bind -model ekf_batch_Pipeline_VITIS_LOOP_102_5 
INFO: [BIND 205-100] Starting micro-architecture generation ...
INFO: [BIND 205-101] Performing variable lifetime analysis.
INFO: [BIND 205-101] Exploring resource sharing.
INFO: [BIND 205-101] Binding ...
INFO: [BIND 205-100] Finished micro-architecture generation.
INFO: [HLS 200-111] Finished Binding: CPU user time: 0 seconds. CPU system time: 0 seconds. Elapsed time: 0.087 seconds; current allocated memory: 1.760 GB.
Execute       syn_report -verbosereport -o D:/MSDF_2_ZCU/EKF/solution1/.autopilot/db/ekf_batch_Pipeline_VITIS_LOOP_102_5.verbose.bind.rpt 
Execute         list_part -family xczu9eg-ffvb1156-2-e 
Execute           ap_family_info -name xczu9eg-ffvb1156-2-e -data names 
Execute           ap_part_info -quiet -name xczu9eg-ffvb1156-2-e -data family 
Execute       db_write -o D:/MSDF_2_ZCU/EKF/solution1/.autopilot/db/ekf_batch_Pipeline_VITIS_LOOP_102_5.bind.adb -f 
INFO-FLOW: Finish binding ekf_batch_Pipeline_VITIS_LOOP_102_5.
INFO: [HLS 200-10] ----------------------------------------------------------------
INFO: [HLS 200-42] -- Implementing module 'ekf_batch_Pipeline_VITIS_LOOP_109_6' 
INFO: [HLS 200-10] ----------------------------------------------------------------
Execute       set_default_model ekf_batch_Pipeline_VITIS_LOOP_109_6 
Execute       schedule -model ekf_batch_Pipeline_VITIS_LOOP_109_6 
INFO: [SCHED 204-11] Starting scheduling ...
INFO: [SCHED 204-61] Pipelining loop 'VITIS_LOOP_109_6'.
INFO: [HLS 200-1470] Pipelining result : Target II = NA, Final II = 1, Depth = 8, loop 'VITIS_LOOP_109_6'
INFO: [SCHED 204-11] Finished scheduling.
Command       schedule done; 0.686 sec.
INFO: [HLS 200-111] Finished Scheduling: CPU user time: 0 seconds. CPU system time: 0 seconds. Elapsed time: 0.726 seconds; current allocated memory: 1.761 GB.
Execute       syn_report -verbosereport -o D:/MSDF_2_ZCU/EKF/solution1/.autopilot/db/ekf_batch_Pipeline_VITIS_LOOP_109_6.verbose.sched.rpt 
Execute         list_part -family xczu9eg-ffvb1156-2-e 
Execute           ap_family_info -name xczu9eg-ffvb1156-2-e -data names 
Execute           ap_part_info -quiet -name xczu9eg-ffvb1156-2-e -data family 
Execute       db_write -o D:/MSDF_2_ZCU/EKF/solution1/.autopilot/db/ekf_batch_Pipeline_VITIS_LOOP_109_6.sched.adb -f 
INFO-FLOW: Finish scheduling ekf_batch_Pipeline_VITIS_LOOP_109_6.
Execute       set_default_model ekf_batch_Pipeline_VITIS_LOOP_109_6 
Execute       bind -model ekf_batch_Pipeline_VITIS_LOOP_109_6 
INFO: [BIND 205-100] Starting micro-architecture generation ...
INFO: [BIND 205-101] Performing variable lifetime analysis.
INFO: [BIND 205-101] Exploring resource sharing.
INFO: [BIND 205-101] Binding ...
INFO: [BIND 205-100] Finished micro-architecture generation.
INFO: [HLS 200-111] Finished Binding: CPU user time: 1 seconds. CPU system time: 0 seconds. Elapsed time: 0.102 seconds; current allocated memory: 1.761 GB.
Execute       syn_report -verbosereport -o D:/MSDF_2_ZCU/EKF/solution1/.autopilot/db/ekf_batch_Pipeline_VITIS_LOOP_109_6.verbose.bind.rpt 
Execute         list_part -family xczu9eg-ffvb1156-2-e 
Execute           ap_family_info -name xczu9eg-ffvb1156-2-e -data names 
Execute           ap_part_info -quiet -name xczu9eg-ffvb1156-2-e -data family 
Execute       db_write -o D:/MSDF_2_ZCU/EKF/solution1/.autopilot/db/ekf_batch_Pipeline_VITIS_LOOP_109_6.bind.adb -f 
INFO-FLOW: Finish binding ekf_batch_Pipeline_VITIS_LOOP_109_6.
INFO: [HLS 200-10] ----------------------------------------------------------------
INFO: [HLS 200-42] -- Implementing module 'ekf_batch_Pipeline_VITIS_LOOP_17_1_VITIS_LOOP_18_22' 
INFO: [HLS 200-10] ----------------------------------------------------------------
Execute       set_default_model ekf_batch_Pipeline_VITIS_LOOP_17_1_VITIS_LOOP_18_22 
Execute       schedule -model ekf_batch_Pipeline_VITIS_LOOP_17_1_VITIS_LOOP_18_22 
INFO: [SCHED 204-11] Starting scheduling ...
INFO: [SCHED 204-61] Pipelining loop 'VITIS_LOOP_17_1_VITIS_LOOP_18_2'.
INFO: [HLS 200-1470] Pipelining result : Target II = 1, Final II = 1, Depth = 28, loop 'VITIS_LOOP_17_1_VITIS_LOOP_18_2'
INFO: [SCHED 204-11] Finished scheduling.
Command       schedule done; 1.056 sec.
INFO: [HLS 200-111] Finished Scheduling: CPU user time: 1 seconds. CPU system time: 0 seconds. Elapsed time: 1.119 seconds; current allocated memory: 1.764 GB.
Execute       syn_report -verbosereport -o D:/MSDF_2_ZCU/EKF/solution1/.autopilot/db/ekf_batch_Pipeline_VITIS_LOOP_17_1_VITIS_LOOP_18_22.verbose.sched.rpt 
Execute         list_part -family xczu9eg-ffvb1156-2-e 
Execute           ap_family_info -name xczu9eg-ffvb1156-2-e -data names 
Execute           ap_part_info -quiet -name xczu9eg-ffvb1156-2-e -data family 
Command       syn_report done; 0.115 sec.
Execute       db_write -o D:/MSDF_2_ZCU/EKF/solution1/.autopilot/db/ekf_batch_Pipeline_VITIS_LOOP_17_1_VITIS_LOOP_18_22.sched.adb -f 
INFO-FLOW: Finish scheduling ekf_batch_Pipeline_VITIS_LOOP_17_1_VITIS_LOOP_18_22.
Execute       set_default_model ekf_batch_Pipeline_VITIS_LOOP_17_1_VITIS_LOOP_18_22 
Execute       bind -model ekf_batch_Pipeline_VITIS_LOOP_17_1_VITIS_LOOP_18_22 
INFO: [BIND 205-100] Starting micro-architecture generation ...
INFO: [BIND 205-101] Performing variable lifetime analysis.
INFO: [BIND 205-101] Exploring resource sharing.
INFO: [BIND 205-101] Binding ...
INFO: [BIND 205-100] Finished micro-architecture generation.
INFO: [HLS 200-111] Finished Binding: CPU user time: 0 seconds. CPU system time: 0 seconds. Elapsed time: 0.221 seconds; current allocated memory: 1.764 GB.
Execute       syn_report -verbosereport -o D:/MSDF_2_ZCU/EKF/solution1/.autopilot/db/ekf_batch_Pipeline_VITIS_LOOP_17_1_VITIS_LOOP_18_22.verbose.bind.rpt 
Execute         list_part -family xczu9eg-ffvb1156-2-e 
Execute           ap_family_info -name xczu9eg-ffvb1156-2-e -data names 
Execute           ap_part_info -quiet -name xczu9eg-ffvb1156-2-e -data family 
Execute       db_write -o D:/MSDF_2_ZCU/EKF/solution1/.autopilot/db/ekf_batch_Pipeline_VITIS_LOOP_17_1_VITIS_LOOP_18_22.bind.adb -f 
INFO-FLOW: Finish binding ekf_batch_Pipeline_VITIS_LOOP_17_1_VITIS_LOOP_18_22.
INFO: [HLS 200-10] ----------------------------------------------------------------
INFO: [HLS 200-42] -- Implementing module 'ekf_batch_Pipeline_VITIS_LOOP_30_13' 
INFO: [HLS 200-10] ----------------------------------------------------------------
Execute       set_default_model ekf_batch_Pipeline_VITIS_LOOP_30_13 
Execute       schedule -model ekf_batch_Pipeline_VITIS_LOOP_30_13 
INFO: [SCHED 204-11] Starting scheduling ...
INFO: [SCHED 204-61] Pipelining loop 'VITIS_LOOP_30_1'.
INFO: [HLS 200-1470] Pipelining result : Target II = NA, Final II = 1, Depth = 1, loop 'VITIS_LOOP_30_1'
INFO: [SCHED 204-11] Finished scheduling.
INFO: [HLS 200-111] Finished Scheduling: CPU user time: 0 seconds. CPU system time: 0 seconds. Elapsed time: 0.169 seconds; current allocated memory: 1.765 GB.
Execute       syn_report -verbosereport -o D:/MSDF_2_ZCU/EKF/solution1/.autopilot/db/ekf_batch_Pipeline_VITIS_LOOP_30_13.verbose.sched.rpt 
Execute         list_part -family xczu9eg-ffvb1156-2-e 
Execute           ap_family_info -name xczu9eg-ffvb1156-2-e -data names 
Execute           ap_part_info -quiet -name xczu9eg-ffvb1156-2-e -data family 
Execute       db_write -o D:/MSDF_2_ZCU/EKF/solution1/.autopilot/db/ekf_batch_Pipeline_VITIS_LOOP_30_13.sched.adb -f 
INFO-FLOW: Finish scheduling ekf_batch_Pipeline_VITIS_LOOP_30_13.
Execute       set_default_model ekf_batch_Pipeline_VITIS_LOOP_30_13 
Execute       bind -model ekf_batch_Pipeline_VITIS_LOOP_30_13 
INFO: [BIND 205-100] Starting micro-architecture generation ...
INFO: [BIND 205-101] Performing variable lifetime analysis.
INFO: [BIND 205-101] Exploring resource sharing.
INFO: [BIND 205-101] Binding ...
INFO: [BIND 205-100] Finished micro-architecture generation.
INFO: [HLS 200-111] Finished Binding: CPU user time: 0 seconds. CPU system time: 0 seconds. Elapsed time: 0.057 seconds; current allocated memory: 1.765 GB.
Execute       syn_report -verbosereport -o D:/MSDF_2_ZCU/EKF/solution1/.autopilot/db/ekf_batch_Pipeline_VITIS_LOOP_30_13.verbose.bind.rpt 
Execute         list_part -family xczu9eg-ffvb1156-2-e 
Execute           ap_family_info -name xczu9eg-ffvb1156-2-e -data names 
Execute           ap_part_info -quiet -name xczu9eg-ffvb1156-2-e -data family 
Execute       db_write -o D:/MSDF_2_ZCU/EKF/solution1/.autopilot/db/ekf_batch_Pipeline_VITIS_LOOP_30_13.bind.adb -f 
INFO-FLOW: Finish binding ekf_batch_Pipeline_VITIS_LOOP_30_13.
INFO: [HLS 200-10] ----------------------------------------------------------------
INFO: [HLS 200-42] -- Implementing module 'ekf_batch_Pipeline_VITIS_LOOP_17_1_VITIS_LOOP_18_24' 
INFO: [HLS 200-10] ----------------------------------------------------------------
Execute       set_default_model ekf_batch_Pipeline_VITIS_LOOP_17_1_VITIS_LOOP_18_24 
Execute       schedule -model ekf_batch_Pipeline_VITIS_LOOP_17_1_VITIS_LOOP_18_24 
INFO: [SCHED 204-11] Starting scheduling ...
INFO: [SCHED 204-61] Pipelining loop 'VITIS_LOOP_17_1_VITIS_LOOP_18_2'.
INFO: [HLS 200-1470] Pipelining result : Target II = 1, Final II = 1, Depth = 28, loop 'VITIS_LOOP_17_1_VITIS_LOOP_18_2'
INFO: [SCHED 204-11] Finished scheduling.
Command       schedule done; 1 sec.
INFO: [HLS 200-111] Finished Scheduling: CPU user time: 1 seconds. CPU system time: 0 seconds. Elapsed time: 1.047 seconds; current allocated memory: 1.768 GB.
Execute       syn_report -verbosereport -o D:/MSDF_2_ZCU/EKF/solution1/.autopilot/db/ekf_batch_Pipeline_VITIS_LOOP_17_1_VITIS_LOOP_18_24.verbose.sched.rpt 
Execute         list_part -family xczu9eg-ffvb1156-2-e 
Execute           ap_family_info -name xczu9eg-ffvb1156-2-e -data names 
Execute           ap_part_info -quiet -name xczu9eg-ffvb1156-2-e -data family 
Command       syn_report done; 0.122 sec.
Execute       db_write -o D:/MSDF_2_ZCU/EKF/solution1/.autopilot/db/ekf_batch_Pipeline_VITIS_LOOP_17_1_VITIS_LOOP_18_24.sched.adb -f 
INFO-FLOW: Finish scheduling ekf_batch_Pipeline_VITIS_LOOP_17_1_VITIS_LOOP_18_24.
Execute       set_default_model ekf_batch_Pipeline_VITIS_LOOP_17_1_VITIS_LOOP_18_24 
Execute       bind -model ekf_batch_Pipeline_VITIS_LOOP_17_1_VITIS_LOOP_18_24 
INFO: [BIND 205-100] Starting micro-architecture generation ...
INFO: [BIND 205-101] Performing variable lifetime analysis.
INFO: [BIND 205-101] Exploring resource sharing.
INFO: [BIND 205-101] Binding ...
INFO: [BIND 205-100] Finished micro-architecture generation.
Command       bind done; 0.105 sec.
INFO: [HLS 200-111] Finished Binding: CPU user time: 0 seconds. CPU system time: 0 seconds. Elapsed time: 0.251 seconds; current allocated memory: 1.768 GB.
Execute       syn_report -verbosereport -o D:/MSDF_2_ZCU/EKF/solution1/.autopilot/db/ekf_batch_Pipeline_VITIS_LOOP_17_1_VITIS_LOOP_18_24.verbose.bind.rpt 
Execute         list_part -family xczu9eg-ffvb1156-2-e 
Execute           ap_family_info -name xczu9eg-ffvb1156-2-e -data names 
Execute           ap_part_info -quiet -name xczu9eg-ffvb1156-2-e -data family 
Execute       db_write -o D:/MSDF_2_ZCU/EKF/solution1/.autopilot/db/ekf_batch_Pipeline_VITIS_LOOP_17_1_VITIS_LOOP_18_24.bind.adb -f 
INFO-FLOW: Finish binding ekf_batch_Pipeline_VITIS_LOOP_17_1_VITIS_LOOP_18_24.
INFO: [HLS 200-10] ----------------------------------------------------------------
INFO: [HLS 200-42] -- Implementing module 'ekf_batch_Pipeline_VITIS_LOOP_117_8' 
INFO: [HLS 200-10] ----------------------------------------------------------------
Execute       set_default_model ekf_batch_Pipeline_VITIS_LOOP_117_8 
Execute       schedule -model ekf_batch_Pipeline_VITIS_LOOP_117_8 
INFO: [SCHED 204-11] Starting scheduling ...
INFO: [SCHED 204-61] Pipelining loop 'VITIS_LOOP_117_8'.
INFO: [HLS 200-1470] Pipelining result : Target II = NA, Final II = 1, Depth = 11, loop 'VITIS_LOOP_117_8'
INFO: [SCHED 204-11] Finished scheduling.
Command       schedule done; 0.931 sec.
INFO: [HLS 200-111] Finished Scheduling: CPU user time: 1 seconds. CPU system time: 0 seconds. Elapsed time: 1.02 seconds; current allocated memory: 1.770 GB.
Execute       syn_report -verbosereport -o D:/MSDF_2_ZCU/EKF/solution1/.autopilot/db/ekf_batch_Pipeline_VITIS_LOOP_117_8.verbose.sched.rpt 
Execute         list_part -family xczu9eg-ffvb1156-2-e 
Execute           ap_family_info -name xczu9eg-ffvb1156-2-e -data names 
Execute           ap_part_info -quiet -name xczu9eg-ffvb1156-2-e -data family 
Execute       db_write -o D:/MSDF_2_ZCU/EKF/solution1/.autopilot/db/ekf_batch_Pipeline_VITIS_LOOP_117_8.sched.adb -f 
INFO-FLOW: Finish scheduling ekf_batch_Pipeline_VITIS_LOOP_117_8.
Execute       set_default_model ekf_batch_Pipeline_VITIS_LOOP_117_8 
Execute       bind -model ekf_batch_Pipeline_VITIS_LOOP_117_8 
INFO: [BIND 205-100] Starting micro-architecture generation ...
INFO: [BIND 205-101] Performing variable lifetime analysis.
INFO: [BIND 205-101] Exploring resource sharing.
INFO: [BIND 205-101] Binding ...
INFO: [BIND 205-100] Finished micro-architecture generation.
INFO: [HLS 200-111] Finished Binding: CPU user time: 0 seconds. CPU system time: 0 seconds. Elapsed time: 0.123 seconds; current allocated memory: 1.770 GB.
Execute       syn_report -verbosereport -o D:/MSDF_2_ZCU/EKF/solution1/.autopilot/db/ekf_batch_Pipeline_VITIS_LOOP_117_8.verbose.bind.rpt 
Execute         list_part -family xczu9eg-ffvb1156-2-e 
Execute           ap_family_info -name xczu9eg-ffvb1156-2-e -data names 
Execute           ap_part_info -quiet -name xczu9eg-ffvb1156-2-e -data family 
Execute       db_write -o D:/MSDF_2_ZCU/EKF/solution1/.autopilot/db/ekf_batch_Pipeline_VITIS_LOOP_117_8.bind.adb -f 
INFO-FLOW: Finish binding ekf_batch_Pipeline_VITIS_LOOP_117_8.
INFO: [HLS 200-10] ----------------------------------------------------------------
INFO: [HLS 200-42] -- Implementing module 'ekf_batch_Pipeline_VITIS_LOOP_173_9' 
INFO: [HLS 200-10] ----------------------------------------------------------------
Execute       set_default_model ekf_batch_Pipeline_VITIS_LOOP_173_9 
Execute       schedule -model ekf_batch_Pipeline_VITIS_LOOP_173_9 
INFO: [SCHED 204-11] Starting scheduling ...
INFO: [SCHED 204-61] Pipelining loop 'VITIS_LOOP_173_9'.
INFO: [HLS 200-1470] Pipelining result : Target II = NA, Final II = 1, Depth = 1, loop 'VITIS_LOOP_173_9'
INFO: [SCHED 204-11] Finished scheduling.
INFO: [HLS 200-111] Finished Scheduling: CPU user time: 0 seconds. CPU system time: 0 seconds. Elapsed time: 0.154 seconds; current allocated memory: 1.771 GB.
Execute       syn_report -verbosereport -o D:/MSDF_2_ZCU/EKF/solution1/.autopilot/db/ekf_batch_Pipeline_VITIS_LOOP_173_9.verbose.sched.rpt 
Execute         list_part -family xczu9eg-ffvb1156-2-e 
Execute           ap_family_info -name xczu9eg-ffvb1156-2-e -data names 
Execute           ap_part_info -quiet -name xczu9eg-ffvb1156-2-e -data family 
Execute       db_write -o D:/MSDF_2_ZCU/EKF/solution1/.autopilot/db/ekf_batch_Pipeline_VITIS_LOOP_173_9.sched.adb -f 
INFO-FLOW: Finish scheduling ekf_batch_Pipeline_VITIS_LOOP_173_9.
Execute       set_default_model ekf_batch_Pipeline_VITIS_LOOP_173_9 
Execute       bind -model ekf_batch_Pipeline_VITIS_LOOP_173_9 
INFO: [BIND 205-100] Starting micro-architecture generation ...
INFO: [BIND 205-101] Performing variable lifetime analysis.
INFO: [BIND 205-101] Exploring resource sharing.
INFO: [BIND 205-101] Binding ...
INFO: [BIND 205-100] Finished micro-architecture generation.
INFO: [HLS 200-111] Finished Binding: CPU user time: 0 seconds. CPU system time: 0 seconds. Elapsed time: 0.051 seconds; current allocated memory: 1.771 GB.
Execute       syn_report -verbosereport -o D:/MSDF_2_ZCU/EKF/solution1/.autopilot/db/ekf_batch_Pipeline_VITIS_LOOP_173_9.verbose.bind.rpt 
Execute         list_part -family xczu9eg-ffvb1156-2-e 
Execute           ap_family_info -name xczu9eg-ffvb1156-2-e -data names 
Execute           ap_part_info -quiet -name xczu9eg-ffvb1156-2-e -data family 
Execute       db_write -o D:/MSDF_2_ZCU/EKF/solution1/.autopilot/db/ekf_batch_Pipeline_VITIS_LOOP_173_9.bind.adb -f 
INFO-FLOW: Finish binding ekf_batch_Pipeline_VITIS_LOOP_173_9.
INFO: [HLS 200-10] ----------------------------------------------------------------
INFO: [HLS 200-42] -- Implementing module 'ekf_batch_Pipeline_VITIS_LOOP_174_10_VITIS_LOOP_175_11' 
INFO: [HLS 200-10] ----------------------------------------------------------------
Execute       set_default_model ekf_batch_Pipeline_VITIS_LOOP_174_10_VITIS_LOOP_175_11 
Execute       schedule -model ekf_batch_Pipeline_VITIS_LOOP_174_10_VITIS_LOOP_175_11 
INFO: [SCHED 204-11] Starting scheduling ...
INFO: [SCHED 204-61] Pipelining loop 'VITIS_LOOP_174_10_VITIS_LOOP_175_11'.
INFO: [HLS 200-1470] Pipelining result : Target II = NA, Final II = 1, Depth = 1, loop 'VITIS_LOOP_174_10_VITIS_LOOP_175_11'
INFO: [SCHED 204-11] Finished scheduling.
INFO: [HLS 200-111] Finished Scheduling: CPU user time: 1 seconds. CPU system time: 0 seconds. Elapsed time: 0.13 seconds; current allocated memory: 1.771 GB.
Execute       syn_report -verbosereport -o D:/MSDF_2_ZCU/EKF/solution1/.autopilot/db/ekf_batch_Pipeline_VITIS_LOOP_174_10_VITIS_LOOP_175_11.verbose.sched.rpt 
Execute         list_part -family xczu9eg-ffvb1156-2-e 
Execute           ap_family_info -name xczu9eg-ffvb1156-2-e -data names 
Execute           ap_part_info -quiet -name xczu9eg-ffvb1156-2-e -data family 
Execute       db_write -o D:/MSDF_2_ZCU/EKF/solution1/.autopilot/db/ekf_batch_Pipeline_VITIS_LOOP_174_10_VITIS_LOOP_175_11.sched.adb -f 
INFO-FLOW: Finish scheduling ekf_batch_Pipeline_VITIS_LOOP_174_10_VITIS_LOOP_175_11.
Execute       set_default_model ekf_batch_Pipeline_VITIS_LOOP_174_10_VITIS_LOOP_175_11 
Execute       bind -model ekf_batch_Pipeline_VITIS_LOOP_174_10_VITIS_LOOP_175_11 
INFO: [BIND 205-100] Starting micro-architecture generation ...
INFO: [BIND 205-101] Performing variable lifetime analysis.
INFO: [BIND 205-101] Exploring resource sharing.
INFO: [BIND 205-101] Binding ...
INFO: [BIND 205-100] Finished micro-architecture generation.
INFO: [HLS 200-111] Finished Binding: CPU user time: 0 seconds. CPU system time: 0 seconds. Elapsed time: 0.056 seconds; current allocated memory: 1.772 GB.
Execute       syn_report -verbosereport -o D:/MSDF_2_ZCU/EKF/solution1/.autopilot/db/ekf_batch_Pipeline_VITIS_LOOP_174_10_VITIS_LOOP_175_11.verbose.bind.rpt 
Execute         list_part -family xczu9eg-ffvb1156-2-e 
Execute           ap_family_info -name xczu9eg-ffvb1156-2-e -data names 
Execute           ap_part_info -quiet -name xczu9eg-ffvb1156-2-e -data family 
Execute       db_write -o D:/MSDF_2_ZCU/EKF/solution1/.autopilot/db/ekf_batch_Pipeline_VITIS_LOOP_174_10_VITIS_LOOP_175_11.bind.adb -f 
INFO-FLOW: Finish binding ekf_batch_Pipeline_VITIS_LOOP_174_10_VITIS_LOOP_175_11.
INFO: [HLS 200-10] ----------------------------------------------------------------
INFO: [HLS 200-42] -- Implementing module 'ekf_batch_Pipeline_VITIS_LOOP_176_12' 
INFO: [HLS 200-10] ----------------------------------------------------------------
Execute       set_default_model ekf_batch_Pipeline_VITIS_LOOP_176_12 
Execute       schedule -model ekf_batch_Pipeline_VITIS_LOOP_176_12 
INFO: [SCHED 204-11] Starting scheduling ...
INFO: [SCHED 204-61] Pipelining loop 'VITIS_LOOP_176_12'.
INFO: [HLS 200-1470] Pipelining result : Target II = 1, Final II = 1, Depth = 3, loop 'VITIS_LOOP_176_12'
INFO: [SCHED 204-11] Finished scheduling.
INFO: [HLS 200-111] Finished Scheduling: CPU user time: 0 seconds. CPU system time: 0 seconds. Elapsed time: 0.086 seconds; current allocated memory: 1.772 GB.
Execute       syn_report -verbosereport -o D:/MSDF_2_ZCU/EKF/solution1/.autopilot/db/ekf_batch_Pipeline_VITIS_LOOP_176_12.verbose.sched.rpt 
Execute         list_part -family xczu9eg-ffvb1156-2-e 
Execute           ap_family_info -name xczu9eg-ffvb1156-2-e -data names 
Execute           ap_part_info -quiet -name xczu9eg-ffvb1156-2-e -data family 
Execute       db_write -o D:/MSDF_2_ZCU/EKF/solution1/.autopilot/db/ekf_batch_Pipeline_VITIS_LOOP_176_12.sched.adb -f 
INFO-FLOW: Finish scheduling ekf_batch_Pipeline_VITIS_LOOP_176_12.
Execute       set_default_model ekf_batch_Pipeline_VITIS_LOOP_176_12 
Execute       bind -model ekf_batch_Pipeline_VITIS_LOOP_176_12 
INFO: [BIND 205-100] Starting micro-architecture generation ...
INFO: [BIND 205-101] Performing variable lifetime analysis.
INFO: [BIND 205-101] Exploring resource sharing.
INFO: [BIND 205-101] Binding ...
INFO: [BIND 205-100] Finished micro-architecture generation.
INFO: [HLS 200-111] Finished Binding: CPU user time: 0 seconds. CPU system time: 0 seconds. Elapsed time: 0.062 seconds; current allocated memory: 1.772 GB.
Execute       syn_report -verbosereport -o D:/MSDF_2_ZCU/EKF/solution1/.autopilot/db/ekf_batch_Pipeline_VITIS_LOOP_176_12.verbose.bind.rpt 
Execute         list_part -family xczu9eg-ffvb1156-2-e 
Execute           ap_family_info -name xczu9eg-ffvb1156-2-e -data names 
Execute           ap_part_info -quiet -name xczu9eg-ffvb1156-2-e -data family 
Execute       db_write -o D:/MSDF_2_ZCU/EKF/solution1/.autopilot/db/ekf_batch_Pipeline_VITIS_LOOP_176_12.bind.adb -f 
INFO-FLOW: Finish binding ekf_batch_Pipeline_VITIS_LOOP_176_12.
INFO: [HLS 200-10] ----------------------------------------------------------------
INFO: [HLS 200-42] -- Implementing module 'ekf_batch' 
INFO: [HLS 200-10] ----------------------------------------------------------------
Execute       set_default_model ekf_batch 
Execute       schedule -model ekf_batch 
INFO: [SCHED 204-11] Starting scheduling ...
WARNING: [SCHED 204-65] Unable to satisfy pipeline directive for loop 'VITIS_LOOP_75_6': contains subloop(s) that are not unrolled or flattened.
WARNING: [SCHED 204-65] Unable to satisfy pipeline directive for loop 'VITIS_LOOP_119_10': contains subloop(s) that are not unrolled or flattened.
INFO: [SCHED 204-11] Finished scheduling.
Command       schedule done; 3.216 sec.
INFO: [HLS 200-111] Finished Scheduling: CPU user time: 3 seconds. CPU system time: 0 seconds. Elapsed time: 3.248 seconds; current allocated memory: 1.794 GB.
Execute       syn_report -verbosereport -o D:/MSDF_2_ZCU/EKF/solution1/.autopilot/db/ekf_batch.verbose.sched.rpt 
Execute         list_part -family xczu9eg-ffvb1156-2-e 
Execute           ap_family_info -name xczu9eg-ffvb1156-2-e -data names 
Execute           ap_part_info -quiet -name xczu9eg-ffvb1156-2-e -data family 
Command       syn_report done; 0.371 sec.
Execute       db_write -o D:/MSDF_2_ZCU/EKF/solution1/.autopilot/db/ekf_batch.sched.adb -f 
Command       db_write done; 0.104 sec.
INFO-FLOW: Finish scheduling ekf_batch.
Execute       set_default_model ekf_batch 
Execute       bind -model ekf_batch 
INFO: [BIND 205-100] Starting micro-architecture generation ...
INFO: [BIND 205-101] Performing variable lifetime analysis.
INFO: [BIND 205-101] Exploring resource sharing.
INFO: [BIND 205-101] Binding ...
INFO: [BIND 205-100] Finished micro-architecture generation.
Command       bind done; 0.436 sec.
INFO: [HLS 200-111] Finished Binding: CPU user time: 1 seconds. CPU system time: 0 seconds. Elapsed time: 0.911 seconds; current allocated memory: 1.794 GB.
Execute       syn_report -verbosereport -o D:/MSDF_2_ZCU/EKF/solution1/.autopilot/db/ekf_batch.verbose.bind.rpt 
Execute         list_part -family xczu9eg-ffvb1156-2-e 
Execute           ap_family_info -name xczu9eg-ffvb1156-2-e -data names 
Execute           ap_part_info -quiet -name xczu9eg-ffvb1156-2-e -data family 
Command       syn_report done; 0.168 sec.
Execute       db_write -o D:/MSDF_2_ZCU/EKF/solution1/.autopilot/db/ekf_batch.bind.adb -f 
Command       db_write done; 0.171 sec.
INFO-FLOW: Finish binding ekf_batch.
Execute       get_model_list ekf_batch -filter all-wo-channel 
INFO-FLOW: Preprocessing for RTLGen ...
Execute       rtl_gen_preprocess ekf_batch_Pipeline_VITIS_LOOP_148_3 
Execute       rtl_gen_preprocess ekf_batch_Pipeline_VITIS_LOOP_157_4 
Execute       rtl_gen_preprocess ekf_batch_Pipeline_VITIS_LOOP_158_5_VITIS_LOOP_159_6 
Execute       rtl_gen_preprocess ekf_batch_Pipeline_VITIS_LOOP_41_1_VITIS_LOOP_42_2 
Execute       rtl_gen_preprocess ekf_batch_Pipeline_VITIS_LOOP_45_3 
Execute       rtl_gen_preprocess ekf_batch_Pipeline_VITIS_LOOP_58_1 
Execute       rtl_gen_preprocess ekf_batch_Pipeline_VITIS_LOOP_64_3 
Execute       rtl_gen_preprocess ekf_batch_Pipeline_VITIS_LOOP_17_1_VITIS_LOOP_18_2 
Execute       rtl_gen_preprocess ekf_batch_Pipeline_VITIS_LOOP_30_1 
Execute       rtl_gen_preprocess ekf_batch_Pipeline_VITIS_LOOP_17_1_VITIS_LOOP_18_21 
Execute       rtl_gen_preprocess ekf_batch_Pipeline_VITIS_LOOP_73_4_VITIS_LOOP_74_5 
Execute       rtl_gen_preprocess ekf_batch_Pipeline_VITIS_LOOP_168_8 
Execute       rtl_gen_preprocess ekf_batch_Pipeline_VITIS_LOOP_89_1 
Execute       rtl_gen_preprocess ekf_batch_Pipeline_VITIS_LOOP_96_3 
Execute       rtl_gen_preprocess ekf_batch_Pipeline_VITIS_LOOP_101_4 
Execute       rtl_gen_preprocess ekf_batch_Pipeline_VITIS_LOOP_102_5 
Execute       rtl_gen_preprocess ekf_batch_Pipeline_VITIS_LOOP_109_6 
Execute       rtl_gen_preprocess ekf_batch_Pipeline_VITIS_LOOP_17_1_VITIS_LOOP_18_22 
Execute       rtl_gen_preprocess ekf_batch_Pipeline_VITIS_LOOP_30_13 
Execute       rtl_gen_preprocess ekf_batch_Pipeline_VITIS_LOOP_17_1_VITIS_LOOP_18_24 
Execute       rtl_gen_preprocess ekf_batch_Pipeline_VITIS_LOOP_117_8 
Execute       rtl_gen_preprocess ekf_batch_Pipeline_VITIS_LOOP_173_9 
Execute       rtl_gen_preprocess ekf_batch_Pipeline_VITIS_LOOP_174_10_VITIS_LOOP_175_11 
Execute       rtl_gen_preprocess ekf_batch_Pipeline_VITIS_LOOP_176_12 
Execute       rtl_gen_preprocess ekf_batch 
INFO-FLOW: Model list for RTL generation: ekf_batch_Pipeline_VITIS_LOOP_148_3 ekf_batch_Pipeline_VITIS_LOOP_157_4 ekf_batch_Pipeline_VITIS_LOOP_158_5_VITIS_LOOP_159_6 ekf_batch_Pipeline_VITIS_LOOP_41_1_VITIS_LOOP_42_2 ekf_batch_Pipeline_VITIS_LOOP_45_3 ekf_batch_Pipeline_VITIS_LOOP_58_1 ekf_batch_Pipeline_VITIS_LOOP_64_3 ekf_batch_Pipeline_VITIS_LOOP_17_1_VITIS_LOOP_18_2 ekf_batch_Pipeline_VITIS_LOOP_30_1 ekf_batch_Pipeline_VITIS_LOOP_17_1_VITIS_LOOP_18_21 ekf_batch_Pipeline_VITIS_LOOP_73_4_VITIS_LOOP_74_5 ekf_batch_Pipeline_VITIS_LOOP_168_8 ekf_batch_Pipeline_VITIS_LOOP_89_1 ekf_batch_Pipeline_VITIS_LOOP_96_3 ekf_batch_Pipeline_VITIS_LOOP_101_4 ekf_batch_Pipeline_VITIS_LOOP_102_5 ekf_batch_Pipeline_VITIS_LOOP_109_6 ekf_batch_Pipeline_VITIS_LOOP_17_1_VITIS_LOOP_18_22 ekf_batch_Pipeline_VITIS_LOOP_30_13 ekf_batch_Pipeline_VITIS_LOOP_17_1_VITIS_LOOP_18_24 ekf_batch_Pipeline_VITIS_LOOP_117_8 ekf_batch_Pipeline_VITIS_LOOP_173_9 ekf_batch_Pipeline_VITIS_LOOP_174_10_VITIS_LOOP_175_11 ekf_batch_Pipeline_VITIS_LOOP_176_12 ekf_batch
INFO: [HLS 200-10] ----------------------------------------------------------------
INFO: [HLS 200-10] -- Generating RTL for module 'ekf_batch_Pipeline_VITIS_LOOP_148_3' 
INFO: [HLS 200-10] ----------------------------------------------------------------
Execute       create_rtl_model ekf_batch_Pipeline_VITIS_LOOP_148_3 -top_prefix ekf_batch_ -sub_prefix ekf_batch_ -mg_file D:/MSDF_2_ZCU/EKF/solution1/.autopilot/db/ekf_batch_Pipeline_VITIS_LOOP_148_3.compgen.tcl 
INFO: [HLS 200-1030] Apply Unified Pipeline Control on module 'ekf_batch_Pipeline_VITIS_LOOP_148_3' pipeline 'VITIS_LOOP_148_3' pipeline type 'loop pipeline'
WARNING: [RTGEN 206-101] Setting dangling out port 'ekf_batch_Pipeline_VITIS_LOOP_148_3/m_axi_gmem0_ARVALID' to 0.
WARNING: [RTGEN 206-101] Setting dangling out port 'ekf_batch_Pipeline_VITIS_LOOP_148_3/m_axi_gmem0_ARADDR' to 0.
WARNING: [RTGEN 206-101] Setting dangling out port 'ekf_batch_Pipeline_VITIS_LOOP_148_3/m_axi_gmem0_ARID' to 0.
WARNING: [RTGEN 206-101] Setting dangling out port 'ekf_batch_Pipeline_VITIS_LOOP_148_3/m_axi_gmem0_ARLEN' to 0.
WARNING: [RTGEN 206-101] Setting dangling out port 'ekf_batch_Pipeline_VITIS_LOOP_148_3/m_axi_gmem0_ARSIZE' to 0.
WARNING: [RTGEN 206-101] Setting dangling out port 'ekf_batch_Pipeline_VITIS_LOOP_148_3/m_axi_gmem0_ARBURST' to 0.
WARNING: [RTGEN 206-101] Setting dangling out port 'ekf_batch_Pipeline_VITIS_LOOP_148_3/m_axi_gmem0_ARLOCK' to 0.
WARNING: [RTGEN 206-101] Setting dangling out port 'ekf_batch_Pipeline_VITIS_LOOP_148_3/m_axi_gmem0_ARCACHE' to 0.
WARNING: [RTGEN 206-101] Setting dangling out port 'ekf_batch_Pipeline_VITIS_LOOP_148_3/m_axi_gmem0_ARPROT' to 0.
WARNING: [RTGEN 206-101] Setting dangling out port 'ekf_batch_Pipeline_VITIS_LOOP_148_3/m_axi_gmem0_ARQOS' to 0.
WARNING: [RTGEN 206-101] Setting dangling out port 'ekf_batch_Pipeline_VITIS_LOOP_148_3/m_axi_gmem0_ARREGION' to 0.
WARNING: [RTGEN 206-101] Setting dangling out port 'ekf_batch_Pipeline_VITIS_LOOP_148_3/m_axi_gmem0_ARUSER' to 0.
INFO: [RTGEN 206-100] Finished creating RTL model for 'ekf_batch_Pipeline_VITIS_LOOP_148_3'.
Command       create_rtl_model done; 0.112 sec.
INFO: [HLS 200-111] Finished Creating RTL model: CPU user time: 0 seconds. CPU system time: 0 seconds. Elapsed time: 0.492 seconds; current allocated memory: 1.796 GB.
Execute       source D:/MSDF_2_ZCU/EKF/solution1/.autopilot/db/ekf_batch.rtl_wrap.cfg.tcl 
Execute       gen_rtl ekf_batch_Pipeline_VITIS_LOOP_148_3 -style xilinx -f -lang vhdl -o D:/MSDF_2_ZCU/EKF/solution1/syn/vhdl/ekf_batch_ekf_batch_Pipeline_VITIS_LOOP_148_3 
Execute       gen_rtl ekf_batch_Pipeline_VITIS_LOOP_148_3 -style xilinx -f -lang vlog -o D:/MSDF_2_ZCU/EKF/solution1/syn/verilog/ekf_batch_ekf_batch_Pipeline_VITIS_LOOP_148_3 
Execute       syn_report -csynth -model ekf_batch_Pipeline_VITIS_LOOP_148_3 -o D:/MSDF_2_ZCU/EKF/solution1/syn/report/ekf_batch_Pipeline_VITIS_LOOP_148_3_csynth.rpt 
Execute         list_part -family xczu9eg-ffvb1156-2-e 
Execute           ap_family_info -name xczu9eg-ffvb1156-2-e -data names 
Execute           ap_part_info -quiet -name xczu9eg-ffvb1156-2-e -data family 
Execute       syn_report -rtlxml -model ekf_batch_Pipeline_VITIS_LOOP_148_3 -o D:/MSDF_2_ZCU/EKF/solution1/syn/report/ekf_batch_Pipeline_VITIS_LOOP_148_3_csynth.xml 
Execute         list_part -family xczu9eg-ffvb1156-2-e 
Execute           ap_family_info -name xczu9eg-ffvb1156-2-e -data names 
Execute           ap_part_info -quiet -name xczu9eg-ffvb1156-2-e -data family 
Execute       syn_report -verbosereport -model ekf_batch_Pipeline_VITIS_LOOP_148_3 -o D:/MSDF_2_ZCU/EKF/solution1/.autopilot/db/ekf_batch_Pipeline_VITIS_LOOP_148_3.verbose.rpt 
Execute         list_part -family xczu9eg-ffvb1156-2-e 
Execute           ap_family_info -name xczu9eg-ffvb1156-2-e -data names 
Execute           ap_part_info -quiet -name xczu9eg-ffvb1156-2-e -data family 
Execute       db_write -model ekf_batch_Pipeline_VITIS_LOOP_148_3 -f -o D:/MSDF_2_ZCU/EKF/solution1/.autopilot/db/ekf_batch_Pipeline_VITIS_LOOP_148_3.adb 
Execute       db_write -model ekf_batch_Pipeline_VITIS_LOOP_148_3 -bindview -o D:/MSDF_2_ZCU/EKF/solution1/.autopilot/db/design.bindinfo.xml 
Execute       gen_tb_info ekf_batch_Pipeline_VITIS_LOOP_148_3 -p D:/MSDF_2_ZCU/EKF/solution1/.autopilot/db -o D:/MSDF_2_ZCU/EKF/solution1/.autopilot/db/ekf_batch_Pipeline_VITIS_LOOP_148_3 
INFO: [HLS 200-10] ----------------------------------------------------------------
INFO: [HLS 200-10] -- Generating RTL for module 'ekf_batch_Pipeline_VITIS_LOOP_157_4' 
INFO: [HLS 200-10] ----------------------------------------------------------------
Execute       create_rtl_model ekf_batch_Pipeline_VITIS_LOOP_157_4 -top_prefix ekf_batch_ -sub_prefix ekf_batch_ -mg_file D:/MSDF_2_ZCU/EKF/solution1/.autopilot/db/ekf_batch_Pipeline_VITIS_LOOP_157_4.compgen.tcl 
INFO: [RTGEN 206-100] Generating core module 'mux_6_3_32_1_1': 1 instance(s).
INFO: [RTGEN 206-100] Finished creating RTL model for 'ekf_batch_Pipeline_VITIS_LOOP_157_4'.
INFO: [HLS 200-111] Finished Creating RTL model: CPU user time: 0 seconds. CPU system time: 0 seconds. Elapsed time: 0.119 seconds; current allocated memory: 1.797 GB.
Execute       source D:/MSDF_2_ZCU/EKF/solution1/.autopilot/db/ekf_batch.rtl_wrap.cfg.tcl 
Execute       gen_rtl ekf_batch_Pipeline_VITIS_LOOP_157_4 -style xilinx -f -lang vhdl -o D:/MSDF_2_ZCU/EKF/solution1/syn/vhdl/ekf_batch_ekf_batch_Pipeline_VITIS_LOOP_157_4 
Execute       gen_rtl ekf_batch_Pipeline_VITIS_LOOP_157_4 -style xilinx -f -lang vlog -o D:/MSDF_2_ZCU/EKF/solution1/syn/verilog/ekf_batch_ekf_batch_Pipeline_VITIS_LOOP_157_4 
Execute       syn_report -csynth -model ekf_batch_Pipeline_VITIS_LOOP_157_4 -o D:/MSDF_2_ZCU/EKF/solution1/syn/report/ekf_batch_Pipeline_VITIS_LOOP_157_4_csynth.rpt 
Execute         list_part -family xczu9eg-ffvb1156-2-e 
Execute           ap_family_info -name xczu9eg-ffvb1156-2-e -data names 
Execute           ap_part_info -quiet -name xczu9eg-ffvb1156-2-e -data family 
Execute       syn_report -rtlxml -model ekf_batch_Pipeline_VITIS_LOOP_157_4 -o D:/MSDF_2_ZCU/EKF/solution1/syn/report/ekf_batch_Pipeline_VITIS_LOOP_157_4_csynth.xml 
Execute         list_part -family xczu9eg-ffvb1156-2-e 
Execute           ap_family_info -name xczu9eg-ffvb1156-2-e -data names 
Execute           ap_part_info -quiet -name xczu9eg-ffvb1156-2-e -data family 
Execute       syn_report -verbosereport -model ekf_batch_Pipeline_VITIS_LOOP_157_4 -o D:/MSDF_2_ZCU/EKF/solution1/.autopilot/db/ekf_batch_Pipeline_VITIS_LOOP_157_4.verbose.rpt 
Execute         list_part -family xczu9eg-ffvb1156-2-e 
Execute           ap_family_info -name xczu9eg-ffvb1156-2-e -data names 
Execute           ap_part_info -quiet -name xczu9eg-ffvb1156-2-e -data family 
Execute       db_write -model ekf_batch_Pipeline_VITIS_LOOP_157_4 -f -o D:/MSDF_2_ZCU/EKF/solution1/.autopilot/db/ekf_batch_Pipeline_VITIS_LOOP_157_4.adb 
Execute       db_write -model ekf_batch_Pipeline_VITIS_LOOP_157_4 -bindview -o D:/MSDF_2_ZCU/EKF/solution1/.autopilot/db/design.bindinfo.xml 
Execute       gen_tb_info ekf_batch_Pipeline_VITIS_LOOP_157_4 -p D:/MSDF_2_ZCU/EKF/solution1/.autopilot/db -o D:/MSDF_2_ZCU/EKF/solution1/.autopilot/db/ekf_batch_Pipeline_VITIS_LOOP_157_4 
INFO: [HLS 200-10] ----------------------------------------------------------------
INFO: [HLS 200-10] -- Generating RTL for module 'ekf_batch_Pipeline_VITIS_LOOP_158_5_VITIS_LOOP_159_6' 
INFO: [HLS 200-10] ----------------------------------------------------------------
Execute       create_rtl_model ekf_batch_Pipeline_VITIS_LOOP_158_5_VITIS_LOOP_159_6 -top_prefix ekf_batch_ -sub_prefix ekf_batch_ -mg_file D:/MSDF_2_ZCU/EKF/solution1/.autopilot/db/ekf_batch_Pipeline_VITIS_LOOP_158_5_VITIS_LOOP_159_6.compgen.tcl 
INFO: [HLS 200-1030] Apply Unified Pipeline Control on module 'ekf_batch_Pipeline_VITIS_LOOP_158_5_VITIS_LOOP_159_6' pipeline 'VITIS_LOOP_158_5_VITIS_LOOP_159_6' pipeline type 'loop pipeline'
INFO: [RTGEN 206-100] Generating core module 'mux_8_3_32_1_1': 1 instance(s).
INFO: [RTGEN 206-100] Finished creating RTL model for 'ekf_batch_Pipeline_VITIS_LOOP_158_5_VITIS_LOOP_159_6'.
INFO: [HLS 200-111] Finished Creating RTL model: CPU user time: 0 seconds. CPU system time: 0 seconds. Elapsed time: 0.1 seconds; current allocated memory: 1.797 GB.
Execute       source D:/MSDF_2_ZCU/EKF/solution1/.autopilot/db/ekf_batch.rtl_wrap.cfg.tcl 
Execute       gen_rtl ekf_batch_Pipeline_VITIS_LOOP_158_5_VITIS_LOOP_159_6 -style xilinx -f -lang vhdl -o D:/MSDF_2_ZCU/EKF/solution1/syn/vhdl/ekf_batch_ekf_batch_Pipeline_VITIS_LOOP_158_5_VITIS_LOOP_159_6 
Execute       gen_rtl ekf_batch_Pipeline_VITIS_LOOP_158_5_VITIS_LOOP_159_6 -style xilinx -f -lang vlog -o D:/MSDF_2_ZCU/EKF/solution1/syn/verilog/ekf_batch_ekf_batch_Pipeline_VITIS_LOOP_158_5_VITIS_LOOP_159_6 
Execute       syn_report -csynth -model ekf_batch_Pipeline_VITIS_LOOP_158_5_VITIS_LOOP_159_6 -o D:/MSDF_2_ZCU/EKF/solution1/syn/report/ekf_batch_Pipeline_VITIS_LOOP_158_5_VITIS_LOOP_159_6_csynth.rpt 
Execute         list_part -family xczu9eg-ffvb1156-2-e 
Execute           ap_family_info -name xczu9eg-ffvb1156-2-e -data names 
Execute           ap_part_info -quiet -name xczu9eg-ffvb1156-2-e -data family 
Execute       syn_report -rtlxml -model ekf_batch_Pipeline_VITIS_LOOP_158_5_VITIS_LOOP_159_6 -o D:/MSDF_2_ZCU/EKF/solution1/syn/report/ekf_batch_Pipeline_VITIS_LOOP_158_5_VITIS_LOOP_159_6_csynth.xml 
Execute         list_part -family xczu9eg-ffvb1156-2-e 
Execute           ap_family_info -name xczu9eg-ffvb1156-2-e -data names 
Execute           ap_part_info -quiet -name xczu9eg-ffvb1156-2-e -data family 
Execute       syn_report -verbosereport -model ekf_batch_Pipeline_VITIS_LOOP_158_5_VITIS_LOOP_159_6 -o D:/MSDF_2_ZCU/EKF/solution1/.autopilot/db/ekf_batch_Pipeline_VITIS_LOOP_158_5_VITIS_LOOP_159_6.verbose.rpt 
Execute         list_part -family xczu9eg-ffvb1156-2-e 
Execute           ap_family_info -name xczu9eg-ffvb1156-2-e -data names 
Execute           ap_part_info -quiet -name xczu9eg-ffvb1156-2-e -data family 
Execute       db_write -model ekf_batch_Pipeline_VITIS_LOOP_158_5_VITIS_LOOP_159_6 -f -o D:/MSDF_2_ZCU/EKF/solution1/.autopilot/db/ekf_batch_Pipeline_VITIS_LOOP_158_5_VITIS_LOOP_159_6.adb 
Execute       db_write -model ekf_batch_Pipeline_VITIS_LOOP_158_5_VITIS_LOOP_159_6 -bindview -o D:/MSDF_2_ZCU/EKF/solution1/.autopilot/db/design.bindinfo.xml 
Execute       gen_tb_info ekf_batch_Pipeline_VITIS_LOOP_158_5_VITIS_LOOP_159_6 -p D:/MSDF_2_ZCU/EKF/solution1/.autopilot/db -o D:/MSDF_2_ZCU/EKF/solution1/.autopilot/db/ekf_batch_Pipeline_VITIS_LOOP_158_5_VITIS_LOOP_159_6 
INFO: [HLS 200-10] ----------------------------------------------------------------
INFO: [HLS 200-10] -- Generating RTL for module 'ekf_batch_Pipeline_VITIS_LOOP_41_1_VITIS_LOOP_42_2' 
INFO: [HLS 200-10] ----------------------------------------------------------------
Execute       create_rtl_model ekf_batch_Pipeline_VITIS_LOOP_41_1_VITIS_LOOP_42_2 -top_prefix ekf_batch_ -sub_prefix ekf_batch_ -mg_file D:/MSDF_2_ZCU/EKF/solution1/.autopilot/db/ekf_batch_Pipeline_VITIS_LOOP_41_1_VITIS_LOOP_42_2.compgen.tcl 
INFO: [RTGEN 206-100] Finished creating RTL model for 'ekf_batch_Pipeline_VITIS_LOOP_41_1_VITIS_LOOP_42_2'.
INFO: [HLS 200-111] Finished Creating RTL model: CPU user time: 0 seconds. CPU system time: 0 seconds. Elapsed time: 0.159 seconds; current allocated memory: 1.798 GB.
Execute       source D:/MSDF_2_ZCU/EKF/solution1/.autopilot/db/ekf_batch.rtl_wrap.cfg.tcl 
Execute       gen_rtl ekf_batch_Pipeline_VITIS_LOOP_41_1_VITIS_LOOP_42_2 -style xilinx -f -lang vhdl -o D:/MSDF_2_ZCU/EKF/solution1/syn/vhdl/ekf_batch_ekf_batch_Pipeline_VITIS_LOOP_41_1_VITIS_LOOP_42_2 
Execute       gen_rtl ekf_batch_Pipeline_VITIS_LOOP_41_1_VITIS_LOOP_42_2 -style xilinx -f -lang vlog -o D:/MSDF_2_ZCU/EKF/solution1/syn/verilog/ekf_batch_ekf_batch_Pipeline_VITIS_LOOP_41_1_VITIS_LOOP_42_2 
Execute       syn_report -csynth -model ekf_batch_Pipeline_VITIS_LOOP_41_1_VITIS_LOOP_42_2 -o D:/MSDF_2_ZCU/EKF/solution1/syn/report/ekf_batch_Pipeline_VITIS_LOOP_41_1_VITIS_LOOP_42_2_csynth.rpt 
Execute         list_part -family xczu9eg-ffvb1156-2-e 
Execute           ap_family_info -name xczu9eg-ffvb1156-2-e -data names 
Execute           ap_part_info -quiet -name xczu9eg-ffvb1156-2-e -data family 
Execute       syn_report -rtlxml -model ekf_batch_Pipeline_VITIS_LOOP_41_1_VITIS_LOOP_42_2 -o D:/MSDF_2_ZCU/EKF/solution1/syn/report/ekf_batch_Pipeline_VITIS_LOOP_41_1_VITIS_LOOP_42_2_csynth.xml 
Execute         list_part -family xczu9eg-ffvb1156-2-e 
Execute           ap_family_info -name xczu9eg-ffvb1156-2-e -data names 
Execute           ap_part_info -quiet -name xczu9eg-ffvb1156-2-e -data family 
Execute       syn_report -verbosereport -model ekf_batch_Pipeline_VITIS_LOOP_41_1_VITIS_LOOP_42_2 -o D:/MSDF_2_ZCU/EKF/solution1/.autopilot/db/ekf_batch_Pipeline_VITIS_LOOP_41_1_VITIS_LOOP_42_2.verbose.rpt 
Execute         list_part -family xczu9eg-ffvb1156-2-e 
Execute           ap_family_info -name xczu9eg-ffvb1156-2-e -data names 
Execute           ap_part_info -quiet -name xczu9eg-ffvb1156-2-e -data family 
Execute       db_write -model ekf_batch_Pipeline_VITIS_LOOP_41_1_VITIS_LOOP_42_2 -f -o D:/MSDF_2_ZCU/EKF/solution1/.autopilot/db/ekf_batch_Pipeline_VITIS_LOOP_41_1_VITIS_LOOP_42_2.adb 
Execute       db_write -model ekf_batch_Pipeline_VITIS_LOOP_41_1_VITIS_LOOP_42_2 -bindview -o D:/MSDF_2_ZCU/EKF/solution1/.autopilot/db/design.bindinfo.xml 
Execute       gen_tb_info ekf_batch_Pipeline_VITIS_LOOP_41_1_VITIS_LOOP_42_2 -p D:/MSDF_2_ZCU/EKF/solution1/.autopilot/db -o D:/MSDF_2_ZCU/EKF/solution1/.autopilot/db/ekf_batch_Pipeline_VITIS_LOOP_41_1_VITIS_LOOP_42_2 
INFO: [HLS 200-10] ----------------------------------------------------------------
INFO: [HLS 200-10] -- Generating RTL for module 'ekf_batch_Pipeline_VITIS_LOOP_45_3' 
INFO: [HLS 200-10] ----------------------------------------------------------------
Execute       create_rtl_model ekf_batch_Pipeline_VITIS_LOOP_45_3 -top_prefix ekf_batch_ -sub_prefix ekf_batch_ -mg_file D:/MSDF_2_ZCU/EKF/solution1/.autopilot/db/ekf_batch_Pipeline_VITIS_LOOP_45_3.compgen.tcl 
INFO: [RTGEN 206-100] Finished creating RTL model for 'ekf_batch_Pipeline_VITIS_LOOP_45_3'.
INFO: [HLS 200-111] Finished Creating RTL model: CPU user time: 0 seconds. CPU system time: 0 seconds. Elapsed time: 0.167 seconds; current allocated memory: 1.800 GB.
Execute       source D:/MSDF_2_ZCU/EKF/solution1/.autopilot/db/ekf_batch.rtl_wrap.cfg.tcl 
Execute       gen_rtl ekf_batch_Pipeline_VITIS_LOOP_45_3 -style xilinx -f -lang vhdl -o D:/MSDF_2_ZCU/EKF/solution1/syn/vhdl/ekf_batch_ekf_batch_Pipeline_VITIS_LOOP_45_3 
Execute       gen_rtl ekf_batch_Pipeline_VITIS_LOOP_45_3 -style xilinx -f -lang vlog -o D:/MSDF_2_ZCU/EKF/solution1/syn/verilog/ekf_batch_ekf_batch_Pipeline_VITIS_LOOP_45_3 
Execute       syn_report -csynth -model ekf_batch_Pipeline_VITIS_LOOP_45_3 -o D:/MSDF_2_ZCU/EKF/solution1/syn/report/ekf_batch_Pipeline_VITIS_LOOP_45_3_csynth.rpt 
Execute         list_part -family xczu9eg-ffvb1156-2-e 
Execute           ap_family_info -name xczu9eg-ffvb1156-2-e -data names 
Execute           ap_part_info -quiet -name xczu9eg-ffvb1156-2-e -data family 
Execute       syn_report -rtlxml -model ekf_batch_Pipeline_VITIS_LOOP_45_3 -o D:/MSDF_2_ZCU/EKF/solution1/syn/report/ekf_batch_Pipeline_VITIS_LOOP_45_3_csynth.xml 
Execute         list_part -family xczu9eg-ffvb1156-2-e 
Execute           ap_family_info -name xczu9eg-ffvb1156-2-e -data names 
Execute           ap_part_info -quiet -name xczu9eg-ffvb1156-2-e -data family 
Execute       syn_report -verbosereport -model ekf_batch_Pipeline_VITIS_LOOP_45_3 -o D:/MSDF_2_ZCU/EKF/solution1/.autopilot/db/ekf_batch_Pipeline_VITIS_LOOP_45_3.verbose.rpt 
Execute         list_part -family xczu9eg-ffvb1156-2-e 
Execute           ap_family_info -name xczu9eg-ffvb1156-2-e -data names 
Execute           ap_part_info -quiet -name xczu9eg-ffvb1156-2-e -data family 
Execute       db_write -model ekf_batch_Pipeline_VITIS_LOOP_45_3 -f -o D:/MSDF_2_ZCU/EKF/solution1/.autopilot/db/ekf_batch_Pipeline_VITIS_LOOP_45_3.adb 
Execute       db_write -model ekf_batch_Pipeline_VITIS_LOOP_45_3 -bindview -o D:/MSDF_2_ZCU/EKF/solution1/.autopilot/db/design.bindinfo.xml 
Execute       gen_tb_info ekf_batch_Pipeline_VITIS_LOOP_45_3 -p D:/MSDF_2_ZCU/EKF/solution1/.autopilot/db -o D:/MSDF_2_ZCU/EKF/solution1/.autopilot/db/ekf_batch_Pipeline_VITIS_LOOP_45_3 
INFO: [HLS 200-10] ----------------------------------------------------------------
INFO: [HLS 200-10] -- Generating RTL for module 'ekf_batch_Pipeline_VITIS_LOOP_58_1' 
INFO: [HLS 200-10] ----------------------------------------------------------------
Execute       create_rtl_model ekf_batch_Pipeline_VITIS_LOOP_58_1 -top_prefix ekf_batch_ -sub_prefix ekf_batch_ -mg_file D:/MSDF_2_ZCU/EKF/solution1/.autopilot/db/ekf_batch_Pipeline_VITIS_LOOP_58_1.compgen.tcl 
INFO: [HLS 200-1030] Apply Unified Pipeline Control on module 'ekf_batch_Pipeline_VITIS_LOOP_58_1' pipeline 'VITIS_LOOP_58_1' pipeline type 'loop pipeline'
INFO: [RTGEN 206-100] Generating core module 'fadd_32ns_32ns_32_4_full_dsp_1': 5 instance(s).
INFO: [RTGEN 206-100] Generating core module 'faddfsub_32ns_32ns_32_4_full_dsp_1': 1 instance(s).
INFO: [RTGEN 206-100] Generating core module 'fmul_32ns_32ns_32_3_max_dsp_1': 6 instance(s).
INFO: [RTGEN 206-100] Generating core module 'mux_6_3_32_1_1': 6 instance(s).
INFO: [RTGEN 206-100] Finished creating RTL model for 'ekf_batch_Pipeline_VITIS_LOOP_58_1'.
INFO: [HLS 200-111] Finished Creating RTL model: CPU user time: 1 seconds. CPU system time: 0 seconds. Elapsed time: 0.153 seconds; current allocated memory: 1.804 GB.
Execute       source D:/MSDF_2_ZCU/EKF/solution1/.autopilot/db/ekf_batch.rtl_wrap.cfg.tcl 
Execute       gen_rtl ekf_batch_Pipeline_VITIS_LOOP_58_1 -style xilinx -f -lang vhdl -o D:/MSDF_2_ZCU/EKF/solution1/syn/vhdl/ekf_batch_ekf_batch_Pipeline_VITIS_LOOP_58_1 
Execute       gen_rtl ekf_batch_Pipeline_VITIS_LOOP_58_1 -style xilinx -f -lang vlog -o D:/MSDF_2_ZCU/EKF/solution1/syn/verilog/ekf_batch_ekf_batch_Pipeline_VITIS_LOOP_58_1 
Execute       syn_report -csynth -model ekf_batch_Pipeline_VITIS_LOOP_58_1 -o D:/MSDF_2_ZCU/EKF/solution1/syn/report/ekf_batch_Pipeline_VITIS_LOOP_58_1_csynth.rpt 
Execute         list_part -family xczu9eg-ffvb1156-2-e 
Execute           ap_family_info -name xczu9eg-ffvb1156-2-e -data names 
Execute           ap_part_info -quiet -name xczu9eg-ffvb1156-2-e -data family 
Execute       syn_report -rtlxml -model ekf_batch_Pipeline_VITIS_LOOP_58_1 -o D:/MSDF_2_ZCU/EKF/solution1/syn/report/ekf_batch_Pipeline_VITIS_LOOP_58_1_csynth.xml 
Execute         list_part -family xczu9eg-ffvb1156-2-e 
Execute           ap_family_info -name xczu9eg-ffvb1156-2-e -data names 
Execute           ap_part_info -quiet -name xczu9eg-ffvb1156-2-e -data family 
Execute       syn_report -verbosereport -model ekf_batch_Pipeline_VITIS_LOOP_58_1 -o D:/MSDF_2_ZCU/EKF/solution1/.autopilot/db/ekf_batch_Pipeline_VITIS_LOOP_58_1.verbose.rpt 
Execute         list_part -family xczu9eg-ffvb1156-2-e 
Execute           ap_family_info -name xczu9eg-ffvb1156-2-e -data names 
Execute           ap_part_info -quiet -name xczu9eg-ffvb1156-2-e -data family 
Execute       db_write -model ekf_batch_Pipeline_VITIS_LOOP_58_1 -f -o D:/MSDF_2_ZCU/EKF/solution1/.autopilot/db/ekf_batch_Pipeline_VITIS_LOOP_58_1.adb 
Execute       db_write -model ekf_batch_Pipeline_VITIS_LOOP_58_1 -bindview -o D:/MSDF_2_ZCU/EKF/solution1/.autopilot/db/design.bindinfo.xml 
Execute       gen_tb_info ekf_batch_Pipeline_VITIS_LOOP_58_1 -p D:/MSDF_2_ZCU/EKF/solution1/.autopilot/db -o D:/MSDF_2_ZCU/EKF/solution1/.autopilot/db/ekf_batch_Pipeline_VITIS_LOOP_58_1 
INFO: [HLS 200-10] ----------------------------------------------------------------
INFO: [HLS 200-10] -- Generating RTL for module 'ekf_batch_Pipeline_VITIS_LOOP_64_3' 
INFO: [HLS 200-10] ----------------------------------------------------------------
Execute       create_rtl_model ekf_batch_Pipeline_VITIS_LOOP_64_3 -top_prefix ekf_batch_ -sub_prefix ekf_batch_ -mg_file D:/MSDF_2_ZCU/EKF/solution1/.autopilot/db/ekf_batch_Pipeline_VITIS_LOOP_64_3.compgen.tcl 
INFO: [RTGEN 206-100] Generating core module 'mux_6_3_32_1_1': 1 instance(s).
INFO: [RTGEN 206-100] Finished creating RTL model for 'ekf_batch_Pipeline_VITIS_LOOP_64_3'.
INFO: [HLS 200-111] Finished Creating RTL model: CPU user time: 0 seconds. CPU system time: 0 seconds. Elapsed time: 0.149 seconds; current allocated memory: 1.805 GB.
Execute       source D:/MSDF_2_ZCU/EKF/solution1/.autopilot/db/ekf_batch.rtl_wrap.cfg.tcl 
Execute       gen_rtl ekf_batch_Pipeline_VITIS_LOOP_64_3 -style xilinx -f -lang vhdl -o D:/MSDF_2_ZCU/EKF/solution1/syn/vhdl/ekf_batch_ekf_batch_Pipeline_VITIS_LOOP_64_3 
Execute       gen_rtl ekf_batch_Pipeline_VITIS_LOOP_64_3 -style xilinx -f -lang vlog -o D:/MSDF_2_ZCU/EKF/solution1/syn/verilog/ekf_batch_ekf_batch_Pipeline_VITIS_LOOP_64_3 
Execute       syn_report -csynth -model ekf_batch_Pipeline_VITIS_LOOP_64_3 -o D:/MSDF_2_ZCU/EKF/solution1/syn/report/ekf_batch_Pipeline_VITIS_LOOP_64_3_csynth.rpt 
Execute         list_part -family xczu9eg-ffvb1156-2-e 
Execute           ap_family_info -name xczu9eg-ffvb1156-2-e -data names 
Execute           ap_part_info -quiet -name xczu9eg-ffvb1156-2-e -data family 
Execute       syn_report -rtlxml -model ekf_batch_Pipeline_VITIS_LOOP_64_3 -o D:/MSDF_2_ZCU/EKF/solution1/syn/report/ekf_batch_Pipeline_VITIS_LOOP_64_3_csynth.xml 
Execute         list_part -family xczu9eg-ffvb1156-2-e 
Execute           ap_family_info -name xczu9eg-ffvb1156-2-e -data names 
Execute           ap_part_info -quiet -name xczu9eg-ffvb1156-2-e -data family 
Execute       syn_report -verbosereport -model ekf_batch_Pipeline_VITIS_LOOP_64_3 -o D:/MSDF_2_ZCU/EKF/solution1/.autopilot/db/ekf_batch_Pipeline_VITIS_LOOP_64_3.verbose.rpt 
Execute         list_part -family xczu9eg-ffvb1156-2-e 
Execute           ap_family_info -name xczu9eg-ffvb1156-2-e -data names 
Execute           ap_part_info -quiet -name xczu9eg-ffvb1156-2-e -data family 
Execute       db_write -model ekf_batch_Pipeline_VITIS_LOOP_64_3 -f -o D:/MSDF_2_ZCU/EKF/solution1/.autopilot/db/ekf_batch_Pipeline_VITIS_LOOP_64_3.adb 
Execute       db_write -model ekf_batch_Pipeline_VITIS_LOOP_64_3 -bindview -o D:/MSDF_2_ZCU/EKF/solution1/.autopilot/db/design.bindinfo.xml 
Execute       gen_tb_info ekf_batch_Pipeline_VITIS_LOOP_64_3 -p D:/MSDF_2_ZCU/EKF/solution1/.autopilot/db -o D:/MSDF_2_ZCU/EKF/solution1/.autopilot/db/ekf_batch_Pipeline_VITIS_LOOP_64_3 
INFO: [HLS 200-10] ----------------------------------------------------------------
INFO: [HLS 200-10] -- Generating RTL for module 'ekf_batch_Pipeline_VITIS_LOOP_17_1_VITIS_LOOP_18_2' 
INFO: [HLS 200-10] ----------------------------------------------------------------
Execute       create_rtl_model ekf_batch_Pipeline_VITIS_LOOP_17_1_VITIS_LOOP_18_2 -top_prefix ekf_batch_ -sub_prefix ekf_batch_ -mg_file D:/MSDF_2_ZCU/EKF/solution1/.autopilot/db/ekf_batch_Pipeline_VITIS_LOOP_17_1_VITIS_LOOP_18_2.compgen.tcl 
INFO: [HLS 200-1030] Apply Unified Pipeline Control on module 'ekf_batch_Pipeline_VITIS_LOOP_17_1_VITIS_LOOP_18_2' pipeline 'VITIS_LOOP_17_1_VITIS_LOOP_18_2' pipeline type 'loop pipeline'
INFO: [RTGEN 206-100] Generating core module 'fadd_32ns_32ns_32_4_full_dsp_1': 1 instance(s).
INFO: [RTGEN 206-100] Generating core module 'faddfsub_32ns_32ns_32_4_full_dsp_1': 5 instance(s).
INFO: [RTGEN 206-100] Generating core module 'fmul_32ns_32ns_32_3_max_dsp_1': 6 instance(s).
INFO: [RTGEN 206-100] Generating core module 'mux_6_3_32_1_1': 18 instance(s).
INFO: [RTGEN 206-100] Finished creating RTL model for 'ekf_batch_Pipeline_VITIS_LOOP_17_1_VITIS_LOOP_18_2'.
Command       create_rtl_model done; 0.128 sec.
INFO: [HLS 200-111] Finished Creating RTL model: CPU user time: 0 seconds. CPU system time: 0 seconds. Elapsed time: 0.2 seconds; current allocated memory: 1.813 GB.
Execute       source D:/MSDF_2_ZCU/EKF/solution1/.autopilot/db/ekf_batch.rtl_wrap.cfg.tcl 
Execute       gen_rtl ekf_batch_Pipeline_VITIS_LOOP_17_1_VITIS_LOOP_18_2 -style xilinx -f -lang vhdl -o D:/MSDF_2_ZCU/EKF/solution1/syn/vhdl/ekf_batch_ekf_batch_Pipeline_VITIS_LOOP_17_1_VITIS_LOOP_18_2 
Execute       gen_rtl ekf_batch_Pipeline_VITIS_LOOP_17_1_VITIS_LOOP_18_2 -style xilinx -f -lang vlog -o D:/MSDF_2_ZCU/EKF/solution1/syn/verilog/ekf_batch_ekf_batch_Pipeline_VITIS_LOOP_17_1_VITIS_LOOP_18_2 
Execute       syn_report -csynth -model ekf_batch_Pipeline_VITIS_LOOP_17_1_VITIS_LOOP_18_2 -o D:/MSDF_2_ZCU/EKF/solution1/syn/report/ekf_batch_Pipeline_VITIS_LOOP_17_1_VITIS_LOOP_18_2_csynth.rpt 
Execute         list_part -family xczu9eg-ffvb1156-2-e 
Execute           ap_family_info -name xczu9eg-ffvb1156-2-e -data names 
Execute           ap_part_info -quiet -name xczu9eg-ffvb1156-2-e -data family 
Execute       syn_report -rtlxml -model ekf_batch_Pipeline_VITIS_LOOP_17_1_VITIS_LOOP_18_2 -o D:/MSDF_2_ZCU/EKF/solution1/syn/report/ekf_batch_Pipeline_VITIS_LOOP_17_1_VITIS_LOOP_18_2_csynth.xml 
Execute         list_part -family xczu9eg-ffvb1156-2-e 
Execute           ap_family_info -name xczu9eg-ffvb1156-2-e -data names 
Execute           ap_part_info -quiet -name xczu9eg-ffvb1156-2-e -data family 
Execute       syn_report -verbosereport -model ekf_batch_Pipeline_VITIS_LOOP_17_1_VITIS_LOOP_18_2 -o D:/MSDF_2_ZCU/EKF/solution1/.autopilot/db/ekf_batch_Pipeline_VITIS_LOOP_17_1_VITIS_LOOP_18_2.verbose.rpt 
Execute         list_part -family xczu9eg-ffvb1156-2-e 
Execute           ap_family_info -name xczu9eg-ffvb1156-2-e -data names 
Execute           ap_part_info -quiet -name xczu9eg-ffvb1156-2-e -data family 
Execute       db_write -model ekf_batch_Pipeline_VITIS_LOOP_17_1_VITIS_LOOP_18_2 -f -o D:/MSDF_2_ZCU/EKF/solution1/.autopilot/db/ekf_batch_Pipeline_VITIS_LOOP_17_1_VITIS_LOOP_18_2.adb 
Execute       db_write -model ekf_batch_Pipeline_VITIS_LOOP_17_1_VITIS_LOOP_18_2 -bindview -o D:/MSDF_2_ZCU/EKF/solution1/.autopilot/db/design.bindinfo.xml 
Execute       gen_tb_info ekf_batch_Pipeline_VITIS_LOOP_17_1_VITIS_LOOP_18_2 -p D:/MSDF_2_ZCU/EKF/solution1/.autopilot/db -o D:/MSDF_2_ZCU/EKF/solution1/.autopilot/db/ekf_batch_Pipeline_VITIS_LOOP_17_1_VITIS_LOOP_18_2 
INFO: [HLS 200-10] ----------------------------------------------------------------
INFO: [HLS 200-10] -- Generating RTL for module 'ekf_batch_Pipeline_VITIS_LOOP_30_1' 
INFO: [HLS 200-10] ----------------------------------------------------------------
Execute       create_rtl_model ekf_batch_Pipeline_VITIS_LOOP_30_1 -top_prefix ekf_batch_ -sub_prefix ekf_batch_ -mg_file D:/MSDF_2_ZCU/EKF/solution1/.autopilot/db/ekf_batch_Pipeline_VITIS_LOOP_30_1.compgen.tcl 
INFO: [RTGEN 206-100] Generating core module 'mux_6_3_32_1_1': 6 instance(s).
INFO: [RTGEN 206-100] Finished creating RTL model for 'ekf_batch_Pipeline_VITIS_LOOP_30_1'.
INFO: [HLS 200-111] Finished Creating RTL model: CPU user time: 0 seconds. CPU system time: 0 seconds. Elapsed time: 0.295 seconds; current allocated memory: 1.818 GB.
Execute       source D:/MSDF_2_ZCU/EKF/solution1/.autopilot/db/ekf_batch.rtl_wrap.cfg.tcl 
Execute       gen_rtl ekf_batch_Pipeline_VITIS_LOOP_30_1 -style xilinx -f -lang vhdl -o D:/MSDF_2_ZCU/EKF/solution1/syn/vhdl/ekf_batch_ekf_batch_Pipeline_VITIS_LOOP_30_1 
Execute       gen_rtl ekf_batch_Pipeline_VITIS_LOOP_30_1 -style xilinx -f -lang vlog -o D:/MSDF_2_ZCU/EKF/solution1/syn/verilog/ekf_batch_ekf_batch_Pipeline_VITIS_LOOP_30_1 
Execute       syn_report -csynth -model ekf_batch_Pipeline_VITIS_LOOP_30_1 -o D:/MSDF_2_ZCU/EKF/solution1/syn/report/ekf_batch_Pipeline_VITIS_LOOP_30_1_csynth.rpt 
Execute         list_part -family xczu9eg-ffvb1156-2-e 
Execute           ap_family_info -name xczu9eg-ffvb1156-2-e -data names 
Execute           ap_part_info -quiet -name xczu9eg-ffvb1156-2-e -data family 
Execute       syn_report -rtlxml -model ekf_batch_Pipeline_VITIS_LOOP_30_1 -o D:/MSDF_2_ZCU/EKF/solution1/syn/report/ekf_batch_Pipeline_VITIS_LOOP_30_1_csynth.xml 
Execute         list_part -family xczu9eg-ffvb1156-2-e 
Execute           ap_family_info -name xczu9eg-ffvb1156-2-e -data names 
Execute           ap_part_info -quiet -name xczu9eg-ffvb1156-2-e -data family 
Execute       syn_report -verbosereport -model ekf_batch_Pipeline_VITIS_LOOP_30_1 -o D:/MSDF_2_ZCU/EKF/solution1/.autopilot/db/ekf_batch_Pipeline_VITIS_LOOP_30_1.verbose.rpt 
Execute         list_part -family xczu9eg-ffvb1156-2-e 
Execute           ap_family_info -name xczu9eg-ffvb1156-2-e -data names 
Execute           ap_part_info -quiet -name xczu9eg-ffvb1156-2-e -data family 
Execute       db_write -model ekf_batch_Pipeline_VITIS_LOOP_30_1 -f -o D:/MSDF_2_ZCU/EKF/solution1/.autopilot/db/ekf_batch_Pipeline_VITIS_LOOP_30_1.adb 
Execute       db_write -model ekf_batch_Pipeline_VITIS_LOOP_30_1 -bindview -o D:/MSDF_2_ZCU/EKF/solution1/.autopilot/db/design.bindinfo.xml 
Execute       gen_tb_info ekf_batch_Pipeline_VITIS_LOOP_30_1 -p D:/MSDF_2_ZCU/EKF/solution1/.autopilot/db -o D:/MSDF_2_ZCU/EKF/solution1/.autopilot/db/ekf_batch_Pipeline_VITIS_LOOP_30_1 
INFO: [HLS 200-10] ----------------------------------------------------------------
INFO: [HLS 200-10] -- Generating RTL for module 'ekf_batch_Pipeline_VITIS_LOOP_17_1_VITIS_LOOP_18_21' 
INFO: [HLS 200-10] ----------------------------------------------------------------
Execute       create_rtl_model ekf_batch_Pipeline_VITIS_LOOP_17_1_VITIS_LOOP_18_21 -top_prefix ekf_batch_ -sub_prefix ekf_batch_ -mg_file D:/MSDF_2_ZCU/EKF/solution1/.autopilot/db/ekf_batch_Pipeline_VITIS_LOOP_17_1_VITIS_LOOP_18_21.compgen.tcl 
INFO: [HLS 200-1030] Apply Unified Pipeline Control on module 'ekf_batch_Pipeline_VITIS_LOOP_17_1_VITIS_LOOP_18_21' pipeline 'VITIS_LOOP_17_1_VITIS_LOOP_18_2' pipeline type 'loop pipeline'
INFO: [RTGEN 206-100] Generating core module 'fadd_32ns_32ns_32_4_full_dsp_1': 1 instance(s).
INFO: [RTGEN 206-100] Generating core module 'faddfsub_32ns_32ns_32_4_full_dsp_1': 5 instance(s).
INFO: [RTGEN 206-100] Generating core module 'fmul_32ns_32ns_32_3_max_dsp_1': 6 instance(s).
INFO: [RTGEN 206-100] Generating core module 'mux_6_3_32_1_1': 18 instance(s).
INFO: [RTGEN 206-100] Finished creating RTL model for 'ekf_batch_Pipeline_VITIS_LOOP_17_1_VITIS_LOOP_18_21'.
Command       create_rtl_model done; 0.129 sec.
INFO: [HLS 200-111] Finished Creating RTL model: CPU user time: 0 seconds. CPU system time: 0 seconds. Elapsed time: 0.236 seconds; current allocated memory: 1.827 GB.
Execute       source D:/MSDF_2_ZCU/EKF/solution1/.autopilot/db/ekf_batch.rtl_wrap.cfg.tcl 
Execute       gen_rtl ekf_batch_Pipeline_VITIS_LOOP_17_1_VITIS_LOOP_18_21 -style xilinx -f -lang vhdl -o D:/MSDF_2_ZCU/EKF/solution1/syn/vhdl/ekf_batch_ekf_batch_Pipeline_VITIS_LOOP_17_1_VITIS_LOOP_18_21 
Execute       gen_rtl ekf_batch_Pipeline_VITIS_LOOP_17_1_VITIS_LOOP_18_21 -style xilinx -f -lang vlog -o D:/MSDF_2_ZCU/EKF/solution1/syn/verilog/ekf_batch_ekf_batch_Pipeline_VITIS_LOOP_17_1_VITIS_LOOP_18_21 
Execute       syn_report -csynth -model ekf_batch_Pipeline_VITIS_LOOP_17_1_VITIS_LOOP_18_21 -o D:/MSDF_2_ZCU/EKF/solution1/syn/report/ekf_batch_Pipeline_VITIS_LOOP_17_1_VITIS_LOOP_18_21_csynth.rpt 
Execute         list_part -family xczu9eg-ffvb1156-2-e 
Execute           ap_family_info -name xczu9eg-ffvb1156-2-e -data names 
Execute           ap_part_info -quiet -name xczu9eg-ffvb1156-2-e -data family 
Execute       syn_report -rtlxml -model ekf_batch_Pipeline_VITIS_LOOP_17_1_VITIS_LOOP_18_21 -o D:/MSDF_2_ZCU/EKF/solution1/syn/report/ekf_batch_Pipeline_VITIS_LOOP_17_1_VITIS_LOOP_18_21_csynth.xml 
Execute         list_part -family xczu9eg-ffvb1156-2-e 
Execute           ap_family_info -name xczu9eg-ffvb1156-2-e -data names 
Execute           ap_part_info -quiet -name xczu9eg-ffvb1156-2-e -data family 
Execute       syn_report -verbosereport -model ekf_batch_Pipeline_VITIS_LOOP_17_1_VITIS_LOOP_18_21 -o D:/MSDF_2_ZCU/EKF/solution1/.autopilot/db/ekf_batch_Pipeline_VITIS_LOOP_17_1_VITIS_LOOP_18_21.verbose.rpt 
Execute         list_part -family xczu9eg-ffvb1156-2-e 
Execute           ap_family_info -name xczu9eg-ffvb1156-2-e -data names 
Execute           ap_part_info -quiet -name xczu9eg-ffvb1156-2-e -data family 
Execute       db_write -model ekf_batch_Pipeline_VITIS_LOOP_17_1_VITIS_LOOP_18_21 -f -o D:/MSDF_2_ZCU/EKF/solution1/.autopilot/db/ekf_batch_Pipeline_VITIS_LOOP_17_1_VITIS_LOOP_18_21.adb 
Execute       db_write -model ekf_batch_Pipeline_VITIS_LOOP_17_1_VITIS_LOOP_18_21 -bindview -o D:/MSDF_2_ZCU/EKF/solution1/.autopilot/db/design.bindinfo.xml 
Execute       gen_tb_info ekf_batch_Pipeline_VITIS_LOOP_17_1_VITIS_LOOP_18_21 -p D:/MSDF_2_ZCU/EKF/solution1/.autopilot/db -o D:/MSDF_2_ZCU/EKF/solution1/.autopilot/db/ekf_batch_Pipeline_VITIS_LOOP_17_1_VITIS_LOOP_18_21 
INFO: [HLS 200-10] ----------------------------------------------------------------
INFO: [HLS 200-10] -- Generating RTL for module 'ekf_batch_Pipeline_VITIS_LOOP_73_4_VITIS_LOOP_74_5' 
INFO: [HLS 200-10] ----------------------------------------------------------------
Execute       create_rtl_model ekf_batch_Pipeline_VITIS_LOOP_73_4_VITIS_LOOP_74_5 -top_prefix ekf_batch_ -sub_prefix ekf_batch_ -mg_file D:/MSDF_2_ZCU/EKF/solution1/.autopilot/db/ekf_batch_Pipeline_VITIS_LOOP_73_4_VITIS_LOOP_74_5.compgen.tcl 
INFO: [HLS 200-1030] Apply Unified Pipeline Control on module 'ekf_batch_Pipeline_VITIS_LOOP_73_4_VITIS_LOOP_74_5' pipeline 'VITIS_LOOP_73_4_VITIS_LOOP_74_5' pipeline type 'loop pipeline'
INFO: [RTGEN 206-100] Generating core module 'fadd_32ns_32ns_32_4_full_dsp_1': 1 instance(s).
INFO: [RTGEN 206-100] Generating core module 'mux_6_3_32_1_1': 14 instance(s).
INFO: [RTGEN 206-100] Finished creating RTL model for 'ekf_batch_Pipeline_VITIS_LOOP_73_4_VITIS_LOOP_74_5'.
INFO: [HLS 200-111] Finished Creating RTL model: CPU user time: 1 seconds. CPU system time: 1 seconds. Elapsed time: 0.309 seconds; current allocated memory: 1.833 GB.
Execute       source D:/MSDF_2_ZCU/EKF/solution1/.autopilot/db/ekf_batch.rtl_wrap.cfg.tcl 
Execute       gen_rtl ekf_batch_Pipeline_VITIS_LOOP_73_4_VITIS_LOOP_74_5 -style xilinx -f -lang vhdl -o D:/MSDF_2_ZCU/EKF/solution1/syn/vhdl/ekf_batch_ekf_batch_Pipeline_VITIS_LOOP_73_4_VITIS_LOOP_74_5 
Execute       gen_rtl ekf_batch_Pipeline_VITIS_LOOP_73_4_VITIS_LOOP_74_5 -style xilinx -f -lang vlog -o D:/MSDF_2_ZCU/EKF/solution1/syn/verilog/ekf_batch_ekf_batch_Pipeline_VITIS_LOOP_73_4_VITIS_LOOP_74_5 
Execute       syn_report -csynth -model ekf_batch_Pipeline_VITIS_LOOP_73_4_VITIS_LOOP_74_5 -o D:/MSDF_2_ZCU/EKF/solution1/syn/report/ekf_batch_Pipeline_VITIS_LOOP_73_4_VITIS_LOOP_74_5_csynth.rpt 
Execute         list_part -family xczu9eg-ffvb1156-2-e 
Execute           ap_family_info -name xczu9eg-ffvb1156-2-e -data names 
Execute           ap_part_info -quiet -name xczu9eg-ffvb1156-2-e -data family 
Command       syn_report done; 0.119 sec.
Execute       syn_report -rtlxml -model ekf_batch_Pipeline_VITIS_LOOP_73_4_VITIS_LOOP_74_5 -o D:/MSDF_2_ZCU/EKF/solution1/syn/report/ekf_batch_Pipeline_VITIS_LOOP_73_4_VITIS_LOOP_74_5_csynth.xml 
Execute         list_part -family xczu9eg-ffvb1156-2-e 
Execute           ap_family_info -name xczu9eg-ffvb1156-2-e -data names 
Execute           ap_part_info -quiet -name xczu9eg-ffvb1156-2-e -data family 
Execute       syn_report -verbosereport -model ekf_batch_Pipeline_VITIS_LOOP_73_4_VITIS_LOOP_74_5 -o D:/MSDF_2_ZCU/EKF/solution1/.autopilot/db/ekf_batch_Pipeline_VITIS_LOOP_73_4_VITIS_LOOP_74_5.verbose.rpt 
Execute         list_part -family xczu9eg-ffvb1156-2-e 
Execute           ap_family_info -name xczu9eg-ffvb1156-2-e -data names 
Execute           ap_part_info -quiet -name xczu9eg-ffvb1156-2-e -data family 
Execute       db_write -model ekf_batch_Pipeline_VITIS_LOOP_73_4_VITIS_LOOP_74_5 -f -o D:/MSDF_2_ZCU/EKF/solution1/.autopilot/db/ekf_batch_Pipeline_VITIS_LOOP_73_4_VITIS_LOOP_74_5.adb 
Execute       db_write -model ekf_batch_Pipeline_VITIS_LOOP_73_4_VITIS_LOOP_74_5 -bindview -o D:/MSDF_2_ZCU/EKF/solution1/.autopilot/db/design.bindinfo.xml 
Execute       gen_tb_info ekf_batch_Pipeline_VITIS_LOOP_73_4_VITIS_LOOP_74_5 -p D:/MSDF_2_ZCU/EKF/solution1/.autopilot/db -o D:/MSDF_2_ZCU/EKF/solution1/.autopilot/db/ekf_batch_Pipeline_VITIS_LOOP_73_4_VITIS_LOOP_74_5 
INFO: [HLS 200-10] ----------------------------------------------------------------
INFO: [HLS 200-10] -- Generating RTL for module 'ekf_batch_Pipeline_VITIS_LOOP_168_8' 
INFO: [HLS 200-10] ----------------------------------------------------------------
Execute       create_rtl_model ekf_batch_Pipeline_VITIS_LOOP_168_8 -top_prefix ekf_batch_ -sub_prefix ekf_batch_ -mg_file D:/MSDF_2_ZCU/EKF/solution1/.autopilot/db/ekf_batch_Pipeline_VITIS_LOOP_168_8.compgen.tcl 
INFO: [HLS 200-1030] Apply Unified Pipeline Control on module 'ekf_batch_Pipeline_VITIS_LOOP_168_8' pipeline 'VITIS_LOOP_168_8' pipeline type 'loop pipeline'
INFO: [RTGEN 206-100] Generating core module 'mux_6_3_32_1_1': 1 instance(s).
INFO: [RTGEN 206-100] Finished creating RTL model for 'ekf_batch_Pipeline_VITIS_LOOP_168_8'.
INFO: [HLS 200-111] Finished Creating RTL model: CPU user time: 0 seconds. CPU system time: 0 seconds. Elapsed time: 0.454 seconds; current allocated memory: 1.839 GB.
Execute       source D:/MSDF_2_ZCU/EKF/solution1/.autopilot/db/ekf_batch.rtl_wrap.cfg.tcl 
Execute       gen_rtl ekf_batch_Pipeline_VITIS_LOOP_168_8 -style xilinx -f -lang vhdl -o D:/MSDF_2_ZCU/EKF/solution1/syn/vhdl/ekf_batch_ekf_batch_Pipeline_VITIS_LOOP_168_8 
Execute       gen_rtl ekf_batch_Pipeline_VITIS_LOOP_168_8 -style xilinx -f -lang vlog -o D:/MSDF_2_ZCU/EKF/solution1/syn/verilog/ekf_batch_ekf_batch_Pipeline_VITIS_LOOP_168_8 
Execute       syn_report -csynth -model ekf_batch_Pipeline_VITIS_LOOP_168_8 -o D:/MSDF_2_ZCU/EKF/solution1/syn/report/ekf_batch_Pipeline_VITIS_LOOP_168_8_csynth.rpt 
Execute         list_part -family xczu9eg-ffvb1156-2-e 
Execute           ap_family_info -name xczu9eg-ffvb1156-2-e -data names 
Execute           ap_part_info -quiet -name xczu9eg-ffvb1156-2-e -data family 
Execute       syn_report -rtlxml -model ekf_batch_Pipeline_VITIS_LOOP_168_8 -o D:/MSDF_2_ZCU/EKF/solution1/syn/report/ekf_batch_Pipeline_VITIS_LOOP_168_8_csynth.xml 
Execute         list_part -family xczu9eg-ffvb1156-2-e 
Execute           ap_family_info -name xczu9eg-ffvb1156-2-e -data names 
Execute           ap_part_info -quiet -name xczu9eg-ffvb1156-2-e -data family 
Execute       syn_report -verbosereport -model ekf_batch_Pipeline_VITIS_LOOP_168_8 -o D:/MSDF_2_ZCU/EKF/solution1/.autopilot/db/ekf_batch_Pipeline_VITIS_LOOP_168_8.verbose.rpt 
Execute         list_part -family xczu9eg-ffvb1156-2-e 
Execute           ap_family_info -name xczu9eg-ffvb1156-2-e -data names 
Execute           ap_part_info -quiet -name xczu9eg-ffvb1156-2-e -data family 
Execute       db_write -model ekf_batch_Pipeline_VITIS_LOOP_168_8 -f -o D:/MSDF_2_ZCU/EKF/solution1/.autopilot/db/ekf_batch_Pipeline_VITIS_LOOP_168_8.adb 
Execute       db_write -model ekf_batch_Pipeline_VITIS_LOOP_168_8 -bindview -o D:/MSDF_2_ZCU/EKF/solution1/.autopilot/db/design.bindinfo.xml 
Execute       gen_tb_info ekf_batch_Pipeline_VITIS_LOOP_168_8 -p D:/MSDF_2_ZCU/EKF/solution1/.autopilot/db -o D:/MSDF_2_ZCU/EKF/solution1/.autopilot/db/ekf_batch_Pipeline_VITIS_LOOP_168_8 
INFO: [HLS 200-10] ----------------------------------------------------------------
INFO: [HLS 200-10] -- Generating RTL for module 'ekf_batch_Pipeline_VITIS_LOOP_89_1' 
INFO: [HLS 200-10] ----------------------------------------------------------------
Execute       create_rtl_model ekf_batch_Pipeline_VITIS_LOOP_89_1 -top_prefix ekf_batch_ -sub_prefix ekf_batch_ -mg_file D:/MSDF_2_ZCU/EKF/solution1/.autopilot/db/ekf_batch_Pipeline_VITIS_LOOP_89_1.compgen.tcl 
INFO: [HLS 200-1030] Apply Unified Pipeline Control on module 'ekf_batch_Pipeline_VITIS_LOOP_89_1' pipeline 'VITIS_LOOP_89_1' pipeline type 'loop pipeline'
INFO: [RTGEN 206-100] Generating core module 'fadd_32ns_32ns_32_4_full_dsp_1': 1 instance(s).
INFO: [RTGEN 206-100] Generating core module 'faddfsub_32ns_32ns_32_4_full_dsp_1': 5 instance(s).
INFO: [RTGEN 206-100] Generating core module 'fmul_32ns_32ns_32_3_max_dsp_1': 6 instance(s).
INFO: [RTGEN 206-100] Generating core module 'mux_6_3_32_1_1': 6 instance(s).
INFO: [RTGEN 206-100] Finished creating RTL model for 'ekf_batch_Pipeline_VITIS_LOOP_89_1'.
INFO: [HLS 200-111] Finished Creating RTL model: CPU user time: 0 seconds. CPU system time: 0 seconds. Elapsed time: 0.159 seconds; current allocated memory: 1.843 GB.
Execute       source D:/MSDF_2_ZCU/EKF/solution1/.autopilot/db/ekf_batch.rtl_wrap.cfg.tcl 
Execute       gen_rtl ekf_batch_Pipeline_VITIS_LOOP_89_1 -style xilinx -f -lang vhdl -o D:/MSDF_2_ZCU/EKF/solution1/syn/vhdl/ekf_batch_ekf_batch_Pipeline_VITIS_LOOP_89_1 
Execute       gen_rtl ekf_batch_Pipeline_VITIS_LOOP_89_1 -style xilinx -f -lang vlog -o D:/MSDF_2_ZCU/EKF/solution1/syn/verilog/ekf_batch_ekf_batch_Pipeline_VITIS_LOOP_89_1 
Execute       syn_report -csynth -model ekf_batch_Pipeline_VITIS_LOOP_89_1 -o D:/MSDF_2_ZCU/EKF/solution1/syn/report/ekf_batch_Pipeline_VITIS_LOOP_89_1_csynth.rpt 
Execute         list_part -family xczu9eg-ffvb1156-2-e 
Execute           ap_family_info -name xczu9eg-ffvb1156-2-e -data names 
Execute           ap_part_info -quiet -name xczu9eg-ffvb1156-2-e -data family 
Execute       syn_report -rtlxml -model ekf_batch_Pipeline_VITIS_LOOP_89_1 -o D:/MSDF_2_ZCU/EKF/solution1/syn/report/ekf_batch_Pipeline_VITIS_LOOP_89_1_csynth.xml 
Execute         list_part -family xczu9eg-ffvb1156-2-e 
Execute           ap_family_info -name xczu9eg-ffvb1156-2-e -data names 
Execute           ap_part_info -quiet -name xczu9eg-ffvb1156-2-e -data family 
Execute       syn_report -verbosereport -model ekf_batch_Pipeline_VITIS_LOOP_89_1 -o D:/MSDF_2_ZCU/EKF/solution1/.autopilot/db/ekf_batch_Pipeline_VITIS_LOOP_89_1.verbose.rpt 
Execute         list_part -family xczu9eg-ffvb1156-2-e 
Execute           ap_family_info -name xczu9eg-ffvb1156-2-e -data names 
Execute           ap_part_info -quiet -name xczu9eg-ffvb1156-2-e -data family 
Execute       db_write -model ekf_batch_Pipeline_VITIS_LOOP_89_1 -f -o D:/MSDF_2_ZCU/EKF/solution1/.autopilot/db/ekf_batch_Pipeline_VITIS_LOOP_89_1.adb 
Execute       db_write -model ekf_batch_Pipeline_VITIS_LOOP_89_1 -bindview -o D:/MSDF_2_ZCU/EKF/solution1/.autopilot/db/design.bindinfo.xml 
Execute       gen_tb_info ekf_batch_Pipeline_VITIS_LOOP_89_1 -p D:/MSDF_2_ZCU/EKF/solution1/.autopilot/db -o D:/MSDF_2_ZCU/EKF/solution1/.autopilot/db/ekf_batch_Pipeline_VITIS_LOOP_89_1 
INFO: [HLS 200-10] ----------------------------------------------------------------
INFO: [HLS 200-10] -- Generating RTL for module 'ekf_batch_Pipeline_VITIS_LOOP_96_3' 
INFO: [HLS 200-10] ----------------------------------------------------------------
Execute       create_rtl_model ekf_batch_Pipeline_VITIS_LOOP_96_3 -top_prefix ekf_batch_ -sub_prefix ekf_batch_ -mg_file D:/MSDF_2_ZCU/EKF/solution1/.autopilot/db/ekf_batch_Pipeline_VITIS_LOOP_96_3.compgen.tcl 
INFO: [HLS 200-1030] Apply Unified Pipeline Control on module 'ekf_batch_Pipeline_VITIS_LOOP_96_3' pipeline 'VITIS_LOOP_96_3' pipeline type 'loop pipeline'
INFO: [RTGEN 206-100] Generating core module 'fadd_32ns_32ns_32_4_full_dsp_1': 1 instance(s).
INFO: [RTGEN 206-100] Generating core module 'fmul_32ns_32ns_32_3_max_dsp_1': 1 instance(s).
INFO: [RTGEN 206-100] Generating core module 'mux_6_3_32_1_1': 2 instance(s).
INFO: [RTGEN 206-100] Finished creating RTL model for 'ekf_batch_Pipeline_VITIS_LOOP_96_3'.
INFO: [HLS 200-111] Finished Creating RTL model: CPU user time: 0 seconds. CPU system time: 0 seconds. Elapsed time: 0.172 seconds; current allocated memory: 1.845 GB.
Execute       source D:/MSDF_2_ZCU/EKF/solution1/.autopilot/db/ekf_batch.rtl_wrap.cfg.tcl 
Execute       gen_rtl ekf_batch_Pipeline_VITIS_LOOP_96_3 -style xilinx -f -lang vhdl -o D:/MSDF_2_ZCU/EKF/solution1/syn/vhdl/ekf_batch_ekf_batch_Pipeline_VITIS_LOOP_96_3 
Execute       gen_rtl ekf_batch_Pipeline_VITIS_LOOP_96_3 -style xilinx -f -lang vlog -o D:/MSDF_2_ZCU/EKF/solution1/syn/verilog/ekf_batch_ekf_batch_Pipeline_VITIS_LOOP_96_3 
Execute       syn_report -csynth -model ekf_batch_Pipeline_VITIS_LOOP_96_3 -o D:/MSDF_2_ZCU/EKF/solution1/syn/report/ekf_batch_Pipeline_VITIS_LOOP_96_3_csynth.rpt 
Execute         list_part -family xczu9eg-ffvb1156-2-e 
Execute           ap_family_info -name xczu9eg-ffvb1156-2-e -data names 
Execute           ap_part_info -quiet -name xczu9eg-ffvb1156-2-e -data family 
Execute       syn_report -rtlxml -model ekf_batch_Pipeline_VITIS_LOOP_96_3 -o D:/MSDF_2_ZCU/EKF/solution1/syn/report/ekf_batch_Pipeline_VITIS_LOOP_96_3_csynth.xml 
Execute         list_part -family xczu9eg-ffvb1156-2-e 
Execute           ap_family_info -name xczu9eg-ffvb1156-2-e -data names 
Execute           ap_part_info -quiet -name xczu9eg-ffvb1156-2-e -data family 
Execute       syn_report -verbosereport -model ekf_batch_Pipeline_VITIS_LOOP_96_3 -o D:/MSDF_2_ZCU/EKF/solution1/.autopilot/db/ekf_batch_Pipeline_VITIS_LOOP_96_3.verbose.rpt 
Execute         list_part -family xczu9eg-ffvb1156-2-e 
Execute           ap_family_info -name xczu9eg-ffvb1156-2-e -data names 
Execute           ap_part_info -quiet -name xczu9eg-ffvb1156-2-e -data family 
Execute       db_write -model ekf_batch_Pipeline_VITIS_LOOP_96_3 -f -o D:/MSDF_2_ZCU/EKF/solution1/.autopilot/db/ekf_batch_Pipeline_VITIS_LOOP_96_3.adb 
Execute       db_write -model ekf_batch_Pipeline_VITIS_LOOP_96_3 -bindview -o D:/MSDF_2_ZCU/EKF/solution1/.autopilot/db/design.bindinfo.xml 
Execute       gen_tb_info ekf_batch_Pipeline_VITIS_LOOP_96_3 -p D:/MSDF_2_ZCU/EKF/solution1/.autopilot/db -o D:/MSDF_2_ZCU/EKF/solution1/.autopilot/db/ekf_batch_Pipeline_VITIS_LOOP_96_3 
INFO: [HLS 200-10] ----------------------------------------------------------------
INFO: [HLS 200-10] -- Generating RTL for module 'ekf_batch_Pipeline_VITIS_LOOP_101_4' 
INFO: [HLS 200-10] ----------------------------------------------------------------
Execute       create_rtl_model ekf_batch_Pipeline_VITIS_LOOP_101_4 -top_prefix ekf_batch_ -sub_prefix ekf_batch_ -mg_file D:/MSDF_2_ZCU/EKF/solution1/.autopilot/db/ekf_batch_Pipeline_VITIS_LOOP_101_4.compgen.tcl 
INFO: [HLS 200-1030] Apply Unified Pipeline Control on module 'ekf_batch_Pipeline_VITIS_LOOP_101_4' pipeline 'VITIS_LOOP_101_4' pipeline type 'loop pipeline'
INFO: [RTGEN 206-100] Generating core module 'fmul_32ns_32ns_32_3_max_dsp_1': 1 instance(s).
INFO: [RTGEN 206-100] Generating core module 'mux_6_3_32_1_1': 1 instance(s).
INFO: [RTGEN 206-100] Finished creating RTL model for 'ekf_batch_Pipeline_VITIS_LOOP_101_4'.
INFO: [HLS 200-111] Finished Creating RTL model: CPU user time: 0 seconds. CPU system time: 0 seconds. Elapsed time: 0.161 seconds; current allocated memory: 1.846 GB.
Execute       source D:/MSDF_2_ZCU/EKF/solution1/.autopilot/db/ekf_batch.rtl_wrap.cfg.tcl 
Execute       gen_rtl ekf_batch_Pipeline_VITIS_LOOP_101_4 -style xilinx -f -lang vhdl -o D:/MSDF_2_ZCU/EKF/solution1/syn/vhdl/ekf_batch_ekf_batch_Pipeline_VITIS_LOOP_101_4 
Execute       gen_rtl ekf_batch_Pipeline_VITIS_LOOP_101_4 -style xilinx -f -lang vlog -o D:/MSDF_2_ZCU/EKF/solution1/syn/verilog/ekf_batch_ekf_batch_Pipeline_VITIS_LOOP_101_4 
Execute       syn_report -csynth -model ekf_batch_Pipeline_VITIS_LOOP_101_4 -o D:/MSDF_2_ZCU/EKF/solution1/syn/report/ekf_batch_Pipeline_VITIS_LOOP_101_4_csynth.rpt 
Execute         list_part -family xczu9eg-ffvb1156-2-e 
Execute           ap_family_info -name xczu9eg-ffvb1156-2-e -data names 
Execute           ap_part_info -quiet -name xczu9eg-ffvb1156-2-e -data family 
Execute       syn_report -rtlxml -model ekf_batch_Pipeline_VITIS_LOOP_101_4 -o D:/MSDF_2_ZCU/EKF/solution1/syn/report/ekf_batch_Pipeline_VITIS_LOOP_101_4_csynth.xml 
Execute         list_part -family xczu9eg-ffvb1156-2-e 
Execute           ap_family_info -name xczu9eg-ffvb1156-2-e -data names 
Execute           ap_part_info -quiet -name xczu9eg-ffvb1156-2-e -data family 
Execute       syn_report -verbosereport -model ekf_batch_Pipeline_VITIS_LOOP_101_4 -o D:/MSDF_2_ZCU/EKF/solution1/.autopilot/db/ekf_batch_Pipeline_VITIS_LOOP_101_4.verbose.rpt 
Execute         list_part -family xczu9eg-ffvb1156-2-e 
Execute           ap_family_info -name xczu9eg-ffvb1156-2-e -data names 
Execute           ap_part_info -quiet -name xczu9eg-ffvb1156-2-e -data family 
Execute       db_write -model ekf_batch_Pipeline_VITIS_LOOP_101_4 -f -o D:/MSDF_2_ZCU/EKF/solution1/.autopilot/db/ekf_batch_Pipeline_VITIS_LOOP_101_4.adb 
Execute       db_write -model ekf_batch_Pipeline_VITIS_LOOP_101_4 -bindview -o D:/MSDF_2_ZCU/EKF/solution1/.autopilot/db/design.bindinfo.xml 
Execute       gen_tb_info ekf_batch_Pipeline_VITIS_LOOP_101_4 -p D:/MSDF_2_ZCU/EKF/solution1/.autopilot/db -o D:/MSDF_2_ZCU/EKF/solution1/.autopilot/db/ekf_batch_Pipeline_VITIS_LOOP_101_4 
INFO: [HLS 200-10] ----------------------------------------------------------------
INFO: [HLS 200-10] -- Generating RTL for module 'ekf_batch_Pipeline_VITIS_LOOP_102_5' 
INFO: [HLS 200-10] ----------------------------------------------------------------
Execute       create_rtl_model ekf_batch_Pipeline_VITIS_LOOP_102_5 -top_prefix ekf_batch_ -sub_prefix ekf_batch_ -mg_file D:/MSDF_2_ZCU/EKF/solution1/.autopilot/db/ekf_batch_Pipeline_VITIS_LOOP_102_5.compgen.tcl 
INFO: [HLS 200-1030] Apply Unified Pipeline Control on module 'ekf_batch_Pipeline_VITIS_LOOP_102_5' pipeline 'VITIS_LOOP_102_5' pipeline type 'loop pipeline'
INFO: [RTGEN 206-100] Generating core module 'fadd_32ns_32ns_32_4_full_dsp_1': 1 instance(s).
INFO: [RTGEN 206-100] Generating core module 'fmul_32ns_32ns_32_3_max_dsp_1': 1 instance(s).
INFO: [RTGEN 206-100] Generating core module 'mux_6_3_32_1_1': 2 instance(s).
INFO: [RTGEN 206-100] Finished creating RTL model for 'ekf_batch_Pipeline_VITIS_LOOP_102_5'.
INFO: [HLS 200-111] Finished Creating RTL model: CPU user time: 0 seconds. CPU system time: 0 seconds. Elapsed time: 0.123 seconds; current allocated memory: 1.847 GB.
Execute       source D:/MSDF_2_ZCU/EKF/solution1/.autopilot/db/ekf_batch.rtl_wrap.cfg.tcl 
Execute       gen_rtl ekf_batch_Pipeline_VITIS_LOOP_102_5 -style xilinx -f -lang vhdl -o D:/MSDF_2_ZCU/EKF/solution1/syn/vhdl/ekf_batch_ekf_batch_Pipeline_VITIS_LOOP_102_5 
Execute       gen_rtl ekf_batch_Pipeline_VITIS_LOOP_102_5 -style xilinx -f -lang vlog -o D:/MSDF_2_ZCU/EKF/solution1/syn/verilog/ekf_batch_ekf_batch_Pipeline_VITIS_LOOP_102_5 
Execute       syn_report -csynth -model ekf_batch_Pipeline_VITIS_LOOP_102_5 -o D:/MSDF_2_ZCU/EKF/solution1/syn/report/ekf_batch_Pipeline_VITIS_LOOP_102_5_csynth.rpt 
Execute         list_part -family xczu9eg-ffvb1156-2-e 
Execute           ap_family_info -name xczu9eg-ffvb1156-2-e -data names 
Execute           ap_part_info -quiet -name xczu9eg-ffvb1156-2-e -data family 
Execute       syn_report -rtlxml -model ekf_batch_Pipeline_VITIS_LOOP_102_5 -o D:/MSDF_2_ZCU/EKF/solution1/syn/report/ekf_batch_Pipeline_VITIS_LOOP_102_5_csynth.xml 
Execute         list_part -family xczu9eg-ffvb1156-2-e 
Execute           ap_family_info -name xczu9eg-ffvb1156-2-e -data names 
Execute           ap_part_info -quiet -name xczu9eg-ffvb1156-2-e -data family 
Execute       syn_report -verbosereport -model ekf_batch_Pipeline_VITIS_LOOP_102_5 -o D:/MSDF_2_ZCU/EKF/solution1/.autopilot/db/ekf_batch_Pipeline_VITIS_LOOP_102_5.verbose.rpt 
Execute         list_part -family xczu9eg-ffvb1156-2-e 
Execute           ap_family_info -name xczu9eg-ffvb1156-2-e -data names 
Execute           ap_part_info -quiet -name xczu9eg-ffvb1156-2-e -data family 
Execute       db_write -model ekf_batch_Pipeline_VITIS_LOOP_102_5 -f -o D:/MSDF_2_ZCU/EKF/solution1/.autopilot/db/ekf_batch_Pipeline_VITIS_LOOP_102_5.adb 
Execute       db_write -model ekf_batch_Pipeline_VITIS_LOOP_102_5 -bindview -o D:/MSDF_2_ZCU/EKF/solution1/.autopilot/db/design.bindinfo.xml 
Execute       gen_tb_info ekf_batch_Pipeline_VITIS_LOOP_102_5 -p D:/MSDF_2_ZCU/EKF/solution1/.autopilot/db -o D:/MSDF_2_ZCU/EKF/solution1/.autopilot/db/ekf_batch_Pipeline_VITIS_LOOP_102_5 
INFO: [HLS 200-10] ----------------------------------------------------------------
INFO: [HLS 200-10] -- Generating RTL for module 'ekf_batch_Pipeline_VITIS_LOOP_109_6' 
INFO: [HLS 200-10] ----------------------------------------------------------------
Execute       create_rtl_model ekf_batch_Pipeline_VITIS_LOOP_109_6 -top_prefix ekf_batch_ -sub_prefix ekf_batch_ -mg_file D:/MSDF_2_ZCU/EKF/solution1/.autopilot/db/ekf_batch_Pipeline_VITIS_LOOP_109_6.compgen.tcl 
INFO: [HLS 200-1030] Apply Unified Pipeline Control on module 'ekf_batch_Pipeline_VITIS_LOOP_109_6' pipeline 'VITIS_LOOP_109_6' pipeline type 'loop pipeline'
INFO: [RTGEN 206-100] Generating core module 'faddfsub_32ns_32ns_32_4_full_dsp_1': 6 instance(s).
INFO: [RTGEN 206-100] Generating core module 'fmul_32ns_32ns_32_3_max_dsp_1': 6 instance(s).
INFO: [RTGEN 206-100] Generating core module 'mux_6_3_32_1_1': 1 instance(s).
INFO: [RTGEN 206-100] Finished creating RTL model for 'ekf_batch_Pipeline_VITIS_LOOP_109_6'.
INFO: [HLS 200-111] Finished Creating RTL model: CPU user time: 0 seconds. CPU system time: 0 seconds. Elapsed time: 0.157 seconds; current allocated memory: 1.851 GB.
Execute       source D:/MSDF_2_ZCU/EKF/solution1/.autopilot/db/ekf_batch.rtl_wrap.cfg.tcl 
Execute       gen_rtl ekf_batch_Pipeline_VITIS_LOOP_109_6 -style xilinx -f -lang vhdl -o D:/MSDF_2_ZCU/EKF/solution1/syn/vhdl/ekf_batch_ekf_batch_Pipeline_VITIS_LOOP_109_6 
Execute       gen_rtl ekf_batch_Pipeline_VITIS_LOOP_109_6 -style xilinx -f -lang vlog -o D:/MSDF_2_ZCU/EKF/solution1/syn/verilog/ekf_batch_ekf_batch_Pipeline_VITIS_LOOP_109_6 
Execute       syn_report -csynth -model ekf_batch_Pipeline_VITIS_LOOP_109_6 -o D:/MSDF_2_ZCU/EKF/solution1/syn/report/ekf_batch_Pipeline_VITIS_LOOP_109_6_csynth.rpt 
Execute         list_part -family xczu9eg-ffvb1156-2-e 
Execute           ap_family_info -name xczu9eg-ffvb1156-2-e -data names 
Execute           ap_part_info -quiet -name xczu9eg-ffvb1156-2-e -data family 
Execute       syn_report -rtlxml -model ekf_batch_Pipeline_VITIS_LOOP_109_6 -o D:/MSDF_2_ZCU/EKF/solution1/syn/report/ekf_batch_Pipeline_VITIS_LOOP_109_6_csynth.xml 
Execute         list_part -family xczu9eg-ffvb1156-2-e 
Execute           ap_family_info -name xczu9eg-ffvb1156-2-e -data names 
Execute           ap_part_info -quiet -name xczu9eg-ffvb1156-2-e -data family 
Execute       syn_report -verbosereport -model ekf_batch_Pipeline_VITIS_LOOP_109_6 -o D:/MSDF_2_ZCU/EKF/solution1/.autopilot/db/ekf_batch_Pipeline_VITIS_LOOP_109_6.verbose.rpt 
Execute         list_part -family xczu9eg-ffvb1156-2-e 
Execute           ap_family_info -name xczu9eg-ffvb1156-2-e -data names 
Execute           ap_part_info -quiet -name xczu9eg-ffvb1156-2-e -data family 
Execute       db_write -model ekf_batch_Pipeline_VITIS_LOOP_109_6 -f -o D:/MSDF_2_ZCU/EKF/solution1/.autopilot/db/ekf_batch_Pipeline_VITIS_LOOP_109_6.adb 
Execute       db_write -model ekf_batch_Pipeline_VITIS_LOOP_109_6 -bindview -o D:/MSDF_2_ZCU/EKF/solution1/.autopilot/db/design.bindinfo.xml 
Execute       gen_tb_info ekf_batch_Pipeline_VITIS_LOOP_109_6 -p D:/MSDF_2_ZCU/EKF/solution1/.autopilot/db -o D:/MSDF_2_ZCU/EKF/solution1/.autopilot/db/ekf_batch_Pipeline_VITIS_LOOP_109_6 
INFO: [HLS 200-10] ----------------------------------------------------------------
INFO: [HLS 200-10] -- Generating RTL for module 'ekf_batch_Pipeline_VITIS_LOOP_17_1_VITIS_LOOP_18_22' 
INFO: [HLS 200-10] ----------------------------------------------------------------
Execute       create_rtl_model ekf_batch_Pipeline_VITIS_LOOP_17_1_VITIS_LOOP_18_22 -top_prefix ekf_batch_ -sub_prefix ekf_batch_ -mg_file D:/MSDF_2_ZCU/EKF/solution1/.autopilot/db/ekf_batch_Pipeline_VITIS_LOOP_17_1_VITIS_LOOP_18_22.compgen.tcl 
INFO: [HLS 200-1030] Apply Unified Pipeline Control on module 'ekf_batch_Pipeline_VITIS_LOOP_17_1_VITIS_LOOP_18_22' pipeline 'VITIS_LOOP_17_1_VITIS_LOOP_18_2' pipeline type 'loop pipeline'
INFO: [RTGEN 206-100] Generating core module 'fadd_32ns_32ns_32_4_full_dsp_1': 1 instance(s).
INFO: [RTGEN 206-100] Generating core module 'faddfsub_32ns_32ns_32_4_full_dsp_1': 5 instance(s).
INFO: [RTGEN 206-100] Generating core module 'fmul_32ns_32ns_32_3_max_dsp_1': 6 instance(s).
INFO: [RTGEN 206-100] Generating core module 'mux_6_3_32_1_1': 18 instance(s).
INFO: [RTGEN 206-100] Finished creating RTL model for 'ekf_batch_Pipeline_VITIS_LOOP_17_1_VITIS_LOOP_18_22'.
Command       create_rtl_model done; 0.135 sec.
INFO: [HLS 200-111] Finished Creating RTL model: CPU user time: 1 seconds. CPU system time: 0 seconds. Elapsed time: 0.302 seconds; current allocated memory: 1.860 GB.
Execute       source D:/MSDF_2_ZCU/EKF/solution1/.autopilot/db/ekf_batch.rtl_wrap.cfg.tcl 
Execute       gen_rtl ekf_batch_Pipeline_VITIS_LOOP_17_1_VITIS_LOOP_18_22 -style xilinx -f -lang vhdl -o D:/MSDF_2_ZCU/EKF/solution1/syn/vhdl/ekf_batch_ekf_batch_Pipeline_VITIS_LOOP_17_1_VITIS_LOOP_18_22 
Execute       gen_rtl ekf_batch_Pipeline_VITIS_LOOP_17_1_VITIS_LOOP_18_22 -style xilinx -f -lang vlog -o D:/MSDF_2_ZCU/EKF/solution1/syn/verilog/ekf_batch_ekf_batch_Pipeline_VITIS_LOOP_17_1_VITIS_LOOP_18_22 
Execute       syn_report -csynth -model ekf_batch_Pipeline_VITIS_LOOP_17_1_VITIS_LOOP_18_22 -o D:/MSDF_2_ZCU/EKF/solution1/syn/report/ekf_batch_Pipeline_VITIS_LOOP_17_1_VITIS_LOOP_18_22_csynth.rpt 
Execute         list_part -family xczu9eg-ffvb1156-2-e 
Execute           ap_family_info -name xczu9eg-ffvb1156-2-e -data names 
Execute           ap_part_info -quiet -name xczu9eg-ffvb1156-2-e -data family 
Execute       syn_report -rtlxml -model ekf_batch_Pipeline_VITIS_LOOP_17_1_VITIS_LOOP_18_22 -o D:/MSDF_2_ZCU/EKF/solution1/syn/report/ekf_batch_Pipeline_VITIS_LOOP_17_1_VITIS_LOOP_18_22_csynth.xml 
Execute         list_part -family xczu9eg-ffvb1156-2-e 
Execute           ap_family_info -name xczu9eg-ffvb1156-2-e -data names 
Execute           ap_part_info -quiet -name xczu9eg-ffvb1156-2-e -data family 
Execute       syn_report -verbosereport -model ekf_batch_Pipeline_VITIS_LOOP_17_1_VITIS_LOOP_18_22 -o D:/MSDF_2_ZCU/EKF/solution1/.autopilot/db/ekf_batch_Pipeline_VITIS_LOOP_17_1_VITIS_LOOP_18_22.verbose.rpt 
Execute         list_part -family xczu9eg-ffvb1156-2-e 
Execute           ap_family_info -name xczu9eg-ffvb1156-2-e -data names 
Execute           ap_part_info -quiet -name xczu9eg-ffvb1156-2-e -data family 
Execute       db_write -model ekf_batch_Pipeline_VITIS_LOOP_17_1_VITIS_LOOP_18_22 -f -o D:/MSDF_2_ZCU/EKF/solution1/.autopilot/db/ekf_batch_Pipeline_VITIS_LOOP_17_1_VITIS_LOOP_18_22.adb 
Execute       db_write -model ekf_batch_Pipeline_VITIS_LOOP_17_1_VITIS_LOOP_18_22 -bindview -o D:/MSDF_2_ZCU/EKF/solution1/.autopilot/db/design.bindinfo.xml 
Execute       gen_tb_info ekf_batch_Pipeline_VITIS_LOOP_17_1_VITIS_LOOP_18_22 -p D:/MSDF_2_ZCU/EKF/solution1/.autopilot/db -o D:/MSDF_2_ZCU/EKF/solution1/.autopilot/db/ekf_batch_Pipeline_VITIS_LOOP_17_1_VITIS_LOOP_18_22 
INFO: [HLS 200-10] ----------------------------------------------------------------
INFO: [HLS 200-10] -- Generating RTL for module 'ekf_batch_Pipeline_VITIS_LOOP_30_13' 
INFO: [HLS 200-10] ----------------------------------------------------------------
Execute       create_rtl_model ekf_batch_Pipeline_VITIS_LOOP_30_13 -top_prefix ekf_batch_ -sub_prefix ekf_batch_ -mg_file D:/MSDF_2_ZCU/EKF/solution1/.autopilot/db/ekf_batch_Pipeline_VITIS_LOOP_30_13.compgen.tcl 
INFO: [RTGEN 206-100] Generating core module 'mux_6_3_32_1_1': 6 instance(s).
INFO: [RTGEN 206-100] Finished creating RTL model for 'ekf_batch_Pipeline_VITIS_LOOP_30_13'.
INFO: [HLS 200-111] Finished Creating RTL model: CPU user time: 0 seconds. CPU system time: 0 seconds. Elapsed time: 0.263 seconds; current allocated memory: 1.866 GB.
Execute       source D:/MSDF_2_ZCU/EKF/solution1/.autopilot/db/ekf_batch.rtl_wrap.cfg.tcl 
Execute       gen_rtl ekf_batch_Pipeline_VITIS_LOOP_30_13 -style xilinx -f -lang vhdl -o D:/MSDF_2_ZCU/EKF/solution1/syn/vhdl/ekf_batch_ekf_batch_Pipeline_VITIS_LOOP_30_13 
Execute       gen_rtl ekf_batch_Pipeline_VITIS_LOOP_30_13 -style xilinx -f -lang vlog -o D:/MSDF_2_ZCU/EKF/solution1/syn/verilog/ekf_batch_ekf_batch_Pipeline_VITIS_LOOP_30_13 
Execute       syn_report -csynth -model ekf_batch_Pipeline_VITIS_LOOP_30_13 -o D:/MSDF_2_ZCU/EKF/solution1/syn/report/ekf_batch_Pipeline_VITIS_LOOP_30_13_csynth.rpt 
Execute         list_part -family xczu9eg-ffvb1156-2-e 
Execute           ap_family_info -name xczu9eg-ffvb1156-2-e -data names 
Execute           ap_part_info -quiet -name xczu9eg-ffvb1156-2-e -data family 
Execute       syn_report -rtlxml -model ekf_batch_Pipeline_VITIS_LOOP_30_13 -o D:/MSDF_2_ZCU/EKF/solution1/syn/report/ekf_batch_Pipeline_VITIS_LOOP_30_13_csynth.xml 
Execute         list_part -family xczu9eg-ffvb1156-2-e 
Execute           ap_family_info -name xczu9eg-ffvb1156-2-e -data names 
Execute           ap_part_info -quiet -name xczu9eg-ffvb1156-2-e -data family 
Execute       syn_report -verbosereport -model ekf_batch_Pipeline_VITIS_LOOP_30_13 -o D:/MSDF_2_ZCU/EKF/solution1/.autopilot/db/ekf_batch_Pipeline_VITIS_LOOP_30_13.verbose.rpt 
Execute         list_part -family xczu9eg-ffvb1156-2-e 
Execute           ap_family_info -name xczu9eg-ffvb1156-2-e -data names 
Execute           ap_part_info -quiet -name xczu9eg-ffvb1156-2-e -data family 
Execute       db_write -model ekf_batch_Pipeline_VITIS_LOOP_30_13 -f -o D:/MSDF_2_ZCU/EKF/solution1/.autopilot/db/ekf_batch_Pipeline_VITIS_LOOP_30_13.adb 
Execute       db_write -model ekf_batch_Pipeline_VITIS_LOOP_30_13 -bindview -o D:/MSDF_2_ZCU/EKF/solution1/.autopilot/db/design.bindinfo.xml 
Execute       gen_tb_info ekf_batch_Pipeline_VITIS_LOOP_30_13 -p D:/MSDF_2_ZCU/EKF/solution1/.autopilot/db -o D:/MSDF_2_ZCU/EKF/solution1/.autopilot/db/ekf_batch_Pipeline_VITIS_LOOP_30_13 
INFO: [HLS 200-10] ----------------------------------------------------------------
INFO: [HLS 200-10] -- Generating RTL for module 'ekf_batch_Pipeline_VITIS_LOOP_17_1_VITIS_LOOP_18_24' 
INFO: [HLS 200-10] ----------------------------------------------------------------
Execute       create_rtl_model ekf_batch_Pipeline_VITIS_LOOP_17_1_VITIS_LOOP_18_24 -top_prefix ekf_batch_ -sub_prefix ekf_batch_ -mg_file D:/MSDF_2_ZCU/EKF/solution1/.autopilot/db/ekf_batch_Pipeline_VITIS_LOOP_17_1_VITIS_LOOP_18_24.compgen.tcl 
INFO: [HLS 200-1030] Apply Unified Pipeline Control on module 'ekf_batch_Pipeline_VITIS_LOOP_17_1_VITIS_LOOP_18_24' pipeline 'VITIS_LOOP_17_1_VITIS_LOOP_18_2' pipeline type 'loop pipeline'
INFO: [RTGEN 206-100] Generating core module 'fadd_32ns_32ns_32_4_full_dsp_1': 1 instance(s).
INFO: [RTGEN 206-100] Generating core module 'faddfsub_32ns_32ns_32_4_full_dsp_1': 5 instance(s).
INFO: [RTGEN 206-100] Generating core module 'fmul_32ns_32ns_32_3_max_dsp_1': 6 instance(s).
INFO: [RTGEN 206-100] Generating core module 'mux_6_3_32_1_1': 18 instance(s).
INFO: [RTGEN 206-100] Finished creating RTL model for 'ekf_batch_Pipeline_VITIS_LOOP_17_1_VITIS_LOOP_18_24'.
Command       create_rtl_model done; 0.13 sec.
INFO: [HLS 200-111] Finished Creating RTL model: CPU user time: 0 seconds. CPU system time: 0 seconds. Elapsed time: 0.267 seconds; current allocated memory: 1.874 GB.
Execute       source D:/MSDF_2_ZCU/EKF/solution1/.autopilot/db/ekf_batch.rtl_wrap.cfg.tcl 
Execute       gen_rtl ekf_batch_Pipeline_VITIS_LOOP_17_1_VITIS_LOOP_18_24 -style xilinx -f -lang vhdl -o D:/MSDF_2_ZCU/EKF/solution1/syn/vhdl/ekf_batch_ekf_batch_Pipeline_VITIS_LOOP_17_1_VITIS_LOOP_18_24 
Execute       gen_rtl ekf_batch_Pipeline_VITIS_LOOP_17_1_VITIS_LOOP_18_24 -style xilinx -f -lang vlog -o D:/MSDF_2_ZCU/EKF/solution1/syn/verilog/ekf_batch_ekf_batch_Pipeline_VITIS_LOOP_17_1_VITIS_LOOP_18_24 
Execute       syn_report -csynth -model ekf_batch_Pipeline_VITIS_LOOP_17_1_VITIS_LOOP_18_24 -o D:/MSDF_2_ZCU/EKF/solution1/syn/report/ekf_batch_Pipeline_VITIS_LOOP_17_1_VITIS_LOOP_18_24_csynth.rpt 
Execute         list_part -family xczu9eg-ffvb1156-2-e 
Execute           ap_family_info -name xczu9eg-ffvb1156-2-e -data names 
Execute           ap_part_info -quiet -name xczu9eg-ffvb1156-2-e -data family 
Execute       syn_report -rtlxml -model ekf_batch_Pipeline_VITIS_LOOP_17_1_VITIS_LOOP_18_24 -o D:/MSDF_2_ZCU/EKF/solution1/syn/report/ekf_batch_Pipeline_VITIS_LOOP_17_1_VITIS_LOOP_18_24_csynth.xml 
Execute         list_part -family xczu9eg-ffvb1156-2-e 
Execute           ap_family_info -name xczu9eg-ffvb1156-2-e -data names 
Execute           ap_part_info -quiet -name xczu9eg-ffvb1156-2-e -data family 
Execute       syn_report -verbosereport -model ekf_batch_Pipeline_VITIS_LOOP_17_1_VITIS_LOOP_18_24 -o D:/MSDF_2_ZCU/EKF/solution1/.autopilot/db/ekf_batch_Pipeline_VITIS_LOOP_17_1_VITIS_LOOP_18_24.verbose.rpt 
Execute         list_part -family xczu9eg-ffvb1156-2-e 
Execute           ap_family_info -name xczu9eg-ffvb1156-2-e -data names 
Execute           ap_part_info -quiet -name xczu9eg-ffvb1156-2-e -data family 
Execute       db_write -model ekf_batch_Pipeline_VITIS_LOOP_17_1_VITIS_LOOP_18_24 -f -o D:/MSDF_2_ZCU/EKF/solution1/.autopilot/db/ekf_batch_Pipeline_VITIS_LOOP_17_1_VITIS_LOOP_18_24.adb 
Execute       db_write -model ekf_batch_Pipeline_VITIS_LOOP_17_1_VITIS_LOOP_18_24 -bindview -o D:/MSDF_2_ZCU/EKF/solution1/.autopilot/db/design.bindinfo.xml 
Execute       gen_tb_info ekf_batch_Pipeline_VITIS_LOOP_17_1_VITIS_LOOP_18_24 -p D:/MSDF_2_ZCU/EKF/solution1/.autopilot/db -o D:/MSDF_2_ZCU/EKF/solution1/.autopilot/db/ekf_batch_Pipeline_VITIS_LOOP_17_1_VITIS_LOOP_18_24 
INFO: [HLS 200-10] ----------------------------------------------------------------
INFO: [HLS 200-10] -- Generating RTL for module 'ekf_batch_Pipeline_VITIS_LOOP_117_8' 
INFO: [HLS 200-10] ----------------------------------------------------------------
Execute       create_rtl_model ekf_batch_Pipeline_VITIS_LOOP_117_8 -top_prefix ekf_batch_ -sub_prefix ekf_batch_ -mg_file D:/MSDF_2_ZCU/EKF/solution1/.autopilot/db/ekf_batch_Pipeline_VITIS_LOOP_117_8.compgen.tcl 
INFO: [HLS 200-1030] Apply Unified Pipeline Control on module 'ekf_batch_Pipeline_VITIS_LOOP_117_8' pipeline 'VITIS_LOOP_117_8' pipeline type 'loop pipeline'
INFO: [RTGEN 206-100] Generating core module 'fadd_32ns_32ns_32_4_full_dsp_1': 1 instance(s).
INFO: [RTGEN 206-100] Generating core module 'faddfsub_32ns_32ns_32_4_full_dsp_1': 5 instance(s).
INFO: [RTGEN 206-100] Generating core module 'fmul_32ns_32ns_32_3_max_dsp_1': 7 instance(s).
INFO: [RTGEN 206-100] Generating core module 'mux_6_3_32_1_1': 7 instance(s).
INFO: [RTGEN 206-100] Finished creating RTL model for 'ekf_batch_Pipeline_VITIS_LOOP_117_8'.
INFO: [HLS 200-111] Finished Creating RTL model: CPU user time: 1 seconds. CPU system time: 0 seconds. Elapsed time: 0.326 seconds; current allocated memory: 1.882 GB.
Execute       source D:/MSDF_2_ZCU/EKF/solution1/.autopilot/db/ekf_batch.rtl_wrap.cfg.tcl 
Execute       gen_rtl ekf_batch_Pipeline_VITIS_LOOP_117_8 -style xilinx -f -lang vhdl -o D:/MSDF_2_ZCU/EKF/solution1/syn/vhdl/ekf_batch_ekf_batch_Pipeline_VITIS_LOOP_117_8 
Execute       gen_rtl ekf_batch_Pipeline_VITIS_LOOP_117_8 -style xilinx -f -lang vlog -o D:/MSDF_2_ZCU/EKF/solution1/syn/verilog/ekf_batch_ekf_batch_Pipeline_VITIS_LOOP_117_8 
Execute       syn_report -csynth -model ekf_batch_Pipeline_VITIS_LOOP_117_8 -o D:/MSDF_2_ZCU/EKF/solution1/syn/report/ekf_batch_Pipeline_VITIS_LOOP_117_8_csynth.rpt 
Execute         list_part -family xczu9eg-ffvb1156-2-e 
Execute           ap_family_info -name xczu9eg-ffvb1156-2-e -data names 
Execute           ap_part_info -quiet -name xczu9eg-ffvb1156-2-e -data family 
Execute       syn_report -rtlxml -model ekf_batch_Pipeline_VITIS_LOOP_117_8 -o D:/MSDF_2_ZCU/EKF/solution1/syn/report/ekf_batch_Pipeline_VITIS_LOOP_117_8_csynth.xml 
Execute         list_part -family xczu9eg-ffvb1156-2-e 
Execute           ap_family_info -name xczu9eg-ffvb1156-2-e -data names 
Execute           ap_part_info -quiet -name xczu9eg-ffvb1156-2-e -data family 
Execute       syn_report -verbosereport -model ekf_batch_Pipeline_VITIS_LOOP_117_8 -o D:/MSDF_2_ZCU/EKF/solution1/.autopilot/db/ekf_batch_Pipeline_VITIS_LOOP_117_8.verbose.rpt 
Execute         list_part -family xczu9eg-ffvb1156-2-e 
Execute           ap_family_info -name xczu9eg-ffvb1156-2-e -data names 
Execute           ap_part_info -quiet -name xczu9eg-ffvb1156-2-e -data family 
Execute       db_write -model ekf_batch_Pipeline_VITIS_LOOP_117_8 -f -o D:/MSDF_2_ZCU/EKF/solution1/.autopilot/db/ekf_batch_Pipeline_VITIS_LOOP_117_8.adb 
Execute       db_write -model ekf_batch_Pipeline_VITIS_LOOP_117_8 -bindview -o D:/MSDF_2_ZCU/EKF/solution1/.autopilot/db/design.bindinfo.xml 
Execute       gen_tb_info ekf_batch_Pipeline_VITIS_LOOP_117_8 -p D:/MSDF_2_ZCU/EKF/solution1/.autopilot/db -o D:/MSDF_2_ZCU/EKF/solution1/.autopilot/db/ekf_batch_Pipeline_VITIS_LOOP_117_8 
INFO: [HLS 200-10] ----------------------------------------------------------------
INFO: [HLS 200-10] -- Generating RTL for module 'ekf_batch_Pipeline_VITIS_LOOP_173_9' 
INFO: [HLS 200-10] ----------------------------------------------------------------
Execute       create_rtl_model ekf_batch_Pipeline_VITIS_LOOP_173_9 -top_prefix ekf_batch_ -sub_prefix ekf_batch_ -mg_file D:/MSDF_2_ZCU/EKF/solution1/.autopilot/db/ekf_batch_Pipeline_VITIS_LOOP_173_9.compgen.tcl 
INFO: [RTGEN 206-100] Generating core module 'mux_6_3_32_1_1': 1 instance(s).
INFO: [RTGEN 206-100] Finished creating RTL model for 'ekf_batch_Pipeline_VITIS_LOOP_173_9'.
INFO: [HLS 200-111] Finished Creating RTL model: CPU user time: 0 seconds. CPU system time: 0 seconds. Elapsed time: 0.183 seconds; current allocated memory: 1.887 GB.
Execute       source D:/MSDF_2_ZCU/EKF/solution1/.autopilot/db/ekf_batch.rtl_wrap.cfg.tcl 
Execute       gen_rtl ekf_batch_Pipeline_VITIS_LOOP_173_9 -style xilinx -f -lang vhdl -o D:/MSDF_2_ZCU/EKF/solution1/syn/vhdl/ekf_batch_ekf_batch_Pipeline_VITIS_LOOP_173_9 
Execute       gen_rtl ekf_batch_Pipeline_VITIS_LOOP_173_9 -style xilinx -f -lang vlog -o D:/MSDF_2_ZCU/EKF/solution1/syn/verilog/ekf_batch_ekf_batch_Pipeline_VITIS_LOOP_173_9 
Execute       syn_report -csynth -model ekf_batch_Pipeline_VITIS_LOOP_173_9 -o D:/MSDF_2_ZCU/EKF/solution1/syn/report/ekf_batch_Pipeline_VITIS_LOOP_173_9_csynth.rpt 
Execute         list_part -family xczu9eg-ffvb1156-2-e 
Execute           ap_family_info -name xczu9eg-ffvb1156-2-e -data names 
Execute           ap_part_info -quiet -name xczu9eg-ffvb1156-2-e -data family 
Execute       syn_report -rtlxml -model ekf_batch_Pipeline_VITIS_LOOP_173_9 -o D:/MSDF_2_ZCU/EKF/solution1/syn/report/ekf_batch_Pipeline_VITIS_LOOP_173_9_csynth.xml 
Execute         list_part -family xczu9eg-ffvb1156-2-e 
Execute           ap_family_info -name xczu9eg-ffvb1156-2-e -data names 
Execute           ap_part_info -quiet -name xczu9eg-ffvb1156-2-e -data family 
Execute       syn_report -verbosereport -model ekf_batch_Pipeline_VITIS_LOOP_173_9 -o D:/MSDF_2_ZCU/EKF/solution1/.autopilot/db/ekf_batch_Pipeline_VITIS_LOOP_173_9.verbose.rpt 
Execute         list_part -family xczu9eg-ffvb1156-2-e 
Execute           ap_family_info -name xczu9eg-ffvb1156-2-e -data names 
Execute           ap_part_info -quiet -name xczu9eg-ffvb1156-2-e -data family 
Execute       db_write -model ekf_batch_Pipeline_VITIS_LOOP_173_9 -f -o D:/MSDF_2_ZCU/EKF/solution1/.autopilot/db/ekf_batch_Pipeline_VITIS_LOOP_173_9.adb 
Execute       db_write -model ekf_batch_Pipeline_VITIS_LOOP_173_9 -bindview -o D:/MSDF_2_ZCU/EKF/solution1/.autopilot/db/design.bindinfo.xml 
Execute       gen_tb_info ekf_batch_Pipeline_VITIS_LOOP_173_9 -p D:/MSDF_2_ZCU/EKF/solution1/.autopilot/db -o D:/MSDF_2_ZCU/EKF/solution1/.autopilot/db/ekf_batch_Pipeline_VITIS_LOOP_173_9 
INFO: [HLS 200-10] ----------------------------------------------------------------
INFO: [HLS 200-10] -- Generating RTL for module 'ekf_batch_Pipeline_VITIS_LOOP_174_10_VITIS_LOOP_175_11' 
INFO: [HLS 200-10] ----------------------------------------------------------------
Execute       create_rtl_model ekf_batch_Pipeline_VITIS_LOOP_174_10_VITIS_LOOP_175_11 -top_prefix ekf_batch_ -sub_prefix ekf_batch_ -mg_file D:/MSDF_2_ZCU/EKF/solution1/.autopilot/db/ekf_batch_Pipeline_VITIS_LOOP_174_10_VITIS_LOOP_175_11.compgen.tcl 
INFO: [RTGEN 206-100] Generating core module 'mux_6_3_32_1_1': 7 instance(s).
INFO: [RTGEN 206-100] Finished creating RTL model for 'ekf_batch_Pipeline_VITIS_LOOP_174_10_VITIS_LOOP_175_11'.
INFO: [HLS 200-111] Finished Creating RTL model: CPU user time: 0 seconds. CPU system time: 0 seconds. Elapsed time: 0.107 seconds; current allocated memory: 1.888 GB.
Execute       source D:/MSDF_2_ZCU/EKF/solution1/.autopilot/db/ekf_batch.rtl_wrap.cfg.tcl 
Execute       gen_rtl ekf_batch_Pipeline_VITIS_LOOP_174_10_VITIS_LOOP_175_11 -style xilinx -f -lang vhdl -o D:/MSDF_2_ZCU/EKF/solution1/syn/vhdl/ekf_batch_ekf_batch_Pipeline_VITIS_LOOP_174_10_VITIS_LOOP_175_11 
Execute       gen_rtl ekf_batch_Pipeline_VITIS_LOOP_174_10_VITIS_LOOP_175_11 -style xilinx -f -lang vlog -o D:/MSDF_2_ZCU/EKF/solution1/syn/verilog/ekf_batch_ekf_batch_Pipeline_VITIS_LOOP_174_10_VITIS_LOOP_175_11 
Execute       syn_report -csynth -model ekf_batch_Pipeline_VITIS_LOOP_174_10_VITIS_LOOP_175_11 -o D:/MSDF_2_ZCU/EKF/solution1/syn/report/ekf_batch_Pipeline_VITIS_LOOP_174_10_VITIS_LOOP_175_11_csynth.rpt 
Execute         list_part -family xczu9eg-ffvb1156-2-e 
Execute           ap_family_info -name xczu9eg-ffvb1156-2-e -data names 
Execute           ap_part_info -quiet -name xczu9eg-ffvb1156-2-e -data family 
Execute       syn_report -rtlxml -model ekf_batch_Pipeline_VITIS_LOOP_174_10_VITIS_LOOP_175_11 -o D:/MSDF_2_ZCU/EKF/solution1/syn/report/ekf_batch_Pipeline_VITIS_LOOP_174_10_VITIS_LOOP_175_11_csynth.xml 
Execute         list_part -family xczu9eg-ffvb1156-2-e 
Execute           ap_family_info -name xczu9eg-ffvb1156-2-e -data names 
Execute           ap_part_info -quiet -name xczu9eg-ffvb1156-2-e -data family 
Execute       syn_report -verbosereport -model ekf_batch_Pipeline_VITIS_LOOP_174_10_VITIS_LOOP_175_11 -o D:/MSDF_2_ZCU/EKF/solution1/.autopilot/db/ekf_batch_Pipeline_VITIS_LOOP_174_10_VITIS_LOOP_175_11.verbose.rpt 
Execute         list_part -family xczu9eg-ffvb1156-2-e 
Execute           ap_family_info -name xczu9eg-ffvb1156-2-e -data names 
Execute           ap_part_info -quiet -name xczu9eg-ffvb1156-2-e -data family 
Execute       db_write -model ekf_batch_Pipeline_VITIS_LOOP_174_10_VITIS_LOOP_175_11 -f -o D:/MSDF_2_ZCU/EKF/solution1/.autopilot/db/ekf_batch_Pipeline_VITIS_LOOP_174_10_VITIS_LOOP_175_11.adb 
Execute       db_write -model ekf_batch_Pipeline_VITIS_LOOP_174_10_VITIS_LOOP_175_11 -bindview -o D:/MSDF_2_ZCU/EKF/solution1/.autopilot/db/design.bindinfo.xml 
Execute       gen_tb_info ekf_batch_Pipeline_VITIS_LOOP_174_10_VITIS_LOOP_175_11 -p D:/MSDF_2_ZCU/EKF/solution1/.autopilot/db -o D:/MSDF_2_ZCU/EKF/solution1/.autopilot/db/ekf_batch_Pipeline_VITIS_LOOP_174_10_VITIS_LOOP_175_11 
INFO: [HLS 200-10] ----------------------------------------------------------------
INFO: [HLS 200-10] -- Generating RTL for module 'ekf_batch_Pipeline_VITIS_LOOP_176_12' 
INFO: [HLS 200-10] ----------------------------------------------------------------
Execute       create_rtl_model ekf_batch_Pipeline_VITIS_LOOP_176_12 -top_prefix ekf_batch_ -sub_prefix ekf_batch_ -mg_file D:/MSDF_2_ZCU/EKF/solution1/.autopilot/db/ekf_batch_Pipeline_VITIS_LOOP_176_12.compgen.tcl 
INFO: [HLS 200-1030] Apply Unified Pipeline Control on module 'ekf_batch_Pipeline_VITIS_LOOP_176_12' pipeline 'VITIS_LOOP_176_12' pipeline type 'loop pipeline'
WARNING: [RTGEN 206-101] Setting dangling out port 'ekf_batch_Pipeline_VITIS_LOOP_176_12/m_axi_gmem0_AWVALID' to 0.
WARNING: [RTGEN 206-101] Setting dangling out port 'ekf_batch_Pipeline_VITIS_LOOP_176_12/m_axi_gmem0_AWADDR' to 0.
WARNING: [RTGEN 206-101] Setting dangling out port 'ekf_batch_Pipeline_VITIS_LOOP_176_12/m_axi_gmem0_AWID' to 0.
WARNING: [RTGEN 206-101] Setting dangling out port 'ekf_batch_Pipeline_VITIS_LOOP_176_12/m_axi_gmem0_AWLEN' to 0.
WARNING: [RTGEN 206-101] Setting dangling out port 'ekf_batch_Pipeline_VITIS_LOOP_176_12/m_axi_gmem0_AWSIZE' to 0.
WARNING: [RTGEN 206-101] Setting dangling out port 'ekf_batch_Pipeline_VITIS_LOOP_176_12/m_axi_gmem0_AWBURST' to 0.
WARNING: [RTGEN 206-101] Setting dangling out port 'ekf_batch_Pipeline_VITIS_LOOP_176_12/m_axi_gmem0_AWLOCK' to 0.
WARNING: [RTGEN 206-101] Setting dangling out port 'ekf_batch_Pipeline_VITIS_LOOP_176_12/m_axi_gmem0_AWCACHE' to 0.
WARNING: [RTGEN 206-101] Setting dangling out port 'ekf_batch_Pipeline_VITIS_LOOP_176_12/m_axi_gmem0_AWPROT' to 0.
WARNING: [RTGEN 206-101] Setting dangling out port 'ekf_batch_Pipeline_VITIS_LOOP_176_12/m_axi_gmem0_AWQOS' to 0.
WARNING: [RTGEN 206-101] Setting dangling out port 'ekf_batch_Pipeline_VITIS_LOOP_176_12/m_axi_gmem0_AWREGION' to 0.
WARNING: [RTGEN 206-101] Setting dangling out port 'ekf_batch_Pipeline_VITIS_LOOP_176_12/m_axi_gmem0_AWUSER' to 0.
WARNING: [RTGEN 206-101] Setting dangling out port 'ekf_batch_Pipeline_VITIS_LOOP_176_12/m_axi_gmem0_BREADY' to 0.
INFO: [RTGEN 206-100] Generating core module 'mux_8_3_32_1_1': 1 instance(s).
INFO: [RTGEN 206-100] Finished creating RTL model for 'ekf_batch_Pipeline_VITIS_LOOP_176_12'.
Command       create_rtl_model done; 0.18 sec.
INFO: [HLS 200-111] Finished Creating RTL model: CPU user time: 0 seconds. CPU system time: 0 seconds. Elapsed time: 0.302 seconds; current allocated memory: 1.890 GB.
Execute       source D:/MSDF_2_ZCU/EKF/solution1/.autopilot/db/ekf_batch.rtl_wrap.cfg.tcl 
Execute       gen_rtl ekf_batch_Pipeline_VITIS_LOOP_176_12 -style xilinx -f -lang vhdl -o D:/MSDF_2_ZCU/EKF/solution1/syn/vhdl/ekf_batch_ekf_batch_Pipeline_VITIS_LOOP_176_12 
Execute       gen_rtl ekf_batch_Pipeline_VITIS_LOOP_176_12 -style xilinx -f -lang vlog -o D:/MSDF_2_ZCU/EKF/solution1/syn/verilog/ekf_batch_ekf_batch_Pipeline_VITIS_LOOP_176_12 
Execute       syn_report -csynth -model ekf_batch_Pipeline_VITIS_LOOP_176_12 -o D:/MSDF_2_ZCU/EKF/solution1/syn/report/ekf_batch_Pipeline_VITIS_LOOP_176_12_csynth.rpt 
Execute         list_part -family xczu9eg-ffvb1156-2-e 
Execute           ap_family_info -name xczu9eg-ffvb1156-2-e -data names 
Execute           ap_part_info -quiet -name xczu9eg-ffvb1156-2-e -data family 
Execute       syn_report -rtlxml -model ekf_batch_Pipeline_VITIS_LOOP_176_12 -o D:/MSDF_2_ZCU/EKF/solution1/syn/report/ekf_batch_Pipeline_VITIS_LOOP_176_12_csynth.xml 
Execute         list_part -family xczu9eg-ffvb1156-2-e 
Execute           ap_family_info -name xczu9eg-ffvb1156-2-e -data names 
Execute           ap_part_info -quiet -name xczu9eg-ffvb1156-2-e -data family 
Execute       syn_report -verbosereport -model ekf_batch_Pipeline_VITIS_LOOP_176_12 -o D:/MSDF_2_ZCU/EKF/solution1/.autopilot/db/ekf_batch_Pipeline_VITIS_LOOP_176_12.verbose.rpt 
Execute         list_part -family xczu9eg-ffvb1156-2-e 
Execute           ap_family_info -name xczu9eg-ffvb1156-2-e -data names 
Execute           ap_part_info -quiet -name xczu9eg-ffvb1156-2-e -data family 
Execute       db_write -model ekf_batch_Pipeline_VITIS_LOOP_176_12 -f -o D:/MSDF_2_ZCU/EKF/solution1/.autopilot/db/ekf_batch_Pipeline_VITIS_LOOP_176_12.adb 
Execute       db_write -model ekf_batch_Pipeline_VITIS_LOOP_176_12 -bindview -o D:/MSDF_2_ZCU/EKF/solution1/.autopilot/db/design.bindinfo.xml 
Execute       gen_tb_info ekf_batch_Pipeline_VITIS_LOOP_176_12 -p D:/MSDF_2_ZCU/EKF/solution1/.autopilot/db -o D:/MSDF_2_ZCU/EKF/solution1/.autopilot/db/ekf_batch_Pipeline_VITIS_LOOP_176_12 
INFO: [HLS 200-10] ----------------------------------------------------------------
INFO: [HLS 200-10] -- Generating RTL for module 'ekf_batch' 
INFO: [HLS 200-10] ----------------------------------------------------------------
Execute       create_rtl_model ekf_batch -top_prefix  -sub_prefix ekf_batch_ -mg_file D:/MSDF_2_ZCU/EKF/solution1/.autopilot/db/ekf_batch.compgen.tcl 
WARNING: [RTGEN 206-101] Design contains AXI ports. Reset is fixed to synchronous and active low.
INFO: [RTGEN 206-500] Setting interface mode on port 'ekf_batch/gmem0' to 'm_axi'.
INFO: [RTGEN 206-500] Setting interface mode on port 'ekf_batch/gmem1' to 'm_axi'.
INFO: [RTGEN 206-500] Setting interface mode on port 'ekf_batch/data' to 's_axilite & ap_none'.
INFO: [RTGEN 206-500] Setting interface mode on port 'ekf_batch/nmeas' to 's_axilite & ap_none'.
INFO: [RTGEN 206-500] Setting interface mode on port 'ekf_batch/num_tracks' to 's_axilite & ap_none'.
INFO: [RTGEN 206-500] Setting interface mode on function 'ekf_batch' to 's_axilite & ap_ctrl_hs'.
INFO: [RTGEN 206-100] Bundling port 'data', 'nmeas', 'num_tracks' and 'return' to AXI-Lite port control.
WARNING: [RTGEN 206-101] RTL name 'ap_sig_allocacmp_P_loc_load' is changed to 'ap_sig_allocacmp_P_loc_load_x' due to conflict.
INFO: [RTGEN 206-100] Generating core module 'fadd_32ns_32ns_32_4_full_dsp_1': 1 instance(s).
INFO: [RTGEN 206-100] Generating core module 'faddfsub_32ns_32ns_32_4_full_dsp_1': 6 instance(s).
INFO: [RTGEN 206-100] Generating core module 'fdiv_32ns_32ns_32_9_no_dsp_1': 1 instance(s).
INFO: [RTGEN 206-100] Generating core module 'fmul_32ns_32ns_32_3_max_dsp_1': 7 instance(s).
INFO: [RTGEN 206-100] Generating core module 'mux_5_3_32_1_1': 14 instance(s).
INFO: [RTGEN 206-100] Generating core module 'mux_6_3_32_1_1': 12 instance(s).
INFO: [RTGEN 206-100] Finished creating RTL model for 'ekf_batch'.
INFO: [RTMG 210-278] Implementing memory 'ekf_batch_local_RAM_AUTO_1R1W' using auto RAMs.
Command       create_rtl_model done; 0.458 sec.
INFO: [HLS 200-111] Finished Creating RTL model: CPU user time: 0 seconds. CPU system time: 0 seconds. Elapsed time: 0.576 seconds; current allocated memory: 1.914 GB.
Execute       source D:/MSDF_2_ZCU/EKF/solution1/.autopilot/db/ekf_batch.rtl_wrap.cfg.tcl 
Execute       gen_rtl ekf_batch -istop -style xilinx -f -lang vhdl -o D:/MSDF_2_ZCU/EKF/solution1/syn/vhdl/ekf_batch 
Execute       gen_rtl ekf_batch -istop -style xilinx -f -lang vlog -o D:/MSDF_2_ZCU/EKF/solution1/syn/verilog/ekf_batch 
Execute       syn_report -csynth -model ekf_batch -o D:/MSDF_2_ZCU/EKF/solution1/syn/report/ekf_batch_csynth.rpt 
Execute         list_part -family xczu9eg-ffvb1156-2-e 
Execute           ap_family_info -name xczu9eg-ffvb1156-2-e -data names 
Execute           ap_part_info -quiet -name xczu9eg-ffvb1156-2-e -data family 
Execute       syn_report -rtlxml -model ekf_batch -o D:/MSDF_2_ZCU/EKF/solution1/syn/report/ekf_batch_csynth.xml 
Execute         list_part -family xczu9eg-ffvb1156-2-e 
Execute           ap_family_info -name xczu9eg-ffvb1156-2-e -data names 
Execute           ap_part_info -quiet -name xczu9eg-ffvb1156-2-e -data family 
Execute       syn_report -verbosereport -model ekf_batch -o D:/MSDF_2_ZCU/EKF/solution1/.autopilot/db/ekf_batch.verbose.rpt 
Execute         list_part -family xczu9eg-ffvb1156-2-e 
Execute           ap_family_info -name xczu9eg-ffvb1156-2-e -data names 
Execute           ap_part_info -quiet -name xczu9eg-ffvb1156-2-e -data family 
Command       syn_report done; 0.257 sec.
Execute       db_write -model ekf_batch -f -o D:/MSDF_2_ZCU/EKF/solution1/.autopilot/db/ekf_batch.adb 
Command       db_write done; 0.182 sec.
Execute       db_write -model ekf_batch -bindview -o D:/MSDF_2_ZCU/EKF/solution1/.autopilot/db/design.bindinfo.xml 
Execute       gen_tb_info ekf_batch -p D:/MSDF_2_ZCU/EKF/solution1/.autopilot/db -o D:/MSDF_2_ZCU/EKF/solution1/.autopilot/db/ekf_batch 
Execute       export_constraint_db -f -tool general -o D:/MSDF_2_ZCU/EKF/solution1/.autopilot/db/ekf_batch.constraint.tcl 
Execute       syn_report -designview -model ekf_batch -o D:/MSDF_2_ZCU/EKF/solution1/.autopilot/db/ekf_batch.design.xml 
Command       syn_report done; 0.406 sec.
Execute       syn_report -csynthDesign -model ekf_batch -o D:/MSDF_2_ZCU/EKF/solution1/syn/report/csynth.rpt -MHOut D:/MSDF_2_ZCU/EKF/solution1/.autopilot/db/kernel_module_hierarchy.tcl 
Execute         list_part -family xczu9eg-ffvb1156-2-e 
Execute           ap_family_info -name xczu9eg-ffvb1156-2-e -data names 
Execute           ap_part_info -quiet -name xczu9eg-ffvb1156-2-e -data family 
Execute       syn_report -wcfg -model ekf_batch -o D:/MSDF_2_ZCU/EKF/solution1/.autopilot/db/ekf_batch_dataflow_ana.wcfg 
Execute       syn_report -protoinst -model ekf_batch -o D:/MSDF_2_ZCU/EKF/solution1/.autopilot/db/ekf_batch.protoinst 
Execute       sc_get_clocks ekf_batch 
Execute       sc_get_portdomain ekf_batch 
INFO-FLOW: Model list for RTL component generation: ekf_batch_Pipeline_VITIS_LOOP_148_3 ekf_batch_Pipeline_VITIS_LOOP_157_4 ekf_batch_Pipeline_VITIS_LOOP_158_5_VITIS_LOOP_159_6 ekf_batch_Pipeline_VITIS_LOOP_41_1_VITIS_LOOP_42_2 ekf_batch_Pipeline_VITIS_LOOP_45_3 ekf_batch_Pipeline_VITIS_LOOP_58_1 ekf_batch_Pipeline_VITIS_LOOP_64_3 ekf_batch_Pipeline_VITIS_LOOP_17_1_VITIS_LOOP_18_2 ekf_batch_Pipeline_VITIS_LOOP_30_1 ekf_batch_Pipeline_VITIS_LOOP_17_1_VITIS_LOOP_18_21 ekf_batch_Pipeline_VITIS_LOOP_73_4_VITIS_LOOP_74_5 ekf_batch_Pipeline_VITIS_LOOP_168_8 ekf_batch_Pipeline_VITIS_LOOP_89_1 ekf_batch_Pipeline_VITIS_LOOP_96_3 ekf_batch_Pipeline_VITIS_LOOP_101_4 ekf_batch_Pipeline_VITIS_LOOP_102_5 ekf_batch_Pipeline_VITIS_LOOP_109_6 ekf_batch_Pipeline_VITIS_LOOP_17_1_VITIS_LOOP_18_22 ekf_batch_Pipeline_VITIS_LOOP_30_13 ekf_batch_Pipeline_VITIS_LOOP_17_1_VITIS_LOOP_18_24 ekf_batch_Pipeline_VITIS_LOOP_117_8 ekf_batch_Pipeline_VITIS_LOOP_173_9 ekf_batch_Pipeline_VITIS_LOOP_174_10_VITIS_LOOP_175_11 ekf_batch_Pipeline_VITIS_LOOP_176_12 ekf_batch
INFO-FLOW: Handling components in module [ekf_batch_Pipeline_VITIS_LOOP_148_3] ... 
Execute       source D:/MSDF_2_ZCU/EKF/solution1/.autopilot/db/ekf_batch_Pipeline_VITIS_LOOP_148_3.compgen.tcl 
INFO-FLOW: Found component ekf_batch_flow_control_loop_pipe_sequential_init.
INFO-FLOW: Append model ekf_batch_flow_control_loop_pipe_sequential_init
INFO-FLOW: Handling components in module [ekf_batch_Pipeline_VITIS_LOOP_157_4] ... 
Execute       source D:/MSDF_2_ZCU/EKF/solution1/.autopilot/db/ekf_batch_Pipeline_VITIS_LOOP_157_4.compgen.tcl 
INFO-FLOW: Found component ekf_batch_mux_6_3_32_1_1.
INFO-FLOW: Append model ekf_batch_mux_6_3_32_1_1
INFO-FLOW: Found component ekf_batch_flow_control_loop_pipe_sequential_init.
INFO-FLOW: Append model ekf_batch_flow_control_loop_pipe_sequential_init
INFO-FLOW: Handling components in module [ekf_batch_Pipeline_VITIS_LOOP_158_5_VITIS_LOOP_159_6] ... 
Execute       source D:/MSDF_2_ZCU/EKF/solution1/.autopilot/db/ekf_batch_Pipeline_VITIS_LOOP_158_5_VITIS_LOOP_159_6.compgen.tcl 
INFO-FLOW: Found component ekf_batch_mux_8_3_32_1_1.
INFO-FLOW: Append model ekf_batch_mux_8_3_32_1_1
INFO-FLOW: Found component ekf_batch_flow_control_loop_pipe_sequential_init.
INFO-FLOW: Append model ekf_batch_flow_control_loop_pipe_sequential_init
INFO-FLOW: Handling components in module [ekf_batch_Pipeline_VITIS_LOOP_41_1_VITIS_LOOP_42_2] ... 
Execute       source D:/MSDF_2_ZCU/EKF/solution1/.autopilot/db/ekf_batch_Pipeline_VITIS_LOOP_41_1_VITIS_LOOP_42_2.compgen.tcl 
INFO-FLOW: Found component ekf_batch_flow_control_loop_pipe_sequential_init.
INFO-FLOW: Append model ekf_batch_flow_control_loop_pipe_sequential_init
INFO-FLOW: Handling components in module [ekf_batch_Pipeline_VITIS_LOOP_45_3] ... 
Execute       source D:/MSDF_2_ZCU/EKF/solution1/.autopilot/db/ekf_batch_Pipeline_VITIS_LOOP_45_3.compgen.tcl 
INFO-FLOW: Found component ekf_batch_flow_control_loop_pipe_sequential_init.
INFO-FLOW: Append model ekf_batch_flow_control_loop_pipe_sequential_init
INFO-FLOW: Handling components in module [ekf_batch_Pipeline_VITIS_LOOP_58_1] ... 
Execute       source D:/MSDF_2_ZCU/EKF/solution1/.autopilot/db/ekf_batch_Pipeline_VITIS_LOOP_58_1.compgen.tcl 
INFO-FLOW: Found component ekf_batch_fadd_32ns_32ns_32_4_full_dsp_1.
INFO-FLOW: Append model ekf_batch_fadd_32ns_32ns_32_4_full_dsp_1
INFO-FLOW: Found component ekf_batch_fmul_32ns_32ns_32_3_max_dsp_1.
INFO-FLOW: Append model ekf_batch_fmul_32ns_32ns_32_3_max_dsp_1
INFO-FLOW: Found component ekf_batch_flow_control_loop_pipe_sequential_init.
INFO-FLOW: Append model ekf_batch_flow_control_loop_pipe_sequential_init
INFO-FLOW: Handling components in module [ekf_batch_Pipeline_VITIS_LOOP_64_3] ... 
Execute       source D:/MSDF_2_ZCU/EKF/solution1/.autopilot/db/ekf_batch_Pipeline_VITIS_LOOP_64_3.compgen.tcl 
INFO-FLOW: Found component ekf_batch_flow_control_loop_pipe_sequential_init.
INFO-FLOW: Append model ekf_batch_flow_control_loop_pipe_sequential_init
INFO-FLOW: Handling components in module [ekf_batch_Pipeline_VITIS_LOOP_17_1_VITIS_LOOP_18_2] ... 
Execute       source D:/MSDF_2_ZCU/EKF/solution1/.autopilot/db/ekf_batch_Pipeline_VITIS_LOOP_17_1_VITIS_LOOP_18_2.compgen.tcl 
INFO-FLOW: Found component ekf_batch_flow_control_loop_pipe_sequential_init.
INFO-FLOW: Append model ekf_batch_flow_control_loop_pipe_sequential_init
INFO-FLOW: Handling components in module [ekf_batch_Pipeline_VITIS_LOOP_30_1] ... 
Execute       source D:/MSDF_2_ZCU/EKF/solution1/.autopilot/db/ekf_batch_Pipeline_VITIS_LOOP_30_1.compgen.tcl 
INFO-FLOW: Found component ekf_batch_flow_control_loop_pipe_sequential_init.
INFO-FLOW: Append model ekf_batch_flow_control_loop_pipe_sequential_init
INFO-FLOW: Handling components in module [ekf_batch_Pipeline_VITIS_LOOP_17_1_VITIS_LOOP_18_21] ... 
Execute       source D:/MSDF_2_ZCU/EKF/solution1/.autopilot/db/ekf_batch_Pipeline_VITIS_LOOP_17_1_VITIS_LOOP_18_21.compgen.tcl 
INFO-FLOW: Found component ekf_batch_flow_control_loop_pipe_sequential_init.
INFO-FLOW: Append model ekf_batch_flow_control_loop_pipe_sequential_init
INFO-FLOW: Handling components in module [ekf_batch_Pipeline_VITIS_LOOP_73_4_VITIS_LOOP_74_5] ... 
Execute       source D:/MSDF_2_ZCU/EKF/solution1/.autopilot/db/ekf_batch_Pipeline_VITIS_LOOP_73_4_VITIS_LOOP_74_5.compgen.tcl 
INFO-FLOW: Found component ekf_batch_flow_control_loop_pipe_sequential_init.
INFO-FLOW: Append model ekf_batch_flow_control_loop_pipe_sequential_init
INFO-FLOW: Handling components in module [ekf_batch_Pipeline_VITIS_LOOP_168_8] ... 
Execute       source D:/MSDF_2_ZCU/EKF/solution1/.autopilot/db/ekf_batch_Pipeline_VITIS_LOOP_168_8.compgen.tcl 
INFO-FLOW: Found component ekf_batch_flow_control_loop_pipe_sequential_init.
INFO-FLOW: Append model ekf_batch_flow_control_loop_pipe_sequential_init
INFO-FLOW: Handling components in module [ekf_batch_Pipeline_VITIS_LOOP_89_1] ... 
Execute       source D:/MSDF_2_ZCU/EKF/solution1/.autopilot/db/ekf_batch_Pipeline_VITIS_LOOP_89_1.compgen.tcl 
INFO-FLOW: Found component ekf_batch_flow_control_loop_pipe_sequential_init.
INFO-FLOW: Append model ekf_batch_flow_control_loop_pipe_sequential_init
INFO-FLOW: Handling components in module [ekf_batch_Pipeline_VITIS_LOOP_96_3] ... 
Execute       source D:/MSDF_2_ZCU/EKF/solution1/.autopilot/db/ekf_batch_Pipeline_VITIS_LOOP_96_3.compgen.tcl 
INFO-FLOW: Found component ekf_batch_flow_control_loop_pipe_sequential_init.
INFO-FLOW: Append model ekf_batch_flow_control_loop_pipe_sequential_init
INFO-FLOW: Handling components in module [ekf_batch_Pipeline_VITIS_LOOP_101_4] ... 
Execute       source D:/MSDF_2_ZCU/EKF/solution1/.autopilot/db/ekf_batch_Pipeline_VITIS_LOOP_101_4.compgen.tcl 
INFO-FLOW: Found component ekf_batch_flow_control_loop_pipe_sequential_init.
INFO-FLOW: Append model ekf_batch_flow_control_loop_pipe_sequential_init
INFO-FLOW: Handling components in module [ekf_batch_Pipeline_VITIS_LOOP_102_5] ... 
Execute       source D:/MSDF_2_ZCU/EKF/solution1/.autopilot/db/ekf_batch_Pipeline_VITIS_LOOP_102_5.compgen.tcl 
INFO-FLOW: Found component ekf_batch_flow_control_loop_pipe_sequential_init.
INFO-FLOW: Append model ekf_batch_flow_control_loop_pipe_sequential_init
INFO-FLOW: Handling components in module [ekf_batch_Pipeline_VITIS_LOOP_109_6] ... 
Execute       source D:/MSDF_2_ZCU/EKF/solution1/.autopilot/db/ekf_batch_Pipeline_VITIS_LOOP_109_6.compgen.tcl 
INFO-FLOW: Found component ekf_batch_flow_control_loop_pipe_sequential_init.
INFO-FLOW: Append model ekf_batch_flow_control_loop_pipe_sequential_init
INFO-FLOW: Handling components in module [ekf_batch_Pipeline_VITIS_LOOP_17_1_VITIS_LOOP_18_22] ... 
Execute       source D:/MSDF_2_ZCU/EKF/solution1/.autopilot/db/ekf_batch_Pipeline_VITIS_LOOP_17_1_VITIS_LOOP_18_22.compgen.tcl 
INFO-FLOW: Found component ekf_batch_flow_control_loop_pipe_sequential_init.
INFO-FLOW: Append model ekf_batch_flow_control_loop_pipe_sequential_init
INFO-FLOW: Handling components in module [ekf_batch_Pipeline_VITIS_LOOP_30_13] ... 
Execute       source D:/MSDF_2_ZCU/EKF/solution1/.autopilot/db/ekf_batch_Pipeline_VITIS_LOOP_30_13.compgen.tcl 
INFO-FLOW: Found component ekf_batch_flow_control_loop_pipe_sequential_init.
INFO-FLOW: Append model ekf_batch_flow_control_loop_pipe_sequential_init
INFO-FLOW: Handling components in module [ekf_batch_Pipeline_VITIS_LOOP_17_1_VITIS_LOOP_18_24] ... 
Execute       source D:/MSDF_2_ZCU/EKF/solution1/.autopilot/db/ekf_batch_Pipeline_VITIS_LOOP_17_1_VITIS_LOOP_18_24.compgen.tcl 
INFO-FLOW: Found component ekf_batch_flow_control_loop_pipe_sequential_init.
INFO-FLOW: Append model ekf_batch_flow_control_loop_pipe_sequential_init
INFO-FLOW: Handling components in module [ekf_batch_Pipeline_VITIS_LOOP_117_8] ... 
Execute       source D:/MSDF_2_ZCU/EKF/solution1/.autopilot/db/ekf_batch_Pipeline_VITIS_LOOP_117_8.compgen.tcl 
INFO-FLOW: Found component ekf_batch_flow_control_loop_pipe_sequential_init.
INFO-FLOW: Append model ekf_batch_flow_control_loop_pipe_sequential_init
INFO-FLOW: Handling components in module [ekf_batch_Pipeline_VITIS_LOOP_173_9] ... 
Execute       source D:/MSDF_2_ZCU/EKF/solution1/.autopilot/db/ekf_batch_Pipeline_VITIS_LOOP_173_9.compgen.tcl 
INFO-FLOW: Found component ekf_batch_flow_control_loop_pipe_sequential_init.
INFO-FLOW: Append model ekf_batch_flow_control_loop_pipe_sequential_init
INFO-FLOW: Handling components in module [ekf_batch_Pipeline_VITIS_LOOP_174_10_VITIS_LOOP_175_11] ... 
Execute       source D:/MSDF_2_ZCU/EKF/solution1/.autopilot/db/ekf_batch_Pipeline_VITIS_LOOP_174_10_VITIS_LOOP_175_11.compgen.tcl 
INFO-FLOW: Found component ekf_batch_flow_control_loop_pipe_sequential_init.
INFO-FLOW: Append model ekf_batch_flow_control_loop_pipe_sequential_init
INFO-FLOW: Handling components in module [ekf_batch_Pipeline_VITIS_LOOP_176_12] ... 
Execute       source D:/MSDF_2_ZCU/EKF/solution1/.autopilot/db/ekf_batch_Pipeline_VITIS_LOOP_176_12.compgen.tcl 
INFO-FLOW: Found component ekf_batch_flow_control_loop_pipe_sequential_init.
INFO-FLOW: Append model ekf_batch_flow_control_loop_pipe_sequential_init
INFO-FLOW: Handling components in module [ekf_batch] ... 
Execute       source D:/MSDF_2_ZCU/EKF/solution1/.autopilot/db/ekf_batch.compgen.tcl 
INFO-FLOW: Found component ekf_batch_fdiv_32ns_32ns_32_9_no_dsp_1.
INFO-FLOW: Append model ekf_batch_fdiv_32ns_32ns_32_9_no_dsp_1
INFO-FLOW: Found component ekf_batch_mux_5_3_32_1_1.
INFO-FLOW: Append model ekf_batch_mux_5_3_32_1_1
INFO-FLOW: Found component ekf_batch_faddfsub_32ns_32ns_32_4_full_dsp_1.
INFO-FLOW: Append model ekf_batch_faddfsub_32ns_32ns_32_4_full_dsp_1
INFO-FLOW: Found component ekf_batch_fmul_32ns_32ns_32_3_max_dsp_1.
INFO-FLOW: Append model ekf_batch_fmul_32ns_32ns_32_3_max_dsp_1
INFO-FLOW: Found component ekf_batch_local_RAM_AUTO_1R1W.
INFO-FLOW: Append model ekf_batch_local_RAM_AUTO_1R1W
INFO-FLOW: Found component ekf_batch_gmem0_m_axi.
INFO-FLOW: Append model ekf_batch_gmem0_m_axi
INFO-FLOW: Found component ekf_batch_gmem1_m_axi.
INFO-FLOW: Append model ekf_batch_gmem1_m_axi
INFO-FLOW: Found component ekf_batch_control_s_axi.
INFO-FLOW: Append model ekf_batch_control_s_axi
INFO-FLOW: Append model ekf_batch_Pipeline_VITIS_LOOP_148_3
INFO-FLOW: Append model ekf_batch_Pipeline_VITIS_LOOP_157_4
INFO-FLOW: Append model ekf_batch_Pipeline_VITIS_LOOP_158_5_VITIS_LOOP_159_6
INFO-FLOW: Append model ekf_batch_Pipeline_VITIS_LOOP_41_1_VITIS_LOOP_42_2
INFO-FLOW: Append model ekf_batch_Pipeline_VITIS_LOOP_45_3
INFO-FLOW: Append model ekf_batch_Pipeline_VITIS_LOOP_58_1
INFO-FLOW: Append model ekf_batch_Pipeline_VITIS_LOOP_64_3
INFO-FLOW: Append model ekf_batch_Pipeline_VITIS_LOOP_17_1_VITIS_LOOP_18_2
INFO-FLOW: Append model ekf_batch_Pipeline_VITIS_LOOP_30_1
INFO-FLOW: Append model ekf_batch_Pipeline_VITIS_LOOP_17_1_VITIS_LOOP_18_21
INFO-FLOW: Append model ekf_batch_Pipeline_VITIS_LOOP_73_4_VITIS_LOOP_74_5
INFO-FLOW: Append model ekf_batch_Pipeline_VITIS_LOOP_168_8
INFO-FLOW: Append model ekf_batch_Pipeline_VITIS_LOOP_89_1
INFO-FLOW: Append model ekf_batch_Pipeline_VITIS_LOOP_96_3
INFO-FLOW: Append model ekf_batch_Pipeline_VITIS_LOOP_101_4
INFO-FLOW: Append model ekf_batch_Pipeline_VITIS_LOOP_102_5
INFO-FLOW: Append model ekf_batch_Pipeline_VITIS_LOOP_109_6
INFO-FLOW: Append model ekf_batch_Pipeline_VITIS_LOOP_17_1_VITIS_LOOP_18_22
INFO-FLOW: Append model ekf_batch_Pipeline_VITIS_LOOP_30_13
INFO-FLOW: Append model ekf_batch_Pipeline_VITIS_LOOP_17_1_VITIS_LOOP_18_24
INFO-FLOW: Append model ekf_batch_Pipeline_VITIS_LOOP_117_8
INFO-FLOW: Append model ekf_batch_Pipeline_VITIS_LOOP_173_9
INFO-FLOW: Append model ekf_batch_Pipeline_VITIS_LOOP_174_10_VITIS_LOOP_175_11
INFO-FLOW: Append model ekf_batch_Pipeline_VITIS_LOOP_176_12
INFO-FLOW: Append model ekf_batch
INFO-FLOW: Generating RTL model list ...
INFO-FLOW: All models in this session: ekf_batch_flow_control_loop_pipe_sequential_init ekf_batch_mux_6_3_32_1_1 ekf_batch_flow_control_loop_pipe_sequential_init ekf_batch_mux_8_3_32_1_1 ekf_batch_flow_control_loop_pipe_sequential_init ekf_batch_flow_control_loop_pipe_sequential_init ekf_batch_flow_control_loop_pipe_sequential_init ekf_batch_fadd_32ns_32ns_32_4_full_dsp_1 ekf_batch_fmul_32ns_32ns_32_3_max_dsp_1 ekf_batch_flow_control_loop_pipe_sequential_init ekf_batch_flow_control_loop_pipe_sequential_init ekf_batch_flow_control_loop_pipe_sequential_init ekf_batch_flow_control_loop_pipe_sequential_init ekf_batch_flow_control_loop_pipe_sequential_init ekf_batch_flow_control_loop_pipe_sequential_init ekf_batch_flow_control_loop_pipe_sequential_init ekf_batch_flow_control_loop_pipe_sequential_init ekf_batch_flow_control_loop_pipe_sequential_init ekf_batch_flow_control_loop_pipe_sequential_init ekf_batch_flow_control_loop_pipe_sequential_init ekf_batch_flow_control_loop_pipe_sequential_init ekf_batch_flow_control_loop_pipe_sequential_init ekf_batch_flow_control_loop_pipe_sequential_init ekf_batch_flow_control_loop_pipe_sequential_init ekf_batch_flow_control_loop_pipe_sequential_init ekf_batch_flow_control_loop_pipe_sequential_init ekf_batch_flow_control_loop_pipe_sequential_init ekf_batch_flow_control_loop_pipe_sequential_init ekf_batch_fdiv_32ns_32ns_32_9_no_dsp_1 ekf_batch_mux_5_3_32_1_1 ekf_batch_faddfsub_32ns_32ns_32_4_full_dsp_1 ekf_batch_fmul_32ns_32ns_32_3_max_dsp_1 ekf_batch_local_RAM_AUTO_1R1W ekf_batch_gmem0_m_axi ekf_batch_gmem1_m_axi ekf_batch_control_s_axi ekf_batch_Pipeline_VITIS_LOOP_148_3 ekf_batch_Pipeline_VITIS_LOOP_157_4 ekf_batch_Pipeline_VITIS_LOOP_158_5_VITIS_LOOP_159_6 ekf_batch_Pipeline_VITIS_LOOP_41_1_VITIS_LOOP_42_2 ekf_batch_Pipeline_VITIS_LOOP_45_3 ekf_batch_Pipeline_VITIS_LOOP_58_1 ekf_batch_Pipeline_VITIS_LOOP_64_3 ekf_batch_Pipeline_VITIS_LOOP_17_1_VITIS_LOOP_18_2 ekf_batch_Pipeline_VITIS_LOOP_30_1 ekf_batch_Pipeline_VITIS_LOOP_17_1_VITIS_LOOP_18_21 ekf_batch_Pipeline_VITIS_LOOP_73_4_VITIS_LOOP_74_5 ekf_batch_Pipeline_VITIS_LOOP_168_8 ekf_batch_Pipeline_VITIS_LOOP_89_1 ekf_batch_Pipeline_VITIS_LOOP_96_3 ekf_batch_Pipeline_VITIS_LOOP_101_4 ekf_batch_Pipeline_VITIS_LOOP_102_5 ekf_batch_Pipeline_VITIS_LOOP_109_6 ekf_batch_Pipeline_VITIS_LOOP_17_1_VITIS_LOOP_18_22 ekf_batch_Pipeline_VITIS_LOOP_30_13 ekf_batch_Pipeline_VITIS_LOOP_17_1_VITIS_LOOP_18_24 ekf_batch_Pipeline_VITIS_LOOP_117_8 ekf_batch_Pipeline_VITIS_LOOP_173_9 ekf_batch_Pipeline_VITIS_LOOP_174_10_VITIS_LOOP_175_11 ekf_batch_Pipeline_VITIS_LOOP_176_12 ekf_batch
INFO-FLOW: Generating D:/MSDF_2_ZCU/EKF/solution1/.autopilot/db/autopilot.rtl.models.txt file...
INFO-FLOW: To file: write model ekf_batch_flow_control_loop_pipe_sequential_init
INFO-FLOW: To file: write model ekf_batch_mux_6_3_32_1_1
INFO-FLOW: To file: write model ekf_batch_flow_control_loop_pipe_sequential_init
INFO-FLOW: To file: write model ekf_batch_mux_8_3_32_1_1
INFO-FLOW: To file: write model ekf_batch_flow_control_loop_pipe_sequential_init
INFO-FLOW: To file: write model ekf_batch_flow_control_loop_pipe_sequential_init
INFO-FLOW: To file: write model ekf_batch_flow_control_loop_pipe_sequential_init
INFO-FLOW: To file: write model ekf_batch_fadd_32ns_32ns_32_4_full_dsp_1
INFO-FLOW: To file: write model ekf_batch_fmul_32ns_32ns_32_3_max_dsp_1
INFO-FLOW: To file: write model ekf_batch_flow_control_loop_pipe_sequential_init
INFO-FLOW: To file: write model ekf_batch_flow_control_loop_pipe_sequential_init
INFO-FLOW: To file: write model ekf_batch_flow_control_loop_pipe_sequential_init
INFO-FLOW: To file: write model ekf_batch_flow_control_loop_pipe_sequential_init
INFO-FLOW: To file: write model ekf_batch_flow_control_loop_pipe_sequential_init
INFO-FLOW: To file: write model ekf_batch_flow_control_loop_pipe_sequential_init
INFO-FLOW: To file: write model ekf_batch_flow_control_loop_pipe_sequential_init
INFO-FLOW: To file: write model ekf_batch_flow_control_loop_pipe_sequential_init
INFO-FLOW: To file: write model ekf_batch_flow_control_loop_pipe_sequential_init
INFO-FLOW: To file: write model ekf_batch_flow_control_loop_pipe_sequential_init
INFO-FLOW: To file: write model ekf_batch_flow_control_loop_pipe_sequential_init
INFO-FLOW: To file: write model ekf_batch_flow_control_loop_pipe_sequential_init
INFO-FLOW: To file: write model ekf_batch_flow_control_loop_pipe_sequential_init
INFO-FLOW: To file: write model ekf_batch_flow_control_loop_pipe_sequential_init
INFO-FLOW: To file: write model ekf_batch_flow_control_loop_pipe_sequential_init
INFO-FLOW: To file: write model ekf_batch_flow_control_loop_pipe_sequential_init
INFO-FLOW: To file: write model ekf_batch_flow_control_loop_pipe_sequential_init
INFO-FLOW: To file: write model ekf_batch_flow_control_loop_pipe_sequential_init
INFO-FLOW: To file: write model ekf_batch_flow_control_loop_pipe_sequential_init
INFO-FLOW: To file: write model ekf_batch_fdiv_32ns_32ns_32_9_no_dsp_1
INFO-FLOW: To file: write model ekf_batch_mux_5_3_32_1_1
INFO-FLOW: To file: write model ekf_batch_faddfsub_32ns_32ns_32_4_full_dsp_1
INFO-FLOW: To file: write model ekf_batch_fmul_32ns_32ns_32_3_max_dsp_1
INFO-FLOW: To file: write model ekf_batch_local_RAM_AUTO_1R1W
INFO-FLOW: To file: write model ekf_batch_gmem0_m_axi
INFO-FLOW: To file: write model ekf_batch_gmem1_m_axi
INFO-FLOW: To file: write model ekf_batch_control_s_axi
INFO-FLOW: To file: write model ekf_batch_Pipeline_VITIS_LOOP_148_3
INFO-FLOW: To file: write model ekf_batch_Pipeline_VITIS_LOOP_157_4
INFO-FLOW: To file: write model ekf_batch_Pipeline_VITIS_LOOP_158_5_VITIS_LOOP_159_6
INFO-FLOW: To file: write model ekf_batch_Pipeline_VITIS_LOOP_41_1_VITIS_LOOP_42_2
INFO-FLOW: To file: write model ekf_batch_Pipeline_VITIS_LOOP_45_3
INFO-FLOW: To file: write model ekf_batch_Pipeline_VITIS_LOOP_58_1
INFO-FLOW: To file: write model ekf_batch_Pipeline_VITIS_LOOP_64_3
INFO-FLOW: To file: write model ekf_batch_Pipeline_VITIS_LOOP_17_1_VITIS_LOOP_18_2
INFO-FLOW: To file: write model ekf_batch_Pipeline_VITIS_LOOP_30_1
INFO-FLOW: To file: write model ekf_batch_Pipeline_VITIS_LOOP_17_1_VITIS_LOOP_18_21
INFO-FLOW: To file: write model ekf_batch_Pipeline_VITIS_LOOP_73_4_VITIS_LOOP_74_5
INFO-FLOW: To file: write model ekf_batch_Pipeline_VITIS_LOOP_168_8
INFO-FLOW: To file: write model ekf_batch_Pipeline_VITIS_LOOP_89_1
INFO-FLOW: To file: write model ekf_batch_Pipeline_VITIS_LOOP_96_3
INFO-FLOW: To file: write model ekf_batch_Pipeline_VITIS_LOOP_101_4
INFO-FLOW: To file: write model ekf_batch_Pipeline_VITIS_LOOP_102_5
INFO-FLOW: To file: write model ekf_batch_Pipeline_VITIS_LOOP_109_6
INFO-FLOW: To file: write model ekf_batch_Pipeline_VITIS_LOOP_17_1_VITIS_LOOP_18_22
INFO-FLOW: To file: write model ekf_batch_Pipeline_VITIS_LOOP_30_13
INFO-FLOW: To file: write model ekf_batch_Pipeline_VITIS_LOOP_17_1_VITIS_LOOP_18_24
INFO-FLOW: To file: write model ekf_batch_Pipeline_VITIS_LOOP_117_8
INFO-FLOW: To file: write model ekf_batch_Pipeline_VITIS_LOOP_173_9
INFO-FLOW: To file: write model ekf_batch_Pipeline_VITIS_LOOP_174_10_VITIS_LOOP_175_11
INFO-FLOW: To file: write model ekf_batch_Pipeline_VITIS_LOOP_176_12
INFO-FLOW: To file: write model ekf_batch
INFO-FLOW: Generating D:/MSDF_2_ZCU/EKF/solution1/.autopilot/db/autopilot.rtl.models.tcl file...
INFO-FLOW: Finished generating RTL model list.


INFO-FLOW: RTL Generation done.
INFO-FLOW: CAS Generation done.
INFO-FLOW: CBC Generation done.
INFO-FLOW: DBG:PROC: ::AESL_AUTOMG::auto_generate_csynth_design
INFO-FLOW: DBG:PUTS: read_platform_lib D:/MSDF_2_ZCU/EKF/solution1/.autopilot/db/global.setting.tcl
Execute       source C:/Xilinx/Vitis_HLS/2023.1/common/technology/generic/autopilot/common.gen 
Execute         source C:/Xilinx/Vitis_HLS/2023.1/common/technology/generic/autopilot/APCoreGen.gen 
Execute       source C:/Xilinx/Vitis_HLS/2023.1/common/technology/generic/autopilot/op.gen 
Execute       source C:/Xilinx/Vitis_HLS/2023.1/common/technology/generic/autopilot/op_simcore.gen 
Execute       source C:/Xilinx/Vitis_HLS/2023.1/common/technology/generic/autopilot/interface.gen 
Execute       source D:/MSDF_2_ZCU/EKF/solution1/.autopilot/db/global.setting.tcl 
Execute       source C:/Xilinx/Vitis_HLS/2023.1/common/technology/xilinx/common/xilinx.gen 
Execute         source C:/Xilinx/Vitis_HLS/2023.1/common/technology/xilinx/interface/plb46.gen 
Execute         source C:/Xilinx/Vitis_HLS/2023.1/common/technology/xilinx/interface/axi4.gen 
Execute         source C:/Xilinx/Vitis_HLS/2023.1/common/technology/xilinx/interface/nativeAXI4.gen 
Execute           source C:/Xilinx/Vitis_HLS/2023.1/common/technology/xilinx/interface/saxilite.gen 
Execute         source C:/Xilinx/Vitis_HLS/2023.1/common/technology/xilinx/scripts/xilinxcoregen.gen 
Execute         source C:/Xilinx/Vitis_HLS/2023.1/common/technology/xilinx/interface/XilEDKCoreGen.gen 
Execute         source C:/Xilinx/Vitis_HLS/2023.1/common/technology/xilinx/ip/dds_compiler.gen 
Execute         source C:/Xilinx/Vitis_HLS/2023.1/common/technology/xilinx/ip/util.gen 
Execute         source C:/Xilinx/Vitis_HLS/2023.1/common/technology/xilinx/ip/xfft.gen 
Execute         source C:/Xilinx/Vitis_HLS/2023.1/common/technology/xilinx/ip/xfir.gen 
Execute         source C:/Xilinx/Vitis_HLS/2023.1/common/technology/xilinx/DSP48/dsp48.gen 
INFO-FLOW: DBG:PUTS:   using AESL_AUTOCG::g_clock_period=10.000 (was NA)
INFO-FLOW: DBG:PROC: ::AESL_AUTOMG::generate_ip_cores gen_sim_model='1' gen_fp_models='0' gen_for_export='0' dstSCDir='' dstVhdlDir='D:/MSDF_2_ZCU/EKF/solution1/.autopilot/db/vhdl' dstVlogDir='D:/MSDF_2_ZCU/EKF/solution1/.autopilot/db/vlog' tclDir='D:/MSDF_2_ZCU/EKF/solution1/.autopilot/db' modelList='ekf_batch_flow_control_loop_pipe_sequential_init
ekf_batch_mux_6_3_32_1_1
ekf_batch_flow_control_loop_pipe_sequential_init
ekf_batch_mux_8_3_32_1_1
ekf_batch_flow_control_loop_pipe_sequential_init
ekf_batch_flow_control_loop_pipe_sequential_init
ekf_batch_flow_control_loop_pipe_sequential_init
ekf_batch_fadd_32ns_32ns_32_4_full_dsp_1
ekf_batch_fmul_32ns_32ns_32_3_max_dsp_1
ekf_batch_flow_control_loop_pipe_sequential_init
ekf_batch_flow_control_loop_pipe_sequential_init
ekf_batch_flow_control_loop_pipe_sequential_init
ekf_batch_flow_control_loop_pipe_sequential_init
ekf_batch_flow_control_loop_pipe_sequential_init
ekf_batch_flow_control_loop_pipe_sequential_init
ekf_batch_flow_control_loop_pipe_sequential_init
ekf_batch_flow_control_loop_pipe_sequential_init
ekf_batch_flow_control_loop_pipe_sequential_init
ekf_batch_flow_control_loop_pipe_sequential_init
ekf_batch_flow_control_loop_pipe_sequential_init
ekf_batch_flow_control_loop_pipe_sequential_init
ekf_batch_flow_control_loop_pipe_sequential_init
ekf_batch_flow_control_loop_pipe_sequential_init
ekf_batch_flow_control_loop_pipe_sequential_init
ekf_batch_flow_control_loop_pipe_sequential_init
ekf_batch_flow_control_loop_pipe_sequential_init
ekf_batch_flow_control_loop_pipe_sequential_init
ekf_batch_flow_control_loop_pipe_sequential_init
ekf_batch_fdiv_32ns_32ns_32_9_no_dsp_1
ekf_batch_mux_5_3_32_1_1
ekf_batch_faddfsub_32ns_32ns_32_4_full_dsp_1
ekf_batch_fmul_32ns_32ns_32_3_max_dsp_1
ekf_batch_local_RAM_AUTO_1R1W
ekf_batch_gmem0_m_axi
ekf_batch_gmem1_m_axi
ekf_batch_control_s_axi
ekf_batch_Pipeline_VITIS_LOOP_148_3
ekf_batch_Pipeline_VITIS_LOOP_157_4
ekf_batch_Pipeline_VITIS_LOOP_158_5_VITIS_LOOP_159_6
ekf_batch_Pipeline_VITIS_LOOP_41_1_VITIS_LOOP_42_2
ekf_batch_Pipeline_VITIS_LOOP_45_3
ekf_batch_Pipeline_VITIS_LOOP_58_1
ekf_batch_Pipeline_VITIS_LOOP_64_3
ekf_batch_Pipeline_VITIS_LOOP_17_1_VITIS_LOOP_18_2
ekf_batch_Pipeline_VITIS_LOOP_30_1
ekf_batch_Pipeline_VITIS_LOOP_17_1_VITIS_LOOP_18_21
ekf_batch_Pipeline_VITIS_LOOP_73_4_VITIS_LOOP_74_5
ekf_batch_Pipeline_VITIS_LOOP_168_8
ekf_batch_Pipeline_VITIS_LOOP_89_1
ekf_batch_Pipeline_VITIS_LOOP_96_3
ekf_batch_Pipeline_VITIS_LOOP_101_4
ekf_batch_Pipeline_VITIS_LOOP_102_5
ekf_batch_Pipeline_VITIS_LOOP_109_6
ekf_batch_Pipeline_VITIS_LOOP_17_1_VITIS_LOOP_18_22
ekf_batch_Pipeline_VITIS_LOOP_30_13
ekf_batch_Pipeline_VITIS_LOOP_17_1_VITIS_LOOP_18_24
ekf_batch_Pipeline_VITIS_LOOP_117_8
ekf_batch_Pipeline_VITIS_LOOP_173_9
ekf_batch_Pipeline_VITIS_LOOP_174_10_VITIS_LOOP_175_11
ekf_batch_Pipeline_VITIS_LOOP_176_12
ekf_batch
' expOnly='0'
Execute       source D:/MSDF_2_ZCU/EKF/solution1/.autopilot/db/global.setting.tcl 
Execute       ap_part_info -name xczu9eg-ffvb1156-2-e -data names -quiet 
Execute       ap_part_info -name xczu9eg-ffvb1156-2-e -data info -quiet 
Execute       source D:/MSDF_2_ZCU/EKF/solution1/.autopilot/db/global.setting.tcl 
Execute       source D:/MSDF_2_ZCU/EKF/solution1/.autopilot/db/global.setting.tcl 
Execute       source D:/MSDF_2_ZCU/EKF/solution1/.autopilot/db/ekf_batch_Pipeline_VITIS_LOOP_148_3.compgen.tcl 
Execute       source D:/MSDF_2_ZCU/EKF/solution1/.autopilot/db/ekf_batch_Pipeline_VITIS_LOOP_157_4.compgen.tcl 
Execute         ap_part_info -name xczu9eg-ffvb1156-2-e -data names -quiet 
Execute         ap_part_info -name xczu9eg-ffvb1156-2-e -data info -quiet 
Execute       source D:/MSDF_2_ZCU/EKF/solution1/.autopilot/db/ekf_batch_Pipeline_VITIS_LOOP_158_5_VITIS_LOOP_159_6.compgen.tcl 
Execute         ap_part_info -name xczu9eg-ffvb1156-2-e -data names -quiet 
Execute         ap_part_info -name xczu9eg-ffvb1156-2-e -data info -quiet 
Execute       source D:/MSDF_2_ZCU/EKF/solution1/.autopilot/db/ekf_batch_Pipeline_VITIS_LOOP_41_1_VITIS_LOOP_42_2.compgen.tcl 
Execute       source D:/MSDF_2_ZCU/EKF/solution1/.autopilot/db/ekf_batch_Pipeline_VITIS_LOOP_45_3.compgen.tcl 
Execute       source D:/MSDF_2_ZCU/EKF/solution1/.autopilot/db/ekf_batch_Pipeline_VITIS_LOOP_58_1.compgen.tcl 
Execute       source D:/MSDF_2_ZCU/EKF/solution1/.autopilot/db/ekf_batch_Pipeline_VITIS_LOOP_64_3.compgen.tcl 
Execute       source D:/MSDF_2_ZCU/EKF/solution1/.autopilot/db/ekf_batch_Pipeline_VITIS_LOOP_17_1_VITIS_LOOP_18_2.compgen.tcl 
Execute       source D:/MSDF_2_ZCU/EKF/solution1/.autopilot/db/ekf_batch_Pipeline_VITIS_LOOP_30_1.compgen.tcl 
Execute       source D:/MSDF_2_ZCU/EKF/solution1/.autopilot/db/ekf_batch_Pipeline_VITIS_LOOP_17_1_VITIS_LOOP_18_21.compgen.tcl 
Execute       source D:/MSDF_2_ZCU/EKF/solution1/.autopilot/db/ekf_batch_Pipeline_VITIS_LOOP_73_4_VITIS_LOOP_74_5.compgen.tcl 
Execute       source D:/MSDF_2_ZCU/EKF/solution1/.autopilot/db/ekf_batch_Pipeline_VITIS_LOOP_168_8.compgen.tcl 
Execute       source D:/MSDF_2_ZCU/EKF/solution1/.autopilot/db/ekf_batch_Pipeline_VITIS_LOOP_89_1.compgen.tcl 
Execute       source D:/MSDF_2_ZCU/EKF/solution1/.autopilot/db/ekf_batch_Pipeline_VITIS_LOOP_96_3.compgen.tcl 
Execute       source D:/MSDF_2_ZCU/EKF/solution1/.autopilot/db/ekf_batch_Pipeline_VITIS_LOOP_101_4.compgen.tcl 
Execute       source D:/MSDF_2_ZCU/EKF/solution1/.autopilot/db/ekf_batch_Pipeline_VITIS_LOOP_102_5.compgen.tcl 
Execute       source D:/MSDF_2_ZCU/EKF/solution1/.autopilot/db/ekf_batch_Pipeline_VITIS_LOOP_109_6.compgen.tcl 
Execute       source D:/MSDF_2_ZCU/EKF/solution1/.autopilot/db/ekf_batch_Pipeline_VITIS_LOOP_17_1_VITIS_LOOP_18_22.compgen.tcl 
Execute       source D:/MSDF_2_ZCU/EKF/solution1/.autopilot/db/ekf_batch_Pipeline_VITIS_LOOP_30_13.compgen.tcl 
Execute       source D:/MSDF_2_ZCU/EKF/solution1/.autopilot/db/ekf_batch_Pipeline_VITIS_LOOP_17_1_VITIS_LOOP_18_24.compgen.tcl 
Execute       source D:/MSDF_2_ZCU/EKF/solution1/.autopilot/db/ekf_batch_Pipeline_VITIS_LOOP_117_8.compgen.tcl 
Execute       source D:/MSDF_2_ZCU/EKF/solution1/.autopilot/db/ekf_batch_Pipeline_VITIS_LOOP_173_9.compgen.tcl 
Execute       source D:/MSDF_2_ZCU/EKF/solution1/.autopilot/db/ekf_batch_Pipeline_VITIS_LOOP_174_10_VITIS_LOOP_175_11.compgen.tcl 
Execute       source D:/MSDF_2_ZCU/EKF/solution1/.autopilot/db/ekf_batch_Pipeline_VITIS_LOOP_176_12.compgen.tcl 
Execute       source D:/MSDF_2_ZCU/EKF/solution1/.autopilot/db/ekf_batch.compgen.tcl 
Execute         ap_part_info -name xczu9eg-ffvb1156-2-e -data names -quiet 
Execute         ap_part_info -name xczu9eg-ffvb1156-2-e -data info -quiet 
Execute         source ./control.slave.tcl 
INFO: [HLS 200-111] Finished Generating all RTL models: CPU user time: 2 seconds. CPU system time: 0 seconds. Elapsed time: 1.595 seconds; current allocated memory: 1.945 GB.
INFO-FLOW: DBG:PROC: ::HLSREPORTS::create_csynth_xml bind_info_var='bind_info' RtlSubPrefix='ekf_batch_' outfile=''
INFO-FLOW: Running: create_csynth_xml read xml data
INFO-FLOW: Done: create_csynth_xml read xml data time: 0 seconds per iteration
INFO-FLOW: Running: create_csynth_xml bind info
INFO-FLOW: Done: create_csynth_xml bind info time: 0 seconds per iteration
INFO-FLOW: Running: create_csynth_xml config info
INFO-FLOW: Done: create_csynth_xml config info time: 0.1 seconds per iteration
INFO-FLOW: Running: create_csynth_xml write xml
INFO-FLOW: Done: create_csynth_xml write xml time: 0 seconds per iteration
INFO-FLOW: DBG:PUTS:      create_csynth_xml wrote csynth_xml=D:/MSDF_2_ZCU/EKF/solution1/syn/report/csynth.xml
INFO-FLOW: DBG:PROC: ::AP::DESIGN_DATA::generate_json generate_bd_files='0' generate_xo_files='0' modelList='ekf_batch_flow_control_loop_pipe_sequential_init
ekf_batch_mux_6_3_32_1_1
ekf_batch_flow_control_loop_pipe_sequential_init
ekf_batch_mux_8_3_32_1_1
ekf_batch_flow_control_loop_pipe_sequential_init
ekf_batch_flow_control_loop_pipe_sequential_init
ekf_batch_flow_control_loop_pipe_sequential_init
ekf_batch_fadd_32ns_32ns_32_4_full_dsp_1
ekf_batch_fmul_32ns_32ns_32_3_max_dsp_1
ekf_batch_flow_control_loop_pipe_sequential_init
ekf_batch_flow_control_loop_pipe_sequential_init
ekf_batch_flow_control_loop_pipe_sequential_init
ekf_batch_flow_control_loop_pipe_sequential_init
ekf_batch_flow_control_loop_pipe_sequential_init
ekf_batch_flow_control_loop_pipe_sequential_init
ekf_batch_flow_control_loop_pipe_sequential_init
ekf_batch_flow_control_loop_pipe_sequential_init
ekf_batch_flow_control_loop_pipe_sequential_init
ekf_batch_flow_control_loop_pipe_sequential_init
ekf_batch_flow_control_loop_pipe_sequential_init
ekf_batch_flow_control_loop_pipe_sequential_init
ekf_batch_flow_control_loop_pipe_sequential_init
ekf_batch_flow_control_loop_pipe_sequential_init
ekf_batch_flow_control_loop_pipe_sequential_init
ekf_batch_flow_control_loop_pipe_sequential_init
ekf_batch_flow_control_loop_pipe_sequential_init
ekf_batch_flow_control_loop_pipe_sequential_init
ekf_batch_flow_control_loop_pipe_sequential_init
ekf_batch_fdiv_32ns_32ns_32_9_no_dsp_1
ekf_batch_mux_5_3_32_1_1
ekf_batch_faddfsub_32ns_32ns_32_4_full_dsp_1
ekf_batch_fmul_32ns_32ns_32_3_max_dsp_1
ekf_batch_local_RAM_AUTO_1R1W
ekf_batch_gmem0_m_axi
ekf_batch_gmem1_m_axi
ekf_batch_control_s_axi
ekf_batch_Pipeline_VITIS_LOOP_148_3
ekf_batch_Pipeline_VITIS_LOOP_157_4
ekf_batch_Pipeline_VITIS_LOOP_158_5_VITIS_LOOP_159_6
ekf_batch_Pipeline_VITIS_LOOP_41_1_VITIS_LOOP_42_2
ekf_batch_Pipeline_VITIS_LOOP_45_3
ekf_batch_Pipeline_VITIS_LOOP_58_1
ekf_batch_Pipeline_VITIS_LOOP_64_3
ekf_batch_Pipeline_VITIS_LOOP_17_1_VITIS_LOOP_18_2
ekf_batch_Pipeline_VITIS_LOOP_30_1
ekf_batch_Pipeline_VITIS_LOOP_17_1_VITIS_LOOP_18_21
ekf_batch_Pipeline_VITIS_LOOP_73_4_VITIS_LOOP_74_5
ekf_batch_Pipeline_VITIS_LOOP_168_8
ekf_batch_Pipeline_VITIS_LOOP_89_1
ekf_batch_Pipeline_VITIS_LOOP_96_3
ekf_batch_Pipeline_VITIS_LOOP_101_4
ekf_batch_Pipeline_VITIS_LOOP_102_5
ekf_batch_Pipeline_VITIS_LOOP_109_6
ekf_batch_Pipeline_VITIS_LOOP_17_1_VITIS_LOOP_18_22
ekf_batch_Pipeline_VITIS_LOOP_30_13
ekf_batch_Pipeline_VITIS_LOOP_17_1_VITIS_LOOP_18_24
ekf_batch_Pipeline_VITIS_LOOP_117_8
ekf_batch_Pipeline_VITIS_LOOP_173_9
ekf_batch_Pipeline_VITIS_LOOP_174_10_VITIS_LOOP_175_11
ekf_batch_Pipeline_VITIS_LOOP_176_12
ekf_batch
' rtl_lang='both' bootstrap_tcl='false' outdir='' outfilename=''
Execute       source D:/MSDF_2_ZCU/EKF/solution1/.autopilot/db/global.setting.tcl 
Execute       source D:/MSDF_2_ZCU/EKF/solution1/.autopilot/db/global.setting.tcl 
Execute       source D:/MSDF_2_ZCU/EKF/solution1/.autopilot/db/top-io-be.tcl 
Execute       source D:/MSDF_2_ZCU/EKF/solution1/.autopilot/db/ekf_batch.tbgen.tcl 
Execute       source D:/MSDF_2_ZCU/EKF/solution1/.autopilot/db/ekf_batch.compgen.dataonly.tcl 
Execute       source D:/MSDF_2_ZCU/EKF/solution1/.autopilot/db/ekf_batch.compgen.dataonly.tcl 
Execute       source D:/MSDF_2_ZCU/EKF/solution1/.autopilot/db/ekf_batch.rtl_wrap.cfg.tcl 
Execute       source D:/MSDF_2_ZCU/EKF/solution1/.autopilot/db/ekf_batch.compgen.dataonly.tcl 
Execute       source D:/MSDF_2_ZCU/EKF/solution1/.autopilot/db/ekf_batch_Pipeline_VITIS_LOOP_148_3.tbgen.tcl 
Execute       source D:/MSDF_2_ZCU/EKF/solution1/.autopilot/db/ekf_batch_Pipeline_VITIS_LOOP_157_4.tbgen.tcl 
Execute       source D:/MSDF_2_ZCU/EKF/solution1/.autopilot/db/ekf_batch_Pipeline_VITIS_LOOP_158_5_VITIS_LOOP_159_6.tbgen.tcl 
Execute       source D:/MSDF_2_ZCU/EKF/solution1/.autopilot/db/ekf_batch_Pipeline_VITIS_LOOP_41_1_VITIS_LOOP_42_2.tbgen.tcl 
Execute       source D:/MSDF_2_ZCU/EKF/solution1/.autopilot/db/ekf_batch_Pipeline_VITIS_LOOP_45_3.tbgen.tcl 
Execute       source D:/MSDF_2_ZCU/EKF/solution1/.autopilot/db/ekf_batch_Pipeline_VITIS_LOOP_58_1.tbgen.tcl 
Execute       source D:/MSDF_2_ZCU/EKF/solution1/.autopilot/db/ekf_batch_Pipeline_VITIS_LOOP_64_3.tbgen.tcl 
Execute       source D:/MSDF_2_ZCU/EKF/solution1/.autopilot/db/ekf_batch_Pipeline_VITIS_LOOP_17_1_VITIS_LOOP_18_2.tbgen.tcl 
Execute       source D:/MSDF_2_ZCU/EKF/solution1/.autopilot/db/ekf_batch_Pipeline_VITIS_LOOP_30_1.tbgen.tcl 
Execute       source D:/MSDF_2_ZCU/EKF/solution1/.autopilot/db/ekf_batch_Pipeline_VITIS_LOOP_17_1_VITIS_LOOP_18_21.tbgen.tcl 
Execute       source D:/MSDF_2_ZCU/EKF/solution1/.autopilot/db/ekf_batch_Pipeline_VITIS_LOOP_73_4_VITIS_LOOP_74_5.tbgen.tcl 
Execute       source D:/MSDF_2_ZCU/EKF/solution1/.autopilot/db/ekf_batch_Pipeline_VITIS_LOOP_168_8.tbgen.tcl 
Execute       source D:/MSDF_2_ZCU/EKF/solution1/.autopilot/db/ekf_batch_Pipeline_VITIS_LOOP_89_1.tbgen.tcl 
Execute       source D:/MSDF_2_ZCU/EKF/solution1/.autopilot/db/ekf_batch_Pipeline_VITIS_LOOP_96_3.tbgen.tcl 
Execute       source D:/MSDF_2_ZCU/EKF/solution1/.autopilot/db/ekf_batch_Pipeline_VITIS_LOOP_101_4.tbgen.tcl 
Execute       source D:/MSDF_2_ZCU/EKF/solution1/.autopilot/db/ekf_batch_Pipeline_VITIS_LOOP_102_5.tbgen.tcl 
Execute       source D:/MSDF_2_ZCU/EKF/solution1/.autopilot/db/ekf_batch_Pipeline_VITIS_LOOP_109_6.tbgen.tcl 
Execute       source D:/MSDF_2_ZCU/EKF/solution1/.autopilot/db/ekf_batch_Pipeline_VITIS_LOOP_17_1_VITIS_LOOP_18_22.tbgen.tcl 
Execute       source D:/MSDF_2_ZCU/EKF/solution1/.autopilot/db/ekf_batch_Pipeline_VITIS_LOOP_30_13.tbgen.tcl 
Execute       source D:/MSDF_2_ZCU/EKF/solution1/.autopilot/db/ekf_batch_Pipeline_VITIS_LOOP_17_1_VITIS_LOOP_18_24.tbgen.tcl 
Execute       source D:/MSDF_2_ZCU/EKF/solution1/.autopilot/db/ekf_batch_Pipeline_VITIS_LOOP_117_8.tbgen.tcl 
Execute       source D:/MSDF_2_ZCU/EKF/solution1/.autopilot/db/ekf_batch_Pipeline_VITIS_LOOP_173_9.tbgen.tcl 
Execute       source D:/MSDF_2_ZCU/EKF/solution1/.autopilot/db/ekf_batch_Pipeline_VITIS_LOOP_174_10_VITIS_LOOP_175_11.tbgen.tcl 
Execute       source D:/MSDF_2_ZCU/EKF/solution1/.autopilot/db/ekf_batch_Pipeline_VITIS_LOOP_176_12.tbgen.tcl 
Execute       source D:/MSDF_2_ZCU/EKF/solution1/.autopilot/db/ekf_batch.tbgen.tcl 
Execute       source D:/MSDF_2_ZCU/EKF/solution1/.autopilot/db/global.setting.tcl 
Execute       ap_part_info -name xczu9eg-ffvb1156-2-e -data names -quiet 
Execute       ap_part_info -name xczu9eg-ffvb1156-2-e -data info -quiet 
Execute       source D:/MSDF_2_ZCU/EKF/solution1/.autopilot/db/ekf_batch.constraint.tcl 
Execute       sc_get_clocks ekf_batch 
Execute       source D:/MSDF_2_ZCU/EKF/solution1/.autopilot/db/global.setting.tcl 
Execute       source D:/MSDF_2_ZCU/EKF/solution1/impl/misc/ekf_batch_fadd_32ns_32ns_32_4_full_dsp_1_ip.tcl 
Execute       source D:/MSDF_2_ZCU/EKF/solution1/impl/misc/ekf_batch_faddfsub_32ns_32ns_32_4_full_dsp_1_ip.tcl 
Execute       source D:/MSDF_2_ZCU/EKF/solution1/impl/misc/ekf_batch_fdiv_32ns_32ns_32_9_no_dsp_1_ip.tcl 
Execute       source D:/MSDF_2_ZCU/EKF/solution1/impl/misc/ekf_batch_fmul_32ns_32ns_32_3_max_dsp_1_ip.tcl 
INFO-FLOW: DBG:PROC: ::HLSREPORTS::add_csynth_report_sections bind_info_dict='adapter_nodes {{BINDTYPE adapter DISPLAY {bind_adapter axilite} ID {} IMPL {} LATENCY {} OPTYPE {} PRAGMA yes RTLNAME control_s_axi_U SOURCE {} VARIABLE {} MODULE ekf_batch LOOP {} BUNDLEDNAME control DSP 0 BRAM 0 URAM 0} {BINDTYPE adapter DISPLAY {bind_adapter axi_master} ID {} IMPL {} LATENCY {} OPTYPE {} PRAGMA yes RTLNAME gmem0_m_axi_U SOURCE {} VARIABLE {} MODULE ekf_batch LOOP {} BUNDLEDNAME gmem0 DSP 0 BRAM 4 URAM 0} {BINDTYPE adapter DISPLAY {bind_adapter axi_master} ID {} IMPL {} LATENCY {} OPTYPE {} PRAGMA yes RTLNAME gmem1_m_axi_U SOURCE {} VARIABLE {} MODULE ekf_batch LOOP {} BUNDLEDNAME gmem1 DSP 0 BRAM 4 URAM 0}} report_dict {TOPINST ekf_batch MODULE2INSTS {ekf_batch ekf_batch ekf_batch_Pipeline_VITIS_LOOP_148_3 grp_ekf_batch_Pipeline_VITIS_LOOP_148_3_fu_10970 ekf_batch_Pipeline_VITIS_LOOP_41_1_VITIS_LOOP_42_2 grp_ekf_batch_Pipeline_VITIS_LOOP_41_1_VITIS_LOOP_42_2_fu_10985 ekf_batch_Pipeline_VITIS_LOOP_45_3 grp_ekf_batch_Pipeline_VITIS_LOOP_45_3_fu_11022 ekf_batch_Pipeline_VITIS_LOOP_157_4 grp_ekf_batch_Pipeline_VITIS_LOOP_157_4_fu_11038 ekf_batch_Pipeline_VITIS_LOOP_158_5_VITIS_LOOP_159_6 grp_ekf_batch_Pipeline_VITIS_LOOP_158_5_VITIS_LOOP_159_6_fu_11054 ekf_batch_Pipeline_VITIS_LOOP_30_1 grp_ekf_batch_Pipeline_VITIS_LOOP_30_1_fu_11102 ekf_batch_Pipeline_VITIS_LOOP_58_1 grp_ekf_batch_Pipeline_VITIS_LOOP_58_1_fu_11175 ekf_batch_Pipeline_VITIS_LOOP_17_1_VITIS_LOOP_18_2 grp_ekf_batch_Pipeline_VITIS_LOOP_17_1_VITIS_LOOP_18_2_fu_11224 ekf_batch_Pipeline_VITIS_LOOP_64_3 grp_ekf_batch_Pipeline_VITIS_LOOP_64_3_fu_11333 ekf_batch_Pipeline_VITIS_LOOP_17_1_VITIS_LOOP_18_21 grp_ekf_batch_Pipeline_VITIS_LOOP_17_1_VITIS_LOOP_18_21_fu_11355 ekf_batch_Pipeline_VITIS_LOOP_73_4_VITIS_LOOP_74_5 grp_ekf_batch_Pipeline_VITIS_LOOP_73_4_VITIS_LOOP_74_5_fu_11467 ekf_batch_Pipeline_VITIS_LOOP_168_8 grp_ekf_batch_Pipeline_VITIS_LOOP_168_8_fu_11591 ekf_batch_Pipeline_VITIS_LOOP_173_9 grp_ekf_batch_Pipeline_VITIS_LOOP_173_9_fu_11608 ekf_batch_Pipeline_VITIS_LOOP_89_1 grp_ekf_batch_Pipeline_VITIS_LOOP_89_1_fu_11636 ekf_batch_Pipeline_VITIS_LOOP_96_3 grp_ekf_batch_Pipeline_VITIS_LOOP_96_3_fu_11724 ekf_batch_Pipeline_VITIS_LOOP_101_4 grp_ekf_batch_Pipeline_VITIS_LOOP_101_4_fu_11743 ekf_batch_Pipeline_VITIS_LOOP_102_5 grp_ekf_batch_Pipeline_VITIS_LOOP_102_5_fu_11760 ekf_batch_Pipeline_VITIS_LOOP_109_6 grp_ekf_batch_Pipeline_VITIS_LOOP_109_6_fu_11789 ekf_batch_Pipeline_VITIS_LOOP_17_1_VITIS_LOOP_18_22 grp_ekf_batch_Pipeline_VITIS_LOOP_17_1_VITIS_LOOP_18_22_fu_11841 ekf_batch_Pipeline_VITIS_LOOP_30_13 grp_ekf_batch_Pipeline_VITIS_LOOP_30_13_fu_11989 ekf_batch_Pipeline_VITIS_LOOP_17_1_VITIS_LOOP_18_24 grp_ekf_batch_Pipeline_VITIS_LOOP_17_1_VITIS_LOOP_18_24_fu_12065 ekf_batch_Pipeline_VITIS_LOOP_117_8 grp_ekf_batch_Pipeline_VITIS_LOOP_117_8_fu_12177 ekf_batch_Pipeline_VITIS_LOOP_174_10_VITIS_LOOP_175_11 grp_ekf_batch_Pipeline_VITIS_LOOP_174_10_VITIS_LOOP_175_11_fu_12332 ekf_batch_Pipeline_VITIS_LOOP_176_12 grp_ekf_batch_Pipeline_VITIS_LOOP_176_12_fu_12416} INST2MODULE {ekf_batch ekf_batch grp_ekf_batch_Pipeline_VITIS_LOOP_148_3_fu_10970 ekf_batch_Pipeline_VITIS_LOOP_148_3 grp_ekf_batch_Pipeline_VITIS_LOOP_41_1_VITIS_LOOP_42_2_fu_10985 ekf_batch_Pipeline_VITIS_LOOP_41_1_VITIS_LOOP_42_2 grp_ekf_batch_Pipeline_VITIS_LOOP_45_3_fu_11022 ekf_batch_Pipeline_VITIS_LOOP_45_3 grp_ekf_batch_Pipeline_VITIS_LOOP_157_4_fu_11038 ekf_batch_Pipeline_VITIS_LOOP_157_4 grp_ekf_batch_Pipeline_VITIS_LOOP_158_5_VITIS_LOOP_159_6_fu_11054 ekf_batch_Pipeline_VITIS_LOOP_158_5_VITIS_LOOP_159_6 grp_ekf_batch_Pipeline_VITIS_LOOP_30_1_fu_11102 ekf_batch_Pipeline_VITIS_LOOP_30_1 grp_ekf_batch_Pipeline_VITIS_LOOP_58_1_fu_11175 ekf_batch_Pipeline_VITIS_LOOP_58_1 grp_ekf_batch_Pipeline_VITIS_LOOP_17_1_VITIS_LOOP_18_2_fu_11224 ekf_batch_Pipeline_VITIS_LOOP_17_1_VITIS_LOOP_18_2 grp_ekf_batch_Pipeline_VITIS_LOOP_64_3_fu_11333 ekf_batch_Pipeline_VITIS_LOOP_64_3 grp_ekf_batch_Pipeline_VITIS_LOOP_17_1_VITIS_LOOP_18_21_fu_11355 ekf_batch_Pipeline_VITIS_LOOP_17_1_VITIS_LOOP_18_21 grp_ekf_batch_Pipeline_VITIS_LOOP_73_4_VITIS_LOOP_74_5_fu_11467 ekf_batch_Pipeline_VITIS_LOOP_73_4_VITIS_LOOP_74_5 grp_ekf_batch_Pipeline_VITIS_LOOP_168_8_fu_11591 ekf_batch_Pipeline_VITIS_LOOP_168_8 grp_ekf_batch_Pipeline_VITIS_LOOP_173_9_fu_11608 ekf_batch_Pipeline_VITIS_LOOP_173_9 grp_ekf_batch_Pipeline_VITIS_LOOP_89_1_fu_11636 ekf_batch_Pipeline_VITIS_LOOP_89_1 grp_ekf_batch_Pipeline_VITIS_LOOP_96_3_fu_11724 ekf_batch_Pipeline_VITIS_LOOP_96_3 grp_ekf_batch_Pipeline_VITIS_LOOP_101_4_fu_11743 ekf_batch_Pipeline_VITIS_LOOP_101_4 grp_ekf_batch_Pipeline_VITIS_LOOP_102_5_fu_11760 ekf_batch_Pipeline_VITIS_LOOP_102_5 grp_ekf_batch_Pipeline_VITIS_LOOP_109_6_fu_11789 ekf_batch_Pipeline_VITIS_LOOP_109_6 grp_ekf_batch_Pipeline_VITIS_LOOP_17_1_VITIS_LOOP_18_22_fu_11841 ekf_batch_Pipeline_VITIS_LOOP_17_1_VITIS_LOOP_18_22 grp_ekf_batch_Pipeline_VITIS_LOOP_30_13_fu_11989 ekf_batch_Pipeline_VITIS_LOOP_30_13 grp_ekf_batch_Pipeline_VITIS_LOOP_17_1_VITIS_LOOP_18_24_fu_12065 ekf_batch_Pipeline_VITIS_LOOP_17_1_VITIS_LOOP_18_24 grp_ekf_batch_Pipeline_VITIS_LOOP_117_8_fu_12177 ekf_batch_Pipeline_VITIS_LOOP_117_8 grp_ekf_batch_Pipeline_VITIS_LOOP_174_10_VITIS_LOOP_175_11_fu_12332 ekf_batch_Pipeline_VITIS_LOOP_174_10_VITIS_LOOP_175_11 grp_ekf_batch_Pipeline_VITIS_LOOP_176_12_fu_12416 ekf_batch_Pipeline_VITIS_LOOP_176_12} INSTDATA {ekf_batch {DEPTH 1 CHILDREN {grp_ekf_batch_Pipeline_VITIS_LOOP_148_3_fu_10970 grp_ekf_batch_Pipeline_VITIS_LOOP_41_1_VITIS_LOOP_42_2_fu_10985 grp_ekf_batch_Pipeline_VITIS_LOOP_45_3_fu_11022 grp_ekf_batch_Pipeline_VITIS_LOOP_157_4_fu_11038 grp_ekf_batch_Pipeline_VITIS_LOOP_158_5_VITIS_LOOP_159_6_fu_11054 grp_ekf_batch_Pipeline_VITIS_LOOP_30_1_fu_11102 grp_ekf_batch_Pipeline_VITIS_LOOP_58_1_fu_11175 grp_ekf_batch_Pipeline_VITIS_LOOP_17_1_VITIS_LOOP_18_2_fu_11224 grp_ekf_batch_Pipeline_VITIS_LOOP_64_3_fu_11333 grp_ekf_batch_Pipeline_VITIS_LOOP_17_1_VITIS_LOOP_18_21_fu_11355 grp_ekf_batch_Pipeline_VITIS_LOOP_73_4_VITIS_LOOP_74_5_fu_11467 grp_ekf_batch_Pipeline_VITIS_LOOP_168_8_fu_11591 grp_ekf_batch_Pipeline_VITIS_LOOP_173_9_fu_11608 grp_ekf_batch_Pipeline_VITIS_LOOP_89_1_fu_11636 grp_ekf_batch_Pipeline_VITIS_LOOP_96_3_fu_11724 grp_ekf_batch_Pipeline_VITIS_LOOP_101_4_fu_11743 grp_ekf_batch_Pipeline_VITIS_LOOP_102_5_fu_11760 grp_ekf_batch_Pipeline_VITIS_LOOP_109_6_fu_11789 grp_ekf_batch_Pipeline_VITIS_LOOP_17_1_VITIS_LOOP_18_22_fu_11841 grp_ekf_batch_Pipeline_VITIS_LOOP_30_13_fu_11989 grp_ekf_batch_Pipeline_VITIS_LOOP_17_1_VITIS_LOOP_18_24_fu_12065 grp_ekf_batch_Pipeline_VITIS_LOOP_117_8_fu_12177 grp_ekf_batch_Pipeline_VITIS_LOOP_174_10_VITIS_LOOP_175_11_fu_12332 grp_ekf_batch_Pipeline_VITIS_LOOP_176_12_fu_12416}} grp_ekf_batch_Pipeline_VITIS_LOOP_148_3_fu_10970 {DEPTH 2 CHILDREN {}} grp_ekf_batch_Pipeline_VITIS_LOOP_41_1_VITIS_LOOP_42_2_fu_10985 {DEPTH 2 CHILDREN {}} grp_ekf_batch_Pipeline_VITIS_LOOP_45_3_fu_11022 {DEPTH 2 CHILDREN {}} grp_ekf_batch_Pipeline_VITIS_LOOP_157_4_fu_11038 {DEPTH 2 CHILDREN {}} grp_ekf_batch_Pipeline_VITIS_LOOP_158_5_VITIS_LOOP_159_6_fu_11054 {DEPTH 2 CHILDREN {}} grp_ekf_batch_Pipeline_VITIS_LOOP_30_1_fu_11102 {DEPTH 2 CHILDREN {}} grp_ekf_batch_Pipeline_VITIS_LOOP_58_1_fu_11175 {DEPTH 2 CHILDREN {}} grp_ekf_batch_Pipeline_VITIS_LOOP_17_1_VITIS_LOOP_18_2_fu_11224 {DEPTH 2 CHILDREN {}} grp_ekf_batch_Pipeline_VITIS_LOOP_64_3_fu_11333 {DEPTH 2 CHILDREN {}} grp_ekf_batch_Pipeline_VITIS_LOOP_17_1_VITIS_LOOP_18_21_fu_11355 {DEPTH 2 CHILDREN {}} grp_ekf_batch_Pipeline_VITIS_LOOP_73_4_VITIS_LOOP_74_5_fu_11467 {DEPTH 2 CHILDREN {}} grp_ekf_batch_Pipeline_VITIS_LOOP_168_8_fu_11591 {DEPTH 2 CHILDREN {}} grp_ekf_batch_Pipeline_VITIS_LOOP_173_9_fu_11608 {DEPTH 2 CHILDREN {}} grp_ekf_batch_Pipeline_VITIS_LOOP_89_1_fu_11636 {DEPTH 2 CHILDREN {}} grp_ekf_batch_Pipeline_VITIS_LOOP_96_3_fu_11724 {DEPTH 2 CHILDREN {}} grp_ekf_batch_Pipeline_VITIS_LOOP_101_4_fu_11743 {DEPTH 2 CHILDREN {}} grp_ekf_batch_Pipeline_VITIS_LOOP_102_5_fu_11760 {DEPTH 2 CHILDREN {}} grp_ekf_batch_Pipeline_VITIS_LOOP_109_6_fu_11789 {DEPTH 2 CHILDREN {}} grp_ekf_batch_Pipeline_VITIS_LOOP_17_1_VITIS_LOOP_18_22_fu_11841 {DEPTH 2 CHILDREN {}} grp_ekf_batch_Pipeline_VITIS_LOOP_30_13_fu_11989 {DEPTH 2 CHILDREN {}} grp_ekf_batch_Pipeline_VITIS_LOOP_17_1_VITIS_LOOP_18_24_fu_12065 {DEPTH 2 CHILDREN {}} grp_ekf_batch_Pipeline_VITIS_LOOP_117_8_fu_12177 {DEPTH 2 CHILDREN {}} grp_ekf_batch_Pipeline_VITIS_LOOP_174_10_VITIS_LOOP_175_11_fu_12332 {DEPTH 2 CHILDREN {}} grp_ekf_batch_Pipeline_VITIS_LOOP_176_12_fu_12416 {DEPTH 2 CHILDREN {}}} MODULEDATA {ekf_batch_Pipeline_VITIS_LOOP_148_3 {BINDINFO {{BINDTYPE op ID {} IMPL fabric LATENCY 0 OPTYPE add PRAGMA {} RTLNAME add_ln148_fu_221_p2 SOURCE ekf_core.cpp:148 VARIABLE add_ln148 LOOP VITIS_LOOP_148_3 BUNDLEDNAME {} DSP 0 BRAM 0 URAM 0 DISPNAME {bind_op add}}} AREA {DSP 0 BRAM 0 URAM 0}} ekf_batch_Pipeline_VITIS_LOOP_157_4 {BINDINFO {{BINDTYPE op ID {} IMPL fabric LATENCY 0 OPTYPE add PRAGMA {} RTLNAME add_ln157_fu_180_p2 SOURCE ekf_core.cpp:157 VARIABLE add_ln157 LOOP VITIS_LOOP_157_4 BUNDLEDNAME {} DSP 0 BRAM 0 URAM 0 DISPNAME {bind_op add}}} AREA {DSP 0 BRAM 0 URAM 0}} ekf_batch_Pipeline_VITIS_LOOP_158_5_VITIS_LOOP_159_6 {BINDINFO {{BINDTYPE op ID {} IMPL fabric LATENCY 0 OPTYPE sub PRAGMA {} RTLNAME empty_fu_703_p2 SOURCE ekf_core.cpp:158 VARIABLE empty LOOP VITIS_LOOP_158_5_VITIS_LOOP_159_6 BUNDLEDNAME {} DSP 0 BRAM 0 URAM 0 DISPNAME {bind_op sub}} {BINDTYPE op ID {} IMPL fabric LATENCY 0 OPTYPE add PRAGMA {} RTLNAME add_ln158_fu_715_p2 SOURCE ekf_core.cpp:158 VARIABLE add_ln158 LOOP VITIS_LOOP_158_5_VITIS_LOOP_159_6 BUNDLEDNAME {} DSP 0 BRAM 0 URAM 0 DISPNAME {bind_op add}} {BINDTYPE op ID {} IMPL fabric LATENCY 0 OPTYPE add PRAGMA {} RTLNAME add_ln158_1_fu_738_p2 SOURCE ekf_core.cpp:158 VARIABLE add_ln158_1 LOOP VITIS_LOOP_158_5_VITIS_LOOP_159_6 BUNDLEDNAME {} DSP 0 BRAM 0 URAM 0 DISPNAME {bind_op add}} {BINDTYPE op ID {} IMPL fabric LATENCY 0 OPTYPE sub PRAGMA {} RTLNAME p_mid1_fu_768_p2 SOURCE ekf_core.cpp:158 VARIABLE p_mid1 LOOP VITIS_LOOP_158_5_VITIS_LOOP_159_6 BUNDLEDNAME {} DSP 0 BRAM 0 URAM 0 DISPNAME {bind_op sub}} {BINDTYPE op ID {} IMPL fabric LATENCY 0 OPTYPE add PRAGMA {} RTLNAME add_ln159_fu_798_p2 SOURCE ekf_core.cpp:159 VARIABLE add_ln159 LOOP VITIS_LOOP_158_5_VITIS_LOOP_159_6 BUNDLEDNAME {} DSP 0 BRAM 0 URAM 0 DISPNAME {bind_op add}} {BINDTYPE op ID {} IMPL fabric LATENCY 0 OPTYPE add PRAGMA {} RTLNAME add_ln159_3_fu_804_p2 SOURCE ekf_core.cpp:159 VARIABLE add_ln159_3 LOOP VITIS_LOOP_158_5_VITIS_LOOP_159_6 BUNDLEDNAME {} DSP 0 BRAM 0 URAM 0 DISPNAME {bind_op add}} {BINDTYPE op ID {} IMPL fabric LATENCY 0 OPTYPE add PRAGMA {} RTLNAME add_ln159_1_fu_814_p2 SOURCE ekf_core.cpp:159 VARIABLE add_ln159_1 LOOP VITIS_LOOP_158_5_VITIS_LOOP_159_6 BUNDLEDNAME {} DSP 0 BRAM 0 URAM 0 DISPNAME {bind_op add}} {BINDTYPE op ID {} IMPL fabric LATENCY 0 OPTYPE add PRAGMA {} RTLNAME add_ln159_2_fu_842_p2 SOURCE ekf_core.cpp:159 VARIABLE add_ln159_2 LOOP VITIS_LOOP_158_5_VITIS_LOOP_159_6 BUNDLEDNAME {} DSP 0 BRAM 0 URAM 0 DISPNAME {bind_op add}}} AREA {DSP 0 BRAM 0 URAM 0}} ekf_batch_Pipeline_VITIS_LOOP_41_1_VITIS_LOOP_42_2 {BINDINFO {{BINDTYPE op ID {} IMPL fabric LATENCY 0 OPTYPE add PRAGMA {} RTLNAME add_ln41_fu_509_p2 SOURCE ekf_core.cpp:41 VARIABLE add_ln41 LOOP VITIS_LOOP_41_1_VITIS_LOOP_42_2 BUNDLEDNAME {} DSP 0 BRAM 0 URAM 0 DISPNAME {bind_op add}} {BINDTYPE op ID {} IMPL fabric LATENCY 0 OPTYPE add PRAGMA {} RTLNAME add_ln41_1_fu_535_p2 SOURCE ekf_core.cpp:41 VARIABLE add_ln41_1 LOOP VITIS_LOOP_41_1_VITIS_LOOP_42_2 BUNDLEDNAME {} DSP 0 BRAM 0 URAM 0 DISPNAME {bind_op add}} {BINDTYPE op ID {} IMPL fabric LATENCY 0 OPTYPE add PRAGMA {} RTLNAME add_ln42_fu_728_p2 SOURCE ekf_core.cpp:42 VARIABLE add_ln42 LOOP VITIS_LOOP_41_1_VITIS_LOOP_42_2 BUNDLEDNAME {} DSP 0 BRAM 0 URAM 0 DISPNAME {bind_op add}}} AREA {DSP 0 BRAM 0 URAM 0}} ekf_batch_Pipeline_VITIS_LOOP_45_3 {BINDINFO {{BINDTYPE op ID {} IMPL fabric LATENCY 0 OPTYPE add PRAGMA {} RTLNAME add_ln45_fu_268_p2 SOURCE ekf_core.cpp:45 VARIABLE add_ln45 LOOP VITIS_LOOP_45_3 BUNDLEDNAME {} DSP 0 BRAM 0 URAM 0 DISPNAME {bind_op add}}} AREA {DSP 0 BRAM 0 URAM 0}} ekf_batch_Pipeline_VITIS_LOOP_58_1 {BINDINFO {{BINDTYPE op ID {} IMPL fabric LATENCY 0 OPTYPE add PRAGMA {} RTLNAME add_ln58_fu_495_p2 SOURCE ekf_core.cpp:58 VARIABLE add_ln58 LOOP VITIS_LOOP_58_1 BUNDLEDNAME {} DSP 0 BRAM 0 URAM 0 DISPNAME {bind_op add}} {BINDTYPE op ID {} IMPL maxdsp LATENCY 2 OPTYPE fmul PRAGMA {} RTLNAME fmul_32ns_32ns_32_3_max_dsp_1_U123 SOURCE ekf_core.cpp:61 VARIABLE mul_i_1 LOOP VITIS_LOOP_58_1 BUNDLEDNAME {} DSP 3 BRAM 0 URAM 0 DISPNAME {bind_op fmul}} {BINDTYPE op ID {} IMPL fulldsp LATENCY 3 OPTYPE fadd PRAGMA {} RTLNAME fadd_32ns_32ns_32_4_full_dsp_1_U117 SOURCE ekf_core.cpp:61 VARIABLE acc_1 LOOP VITIS_LOOP_58_1 BUNDLEDNAME {} DSP 2 BRAM 0 URAM 0 DISPNAME {bind_op fadd}} {BINDTYPE op ID {} IMPL maxdsp LATENCY 2 OPTYPE fmul PRAGMA {} RTLNAME fmul_32ns_32ns_32_3_max_dsp_1_U124 SOURCE ekf_core.cpp:61 VARIABLE mul_i_2 LOOP VITIS_LOOP_58_1 BUNDLEDNAME {} DSP 3 BRAM 0 URAM 0 DISPNAME {bind_op fmul}} {BINDTYPE op ID {} IMPL fulldsp LATENCY 3 OPTYPE fadd PRAGMA {} RTLNAME fadd_32ns_32ns_32_4_full_dsp_1_U118 SOURCE ekf_core.cpp:61 VARIABLE acc_2 LOOP VITIS_LOOP_58_1 BUNDLEDNAME {} DSP 2 BRAM 0 URAM 0 DISPNAME {bind_op fadd}} {BINDTYPE op ID {} IMPL maxdsp LATENCY 2 OPTYPE fmul PRAGMA {} RTLNAME fmul_32ns_32ns_32_3_max_dsp_1_U125 SOURCE ekf_core.cpp:61 VARIABLE mul_i_3 LOOP VITIS_LOOP_58_1 BUNDLEDNAME {} DSP 3 BRAM 0 URAM 0 DISPNAME {bind_op fmul}} {BINDTYPE op ID {} IMPL fulldsp LATENCY 3 OPTYPE fadd PRAGMA {} RTLNAME fadd_32ns_32ns_32_4_full_dsp_1_U119 SOURCE ekf_core.cpp:61 VARIABLE acc_3 LOOP VITIS_LOOP_58_1 BUNDLEDNAME {} DSP 2 BRAM 0 URAM 0 DISPNAME {bind_op fadd}} {BINDTYPE op ID {} IMPL maxdsp LATENCY 2 OPTYPE fmul PRAGMA {} RTLNAME fmul_32ns_32ns_32_3_max_dsp_1_U126 SOURCE ekf_core.cpp:61 VARIABLE mul_i_4 LOOP VITIS_LOOP_58_1 BUNDLEDNAME {} DSP 3 BRAM 0 URAM 0 DISPNAME {bind_op fmul}} {BINDTYPE op ID {} IMPL fulldsp LATENCY 3 OPTYPE fadd PRAGMA {} RTLNAME fadd_32ns_32ns_32_4_full_dsp_1_U120 SOURCE ekf_core.cpp:61 VARIABLE acc_4 LOOP VITIS_LOOP_58_1 BUNDLEDNAME {} DSP 2 BRAM 0 URAM 0 DISPNAME {bind_op fadd}} {BINDTYPE op ID {} IMPL maxdsp LATENCY 2 OPTYPE fmul PRAGMA {} RTLNAME fmul_32ns_32ns_32_3_max_dsp_1_U127 SOURCE ekf_core.cpp:61 VARIABLE mul_i_5 LOOP VITIS_LOOP_58_1 BUNDLEDNAME {} DSP 3 BRAM 0 URAM 0 DISPNAME {bind_op fmul}} {BINDTYPE op ID {} IMPL fulldsp LATENCY 3 OPTYPE fadd PRAGMA {} RTLNAME fadd_32ns_32ns_32_4_full_dsp_1_U121 SOURCE ekf_core.cpp:61 VARIABLE xp_7 LOOP VITIS_LOOP_58_1 BUNDLEDNAME {} DSP 2 BRAM 0 URAM 0 DISPNAME {bind_op fadd}}} AREA {DSP 25 BRAM 0 URAM 0}} ekf_batch_Pipeline_VITIS_LOOP_64_3 {BINDINFO {{BINDTYPE op ID {} IMPL fabric LATENCY 0 OPTYPE add PRAGMA {} RTLNAME add_ln64_fu_258_p2 SOURCE ekf_core.cpp:64 VARIABLE add_ln64 LOOP VITIS_LOOP_64_3 BUNDLEDNAME {} DSP 0 BRAM 0 URAM 0 DISPNAME {bind_op add}}} AREA {DSP 0 BRAM 0 URAM 0}} ekf_batch_Pipeline_VITIS_LOOP_17_1_VITIS_LOOP_18_2 {BINDINFO {{BINDTYPE op ID {} IMPL fabric LATENCY 0 OPTYPE add PRAGMA {} RTLNAME add_ln17_1_fu_1151_p2 SOURCE ekf_core.cpp:17 VARIABLE add_ln17_1 LOOP VITIS_LOOP_17_1_VITIS_LOOP_18_2 BUNDLEDNAME {} DSP 0 BRAM 0 URAM 0 DISPNAME {bind_op add}} {BINDTYPE op ID {} IMPL fabric LATENCY 0 OPTYPE add PRAGMA {} RTLNAME add_ln17_fu_1177_p2 SOURCE ekf_core.cpp:17 VARIABLE add_ln17 LOOP VITIS_LOOP_17_1_VITIS_LOOP_18_2 BUNDLEDNAME {} DSP 0 BRAM 0 URAM 0 DISPNAME {bind_op add}} {BINDTYPE op ID {} IMPL fabric LATENCY 0 OPTYPE add PRAGMA {} RTLNAME add_ln18_fu_1253_p2 SOURCE ekf_core.cpp:18 VARIABLE add_ln18 LOOP VITIS_LOOP_17_1_VITIS_LOOP_18_2 BUNDLEDNAME {} DSP 0 BRAM 0 URAM 0 DISPNAME {bind_op add}}} AREA {DSP 0 BRAM 0 URAM 0}} ekf_batch_Pipeline_VITIS_LOOP_30_1 {BINDINFO {{BINDTYPE op ID {} IMPL fabric LATENCY 0 OPTYPE add PRAGMA {} RTLNAME add_ln30_fu_788_p2 SOURCE ekf_core.cpp:30 VARIABLE add_ln30 LOOP VITIS_LOOP_30_1 BUNDLEDNAME {} DSP 0 BRAM 0 URAM 0 DISPNAME {bind_op add}}} AREA {DSP 0 BRAM 0 URAM 0}} ekf_batch_Pipeline_VITIS_LOOP_17_1_VITIS_LOOP_18_21 {BINDINFO {{BINDTYPE op ID {} IMPL fabric LATENCY 0 OPTYPE add PRAGMA {} RTLNAME add_ln17_fu_1173_p2 SOURCE ekf_core.cpp:17 VARIABLE add_ln17 LOOP VITIS_LOOP_17_1_VITIS_LOOP_18_2 BUNDLEDNAME {} DSP 0 BRAM 0 URAM 0 DISPNAME {bind_op add}} {BINDTYPE op ID {} IMPL fabric LATENCY 0 OPTYPE add PRAGMA {} RTLNAME add_ln17_3_fu_1199_p2 SOURCE ekf_core.cpp:17 VARIABLE add_ln17_3 LOOP VITIS_LOOP_17_1_VITIS_LOOP_18_2 BUNDLEDNAME {} DSP 0 BRAM 0 URAM 0 DISPNAME {bind_op add}} {BINDTYPE op ID {} IMPL fabric LATENCY 0 OPTYPE add PRAGMA {} RTLNAME add_ln18_fu_1275_p2 SOURCE ekf_core.cpp:18 VARIABLE add_ln18 LOOP VITIS_LOOP_17_1_VITIS_LOOP_18_2 BUNDLEDNAME {} DSP 0 BRAM 0 URAM 0 DISPNAME {bind_op add}}} AREA {DSP 0 BRAM 0 URAM 0}} ekf_batch_Pipeline_VITIS_LOOP_73_4_VITIS_LOOP_74_5 {BINDINFO {{BINDTYPE op ID {} IMPL fabric LATENCY 0 OPTYPE add PRAGMA {} RTLNAME add_ln73_fu_1406_p2 SOURCE ekf_core.cpp:73 VARIABLE add_ln73 LOOP VITIS_LOOP_73_4_VITIS_LOOP_74_5 BUNDLEDNAME {} DSP 0 BRAM 0 URAM 0 DISPNAME {bind_op add}} {BINDTYPE op ID {} IMPL fabric LATENCY 0 OPTYPE add PRAGMA {} RTLNAME add_ln73_1_fu_1432_p2 SOURCE ekf_core.cpp:73 VARIABLE add_ln73_1 LOOP VITIS_LOOP_73_4_VITIS_LOOP_74_5 BUNDLEDNAME {} DSP 0 BRAM 0 URAM 0 DISPNAME {bind_op add}} {BINDTYPE op ID {} IMPL fabric LATENCY 0 OPTYPE add PRAGMA {} RTLNAME add_ln74_fu_1698_p2 SOURCE ekf_core.cpp:74 VARIABLE add_ln74 LOOP VITIS_LOOP_73_4_VITIS_LOOP_74_5 BUNDLEDNAME {} DSP 0 BRAM 0 URAM 0 DISPNAME {bind_op add}}} AREA {DSP 0 BRAM 0 URAM 0}} ekf_batch_Pipeline_VITIS_LOOP_168_8 {BINDINFO {{BINDTYPE op ID {} IMPL fabric LATENCY 0 OPTYPE add PRAGMA {} RTLNAME add_ln168_1_fu_244_p2 SOURCE ekf_core.cpp:168 VARIABLE add_ln168_1 LOOP VITIS_LOOP_168_8 BUNDLEDNAME {} DSP 0 BRAM 0 URAM 0 DISPNAME {bind_op add}} {BINDTYPE op ID {} IMPL fabric LATENCY 0 OPTYPE add PRAGMA {} RTLNAME add_ln168_2_fu_254_p2 SOURCE ekf_core.cpp:168 VARIABLE add_ln168_2 LOOP VITIS_LOOP_168_8 BUNDLEDNAME {} DSP 0 BRAM 0 URAM 0 DISPNAME {bind_op add}} {BINDTYPE op ID {} IMPL fabric LATENCY 0 OPTYPE add PRAGMA {} RTLNAME add_ln168_fu_264_p2 SOURCE ekf_core.cpp:168 VARIABLE add_ln168 LOOP VITIS_LOOP_168_8 BUNDLEDNAME {} DSP 0 BRAM 0 URAM 0 DISPNAME {bind_op add}}} AREA {DSP 0 BRAM 0 URAM 0}} ekf_batch_Pipeline_VITIS_LOOP_89_1 {BINDINFO {{BINDTYPE op ID {} IMPL fabric LATENCY 0 OPTYPE add PRAGMA {} RTLNAME add_ln89_fu_517_p2 SOURCE ekf_core.cpp:89 VARIABLE add_ln89 LOOP VITIS_LOOP_89_1 BUNDLEDNAME {} DSP 0 BRAM 0 URAM 0 DISPNAME {bind_op add}}} AREA {DSP 0 BRAM 0 URAM 0}} ekf_batch_Pipeline_VITIS_LOOP_96_3 {BINDINFO {{BINDTYPE op ID {} IMPL fabric LATENCY 0 OPTYPE add PRAGMA {} RTLNAME add_ln96_fu_178_p2 SOURCE ekf_core.cpp:96 VARIABLE add_ln96 LOOP VITIS_LOOP_96_3 BUNDLEDNAME {} DSP 0 BRAM 0 URAM 0 DISPNAME {bind_op add}}} AREA {DSP 0 BRAM 0 URAM 0}} ekf_batch_Pipeline_VITIS_LOOP_101_4 {BINDINFO {{BINDTYPE op ID {} IMPL fabric LATENCY 0 OPTYPE add PRAGMA {} RTLNAME add_ln101_fu_192_p2 SOURCE ekf_core.cpp:101 VARIABLE add_ln101 LOOP VITIS_LOOP_101_4 BUNDLEDNAME {} DSP 0 BRAM 0 URAM 0 DISPNAME {bind_op add}}} AREA {DSP 0 BRAM 0 URAM 0}} ekf_batch_Pipeline_VITIS_LOOP_102_5 {BINDINFO {{BINDTYPE op ID {} IMPL fabric LATENCY 0 OPTYPE add PRAGMA {} RTLNAME add_ln102_fu_292_p2 SOURCE ekf_core.cpp:102 VARIABLE add_ln102 LOOP VITIS_LOOP_102_5 BUNDLEDNAME {} DSP 0 BRAM 0 URAM 0 DISPNAME {bind_op add}}} AREA {DSP 0 BRAM 0 URAM 0}} ekf_batch_Pipeline_VITIS_LOOP_109_6 {BINDINFO {{BINDTYPE op ID {} IMPL fabric LATENCY 0 OPTYPE add PRAGMA {} RTLNAME add_ln109_fu_672_p2 SOURCE ekf_core.cpp:109 VARIABLE add_ln109 LOOP VITIS_LOOP_109_6 BUNDLEDNAME {} DSP 0 BRAM 0 URAM 0 DISPNAME {bind_op add}}} AREA {DSP 0 BRAM 0 URAM 0}} ekf_batch_Pipeline_VITIS_LOOP_17_1_VITIS_LOOP_18_22 {BINDINFO {{BINDTYPE op ID {} IMPL fabric LATENCY 0 OPTYPE add PRAGMA {} RTLNAME add_ln17_fu_1173_p2 SOURCE ekf_core.cpp:17 VARIABLE add_ln17 LOOP VITIS_LOOP_17_1_VITIS_LOOP_18_2 BUNDLEDNAME {} DSP 0 BRAM 0 URAM 0 DISPNAME {bind_op add}} {BINDTYPE op ID {} IMPL fabric LATENCY 0 OPTYPE add PRAGMA {} RTLNAME add_ln17_2_fu_1199_p2 SOURCE ekf_core.cpp:17 VARIABLE add_ln17_2 LOOP VITIS_LOOP_17_1_VITIS_LOOP_18_2 BUNDLEDNAME {} DSP 0 BRAM 0 URAM 0 DISPNAME {bind_op add}} {BINDTYPE op ID {} IMPL fabric LATENCY 0 OPTYPE add PRAGMA {} RTLNAME add_ln18_fu_1275_p2 SOURCE ekf_core.cpp:18 VARIABLE add_ln18 LOOP VITIS_LOOP_17_1_VITIS_LOOP_18_2 BUNDLEDNAME {} DSP 0 BRAM 0 URAM 0 DISPNAME {bind_op add}}} AREA {DSP 0 BRAM 0 URAM 0}} ekf_batch_Pipeline_VITIS_LOOP_30_13 {BINDINFO {{BINDTYPE op ID {} IMPL fabric LATENCY 0 OPTYPE add PRAGMA {} RTLNAME add_ln30_fu_810_p2 SOURCE ekf_core.cpp:30 VARIABLE add_ln30 LOOP VITIS_LOOP_30_1 BUNDLEDNAME {} DSP 0 BRAM 0 URAM 0 DISPNAME {bind_op add}}} AREA {DSP 0 BRAM 0 URAM 0}} ekf_batch_Pipeline_VITIS_LOOP_17_1_VITIS_LOOP_18_24 {BINDINFO {{BINDTYPE op ID {} IMPL fabric LATENCY 0 OPTYPE add PRAGMA {} RTLNAME add_ln17_fu_1173_p2 SOURCE ekf_core.cpp:17 VARIABLE add_ln17 LOOP VITIS_LOOP_17_1_VITIS_LOOP_18_2 BUNDLEDNAME {} DSP 0 BRAM 0 URAM 0 DISPNAME {bind_op add}} {BINDTYPE op ID {} IMPL fabric LATENCY 0 OPTYPE add PRAGMA {} RTLNAME add_ln17_1_fu_1199_p2 SOURCE ekf_core.cpp:17 VARIABLE add_ln17_1 LOOP VITIS_LOOP_17_1_VITIS_LOOP_18_2 BUNDLEDNAME {} DSP 0 BRAM 0 URAM 0 DISPNAME {bind_op add}} {BINDTYPE op ID {} IMPL fabric LATENCY 0 OPTYPE add PRAGMA {} RTLNAME add_ln18_fu_1275_p2 SOURCE ekf_core.cpp:18 VARIABLE add_ln18 LOOP VITIS_LOOP_17_1_VITIS_LOOP_18_2 BUNDLEDNAME {} DSP 0 BRAM 0 URAM 0 DISPNAME {bind_op add}}} AREA {DSP 0 BRAM 0 URAM 0}} ekf_batch_Pipeline_VITIS_LOOP_117_8 {BINDINFO {{BINDTYPE op ID {} IMPL fabric LATENCY 0 OPTYPE add PRAGMA {} RTLNAME add_ln117_fu_1386_p2 SOURCE ekf_core.cpp:117 VARIABLE add_ln117 LOOP VITIS_LOOP_117_8 BUNDLEDNAME {} DSP 0 BRAM 0 URAM 0 DISPNAME {bind_op add}}} AREA {DSP 0 BRAM 0 URAM 0}} ekf_batch_Pipeline_VITIS_LOOP_173_9 {BINDINFO {{BINDTYPE op ID {} IMPL fabric LATENCY 0 OPTYPE add PRAGMA {} RTLNAME add_ln173_fu_258_p2 SOURCE ekf_core.cpp:173 VARIABLE add_ln173 LOOP VITIS_LOOP_173_9 BUNDLEDNAME {} DSP 0 BRAM 0 URAM 0 DISPNAME {bind_op add}}} AREA {DSP 0 BRAM 0 URAM 0}} ekf_batch_Pipeline_VITIS_LOOP_174_10_VITIS_LOOP_175_11 {BINDINFO {{BINDTYPE op ID {} IMPL fabric LATENCY 0 OPTYPE sub PRAGMA {} RTLNAME empty_fu_525_p2 SOURCE ekf_core.cpp:174 VARIABLE empty LOOP VITIS_LOOP_174_10_VITIS_LOOP_175_11 BUNDLEDNAME {} DSP 0 BRAM 0 URAM 0 DISPNAME {bind_op sub}} {BINDTYPE op ID {} IMPL fabric LATENCY 0 OPTYPE add PRAGMA {} RTLNAME add_ln174_fu_537_p2 SOURCE ekf_core.cpp:174 VARIABLE add_ln174 LOOP VITIS_LOOP_174_10_VITIS_LOOP_175_11 BUNDLEDNAME {} DSP 0 BRAM 0 URAM 0 DISPNAME {bind_op add}} {BINDTYPE op ID {} IMPL fabric LATENCY 0 OPTYPE add PRAGMA {} RTLNAME add_ln174_1_fu_560_p2 SOURCE ekf_core.cpp:174 VARIABLE add_ln174_1 LOOP VITIS_LOOP_174_10_VITIS_LOOP_175_11 BUNDLEDNAME {} DSP 0 BRAM 0 URAM 0 DISPNAME {bind_op add}} {BINDTYPE op ID {} IMPL fabric LATENCY 0 OPTYPE sub PRAGMA {} RTLNAME p_mid151_fu_590_p2 SOURCE ekf_core.cpp:174 VARIABLE p_mid151 LOOP VITIS_LOOP_174_10_VITIS_LOOP_175_11 BUNDLEDNAME {} DSP 0 BRAM 0 URAM 0 DISPNAME {bind_op sub}} {BINDTYPE op ID {} IMPL fabric LATENCY 0 OPTYPE add PRAGMA {} RTLNAME add_ln175_fu_754_p2 SOURCE ekf_core.cpp:175 VARIABLE add_ln175 LOOP VITIS_LOOP_174_10_VITIS_LOOP_175_11 BUNDLEDNAME {} DSP 0 BRAM 0 URAM 0 DISPNAME {bind_op add}} {BINDTYPE op ID {} IMPL fabric LATENCY 0 OPTYPE add PRAGMA {} RTLNAME add_ln175_3_fu_760_p2 SOURCE ekf_core.cpp:175 VARIABLE add_ln175_3 LOOP VITIS_LOOP_174_10_VITIS_LOOP_175_11 BUNDLEDNAME {} DSP 0 BRAM 0 URAM 0 DISPNAME {bind_op add}} {BINDTYPE op ID {} IMPL fabric LATENCY 0 OPTYPE add PRAGMA {} RTLNAME add_ln175_1_fu_770_p2 SOURCE ekf_core.cpp:175 VARIABLE add_ln175_1 LOOP VITIS_LOOP_174_10_VITIS_LOOP_175_11 BUNDLEDNAME {} DSP 0 BRAM 0 URAM 0 DISPNAME {bind_op add}} {BINDTYPE op ID {} IMPL fabric LATENCY 0 OPTYPE add PRAGMA {} RTLNAME add_ln175_2_fu_798_p2 SOURCE ekf_core.cpp:175 VARIABLE add_ln175_2 LOOP VITIS_LOOP_174_10_VITIS_LOOP_175_11 BUNDLEDNAME {} DSP 0 BRAM 0 URAM 0 DISPNAME {bind_op add}}} AREA {DSP 0 BRAM 0 URAM 0}} ekf_batch_Pipeline_VITIS_LOOP_176_12 {BINDINFO {{BINDTYPE op ID {} IMPL fabric LATENCY 0 OPTYPE add PRAGMA {} RTLNAME add_ln176_fu_214_p2 SOURCE ekf_core.cpp:176 VARIABLE add_ln176 LOOP VITIS_LOOP_176_12 BUNDLEDNAME {} DSP 0 BRAM 0 URAM 0 DISPNAME {bind_op add}}} AREA {DSP 0 BRAM 0 URAM 0}} ekf_batch {BINDINFO {{BINDTYPE storage ID {} IMPL auto LATENCY 1 OPTYPE ram_1p PRAGMA {} RTLNAME local_U SOURCE ekf_core.cpp:146 VARIABLE local LOOP {} BUNDLEDNAME {} DSP 0 BRAM 0 URAM 0 DISPNAME {bind_storage ram_1p}} {BINDTYPE storage ID {} IMPL auto LATENCY 1 OPTYPE ram_1p PRAGMA {} RTLNAME local_1_U SOURCE ekf_core.cpp:146 VARIABLE local_1 LOOP {} BUNDLEDNAME {} DSP 0 BRAM 0 URAM 0 DISPNAME {bind_storage ram_1p}} {BINDTYPE storage ID {} IMPL auto LATENCY 1 OPTYPE ram_1p PRAGMA {} RTLNAME local_2_U SOURCE ekf_core.cpp:146 VARIABLE local_2 LOOP {} BUNDLEDNAME {} DSP 0 BRAM 0 URAM 0 DISPNAME {bind_storage ram_1p}} {BINDTYPE storage ID {} IMPL auto LATENCY 1 OPTYPE ram_1p PRAGMA {} RTLNAME local_3_U SOURCE ekf_core.cpp:146 VARIABLE local_3 LOOP {} BUNDLEDNAME {} DSP 0 BRAM 0 URAM 0 DISPNAME {bind_storage ram_1p}} {BINDTYPE storage ID {} IMPL auto LATENCY 1 OPTYPE ram_1p PRAGMA {} RTLNAME local_4_U SOURCE ekf_core.cpp:146 VARIABLE local_4 LOOP {} BUNDLEDNAME {} DSP 0 BRAM 0 URAM 0 DISPNAME {bind_storage ram_1p}} {BINDTYPE storage ID {} IMPL auto LATENCY 1 OPTYPE ram_1p PRAGMA {} RTLNAME local_5_U SOURCE ekf_core.cpp:146 VARIABLE local_5 LOOP {} BUNDLEDNAME {} DSP 0 BRAM 0 URAM 0 DISPNAME {bind_storage ram_1p}} {BINDTYPE storage ID {} IMPL auto LATENCY 1 OPTYPE ram_1p PRAGMA {} RTLNAME local_6_U SOURCE ekf_core.cpp:146 VARIABLE local_6 LOOP {} BUNDLEDNAME {} DSP 0 BRAM 0 URAM 0 DISPNAME {bind_storage ram_1p}} {BINDTYPE storage ID {} IMPL auto LATENCY 1 OPTYPE ram_1p PRAGMA {} RTLNAME local_7_U SOURCE ekf_core.cpp:146 VARIABLE local_7 LOOP {} BUNDLEDNAME {} DSP 0 BRAM 0 URAM 0 DISPNAME {bind_storage ram_1p}} {BINDTYPE op ID {} IMPL fabric LATENCY 0 OPTYPE add PRAGMA {} RTLNAME add_ln138_1_fu_12622_p2 SOURCE ekf_core.cpp:138 VARIABLE add_ln138_1 LOOP VITIS_LOOP_138_1 BUNDLEDNAME {} DSP 0 BRAM 0 URAM 0 DISPNAME {bind_op add}} {BINDTYPE op ID {} IMPL fabric LATENCY 0 OPTYPE add PRAGMA {} RTLNAME add_ln138_fu_12637_p2 SOURCE ekf_core.cpp:138 VARIABLE add_ln138 LOOP VITIS_LOOP_138_1 BUNDLEDNAME {} DSP 0 BRAM 0 URAM 0 DISPNAME {bind_op add}} {BINDTYPE op ID {} IMPL fabric LATENCY 0 OPTYPE add PRAGMA {} RTLNAME add_ln143_fu_12647_p2 SOURCE ekf_core.cpp:143 VARIABLE add_ln143 LOOP VITIS_LOOP_138_1 BUNDLEDNAME {} DSP 0 BRAM 0 URAM 0 DISPNAME {bind_op add}} {BINDTYPE op ID {} IMPL fulldsp LATENCY 3 OPTYPE fadd PRAGMA {} RTLNAME fadd_32ns_32ns_32_4_full_dsp_1_U1450 SOURCE ekf_core.cpp:78 VARIABLE add81_i LOOP VITIS_LOOP_76_7 BUNDLEDNAME {} DSP 2 BRAM 0 URAM 0 DISPNAME {bind_op fadd}} {BINDTYPE op ID {} IMPL maxdsp LATENCY 2 OPTYPE fmul PRAGMA {} RTLNAME fmul_32ns_32ns_32_3_max_dsp_1_U1451 SOURCE ekf_core.cpp:78 VARIABLE m_4 LOOP VITIS_LOOP_76_7 BUNDLEDNAME {} DSP 3 BRAM 0 URAM 0 DISPNAME {bind_op fmul}} {BINDTYPE op ID {} IMPL fabric LATENCY 0 OPTYPE add PRAGMA {} RTLNAME add_ln76_1_fu_13848_p2 SOURCE ekf_core.cpp:76 VARIABLE add_ln76_1 LOOP VITIS_LOOP_76_7 BUNDLEDNAME {} DSP 0 BRAM 0 URAM 0 DISPNAME {bind_op add}} {BINDTYPE op ID {} IMPL fabric LATENCY 0 OPTYPE add PRAGMA {} RTLNAME add_ln76_fu_13842_p2 SOURCE ekf_core.cpp:76 VARIABLE add_ln76 LOOP VITIS_LOOP_75_6 BUNDLEDNAME {} DSP 0 BRAM 0 URAM 0 DISPNAME {bind_op add}} {BINDTYPE op ID {} IMPL fabric LATENCY 0 OPTYPE add PRAGMA {} RTLNAME add_ln164_fu_13885_p2 SOURCE ekf_core.cpp:164 VARIABLE add_ln164 LOOP VITIS_LOOP_164_7 BUNDLEDNAME {} DSP 0 BRAM 0 URAM 0 DISPNAME {bind_op add}} {BINDTYPE op ID {} IMPL fabric LATENCY 0 OPTYPE add PRAGMA {} RTLNAME add_ln169_fu_13936_p2 SOURCE ekf_core.cpp:169 VARIABLE add_ln169 LOOP VITIS_LOOP_164_7 BUNDLEDNAME {} DSP 0 BRAM 0 URAM 0 DISPNAME {bind_op add}} {BINDTYPE op ID {} IMPL fabric LATENCY 8 OPTYPE fdiv PRAGMA {} RTLNAME fdiv_32ns_32ns_32_9_no_dsp_1_U1452 SOURCE ekf_core.cpp:100 VARIABLE inv_s LOOP VITIS_LOOP_164_7 BUNDLEDNAME {} DSP 0 BRAM 0 URAM 0 DISPNAME {bind_op fdiv}} {BINDTYPE op ID {} IMPL fulldsp LATENCY 3 OPTYPE fadd PRAGMA {} RTLNAME fadd_32ns_32ns_32_4_full_dsp_1_U1450 SOURCE ekf_core.cpp:122 VARIABLE add136_i LOOP VITIS_LOOP_120_11 BUNDLEDNAME {} DSP 2 BRAM 0 URAM 0 DISPNAME {bind_op fadd}} {BINDTYPE op ID {} IMPL maxdsp LATENCY 2 OPTYPE fmul PRAGMA {} RTLNAME fmul_32ns_32ns_32_3_max_dsp_1_U1451 SOURCE ekf_core.cpp:122 VARIABLE m_5 LOOP VITIS_LOOP_120_11 BUNDLEDNAME {} DSP 3 BRAM 0 URAM 0 DISPNAME {bind_op fmul}} {BINDTYPE op ID {} IMPL fabric LATENCY 0 OPTYPE add PRAGMA {} RTLNAME add_ln120_1_fu_14990_p2 SOURCE ekf_core.cpp:120 VARIABLE add_ln120_1 LOOP VITIS_LOOP_120_11 BUNDLEDNAME {} DSP 0 BRAM 0 URAM 0 DISPNAME {bind_op add}} {BINDTYPE op ID {} IMPL fabric LATENCY 0 OPTYPE add PRAGMA {} RTLNAME add_ln120_fu_14984_p2 SOURCE ekf_core.cpp:120 VARIABLE add_ln120 LOOP VITIS_LOOP_119_10 BUNDLEDNAME {} DSP 0 BRAM 0 URAM 0 DISPNAME {bind_op add}}} AREA {DSP 60 BRAM 8 URAM 0}}}}'
INFO-FLOW: DBG:PUTS:      update_csynth_reports json2rpt_hw_sw_interfaces
Execute       send_msg_by_id INFO @200-1603@%s  and missed bursts 
INFO: [HLS 200-1603] Design has inferred MAXI bursts and missed bursts, see Vitis HLS GUI synthesis summary report for detailed information.
INFO-FLOW: Running: gen_csynth_sec_pragma
INFO-FLOW: Done: gen_csynth_sec_pragma time: 0 seconds per iteration
INFO-FLOW: DBG:PUTS:      update_csynth_reports wrote xml
INFO-FLOW: DBG:PUTS:      update_csynth_reports appended to csynth rpt file
INFO: [HLS 200-111] Finished Updating report files: CPU user time: 1 seconds. CPU system time: 0 seconds. Elapsed time: 1.499 seconds; current allocated memory: 1.958 GB.
INFO: [VHDL 208-304] Generating VHDL RTL for ekf_batch.
INFO: [VLOG 209-307] Generating Verilog RTL for ekf_batch.
Execute       syn_report -model ekf_batch -printsummary 
INFO: [HLS 200-790] **** Loop Constraint Status: All loop constraints were NOT satisfied.
INFO: [HLS 200-789] **** Estimated Fmax: 136.99 MHz
Command     autosyn done; 28.333 sec.
Command   csynth_design done; 35.504 sec.
INFO: [HLS 200-111] Finished Command csynth_design CPU user time: 28 seconds. CPU system time: 1 seconds. Elapsed time: 35.504 seconds; current allocated memory: 514.379 MB.
Command ap_source done; 38.73 sec.
Execute cleanup_all 
INFO-FLOW: Workspace D:/MSDF_2_ZCU/EKF/solution1 opened at Thu Sep 03 12:18:12 +0530 2026
Execute     ap_set_clock -name default -period 10 -default=false 
INFO: [SYN 201-201] Setting up clock 'default' with a period of 10ns.
Execute     set_part xczu9eg-ffvb1156-2-e 
Execute       create_platform xczu9eg-ffvb1156-2-e -board  
DBG:HLSDevice: Trying to load device library: C:/Xilinx/Vitis_HLS/2023.1\lib\win64.o\xv_hlsvwrap.dll
DBG:HLSDevice: first parts/arch.xml in RDI_DATADIR: C:/Xilinx/Vivado/2023.1/data/parts/arch.xml
DBG:HLSDevice: init success
INFO: [HLS 200-1611] Setting target device to 'xczu9eg-ffvb1156-2-e'
Command       create_platform done; 2.987 sec.
Execute       source C:/Xilinx/Vitis_HLS/2023.1/common/technology/xilinx/common/xilinx.gen 
Execute         source C:/Xilinx/Vitis_HLS/2023.1/common/technology/xilinx/interface/plb46.gen 
Execute         source C:/Xilinx/Vitis_HLS/2023.1/common/technology/xilinx/interface/axi4.gen 
Execute         source C:/Xilinx/Vitis_HLS/2023.1/common/technology/xilinx/interface/nativeAXI4.gen 
Execute           source C:/Xilinx/Vitis_HLS/2023.1/common/technology/xilinx/interface/saxilite.gen 
Execute         source C:/Xilinx/Vitis_HLS/2023.1/common/technology/xilinx/scripts/xilinxcoregen.gen 
Execute         source C:/Xilinx/Vitis_HLS/2023.1/common/technology/xilinx/interface/XilEDKCoreGen.gen 
Execute         source C:/Xilinx/Vitis_HLS/2023.1/common/technology/xilinx/ip/dds_compiler.gen 
Execute         source C:/Xilinx/Vitis_HLS/2023.1/common/technology/xilinx/ip/util.gen 
Execute         source C:/Xilinx/Vitis_HLS/2023.1/common/technology/xilinx/ip/xfft.gen 
Execute         source C:/Xilinx/Vitis_HLS/2023.1/common/technology/xilinx/ip/xfir.gen 
Execute         source C:/Xilinx/Vitis_HLS/2023.1/common/technology/xilinx/DSP48/dsp48.gen 
Execute       ap_part_info -name xczu9eg-ffvb1156-2-e -data info 
Execute       config_compile -quiet -complex-mul-dsp=0 
Command     set_part done; 3.072 sec.
Execute     send_msg_by_id INFO @200-1505@%s%s  vivado 
INFO: [HLS 200-1505] Using flow_target 'vivado'
Execute     send_msg_by_id INFO @200-1464@%s config_export -output=D:/MSDF_2_ZCU 
INFO: [HLS 200-1464] Running solution command: config_export -output=D:/MSDF_2_ZCU
Execute     config_export -output=D:/MSDF_2_ZCU 
Command   open_solution done; 3.143 sec.
Execute   set_part xczu9eg-ffvb1156-2-e 
INFO: [HLS 200-1510] Running: set_part xczu9eg-ffvb1156-2-e 
Execute     create_platform xczu9eg-ffvb1156-2-e -board  
Execute     source C:/Xilinx/Vitis_HLS/2023.1/common/technology/xilinx/common/xilinx.gen 
Execute       source C:/Xilinx/Vitis_HLS/2023.1/common/technology/xilinx/interface/plb46.gen 
Execute       source C:/Xilinx/Vitis_HLS/2023.1/common/technology/xilinx/interface/axi4.gen 
Execute       source C:/Xilinx/Vitis_HLS/2023.1/common/technology/xilinx/interface/nativeAXI4.gen 
Execute         source C:/Xilinx/Vitis_HLS/2023.1/common/technology/xilinx/interface/saxilite.gen 
Execute       source C:/Xilinx/Vitis_HLS/2023.1/common/technology/xilinx/scripts/xilinxcoregen.gen 
Execute       source C:/Xilinx/Vitis_HLS/2023.1/common/technology/xilinx/interface/XilEDKCoreGen.gen 
Execute       source C:/Xilinx/Vitis_HLS/2023.1/common/technology/xilinx/ip/dds_compiler.gen 
Execute       source C:/Xilinx/Vitis_HLS/2023.1/common/technology/xilinx/ip/util.gen 
Execute       source C:/Xilinx/Vitis_HLS/2023.1/common/technology/xilinx/ip/xfft.gen 
Execute       source C:/Xilinx/Vitis_HLS/2023.1/common/technology/xilinx/ip/xfir.gen 
Execute       source C:/Xilinx/Vitis_HLS/2023.1/common/technology/xilinx/DSP48/dsp48.gen 
Execute     ap_part_info -name xczu9eg-ffvb1156-2-e -data info 
Execute     config_compile -quiet -complex-mul-dsp=0 
Execute   create_clock -period 10 -name default 
INFO: [HLS 200-1510] Running: create_clock -period 10 -name default 
Execute     ap_set_clock -name default -period 10 -default=false 
INFO: [SYN 201-201] Setting up clock 'default' with a period of 10ns.
Execute   config_export -output D:/MSDF_2_ZCU 
INFO: [HLS 200-1510] Running: config_export -output D:/MSDF_2_ZCU 
Execute   export_design -rtl verilog -format ip_catalog -output D:/MSDF_2_ZCU 
INFO: [HLS 200-1510] Running: export_design -rtl verilog -format ip_catalog -output D:/MSDF_2_ZCU 
Execute     config_export -format=ip_catalog -output=D:/MSDF_2_ZCU -rtl=verilog 
INFO-FLOW: DBG:PUTS: export_design_wrap: -format ip_catalog -rtl verilog
Execute     source D:/MSDF_2_ZCU/EKF/solution1/.autopilot/db/global.setting.tcl 
INFO-FLOW: DBG:PUTS:   auto_impl: pack: -export -rtl verilog
INFO-FLOW: DBG:PROC: ::AESL_AUTOIMPL::auto_impl args='-export -rtl verilog'
Execute     source D:/MSDF_2_ZCU/EKF/solution1/.autopilot/db/global.setting.tcl 
INFO: [IMPL 213-8] Exporting RTL as a Vivado IP.
INFO-FLOW: DBG:PUTS: automg_wrap -export -pcore_version 1.00.a -rtl vlog -tool Vivado -impltomg_flag
INFO-FLOW: DBG:PROC: ::AESL_AUTOMG::auto_generate args='-export -pcore_version 1.00.a -rtl vlog -tool Vivado -impltomg_flag'
INFO-FLOW: DBG:PUTS:     auto_generate -export -pcore_version 1.00.a -rtl vlog -tool Vivado -impltomg_flag
Execute     source D:/MSDF_2_ZCU/EKF/solution1/.autopilot/db/global.setting.tcl 
INFO-FLOW: DBG:PUTS: read_platform_lib D:/MSDF_2_ZCU/EKF/solution1/.autopilot/db/global.setting.tcl
Execute     source C:/Xilinx/Vitis_HLS/2023.1/common/technology/generic/autopilot/common.gen 
Execute       source C:/Xilinx/Vitis_HLS/2023.1/common/technology/generic/autopilot/APCoreGen.gen 
Execute     source C:/Xilinx/Vitis_HLS/2023.1/common/technology/generic/autopilot/op.gen 
Execute     source C:/Xilinx/Vitis_HLS/2023.1/common/technology/generic/autopilot/op_simcore.gen 
Execute     source C:/Xilinx/Vitis_HLS/2023.1/common/technology/generic/autopilot/interface.gen 
Execute     source D:/MSDF_2_ZCU/EKF/solution1/.autopilot/db/global.setting.tcl 
Execute     source C:/Xilinx/Vitis_HLS/2023.1/common/technology/xilinx/common/xilinx.gen 
Execute       source C:/Xilinx/Vitis_HLS/2023.1/common/technology/xilinx/interface/plb46.gen 
Execute       source C:/Xilinx/Vitis_HLS/2023.1/common/technology/xilinx/interface/axi4.gen 
Execute       source C:/Xilinx/Vitis_HLS/2023.1/common/technology/xilinx/interface/nativeAXI4.gen 
Execute         source C:/Xilinx/Vitis_HLS/2023.1/common/technology/xilinx/interface/saxilite.gen 
Execute       source C:/Xilinx/Vitis_HLS/2023.1/common/technology/xilinx/scripts/xilinxcoregen.gen 
Execute       source C:/Xilinx/Vitis_HLS/2023.1/common/technology/xilinx/interface/XilEDKCoreGen.gen 
Execute       source C:/Xilinx/Vitis_HLS/2023.1/common/technology/xilinx/ip/dds_compiler.gen 
Execute       source C:/Xilinx/Vitis_HLS/2023.1/common/technology/xilinx/ip/util.gen 
Execute       source C:/Xilinx/Vitis_HLS/2023.1/common/technology/xilinx/ip/xfft.gen 
Execute       source C:/Xilinx/Vitis_HLS/2023.1/common/technology/xilinx/ip/xfir.gen 
Execute       source C:/Xilinx/Vitis_HLS/2023.1/common/technology/xilinx/DSP48/dsp48.gen 
INFO-FLOW: DBG:PUTS:   using AESL_AUTOCG::g_clock_period=10.000 (was NA)
INFO-FLOW: DBG:PUTS:       initCTypeInfo top_module=ekf_batch xml_exists=0
Execute     source D:/MSDF_2_ZCU/EKF/solution1/.autopilot/db/ekf_batch.rtl_wrap.cfg.tcl 
Execute     source D:/MSDF_2_ZCU/EKF/solution1/.autopilot/db/ekf_batch.rtl_wrap.cfg.tcl 
Execute     source D:/MSDF_2_ZCU/EKF/solution1/.autopilot/db/ekf_batch.rtl_wrap.cfg.tcl 
Execute     source D:/MSDF_2_ZCU/EKF/solution1/.autopilot/db/ekf_batch.tbgen.tcl 
Execute     source D:/MSDF_2_ZCU/EKF/solution1/.autopilot/db/ekf_batch.tbgen.tcl 
Execute     source D:/MSDF_2_ZCU/EKF/solution1/.autopilot/db/global.setting.tcl 
Execute     source D:/MSDF_2_ZCU/EKF/solution1/.autopilot/db/ekf_batch.tbgen.tcl 
INFO-FLOW: DBG:PUTS:       cosim_export_main adding deadlock detection to ekf_batch
INFO-FLOW: DBG:PUTS: Skipping loadAnalyze_DB, #g_database=5
INFO-FLOW: DBG:PUTS:       generate_json generate_bd_files=0 generate_xo_files=false #modelList=61 #gSsdmPorts=0
INFO-FLOW: DBG:PROC: ::AP::DESIGN_DATA::generate_json generate_bd_files='0' generate_xo_files='false' modelList='ekf_batch_flow_control_loop_pipe_sequential_init
ekf_batch_mux_6_3_32_1_1
ekf_batch_flow_control_loop_pipe_sequential_init
ekf_batch_mux_8_3_32_1_1
ekf_batch_flow_control_loop_pipe_sequential_init
ekf_batch_flow_control_loop_pipe_sequential_init
ekf_batch_flow_control_loop_pipe_sequential_init
ekf_batch_fadd_32ns_32ns_32_4_full_dsp_1
ekf_batch_fmul_32ns_32ns_32_3_max_dsp_1
ekf_batch_flow_control_loop_pipe_sequential_init
ekf_batch_flow_control_loop_pipe_sequential_init
ekf_batch_flow_control_loop_pipe_sequential_init
ekf_batch_flow_control_loop_pipe_sequential_init
ekf_batch_flow_control_loop_pipe_sequential_init
ekf_batch_flow_control_loop_pipe_sequential_init
ekf_batch_flow_control_loop_pipe_sequential_init
ekf_batch_flow_control_loop_pipe_sequential_init
ekf_batch_flow_control_loop_pipe_sequential_init
ekf_batch_flow_control_loop_pipe_sequential_init
ekf_batch_flow_control_loop_pipe_sequential_init
ekf_batch_flow_control_loop_pipe_sequential_init
ekf_batch_flow_control_loop_pipe_sequential_init
ekf_batch_flow_control_loop_pipe_sequential_init
ekf_batch_flow_control_loop_pipe_sequential_init
ekf_batch_flow_control_loop_pipe_sequential_init
ekf_batch_flow_control_loop_pipe_sequential_init
ekf_batch_flow_control_loop_pipe_sequential_init
ekf_batch_flow_control_loop_pipe_sequential_init
ekf_batch_fdiv_32ns_32ns_32_9_no_dsp_1
ekf_batch_mux_5_3_32_1_1
ekf_batch_faddfsub_32ns_32ns_32_4_full_dsp_1
ekf_batch_fmul_32ns_32ns_32_3_max_dsp_1
ekf_batch_local_RAM_AUTO_1R1W
ekf_batch_gmem0_m_axi
ekf_batch_gmem1_m_axi
ekf_batch_control_s_axi
ekf_batch_Pipeline_VITIS_LOOP_148_3
ekf_batch_Pipeline_VITIS_LOOP_157_4
ekf_batch_Pipeline_VITIS_LOOP_158_5_VITIS_LOOP_159_6
ekf_batch_Pipeline_VITIS_LOOP_41_1_VITIS_LOOP_42_2
ekf_batch_Pipeline_VITIS_LOOP_45_3
ekf_batch_Pipeline_VITIS_LOOP_58_1
ekf_batch_Pipeline_VITIS_LOOP_64_3
ekf_batch_Pipeline_VITIS_LOOP_17_1_VITIS_LOOP_18_2
ekf_batch_Pipeline_VITIS_LOOP_30_1
ekf_batch_Pipeline_VITIS_LOOP_17_1_VITIS_LOOP_18_21
ekf_batch_Pipeline_VITIS_LOOP_73_4_VITIS_LOOP_74_5
ekf_batch_Pipeline_VITIS_LOOP_168_8
ekf_batch_Pipeline_VITIS_LOOP_89_1
ekf_batch_Pipeline_VITIS_LOOP_96_3
ekf_batch_Pipeline_VITIS_LOOP_101_4
ekf_batch_Pipeline_VITIS_LOOP_102_5
ekf_batch_Pipeline_VITIS_LOOP_109_6
ekf_batch_Pipeline_VITIS_LOOP_17_1_VITIS_LOOP_18_22
ekf_batch_Pipeline_VITIS_LOOP_30_13
ekf_batch_Pipeline_VITIS_LOOP_17_1_VITIS_LOOP_18_24
ekf_batch_Pipeline_VITIS_LOOP_117_8
ekf_batch_Pipeline_VITIS_LOOP_173_9
ekf_batch_Pipeline_VITIS_LOOP_174_10_VITIS_LOOP_175_11
ekf_batch_Pipeline_VITIS_LOOP_176_12
ekf_batch
' rtl_lang='vlog' bootstrap_tcl='false' outdir='' outfilename=''
Execute     source C:/Xilinx/Vitis_HLS/2023.1/tps/tcl/tcllib1.11.1/yaml/huddle.tcl 
Execute     source C:/Xilinx/Vitis_HLS/2023.1/tps/tcl/tcllib1.11.1/yaml/json2huddle.tcl 
Execute       source C:/Xilinx/Vitis_HLS/2023.1/tps/tcl/tcllib1.11.1/try/try.tcl 
Execute     source D:/MSDF_2_ZCU/EKF/solution1/.autopilot/db/global.setting.tcl 
Execute     source D:/MSDF_2_ZCU/EKF/solution1/.autopilot/db/global.setting.tcl 
Execute     source D:/MSDF_2_ZCU/EKF/solution1/.autopilot/db/top-io-be.tcl 
Execute     source D:/MSDF_2_ZCU/EKF/solution1/.autopilot/db/ekf_batch.tbgen.tcl 
Execute     source D:/MSDF_2_ZCU/EKF/solution1/.autopilot/db/ekf_batch.compgen.dataonly.tcl 
Execute     source D:/MSDF_2_ZCU/EKF/solution1/.autopilot/db/ekf_batch.compgen.dataonly.tcl 
Execute     source D:/MSDF_2_ZCU/EKF/solution1/.autopilot/db/ekf_batch.rtl_wrap.cfg.tcl 
Execute     source D:/MSDF_2_ZCU/EKF/solution1/.autopilot/db/ekf_batch.compgen.dataonly.tcl 
Execute     source D:/MSDF_2_ZCU/EKF/solution1/.autopilot/db/ekf_batch_Pipeline_VITIS_LOOP_148_3.tbgen.tcl 
Execute     source D:/MSDF_2_ZCU/EKF/solution1/.autopilot/db/ekf_batch_Pipeline_VITIS_LOOP_157_4.tbgen.tcl 
Execute     source D:/MSDF_2_ZCU/EKF/solution1/.autopilot/db/ekf_batch_Pipeline_VITIS_LOOP_158_5_VITIS_LOOP_159_6.tbgen.tcl 
Execute     source D:/MSDF_2_ZCU/EKF/solution1/.autopilot/db/ekf_batch_Pipeline_VITIS_LOOP_41_1_VITIS_LOOP_42_2.tbgen.tcl 
Execute     source D:/MSDF_2_ZCU/EKF/solution1/.autopilot/db/ekf_batch_Pipeline_VITIS_LOOP_45_3.tbgen.tcl 
Execute     source D:/MSDF_2_ZCU/EKF/solution1/.autopilot/db/ekf_batch_Pipeline_VITIS_LOOP_58_1.tbgen.tcl 
Execute     source D:/MSDF_2_ZCU/EKF/solution1/.autopilot/db/ekf_batch_Pipeline_VITIS_LOOP_64_3.tbgen.tcl 
Execute     source D:/MSDF_2_ZCU/EKF/solution1/.autopilot/db/ekf_batch_Pipeline_VITIS_LOOP_17_1_VITIS_LOOP_18_2.tbgen.tcl 
Execute     source D:/MSDF_2_ZCU/EKF/solution1/.autopilot/db/ekf_batch_Pipeline_VITIS_LOOP_30_1.tbgen.tcl 
Execute     source D:/MSDF_2_ZCU/EKF/solution1/.autopilot/db/ekf_batch_Pipeline_VITIS_LOOP_17_1_VITIS_LOOP_18_21.tbgen.tcl 
Execute     source D:/MSDF_2_ZCU/EKF/solution1/.autopilot/db/ekf_batch_Pipeline_VITIS_LOOP_73_4_VITIS_LOOP_74_5.tbgen.tcl 
Execute     source D:/MSDF_2_ZCU/EKF/solution1/.autopilot/db/ekf_batch_Pipeline_VITIS_LOOP_168_8.tbgen.tcl 
Execute     source D:/MSDF_2_ZCU/EKF/solution1/.autopilot/db/ekf_batch_Pipeline_VITIS_LOOP_89_1.tbgen.tcl 
Execute     source D:/MSDF_2_ZCU/EKF/solution1/.autopilot/db/ekf_batch_Pipeline_VITIS_LOOP_96_3.tbgen.tcl 
Execute     source D:/MSDF_2_ZCU/EKF/solution1/.autopilot/db/ekf_batch_Pipeline_VITIS_LOOP_101_4.tbgen.tcl 
Execute     source D:/MSDF_2_ZCU/EKF/solution1/.autopilot/db/ekf_batch_Pipeline_VITIS_LOOP_102_5.tbgen.tcl 
Execute     source D:/MSDF_2_ZCU/EKF/solution1/.autopilot/db/ekf_batch_Pipeline_VITIS_LOOP_109_6.tbgen.tcl 
Execute     source D:/MSDF_2_ZCU/EKF/solution1/.autopilot/db/ekf_batch_Pipeline_VITIS_LOOP_17_1_VITIS_LOOP_18_22.tbgen.tcl 
Execute     source D:/MSDF_2_ZCU/EKF/solution1/.autopilot/db/ekf_batch_Pipeline_VITIS_LOOP_30_13.tbgen.tcl 
Execute     source D:/MSDF_2_ZCU/EKF/solution1/.autopilot/db/ekf_batch_Pipeline_VITIS_LOOP_17_1_VITIS_LOOP_18_24.tbgen.tcl 
Execute     source D:/MSDF_2_ZCU/EKF/solution1/.autopilot/db/ekf_batch_Pipeline_VITIS_LOOP_117_8.tbgen.tcl 
Execute     source D:/MSDF_2_ZCU/EKF/solution1/.autopilot/db/ekf_batch_Pipeline_VITIS_LOOP_173_9.tbgen.tcl 
Execute     source D:/MSDF_2_ZCU/EKF/solution1/.autopilot/db/ekf_batch_Pipeline_VITIS_LOOP_174_10_VITIS_LOOP_175_11.tbgen.tcl 
Execute     source D:/MSDF_2_ZCU/EKF/solution1/.autopilot/db/ekf_batch_Pipeline_VITIS_LOOP_176_12.tbgen.tcl 
Execute     source D:/MSDF_2_ZCU/EKF/solution1/.autopilot/db/ekf_batch.tbgen.tcl 
Execute     source D:/MSDF_2_ZCU/EKF/solution1/.autopilot/db/global.setting.tcl 
Execute     ap_part_info -name xczu9eg-ffvb1156-2-e -data names -quiet 
Execute     ap_part_info -name xczu9eg-ffvb1156-2-e -data info -quiet 
Execute     source D:/MSDF_2_ZCU/EKF/solution1/.autopilot/db/ekf_batch.constraint.tcl 
Execute     sc_get_clocks ekf_batch 
Execute     source D:/MSDF_2_ZCU/EKF/solution1/.autopilot/db/global.setting.tcl 
Execute     source D:/MSDF_2_ZCU/EKF/solution1/impl/misc/ekf_batch_fadd_32ns_32ns_32_4_full_dsp_1_ip.tcl 
Execute     source D:/MSDF_2_ZCU/EKF/solution1/impl/misc/ekf_batch_faddfsub_32ns_32ns_32_4_full_dsp_1_ip.tcl 
Execute     source D:/MSDF_2_ZCU/EKF/solution1/impl/misc/ekf_batch_fdiv_32ns_32ns_32_9_no_dsp_1_ip.tcl 
Execute     source D:/MSDF_2_ZCU/EKF/solution1/impl/misc/ekf_batch_fmul_32ns_32ns_32_3_max_dsp_1_ip.tcl 
Execute     source D:/MSDF_2_ZCU/EKF/solution1/.autopilot/db/global.setting.tcl 
Execute     source D:/MSDF_2_ZCU/EKF/solution1/.autopilot/db/ekf_batch.tbgen.tcl 
INFO-FLOW: DBG:PUTS:       cosim_export_main adding deadlock detection to ekf_batch
INFO-FLOW: DBG:PUTS:       copy ip_driver_dir 1_0 D:/MSDF_2_ZCU/EKF/solution1/.autopilot/db/driver
INFO-FLOW: DBG:PUTS:       generate_ip_script #gSsdmPorts=0 g_lang=vlog is_sdaccel=false is_sdsoc=true xo_file=
Execute     ap_part_info -name xczu9eg-ffvb1156-2-e -data names -quiet 
Execute     ap_part_info -name xczu9eg-ffvb1156-2-e -data info -quiet 
Execute     ap_part_info -name xczu9eg-ffvb1156-2-e -data names -quiet 
Execute     ap_part_info -name xczu9eg-ffvb1156-2-e -data info -quiet 
Execute     source D:/MSDF_2_ZCU/EKF/solution1/.autopilot/db/ekf_batch.tbgen.tcl 
Execute     source D:/MSDF_2_ZCU/EKF/solution1/.autopilot/db/ekf_batch.compgen.dataonly.tcl 
Execute     source D:/MSDF_2_ZCU/EKF/solution1/.autopilot/db/ekf_batch.compgen.dataonly.tcl 
Execute     source D:/MSDF_2_ZCU/EKF/solution1/.autopilot/db/global.setting.tcl 
INFO-FLOW: DBG:PUTS:       generate_top_info
INFO-FLOW: DBG:PUTS:       prepArgInfo -> loadAnalyze_DB top_module=ekf_batch
Execute     source D:/MSDF_2_ZCU/EKF/solution1/.autopilot/db/ekf_batch.rtl_wrap.cfg.tcl 
Execute     source D:/MSDF_2_ZCU/EKF/solution1/.autopilot/db/ekf_batch.rtl_wrap.cfg.tcl 
Execute     source D:/MSDF_2_ZCU/EKF/solution1/.autopilot/db/ekf_batch.rtl_wrap.cfg.tcl 
Execute     source D:/MSDF_2_ZCU/EKF/solution1/.autopilot/db/ekf_batch.tbgen.tcl 
Execute     source D:/MSDF_2_ZCU/EKF/solution1/.autopilot/db/ekf_batch.tbgen.tcl 
Execute     ap_part_info -name xczu9eg-ffvb1156-2-e -data names -quiet 
Execute     ap_part_info -name xczu9eg-ffvb1156-2-e -data info -quiet 
Execute     source D:/MSDF_2_ZCU/EKF/solution1/.autopilot/db/global.setting.tcl 
Execute     ap_part_info -name xczu9eg-ffvb1156-2-e -data names -quiet 
Execute     ap_part_info -name xczu9eg-ffvb1156-2-e -data info -quiet 
Execute     ap_part_info -name xczu9eg-ffvb1156-2-e -data names -quiet 
Execute     ap_part_info -name xczu9eg-ffvb1156-2-e -data info -quiet 
Execute     source D:/MSDF_2_ZCU/EKF/solution1/.autopilot/db/ekf_batch.tbgen.tcl 
Execute     source D:/MSDF_2_ZCU/EKF/solution1/.autopilot/db/global.setting.tcl 
Execute     source D:/MSDF_2_ZCU/EKF/solution1/.autopilot/db/ekf_batch.constraint.tcl 
INFO-FLOW: DBG:PUTS:       generate_syn_sh
Execute     ap_part_info -name xczu9eg-ffvb1156-2-e -data names -quiet 
Execute     ap_part_info -name xczu9eg-ffvb1156-2-e -data info -quiet 
Execute     source D:/MSDF_2_ZCU/EKF/solution1/.autopilot/db/global.setting.tcl 
INFO-FLOW: DBG:PUTS:       generate_imp_constraints
Execute     ap_part_info -name xczu9eg-ffvb1156-2-e -data names -quiet 
Execute     ap_part_info -name xczu9eg-ffvb1156-2-e -data info -quiet 
Execute     source D:/MSDF_2_ZCU/EKF/solution1/.autopilot/db/ekf_batch.constraint.tcl 
Execute     source D:/MSDF_2_ZCU/EKF/solution1/.autopilot/db/ekf_batch.tbgen.tcl 
INFO-FLOW: DBG:PUTS:       delete-temp-dirs (skipped for debug)
Execute     ap_part_info -name xczu9eg-ffvb1156-2-e -data names -quiet 
Execute     ap_part_info -name xczu9eg-ffvb1156-2-e -data info -quiet 
INFO-FLOW: DBG:PUTS: read_platform_lib D:/MSDF_2_ZCU/EKF/solution1/.autopilot/db/global.setting.tcl
Execute     source C:/Xilinx/Vitis_HLS/2023.1/common/technology/generic/autopilot/common.gen 
Execute       source C:/Xilinx/Vitis_HLS/2023.1/common/technology/generic/autopilot/APCoreGen.gen 
Execute     source C:/Xilinx/Vitis_HLS/2023.1/common/technology/generic/autopilot/op.gen 
Execute     source C:/Xilinx/Vitis_HLS/2023.1/common/technology/generic/autopilot/op_simcore.gen 
Execute     source C:/Xilinx/Vitis_HLS/2023.1/common/technology/generic/autopilot/interface.gen 
Execute     source D:/MSDF_2_ZCU/EKF/solution1/.autopilot/db/global.setting.tcl 
Execute     source C:/Xilinx/Vitis_HLS/2023.1/common/technology/xilinx/common/xilinx.gen 
Execute       source C:/Xilinx/Vitis_HLS/2023.1/common/technology/xilinx/interface/plb46.gen 
Execute       source C:/Xilinx/Vitis_HLS/2023.1/common/technology/xilinx/interface/axi4.gen 
Execute       source C:/Xilinx/Vitis_HLS/2023.1/common/technology/xilinx/interface/nativeAXI4.gen 
Execute         source C:/Xilinx/Vitis_HLS/2023.1/common/technology/xilinx/interface/saxilite.gen 
Execute       source C:/Xilinx/Vitis_HLS/2023.1/common/technology/xilinx/scripts/xilinxcoregen.gen 
Execute       source C:/Xilinx/Vitis_HLS/2023.1/common/technology/xilinx/interface/XilEDKCoreGen.gen 
Execute       source C:/Xilinx/Vitis_HLS/2023.1/common/technology/xilinx/ip/dds_compiler.gen 
Execute       source C:/Xilinx/Vitis_HLS/2023.1/common/technology/xilinx/ip/util.gen 
Execute       source C:/Xilinx/Vitis_HLS/2023.1/common/technology/xilinx/ip/xfft.gen 
Execute       source C:/Xilinx/Vitis_HLS/2023.1/common/technology/xilinx/ip/xfir.gen 
Execute       source C:/Xilinx/Vitis_HLS/2023.1/common/technology/xilinx/DSP48/dsp48.gen 
INFO-FLOW: DBG:PUTS:     IP package: exec D:/MSDF_2_ZCU/EKF/solution1/impl/ip/pack.bat
INFO-FLOW: DBG:PUTS:     IP package: success D:/MSDF_2_ZCU/EKF/solution1/impl/ip/pack.bat
Execute     send_msg_by_id INFO @200-802@%s export.zip 
INFO: [HLS 200-802] Generated output file export.zip
Command   export_design done; 18.372 sec.
INFO: [HLS 200-111] Finished Command export_design CPU user time: 2 seconds. CPU system time: 0 seconds. Elapsed time: 18.372 seconds; current allocated memory: 13.848 MB.
Command ap_source done; 21.638 sec.
Execute cleanup_all 
