

================================================================
== Vitis HLS Report for 'ekf_batch_Pipeline_VITIS_LOOP_117_8'
================================================================
* Date:           Thu Sep  3 12:11:29 2026

* Version:        2023.1 (Build 3854077 on May  4 2023)
* Project:        EKF
* Solution:       solution1 (Vivado IP Flow Target)
* Product family: zynquplus
* Target device:  xczu9eg-ffvb1156-2-e


================================================================
== Performance Estimates
================================================================
+ Timing: 
    * Summary: 
    +--------+----------+----------+------------+
    |  Clock |  Target  | Estimated| Uncertainty|
    +--------+----------+----------+------------+
    |ap_clk  |  10.00 ns|  7.060 ns|     2.70 ns|
    +--------+----------+----------+------------+

+ Latency: 
    * Summary: 
    +---------+---------+----------+----------+-----+-----+---------+
    |  Latency (cycles) |  Latency (absolute) |  Interval | Pipeline|
    |   min   |   max   |    min   |    max   | min | max |   Type  |
    +---------+---------+----------+----------+-----+-----+---------+
    |       17|       17|  0.170 us|  0.170 us|   17|   17|       no|
    +---------+---------+----------+----------+-----+-----+---------+

    + Detail: 
        * Instance: 
        N/A

        * Loop: 
        +--------------------+---------+---------+----------+-----------+-----------+------+----------+
        |                    |  Latency (cycles) | Iteration|  Initiation Interval  | Trip |          |
        |      Loop Name     |   min   |   max   |  Latency |  achieved |   target  | Count| Pipelined|
        +--------------------+---------+---------+----------+-----------+-----------+------+----------+
        |- VITIS_LOOP_117_8  |       15|       15|        11|          1|          1|     6|       yes|
        +--------------------+---------+---------+----------+-----------+-----------+------+----------+

============================================================
+ Verbose Summary: Synthesis Manager
============================================================
InlineROM: 1
ExposeGlobal: 0
============================================================
+ Verbose Summary: CDFG Model
============================================================
IsTopModel: 0
ResetActiveHigh: 1
IsCombinational: 0
IsDatapathOnly: 0
HasWiredReturn: 1
HasMFsm: 2
HasVarLatency: 1
IsPipeline: 0
IsRtlPipelined: 0
IsInstanceOverlapped: 0
IsDontTouch: 0
HasImplIP: 0
IsGatedGlobalClock: 0

+ Individual pipeline summary: 
  * Pipeline-0: initiation interval (II) = 1, depth = 11


============================================================
+ Verbose Summary: Schedule
============================================================
* Number of FSM states : 11
* Pipeline : 1
  Pipeline-0 : II = 1, D = 11, States = { 1 2 3 4 5 6 7 8 9 10 11 }
* Dataflow Pipeline: 0

* FSM state transitions: 
1 --> 2 
2 --> 3 
3 --> 4 
4 --> 5 
5 --> 6 
6 --> 7 
7 --> 8 
8 --> 9 
9 --> 10 
10 --> 11 
11 --> 

* FSM state operations: 

State 1 <SV = 0> <Delay = 1.09>
ST_1 : Operation 14 [1/1] (0.00ns)   --->   "%i = alloca i32 1"   --->   Operation 14 'alloca' 'i' <Predicate = true> <Delay = 0.00>
ST_1 : Operation 15 [1/1] (0.00ns)   --->   "%P = alloca i32 1"   --->   Operation 15 'alloca' 'P' <Predicate = true> <Delay = 0.00>
ST_1 : Operation 16 [1/1] (0.00ns)   --->   "%P_38 = alloca i32 1"   --->   Operation 16 'alloca' 'P_38' <Predicate = true> <Delay = 0.00>
ST_1 : Operation 17 [1/1] (0.00ns)   --->   "%P_39 = alloca i32 1"   --->   Operation 17 'alloca' 'P_39' <Predicate = true> <Delay = 0.00>
ST_1 : Operation 18 [1/1] (0.00ns)   --->   "%P_40 = alloca i32 1"   --->   Operation 18 'alloca' 'P_40' <Predicate = true> <Delay = 0.00>
ST_1 : Operation 19 [1/1] (0.00ns)   --->   "%P_41 = alloca i32 1"   --->   Operation 19 'alloca' 'P_41' <Predicate = true> <Delay = 0.00>
ST_1 : Operation 20 [1/1] (0.00ns)   --->   "%P_42 = alloca i32 1"   --->   Operation 20 'alloca' 'P_42' <Predicate = true> <Delay = 0.00>
ST_1 : Operation 21 [1/1] (0.00ns)   --->   "%P_43 = alloca i32 1"   --->   Operation 21 'alloca' 'P_43' <Predicate = true> <Delay = 0.00>
ST_1 : Operation 22 [1/1] (0.00ns)   --->   "%P_44 = alloca i32 1"   --->   Operation 22 'alloca' 'P_44' <Predicate = true> <Delay = 0.00>
ST_1 : Operation 23 [1/1] (0.00ns)   --->   "%P_45 = alloca i32 1"   --->   Operation 23 'alloca' 'P_45' <Predicate = true> <Delay = 0.00>
ST_1 : Operation 24 [1/1] (0.00ns)   --->   "%P_46 = alloca i32 1"   --->   Operation 24 'alloca' 'P_46' <Predicate = true> <Delay = 0.00>
ST_1 : Operation 25 [1/1] (0.00ns)   --->   "%P_47 = alloca i32 1"   --->   Operation 25 'alloca' 'P_47' <Predicate = true> <Delay = 0.00>
ST_1 : Operation 26 [1/1] (0.00ns)   --->   "%P_48 = alloca i32 1"   --->   Operation 26 'alloca' 'P_48' <Predicate = true> <Delay = 0.00>
ST_1 : Operation 27 [1/1] (0.00ns)   --->   "%P_49 = alloca i32 1"   --->   Operation 27 'alloca' 'P_49' <Predicate = true> <Delay = 0.00>
ST_1 : Operation 28 [1/1] (0.00ns)   --->   "%P_50 = alloca i32 1"   --->   Operation 28 'alloca' 'P_50' <Predicate = true> <Delay = 0.00>
ST_1 : Operation 29 [1/1] (0.00ns)   --->   "%P_51 = alloca i32 1"   --->   Operation 29 'alloca' 'P_51' <Predicate = true> <Delay = 0.00>
ST_1 : Operation 30 [1/1] (0.00ns)   --->   "%P_52 = alloca i32 1"   --->   Operation 30 'alloca' 'P_52' <Predicate = true> <Delay = 0.00>
ST_1 : Operation 31 [1/1] (0.00ns)   --->   "%P_53 = alloca i32 1"   --->   Operation 31 'alloca' 'P_53' <Predicate = true> <Delay = 0.00>
ST_1 : Operation 32 [1/1] (0.00ns)   --->   "%P_54 = alloca i32 1"   --->   Operation 32 'alloca' 'P_54' <Predicate = true> <Delay = 0.00>
ST_1 : Operation 33 [1/1] (0.00ns)   --->   "%P_55 = alloca i32 1"   --->   Operation 33 'alloca' 'P_55' <Predicate = true> <Delay = 0.00>
ST_1 : Operation 34 [1/1] (0.00ns)   --->   "%P_56 = alloca i32 1"   --->   Operation 34 'alloca' 'P_56' <Predicate = true> <Delay = 0.00>
ST_1 : Operation 35 [1/1] (0.00ns)   --->   "%P_57 = alloca i32 1"   --->   Operation 35 'alloca' 'P_57' <Predicate = true> <Delay = 0.00>
ST_1 : Operation 36 [1/1] (0.00ns)   --->   "%P_58 = alloca i32 1"   --->   Operation 36 'alloca' 'P_58' <Predicate = true> <Delay = 0.00>
ST_1 : Operation 37 [1/1] (0.00ns)   --->   "%P_59 = alloca i32 1"   --->   Operation 37 'alloca' 'P_59' <Predicate = true> <Delay = 0.00>
ST_1 : Operation 38 [1/1] (0.00ns)   --->   "%P_60 = alloca i32 1"   --->   Operation 38 'alloca' 'P_60' <Predicate = true> <Delay = 0.00>
ST_1 : Operation 39 [1/1] (0.00ns)   --->   "%P_61 = alloca i32 1"   --->   Operation 39 'alloca' 'P_61' <Predicate = true> <Delay = 0.00>
ST_1 : Operation 40 [1/1] (0.00ns)   --->   "%P_62 = alloca i32 1"   --->   Operation 40 'alloca' 'P_62' <Predicate = true> <Delay = 0.00>
ST_1 : Operation 41 [1/1] (0.00ns)   --->   "%P_63 = alloca i32 1"   --->   Operation 41 'alloca' 'P_63' <Predicate = true> <Delay = 0.00>
ST_1 : Operation 42 [1/1] (0.00ns)   --->   "%P_64 = alloca i32 1"   --->   Operation 42 'alloca' 'P_64' <Predicate = true> <Delay = 0.00>
ST_1 : Operation 43 [1/1] (0.00ns)   --->   "%P_65 = alloca i32 1"   --->   Operation 43 'alloca' 'P_65' <Predicate = true> <Delay = 0.00>
ST_1 : Operation 44 [1/1] (0.00ns)   --->   "%P_66 = alloca i32 1"   --->   Operation 44 'alloca' 'P_66' <Predicate = true> <Delay = 0.00>
ST_1 : Operation 45 [1/1] (0.00ns)   --->   "%P_67 = alloca i32 1"   --->   Operation 45 'alloca' 'P_67' <Predicate = true> <Delay = 0.00>
ST_1 : Operation 46 [1/1] (0.00ns)   --->   "%P_68 = alloca i32 1"   --->   Operation 46 'alloca' 'P_68' <Predicate = true> <Delay = 0.00>
ST_1 : Operation 47 [1/1] (0.00ns)   --->   "%P_69 = alloca i32 1"   --->   Operation 47 'alloca' 'P_69' <Predicate = true> <Delay = 0.00>
ST_1 : Operation 48 [1/1] (0.00ns)   --->   "%P_70 = alloca i32 1"   --->   Operation 48 'alloca' 'P_70' <Predicate = true> <Delay = 0.00>
ST_1 : Operation 49 [1/1] (0.00ns)   --->   "%P_71 = alloca i32 1"   --->   Operation 49 'alloca' 'P_71' <Predicate = true> <Delay = 0.00>
ST_1 : Operation 50 [1/1] (0.00ns)   --->   "%P_72 = alloca i32 1"   --->   Operation 50 'alloca' 'P_72' <Predicate = true> <Delay = 0.00>
ST_1 : Operation 51 [1/1] (0.00ns)   --->   "%mux_case_022143363_reload_read = read i32 @_ssdm_op_Read.ap_auto.float, i32 %mux_case_022143363_reload"   --->   Operation 51 'read' 'mux_case_022143363_reload_read' <Predicate = true> <Delay = 0.00>
ST_1 : Operation 52 [1/1] (0.00ns)   --->   "%mux_case_022013327_reload_read = read i32 @_ssdm_op_Read.ap_auto.float, i32 %mux_case_022013327_reload"   --->   Operation 52 'read' 'mux_case_022013327_reload_read' <Predicate = true> <Delay = 0.00>
ST_1 : Operation 53 [1/1] (0.00ns)   --->   "%mux_case_021883291_reload_read = read i32 @_ssdm_op_Read.ap_auto.float, i32 %mux_case_021883291_reload"   --->   Operation 53 'read' 'mux_case_021883291_reload_read' <Predicate = true> <Delay = 0.00>
ST_1 : Operation 54 [1/1] (0.00ns)   --->   "%mux_case_021753255_reload_read = read i32 @_ssdm_op_Read.ap_auto.float, i32 %mux_case_021753255_reload"   --->   Operation 54 'read' 'mux_case_021753255_reload_read' <Predicate = true> <Delay = 0.00>
ST_1 : Operation 55 [1/1] (0.00ns)   --->   "%mux_case_021623219_reload_read = read i32 @_ssdm_op_Read.ap_auto.float, i32 %mux_case_021623219_reload"   --->   Operation 55 'read' 'mux_case_021623219_reload_read' <Predicate = true> <Delay = 0.00>
ST_1 : Operation 56 [1/1] (0.00ns)   --->   "%mux_case_021493182_reload_read = read i32 @_ssdm_op_Read.ap_auto.float, i32 %mux_case_021493182_reload"   --->   Operation 56 'read' 'mux_case_021493182_reload_read' <Predicate = true> <Delay = 0.00>
ST_1 : Operation 57 [1/1] (0.00ns)   --->   "%s_2_read = read i32 @_ssdm_op_Read.ap_auto.float, i32 %s_2"   --->   Operation 57 'read' 's_2_read' <Predicate = true> <Delay = 0.00>
ST_1 : Operation 58 [1/1] (0.00ns)   --->   "%K_reload_read = read i32 @_ssdm_op_Read.ap_auto.float, i32 %K_reload"   --->   Operation 58 'read' 'K_reload_read' <Predicate = true> <Delay = 0.00>
ST_1 : Operation 59 [1/1] (0.00ns)   --->   "%K_1_reload_read = read i32 @_ssdm_op_Read.ap_auto.float, i32 %K_1_reload"   --->   Operation 59 'read' 'K_1_reload_read' <Predicate = true> <Delay = 0.00>
ST_1 : Operation 60 [1/1] (0.00ns)   --->   "%mux_case_122163369_reload_read = read i32 @_ssdm_op_Read.ap_auto.float, i32 %mux_case_122163369_reload"   --->   Operation 60 'read' 'mux_case_122163369_reload_read' <Predicate = true> <Delay = 0.00>
ST_1 : Operation 61 [1/1] (0.00ns)   --->   "%mux_case_122033333_reload_read = read i32 @_ssdm_op_Read.ap_auto.float, i32 %mux_case_122033333_reload"   --->   Operation 61 'read' 'mux_case_122033333_reload_read' <Predicate = true> <Delay = 0.00>
ST_1 : Operation 62 [1/1] (0.00ns)   --->   "%mux_case_121903297_reload_read = read i32 @_ssdm_op_Read.ap_auto.float, i32 %mux_case_121903297_reload"   --->   Operation 62 'read' 'mux_case_121903297_reload_read' <Predicate = true> <Delay = 0.00>
ST_1 : Operation 63 [1/1] (0.00ns)   --->   "%mux_case_121773261_reload_read = read i32 @_ssdm_op_Read.ap_auto.float, i32 %mux_case_121773261_reload"   --->   Operation 63 'read' 'mux_case_121773261_reload_read' <Predicate = true> <Delay = 0.00>
ST_1 : Operation 64 [1/1] (0.00ns)   --->   "%mux_case_121643225_reload_read = read i32 @_ssdm_op_Read.ap_auto.float, i32 %mux_case_121643225_reload"   --->   Operation 64 'read' 'mux_case_121643225_reload_read' <Predicate = true> <Delay = 0.00>
ST_1 : Operation 65 [1/1] (0.00ns)   --->   "%mux_case_121513188_reload_read = read i32 @_ssdm_op_Read.ap_auto.float, i32 %mux_case_121513188_reload"   --->   Operation 65 'read' 'mux_case_121513188_reload_read' <Predicate = true> <Delay = 0.00>
ST_1 : Operation 66 [1/1] (0.00ns)   --->   "%K_2_reload_read = read i32 @_ssdm_op_Read.ap_auto.float, i32 %K_2_reload"   --->   Operation 66 'read' 'K_2_reload_read' <Predicate = true> <Delay = 0.00>
ST_1 : Operation 67 [1/1] (0.00ns)   --->   "%mux_case_222183375_reload_read = read i32 @_ssdm_op_Read.ap_auto.float, i32 %mux_case_222183375_reload"   --->   Operation 67 'read' 'mux_case_222183375_reload_read' <Predicate = true> <Delay = 0.00>
ST_1 : Operation 68 [1/1] (0.00ns)   --->   "%mux_case_222053339_reload_read = read i32 @_ssdm_op_Read.ap_auto.float, i32 %mux_case_222053339_reload"   --->   Operation 68 'read' 'mux_case_222053339_reload_read' <Predicate = true> <Delay = 0.00>
ST_1 : Operation 69 [1/1] (0.00ns)   --->   "%mux_case_221923303_reload_read = read i32 @_ssdm_op_Read.ap_auto.float, i32 %mux_case_221923303_reload"   --->   Operation 69 'read' 'mux_case_221923303_reload_read' <Predicate = true> <Delay = 0.00>
ST_1 : Operation 70 [1/1] (0.00ns)   --->   "%mux_case_221793267_reload_read = read i32 @_ssdm_op_Read.ap_auto.float, i32 %mux_case_221793267_reload"   --->   Operation 70 'read' 'mux_case_221793267_reload_read' <Predicate = true> <Delay = 0.00>
ST_1 : Operation 71 [1/1] (0.00ns)   --->   "%mux_case_221663231_reload_read = read i32 @_ssdm_op_Read.ap_auto.float, i32 %mux_case_221663231_reload"   --->   Operation 71 'read' 'mux_case_221663231_reload_read' <Predicate = true> <Delay = 0.00>
ST_1 : Operation 72 [1/1] (0.00ns)   --->   "%mux_case_221533194_reload_read = read i32 @_ssdm_op_Read.ap_auto.float, i32 %mux_case_221533194_reload"   --->   Operation 72 'read' 'mux_case_221533194_reload_read' <Predicate = true> <Delay = 0.00>
ST_1 : Operation 73 [1/1] (0.00ns)   --->   "%K_3_reload_read = read i32 @_ssdm_op_Read.ap_auto.float, i32 %K_3_reload"   --->   Operation 73 'read' 'K_3_reload_read' <Predicate = true> <Delay = 0.00>
ST_1 : Operation 74 [1/1] (0.00ns)   --->   "%mux_case_322203381_reload_read = read i32 @_ssdm_op_Read.ap_auto.float, i32 %mux_case_322203381_reload"   --->   Operation 74 'read' 'mux_case_322203381_reload_read' <Predicate = true> <Delay = 0.00>
ST_1 : Operation 75 [1/1] (0.00ns)   --->   "%mux_case_322073345_reload_read = read i32 @_ssdm_op_Read.ap_auto.float, i32 %mux_case_322073345_reload"   --->   Operation 75 'read' 'mux_case_322073345_reload_read' <Predicate = true> <Delay = 0.00>
ST_1 : Operation 76 [1/1] (0.00ns)   --->   "%mux_case_321943309_reload_read = read i32 @_ssdm_op_Read.ap_auto.float, i32 %mux_case_321943309_reload"   --->   Operation 76 'read' 'mux_case_321943309_reload_read' <Predicate = true> <Delay = 0.00>
ST_1 : Operation 77 [1/1] (0.00ns)   --->   "%mux_case_321813273_reload_read = read i32 @_ssdm_op_Read.ap_auto.float, i32 %mux_case_321813273_reload"   --->   Operation 77 'read' 'mux_case_321813273_reload_read' <Predicate = true> <Delay = 0.00>
ST_1 : Operation 78 [1/1] (0.00ns)   --->   "%mux_case_321683237_reload_read = read i32 @_ssdm_op_Read.ap_auto.float, i32 %mux_case_321683237_reload"   --->   Operation 78 'read' 'mux_case_321683237_reload_read' <Predicate = true> <Delay = 0.00>
ST_1 : Operation 79 [1/1] (0.00ns)   --->   "%mux_case_321553200_reload_read = read i32 @_ssdm_op_Read.ap_auto.float, i32 %mux_case_321553200_reload"   --->   Operation 79 'read' 'mux_case_321553200_reload_read' <Predicate = true> <Delay = 0.00>
ST_1 : Operation 80 [1/1] (0.00ns)   --->   "%K_4_reload_read = read i32 @_ssdm_op_Read.ap_auto.float, i32 %K_4_reload"   --->   Operation 80 'read' 'K_4_reload_read' <Predicate = true> <Delay = 0.00>
ST_1 : Operation 81 [1/1] (0.00ns)   --->   "%mux_case_422223387_reload_read = read i32 @_ssdm_op_Read.ap_auto.float, i32 %mux_case_422223387_reload"   --->   Operation 81 'read' 'mux_case_422223387_reload_read' <Predicate = true> <Delay = 0.00>
ST_1 : Operation 82 [1/1] (0.00ns)   --->   "%mux_case_422093351_reload_read = read i32 @_ssdm_op_Read.ap_auto.float, i32 %mux_case_422093351_reload"   --->   Operation 82 'read' 'mux_case_422093351_reload_read' <Predicate = true> <Delay = 0.00>
ST_1 : Operation 83 [1/1] (0.00ns)   --->   "%mux_case_421963315_reload_read = read i32 @_ssdm_op_Read.ap_auto.float, i32 %mux_case_421963315_reload"   --->   Operation 83 'read' 'mux_case_421963315_reload_read' <Predicate = true> <Delay = 0.00>
ST_1 : Operation 84 [1/1] (0.00ns)   --->   "%mux_case_421833279_reload_read = read i32 @_ssdm_op_Read.ap_auto.float, i32 %mux_case_421833279_reload"   --->   Operation 84 'read' 'mux_case_421833279_reload_read' <Predicate = true> <Delay = 0.00>
ST_1 : Operation 85 [1/1] (0.00ns)   --->   "%mux_case_421703243_reload_read = read i32 @_ssdm_op_Read.ap_auto.float, i32 %mux_case_421703243_reload"   --->   Operation 85 'read' 'mux_case_421703243_reload_read' <Predicate = true> <Delay = 0.00>
ST_1 : Operation 86 [1/1] (0.00ns)   --->   "%mux_case_421573206_reload_read = read i32 @_ssdm_op_Read.ap_auto.float, i32 %mux_case_421573206_reload"   --->   Operation 86 'read' 'mux_case_421573206_reload_read' <Predicate = true> <Delay = 0.00>
ST_1 : Operation 87 [1/1] (0.00ns)   --->   "%K_5_reload_read = read i32 @_ssdm_op_Read.ap_auto.float, i32 %K_5_reload"   --->   Operation 87 'read' 'K_5_reload_read' <Predicate = true> <Delay = 0.00>
ST_1 : Operation 88 [1/1] (0.00ns)   --->   "%mux_case_522243393_reload_read = read i32 @_ssdm_op_Read.ap_auto.float, i32 %mux_case_522243393_reload"   --->   Operation 88 'read' 'mux_case_522243393_reload_read' <Predicate = true> <Delay = 0.00>
ST_1 : Operation 89 [1/1] (0.00ns)   --->   "%mux_case_522113357_reload_read = read i32 @_ssdm_op_Read.ap_auto.float, i32 %mux_case_522113357_reload"   --->   Operation 89 'read' 'mux_case_522113357_reload_read' <Predicate = true> <Delay = 0.00>
ST_1 : Operation 90 [1/1] (0.00ns)   --->   "%mux_case_521983321_reload_read = read i32 @_ssdm_op_Read.ap_auto.float, i32 %mux_case_521983321_reload"   --->   Operation 90 'read' 'mux_case_521983321_reload_read' <Predicate = true> <Delay = 0.00>
ST_1 : Operation 91 [1/1] (0.00ns)   --->   "%mux_case_521853285_reload_read = read i32 @_ssdm_op_Read.ap_auto.float, i32 %mux_case_521853285_reload"   --->   Operation 91 'read' 'mux_case_521853285_reload_read' <Predicate = true> <Delay = 0.00>
ST_1 : Operation 92 [1/1] (0.00ns)   --->   "%mux_case_521723249_reload_read = read i32 @_ssdm_op_Read.ap_auto.float, i32 %mux_case_521723249_reload"   --->   Operation 92 'read' 'mux_case_521723249_reload_read' <Predicate = true> <Delay = 0.00>
ST_1 : Operation 93 [1/1] (0.00ns)   --->   "%mux_case_521593212_reload_read = read i32 @_ssdm_op_Read.ap_auto.float, i32 %mux_case_521593212_reload"   --->   Operation 93 'read' 'mux_case_521593212_reload_read' <Predicate = true> <Delay = 0.00>
ST_1 : Operation 94 [1/1] (0.00ns)   --->   "%P_216_read = read i32 @_ssdm_op_Read.ap_auto.float, i32 %P_216"   --->   Operation 94 'read' 'P_216_read' <Predicate = true> <Delay = 0.00>
ST_1 : Operation 95 [1/1] (0.00ns)   --->   "%P_215_read = read i32 @_ssdm_op_Read.ap_auto.float, i32 %P_215"   --->   Operation 95 'read' 'P_215_read' <Predicate = true> <Delay = 0.00>
ST_1 : Operation 96 [1/1] (0.00ns)   --->   "%P_214_read = read i32 @_ssdm_op_Read.ap_auto.float, i32 %P_214"   --->   Operation 96 'read' 'P_214_read' <Predicate = true> <Delay = 0.00>
ST_1 : Operation 97 [1/1] (0.00ns)   --->   "%P_213_read = read i32 @_ssdm_op_Read.ap_auto.float, i32 %P_213"   --->   Operation 97 'read' 'P_213_read' <Predicate = true> <Delay = 0.00>
ST_1 : Operation 98 [1/1] (0.00ns)   --->   "%P_212_read = read i32 @_ssdm_op_Read.ap_auto.float, i32 %P_212"   --->   Operation 98 'read' 'P_212_read' <Predicate = true> <Delay = 0.00>
ST_1 : Operation 99 [1/1] (0.00ns)   --->   "%P_211_read = read i32 @_ssdm_op_Read.ap_auto.float, i32 %P_211"   --->   Operation 99 'read' 'P_211_read' <Predicate = true> <Delay = 0.00>
ST_1 : Operation 100 [1/1] (0.00ns)   --->   "%P_210_read = read i32 @_ssdm_op_Read.ap_auto.float, i32 %P_210"   --->   Operation 100 'read' 'P_210_read' <Predicate = true> <Delay = 0.00>
ST_1 : Operation 101 [1/1] (0.00ns)   --->   "%P_209_read = read i32 @_ssdm_op_Read.ap_auto.float, i32 %P_209"   --->   Operation 101 'read' 'P_209_read' <Predicate = true> <Delay = 0.00>
ST_1 : Operation 102 [1/1] (0.00ns)   --->   "%P_208_read = read i32 @_ssdm_op_Read.ap_auto.float, i32 %P_208"   --->   Operation 102 'read' 'P_208_read' <Predicate = true> <Delay = 0.00>
ST_1 : Operation 103 [1/1] (0.00ns)   --->   "%P_207_read = read i32 @_ssdm_op_Read.ap_auto.float, i32 %P_207"   --->   Operation 103 'read' 'P_207_read' <Predicate = true> <Delay = 0.00>
ST_1 : Operation 104 [1/1] (0.00ns)   --->   "%P_206_read = read i32 @_ssdm_op_Read.ap_auto.float, i32 %P_206"   --->   Operation 104 'read' 'P_206_read' <Predicate = true> <Delay = 0.00>
ST_1 : Operation 105 [1/1] (0.00ns)   --->   "%P_205_read = read i32 @_ssdm_op_Read.ap_auto.float, i32 %P_205"   --->   Operation 105 'read' 'P_205_read' <Predicate = true> <Delay = 0.00>
ST_1 : Operation 106 [1/1] (0.00ns)   --->   "%P_204_read = read i32 @_ssdm_op_Read.ap_auto.float, i32 %P_204"   --->   Operation 106 'read' 'P_204_read' <Predicate = true> <Delay = 0.00>
ST_1 : Operation 107 [1/1] (0.00ns)   --->   "%P_203_read = read i32 @_ssdm_op_Read.ap_auto.float, i32 %P_203"   --->   Operation 107 'read' 'P_203_read' <Predicate = true> <Delay = 0.00>
ST_1 : Operation 108 [1/1] (0.00ns)   --->   "%P_202_read = read i32 @_ssdm_op_Read.ap_auto.float, i32 %P_202"   --->   Operation 108 'read' 'P_202_read' <Predicate = true> <Delay = 0.00>
ST_1 : Operation 109 [1/1] (0.00ns)   --->   "%P_201_read = read i32 @_ssdm_op_Read.ap_auto.float, i32 %P_201"   --->   Operation 109 'read' 'P_201_read' <Predicate = true> <Delay = 0.00>
ST_1 : Operation 110 [1/1] (0.00ns)   --->   "%P_200_read = read i32 @_ssdm_op_Read.ap_auto.float, i32 %P_200"   --->   Operation 110 'read' 'P_200_read' <Predicate = true> <Delay = 0.00>
ST_1 : Operation 111 [1/1] (0.00ns)   --->   "%P_199_read = read i32 @_ssdm_op_Read.ap_auto.float, i32 %P_199"   --->   Operation 111 'read' 'P_199_read' <Predicate = true> <Delay = 0.00>
ST_1 : Operation 112 [1/1] (0.00ns)   --->   "%P_198_read = read i32 @_ssdm_op_Read.ap_auto.float, i32 %P_198"   --->   Operation 112 'read' 'P_198_read' <Predicate = true> <Delay = 0.00>
ST_1 : Operation 113 [1/1] (0.00ns)   --->   "%P_197_read = read i32 @_ssdm_op_Read.ap_auto.float, i32 %P_197"   --->   Operation 113 'read' 'P_197_read' <Predicate = true> <Delay = 0.00>
ST_1 : Operation 114 [1/1] (0.00ns)   --->   "%P_196_read = read i32 @_ssdm_op_Read.ap_auto.float, i32 %P_196"   --->   Operation 114 'read' 'P_196_read' <Predicate = true> <Delay = 0.00>
ST_1 : Operation 115 [1/1] (0.00ns)   --->   "%P_195_read = read i32 @_ssdm_op_Read.ap_auto.float, i32 %P_195"   --->   Operation 115 'read' 'P_195_read' <Predicate = true> <Delay = 0.00>
ST_1 : Operation 116 [1/1] (0.00ns)   --->   "%P_194_read = read i32 @_ssdm_op_Read.ap_auto.float, i32 %P_194"   --->   Operation 116 'read' 'P_194_read' <Predicate = true> <Delay = 0.00>
ST_1 : Operation 117 [1/1] (0.00ns)   --->   "%P_193_read = read i32 @_ssdm_op_Read.ap_auto.float, i32 %P_193"   --->   Operation 117 'read' 'P_193_read' <Predicate = true> <Delay = 0.00>
ST_1 : Operation 118 [1/1] (0.00ns)   --->   "%P_192_read = read i32 @_ssdm_op_Read.ap_auto.float, i32 %P_192"   --->   Operation 118 'read' 'P_192_read' <Predicate = true> <Delay = 0.00>
ST_1 : Operation 119 [1/1] (0.00ns)   --->   "%P_191_read = read i32 @_ssdm_op_Read.ap_auto.float, i32 %P_191"   --->   Operation 119 'read' 'P_191_read' <Predicate = true> <Delay = 0.00>
ST_1 : Operation 120 [1/1] (0.00ns)   --->   "%P_190_read = read i32 @_ssdm_op_Read.ap_auto.float, i32 %P_190"   --->   Operation 120 'read' 'P_190_read' <Predicate = true> <Delay = 0.00>
ST_1 : Operation 121 [1/1] (0.00ns)   --->   "%P_189_read = read i32 @_ssdm_op_Read.ap_auto.float, i32 %P_189"   --->   Operation 121 'read' 'P_189_read' <Predicate = true> <Delay = 0.00>
ST_1 : Operation 122 [1/1] (0.00ns)   --->   "%P_188_read = read i32 @_ssdm_op_Read.ap_auto.float, i32 %P_188"   --->   Operation 122 'read' 'P_188_read' <Predicate = true> <Delay = 0.00>
ST_1 : Operation 123 [1/1] (0.00ns)   --->   "%P_187_read = read i32 @_ssdm_op_Read.ap_auto.float, i32 %P_187"   --->   Operation 123 'read' 'P_187_read' <Predicate = true> <Delay = 0.00>
ST_1 : Operation 124 [1/1] (0.00ns)   --->   "%P_186_read = read i32 @_ssdm_op_Read.ap_auto.float, i32 %P_186"   --->   Operation 124 'read' 'P_186_read' <Predicate = true> <Delay = 0.00>
ST_1 : Operation 125 [1/1] (0.00ns)   --->   "%P_185_read = read i32 @_ssdm_op_Read.ap_auto.float, i32 %P_185"   --->   Operation 125 'read' 'P_185_read' <Predicate = true> <Delay = 0.00>
ST_1 : Operation 126 [1/1] (0.00ns)   --->   "%P_184_read = read i32 @_ssdm_op_Read.ap_auto.float, i32 %P_184"   --->   Operation 126 'read' 'P_184_read' <Predicate = true> <Delay = 0.00>
ST_1 : Operation 127 [1/1] (0.00ns)   --->   "%P_183_read = read i32 @_ssdm_op_Read.ap_auto.float, i32 %P_183"   --->   Operation 127 'read' 'P_183_read' <Predicate = true> <Delay = 0.00>
ST_1 : Operation 128 [1/1] (0.00ns)   --->   "%P_182_read = read i32 @_ssdm_op_Read.ap_auto.float, i32 %P_182"   --->   Operation 128 'read' 'P_182_read' <Predicate = true> <Delay = 0.00>
ST_1 : Operation 129 [1/1] (0.00ns)   --->   "%P_181_read = read i32 @_ssdm_op_Read.ap_auto.float, i32 %P_181"   --->   Operation 129 'read' 'P_181_read' <Predicate = true> <Delay = 0.00>
ST_1 : Operation 130 [1/1] (0.42ns)   --->   "%store_ln0 = store i32 %P_181_read, i32 %P_72"   --->   Operation 130 'store' 'store_ln0' <Predicate = true> <Delay = 0.42>
ST_1 : Operation 131 [1/1] (0.42ns)   --->   "%store_ln0 = store i32 %P_182_read, i32 %P_71"   --->   Operation 131 'store' 'store_ln0' <Predicate = true> <Delay = 0.42>
ST_1 : Operation 132 [1/1] (0.42ns)   --->   "%store_ln0 = store i32 %P_183_read, i32 %P_70"   --->   Operation 132 'store' 'store_ln0' <Predicate = true> <Delay = 0.42>
ST_1 : Operation 133 [1/1] (0.42ns)   --->   "%store_ln0 = store i32 %P_184_read, i32 %P_69"   --->   Operation 133 'store' 'store_ln0' <Predicate = true> <Delay = 0.42>
ST_1 : Operation 134 [1/1] (0.42ns)   --->   "%store_ln0 = store i32 %P_185_read, i32 %P_68"   --->   Operation 134 'store' 'store_ln0' <Predicate = true> <Delay = 0.42>
ST_1 : Operation 135 [1/1] (0.42ns)   --->   "%store_ln0 = store i32 %P_186_read, i32 %P_67"   --->   Operation 135 'store' 'store_ln0' <Predicate = true> <Delay = 0.42>
ST_1 : Operation 136 [1/1] (0.42ns)   --->   "%store_ln0 = store i32 %P_187_read, i32 %P_66"   --->   Operation 136 'store' 'store_ln0' <Predicate = true> <Delay = 0.42>
ST_1 : Operation 137 [1/1] (0.42ns)   --->   "%store_ln0 = store i32 %P_188_read, i32 %P_65"   --->   Operation 137 'store' 'store_ln0' <Predicate = true> <Delay = 0.42>
ST_1 : Operation 138 [1/1] (0.42ns)   --->   "%store_ln0 = store i32 %P_189_read, i32 %P_64"   --->   Operation 138 'store' 'store_ln0' <Predicate = true> <Delay = 0.42>
ST_1 : Operation 139 [1/1] (0.42ns)   --->   "%store_ln0 = store i32 %P_190_read, i32 %P_63"   --->   Operation 139 'store' 'store_ln0' <Predicate = true> <Delay = 0.42>
ST_1 : Operation 140 [1/1] (0.42ns)   --->   "%store_ln0 = store i32 %P_191_read, i32 %P_62"   --->   Operation 140 'store' 'store_ln0' <Predicate = true> <Delay = 0.42>
ST_1 : Operation 141 [1/1] (0.42ns)   --->   "%store_ln0 = store i32 %P_192_read, i32 %P_61"   --->   Operation 141 'store' 'store_ln0' <Predicate = true> <Delay = 0.42>
ST_1 : Operation 142 [1/1] (0.42ns)   --->   "%store_ln0 = store i32 %P_193_read, i32 %P_60"   --->   Operation 142 'store' 'store_ln0' <Predicate = true> <Delay = 0.42>
ST_1 : Operation 143 [1/1] (0.42ns)   --->   "%store_ln0 = store i32 %P_194_read, i32 %P_59"   --->   Operation 143 'store' 'store_ln0' <Predicate = true> <Delay = 0.42>
ST_1 : Operation 144 [1/1] (0.42ns)   --->   "%store_ln0 = store i32 %P_195_read, i32 %P_58"   --->   Operation 144 'store' 'store_ln0' <Predicate = true> <Delay = 0.42>
ST_1 : Operation 145 [1/1] (0.42ns)   --->   "%store_ln0 = store i32 %P_196_read, i32 %P_57"   --->   Operation 145 'store' 'store_ln0' <Predicate = true> <Delay = 0.42>
ST_1 : Operation 146 [1/1] (0.42ns)   --->   "%store_ln0 = store i32 %P_197_read, i32 %P_56"   --->   Operation 146 'store' 'store_ln0' <Predicate = true> <Delay = 0.42>
ST_1 : Operation 147 [1/1] (0.42ns)   --->   "%store_ln0 = store i32 %P_198_read, i32 %P_55"   --->   Operation 147 'store' 'store_ln0' <Predicate = true> <Delay = 0.42>
ST_1 : Operation 148 [1/1] (0.42ns)   --->   "%store_ln0 = store i32 %P_199_read, i32 %P_54"   --->   Operation 148 'store' 'store_ln0' <Predicate = true> <Delay = 0.42>
ST_1 : Operation 149 [1/1] (0.42ns)   --->   "%store_ln0 = store i32 %P_200_read, i32 %P_53"   --->   Operation 149 'store' 'store_ln0' <Predicate = true> <Delay = 0.42>
ST_1 : Operation 150 [1/1] (0.42ns)   --->   "%store_ln0 = store i32 %P_201_read, i32 %P_52"   --->   Operation 150 'store' 'store_ln0' <Predicate = true> <Delay = 0.42>
ST_1 : Operation 151 [1/1] (0.42ns)   --->   "%store_ln0 = store i32 %P_202_read, i32 %P_51"   --->   Operation 151 'store' 'store_ln0' <Predicate = true> <Delay = 0.42>
ST_1 : Operation 152 [1/1] (0.42ns)   --->   "%store_ln0 = store i32 %P_203_read, i32 %P_50"   --->   Operation 152 'store' 'store_ln0' <Predicate = true> <Delay = 0.42>
ST_1 : Operation 153 [1/1] (0.42ns)   --->   "%store_ln0 = store i32 %P_204_read, i32 %P_49"   --->   Operation 153 'store' 'store_ln0' <Predicate = true> <Delay = 0.42>
ST_1 : Operation 154 [1/1] (0.42ns)   --->   "%store_ln0 = store i32 %P_205_read, i32 %P_48"   --->   Operation 154 'store' 'store_ln0' <Predicate = true> <Delay = 0.42>
ST_1 : Operation 155 [1/1] (0.42ns)   --->   "%store_ln0 = store i32 %P_206_read, i32 %P_47"   --->   Operation 155 'store' 'store_ln0' <Predicate = true> <Delay = 0.42>
ST_1 : Operation 156 [1/1] (0.42ns)   --->   "%store_ln0 = store i32 %P_207_read, i32 %P_46"   --->   Operation 156 'store' 'store_ln0' <Predicate = true> <Delay = 0.42>
ST_1 : Operation 157 [1/1] (0.42ns)   --->   "%store_ln0 = store i32 %P_208_read, i32 %P_45"   --->   Operation 157 'store' 'store_ln0' <Predicate = true> <Delay = 0.42>
ST_1 : Operation 158 [1/1] (0.42ns)   --->   "%store_ln0 = store i32 %P_209_read, i32 %P_44"   --->   Operation 158 'store' 'store_ln0' <Predicate = true> <Delay = 0.42>
ST_1 : Operation 159 [1/1] (0.42ns)   --->   "%store_ln0 = store i32 %P_210_read, i32 %P_43"   --->   Operation 159 'store' 'store_ln0' <Predicate = true> <Delay = 0.42>
ST_1 : Operation 160 [1/1] (0.42ns)   --->   "%store_ln0 = store i32 %P_211_read, i32 %P_42"   --->   Operation 160 'store' 'store_ln0' <Predicate = true> <Delay = 0.42>
ST_1 : Operation 161 [1/1] (0.42ns)   --->   "%store_ln0 = store i32 %P_212_read, i32 %P_41"   --->   Operation 161 'store' 'store_ln0' <Predicate = true> <Delay = 0.42>
ST_1 : Operation 162 [1/1] (0.42ns)   --->   "%store_ln0 = store i32 %P_213_read, i32 %P_40"   --->   Operation 162 'store' 'store_ln0' <Predicate = true> <Delay = 0.42>
ST_1 : Operation 163 [1/1] (0.42ns)   --->   "%store_ln0 = store i32 %P_214_read, i32 %P_39"   --->   Operation 163 'store' 'store_ln0' <Predicate = true> <Delay = 0.42>
ST_1 : Operation 164 [1/1] (0.42ns)   --->   "%store_ln0 = store i32 %P_215_read, i32 %P_38"   --->   Operation 164 'store' 'store_ln0' <Predicate = true> <Delay = 0.42>
ST_1 : Operation 165 [1/1] (0.42ns)   --->   "%store_ln0 = store i32 %P_216_read, i32 %P"   --->   Operation 165 'store' 'store_ln0' <Predicate = true> <Delay = 0.42>
ST_1 : Operation 166 [1/1] (0.42ns)   --->   "%store_ln0 = store i3 0, i3 %i"   --->   Operation 166 'store' 'store_ln0' <Predicate = true> <Delay = 0.42>
ST_1 : Operation 167 [1/1] (0.00ns)   --->   "%br_ln0 = br void %for.body90.i"   --->   Operation 167 'br' 'br_ln0' <Predicate = true> <Delay = 0.00>
ST_1 : Operation 168 [1/1] (0.00ns)   --->   "%i_12 = load i3 %i" [ekf_core.cpp:117->ekf_core.cpp:169]   --->   Operation 168 'load' 'i_12' <Predicate = true> <Delay = 0.00>
ST_1 : Operation 169 [1/1] (0.00ns)   --->   "%specpipeline_ln0 = specpipeline void @_ssdm_op_SpecPipeline, i32 4294967295, i32 0, i32 1, i32 0, void @p_str"   --->   Operation 169 'specpipeline' 'specpipeline_ln0' <Predicate = true> <Delay = 0.00>
ST_1 : Operation 170 [1/1] (0.67ns)   --->   "%icmp_ln117 = icmp_eq  i3 %i_12, i3 6" [ekf_core.cpp:117->ekf_core.cpp:169]   --->   Operation 170 'icmp' 'icmp_ln117' <Predicate = true> <Delay = 0.67> <CoreInst = "Cmp">   --->   Core 9 'Cmp' <Latency = 0> <II = 1> <Delay = 0.67> <FuncUnit> <Opcode : 'icmp'> <InPorts = 2> <OutPorts = 1>
ST_1 : Operation 171 [1/1] (0.67ns)   --->   "%add_ln117 = add i3 %i_12, i3 1" [ekf_core.cpp:117->ekf_core.cpp:169]   --->   Operation 171 'add' 'add_ln117' <Predicate = true> <Delay = 0.67> <CoreInst = "Adder">   --->   Core 1 'Adder' <Latency = 0> <II = 1> <Delay = 0.67> <FuncUnit> <Opcode : 'add' 'sub'> <InPorts = 2> <OutPorts = 1>
ST_1 : Operation 172 [1/1] (0.00ns)   --->   "%br_ln117 = br i1 %icmp_ln117, void %for.body90.i.split, void %for.body127.i.lr.ph.preheader.exitStub" [ekf_core.cpp:117->ekf_core.cpp:169]   --->   Operation 172 'br' 'br_ln117' <Predicate = true> <Delay = 0.00>
ST_1 : Operation 173 [1/1] (0.62ns)   --->   "%tmp_s = mux i32 @_ssdm_op_Mux.ap_auto.6f32.i3, i32 %K_reload_read, i32 %K_1_reload_read, i32 %K_2_reload_read, i32 %K_3_reload_read, i32 %K_4_reload_read, i32 %K_5_reload_read, i3 %i_12" [ekf_core.cpp:117->ekf_core.cpp:169]   --->   Operation 173 'mux' 'tmp_s' <Predicate = (!icmp_ln117)> <Delay = 0.62> <CoreInst = "Multiplexer">   --->   Core 76 'Multiplexer' <Latency = 0> <II = 1> <Delay = 0.62> <FuncUnit> <Opcode : 'mux'> <InPorts = 2> <OutPorts = 1>
ST_1 : Operation 174 [1/1] (0.73ns)   --->   "%switch_ln118 = switch i3 %i_12, void %arrayidx1106.i67.case.5.0, i3 0, void %for.body90.i.split.for.body95.i.split.1_crit_edge, i3 1, void %for.body90.i.split.for.body95.i.split.1_crit_edge85, i3 2, void %arrayidx1106.i67.case.02346.0, i3 3, void %arrayidx1106.i67.case.02354.0, i3 4, void %arrayidx1106.i67.case.02362.0" [ekf_core.cpp:118->ekf_core.cpp:169]   --->   Operation 174 'switch' 'switch_ln118' <Predicate = (!icmp_ln117)> <Delay = 0.73>
ST_1 : Operation 175 [1/1] (0.42ns)   --->   "%store_ln117 = store i3 %add_ln117, i3 %i" [ekf_core.cpp:117->ekf_core.cpp:169]   --->   Operation 175 'store' 'store_ln117' <Predicate = (!icmp_ln117)> <Delay = 0.42>
ST_1 : Operation 176 [1/1] (0.00ns)   --->   "%br_ln117 = br void %for.body90.i" [ekf_core.cpp:117->ekf_core.cpp:169]   --->   Operation 176 'br' 'br_ln117' <Predicate = (!icmp_ln117)> <Delay = 0.00>

State 2 <SV = 1> <Delay = 7.01>
ST_2 : [1/1] (0.96ns)   --->   Input mux for Operation 177 '%mul102_i = fmul i32 %s_2_read, i32 %tmp_s'
ST_2 : Operation 177 [3/3] (6.04ns)   --->   "%mul102_i = fmul i32 %s_2_read, i32 %tmp_s" [ekf_core.cpp:117->ekf_core.cpp:169]   --->   Operation 177 'fmul' 'mul102_i' <Predicate = true> <Delay = 6.04> <CoreInst = "FMul_maxdsp">   --->   Core 30 'FMul_maxdsp' <Latency = 2> <II = 1> <Delay = 7.01> <FuncUnit> <Opcode : 'fmul'> <InPorts = 2> <OutPorts = 1>

State 3 <SV = 2> <Delay = 7.01>
ST_3 : Operation 178 [2/3] (7.01ns)   --->   "%mul102_i = fmul i32 %s_2_read, i32 %tmp_s" [ekf_core.cpp:117->ekf_core.cpp:169]   --->   Operation 178 'fmul' 'mul102_i' <Predicate = true> <Delay = 7.01> <CoreInst = "FMul_maxdsp">   --->   Core 30 'FMul_maxdsp' <Latency = 2> <II = 1> <Delay = 7.01> <FuncUnit> <Opcode : 'fmul'> <InPorts = 2> <OutPorts = 1>

State 4 <SV = 3> <Delay = 7.01>
ST_4 : Operation 179 [1/3] (7.01ns)   --->   "%mul102_i = fmul i32 %s_2_read, i32 %tmp_s" [ekf_core.cpp:117->ekf_core.cpp:169]   --->   Operation 179 'fmul' 'mul102_i' <Predicate = true> <Delay = 7.01> <CoreInst = "FMul_maxdsp">   --->   Core 30 'FMul_maxdsp' <Latency = 2> <II = 1> <Delay = 7.01> <FuncUnit> <Opcode : 'fmul'> <InPorts = 2> <OutPorts = 1>

State 5 <SV = 4> <Delay = 7.01>
ST_5 : [1/1] (0.96ns)   --->   Input mux for Operation 180 '%mul105_i = fmul i32 %mul102_i, i32 %K_reload_read'
ST_5 : Operation 180 [3/3] (6.04ns)   --->   "%mul105_i = fmul i32 %mul102_i, i32 %K_reload_read" [ekf_core.cpp:118->ekf_core.cpp:169]   --->   Operation 180 'fmul' 'mul105_i' <Predicate = true> <Delay = 6.04> <CoreInst = "FMul_maxdsp">   --->   Core 30 'FMul_maxdsp' <Latency = 2> <II = 1> <Delay = 7.01> <FuncUnit> <Opcode : 'fmul'> <InPorts = 2> <OutPorts = 1>
ST_5 : [1/1] (0.96ns)   --->   Input mux for Operation 181 '%mul105_i_1 = fmul i32 %mul102_i, i32 %K_1_reload_read'
ST_5 : Operation 181 [3/3] (6.04ns)   --->   "%mul105_i_1 = fmul i32 %mul102_i, i32 %K_1_reload_read" [ekf_core.cpp:118->ekf_core.cpp:169]   --->   Operation 181 'fmul' 'mul105_i_1' <Predicate = true> <Delay = 6.04> <CoreInst = "FMul_maxdsp">   --->   Core 30 'FMul_maxdsp' <Latency = 2> <II = 1> <Delay = 7.01> <FuncUnit> <Opcode : 'fmul'> <InPorts = 2> <OutPorts = 1>
ST_5 : [1/1] (0.96ns)   --->   Input mux for Operation 182 '%mul105_i_2 = fmul i32 %mul102_i, i32 %K_2_reload_read'
ST_5 : Operation 182 [3/3] (6.04ns)   --->   "%mul105_i_2 = fmul i32 %mul102_i, i32 %K_2_reload_read" [ekf_core.cpp:118->ekf_core.cpp:169]   --->   Operation 182 'fmul' 'mul105_i_2' <Predicate = true> <Delay = 6.04> <CoreInst = "FMul_maxdsp">   --->   Core 30 'FMul_maxdsp' <Latency = 2> <II = 1> <Delay = 7.01> <FuncUnit> <Opcode : 'fmul'> <InPorts = 2> <OutPorts = 1>
ST_5 : [1/1] (0.96ns)   --->   Input mux for Operation 183 '%mul105_i_3 = fmul i32 %mul102_i, i32 %K_3_reload_read'
ST_5 : Operation 183 [3/3] (6.04ns)   --->   "%mul105_i_3 = fmul i32 %mul102_i, i32 %K_3_reload_read" [ekf_core.cpp:118->ekf_core.cpp:169]   --->   Operation 183 'fmul' 'mul105_i_3' <Predicate = true> <Delay = 6.04> <CoreInst = "FMul_maxdsp">   --->   Core 30 'FMul_maxdsp' <Latency = 2> <II = 1> <Delay = 7.01> <FuncUnit> <Opcode : 'fmul'> <InPorts = 2> <OutPorts = 1>
ST_5 : [1/1] (0.96ns)   --->   Input mux for Operation 184 '%mul105_i_4 = fmul i32 %mul102_i, i32 %K_4_reload_read'
ST_5 : Operation 184 [3/3] (6.04ns)   --->   "%mul105_i_4 = fmul i32 %mul102_i, i32 %K_4_reload_read" [ekf_core.cpp:118->ekf_core.cpp:169]   --->   Operation 184 'fmul' 'mul105_i_4' <Predicate = true> <Delay = 6.04> <CoreInst = "FMul_maxdsp">   --->   Core 30 'FMul_maxdsp' <Latency = 2> <II = 1> <Delay = 7.01> <FuncUnit> <Opcode : 'fmul'> <InPorts = 2> <OutPorts = 1>
ST_5 : [1/1] (0.96ns)   --->   Input mux for Operation 185 '%mul105_i_5 = fmul i32 %mul102_i, i32 %K_5_reload_read'
ST_5 : Operation 185 [3/3] (6.04ns)   --->   "%mul105_i_5 = fmul i32 %mul102_i, i32 %K_5_reload_read" [ekf_core.cpp:118->ekf_core.cpp:169]   --->   Operation 185 'fmul' 'mul105_i_5' <Predicate = true> <Delay = 6.04> <CoreInst = "FMul_maxdsp">   --->   Core 30 'FMul_maxdsp' <Latency = 2> <II = 1> <Delay = 7.01> <FuncUnit> <Opcode : 'fmul'> <InPorts = 2> <OutPorts = 1>

State 6 <SV = 5> <Delay = 7.01>
ST_6 : Operation 186 [2/3] (7.01ns)   --->   "%mul105_i = fmul i32 %mul102_i, i32 %K_reload_read" [ekf_core.cpp:118->ekf_core.cpp:169]   --->   Operation 186 'fmul' 'mul105_i' <Predicate = true> <Delay = 7.01> <CoreInst = "FMul_maxdsp">   --->   Core 30 'FMul_maxdsp' <Latency = 2> <II = 1> <Delay = 7.01> <FuncUnit> <Opcode : 'fmul'> <InPorts = 2> <OutPorts = 1>
ST_6 : Operation 187 [2/3] (7.01ns)   --->   "%mul105_i_1 = fmul i32 %mul102_i, i32 %K_1_reload_read" [ekf_core.cpp:118->ekf_core.cpp:169]   --->   Operation 187 'fmul' 'mul105_i_1' <Predicate = true> <Delay = 7.01> <CoreInst = "FMul_maxdsp">   --->   Core 30 'FMul_maxdsp' <Latency = 2> <II = 1> <Delay = 7.01> <FuncUnit> <Opcode : 'fmul'> <InPorts = 2> <OutPorts = 1>
ST_6 : Operation 188 [2/3] (7.01ns)   --->   "%mul105_i_2 = fmul i32 %mul102_i, i32 %K_2_reload_read" [ekf_core.cpp:118->ekf_core.cpp:169]   --->   Operation 188 'fmul' 'mul105_i_2' <Predicate = true> <Delay = 7.01> <CoreInst = "FMul_maxdsp">   --->   Core 30 'FMul_maxdsp' <Latency = 2> <II = 1> <Delay = 7.01> <FuncUnit> <Opcode : 'fmul'> <InPorts = 2> <OutPorts = 1>
ST_6 : Operation 189 [2/3] (7.01ns)   --->   "%mul105_i_3 = fmul i32 %mul102_i, i32 %K_3_reload_read" [ekf_core.cpp:118->ekf_core.cpp:169]   --->   Operation 189 'fmul' 'mul105_i_3' <Predicate = true> <Delay = 7.01> <CoreInst = "FMul_maxdsp">   --->   Core 30 'FMul_maxdsp' <Latency = 2> <II = 1> <Delay = 7.01> <FuncUnit> <Opcode : 'fmul'> <InPorts = 2> <OutPorts = 1>
ST_6 : Operation 190 [2/3] (7.01ns)   --->   "%mul105_i_4 = fmul i32 %mul102_i, i32 %K_4_reload_read" [ekf_core.cpp:118->ekf_core.cpp:169]   --->   Operation 190 'fmul' 'mul105_i_4' <Predicate = true> <Delay = 7.01> <CoreInst = "FMul_maxdsp">   --->   Core 30 'FMul_maxdsp' <Latency = 2> <II = 1> <Delay = 7.01> <FuncUnit> <Opcode : 'fmul'> <InPorts = 2> <OutPorts = 1>
ST_6 : Operation 191 [2/3] (7.01ns)   --->   "%mul105_i_5 = fmul i32 %mul102_i, i32 %K_5_reload_read" [ekf_core.cpp:118->ekf_core.cpp:169]   --->   Operation 191 'fmul' 'mul105_i_5' <Predicate = true> <Delay = 7.01> <CoreInst = "FMul_maxdsp">   --->   Core 30 'FMul_maxdsp' <Latency = 2> <II = 1> <Delay = 7.01> <FuncUnit> <Opcode : 'fmul'> <InPorts = 2> <OutPorts = 1>

State 7 <SV = 6> <Delay = 7.01>
ST_7 : Operation 192 [1/3] (7.01ns)   --->   "%mul105_i = fmul i32 %mul102_i, i32 %K_reload_read" [ekf_core.cpp:118->ekf_core.cpp:169]   --->   Operation 192 'fmul' 'mul105_i' <Predicate = true> <Delay = 7.01> <CoreInst = "FMul_maxdsp">   --->   Core 30 'FMul_maxdsp' <Latency = 2> <II = 1> <Delay = 7.01> <FuncUnit> <Opcode : 'fmul'> <InPorts = 2> <OutPorts = 1>
ST_7 : Operation 193 [1/3] (7.01ns)   --->   "%mul105_i_1 = fmul i32 %mul102_i, i32 %K_1_reload_read" [ekf_core.cpp:118->ekf_core.cpp:169]   --->   Operation 193 'fmul' 'mul105_i_1' <Predicate = true> <Delay = 7.01> <CoreInst = "FMul_maxdsp">   --->   Core 30 'FMul_maxdsp' <Latency = 2> <II = 1> <Delay = 7.01> <FuncUnit> <Opcode : 'fmul'> <InPorts = 2> <OutPorts = 1>
ST_7 : Operation 194 [1/3] (7.01ns)   --->   "%mul105_i_2 = fmul i32 %mul102_i, i32 %K_2_reload_read" [ekf_core.cpp:118->ekf_core.cpp:169]   --->   Operation 194 'fmul' 'mul105_i_2' <Predicate = true> <Delay = 7.01> <CoreInst = "FMul_maxdsp">   --->   Core 30 'FMul_maxdsp' <Latency = 2> <II = 1> <Delay = 7.01> <FuncUnit> <Opcode : 'fmul'> <InPorts = 2> <OutPorts = 1>
ST_7 : Operation 195 [1/3] (7.01ns)   --->   "%mul105_i_3 = fmul i32 %mul102_i, i32 %K_3_reload_read" [ekf_core.cpp:118->ekf_core.cpp:169]   --->   Operation 195 'fmul' 'mul105_i_3' <Predicate = true> <Delay = 7.01> <CoreInst = "FMul_maxdsp">   --->   Core 30 'FMul_maxdsp' <Latency = 2> <II = 1> <Delay = 7.01> <FuncUnit> <Opcode : 'fmul'> <InPorts = 2> <OutPorts = 1>
ST_7 : Operation 196 [1/3] (7.01ns)   --->   "%mul105_i_4 = fmul i32 %mul102_i, i32 %K_4_reload_read" [ekf_core.cpp:118->ekf_core.cpp:169]   --->   Operation 196 'fmul' 'mul105_i_4' <Predicate = true> <Delay = 7.01> <CoreInst = "FMul_maxdsp">   --->   Core 30 'FMul_maxdsp' <Latency = 2> <II = 1> <Delay = 7.01> <FuncUnit> <Opcode : 'fmul'> <InPorts = 2> <OutPorts = 1>
ST_7 : Operation 197 [1/3] (7.01ns)   --->   "%mul105_i_5 = fmul i32 %mul102_i, i32 %K_5_reload_read" [ekf_core.cpp:118->ekf_core.cpp:169]   --->   Operation 197 'fmul' 'mul105_i_5' <Predicate = true> <Delay = 7.01> <CoreInst = "FMul_maxdsp">   --->   Core 30 'FMul_maxdsp' <Latency = 2> <II = 1> <Delay = 7.01> <FuncUnit> <Opcode : 'fmul'> <InPorts = 2> <OutPorts = 1>

State 8 <SV = 7> <Delay = 7.06>
ST_8 : Operation 198 [1/1] (0.62ns)   --->   "%tmp_58 = mux i32 @_ssdm_op_Mux.ap_auto.6f32.i3, i32 %mux_case_021493182_reload_read, i32 %mux_case_021623219_reload_read, i32 %mux_case_021753255_reload_read, i32 %mux_case_021883291_reload_read, i32 %mux_case_022013327_reload_read, i32 %mux_case_022143363_reload_read, i3 %i_12" [ekf_core.cpp:118->ekf_core.cpp:169]   --->   Operation 198 'mux' 'tmp_58' <Predicate = true> <Delay = 0.62> <CoreInst = "Multiplexer">   --->   Core 76 'Multiplexer' <Latency = 0> <II = 1> <Delay = 0.62> <FuncUnit> <Opcode : 'mux'> <InPorts = 2> <OutPorts = 1>
ST_8 : [1/1] (1.04ns)   --->   Input mux for Operation 199 '%P_s = fadd i32 %tmp_58, i32 %mul105_i'
ST_8 : Operation 199 [4/4] (5.38ns)   --->   "%P_s = fadd i32 %tmp_58, i32 %mul105_i" [ekf_core.cpp:118->ekf_core.cpp:169]   --->   Operation 199 'fadd' 'P_s' <Predicate = true> <Delay = 5.38> <CoreInst = "FAddSub_fulldsp">   --->   Core 18 'FAddSub_fulldsp' <Latency = 3> <II = 1> <Delay = 6.43> <FuncUnit> <Opcode : 'fadd' 'fsub'> <InPorts = 2> <OutPorts = 1>
ST_8 : Operation 200 [1/1] (0.62ns)   --->   "%tmp_108_1 = mux i32 @_ssdm_op_Mux.ap_auto.6f32.i3, i32 %mux_case_121513188_reload_read, i32 %mux_case_121643225_reload_read, i32 %mux_case_121773261_reload_read, i32 %mux_case_121903297_reload_read, i32 %mux_case_122033333_reload_read, i32 %mux_case_122163369_reload_read, i3 %i_12" [ekf_core.cpp:118->ekf_core.cpp:169]   --->   Operation 200 'mux' 'tmp_108_1' <Predicate = true> <Delay = 0.62> <CoreInst = "Multiplexer">   --->   Core 76 'Multiplexer' <Latency = 0> <II = 1> <Delay = 0.62> <FuncUnit> <Opcode : 'mux'> <InPorts = 2> <OutPorts = 1>
ST_8 : [1/1] (1.04ns)   --->   Input mux for Operation 201 '%P_497_1 = fadd i32 %tmp_108_1, i32 %mul105_i_1'
ST_8 : Operation 201 [4/4] (5.38ns)   --->   "%P_497_1 = fadd i32 %tmp_108_1, i32 %mul105_i_1" [ekf_core.cpp:118->ekf_core.cpp:169]   --->   Operation 201 'fadd' 'P_497_1' <Predicate = true> <Delay = 5.38> <CoreInst = "FAddSub_fulldsp">   --->   Core 18 'FAddSub_fulldsp' <Latency = 3> <II = 1> <Delay = 6.43> <FuncUnit> <Opcode : 'fadd' 'fsub'> <InPorts = 2> <OutPorts = 1>
ST_8 : Operation 202 [1/1] (0.62ns)   --->   "%tmp_108_2 = mux i32 @_ssdm_op_Mux.ap_auto.6f32.i3, i32 %mux_case_221533194_reload_read, i32 %mux_case_221663231_reload_read, i32 %mux_case_221793267_reload_read, i32 %mux_case_221923303_reload_read, i32 %mux_case_222053339_reload_read, i32 %mux_case_222183375_reload_read, i3 %i_12" [ekf_core.cpp:118->ekf_core.cpp:169]   --->   Operation 202 'mux' 'tmp_108_2' <Predicate = true> <Delay = 0.62> <CoreInst = "Multiplexer">   --->   Core 76 'Multiplexer' <Latency = 0> <II = 1> <Delay = 0.62> <FuncUnit> <Opcode : 'mux'> <InPorts = 2> <OutPorts = 1>
ST_8 : [1/1] (1.04ns)   --->   Input mux for Operation 203 '%P_497_2 = fadd i32 %tmp_108_2, i32 %mul105_i_2'
ST_8 : Operation 203 [4/4] (5.38ns)   --->   "%P_497_2 = fadd i32 %tmp_108_2, i32 %mul105_i_2" [ekf_core.cpp:118->ekf_core.cpp:169]   --->   Operation 203 'fadd' 'P_497_2' <Predicate = true> <Delay = 5.38> <CoreInst = "FAddSub_fulldsp">   --->   Core 18 'FAddSub_fulldsp' <Latency = 3> <II = 1> <Delay = 6.43> <FuncUnit> <Opcode : 'fadd' 'fsub'> <InPorts = 2> <OutPorts = 1>
ST_8 : Operation 204 [1/1] (0.62ns)   --->   "%tmp_108_3 = mux i32 @_ssdm_op_Mux.ap_auto.6f32.i3, i32 %mux_case_321553200_reload_read, i32 %mux_case_321683237_reload_read, i32 %mux_case_321813273_reload_read, i32 %mux_case_321943309_reload_read, i32 %mux_case_322073345_reload_read, i32 %mux_case_322203381_reload_read, i3 %i_12" [ekf_core.cpp:118->ekf_core.cpp:169]   --->   Operation 204 'mux' 'tmp_108_3' <Predicate = true> <Delay = 0.62> <CoreInst = "Multiplexer">   --->   Core 76 'Multiplexer' <Latency = 0> <II = 1> <Delay = 0.62> <FuncUnit> <Opcode : 'mux'> <InPorts = 2> <OutPorts = 1>
ST_8 : [1/1] (1.04ns)   --->   Input mux for Operation 205 '%P_497_3 = fadd i32 %tmp_108_3, i32 %mul105_i_3'
ST_8 : Operation 205 [4/4] (5.38ns)   --->   "%P_497_3 = fadd i32 %tmp_108_3, i32 %mul105_i_3" [ekf_core.cpp:118->ekf_core.cpp:169]   --->   Operation 205 'fadd' 'P_497_3' <Predicate = true> <Delay = 5.38> <CoreInst = "FAddSub_fulldsp">   --->   Core 18 'FAddSub_fulldsp' <Latency = 3> <II = 1> <Delay = 6.43> <FuncUnit> <Opcode : 'fadd' 'fsub'> <InPorts = 2> <OutPorts = 1>
ST_8 : Operation 206 [1/1] (0.62ns)   --->   "%tmp_108_4 = mux i32 @_ssdm_op_Mux.ap_auto.6f32.i3, i32 %mux_case_421573206_reload_read, i32 %mux_case_421703243_reload_read, i32 %mux_case_421833279_reload_read, i32 %mux_case_421963315_reload_read, i32 %mux_case_422093351_reload_read, i32 %mux_case_422223387_reload_read, i3 %i_12" [ekf_core.cpp:118->ekf_core.cpp:169]   --->   Operation 206 'mux' 'tmp_108_4' <Predicate = true> <Delay = 0.62> <CoreInst = "Multiplexer">   --->   Core 76 'Multiplexer' <Latency = 0> <II = 1> <Delay = 0.62> <FuncUnit> <Opcode : 'mux'> <InPorts = 2> <OutPorts = 1>
ST_8 : [1/1] (1.04ns)   --->   Input mux for Operation 207 '%P_497_4 = fadd i32 %tmp_108_4, i32 %mul105_i_4'
ST_8 : Operation 207 [4/4] (5.38ns)   --->   "%P_497_4 = fadd i32 %tmp_108_4, i32 %mul105_i_4" [ekf_core.cpp:118->ekf_core.cpp:169]   --->   Operation 207 'fadd' 'P_497_4' <Predicate = true> <Delay = 5.38> <CoreInst = "FAddSub_fulldsp">   --->   Core 18 'FAddSub_fulldsp' <Latency = 3> <II = 1> <Delay = 6.43> <FuncUnit> <Opcode : 'fadd' 'fsub'> <InPorts = 2> <OutPorts = 1>
ST_8 : Operation 208 [1/1] (0.62ns)   --->   "%tmp_108_5 = mux i32 @_ssdm_op_Mux.ap_auto.6f32.i3, i32 %mux_case_521593212_reload_read, i32 %mux_case_521723249_reload_read, i32 %mux_case_521853285_reload_read, i32 %mux_case_521983321_reload_read, i32 %mux_case_522113357_reload_read, i32 %mux_case_522243393_reload_read, i3 %i_12" [ekf_core.cpp:118->ekf_core.cpp:169]   --->   Operation 208 'mux' 'tmp_108_5' <Predicate = true> <Delay = 0.62> <CoreInst = "Multiplexer">   --->   Core 76 'Multiplexer' <Latency = 0> <II = 1> <Delay = 0.62> <FuncUnit> <Opcode : 'mux'> <InPorts = 2> <OutPorts = 1>
ST_8 : [1/1] (1.04ns)   --->   Input mux for Operation 209 '%P_497_5 = fadd i32 %tmp_108_5, i32 %mul105_i_5'
ST_8 : Operation 209 [4/4] (5.38ns)   --->   "%P_497_5 = fadd i32 %tmp_108_5, i32 %mul105_i_5" [ekf_core.cpp:118->ekf_core.cpp:169]   --->   Operation 209 'fadd' 'P_497_5' <Predicate = true> <Delay = 5.38> <CoreInst = "FAddSub_fulldsp">   --->   Core 18 'FAddSub_fulldsp' <Latency = 3> <II = 1> <Delay = 6.43> <FuncUnit> <Opcode : 'fadd' 'fsub'> <InPorts = 2> <OutPorts = 1>

State 9 <SV = 8> <Delay = 6.43>
ST_9 : Operation 210 [3/4] (6.43ns)   --->   "%P_s = fadd i32 %tmp_58, i32 %mul105_i" [ekf_core.cpp:118->ekf_core.cpp:169]   --->   Operation 210 'fadd' 'P_s' <Predicate = true> <Delay = 6.43> <CoreInst = "FAddSub_fulldsp">   --->   Core 18 'FAddSub_fulldsp' <Latency = 3> <II = 1> <Delay = 6.43> <FuncUnit> <Opcode : 'fadd' 'fsub'> <InPorts = 2> <OutPorts = 1>
ST_9 : Operation 211 [3/4] (6.43ns)   --->   "%P_497_1 = fadd i32 %tmp_108_1, i32 %mul105_i_1" [ekf_core.cpp:118->ekf_core.cpp:169]   --->   Operation 211 'fadd' 'P_497_1' <Predicate = true> <Delay = 6.43> <CoreInst = "FAddSub_fulldsp">   --->   Core 18 'FAddSub_fulldsp' <Latency = 3> <II = 1> <Delay = 6.43> <FuncUnit> <Opcode : 'fadd' 'fsub'> <InPorts = 2> <OutPorts = 1>
ST_9 : Operation 212 [3/4] (6.43ns)   --->   "%P_497_2 = fadd i32 %tmp_108_2, i32 %mul105_i_2" [ekf_core.cpp:118->ekf_core.cpp:169]   --->   Operation 212 'fadd' 'P_497_2' <Predicate = true> <Delay = 6.43> <CoreInst = "FAddSub_fulldsp">   --->   Core 18 'FAddSub_fulldsp' <Latency = 3> <II = 1> <Delay = 6.43> <FuncUnit> <Opcode : 'fadd' 'fsub'> <InPorts = 2> <OutPorts = 1>
ST_9 : Operation 213 [3/4] (6.43ns)   --->   "%P_497_3 = fadd i32 %tmp_108_3, i32 %mul105_i_3" [ekf_core.cpp:118->ekf_core.cpp:169]   --->   Operation 213 'fadd' 'P_497_3' <Predicate = true> <Delay = 6.43> <CoreInst = "FAddSub_fulldsp">   --->   Core 18 'FAddSub_fulldsp' <Latency = 3> <II = 1> <Delay = 6.43> <FuncUnit> <Opcode : 'fadd' 'fsub'> <InPorts = 2> <OutPorts = 1>
ST_9 : Operation 214 [3/4] (6.43ns)   --->   "%P_497_4 = fadd i32 %tmp_108_4, i32 %mul105_i_4" [ekf_core.cpp:118->ekf_core.cpp:169]   --->   Operation 214 'fadd' 'P_497_4' <Predicate = true> <Delay = 6.43> <CoreInst = "FAddSub_fulldsp">   --->   Core 18 'FAddSub_fulldsp' <Latency = 3> <II = 1> <Delay = 6.43> <FuncUnit> <Opcode : 'fadd' 'fsub'> <InPorts = 2> <OutPorts = 1>
ST_9 : Operation 215 [3/4] (6.43ns)   --->   "%P_497_5 = fadd i32 %tmp_108_5, i32 %mul105_i_5" [ekf_core.cpp:118->ekf_core.cpp:169]   --->   Operation 215 'fadd' 'P_497_5' <Predicate = true> <Delay = 6.43> <CoreInst = "FAddSub_fulldsp">   --->   Core 18 'FAddSub_fulldsp' <Latency = 3> <II = 1> <Delay = 6.43> <FuncUnit> <Opcode : 'fadd' 'fsub'> <InPorts = 2> <OutPorts = 1>

State 10 <SV = 9> <Delay = 6.43>
ST_10 : Operation 216 [2/4] (6.43ns)   --->   "%P_s = fadd i32 %tmp_58, i32 %mul105_i" [ekf_core.cpp:118->ekf_core.cpp:169]   --->   Operation 216 'fadd' 'P_s' <Predicate = true> <Delay = 6.43> <CoreInst = "FAddSub_fulldsp">   --->   Core 18 'FAddSub_fulldsp' <Latency = 3> <II = 1> <Delay = 6.43> <FuncUnit> <Opcode : 'fadd' 'fsub'> <InPorts = 2> <OutPorts = 1>
ST_10 : Operation 217 [2/4] (6.43ns)   --->   "%P_497_1 = fadd i32 %tmp_108_1, i32 %mul105_i_1" [ekf_core.cpp:118->ekf_core.cpp:169]   --->   Operation 217 'fadd' 'P_497_1' <Predicate = true> <Delay = 6.43> <CoreInst = "FAddSub_fulldsp">   --->   Core 18 'FAddSub_fulldsp' <Latency = 3> <II = 1> <Delay = 6.43> <FuncUnit> <Opcode : 'fadd' 'fsub'> <InPorts = 2> <OutPorts = 1>
ST_10 : Operation 218 [2/4] (6.43ns)   --->   "%P_497_2 = fadd i32 %tmp_108_2, i32 %mul105_i_2" [ekf_core.cpp:118->ekf_core.cpp:169]   --->   Operation 218 'fadd' 'P_497_2' <Predicate = true> <Delay = 6.43> <CoreInst = "FAddSub_fulldsp">   --->   Core 18 'FAddSub_fulldsp' <Latency = 3> <II = 1> <Delay = 6.43> <FuncUnit> <Opcode : 'fadd' 'fsub'> <InPorts = 2> <OutPorts = 1>
ST_10 : Operation 219 [2/4] (6.43ns)   --->   "%P_497_3 = fadd i32 %tmp_108_3, i32 %mul105_i_3" [ekf_core.cpp:118->ekf_core.cpp:169]   --->   Operation 219 'fadd' 'P_497_3' <Predicate = true> <Delay = 6.43> <CoreInst = "FAddSub_fulldsp">   --->   Core 18 'FAddSub_fulldsp' <Latency = 3> <II = 1> <Delay = 6.43> <FuncUnit> <Opcode : 'fadd' 'fsub'> <InPorts = 2> <OutPorts = 1>
ST_10 : Operation 220 [2/4] (6.43ns)   --->   "%P_497_4 = fadd i32 %tmp_108_4, i32 %mul105_i_4" [ekf_core.cpp:118->ekf_core.cpp:169]   --->   Operation 220 'fadd' 'P_497_4' <Predicate = true> <Delay = 6.43> <CoreInst = "FAddSub_fulldsp">   --->   Core 18 'FAddSub_fulldsp' <Latency = 3> <II = 1> <Delay = 6.43> <FuncUnit> <Opcode : 'fadd' 'fsub'> <InPorts = 2> <OutPorts = 1>
ST_10 : Operation 221 [2/4] (6.43ns)   --->   "%P_497_5 = fadd i32 %tmp_108_5, i32 %mul105_i_5" [ekf_core.cpp:118->ekf_core.cpp:169]   --->   Operation 221 'fadd' 'P_497_5' <Predicate = true> <Delay = 6.43> <CoreInst = "FAddSub_fulldsp">   --->   Core 18 'FAddSub_fulldsp' <Latency = 3> <II = 1> <Delay = 6.43> <FuncUnit> <Opcode : 'fadd' 'fsub'> <InPorts = 2> <OutPorts = 1>
ST_10 : Operation 272 [1/1] (0.00ns)   --->   "%P_load = load i32 %P"   --->   Operation 272 'load' 'P_load' <Predicate = (icmp_ln117)> <Delay = 0.00>
ST_10 : Operation 273 [1/1] (0.00ns)   --->   "%P_38_load = load i32 %P_38"   --->   Operation 273 'load' 'P_38_load' <Predicate = (icmp_ln117)> <Delay = 0.00>
ST_10 : Operation 274 [1/1] (0.00ns)   --->   "%P_39_load = load i32 %P_39"   --->   Operation 274 'load' 'P_39_load' <Predicate = (icmp_ln117)> <Delay = 0.00>
ST_10 : Operation 275 [1/1] (0.00ns)   --->   "%P_40_load = load i32 %P_40"   --->   Operation 275 'load' 'P_40_load' <Predicate = (icmp_ln117)> <Delay = 0.00>
ST_10 : Operation 276 [1/1] (0.00ns)   --->   "%P_41_load = load i32 %P_41"   --->   Operation 276 'load' 'P_41_load' <Predicate = (icmp_ln117)> <Delay = 0.00>
ST_10 : Operation 277 [1/1] (0.00ns)   --->   "%P_42_load = load i32 %P_42"   --->   Operation 277 'load' 'P_42_load' <Predicate = (icmp_ln117)> <Delay = 0.00>
ST_10 : Operation 278 [1/1] (0.00ns)   --->   "%P_43_load = load i32 %P_43"   --->   Operation 278 'load' 'P_43_load' <Predicate = (icmp_ln117)> <Delay = 0.00>
ST_10 : Operation 279 [1/1] (0.00ns)   --->   "%P_44_load = load i32 %P_44"   --->   Operation 279 'load' 'P_44_load' <Predicate = (icmp_ln117)> <Delay = 0.00>
ST_10 : Operation 280 [1/1] (0.00ns)   --->   "%P_45_load = load i32 %P_45"   --->   Operation 280 'load' 'P_45_load' <Predicate = (icmp_ln117)> <Delay = 0.00>
ST_10 : Operation 281 [1/1] (0.00ns)   --->   "%P_46_load = load i32 %P_46"   --->   Operation 281 'load' 'P_46_load' <Predicate = (icmp_ln117)> <Delay = 0.00>
ST_10 : Operation 282 [1/1] (0.00ns)   --->   "%P_47_load = load i32 %P_47"   --->   Operation 282 'load' 'P_47_load' <Predicate = (icmp_ln117)> <Delay = 0.00>
ST_10 : Operation 283 [1/1] (0.00ns)   --->   "%P_48_load = load i32 %P_48"   --->   Operation 283 'load' 'P_48_load' <Predicate = (icmp_ln117)> <Delay = 0.00>
ST_10 : Operation 284 [1/1] (0.00ns)   --->   "%P_49_load = load i32 %P_49"   --->   Operation 284 'load' 'P_49_load' <Predicate = (icmp_ln117)> <Delay = 0.00>
ST_10 : Operation 285 [1/1] (0.00ns)   --->   "%P_50_load = load i32 %P_50"   --->   Operation 285 'load' 'P_50_load' <Predicate = (icmp_ln117)> <Delay = 0.00>
ST_10 : Operation 286 [1/1] (0.00ns)   --->   "%P_51_load = load i32 %P_51"   --->   Operation 286 'load' 'P_51_load' <Predicate = (icmp_ln117)> <Delay = 0.00>
ST_10 : Operation 287 [1/1] (0.00ns)   --->   "%P_52_load = load i32 %P_52"   --->   Operation 287 'load' 'P_52_load' <Predicate = (icmp_ln117)> <Delay = 0.00>
ST_10 : Operation 288 [1/1] (0.00ns)   --->   "%P_53_load = load i32 %P_53"   --->   Operation 288 'load' 'P_53_load' <Predicate = (icmp_ln117)> <Delay = 0.00>
ST_10 : Operation 289 [1/1] (0.00ns)   --->   "%P_54_load = load i32 %P_54"   --->   Operation 289 'load' 'P_54_load' <Predicate = (icmp_ln117)> <Delay = 0.00>
ST_10 : Operation 290 [1/1] (0.00ns)   --->   "%P_55_load = load i32 %P_55"   --->   Operation 290 'load' 'P_55_load' <Predicate = (icmp_ln117)> <Delay = 0.00>
ST_10 : Operation 291 [1/1] (0.00ns)   --->   "%P_56_load = load i32 %P_56"   --->   Operation 291 'load' 'P_56_load' <Predicate = (icmp_ln117)> <Delay = 0.00>
ST_10 : Operation 292 [1/1] (0.00ns)   --->   "%P_57_load = load i32 %P_57"   --->   Operation 292 'load' 'P_57_load' <Predicate = (icmp_ln117)> <Delay = 0.00>
ST_10 : Operation 293 [1/1] (0.00ns)   --->   "%P_58_load = load i32 %P_58"   --->   Operation 293 'load' 'P_58_load' <Predicate = (icmp_ln117)> <Delay = 0.00>
ST_10 : Operation 294 [1/1] (0.00ns)   --->   "%P_59_load = load i32 %P_59"   --->   Operation 294 'load' 'P_59_load' <Predicate = (icmp_ln117)> <Delay = 0.00>
ST_10 : Operation 295 [1/1] (0.00ns)   --->   "%P_60_load = load i32 %P_60"   --->   Operation 295 'load' 'P_60_load' <Predicate = (icmp_ln117)> <Delay = 0.00>
ST_10 : Operation 296 [1/1] (0.00ns)   --->   "%P_61_load = load i32 %P_61"   --->   Operation 296 'load' 'P_61_load' <Predicate = (icmp_ln117)> <Delay = 0.00>
ST_10 : Operation 297 [1/1] (0.00ns)   --->   "%P_62_load = load i32 %P_62"   --->   Operation 297 'load' 'P_62_load' <Predicate = (icmp_ln117)> <Delay = 0.00>
ST_10 : Operation 298 [1/1] (0.00ns)   --->   "%P_63_load = load i32 %P_63"   --->   Operation 298 'load' 'P_63_load' <Predicate = (icmp_ln117)> <Delay = 0.00>
ST_10 : Operation 299 [1/1] (0.00ns)   --->   "%P_64_load = load i32 %P_64"   --->   Operation 299 'load' 'P_64_load' <Predicate = (icmp_ln117)> <Delay = 0.00>
ST_10 : Operation 300 [1/1] (0.00ns)   --->   "%P_65_load = load i32 %P_65"   --->   Operation 300 'load' 'P_65_load' <Predicate = (icmp_ln117)> <Delay = 0.00>
ST_10 : Operation 301 [1/1] (0.00ns)   --->   "%P_66_load = load i32 %P_66"   --->   Operation 301 'load' 'P_66_load' <Predicate = (icmp_ln117)> <Delay = 0.00>
ST_10 : Operation 302 [1/1] (0.00ns)   --->   "%P_67_load = load i32 %P_67"   --->   Operation 302 'load' 'P_67_load' <Predicate = (icmp_ln117)> <Delay = 0.00>
ST_10 : Operation 303 [1/1] (0.00ns)   --->   "%P_68_load = load i32 %P_68"   --->   Operation 303 'load' 'P_68_load' <Predicate = (icmp_ln117)> <Delay = 0.00>
ST_10 : Operation 304 [1/1] (0.00ns)   --->   "%P_69_load = load i32 %P_69"   --->   Operation 304 'load' 'P_69_load' <Predicate = (icmp_ln117)> <Delay = 0.00>
ST_10 : Operation 305 [1/1] (0.00ns)   --->   "%P_70_load = load i32 %P_70"   --->   Operation 305 'load' 'P_70_load' <Predicate = (icmp_ln117)> <Delay = 0.00>
ST_10 : Operation 306 [1/1] (0.00ns)   --->   "%P_71_load = load i32 %P_71"   --->   Operation 306 'load' 'P_71_load' <Predicate = (icmp_ln117)> <Delay = 0.00>
ST_10 : Operation 307 [1/1] (0.00ns)   --->   "%P_72_load = load i32 %P_72"   --->   Operation 307 'load' 'P_72_load' <Predicate = (icmp_ln117)> <Delay = 0.00>
ST_10 : Operation 308 [1/1] (0.00ns)   --->   "%write_ln0 = write void @_ssdm_op_Write.ap_auto.floatP0A, i32 %P_318_out, i32 %P_72_load"   --->   Operation 308 'write' 'write_ln0' <Predicate = (icmp_ln117)> <Delay = 0.00>
ST_10 : Operation 309 [1/1] (0.00ns)   --->   "%write_ln0 = write void @_ssdm_op_Write.ap_auto.floatP0A, i32 %P_317_out, i32 %P_71_load"   --->   Operation 309 'write' 'write_ln0' <Predicate = (icmp_ln117)> <Delay = 0.00>
ST_10 : Operation 310 [1/1] (0.00ns)   --->   "%write_ln0 = write void @_ssdm_op_Write.ap_auto.floatP0A, i32 %P_316_out, i32 %P_70_load"   --->   Operation 310 'write' 'write_ln0' <Predicate = (icmp_ln117)> <Delay = 0.00>
ST_10 : Operation 311 [1/1] (0.00ns)   --->   "%write_ln0 = write void @_ssdm_op_Write.ap_auto.floatP0A, i32 %P_315_out, i32 %P_69_load"   --->   Operation 311 'write' 'write_ln0' <Predicate = (icmp_ln117)> <Delay = 0.00>
ST_10 : Operation 312 [1/1] (0.00ns)   --->   "%write_ln0 = write void @_ssdm_op_Write.ap_auto.floatP0A, i32 %P_314_out, i32 %P_68_load"   --->   Operation 312 'write' 'write_ln0' <Predicate = (icmp_ln117)> <Delay = 0.00>
ST_10 : Operation 313 [1/1] (0.00ns)   --->   "%write_ln0 = write void @_ssdm_op_Write.ap_auto.floatP0A, i32 %P_313_out, i32 %P_67_load"   --->   Operation 313 'write' 'write_ln0' <Predicate = (icmp_ln117)> <Delay = 0.00>
ST_10 : Operation 314 [1/1] (0.00ns)   --->   "%write_ln0 = write void @_ssdm_op_Write.ap_auto.floatP0A, i32 %P_312_out, i32 %P_66_load"   --->   Operation 314 'write' 'write_ln0' <Predicate = (icmp_ln117)> <Delay = 0.00>
ST_10 : Operation 315 [1/1] (0.00ns)   --->   "%write_ln0 = write void @_ssdm_op_Write.ap_auto.floatP0A, i32 %P_311_out, i32 %P_65_load"   --->   Operation 315 'write' 'write_ln0' <Predicate = (icmp_ln117)> <Delay = 0.00>
ST_10 : Operation 316 [1/1] (0.00ns)   --->   "%write_ln0 = write void @_ssdm_op_Write.ap_auto.floatP0A, i32 %P_310_out, i32 %P_64_load"   --->   Operation 316 'write' 'write_ln0' <Predicate = (icmp_ln117)> <Delay = 0.00>
ST_10 : Operation 317 [1/1] (0.00ns)   --->   "%write_ln0 = write void @_ssdm_op_Write.ap_auto.floatP0A, i32 %P_309_out, i32 %P_63_load"   --->   Operation 317 'write' 'write_ln0' <Predicate = (icmp_ln117)> <Delay = 0.00>
ST_10 : Operation 318 [1/1] (0.00ns)   --->   "%write_ln0 = write void @_ssdm_op_Write.ap_auto.floatP0A, i32 %P_308_out, i32 %P_62_load"   --->   Operation 318 'write' 'write_ln0' <Predicate = (icmp_ln117)> <Delay = 0.00>
ST_10 : Operation 319 [1/1] (0.00ns)   --->   "%write_ln0 = write void @_ssdm_op_Write.ap_auto.floatP0A, i32 %P_307_out, i32 %P_61_load"   --->   Operation 319 'write' 'write_ln0' <Predicate = (icmp_ln117)> <Delay = 0.00>
ST_10 : Operation 320 [1/1] (0.00ns)   --->   "%write_ln0 = write void @_ssdm_op_Write.ap_auto.floatP0A, i32 %P_306_out, i32 %P_60_load"   --->   Operation 320 'write' 'write_ln0' <Predicate = (icmp_ln117)> <Delay = 0.00>
ST_10 : Operation 321 [1/1] (0.00ns)   --->   "%write_ln0 = write void @_ssdm_op_Write.ap_auto.floatP0A, i32 %P_305_out, i32 %P_59_load"   --->   Operation 321 'write' 'write_ln0' <Predicate = (icmp_ln117)> <Delay = 0.00>
ST_10 : Operation 322 [1/1] (0.00ns)   --->   "%write_ln0 = write void @_ssdm_op_Write.ap_auto.floatP0A, i32 %P_304_out, i32 %P_58_load"   --->   Operation 322 'write' 'write_ln0' <Predicate = (icmp_ln117)> <Delay = 0.00>
ST_10 : Operation 323 [1/1] (0.00ns)   --->   "%write_ln0 = write void @_ssdm_op_Write.ap_auto.floatP0A, i32 %P_303_out, i32 %P_57_load"   --->   Operation 323 'write' 'write_ln0' <Predicate = (icmp_ln117)> <Delay = 0.00>
ST_10 : Operation 324 [1/1] (0.00ns)   --->   "%write_ln0 = write void @_ssdm_op_Write.ap_auto.floatP0A, i32 %P_302_out, i32 %P_56_load"   --->   Operation 324 'write' 'write_ln0' <Predicate = (icmp_ln117)> <Delay = 0.00>
ST_10 : Operation 325 [1/1] (0.00ns)   --->   "%write_ln0 = write void @_ssdm_op_Write.ap_auto.floatP0A, i32 %P_301_out, i32 %P_55_load"   --->   Operation 325 'write' 'write_ln0' <Predicate = (icmp_ln117)> <Delay = 0.00>
ST_10 : Operation 326 [1/1] (0.00ns)   --->   "%write_ln0 = write void @_ssdm_op_Write.ap_auto.floatP0A, i32 %P_300_out, i32 %P_54_load"   --->   Operation 326 'write' 'write_ln0' <Predicate = (icmp_ln117)> <Delay = 0.00>
ST_10 : Operation 327 [1/1] (0.00ns)   --->   "%write_ln0 = write void @_ssdm_op_Write.ap_auto.floatP0A, i32 %P_299_out, i32 %P_53_load"   --->   Operation 327 'write' 'write_ln0' <Predicate = (icmp_ln117)> <Delay = 0.00>
ST_10 : Operation 328 [1/1] (0.00ns)   --->   "%write_ln0 = write void @_ssdm_op_Write.ap_auto.floatP0A, i32 %P_298_out, i32 %P_52_load"   --->   Operation 328 'write' 'write_ln0' <Predicate = (icmp_ln117)> <Delay = 0.00>
ST_10 : Operation 329 [1/1] (0.00ns)   --->   "%write_ln0 = write void @_ssdm_op_Write.ap_auto.floatP0A, i32 %P_297_out, i32 %P_51_load"   --->   Operation 329 'write' 'write_ln0' <Predicate = (icmp_ln117)> <Delay = 0.00>
ST_10 : Operation 330 [1/1] (0.00ns)   --->   "%write_ln0 = write void @_ssdm_op_Write.ap_auto.floatP0A, i32 %P_296_out, i32 %P_50_load"   --->   Operation 330 'write' 'write_ln0' <Predicate = (icmp_ln117)> <Delay = 0.00>
ST_10 : Operation 331 [1/1] (0.00ns)   --->   "%write_ln0 = write void @_ssdm_op_Write.ap_auto.floatP0A, i32 %P_295_out, i32 %P_49_load"   --->   Operation 331 'write' 'write_ln0' <Predicate = (icmp_ln117)> <Delay = 0.00>
ST_10 : Operation 332 [1/1] (0.00ns)   --->   "%write_ln0 = write void @_ssdm_op_Write.ap_auto.floatP0A, i32 %P_294_out, i32 %P_48_load"   --->   Operation 332 'write' 'write_ln0' <Predicate = (icmp_ln117)> <Delay = 0.00>
ST_10 : Operation 333 [1/1] (0.00ns)   --->   "%write_ln0 = write void @_ssdm_op_Write.ap_auto.floatP0A, i32 %P_293_out, i32 %P_47_load"   --->   Operation 333 'write' 'write_ln0' <Predicate = (icmp_ln117)> <Delay = 0.00>
ST_10 : Operation 334 [1/1] (0.00ns)   --->   "%write_ln0 = write void @_ssdm_op_Write.ap_auto.floatP0A, i32 %P_292_out, i32 %P_46_load"   --->   Operation 334 'write' 'write_ln0' <Predicate = (icmp_ln117)> <Delay = 0.00>
ST_10 : Operation 335 [1/1] (0.00ns)   --->   "%write_ln0 = write void @_ssdm_op_Write.ap_auto.floatP0A, i32 %P_291_out, i32 %P_45_load"   --->   Operation 335 'write' 'write_ln0' <Predicate = (icmp_ln117)> <Delay = 0.00>
ST_10 : Operation 336 [1/1] (0.00ns)   --->   "%write_ln0 = write void @_ssdm_op_Write.ap_auto.floatP0A, i32 %P_290_out, i32 %P_44_load"   --->   Operation 336 'write' 'write_ln0' <Predicate = (icmp_ln117)> <Delay = 0.00>
ST_10 : Operation 337 [1/1] (0.00ns)   --->   "%write_ln0 = write void @_ssdm_op_Write.ap_auto.floatP0A, i32 %P_289_out, i32 %P_43_load"   --->   Operation 337 'write' 'write_ln0' <Predicate = (icmp_ln117)> <Delay = 0.00>
ST_10 : Operation 338 [1/1] (0.00ns)   --->   "%write_ln0 = write void @_ssdm_op_Write.ap_auto.floatP0A, i32 %P_288_out, i32 %P_42_load"   --->   Operation 338 'write' 'write_ln0' <Predicate = (icmp_ln117)> <Delay = 0.00>
ST_10 : Operation 339 [1/1] (0.00ns)   --->   "%write_ln0 = write void @_ssdm_op_Write.ap_auto.floatP0A, i32 %P_287_out, i32 %P_41_load"   --->   Operation 339 'write' 'write_ln0' <Predicate = (icmp_ln117)> <Delay = 0.00>
ST_10 : Operation 340 [1/1] (0.00ns)   --->   "%write_ln0 = write void @_ssdm_op_Write.ap_auto.floatP0A, i32 %P_286_out, i32 %P_40_load"   --->   Operation 340 'write' 'write_ln0' <Predicate = (icmp_ln117)> <Delay = 0.00>
ST_10 : Operation 341 [1/1] (0.00ns)   --->   "%write_ln0 = write void @_ssdm_op_Write.ap_auto.floatP0A, i32 %P_285_out, i32 %P_39_load"   --->   Operation 341 'write' 'write_ln0' <Predicate = (icmp_ln117)> <Delay = 0.00>
ST_10 : Operation 342 [1/1] (0.00ns)   --->   "%write_ln0 = write void @_ssdm_op_Write.ap_auto.floatP0A, i32 %P_284_out, i32 %P_38_load"   --->   Operation 342 'write' 'write_ln0' <Predicate = (icmp_ln117)> <Delay = 0.00>
ST_10 : Operation 343 [1/1] (0.00ns)   --->   "%write_ln0 = write void @_ssdm_op_Write.ap_auto.floatP0A, i32 %P_283_out, i32 %P_load"   --->   Operation 343 'write' 'write_ln0' <Predicate = (icmp_ln117)> <Delay = 0.00>
ST_10 : Operation 344 [1/1] (0.00ns)   --->   "%ret_ln0 = ret"   --->   Operation 344 'ret' 'ret_ln0' <Predicate = (icmp_ln117)> <Delay = 0.00>

State 11 <SV = 10> <Delay = 6.86>
ST_11 : Operation 222 [1/1] (0.00ns)   --->   "%speclooptripcount_ln154 = speclooptripcount void @_ssdm_op_SpecLoopTripCount, i64 6, i64 6, i64 6" [ekf_core.cpp:154]   --->   Operation 222 'speclooptripcount' 'speclooptripcount_ln154' <Predicate = true> <Delay = 0.00>
ST_11 : Operation 223 [1/1] (0.00ns)   --->   "%specloopname_ln117 = specloopname void @_ssdm_op_SpecLoopName, void @empty_21" [ekf_core.cpp:117->ekf_core.cpp:169]   --->   Operation 223 'specloopname' 'specloopname_ln117' <Predicate = true> <Delay = 0.00>
ST_11 : Operation 224 [1/4] (6.43ns)   --->   "%P_s = fadd i32 %tmp_58, i32 %mul105_i" [ekf_core.cpp:118->ekf_core.cpp:169]   --->   Operation 224 'fadd' 'P_s' <Predicate = true> <Delay = 6.43> <CoreInst = "FAddSub_fulldsp">   --->   Core 18 'FAddSub_fulldsp' <Latency = 3> <II = 1> <Delay = 6.43> <FuncUnit> <Opcode : 'fadd' 'fsub'> <InPorts = 2> <OutPorts = 1>
ST_11 : Operation 225 [1/4] (6.43ns)   --->   "%P_497_1 = fadd i32 %tmp_108_1, i32 %mul105_i_1" [ekf_core.cpp:118->ekf_core.cpp:169]   --->   Operation 225 'fadd' 'P_497_1' <Predicate = true> <Delay = 6.43> <CoreInst = "FAddSub_fulldsp">   --->   Core 18 'FAddSub_fulldsp' <Latency = 3> <II = 1> <Delay = 6.43> <FuncUnit> <Opcode : 'fadd' 'fsub'> <InPorts = 2> <OutPorts = 1>
ST_11 : Operation 226 [1/4] (6.43ns)   --->   "%P_497_2 = fadd i32 %tmp_108_2, i32 %mul105_i_2" [ekf_core.cpp:118->ekf_core.cpp:169]   --->   Operation 226 'fadd' 'P_497_2' <Predicate = true> <Delay = 6.43> <CoreInst = "FAddSub_fulldsp">   --->   Core 18 'FAddSub_fulldsp' <Latency = 3> <II = 1> <Delay = 6.43> <FuncUnit> <Opcode : 'fadd' 'fsub'> <InPorts = 2> <OutPorts = 1>
ST_11 : Operation 227 [1/4] (6.43ns)   --->   "%P_497_3 = fadd i32 %tmp_108_3, i32 %mul105_i_3" [ekf_core.cpp:118->ekf_core.cpp:169]   --->   Operation 227 'fadd' 'P_497_3' <Predicate = true> <Delay = 6.43> <CoreInst = "FAddSub_fulldsp">   --->   Core 18 'FAddSub_fulldsp' <Latency = 3> <II = 1> <Delay = 6.43> <FuncUnit> <Opcode : 'fadd' 'fsub'> <InPorts = 2> <OutPorts = 1>
ST_11 : Operation 228 [1/4] (6.43ns)   --->   "%P_497_4 = fadd i32 %tmp_108_4, i32 %mul105_i_4" [ekf_core.cpp:118->ekf_core.cpp:169]   --->   Operation 228 'fadd' 'P_497_4' <Predicate = true> <Delay = 6.43> <CoreInst = "FAddSub_fulldsp">   --->   Core 18 'FAddSub_fulldsp' <Latency = 3> <II = 1> <Delay = 6.43> <FuncUnit> <Opcode : 'fadd' 'fsub'> <InPorts = 2> <OutPorts = 1>
ST_11 : Operation 229 [1/4] (6.43ns)   --->   "%P_497_5 = fadd i32 %tmp_108_5, i32 %mul105_i_5" [ekf_core.cpp:118->ekf_core.cpp:169]   --->   Operation 229 'fadd' 'P_497_5' <Predicate = true> <Delay = 6.43> <CoreInst = "FAddSub_fulldsp">   --->   Core 18 'FAddSub_fulldsp' <Latency = 3> <II = 1> <Delay = 6.43> <FuncUnit> <Opcode : 'fadd' 'fsub'> <InPorts = 2> <OutPorts = 1>
ST_11 : Operation 230 [1/1] (0.42ns)   --->   "%store_ln118 = store i32 %P_s, i32 %P_48" [ekf_core.cpp:118->ekf_core.cpp:169]   --->   Operation 230 'store' 'store_ln118' <Predicate = (i_12 == 4)> <Delay = 0.42>
ST_11 : Operation 231 [1/1] (0.42ns)   --->   "%store_ln118 = store i32 %P_497_1, i32 %P_47" [ekf_core.cpp:118->ekf_core.cpp:169]   --->   Operation 231 'store' 'store_ln118' <Predicate = (i_12 == 4)> <Delay = 0.42>
ST_11 : Operation 232 [1/1] (0.42ns)   --->   "%store_ln118 = store i32 %P_497_2, i32 %P_46" [ekf_core.cpp:118->ekf_core.cpp:169]   --->   Operation 232 'store' 'store_ln118' <Predicate = (i_12 == 4)> <Delay = 0.42>
ST_11 : Operation 233 [1/1] (0.42ns)   --->   "%store_ln118 = store i32 %P_497_3, i32 %P_45" [ekf_core.cpp:118->ekf_core.cpp:169]   --->   Operation 233 'store' 'store_ln118' <Predicate = (i_12 == 4)> <Delay = 0.42>
ST_11 : Operation 234 [1/1] (0.42ns)   --->   "%store_ln118 = store i32 %P_497_4, i32 %P_44" [ekf_core.cpp:118->ekf_core.cpp:169]   --->   Operation 234 'store' 'store_ln118' <Predicate = (i_12 == 4)> <Delay = 0.42>
ST_11 : Operation 235 [1/1] (0.42ns)   --->   "%store_ln118 = store i32 %P_497_5, i32 %P_43" [ekf_core.cpp:118->ekf_core.cpp:169]   --->   Operation 235 'store' 'store_ln118' <Predicate = (i_12 == 4)> <Delay = 0.42>
ST_11 : Operation 236 [1/1] (0.00ns)   --->   "%br_ln0 = br void %for.cond.cleanup94.i"   --->   Operation 236 'br' 'br_ln0' <Predicate = (i_12 == 4)> <Delay = 0.00>
ST_11 : Operation 237 [1/1] (0.42ns)   --->   "%store_ln118 = store i32 %P_s, i32 %P_54" [ekf_core.cpp:118->ekf_core.cpp:169]   --->   Operation 237 'store' 'store_ln118' <Predicate = (i_12 == 3)> <Delay = 0.42>
ST_11 : Operation 238 [1/1] (0.42ns)   --->   "%store_ln118 = store i32 %P_497_1, i32 %P_53" [ekf_core.cpp:118->ekf_core.cpp:169]   --->   Operation 238 'store' 'store_ln118' <Predicate = (i_12 == 3)> <Delay = 0.42>
ST_11 : Operation 239 [1/1] (0.42ns)   --->   "%store_ln118 = store i32 %P_497_2, i32 %P_52" [ekf_core.cpp:118->ekf_core.cpp:169]   --->   Operation 239 'store' 'store_ln118' <Predicate = (i_12 == 3)> <Delay = 0.42>
ST_11 : Operation 240 [1/1] (0.42ns)   --->   "%store_ln118 = store i32 %P_497_3, i32 %P_51" [ekf_core.cpp:118->ekf_core.cpp:169]   --->   Operation 240 'store' 'store_ln118' <Predicate = (i_12 == 3)> <Delay = 0.42>
ST_11 : Operation 241 [1/1] (0.42ns)   --->   "%store_ln118 = store i32 %P_497_4, i32 %P_50" [ekf_core.cpp:118->ekf_core.cpp:169]   --->   Operation 241 'store' 'store_ln118' <Predicate = (i_12 == 3)> <Delay = 0.42>
ST_11 : Operation 242 [1/1] (0.42ns)   --->   "%store_ln118 = store i32 %P_497_5, i32 %P_49" [ekf_core.cpp:118->ekf_core.cpp:169]   --->   Operation 242 'store' 'store_ln118' <Predicate = (i_12 == 3)> <Delay = 0.42>
ST_11 : Operation 243 [1/1] (0.00ns)   --->   "%br_ln0 = br void %for.cond.cleanup94.i"   --->   Operation 243 'br' 'br_ln0' <Predicate = (i_12 == 3)> <Delay = 0.00>
ST_11 : Operation 244 [1/1] (0.42ns)   --->   "%store_ln118 = store i32 %P_s, i32 %P_67" [ekf_core.cpp:118->ekf_core.cpp:169]   --->   Operation 244 'store' 'store_ln118' <Predicate = (i_12 == 2)> <Delay = 0.42>
ST_11 : Operation 245 [1/1] (0.42ns)   --->   "%store_ln118 = store i32 %P_497_1, i32 %P_68" [ekf_core.cpp:118->ekf_core.cpp:169]   --->   Operation 245 'store' 'store_ln118' <Predicate = (i_12 == 2)> <Delay = 0.42>
ST_11 : Operation 246 [1/1] (0.42ns)   --->   "%store_ln118 = store i32 %P_497_2, i32 %P_69" [ekf_core.cpp:118->ekf_core.cpp:169]   --->   Operation 246 'store' 'store_ln118' <Predicate = (i_12 == 2)> <Delay = 0.42>
ST_11 : Operation 247 [1/1] (0.42ns)   --->   "%store_ln118 = store i32 %P_497_3, i32 %P_70" [ekf_core.cpp:118->ekf_core.cpp:169]   --->   Operation 247 'store' 'store_ln118' <Predicate = (i_12 == 2)> <Delay = 0.42>
ST_11 : Operation 248 [1/1] (0.42ns)   --->   "%store_ln118 = store i32 %P_497_4, i32 %P_71" [ekf_core.cpp:118->ekf_core.cpp:169]   --->   Operation 248 'store' 'store_ln118' <Predicate = (i_12 == 2)> <Delay = 0.42>
ST_11 : Operation 249 [1/1] (0.42ns)   --->   "%store_ln118 = store i32 %P_497_5, i32 %P_72" [ekf_core.cpp:118->ekf_core.cpp:169]   --->   Operation 249 'store' 'store_ln118' <Predicate = (i_12 == 2)> <Delay = 0.42>
ST_11 : Operation 250 [1/1] (0.00ns)   --->   "%br_ln0 = br void %for.cond.cleanup94.i"   --->   Operation 250 'br' 'br_ln0' <Predicate = (i_12 == 2)> <Delay = 0.00>
ST_11 : Operation 251 [1/1] (0.42ns)   --->   "%store_ln118 = store i32 %P_s, i32 %P_61" [ekf_core.cpp:118->ekf_core.cpp:169]   --->   Operation 251 'store' 'store_ln118' <Predicate = (i_12 == 1)> <Delay = 0.42>
ST_11 : Operation 252 [1/1] (0.42ns)   --->   "%store_ln118 = store i32 %P_497_1, i32 %P_62" [ekf_core.cpp:118->ekf_core.cpp:169]   --->   Operation 252 'store' 'store_ln118' <Predicate = (i_12 == 1)> <Delay = 0.42>
ST_11 : Operation 253 [1/1] (0.42ns)   --->   "%store_ln118 = store i32 %P_497_2, i32 %P_63" [ekf_core.cpp:118->ekf_core.cpp:169]   --->   Operation 253 'store' 'store_ln118' <Predicate = (i_12 == 1)> <Delay = 0.42>
ST_11 : Operation 254 [1/1] (0.42ns)   --->   "%store_ln118 = store i32 %P_497_3, i32 %P_64" [ekf_core.cpp:118->ekf_core.cpp:169]   --->   Operation 254 'store' 'store_ln118' <Predicate = (i_12 == 1)> <Delay = 0.42>
ST_11 : Operation 255 [1/1] (0.42ns)   --->   "%store_ln118 = store i32 %P_497_4, i32 %P_65" [ekf_core.cpp:118->ekf_core.cpp:169]   --->   Operation 255 'store' 'store_ln118' <Predicate = (i_12 == 1)> <Delay = 0.42>
ST_11 : Operation 256 [1/1] (0.42ns)   --->   "%store_ln118 = store i32 %P_497_5, i32 %P_66" [ekf_core.cpp:118->ekf_core.cpp:169]   --->   Operation 256 'store' 'store_ln118' <Predicate = (i_12 == 1)> <Delay = 0.42>
ST_11 : Operation 257 [1/1] (0.00ns)   --->   "%br_ln0 = br void %for.cond.cleanup94.i"   --->   Operation 257 'br' 'br_ln0' <Predicate = (i_12 == 1)> <Delay = 0.00>
ST_11 : Operation 258 [1/1] (0.42ns)   --->   "%store_ln118 = store i32 %P_s, i32 %P_55" [ekf_core.cpp:118->ekf_core.cpp:169]   --->   Operation 258 'store' 'store_ln118' <Predicate = (i_12 == 0)> <Delay = 0.42>
ST_11 : Operation 259 [1/1] (0.42ns)   --->   "%store_ln118 = store i32 %P_497_1, i32 %P_56" [ekf_core.cpp:118->ekf_core.cpp:169]   --->   Operation 259 'store' 'store_ln118' <Predicate = (i_12 == 0)> <Delay = 0.42>
ST_11 : Operation 260 [1/1] (0.42ns)   --->   "%store_ln118 = store i32 %P_497_2, i32 %P_57" [ekf_core.cpp:118->ekf_core.cpp:169]   --->   Operation 260 'store' 'store_ln118' <Predicate = (i_12 == 0)> <Delay = 0.42>
ST_11 : Operation 261 [1/1] (0.42ns)   --->   "%store_ln118 = store i32 %P_497_3, i32 %P_58" [ekf_core.cpp:118->ekf_core.cpp:169]   --->   Operation 261 'store' 'store_ln118' <Predicate = (i_12 == 0)> <Delay = 0.42>
ST_11 : Operation 262 [1/1] (0.42ns)   --->   "%store_ln118 = store i32 %P_497_4, i32 %P_59" [ekf_core.cpp:118->ekf_core.cpp:169]   --->   Operation 262 'store' 'store_ln118' <Predicate = (i_12 == 0)> <Delay = 0.42>
ST_11 : Operation 263 [1/1] (0.42ns)   --->   "%store_ln118 = store i32 %P_497_5, i32 %P_60" [ekf_core.cpp:118->ekf_core.cpp:169]   --->   Operation 263 'store' 'store_ln118' <Predicate = (i_12 == 0)> <Delay = 0.42>
ST_11 : Operation 264 [1/1] (0.00ns)   --->   "%br_ln0 = br void %for.cond.cleanup94.i"   --->   Operation 264 'br' 'br_ln0' <Predicate = (i_12 == 0)> <Delay = 0.00>
ST_11 : Operation 265 [1/1] (0.42ns)   --->   "%store_ln118 = store i32 %P_s, i32 %P_42" [ekf_core.cpp:118->ekf_core.cpp:169]   --->   Operation 265 'store' 'store_ln118' <Predicate = (i_12 == 7) | (i_12 == 6) | (i_12 == 5)> <Delay = 0.42>
ST_11 : Operation 266 [1/1] (0.42ns)   --->   "%store_ln118 = store i32 %P_497_1, i32 %P_41" [ekf_core.cpp:118->ekf_core.cpp:169]   --->   Operation 266 'store' 'store_ln118' <Predicate = (i_12 == 7) | (i_12 == 6) | (i_12 == 5)> <Delay = 0.42>
ST_11 : Operation 267 [1/1] (0.42ns)   --->   "%store_ln118 = store i32 %P_497_2, i32 %P_40" [ekf_core.cpp:118->ekf_core.cpp:169]   --->   Operation 267 'store' 'store_ln118' <Predicate = (i_12 == 7) | (i_12 == 6) | (i_12 == 5)> <Delay = 0.42>
ST_11 : Operation 268 [1/1] (0.42ns)   --->   "%store_ln118 = store i32 %P_497_3, i32 %P_39" [ekf_core.cpp:118->ekf_core.cpp:169]   --->   Operation 268 'store' 'store_ln118' <Predicate = (i_12 == 7) | (i_12 == 6) | (i_12 == 5)> <Delay = 0.42>
ST_11 : Operation 269 [1/1] (0.42ns)   --->   "%store_ln118 = store i32 %P_497_4, i32 %P_38" [ekf_core.cpp:118->ekf_core.cpp:169]   --->   Operation 269 'store' 'store_ln118' <Predicate = (i_12 == 7) | (i_12 == 6) | (i_12 == 5)> <Delay = 0.42>
ST_11 : Operation 270 [1/1] (0.42ns)   --->   "%store_ln118 = store i32 %P_497_5, i32 %P" [ekf_core.cpp:118->ekf_core.cpp:169]   --->   Operation 270 'store' 'store_ln118' <Predicate = (i_12 == 7) | (i_12 == 6) | (i_12 == 5)> <Delay = 0.42>
ST_11 : Operation 271 [1/1] (0.00ns)   --->   "%br_ln0 = br void %for.cond.cleanup94.i"   --->   Operation 271 'br' 'br_ln0' <Predicate = (i_12 == 7) | (i_12 == 6) | (i_12 == 5)> <Delay = 0.00>


============================================================
+ Verbose Summary: Binding
============================================================
STG Binding: 
---------------- STG Properties BEGIN ----------------
- Is combinational: 0
- Is one-state seq: 0
- Is datapath-only: 0
- Is pipelined: 0
- Is top level: 0
Port [ Return ] is wired: 1; IO mode=ap_ctrl_hs:ce=0
Port [ P_181]:  wired=1; compound=0; hidden=0; nouse=0; global=0; static=0; extern=0; dir=0; type=0; pingpong=0; private_global=0; IO mode=ap_none:ce=0
Port [ P_182]:  wired=1; compound=0; hidden=0; nouse=0; global=0; static=0; extern=0; dir=0; type=0; pingpong=0; private_global=0; IO mode=ap_none:ce=0
Port [ P_183]:  wired=1; compound=0; hidden=0; nouse=0; global=0; static=0; extern=0; dir=0; type=0; pingpong=0; private_global=0; IO mode=ap_none:ce=0
Port [ P_184]:  wired=1; compound=0; hidden=0; nouse=0; global=0; static=0; extern=0; dir=0; type=0; pingpong=0; private_global=0; IO mode=ap_none:ce=0
Port [ P_185]:  wired=1; compound=0; hidden=0; nouse=0; global=0; static=0; extern=0; dir=0; type=0; pingpong=0; private_global=0; IO mode=ap_none:ce=0
Port [ P_186]:  wired=1; compound=0; hidden=0; nouse=0; global=0; static=0; extern=0; dir=0; type=0; pingpong=0; private_global=0; IO mode=ap_none:ce=0
Port [ P_187]:  wired=1; compound=0; hidden=0; nouse=0; global=0; static=0; extern=0; dir=0; type=0; pingpong=0; private_global=0; IO mode=ap_none:ce=0
Port [ P_188]:  wired=1; compound=0; hidden=0; nouse=0; global=0; static=0; extern=0; dir=0; type=0; pingpong=0; private_global=0; IO mode=ap_none:ce=0
Port [ P_189]:  wired=1; compound=0; hidden=0; nouse=0; global=0; static=0; extern=0; dir=0; type=0; pingpong=0; private_global=0; IO mode=ap_none:ce=0
Port [ P_190]:  wired=1; compound=0; hidden=0; nouse=0; global=0; static=0; extern=0; dir=0; type=0; pingpong=0; private_global=0; IO mode=ap_none:ce=0
Port [ P_191]:  wired=1; compound=0; hidden=0; nouse=0; global=0; static=0; extern=0; dir=0; type=0; pingpong=0; private_global=0; IO mode=ap_none:ce=0
Port [ P_192]:  wired=1; compound=0; hidden=0; nouse=0; global=0; static=0; extern=0; dir=0; type=0; pingpong=0; private_global=0; IO mode=ap_none:ce=0
Port [ P_193]:  wired=1; compound=0; hidden=0; nouse=0; global=0; static=0; extern=0; dir=0; type=0; pingpong=0; private_global=0; IO mode=ap_none:ce=0
Port [ P_194]:  wired=1; compound=0; hidden=0; nouse=0; global=0; static=0; extern=0; dir=0; type=0; pingpong=0; private_global=0; IO mode=ap_none:ce=0
Port [ P_195]:  wired=1; compound=0; hidden=0; nouse=0; global=0; static=0; extern=0; dir=0; type=0; pingpong=0; private_global=0; IO mode=ap_none:ce=0
Port [ P_196]:  wired=1; compound=0; hidden=0; nouse=0; global=0; static=0; extern=0; dir=0; type=0; pingpong=0; private_global=0; IO mode=ap_none:ce=0
Port [ P_197]:  wired=1; compound=0; hidden=0; nouse=0; global=0; static=0; extern=0; dir=0; type=0; pingpong=0; private_global=0; IO mode=ap_none:ce=0
Port [ P_198]:  wired=1; compound=0; hidden=0; nouse=0; global=0; static=0; extern=0; dir=0; type=0; pingpong=0; private_global=0; IO mode=ap_none:ce=0
Port [ P_199]:  wired=1; compound=0; hidden=0; nouse=0; global=0; static=0; extern=0; dir=0; type=0; pingpong=0; private_global=0; IO mode=ap_none:ce=0
Port [ P_200]:  wired=1; compound=0; hidden=0; nouse=0; global=0; static=0; extern=0; dir=0; type=0; pingpong=0; private_global=0; IO mode=ap_none:ce=0
Port [ P_201]:  wired=1; compound=0; hidden=0; nouse=0; global=0; static=0; extern=0; dir=0; type=0; pingpong=0; private_global=0; IO mode=ap_none:ce=0
Port [ P_202]:  wired=1; compound=0; hidden=0; nouse=0; global=0; static=0; extern=0; dir=0; type=0; pingpong=0; private_global=0; IO mode=ap_none:ce=0
Port [ P_203]:  wired=1; compound=0; hidden=0; nouse=0; global=0; static=0; extern=0; dir=0; type=0; pingpong=0; private_global=0; IO mode=ap_none:ce=0
Port [ P_204]:  wired=1; compound=0; hidden=0; nouse=0; global=0; static=0; extern=0; dir=0; type=0; pingpong=0; private_global=0; IO mode=ap_none:ce=0
Port [ P_205]:  wired=1; compound=0; hidden=0; nouse=0; global=0; static=0; extern=0; dir=0; type=0; pingpong=0; private_global=0; IO mode=ap_none:ce=0
Port [ P_206]:  wired=1; compound=0; hidden=0; nouse=0; global=0; static=0; extern=0; dir=0; type=0; pingpong=0; private_global=0; IO mode=ap_none:ce=0
Port [ P_207]:  wired=1; compound=0; hidden=0; nouse=0; global=0; static=0; extern=0; dir=0; type=0; pingpong=0; private_global=0; IO mode=ap_none:ce=0
Port [ P_208]:  wired=1; compound=0; hidden=0; nouse=0; global=0; static=0; extern=0; dir=0; type=0; pingpong=0; private_global=0; IO mode=ap_none:ce=0
Port [ P_209]:  wired=1; compound=0; hidden=0; nouse=0; global=0; static=0; extern=0; dir=0; type=0; pingpong=0; private_global=0; IO mode=ap_none:ce=0
Port [ P_210]:  wired=1; compound=0; hidden=0; nouse=0; global=0; static=0; extern=0; dir=0; type=0; pingpong=0; private_global=0; IO mode=ap_none:ce=0
Port [ P_211]:  wired=1; compound=0; hidden=0; nouse=0; global=0; static=0; extern=0; dir=0; type=0; pingpong=0; private_global=0; IO mode=ap_none:ce=0
Port [ P_212]:  wired=1; compound=0; hidden=0; nouse=0; global=0; static=0; extern=0; dir=0; type=0; pingpong=0; private_global=0; IO mode=ap_none:ce=0
Port [ P_213]:  wired=1; compound=0; hidden=0; nouse=0; global=0; static=0; extern=0; dir=0; type=0; pingpong=0; private_global=0; IO mode=ap_none:ce=0
Port [ P_214]:  wired=1; compound=0; hidden=0; nouse=0; global=0; static=0; extern=0; dir=0; type=0; pingpong=0; private_global=0; IO mode=ap_none:ce=0
Port [ P_215]:  wired=1; compound=0; hidden=0; nouse=0; global=0; static=0; extern=0; dir=0; type=0; pingpong=0; private_global=0; IO mode=ap_none:ce=0
Port [ P_216]:  wired=1; compound=0; hidden=0; nouse=0; global=0; static=0; extern=0; dir=0; type=0; pingpong=0; private_global=0; IO mode=ap_none:ce=0
Port [ mux_case_521593212_reload]:  wired=1; compound=0; hidden=0; nouse=0; global=0; static=0; extern=0; dir=0; type=0; pingpong=0; private_global=0; IO mode=ap_none:ce=0
Port [ mux_case_521723249_reload]:  wired=1; compound=0; hidden=0; nouse=0; global=0; static=0; extern=0; dir=0; type=0; pingpong=0; private_global=0; IO mode=ap_none:ce=0
Port [ mux_case_521853285_reload]:  wired=1; compound=0; hidden=0; nouse=0; global=0; static=0; extern=0; dir=0; type=0; pingpong=0; private_global=0; IO mode=ap_none:ce=0
Port [ mux_case_521983321_reload]:  wired=1; compound=0; hidden=0; nouse=0; global=0; static=0; extern=0; dir=0; type=0; pingpong=0; private_global=0; IO mode=ap_none:ce=0
Port [ mux_case_522113357_reload]:  wired=1; compound=0; hidden=0; nouse=0; global=0; static=0; extern=0; dir=0; type=0; pingpong=0; private_global=0; IO mode=ap_none:ce=0
Port [ mux_case_522243393_reload]:  wired=1; compound=0; hidden=0; nouse=0; global=0; static=0; extern=0; dir=0; type=0; pingpong=0; private_global=0; IO mode=ap_none:ce=0
Port [ K_5_reload]:  wired=1; compound=0; hidden=0; nouse=0; global=0; static=0; extern=0; dir=0; type=0; pingpong=0; private_global=0; IO mode=ap_none:ce=0
Port [ mux_case_421573206_reload]:  wired=1; compound=0; hidden=0; nouse=0; global=0; static=0; extern=0; dir=0; type=0; pingpong=0; private_global=0; IO mode=ap_none:ce=0
Port [ mux_case_421703243_reload]:  wired=1; compound=0; hidden=0; nouse=0; global=0; static=0; extern=0; dir=0; type=0; pingpong=0; private_global=0; IO mode=ap_none:ce=0
Port [ mux_case_421833279_reload]:  wired=1; compound=0; hidden=0; nouse=0; global=0; static=0; extern=0; dir=0; type=0; pingpong=0; private_global=0; IO mode=ap_none:ce=0
Port [ mux_case_421963315_reload]:  wired=1; compound=0; hidden=0; nouse=0; global=0; static=0; extern=0; dir=0; type=0; pingpong=0; private_global=0; IO mode=ap_none:ce=0
Port [ mux_case_422093351_reload]:  wired=1; compound=0; hidden=0; nouse=0; global=0; static=0; extern=0; dir=0; type=0; pingpong=0; private_global=0; IO mode=ap_none:ce=0
Port [ mux_case_422223387_reload]:  wired=1; compound=0; hidden=0; nouse=0; global=0; static=0; extern=0; dir=0; type=0; pingpong=0; private_global=0; IO mode=ap_none:ce=0
Port [ K_4_reload]:  wired=1; compound=0; hidden=0; nouse=0; global=0; static=0; extern=0; dir=0; type=0; pingpong=0; private_global=0; IO mode=ap_none:ce=0
Port [ mux_case_321553200_reload]:  wired=1; compound=0; hidden=0; nouse=0; global=0; static=0; extern=0; dir=0; type=0; pingpong=0; private_global=0; IO mode=ap_none:ce=0
Port [ mux_case_321683237_reload]:  wired=1; compound=0; hidden=0; nouse=0; global=0; static=0; extern=0; dir=0; type=0; pingpong=0; private_global=0; IO mode=ap_none:ce=0
Port [ mux_case_321813273_reload]:  wired=1; compound=0; hidden=0; nouse=0; global=0; static=0; extern=0; dir=0; type=0; pingpong=0; private_global=0; IO mode=ap_none:ce=0
Port [ mux_case_321943309_reload]:  wired=1; compound=0; hidden=0; nouse=0; global=0; static=0; extern=0; dir=0; type=0; pingpong=0; private_global=0; IO mode=ap_none:ce=0
Port [ mux_case_322073345_reload]:  wired=1; compound=0; hidden=0; nouse=0; global=0; static=0; extern=0; dir=0; type=0; pingpong=0; private_global=0; IO mode=ap_none:ce=0
Port [ mux_case_322203381_reload]:  wired=1; compound=0; hidden=0; nouse=0; global=0; static=0; extern=0; dir=0; type=0; pingpong=0; private_global=0; IO mode=ap_none:ce=0
Port [ K_3_reload]:  wired=1; compound=0; hidden=0; nouse=0; global=0; static=0; extern=0; dir=0; type=0; pingpong=0; private_global=0; IO mode=ap_none:ce=0
Port [ mux_case_221533194_reload]:  wired=1; compound=0; hidden=0; nouse=0; global=0; static=0; extern=0; dir=0; type=0; pingpong=0; private_global=0; IO mode=ap_none:ce=0
Port [ mux_case_221663231_reload]:  wired=1; compound=0; hidden=0; nouse=0; global=0; static=0; extern=0; dir=0; type=0; pingpong=0; private_global=0; IO mode=ap_none:ce=0
Port [ mux_case_221793267_reload]:  wired=1; compound=0; hidden=0; nouse=0; global=0; static=0; extern=0; dir=0; type=0; pingpong=0; private_global=0; IO mode=ap_none:ce=0
Port [ mux_case_221923303_reload]:  wired=1; compound=0; hidden=0; nouse=0; global=0; static=0; extern=0; dir=0; type=0; pingpong=0; private_global=0; IO mode=ap_none:ce=0
Port [ mux_case_222053339_reload]:  wired=1; compound=0; hidden=0; nouse=0; global=0; static=0; extern=0; dir=0; type=0; pingpong=0; private_global=0; IO mode=ap_none:ce=0
Port [ mux_case_222183375_reload]:  wired=1; compound=0; hidden=0; nouse=0; global=0; static=0; extern=0; dir=0; type=0; pingpong=0; private_global=0; IO mode=ap_none:ce=0
Port [ K_2_reload]:  wired=1; compound=0; hidden=0; nouse=0; global=0; static=0; extern=0; dir=0; type=0; pingpong=0; private_global=0; IO mode=ap_none:ce=0
Port [ mux_case_121513188_reload]:  wired=1; compound=0; hidden=0; nouse=0; global=0; static=0; extern=0; dir=0; type=0; pingpong=0; private_global=0; IO mode=ap_none:ce=0
Port [ mux_case_121643225_reload]:  wired=1; compound=0; hidden=0; nouse=0; global=0; static=0; extern=0; dir=0; type=0; pingpong=0; private_global=0; IO mode=ap_none:ce=0
Port [ mux_case_121773261_reload]:  wired=1; compound=0; hidden=0; nouse=0; global=0; static=0; extern=0; dir=0; type=0; pingpong=0; private_global=0; IO mode=ap_none:ce=0
Port [ mux_case_121903297_reload]:  wired=1; compound=0; hidden=0; nouse=0; global=0; static=0; extern=0; dir=0; type=0; pingpong=0; private_global=0; IO mode=ap_none:ce=0
Port [ mux_case_122033333_reload]:  wired=1; compound=0; hidden=0; nouse=0; global=0; static=0; extern=0; dir=0; type=0; pingpong=0; private_global=0; IO mode=ap_none:ce=0
Port [ mux_case_122163369_reload]:  wired=1; compound=0; hidden=0; nouse=0; global=0; static=0; extern=0; dir=0; type=0; pingpong=0; private_global=0; IO mode=ap_none:ce=0
Port [ K_1_reload]:  wired=1; compound=0; hidden=0; nouse=0; global=0; static=0; extern=0; dir=0; type=0; pingpong=0; private_global=0; IO mode=ap_none:ce=0
Port [ K_reload]:  wired=1; compound=0; hidden=0; nouse=0; global=0; static=0; extern=0; dir=0; type=0; pingpong=0; private_global=0; IO mode=ap_none:ce=0
Port [ s_2]:  wired=1; compound=0; hidden=0; nouse=0; global=0; static=0; extern=0; dir=0; type=0; pingpong=0; private_global=0; IO mode=ap_none:ce=0
Port [ mux_case_021493182_reload]:  wired=1; compound=0; hidden=0; nouse=0; global=0; static=0; extern=0; dir=0; type=0; pingpong=0; private_global=0; IO mode=ap_none:ce=0
Port [ mux_case_021623219_reload]:  wired=1; compound=0; hidden=0; nouse=0; global=0; static=0; extern=0; dir=0; type=0; pingpong=0; private_global=0; IO mode=ap_none:ce=0
Port [ mux_case_021753255_reload]:  wired=1; compound=0; hidden=0; nouse=0; global=0; static=0; extern=0; dir=0; type=0; pingpong=0; private_global=0; IO mode=ap_none:ce=0
Port [ mux_case_021883291_reload]:  wired=1; compound=0; hidden=0; nouse=0; global=0; static=0; extern=0; dir=0; type=0; pingpong=0; private_global=0; IO mode=ap_none:ce=0
Port [ mux_case_022013327_reload]:  wired=1; compound=0; hidden=0; nouse=0; global=0; static=0; extern=0; dir=0; type=0; pingpong=0; private_global=0; IO mode=ap_none:ce=0
Port [ mux_case_022143363_reload]:  wired=1; compound=0; hidden=0; nouse=0; global=0; static=0; extern=0; dir=0; type=0; pingpong=0; private_global=0; IO mode=ap_none:ce=0
Port [ P_318_out]:  wired=1; compound=0; hidden=0; nouse=0; global=0; static=0; extern=0; dir=1; type=0; pingpong=0; private_global=0; IO mode=ap_vld:ce=0
Port [ P_317_out]:  wired=1; compound=0; hidden=0; nouse=0; global=0; static=0; extern=0; dir=1; type=0; pingpong=0; private_global=0; IO mode=ap_vld:ce=0
Port [ P_316_out]:  wired=1; compound=0; hidden=0; nouse=0; global=0; static=0; extern=0; dir=1; type=0; pingpong=0; private_global=0; IO mode=ap_vld:ce=0
Port [ P_315_out]:  wired=1; compound=0; hidden=0; nouse=0; global=0; static=0; extern=0; dir=1; type=0; pingpong=0; private_global=0; IO mode=ap_vld:ce=0
Port [ P_314_out]:  wired=1; compound=0; hidden=0; nouse=0; global=0; static=0; extern=0; dir=1; type=0; pingpong=0; private_global=0; IO mode=ap_vld:ce=0
Port [ P_313_out]:  wired=1; compound=0; hidden=0; nouse=0; global=0; static=0; extern=0; dir=1; type=0; pingpong=0; private_global=0; IO mode=ap_vld:ce=0
Port [ P_312_out]:  wired=1; compound=0; hidden=0; nouse=0; global=0; static=0; extern=0; dir=1; type=0; pingpong=0; private_global=0; IO mode=ap_vld:ce=0
Port [ P_311_out]:  wired=1; compound=0; hidden=0; nouse=0; global=0; static=0; extern=0; dir=1; type=0; pingpong=0; private_global=0; IO mode=ap_vld:ce=0
Port [ P_310_out]:  wired=1; compound=0; hidden=0; nouse=0; global=0; static=0; extern=0; dir=1; type=0; pingpong=0; private_global=0; IO mode=ap_vld:ce=0
Port [ P_309_out]:  wired=1; compound=0; hidden=0; nouse=0; global=0; static=0; extern=0; dir=1; type=0; pingpong=0; private_global=0; IO mode=ap_vld:ce=0
Port [ P_308_out]:  wired=1; compound=0; hidden=0; nouse=0; global=0; static=0; extern=0; dir=1; type=0; pingpong=0; private_global=0; IO mode=ap_vld:ce=0
Port [ P_307_out]:  wired=1; compound=0; hidden=0; nouse=0; global=0; static=0; extern=0; dir=1; type=0; pingpong=0; private_global=0; IO mode=ap_vld:ce=0
Port [ P_306_out]:  wired=1; compound=0; hidden=0; nouse=0; global=0; static=0; extern=0; dir=1; type=0; pingpong=0; private_global=0; IO mode=ap_vld:ce=0
Port [ P_305_out]:  wired=1; compound=0; hidden=0; nouse=0; global=0; static=0; extern=0; dir=1; type=0; pingpong=0; private_global=0; IO mode=ap_vld:ce=0
Port [ P_304_out]:  wired=1; compound=0; hidden=0; nouse=0; global=0; static=0; extern=0; dir=1; type=0; pingpong=0; private_global=0; IO mode=ap_vld:ce=0
Port [ P_303_out]:  wired=1; compound=0; hidden=0; nouse=0; global=0; static=0; extern=0; dir=1; type=0; pingpong=0; private_global=0; IO mode=ap_vld:ce=0
Port [ P_302_out]:  wired=1; compound=0; hidden=0; nouse=0; global=0; static=0; extern=0; dir=1; type=0; pingpong=0; private_global=0; IO mode=ap_vld:ce=0
Port [ P_301_out]:  wired=1; compound=0; hidden=0; nouse=0; global=0; static=0; extern=0; dir=1; type=0; pingpong=0; private_global=0; IO mode=ap_vld:ce=0
Port [ P_300_out]:  wired=1; compound=0; hidden=0; nouse=0; global=0; static=0; extern=0; dir=1; type=0; pingpong=0; private_global=0; IO mode=ap_vld:ce=0
Port [ P_299_out]:  wired=1; compound=0; hidden=0; nouse=0; global=0; static=0; extern=0; dir=1; type=0; pingpong=0; private_global=0; IO mode=ap_vld:ce=0
Port [ P_298_out]:  wired=1; compound=0; hidden=0; nouse=0; global=0; static=0; extern=0; dir=1; type=0; pingpong=0; private_global=0; IO mode=ap_vld:ce=0
Port [ P_297_out]:  wired=1; compound=0; hidden=0; nouse=0; global=0; static=0; extern=0; dir=1; type=0; pingpong=0; private_global=0; IO mode=ap_vld:ce=0
Port [ P_296_out]:  wired=1; compound=0; hidden=0; nouse=0; global=0; static=0; extern=0; dir=1; type=0; pingpong=0; private_global=0; IO mode=ap_vld:ce=0
Port [ P_295_out]:  wired=1; compound=0; hidden=0; nouse=0; global=0; static=0; extern=0; dir=1; type=0; pingpong=0; private_global=0; IO mode=ap_vld:ce=0
Port [ P_294_out]:  wired=1; compound=0; hidden=0; nouse=0; global=0; static=0; extern=0; dir=1; type=0; pingpong=0; private_global=0; IO mode=ap_vld:ce=0
Port [ P_293_out]:  wired=1; compound=0; hidden=0; nouse=0; global=0; static=0; extern=0; dir=1; type=0; pingpong=0; private_global=0; IO mode=ap_vld:ce=0
Port [ P_292_out]:  wired=1; compound=0; hidden=0; nouse=0; global=0; static=0; extern=0; dir=1; type=0; pingpong=0; private_global=0; IO mode=ap_vld:ce=0
Port [ P_291_out]:  wired=1; compound=0; hidden=0; nouse=0; global=0; static=0; extern=0; dir=1; type=0; pingpong=0; private_global=0; IO mode=ap_vld:ce=0
Port [ P_290_out]:  wired=1; compound=0; hidden=0; nouse=0; global=0; static=0; extern=0; dir=1; type=0; pingpong=0; private_global=0; IO mode=ap_vld:ce=0
Port [ P_289_out]:  wired=1; compound=0; hidden=0; nouse=0; global=0; static=0; extern=0; dir=1; type=0; pingpong=0; private_global=0; IO mode=ap_vld:ce=0
Port [ P_288_out]:  wired=1; compound=0; hidden=0; nouse=0; global=0; static=0; extern=0; dir=1; type=0; pingpong=0; private_global=0; IO mode=ap_vld:ce=0
Port [ P_287_out]:  wired=1; compound=0; hidden=0; nouse=0; global=0; static=0; extern=0; dir=1; type=0; pingpong=0; private_global=0; IO mode=ap_vld:ce=0
Port [ P_286_out]:  wired=1; compound=0; hidden=0; nouse=0; global=0; static=0; extern=0; dir=1; type=0; pingpong=0; private_global=0; IO mode=ap_vld:ce=0
Port [ P_285_out]:  wired=1; compound=0; hidden=0; nouse=0; global=0; static=0; extern=0; dir=1; type=0; pingpong=0; private_global=0; IO mode=ap_vld:ce=0
Port [ P_284_out]:  wired=1; compound=0; hidden=0; nouse=0; global=0; static=0; extern=0; dir=1; type=0; pingpong=0; private_global=0; IO mode=ap_vld:ce=0
Port [ P_283_out]:  wired=1; compound=0; hidden=0; nouse=0; global=0; static=0; extern=0; dir=1; type=0; pingpong=0; private_global=0; IO mode=ap_vld:ce=0
---------------- STG Properties END ------------------

---------------- Datapath Model BEGIN ----------------

<LifeTime>
<method=bitvector/>
i                              (alloca           ) [ 010000000000]
P                              (alloca           ) [ 011111111111]
P_38                           (alloca           ) [ 011111111111]
P_39                           (alloca           ) [ 011111111111]
P_40                           (alloca           ) [ 011111111111]
P_41                           (alloca           ) [ 011111111111]
P_42                           (alloca           ) [ 011111111111]
P_43                           (alloca           ) [ 011111111111]
P_44                           (alloca           ) [ 011111111111]
P_45                           (alloca           ) [ 011111111111]
P_46                           (alloca           ) [ 011111111111]
P_47                           (alloca           ) [ 011111111111]
P_48                           (alloca           ) [ 011111111111]
P_49                           (alloca           ) [ 011111111111]
P_50                           (alloca           ) [ 011111111111]
P_51                           (alloca           ) [ 011111111111]
P_52                           (alloca           ) [ 011111111111]
P_53                           (alloca           ) [ 011111111111]
P_54                           (alloca           ) [ 011111111111]
P_55                           (alloca           ) [ 011111111111]
P_56                           (alloca           ) [ 011111111111]
P_57                           (alloca           ) [ 011111111111]
P_58                           (alloca           ) [ 011111111111]
P_59                           (alloca           ) [ 011111111111]
P_60                           (alloca           ) [ 011111111111]
P_61                           (alloca           ) [ 011111111111]
P_62                           (alloca           ) [ 011111111111]
P_63                           (alloca           ) [ 011111111111]
P_64                           (alloca           ) [ 011111111111]
P_65                           (alloca           ) [ 011111111111]
P_66                           (alloca           ) [ 011111111111]
P_67                           (alloca           ) [ 011111111111]
P_68                           (alloca           ) [ 011111111111]
P_69                           (alloca           ) [ 011111111111]
P_70                           (alloca           ) [ 011111111111]
P_71                           (alloca           ) [ 011111111111]
P_72                           (alloca           ) [ 011111111111]
mux_case_022143363_reload_read (read             ) [ 011111111000]
mux_case_022013327_reload_read (read             ) [ 011111111000]
mux_case_021883291_reload_read (read             ) [ 011111111000]
mux_case_021753255_reload_read (read             ) [ 011111111000]
mux_case_021623219_reload_read (read             ) [ 011111111000]
mux_case_021493182_reload_read (read             ) [ 011111111000]
s_2_read                       (read             ) [ 011110000000]
K_reload_read                  (read             ) [ 011111110000]
K_1_reload_read                (read             ) [ 011111110000]
mux_case_122163369_reload_read (read             ) [ 011111111000]
mux_case_122033333_reload_read (read             ) [ 011111111000]
mux_case_121903297_reload_read (read             ) [ 011111111000]
mux_case_121773261_reload_read (read             ) [ 011111111000]
mux_case_121643225_reload_read (read             ) [ 011111111000]
mux_case_121513188_reload_read (read             ) [ 011111111000]
K_2_reload_read                (read             ) [ 011111110000]
mux_case_222183375_reload_read (read             ) [ 011111111000]
mux_case_222053339_reload_read (read             ) [ 011111111000]
mux_case_221923303_reload_read (read             ) [ 011111111000]
mux_case_221793267_reload_read (read             ) [ 011111111000]
mux_case_221663231_reload_read (read             ) [ 011111111000]
mux_case_221533194_reload_read (read             ) [ 011111111000]
K_3_reload_read                (read             ) [ 011111110000]
mux_case_322203381_reload_read (read             ) [ 011111111000]
mux_case_322073345_reload_read (read             ) [ 011111111000]
mux_case_321943309_reload_read (read             ) [ 011111111000]
mux_case_321813273_reload_read (read             ) [ 011111111000]
mux_case_321683237_reload_read (read             ) [ 011111111000]
mux_case_321553200_reload_read (read             ) [ 011111111000]
K_4_reload_read                (read             ) [ 011111110000]
mux_case_422223387_reload_read (read             ) [ 011111111000]
mux_case_422093351_reload_read (read             ) [ 011111111000]
mux_case_421963315_reload_read (read             ) [ 011111111000]
mux_case_421833279_reload_read (read             ) [ 011111111000]
mux_case_421703243_reload_read (read             ) [ 011111111000]
mux_case_421573206_reload_read (read             ) [ 011111111000]
K_5_reload_read                (read             ) [ 011111110000]
mux_case_522243393_reload_read (read             ) [ 011111111000]
mux_case_522113357_reload_read (read             ) [ 011111111000]
mux_case_521983321_reload_read (read             ) [ 011111111000]
mux_case_521853285_reload_read (read             ) [ 011111111000]
mux_case_521723249_reload_read (read             ) [ 011111111000]
mux_case_521593212_reload_read (read             ) [ 011111111000]
P_216_read                     (read             ) [ 000000000000]
P_215_read                     (read             ) [ 000000000000]
P_214_read                     (read             ) [ 000000000000]
P_213_read                     (read             ) [ 000000000000]
P_212_read                     (read             ) [ 000000000000]
P_211_read                     (read             ) [ 000000000000]
P_210_read                     (read             ) [ 000000000000]
P_209_read                     (read             ) [ 000000000000]
P_208_read                     (read             ) [ 000000000000]
P_207_read                     (read             ) [ 000000000000]
P_206_read                     (read             ) [ 000000000000]
P_205_read                     (read             ) [ 000000000000]
P_204_read                     (read             ) [ 000000000000]
P_203_read                     (read             ) [ 000000000000]
P_202_read                     (read             ) [ 000000000000]
P_201_read                     (read             ) [ 000000000000]
P_200_read                     (read             ) [ 000000000000]
P_199_read                     (read             ) [ 000000000000]
P_198_read                     (read             ) [ 000000000000]
P_197_read                     (read             ) [ 000000000000]
P_196_read                     (read             ) [ 000000000000]
P_195_read                     (read             ) [ 000000000000]
P_194_read                     (read             ) [ 000000000000]
P_193_read                     (read             ) [ 000000000000]
P_192_read                     (read             ) [ 000000000000]
P_191_read                     (read             ) [ 000000000000]
P_190_read                     (read             ) [ 000000000000]
P_189_read                     (read             ) [ 000000000000]
P_188_read                     (read             ) [ 000000000000]
P_187_read                     (read             ) [ 000000000000]
P_186_read                     (read             ) [ 000000000000]
P_185_read                     (read             ) [ 000000000000]
P_184_read                     (read             ) [ 000000000000]
P_183_read                     (read             ) [ 000000000000]
P_182_read                     (read             ) [ 000000000000]
P_181_read                     (read             ) [ 000000000000]
store_ln0                      (store            ) [ 000000000000]
store_ln0                      (store            ) [ 000000000000]
store_ln0                      (store            ) [ 000000000000]
store_ln0                      (store            ) [ 000000000000]
store_ln0                      (store            ) [ 000000000000]
store_ln0                      (store            ) [ 000000000000]
store_ln0                      (store            ) [ 000000000000]
store_ln0                      (store            ) [ 000000000000]
store_ln0                      (store            ) [ 000000000000]
store_ln0                      (store            ) [ 000000000000]
store_ln0                      (store            ) [ 000000000000]
store_ln0                      (store            ) [ 000000000000]
store_ln0                      (store            ) [ 000000000000]
store_ln0                      (store            ) [ 000000000000]
store_ln0                      (store            ) [ 000000000000]
store_ln0                      (store            ) [ 000000000000]
store_ln0                      (store            ) [ 000000000000]
store_ln0                      (store            ) [ 000000000000]
store_ln0                      (store            ) [ 000000000000]
store_ln0                      (store            ) [ 000000000000]
store_ln0                      (store            ) [ 000000000000]
store_ln0                      (store            ) [ 000000000000]
store_ln0                      (store            ) [ 000000000000]
store_ln0                      (store            ) [ 000000000000]
store_ln0                      (store            ) [ 000000000000]
store_ln0                      (store            ) [ 000000000000]
store_ln0                      (store            ) [ 000000000000]
store_ln0                      (store            ) [ 000000000000]
store_ln0                      (store            ) [ 000000000000]
store_ln0                      (store            ) [ 000000000000]
store_ln0                      (store            ) [ 000000000000]
store_ln0                      (store            ) [ 000000000000]
store_ln0                      (store            ) [ 000000000000]
store_ln0                      (store            ) [ 000000000000]
store_ln0                      (store            ) [ 000000000000]
store_ln0                      (store            ) [ 000000000000]
store_ln0                      (store            ) [ 000000000000]
br_ln0                         (br               ) [ 000000000000]
i_12                           (load             ) [ 011111111111]
specpipeline_ln0               (specpipeline     ) [ 000000000000]
icmp_ln117                     (icmp             ) [ 011111111110]
add_ln117                      (add              ) [ 000000000000]
br_ln117                       (br               ) [ 000000000000]
tmp_s                          (mux              ) [ 011110000000]
switch_ln118                   (switch           ) [ 000000000000]
store_ln117                    (store            ) [ 000000000000]
br_ln117                       (br               ) [ 000000000000]
mul102_i                       (fmul             ) [ 010001110000]
mul105_i                       (fmul             ) [ 010000001111]
mul105_i_1                     (fmul             ) [ 010000001111]
mul105_i_2                     (fmul             ) [ 010000001111]
mul105_i_3                     (fmul             ) [ 010000001111]
mul105_i_4                     (fmul             ) [ 010000001111]
mul105_i_5                     (fmul             ) [ 010000001111]
tmp_58                         (mux              ) [ 010000000111]
tmp_108_1                      (mux              ) [ 010000000111]
tmp_108_2                      (mux              ) [ 010000000111]
tmp_108_3                      (mux              ) [ 010000000111]
tmp_108_4                      (mux              ) [ 010000000111]
tmp_108_5                      (mux              ) [ 010000000111]
speclooptripcount_ln154        (speclooptripcount) [ 000000000000]
specloopname_ln117             (specloopname     ) [ 000000000000]
P_s                            (fadd             ) [ 000000000000]
P_497_1                        (fadd             ) [ 000000000000]
P_497_2                        (fadd             ) [ 000000000000]
P_497_3                        (fadd             ) [ 000000000000]
P_497_4                        (fadd             ) [ 000000000000]
P_497_5                        (fadd             ) [ 000000000000]
store_ln118                    (store            ) [ 000000000000]
store_ln118                    (store            ) [ 000000000000]
store_ln118                    (store            ) [ 000000000000]
store_ln118                    (store            ) [ 000000000000]
store_ln118                    (store            ) [ 000000000000]
store_ln118                    (store            ) [ 000000000000]
br_ln0                         (br               ) [ 000000000000]
store_ln118                    (store            ) [ 000000000000]
store_ln118                    (store            ) [ 000000000000]
store_ln118                    (store            ) [ 000000000000]
store_ln118                    (store            ) [ 000000000000]
store_ln118                    (store            ) [ 000000000000]
store_ln118                    (store            ) [ 000000000000]
br_ln0                         (br               ) [ 000000000000]
store_ln118                    (store            ) [ 000000000000]
store_ln118                    (store            ) [ 000000000000]
store_ln118                    (store            ) [ 000000000000]
store_ln118                    (store            ) [ 000000000000]
store_ln118                    (store            ) [ 000000000000]
store_ln118                    (store            ) [ 000000000000]
br_ln0                         (br               ) [ 000000000000]
store_ln118                    (store            ) [ 000000000000]
store_ln118                    (store            ) [ 000000000000]
store_ln118                    (store            ) [ 000000000000]
store_ln118                    (store            ) [ 000000000000]
store_ln118                    (store            ) [ 000000000000]
store_ln118                    (store            ) [ 000000000000]
br_ln0                         (br               ) [ 000000000000]
store_ln118                    (store            ) [ 000000000000]
store_ln118                    (store            ) [ 000000000000]
store_ln118                    (store            ) [ 000000000000]
store_ln118                    (store            ) [ 000000000000]
store_ln118                    (store            ) [ 000000000000]
store_ln118                    (store            ) [ 000000000000]
br_ln0                         (br               ) [ 000000000000]
store_ln118                    (store            ) [ 000000000000]
store_ln118                    (store            ) [ 000000000000]
store_ln118                    (store            ) [ 000000000000]
store_ln118                    (store            ) [ 000000000000]
store_ln118                    (store            ) [ 000000000000]
store_ln118                    (store            ) [ 000000000000]
br_ln0                         (br               ) [ 000000000000]
P_load                         (load             ) [ 000000000000]
P_38_load                      (load             ) [ 000000000000]
P_39_load                      (load             ) [ 000000000000]
P_40_load                      (load             ) [ 000000000000]
P_41_load                      (load             ) [ 000000000000]
P_42_load                      (load             ) [ 000000000000]
P_43_load                      (load             ) [ 000000000000]
P_44_load                      (load             ) [ 000000000000]
P_45_load                      (load             ) [ 000000000000]
P_46_load                      (load             ) [ 000000000000]
P_47_load                      (load             ) [ 000000000000]
P_48_load                      (load             ) [ 000000000000]
P_49_load                      (load             ) [ 000000000000]
P_50_load                      (load             ) [ 000000000000]
P_51_load                      (load             ) [ 000000000000]
P_52_load                      (load             ) [ 000000000000]
P_53_load                      (load             ) [ 000000000000]
P_54_load                      (load             ) [ 000000000000]
P_55_load                      (load             ) [ 000000000000]
P_56_load                      (load             ) [ 000000000000]
P_57_load                      (load             ) [ 000000000000]
P_58_load                      (load             ) [ 000000000000]
P_59_load                      (load             ) [ 000000000000]
P_60_load                      (load             ) [ 000000000000]
P_61_load                      (load             ) [ 000000000000]
P_62_load                      (load             ) [ 000000000000]
P_63_load                      (load             ) [ 000000000000]
P_64_load                      (load             ) [ 000000000000]
P_65_load                      (load             ) [ 000000000000]
P_66_load                      (load             ) [ 000000000000]
P_67_load                      (load             ) [ 000000000000]
P_68_load                      (load             ) [ 000000000000]
P_69_load                      (load             ) [ 000000000000]
P_70_load                      (load             ) [ 000000000000]
P_71_load                      (load             ) [ 000000000000]
P_72_load                      (load             ) [ 000000000000]
write_ln0                      (write            ) [ 000000000000]
write_ln0                      (write            ) [ 000000000000]
write_ln0                      (write            ) [ 000000000000]
write_ln0                      (write            ) [ 000000000000]
write_ln0                      (write            ) [ 000000000000]
write_ln0                      (write            ) [ 000000000000]
write_ln0                      (write            ) [ 000000000000]
write_ln0                      (write            ) [ 000000000000]
write_ln0                      (write            ) [ 000000000000]
write_ln0                      (write            ) [ 000000000000]
write_ln0                      (write            ) [ 000000000000]
write_ln0                      (write            ) [ 000000000000]
write_ln0                      (write            ) [ 000000000000]
write_ln0                      (write            ) [ 000000000000]
write_ln0                      (write            ) [ 000000000000]
write_ln0                      (write            ) [ 000000000000]
write_ln0                      (write            ) [ 000000000000]
write_ln0                      (write            ) [ 000000000000]
write_ln0                      (write            ) [ 000000000000]
write_ln0                      (write            ) [ 000000000000]
write_ln0                      (write            ) [ 000000000000]
write_ln0                      (write            ) [ 000000000000]
write_ln0                      (write            ) [ 000000000000]
write_ln0                      (write            ) [ 000000000000]
write_ln0                      (write            ) [ 000000000000]
write_ln0                      (write            ) [ 000000000000]
write_ln0                      (write            ) [ 000000000000]
write_ln0                      (write            ) [ 000000000000]
write_ln0                      (write            ) [ 000000000000]
write_ln0                      (write            ) [ 000000000000]
write_ln0                      (write            ) [ 000000000000]
write_ln0                      (write            ) [ 000000000000]
write_ln0                      (write            ) [ 000000000000]
write_ln0                      (write            ) [ 000000000000]
write_ln0                      (write            ) [ 000000000000]
write_ln0                      (write            ) [ 000000000000]
ret_ln0                        (ret              ) [ 000000000000]
</LifeTime>

<model>

<comp_list>
<comp id="0" class="1000" name="P_181">
<pin_list>
<pin id="1" dir="1" index="0" bw="1" slack="0"/>
</pin_list>
<bind>
<StgValue><ssdm name="P_181"/></StgValue>
</bind>
</comp>

<comp id="2" class="1000" name="P_182">
<pin_list>
<pin id="3" dir="1" index="0" bw="1" slack="0"/>
</pin_list>
<bind>
<StgValue><ssdm name="P_182"/></StgValue>
</bind>
</comp>

<comp id="4" class="1000" name="P_183">
<pin_list>
<pin id="5" dir="1" index="0" bw="1" slack="0"/>
</pin_list>
<bind>
<StgValue><ssdm name="P_183"/></StgValue>
</bind>
</comp>

<comp id="6" class="1000" name="P_184">
<pin_list>
<pin id="7" dir="1" index="0" bw="1" slack="0"/>
</pin_list>
<bind>
<StgValue><ssdm name="P_184"/></StgValue>
</bind>
</comp>

<comp id="8" class="1000" name="P_185">
<pin_list>
<pin id="9" dir="1" index="0" bw="1" slack="0"/>
</pin_list>
<bind>
<StgValue><ssdm name="P_185"/></StgValue>
</bind>
</comp>

<comp id="10" class="1000" name="P_186">
<pin_list>
<pin id="11" dir="1" index="0" bw="1" slack="0"/>
</pin_list>
<bind>
<StgValue><ssdm name="P_186"/></StgValue>
</bind>
</comp>

<comp id="12" class="1000" name="P_187">
<pin_list>
<pin id="13" dir="1" index="0" bw="1" slack="0"/>
</pin_list>
<bind>
<StgValue><ssdm name="P_187"/></StgValue>
</bind>
</comp>

<comp id="14" class="1000" name="P_188">
<pin_list>
<pin id="15" dir="1" index="0" bw="1" slack="0"/>
</pin_list>
<bind>
<StgValue><ssdm name="P_188"/></StgValue>
</bind>
</comp>

<comp id="16" class="1000" name="P_189">
<pin_list>
<pin id="17" dir="1" index="0" bw="1" slack="0"/>
</pin_list>
<bind>
<StgValue><ssdm name="P_189"/></StgValue>
</bind>
</comp>

<comp id="18" class="1000" name="P_190">
<pin_list>
<pin id="19" dir="1" index="0" bw="1" slack="0"/>
</pin_list>
<bind>
<StgValue><ssdm name="P_190"/></StgValue>
</bind>
</comp>

<comp id="20" class="1000" name="P_191">
<pin_list>
<pin id="21" dir="1" index="0" bw="1" slack="0"/>
</pin_list>
<bind>
<StgValue><ssdm name="P_191"/></StgValue>
</bind>
</comp>

<comp id="22" class="1000" name="P_192">
<pin_list>
<pin id="23" dir="1" index="0" bw="1" slack="0"/>
</pin_list>
<bind>
<StgValue><ssdm name="P_192"/></StgValue>
</bind>
</comp>

<comp id="24" class="1000" name="P_193">
<pin_list>
<pin id="25" dir="1" index="0" bw="1" slack="0"/>
</pin_list>
<bind>
<StgValue><ssdm name="P_193"/></StgValue>
</bind>
</comp>

<comp id="26" class="1000" name="P_194">
<pin_list>
<pin id="27" dir="1" index="0" bw="1" slack="0"/>
</pin_list>
<bind>
<StgValue><ssdm name="P_194"/></StgValue>
</bind>
</comp>

<comp id="28" class="1000" name="P_195">
<pin_list>
<pin id="29" dir="1" index="0" bw="1" slack="0"/>
</pin_list>
<bind>
<StgValue><ssdm name="P_195"/></StgValue>
</bind>
</comp>

<comp id="30" class="1000" name="P_196">
<pin_list>
<pin id="31" dir="1" index="0" bw="1" slack="0"/>
</pin_list>
<bind>
<StgValue><ssdm name="P_196"/></StgValue>
</bind>
</comp>

<comp id="32" class="1000" name="P_197">
<pin_list>
<pin id="33" dir="1" index="0" bw="1" slack="0"/>
</pin_list>
<bind>
<StgValue><ssdm name="P_197"/></StgValue>
</bind>
</comp>

<comp id="34" class="1000" name="P_198">
<pin_list>
<pin id="35" dir="1" index="0" bw="1" slack="0"/>
</pin_list>
<bind>
<StgValue><ssdm name="P_198"/></StgValue>
</bind>
</comp>

<comp id="36" class="1000" name="P_199">
<pin_list>
<pin id="37" dir="1" index="0" bw="1" slack="0"/>
</pin_list>
<bind>
<StgValue><ssdm name="P_199"/></StgValue>
</bind>
</comp>

<comp id="38" class="1000" name="P_200">
<pin_list>
<pin id="39" dir="1" index="0" bw="1" slack="0"/>
</pin_list>
<bind>
<StgValue><ssdm name="P_200"/></StgValue>
</bind>
</comp>

<comp id="40" class="1000" name="P_201">
<pin_list>
<pin id="41" dir="1" index="0" bw="1" slack="0"/>
</pin_list>
<bind>
<StgValue><ssdm name="P_201"/></StgValue>
</bind>
</comp>

<comp id="42" class="1000" name="P_202">
<pin_list>
<pin id="43" dir="1" index="0" bw="1" slack="0"/>
</pin_list>
<bind>
<StgValue><ssdm name="P_202"/></StgValue>
</bind>
</comp>

<comp id="44" class="1000" name="P_203">
<pin_list>
<pin id="45" dir="1" index="0" bw="1" slack="0"/>
</pin_list>
<bind>
<StgValue><ssdm name="P_203"/></StgValue>
</bind>
</comp>

<comp id="46" class="1000" name="P_204">
<pin_list>
<pin id="47" dir="1" index="0" bw="1" slack="0"/>
</pin_list>
<bind>
<StgValue><ssdm name="P_204"/></StgValue>
</bind>
</comp>

<comp id="48" class="1000" name="P_205">
<pin_list>
<pin id="49" dir="1" index="0" bw="1" slack="0"/>
</pin_list>
<bind>
<StgValue><ssdm name="P_205"/></StgValue>
</bind>
</comp>

<comp id="50" class="1000" name="P_206">
<pin_list>
<pin id="51" dir="1" index="0" bw="1" slack="0"/>
</pin_list>
<bind>
<StgValue><ssdm name="P_206"/></StgValue>
</bind>
</comp>

<comp id="52" class="1000" name="P_207">
<pin_list>
<pin id="53" dir="1" index="0" bw="1" slack="0"/>
</pin_list>
<bind>
<StgValue><ssdm name="P_207"/></StgValue>
</bind>
</comp>

<comp id="54" class="1000" name="P_208">
<pin_list>
<pin id="55" dir="1" index="0" bw="1" slack="0"/>
</pin_list>
<bind>
<StgValue><ssdm name="P_208"/></StgValue>
</bind>
</comp>

<comp id="56" class="1000" name="P_209">
<pin_list>
<pin id="57" dir="1" index="0" bw="1" slack="0"/>
</pin_list>
<bind>
<StgValue><ssdm name="P_209"/></StgValue>
</bind>
</comp>

<comp id="58" class="1000" name="P_210">
<pin_list>
<pin id="59" dir="1" index="0" bw="1" slack="0"/>
</pin_list>
<bind>
<StgValue><ssdm name="P_210"/></StgValue>
</bind>
</comp>

<comp id="60" class="1000" name="P_211">
<pin_list>
<pin id="61" dir="1" index="0" bw="1" slack="0"/>
</pin_list>
<bind>
<StgValue><ssdm name="P_211"/></StgValue>
</bind>
</comp>

<comp id="62" class="1000" name="P_212">
<pin_list>
<pin id="63" dir="1" index="0" bw="1" slack="0"/>
</pin_list>
<bind>
<StgValue><ssdm name="P_212"/></StgValue>
</bind>
</comp>

<comp id="64" class="1000" name="P_213">
<pin_list>
<pin id="65" dir="1" index="0" bw="1" slack="0"/>
</pin_list>
<bind>
<StgValue><ssdm name="P_213"/></StgValue>
</bind>
</comp>

<comp id="66" class="1000" name="P_214">
<pin_list>
<pin id="67" dir="1" index="0" bw="1" slack="0"/>
</pin_list>
<bind>
<StgValue><ssdm name="P_214"/></StgValue>
</bind>
</comp>

<comp id="68" class="1000" name="P_215">
<pin_list>
<pin id="69" dir="1" index="0" bw="1" slack="0"/>
</pin_list>
<bind>
<StgValue><ssdm name="P_215"/></StgValue>
</bind>
</comp>

<comp id="70" class="1000" name="P_216">
<pin_list>
<pin id="71" dir="1" index="0" bw="1" slack="0"/>
</pin_list>
<bind>
<StgValue><ssdm name="P_216"/></StgValue>
</bind>
</comp>

<comp id="72" class="1000" name="mux_case_521593212_reload">
<pin_list>
<pin id="73" dir="1" index="0" bw="1" slack="0"/>
</pin_list>
<bind>
<StgValue><ssdm name="mux_case_521593212_reload"/></StgValue>
</bind>
</comp>

<comp id="74" class="1000" name="mux_case_521723249_reload">
<pin_list>
<pin id="75" dir="1" index="0" bw="1" slack="0"/>
</pin_list>
<bind>
<StgValue><ssdm name="mux_case_521723249_reload"/></StgValue>
</bind>
</comp>

<comp id="76" class="1000" name="mux_case_521853285_reload">
<pin_list>
<pin id="77" dir="1" index="0" bw="1" slack="0"/>
</pin_list>
<bind>
<StgValue><ssdm name="mux_case_521853285_reload"/></StgValue>
</bind>
</comp>

<comp id="78" class="1000" name="mux_case_521983321_reload">
<pin_list>
<pin id="79" dir="1" index="0" bw="1" slack="0"/>
</pin_list>
<bind>
<StgValue><ssdm name="mux_case_521983321_reload"/></StgValue>
</bind>
</comp>

<comp id="80" class="1000" name="mux_case_522113357_reload">
<pin_list>
<pin id="81" dir="1" index="0" bw="1" slack="0"/>
</pin_list>
<bind>
<StgValue><ssdm name="mux_case_522113357_reload"/></StgValue>
</bind>
</comp>

<comp id="82" class="1000" name="mux_case_522243393_reload">
<pin_list>
<pin id="83" dir="1" index="0" bw="1" slack="0"/>
</pin_list>
<bind>
<StgValue><ssdm name="mux_case_522243393_reload"/></StgValue>
</bind>
</comp>

<comp id="84" class="1000" name="K_5_reload">
<pin_list>
<pin id="85" dir="1" index="0" bw="1" slack="0"/>
</pin_list>
<bind>
<StgValue><ssdm name="K_5_reload"/></StgValue>
</bind>
</comp>

<comp id="86" class="1000" name="mux_case_421573206_reload">
<pin_list>
<pin id="87" dir="1" index="0" bw="1" slack="0"/>
</pin_list>
<bind>
<StgValue><ssdm name="mux_case_421573206_reload"/></StgValue>
</bind>
</comp>

<comp id="88" class="1000" name="mux_case_421703243_reload">
<pin_list>
<pin id="89" dir="1" index="0" bw="1" slack="0"/>
</pin_list>
<bind>
<StgValue><ssdm name="mux_case_421703243_reload"/></StgValue>
</bind>
</comp>

<comp id="90" class="1000" name="mux_case_421833279_reload">
<pin_list>
<pin id="91" dir="1" index="0" bw="1" slack="0"/>
</pin_list>
<bind>
<StgValue><ssdm name="mux_case_421833279_reload"/></StgValue>
</bind>
</comp>

<comp id="92" class="1000" name="mux_case_421963315_reload">
<pin_list>
<pin id="93" dir="1" index="0" bw="1" slack="0"/>
</pin_list>
<bind>
<StgValue><ssdm name="mux_case_421963315_reload"/></StgValue>
</bind>
</comp>

<comp id="94" class="1000" name="mux_case_422093351_reload">
<pin_list>
<pin id="95" dir="1" index="0" bw="1" slack="0"/>
</pin_list>
<bind>
<StgValue><ssdm name="mux_case_422093351_reload"/></StgValue>
</bind>
</comp>

<comp id="96" class="1000" name="mux_case_422223387_reload">
<pin_list>
<pin id="97" dir="1" index="0" bw="1" slack="0"/>
</pin_list>
<bind>
<StgValue><ssdm name="mux_case_422223387_reload"/></StgValue>
</bind>
</comp>

<comp id="98" class="1000" name="K_4_reload">
<pin_list>
<pin id="99" dir="1" index="0" bw="1" slack="0"/>
</pin_list>
<bind>
<StgValue><ssdm name="K_4_reload"/></StgValue>
</bind>
</comp>

<comp id="100" class="1000" name="mux_case_321553200_reload">
<pin_list>
<pin id="101" dir="1" index="0" bw="1" slack="0"/>
</pin_list>
<bind>
<StgValue><ssdm name="mux_case_321553200_reload"/></StgValue>
</bind>
</comp>

<comp id="102" class="1000" name="mux_case_321683237_reload">
<pin_list>
<pin id="103" dir="1" index="0" bw="1" slack="0"/>
</pin_list>
<bind>
<StgValue><ssdm name="mux_case_321683237_reload"/></StgValue>
</bind>
</comp>

<comp id="104" class="1000" name="mux_case_321813273_reload">
<pin_list>
<pin id="105" dir="1" index="0" bw="1" slack="0"/>
</pin_list>
<bind>
<StgValue><ssdm name="mux_case_321813273_reload"/></StgValue>
</bind>
</comp>

<comp id="106" class="1000" name="mux_case_321943309_reload">
<pin_list>
<pin id="107" dir="1" index="0" bw="1" slack="0"/>
</pin_list>
<bind>
<StgValue><ssdm name="mux_case_321943309_reload"/></StgValue>
</bind>
</comp>

<comp id="108" class="1000" name="mux_case_322073345_reload">
<pin_list>
<pin id="109" dir="1" index="0" bw="1" slack="0"/>
</pin_list>
<bind>
<StgValue><ssdm name="mux_case_322073345_reload"/></StgValue>
</bind>
</comp>

<comp id="110" class="1000" name="mux_case_322203381_reload">
<pin_list>
<pin id="111" dir="1" index="0" bw="1" slack="0"/>
</pin_list>
<bind>
<StgValue><ssdm name="mux_case_322203381_reload"/></StgValue>
</bind>
</comp>

<comp id="112" class="1000" name="K_3_reload">
<pin_list>
<pin id="113" dir="1" index="0" bw="1" slack="0"/>
</pin_list>
<bind>
<StgValue><ssdm name="K_3_reload"/></StgValue>
</bind>
</comp>

<comp id="114" class="1000" name="mux_case_221533194_reload">
<pin_list>
<pin id="115" dir="1" index="0" bw="1" slack="0"/>
</pin_list>
<bind>
<StgValue><ssdm name="mux_case_221533194_reload"/></StgValue>
</bind>
</comp>

<comp id="116" class="1000" name="mux_case_221663231_reload">
<pin_list>
<pin id="117" dir="1" index="0" bw="1" slack="0"/>
</pin_list>
<bind>
<StgValue><ssdm name="mux_case_221663231_reload"/></StgValue>
</bind>
</comp>

<comp id="118" class="1000" name="mux_case_221793267_reload">
<pin_list>
<pin id="119" dir="1" index="0" bw="1" slack="0"/>
</pin_list>
<bind>
<StgValue><ssdm name="mux_case_221793267_reload"/></StgValue>
</bind>
</comp>

<comp id="120" class="1000" name="mux_case_221923303_reload">
<pin_list>
<pin id="121" dir="1" index="0" bw="1" slack="0"/>
</pin_list>
<bind>
<StgValue><ssdm name="mux_case_221923303_reload"/></StgValue>
</bind>
</comp>

<comp id="122" class="1000" name="mux_case_222053339_reload">
<pin_list>
<pin id="123" dir="1" index="0" bw="1" slack="0"/>
</pin_list>
<bind>
<StgValue><ssdm name="mux_case_222053339_reload"/></StgValue>
</bind>
</comp>

<comp id="124" class="1000" name="mux_case_222183375_reload">
<pin_list>
<pin id="125" dir="1" index="0" bw="1" slack="0"/>
</pin_list>
<bind>
<StgValue><ssdm name="mux_case_222183375_reload"/></StgValue>
</bind>
</comp>

<comp id="126" class="1000" name="K_2_reload">
<pin_list>
<pin id="127" dir="1" index="0" bw="1" slack="0"/>
</pin_list>
<bind>
<StgValue><ssdm name="K_2_reload"/></StgValue>
</bind>
</comp>

<comp id="128" class="1000" name="mux_case_121513188_reload">
<pin_list>
<pin id="129" dir="1" index="0" bw="1" slack="0"/>
</pin_list>
<bind>
<StgValue><ssdm name="mux_case_121513188_reload"/></StgValue>
</bind>
</comp>

<comp id="130" class="1000" name="mux_case_121643225_reload">
<pin_list>
<pin id="131" dir="1" index="0" bw="1" slack="0"/>
</pin_list>
<bind>
<StgValue><ssdm name="mux_case_121643225_reload"/></StgValue>
</bind>
</comp>

<comp id="132" class="1000" name="mux_case_121773261_reload">
<pin_list>
<pin id="133" dir="1" index="0" bw="1" slack="0"/>
</pin_list>
<bind>
<StgValue><ssdm name="mux_case_121773261_reload"/></StgValue>
</bind>
</comp>

<comp id="134" class="1000" name="mux_case_121903297_reload">
<pin_list>
<pin id="135" dir="1" index="0" bw="1" slack="0"/>
</pin_list>
<bind>
<StgValue><ssdm name="mux_case_121903297_reload"/></StgValue>
</bind>
</comp>

<comp id="136" class="1000" name="mux_case_122033333_reload">
<pin_list>
<pin id="137" dir="1" index="0" bw="1" slack="0"/>
</pin_list>
<bind>
<StgValue><ssdm name="mux_case_122033333_reload"/></StgValue>
</bind>
</comp>

<comp id="138" class="1000" name="mux_case_122163369_reload">
<pin_list>
<pin id="139" dir="1" index="0" bw="1" slack="0"/>
</pin_list>
<bind>
<StgValue><ssdm name="mux_case_122163369_reload"/></StgValue>
</bind>
</comp>

<comp id="140" class="1000" name="K_1_reload">
<pin_list>
<pin id="141" dir="1" index="0" bw="1" slack="0"/>
</pin_list>
<bind>
<StgValue><ssdm name="K_1_reload"/></StgValue>
</bind>
</comp>

<comp id="142" class="1000" name="K_reload">
<pin_list>
<pin id="143" dir="1" index="0" bw="1" slack="0"/>
</pin_list>
<bind>
<StgValue><ssdm name="K_reload"/></StgValue>
</bind>
</comp>

<comp id="144" class="1000" name="s_2">
<pin_list>
<pin id="145" dir="1" index="0" bw="1" slack="0"/>
</pin_list>
<bind>
<StgValue><ssdm name="s_2"/></StgValue>
</bind>
</comp>

<comp id="146" class="1000" name="mux_case_021493182_reload">
<pin_list>
<pin id="147" dir="1" index="0" bw="1" slack="0"/>
</pin_list>
<bind>
<StgValue><ssdm name="mux_case_021493182_reload"/></StgValue>
</bind>
</comp>

<comp id="148" class="1000" name="mux_case_021623219_reload">
<pin_list>
<pin id="149" dir="1" index="0" bw="1" slack="0"/>
</pin_list>
<bind>
<StgValue><ssdm name="mux_case_021623219_reload"/></StgValue>
</bind>
</comp>

<comp id="150" class="1000" name="mux_case_021753255_reload">
<pin_list>
<pin id="151" dir="1" index="0" bw="1" slack="0"/>
</pin_list>
<bind>
<StgValue><ssdm name="mux_case_021753255_reload"/></StgValue>
</bind>
</comp>

<comp id="152" class="1000" name="mux_case_021883291_reload">
<pin_list>
<pin id="153" dir="1" index="0" bw="1" slack="0"/>
</pin_list>
<bind>
<StgValue><ssdm name="mux_case_021883291_reload"/></StgValue>
</bind>
</comp>

<comp id="154" class="1000" name="mux_case_022013327_reload">
<pin_list>
<pin id="155" dir="1" index="0" bw="1" slack="0"/>
</pin_list>
<bind>
<StgValue><ssdm name="mux_case_022013327_reload"/></StgValue>
</bind>
</comp>

<comp id="156" class="1000" name="mux_case_022143363_reload">
<pin_list>
<pin id="157" dir="1" index="0" bw="1" slack="0"/>
</pin_list>
<bind>
<StgValue><ssdm name="mux_case_022143363_reload"/></StgValue>
</bind>
</comp>

<comp id="158" class="1000" name="P_318_out">
<pin_list>
<pin id="159" dir="1" index="0" bw="1" slack="0"/>
</pin_list>
<bind>
<StgValue><ssdm name="P_318_out"/></StgValue>
</bind>
</comp>

<comp id="160" class="1000" name="P_317_out">
<pin_list>
<pin id="161" dir="1" index="0" bw="1" slack="0"/>
</pin_list>
<bind>
<StgValue><ssdm name="P_317_out"/></StgValue>
</bind>
</comp>

<comp id="162" class="1000" name="P_316_out">
<pin_list>
<pin id="163" dir="1" index="0" bw="1" slack="0"/>
</pin_list>
<bind>
<StgValue><ssdm name="P_316_out"/></StgValue>
</bind>
</comp>

<comp id="164" class="1000" name="P_315_out">
<pin_list>
<pin id="165" dir="1" index="0" bw="1" slack="0"/>
</pin_list>
<bind>
<StgValue><ssdm name="P_315_out"/></StgValue>
</bind>
</comp>

<comp id="166" class="1000" name="P_314_out">
<pin_list>
<pin id="167" dir="1" index="0" bw="1" slack="0"/>
</pin_list>
<bind>
<StgValue><ssdm name="P_314_out"/></StgValue>
</bind>
</comp>

<comp id="168" class="1000" name="P_313_out">
<pin_list>
<pin id="169" dir="1" index="0" bw="1" slack="0"/>
</pin_list>
<bind>
<StgValue><ssdm name="P_313_out"/></StgValue>
</bind>
</comp>

<comp id="170" class="1000" name="P_312_out">
<pin_list>
<pin id="171" dir="1" index="0" bw="1" slack="0"/>
</pin_list>
<bind>
<StgValue><ssdm name="P_312_out"/></StgValue>
</bind>
</comp>

<comp id="172" class="1000" name="P_311_out">
<pin_list>
<pin id="173" dir="1" index="0" bw="1" slack="0"/>
</pin_list>
<bind>
<StgValue><ssdm name="P_311_out"/></StgValue>
</bind>
</comp>

<comp id="174" class="1000" name="P_310_out">
<pin_list>
<pin id="175" dir="1" index="0" bw="1" slack="0"/>
</pin_list>
<bind>
<StgValue><ssdm name="P_310_out"/></StgValue>
</bind>
</comp>

<comp id="176" class="1000" name="P_309_out">
<pin_list>
<pin id="177" dir="1" index="0" bw="1" slack="0"/>
</pin_list>
<bind>
<StgValue><ssdm name="P_309_out"/></StgValue>
</bind>
</comp>

<comp id="178" class="1000" name="P_308_out">
<pin_list>
<pin id="179" dir="1" index="0" bw="1" slack="0"/>
</pin_list>
<bind>
<StgValue><ssdm name="P_308_out"/></StgValue>
</bind>
</comp>

<comp id="180" class="1000" name="P_307_out">
<pin_list>
<pin id="181" dir="1" index="0" bw="1" slack="0"/>
</pin_list>
<bind>
<StgValue><ssdm name="P_307_out"/></StgValue>
</bind>
</comp>

<comp id="182" class="1000" name="P_306_out">
<pin_list>
<pin id="183" dir="1" index="0" bw="1" slack="0"/>
</pin_list>
<bind>
<StgValue><ssdm name="P_306_out"/></StgValue>
</bind>
</comp>

<comp id="184" class="1000" name="P_305_out">
<pin_list>
<pin id="185" dir="1" index="0" bw="1" slack="0"/>
</pin_list>
<bind>
<StgValue><ssdm name="P_305_out"/></StgValue>
</bind>
</comp>

<comp id="186" class="1000" name="P_304_out">
<pin_list>
<pin id="187" dir="1" index="0" bw="1" slack="0"/>
</pin_list>
<bind>
<StgValue><ssdm name="P_304_out"/></StgValue>
</bind>
</comp>

<comp id="188" class="1000" name="P_303_out">
<pin_list>
<pin id="189" dir="1" index="0" bw="1" slack="0"/>
</pin_list>
<bind>
<StgValue><ssdm name="P_303_out"/></StgValue>
</bind>
</comp>

<comp id="190" class="1000" name="P_302_out">
<pin_list>
<pin id="191" dir="1" index="0" bw="1" slack="0"/>
</pin_list>
<bind>
<StgValue><ssdm name="P_302_out"/></StgValue>
</bind>
</comp>

<comp id="192" class="1000" name="P_301_out">
<pin_list>
<pin id="193" dir="1" index="0" bw="1" slack="0"/>
</pin_list>
<bind>
<StgValue><ssdm name="P_301_out"/></StgValue>
</bind>
</comp>

<comp id="194" class="1000" name="P_300_out">
<pin_list>
<pin id="195" dir="1" index="0" bw="1" slack="0"/>
</pin_list>
<bind>
<StgValue><ssdm name="P_300_out"/></StgValue>
</bind>
</comp>

<comp id="196" class="1000" name="P_299_out">
<pin_list>
<pin id="197" dir="1" index="0" bw="1" slack="0"/>
</pin_list>
<bind>
<StgValue><ssdm name="P_299_out"/></StgValue>
</bind>
</comp>

<comp id="198" class="1000" name="P_298_out">
<pin_list>
<pin id="199" dir="1" index="0" bw="1" slack="0"/>
</pin_list>
<bind>
<StgValue><ssdm name="P_298_out"/></StgValue>
</bind>
</comp>

<comp id="200" class="1000" name="P_297_out">
<pin_list>
<pin id="201" dir="1" index="0" bw="1" slack="0"/>
</pin_list>
<bind>
<StgValue><ssdm name="P_297_out"/></StgValue>
</bind>
</comp>

<comp id="202" class="1000" name="P_296_out">
<pin_list>
<pin id="203" dir="1" index="0" bw="1" slack="0"/>
</pin_list>
<bind>
<StgValue><ssdm name="P_296_out"/></StgValue>
</bind>
</comp>

<comp id="204" class="1000" name="P_295_out">
<pin_list>
<pin id="205" dir="1" index="0" bw="1" slack="0"/>
</pin_list>
<bind>
<StgValue><ssdm name="P_295_out"/></StgValue>
</bind>
</comp>

<comp id="206" class="1000" name="P_294_out">
<pin_list>
<pin id="207" dir="1" index="0" bw="1" slack="0"/>
</pin_list>
<bind>
<StgValue><ssdm name="P_294_out"/></StgValue>
</bind>
</comp>

<comp id="208" class="1000" name="P_293_out">
<pin_list>
<pin id="209" dir="1" index="0" bw="1" slack="0"/>
</pin_list>
<bind>
<StgValue><ssdm name="P_293_out"/></StgValue>
</bind>
</comp>

<comp id="210" class="1000" name="P_292_out">
<pin_list>
<pin id="211" dir="1" index="0" bw="1" slack="0"/>
</pin_list>
<bind>
<StgValue><ssdm name="P_292_out"/></StgValue>
</bind>
</comp>

<comp id="212" class="1000" name="P_291_out">
<pin_list>
<pin id="213" dir="1" index="0" bw="1" slack="0"/>
</pin_list>
<bind>
<StgValue><ssdm name="P_291_out"/></StgValue>
</bind>
</comp>

<comp id="214" class="1000" name="P_290_out">
<pin_list>
<pin id="215" dir="1" index="0" bw="1" slack="0"/>
</pin_list>
<bind>
<StgValue><ssdm name="P_290_out"/></StgValue>
</bind>
</comp>

<comp id="216" class="1000" name="P_289_out">
<pin_list>
<pin id="217" dir="1" index="0" bw="1" slack="0"/>
</pin_list>
<bind>
<StgValue><ssdm name="P_289_out"/></StgValue>
</bind>
</comp>

<comp id="218" class="1000" name="P_288_out">
<pin_list>
<pin id="219" dir="1" index="0" bw="1" slack="0"/>
</pin_list>
<bind>
<StgValue><ssdm name="P_288_out"/></StgValue>
</bind>
</comp>

<comp id="220" class="1000" name="P_287_out">
<pin_list>
<pin id="221" dir="1" index="0" bw="1" slack="0"/>
</pin_list>
<bind>
<StgValue><ssdm name="P_287_out"/></StgValue>
</bind>
</comp>

<comp id="222" class="1000" name="P_286_out">
<pin_list>
<pin id="223" dir="1" index="0" bw="1" slack="0"/>
</pin_list>
<bind>
<StgValue><ssdm name="P_286_out"/></StgValue>
</bind>
</comp>

<comp id="224" class="1000" name="P_285_out">
<pin_list>
<pin id="225" dir="1" index="0" bw="1" slack="0"/>
</pin_list>
<bind>
<StgValue><ssdm name="P_285_out"/></StgValue>
</bind>
</comp>

<comp id="226" class="1000" name="P_284_out">
<pin_list>
<pin id="227" dir="1" index="0" bw="1" slack="0"/>
</pin_list>
<bind>
<StgValue><ssdm name="P_284_out"/></StgValue>
</bind>
</comp>

<comp id="228" class="1000" name="P_283_out">
<pin_list>
<pin id="229" dir="1" index="0" bw="1" slack="0"/>
</pin_list>
<bind>
<StgValue><ssdm name="P_283_out"/></StgValue>
</bind>
</comp>

<comp id="230" class="1001" name="const_230">
<pin_list>
<pin id="231" dir="1" index="0" bw="1" slack="0"/>
</pin_list>
<bind>
<StgValue><ssdm name=""/></StgValue>
</bind>
</comp>

<comp id="232" class="1001" name="const_232">
<pin_list>
<pin id="233" dir="1" index="0" bw="1" slack="0"/>
</pin_list>
<bind>
<StgValue><ssdm name="_ssdm_op_Read.ap_auto.float"/></StgValue>
</bind>
</comp>

<comp id="234" class="1001" name="const_234">
<pin_list>
<pin id="235" dir="1" index="0" bw="1" slack="0"/>
</pin_list>
<bind>
<StgValue><ssdm name=""/></StgValue>
</bind>
</comp>

<comp id="236" class="1001" name="const_236">
<pin_list>
<pin id="237" dir="1" index="0" bw="1" slack="2147483647"/>
</pin_list>
<bind>
<StgValue><ssdm name="_ssdm_op_SpecPipeline"/></StgValue>
</bind>
</comp>

<comp id="238" class="1001" name="const_238">
<pin_list>
<pin id="239" dir="1" index="0" bw="1" slack="2147483647"/>
</pin_list>
<bind>
<StgValue><ssdm name=""/></StgValue>
</bind>
</comp>

<comp id="240" class="1001" name="const_240">
<pin_list>
<pin id="241" dir="1" index="0" bw="1" slack="2147483647"/>
</pin_list>
<bind>
<StgValue><ssdm name=""/></StgValue>
</bind>
</comp>

<comp id="242" class="1001" name="const_242">
<pin_list>
<pin id="243" dir="1" index="0" bw="1" slack="2147483647"/>
</pin_list>
<bind>
<StgValue><ssdm name="p_str"/></StgValue>
</bind>
</comp>

<comp id="244" class="1001" name="const_244">
<pin_list>
<pin id="245" dir="1" index="0" bw="1" slack="0"/>
</pin_list>
<bind>
<StgValue><ssdm name=""/></StgValue>
</bind>
</comp>

<comp id="246" class="1001" name="const_246">
<pin_list>
<pin id="247" dir="1" index="0" bw="1" slack="0"/>
</pin_list>
<bind>
<StgValue><ssdm name=""/></StgValue>
</bind>
</comp>

<comp id="248" class="1001" name="const_248">
<pin_list>
<pin id="249" dir="1" index="0" bw="1" slack="0"/>
</pin_list>
<bind>
<StgValue><ssdm name="_ssdm_op_Mux.ap_auto.6f32.i3"/></StgValue>
</bind>
</comp>

<comp id="250" class="1001" name="const_250">
<pin_list>
<pin id="251" dir="1" index="0" bw="1" slack="2147483647"/>
</pin_list>
<bind>
<StgValue><ssdm name=""/></StgValue>
</bind>
</comp>

<comp id="252" class="1001" name="const_252">
<pin_list>
<pin id="253" dir="1" index="0" bw="1" slack="2147483647"/>
</pin_list>
<bind>
<StgValue><ssdm name=""/></StgValue>
</bind>
</comp>

<comp id="254" class="1001" name="const_254">
<pin_list>
<pin id="255" dir="1" index="0" bw="1" slack="2147483647"/>
</pin_list>
<bind>
<StgValue><ssdm name=""/></StgValue>
</bind>
</comp>

<comp id="256" class="1001" name="const_256">
<pin_list>
<pin id="257" dir="1" index="0" bw="1" slack="2147483647"/>
</pin_list>
<bind>
<StgValue><ssdm name="_ssdm_op_SpecLoopTripCount"/></StgValue>
</bind>
</comp>

<comp id="258" class="1001" name="const_258">
<pin_list>
<pin id="259" dir="1" index="0" bw="1" slack="2147483647"/>
</pin_list>
<bind>
<StgValue><ssdm name=""/></StgValue>
</bind>
</comp>

<comp id="260" class="1001" name="const_260">
<pin_list>
<pin id="261" dir="1" index="0" bw="1" slack="2147483647"/>
</pin_list>
<bind>
<StgValue><ssdm name="_ssdm_op_SpecLoopName"/></StgValue>
</bind>
</comp>

<comp id="262" class="1001" name="const_262">
<pin_list>
<pin id="263" dir="1" index="0" bw="1" slack="2147483647"/>
</pin_list>
<bind>
<StgValue><ssdm name="empty_21"/></StgValue>
</bind>
</comp>

<comp id="264" class="1001" name="const_264">
<pin_list>
<pin id="265" dir="1" index="0" bw="1" slack="0"/>
</pin_list>
<bind>
<StgValue><ssdm name="_ssdm_op_Write.ap_auto.floatP0A"/></StgValue>
</bind>
</comp>

<comp id="266" class="1004" name="i_fu_266">
<pin_list>
<pin id="267" dir="0" index="0" bw="1" slack="0"/>
<pin id="268" dir="1" index="1" bw="3" slack="0"/>
</pin_list>
<bind>
<opcode="alloca(26) " fcode="alloca"/>
<opset="i/1 "/>
</bind>
</comp>

<comp id="270" class="1004" name="P_fu_270">
<pin_list>
<pin id="271" dir="0" index="0" bw="1" slack="0"/>
<pin id="272" dir="1" index="1" bw="32" slack="0"/>
</pin_list>
<bind>
<opcode="alloca(26) " fcode="alloca"/>
<opset="P/1 "/>
</bind>
</comp>

<comp id="274" class="1004" name="P_38_fu_274">
<pin_list>
<pin id="275" dir="0" index="0" bw="1" slack="0"/>
<pin id="276" dir="1" index="1" bw="32" slack="0"/>
</pin_list>
<bind>
<opcode="alloca(26) " fcode="alloca"/>
<opset="P_38/1 "/>
</bind>
</comp>

<comp id="278" class="1004" name="P_39_fu_278">
<pin_list>
<pin id="279" dir="0" index="0" bw="1" slack="0"/>
<pin id="280" dir="1" index="1" bw="32" slack="0"/>
</pin_list>
<bind>
<opcode="alloca(26) " fcode="alloca"/>
<opset="P_39/1 "/>
</bind>
</comp>

<comp id="282" class="1004" name="P_40_fu_282">
<pin_list>
<pin id="283" dir="0" index="0" bw="1" slack="0"/>
<pin id="284" dir="1" index="1" bw="32" slack="0"/>
</pin_list>
<bind>
<opcode="alloca(26) " fcode="alloca"/>
<opset="P_40/1 "/>
</bind>
</comp>

<comp id="286" class="1004" name="P_41_fu_286">
<pin_list>
<pin id="287" dir="0" index="0" bw="1" slack="0"/>
<pin id="288" dir="1" index="1" bw="32" slack="0"/>
</pin_list>
<bind>
<opcode="alloca(26) " fcode="alloca"/>
<opset="P_41/1 "/>
</bind>
</comp>

<comp id="290" class="1004" name="P_42_fu_290">
<pin_list>
<pin id="291" dir="0" index="0" bw="1" slack="0"/>
<pin id="292" dir="1" index="1" bw="32" slack="0"/>
</pin_list>
<bind>
<opcode="alloca(26) " fcode="alloca"/>
<opset="P_42/1 "/>
</bind>
</comp>

<comp id="294" class="1004" name="P_43_fu_294">
<pin_list>
<pin id="295" dir="0" index="0" bw="1" slack="0"/>
<pin id="296" dir="1" index="1" bw="32" slack="0"/>
</pin_list>
<bind>
<opcode="alloca(26) " fcode="alloca"/>
<opset="P_43/1 "/>
</bind>
</comp>

<comp id="298" class="1004" name="P_44_fu_298">
<pin_list>
<pin id="299" dir="0" index="0" bw="1" slack="0"/>
<pin id="300" dir="1" index="1" bw="32" slack="0"/>
</pin_list>
<bind>
<opcode="alloca(26) " fcode="alloca"/>
<opset="P_44/1 "/>
</bind>
</comp>

<comp id="302" class="1004" name="P_45_fu_302">
<pin_list>
<pin id="303" dir="0" index="0" bw="1" slack="0"/>
<pin id="304" dir="1" index="1" bw="32" slack="0"/>
</pin_list>
<bind>
<opcode="alloca(26) " fcode="alloca"/>
<opset="P_45/1 "/>
</bind>
</comp>

<comp id="306" class="1004" name="P_46_fu_306">
<pin_list>
<pin id="307" dir="0" index="0" bw="1" slack="0"/>
<pin id="308" dir="1" index="1" bw="32" slack="0"/>
</pin_list>
<bind>
<opcode="alloca(26) " fcode="alloca"/>
<opset="P_46/1 "/>
</bind>
</comp>

<comp id="310" class="1004" name="P_47_fu_310">
<pin_list>
<pin id="311" dir="0" index="0" bw="1" slack="0"/>
<pin id="312" dir="1" index="1" bw="32" slack="0"/>
</pin_list>
<bind>
<opcode="alloca(26) " fcode="alloca"/>
<opset="P_47/1 "/>
</bind>
</comp>

<comp id="314" class="1004" name="P_48_fu_314">
<pin_list>
<pin id="315" dir="0" index="0" bw="1" slack="0"/>
<pin id="316" dir="1" index="1" bw="32" slack="0"/>
</pin_list>
<bind>
<opcode="alloca(26) " fcode="alloca"/>
<opset="P_48/1 "/>
</bind>
</comp>

<comp id="318" class="1004" name="P_49_fu_318">
<pin_list>
<pin id="319" dir="0" index="0" bw="1" slack="0"/>
<pin id="320" dir="1" index="1" bw="32" slack="0"/>
</pin_list>
<bind>
<opcode="alloca(26) " fcode="alloca"/>
<opset="P_49/1 "/>
</bind>
</comp>

<comp id="322" class="1004" name="P_50_fu_322">
<pin_list>
<pin id="323" dir="0" index="0" bw="1" slack="0"/>
<pin id="324" dir="1" index="1" bw="32" slack="0"/>
</pin_list>
<bind>
<opcode="alloca(26) " fcode="alloca"/>
<opset="P_50/1 "/>
</bind>
</comp>

<comp id="326" class="1004" name="P_51_fu_326">
<pin_list>
<pin id="327" dir="0" index="0" bw="1" slack="0"/>
<pin id="328" dir="1" index="1" bw="32" slack="0"/>
</pin_list>
<bind>
<opcode="alloca(26) " fcode="alloca"/>
<opset="P_51/1 "/>
</bind>
</comp>

<comp id="330" class="1004" name="P_52_fu_330">
<pin_list>
<pin id="331" dir="0" index="0" bw="1" slack="0"/>
<pin id="332" dir="1" index="1" bw="32" slack="0"/>
</pin_list>
<bind>
<opcode="alloca(26) " fcode="alloca"/>
<opset="P_52/1 "/>
</bind>
</comp>

<comp id="334" class="1004" name="P_53_fu_334">
<pin_list>
<pin id="335" dir="0" index="0" bw="1" slack="0"/>
<pin id="336" dir="1" index="1" bw="32" slack="0"/>
</pin_list>
<bind>
<opcode="alloca(26) " fcode="alloca"/>
<opset="P_53/1 "/>
</bind>
</comp>

<comp id="338" class="1004" name="P_54_fu_338">
<pin_list>
<pin id="339" dir="0" index="0" bw="1" slack="0"/>
<pin id="340" dir="1" index="1" bw="32" slack="0"/>
</pin_list>
<bind>
<opcode="alloca(26) " fcode="alloca"/>
<opset="P_54/1 "/>
</bind>
</comp>

<comp id="342" class="1004" name="P_55_fu_342">
<pin_list>
<pin id="343" dir="0" index="0" bw="1" slack="0"/>
<pin id="344" dir="1" index="1" bw="32" slack="0"/>
</pin_list>
<bind>
<opcode="alloca(26) " fcode="alloca"/>
<opset="P_55/1 "/>
</bind>
</comp>

<comp id="346" class="1004" name="P_56_fu_346">
<pin_list>
<pin id="347" dir="0" index="0" bw="1" slack="0"/>
<pin id="348" dir="1" index="1" bw="32" slack="0"/>
</pin_list>
<bind>
<opcode="alloca(26) " fcode="alloca"/>
<opset="P_56/1 "/>
</bind>
</comp>

<comp id="350" class="1004" name="P_57_fu_350">
<pin_list>
<pin id="351" dir="0" index="0" bw="1" slack="0"/>
<pin id="352" dir="1" index="1" bw="32" slack="0"/>
</pin_list>
<bind>
<opcode="alloca(26) " fcode="alloca"/>
<opset="P_57/1 "/>
</bind>
</comp>

<comp id="354" class="1004" name="P_58_fu_354">
<pin_list>
<pin id="355" dir="0" index="0" bw="1" slack="0"/>
<pin id="356" dir="1" index="1" bw="32" slack="0"/>
</pin_list>
<bind>
<opcode="alloca(26) " fcode="alloca"/>
<opset="P_58/1 "/>
</bind>
</comp>

<comp id="358" class="1004" name="P_59_fu_358">
<pin_list>
<pin id="359" dir="0" index="0" bw="1" slack="0"/>
<pin id="360" dir="1" index="1" bw="32" slack="0"/>
</pin_list>
<bind>
<opcode="alloca(26) " fcode="alloca"/>
<opset="P_59/1 "/>
</bind>
</comp>

<comp id="362" class="1004" name="P_60_fu_362">
<pin_list>
<pin id="363" dir="0" index="0" bw="1" slack="0"/>
<pin id="364" dir="1" index="1" bw="32" slack="0"/>
</pin_list>
<bind>
<opcode="alloca(26) " fcode="alloca"/>
<opset="P_60/1 "/>
</bind>
</comp>

<comp id="366" class="1004" name="P_61_fu_366">
<pin_list>
<pin id="367" dir="0" index="0" bw="1" slack="0"/>
<pin id="368" dir="1" index="1" bw="32" slack="0"/>
</pin_list>
<bind>
<opcode="alloca(26) " fcode="alloca"/>
<opset="P_61/1 "/>
</bind>
</comp>

<comp id="370" class="1004" name="P_62_fu_370">
<pin_list>
<pin id="371" dir="0" index="0" bw="1" slack="0"/>
<pin id="372" dir="1" index="1" bw="32" slack="0"/>
</pin_list>
<bind>
<opcode="alloca(26) " fcode="alloca"/>
<opset="P_62/1 "/>
</bind>
</comp>

<comp id="374" class="1004" name="P_63_fu_374">
<pin_list>
<pin id="375" dir="0" index="0" bw="1" slack="0"/>
<pin id="376" dir="1" index="1" bw="32" slack="0"/>
</pin_list>
<bind>
<opcode="alloca(26) " fcode="alloca"/>
<opset="P_63/1 "/>
</bind>
</comp>

<comp id="378" class="1004" name="P_64_fu_378">
<pin_list>
<pin id="379" dir="0" index="0" bw="1" slack="0"/>
<pin id="380" dir="1" index="1" bw="32" slack="0"/>
</pin_list>
<bind>
<opcode="alloca(26) " fcode="alloca"/>
<opset="P_64/1 "/>
</bind>
</comp>

<comp id="382" class="1004" name="P_65_fu_382">
<pin_list>
<pin id="383" dir="0" index="0" bw="1" slack="0"/>
<pin id="384" dir="1" index="1" bw="32" slack="0"/>
</pin_list>
<bind>
<opcode="alloca(26) " fcode="alloca"/>
<opset="P_65/1 "/>
</bind>
</comp>

<comp id="386" class="1004" name="P_66_fu_386">
<pin_list>
<pin id="387" dir="0" index="0" bw="1" slack="0"/>
<pin id="388" dir="1" index="1" bw="32" slack="0"/>
</pin_list>
<bind>
<opcode="alloca(26) " fcode="alloca"/>
<opset="P_66/1 "/>
</bind>
</comp>

<comp id="390" class="1004" name="P_67_fu_390">
<pin_list>
<pin id="391" dir="0" index="0" bw="1" slack="0"/>
<pin id="392" dir="1" index="1" bw="32" slack="0"/>
</pin_list>
<bind>
<opcode="alloca(26) " fcode="alloca"/>
<opset="P_67/1 "/>
</bind>
</comp>

<comp id="394" class="1004" name="P_68_fu_394">
<pin_list>
<pin id="395" dir="0" index="0" bw="1" slack="0"/>
<pin id="396" dir="1" index="1" bw="32" slack="0"/>
</pin_list>
<bind>
<opcode="alloca(26) " fcode="alloca"/>
<opset="P_68/1 "/>
</bind>
</comp>

<comp id="398" class="1004" name="P_69_fu_398">
<pin_list>
<pin id="399" dir="0" index="0" bw="1" slack="0"/>
<pin id="400" dir="1" index="1" bw="32" slack="0"/>
</pin_list>
<bind>
<opcode="alloca(26) " fcode="alloca"/>
<opset="P_69/1 "/>
</bind>
</comp>

<comp id="402" class="1004" name="P_70_fu_402">
<pin_list>
<pin id="403" dir="0" index="0" bw="1" slack="0"/>
<pin id="404" dir="1" index="1" bw="32" slack="0"/>
</pin_list>
<bind>
<opcode="alloca(26) " fcode="alloca"/>
<opset="P_70/1 "/>
</bind>
</comp>

<comp id="406" class="1004" name="P_71_fu_406">
<pin_list>
<pin id="407" dir="0" index="0" bw="1" slack="0"/>
<pin id="408" dir="1" index="1" bw="32" slack="0"/>
</pin_list>
<bind>
<opcode="alloca(26) " fcode="alloca"/>
<opset="P_71/1 "/>
</bind>
</comp>

<comp id="410" class="1004" name="P_72_fu_410">
<pin_list>
<pin id="411" dir="0" index="0" bw="1" slack="0"/>
<pin id="412" dir="1" index="1" bw="32" slack="0"/>
</pin_list>
<bind>
<opcode="alloca(26) " fcode="alloca"/>
<opset="P_72/1 "/>
</bind>
</comp>

<comp id="414" class="1004" name="mux_case_022143363_reload_read_read_fu_414">
<pin_list>
<pin id="415" dir="0" index="0" bw="32" slack="0"/>
<pin id="416" dir="0" index="1" bw="32" slack="0"/>
<pin id="417" dir="1" index="2" bw="32" slack="7"/>
</pin_list>
<bind>
<opcode="read(1150) " fcode="read"/>
<opset="mux_case_022143363_reload_read/1 "/>
</bind>
</comp>

<comp id="420" class="1004" name="mux_case_022013327_reload_read_read_fu_420">
<pin_list>
<pin id="421" dir="0" index="0" bw="32" slack="0"/>
<pin id="422" dir="0" index="1" bw="32" slack="0"/>
<pin id="423" dir="1" index="2" bw="32" slack="7"/>
</pin_list>
<bind>
<opcode="read(1150) " fcode="read"/>
<opset="mux_case_022013327_reload_read/1 "/>
</bind>
</comp>

<comp id="426" class="1004" name="mux_case_021883291_reload_read_read_fu_426">
<pin_list>
<pin id="427" dir="0" index="0" bw="32" slack="0"/>
<pin id="428" dir="0" index="1" bw="32" slack="0"/>
<pin id="429" dir="1" index="2" bw="32" slack="7"/>
</pin_list>
<bind>
<opcode="read(1150) " fcode="read"/>
<opset="mux_case_021883291_reload_read/1 "/>
</bind>
</comp>

<comp id="432" class="1004" name="mux_case_021753255_reload_read_read_fu_432">
<pin_list>
<pin id="433" dir="0" index="0" bw="32" slack="0"/>
<pin id="434" dir="0" index="1" bw="32" slack="0"/>
<pin id="435" dir="1" index="2" bw="32" slack="7"/>
</pin_list>
<bind>
<opcode="read(1150) " fcode="read"/>
<opset="mux_case_021753255_reload_read/1 "/>
</bind>
</comp>

<comp id="438" class="1004" name="mux_case_021623219_reload_read_read_fu_438">
<pin_list>
<pin id="439" dir="0" index="0" bw="32" slack="0"/>
<pin id="440" dir="0" index="1" bw="32" slack="0"/>
<pin id="441" dir="1" index="2" bw="32" slack="7"/>
</pin_list>
<bind>
<opcode="read(1150) " fcode="read"/>
<opset="mux_case_021623219_reload_read/1 "/>
</bind>
</comp>

<comp id="444" class="1004" name="mux_case_021493182_reload_read_read_fu_444">
<pin_list>
<pin id="445" dir="0" index="0" bw="32" slack="0"/>
<pin id="446" dir="0" index="1" bw="32" slack="0"/>
<pin id="447" dir="1" index="2" bw="32" slack="7"/>
</pin_list>
<bind>
<opcode="read(1150) " fcode="read"/>
<opset="mux_case_021493182_reload_read/1 "/>
</bind>
</comp>

<comp id="450" class="1004" name="s_2_read_read_fu_450">
<pin_list>
<pin id="451" dir="0" index="0" bw="32" slack="0"/>
<pin id="452" dir="0" index="1" bw="32" slack="0"/>
<pin id="453" dir="1" index="2" bw="32" slack="1"/>
</pin_list>
<bind>
<opcode="read(1150) " fcode="read"/>
<opset="s_2_read/1 "/>
</bind>
</comp>

<comp id="456" class="1004" name="K_reload_read_read_fu_456">
<pin_list>
<pin id="457" dir="0" index="0" bw="32" slack="0"/>
<pin id="458" dir="0" index="1" bw="32" slack="0"/>
<pin id="459" dir="1" index="2" bw="32" slack="0"/>
</pin_list>
<bind>
<opcode="read(1150) " fcode="read"/>
<opset="K_reload_read/1 "/>
</bind>
</comp>

<comp id="462" class="1004" name="K_1_reload_read_read_fu_462">
<pin_list>
<pin id="463" dir="0" index="0" bw="32" slack="0"/>
<pin id="464" dir="0" index="1" bw="32" slack="0"/>
<pin id="465" dir="1" index="2" bw="32" slack="0"/>
</pin_list>
<bind>
<opcode="read(1150) " fcode="read"/>
<opset="K_1_reload_read/1 "/>
</bind>
</comp>

<comp id="468" class="1004" name="mux_case_122163369_reload_read_read_fu_468">
<pin_list>
<pin id="469" dir="0" index="0" bw="32" slack="0"/>
<pin id="470" dir="0" index="1" bw="32" slack="0"/>
<pin id="471" dir="1" index="2" bw="32" slack="7"/>
</pin_list>
<bind>
<opcode="read(1150) " fcode="read"/>
<opset="mux_case_122163369_reload_read/1 "/>
</bind>
</comp>

<comp id="474" class="1004" name="mux_case_122033333_reload_read_read_fu_474">
<pin_list>
<pin id="475" dir="0" index="0" bw="32" slack="0"/>
<pin id="476" dir="0" index="1" bw="32" slack="0"/>
<pin id="477" dir="1" index="2" bw="32" slack="7"/>
</pin_list>
<bind>
<opcode="read(1150) " fcode="read"/>
<opset="mux_case_122033333_reload_read/1 "/>
</bind>
</comp>

<comp id="480" class="1004" name="mux_case_121903297_reload_read_read_fu_480">
<pin_list>
<pin id="481" dir="0" index="0" bw="32" slack="0"/>
<pin id="482" dir="0" index="1" bw="32" slack="0"/>
<pin id="483" dir="1" index="2" bw="32" slack="7"/>
</pin_list>
<bind>
<opcode="read(1150) " fcode="read"/>
<opset="mux_case_121903297_reload_read/1 "/>
</bind>
</comp>

<comp id="486" class="1004" name="mux_case_121773261_reload_read_read_fu_486">
<pin_list>
<pin id="487" dir="0" index="0" bw="32" slack="0"/>
<pin id="488" dir="0" index="1" bw="32" slack="0"/>
<pin id="489" dir="1" index="2" bw="32" slack="7"/>
</pin_list>
<bind>
<opcode="read(1150) " fcode="read"/>
<opset="mux_case_121773261_reload_read/1 "/>
</bind>
</comp>

<comp id="492" class="1004" name="mux_case_121643225_reload_read_read_fu_492">
<pin_list>
<pin id="493" dir="0" index="0" bw="32" slack="0"/>
<pin id="494" dir="0" index="1" bw="32" slack="0"/>
<pin id="495" dir="1" index="2" bw="32" slack="7"/>
</pin_list>
<bind>
<opcode="read(1150) " fcode="read"/>
<opset="mux_case_121643225_reload_read/1 "/>
</bind>
</comp>

<comp id="498" class="1004" name="mux_case_121513188_reload_read_read_fu_498">
<pin_list>
<pin id="499" dir="0" index="0" bw="32" slack="0"/>
<pin id="500" dir="0" index="1" bw="32" slack="0"/>
<pin id="501" dir="1" index="2" bw="32" slack="7"/>
</pin_list>
<bind>
<opcode="read(1150) " fcode="read"/>
<opset="mux_case_121513188_reload_read/1 "/>
</bind>
</comp>

<comp id="504" class="1004" name="K_2_reload_read_read_fu_504">
<pin_list>
<pin id="505" dir="0" index="0" bw="32" slack="0"/>
<pin id="506" dir="0" index="1" bw="32" slack="0"/>
<pin id="507" dir="1" index="2" bw="32" slack="0"/>
</pin_list>
<bind>
<opcode="read(1150) " fcode="read"/>
<opset="K_2_reload_read/1 "/>
</bind>
</comp>

<comp id="510" class="1004" name="mux_case_222183375_reload_read_read_fu_510">
<pin_list>
<pin id="511" dir="0" index="0" bw="32" slack="0"/>
<pin id="512" dir="0" index="1" bw="32" slack="0"/>
<pin id="513" dir="1" index="2" bw="32" slack="7"/>
</pin_list>
<bind>
<opcode="read(1150) " fcode="read"/>
<opset="mux_case_222183375_reload_read/1 "/>
</bind>
</comp>

<comp id="516" class="1004" name="mux_case_222053339_reload_read_read_fu_516">
<pin_list>
<pin id="517" dir="0" index="0" bw="32" slack="0"/>
<pin id="518" dir="0" index="1" bw="32" slack="0"/>
<pin id="519" dir="1" index="2" bw="32" slack="7"/>
</pin_list>
<bind>
<opcode="read(1150) " fcode="read"/>
<opset="mux_case_222053339_reload_read/1 "/>
</bind>
</comp>

<comp id="522" class="1004" name="mux_case_221923303_reload_read_read_fu_522">
<pin_list>
<pin id="523" dir="0" index="0" bw="32" slack="0"/>
<pin id="524" dir="0" index="1" bw="32" slack="0"/>
<pin id="525" dir="1" index="2" bw="32" slack="7"/>
</pin_list>
<bind>
<opcode="read(1150) " fcode="read"/>
<opset="mux_case_221923303_reload_read/1 "/>
</bind>
</comp>

<comp id="528" class="1004" name="mux_case_221793267_reload_read_read_fu_528">
<pin_list>
<pin id="529" dir="0" index="0" bw="32" slack="0"/>
<pin id="530" dir="0" index="1" bw="32" slack="0"/>
<pin id="531" dir="1" index="2" bw="32" slack="7"/>
</pin_list>
<bind>
<opcode="read(1150) " fcode="read"/>
<opset="mux_case_221793267_reload_read/1 "/>
</bind>
</comp>

<comp id="534" class="1004" name="mux_case_221663231_reload_read_read_fu_534">
<pin_list>
<pin id="535" dir="0" index="0" bw="32" slack="0"/>
<pin id="536" dir="0" index="1" bw="32" slack="0"/>
<pin id="537" dir="1" index="2" bw="32" slack="7"/>
</pin_list>
<bind>
<opcode="read(1150) " fcode="read"/>
<opset="mux_case_221663231_reload_read/1 "/>
</bind>
</comp>

<comp id="540" class="1004" name="mux_case_221533194_reload_read_read_fu_540">
<pin_list>
<pin id="541" dir="0" index="0" bw="32" slack="0"/>
<pin id="542" dir="0" index="1" bw="32" slack="0"/>
<pin id="543" dir="1" index="2" bw="32" slack="7"/>
</pin_list>
<bind>
<opcode="read(1150) " fcode="read"/>
<opset="mux_case_221533194_reload_read/1 "/>
</bind>
</comp>

<comp id="546" class="1004" name="K_3_reload_read_read_fu_546">
<pin_list>
<pin id="547" dir="0" index="0" bw="32" slack="0"/>
<pin id="548" dir="0" index="1" bw="32" slack="0"/>
<pin id="549" dir="1" index="2" bw="32" slack="0"/>
</pin_list>
<bind>
<opcode="read(1150) " fcode="read"/>
<opset="K_3_reload_read/1 "/>
</bind>
</comp>

<comp id="552" class="1004" name="mux_case_322203381_reload_read_read_fu_552">
<pin_list>
<pin id="553" dir="0" index="0" bw="32" slack="0"/>
<pin id="554" dir="0" index="1" bw="32" slack="0"/>
<pin id="555" dir="1" index="2" bw="32" slack="7"/>
</pin_list>
<bind>
<opcode="read(1150) " fcode="read"/>
<opset="mux_case_322203381_reload_read/1 "/>
</bind>
</comp>

<comp id="558" class="1004" name="mux_case_322073345_reload_read_read_fu_558">
<pin_list>
<pin id="559" dir="0" index="0" bw="32" slack="0"/>
<pin id="560" dir="0" index="1" bw="32" slack="0"/>
<pin id="561" dir="1" index="2" bw="32" slack="7"/>
</pin_list>
<bind>
<opcode="read(1150) " fcode="read"/>
<opset="mux_case_322073345_reload_read/1 "/>
</bind>
</comp>

<comp id="564" class="1004" name="mux_case_321943309_reload_read_read_fu_564">
<pin_list>
<pin id="565" dir="0" index="0" bw="32" slack="0"/>
<pin id="566" dir="0" index="1" bw="32" slack="0"/>
<pin id="567" dir="1" index="2" bw="32" slack="7"/>
</pin_list>
<bind>
<opcode="read(1150) " fcode="read"/>
<opset="mux_case_321943309_reload_read/1 "/>
</bind>
</comp>

<comp id="570" class="1004" name="mux_case_321813273_reload_read_read_fu_570">
<pin_list>
<pin id="571" dir="0" index="0" bw="32" slack="0"/>
<pin id="572" dir="0" index="1" bw="32" slack="0"/>
<pin id="573" dir="1" index="2" bw="32" slack="7"/>
</pin_list>
<bind>
<opcode="read(1150) " fcode="read"/>
<opset="mux_case_321813273_reload_read/1 "/>
</bind>
</comp>

<comp id="576" class="1004" name="mux_case_321683237_reload_read_read_fu_576">
<pin_list>
<pin id="577" dir="0" index="0" bw="32" slack="0"/>
<pin id="578" dir="0" index="1" bw="32" slack="0"/>
<pin id="579" dir="1" index="2" bw="32" slack="7"/>
</pin_list>
<bind>
<opcode="read(1150) " fcode="read"/>
<opset="mux_case_321683237_reload_read/1 "/>
</bind>
</comp>

<comp id="582" class="1004" name="mux_case_321553200_reload_read_read_fu_582">
<pin_list>
<pin id="583" dir="0" index="0" bw="32" slack="0"/>
<pin id="584" dir="0" index="1" bw="32" slack="0"/>
<pin id="585" dir="1" index="2" bw="32" slack="7"/>
</pin_list>
<bind>
<opcode="read(1150) " fcode="read"/>
<opset="mux_case_321553200_reload_read/1 "/>
</bind>
</comp>

<comp id="588" class="1004" name="K_4_reload_read_read_fu_588">
<pin_list>
<pin id="589" dir="0" index="0" bw="32" slack="0"/>
<pin id="590" dir="0" index="1" bw="32" slack="0"/>
<pin id="591" dir="1" index="2" bw="32" slack="0"/>
</pin_list>
<bind>
<opcode="read(1150) " fcode="read"/>
<opset="K_4_reload_read/1 "/>
</bind>
</comp>

<comp id="594" class="1004" name="mux_case_422223387_reload_read_read_fu_594">
<pin_list>
<pin id="595" dir="0" index="0" bw="32" slack="0"/>
<pin id="596" dir="0" index="1" bw="32" slack="0"/>
<pin id="597" dir="1" index="2" bw="32" slack="7"/>
</pin_list>
<bind>
<opcode="read(1150) " fcode="read"/>
<opset="mux_case_422223387_reload_read/1 "/>
</bind>
</comp>

<comp id="600" class="1004" name="mux_case_422093351_reload_read_read_fu_600">
<pin_list>
<pin id="601" dir="0" index="0" bw="32" slack="0"/>
<pin id="602" dir="0" index="1" bw="32" slack="0"/>
<pin id="603" dir="1" index="2" bw="32" slack="7"/>
</pin_list>
<bind>
<opcode="read(1150) " fcode="read"/>
<opset="mux_case_422093351_reload_read/1 "/>
</bind>
</comp>

<comp id="606" class="1004" name="mux_case_421963315_reload_read_read_fu_606">
<pin_list>
<pin id="607" dir="0" index="0" bw="32" slack="0"/>
<pin id="608" dir="0" index="1" bw="32" slack="0"/>
<pin id="609" dir="1" index="2" bw="32" slack="7"/>
</pin_list>
<bind>
<opcode="read(1150) " fcode="read"/>
<opset="mux_case_421963315_reload_read/1 "/>
</bind>
</comp>

<comp id="612" class="1004" name="mux_case_421833279_reload_read_read_fu_612">
<pin_list>
<pin id="613" dir="0" index="0" bw="32" slack="0"/>
<pin id="614" dir="0" index="1" bw="32" slack="0"/>
<pin id="615" dir="1" index="2" bw="32" slack="7"/>
</pin_list>
<bind>
<opcode="read(1150) " fcode="read"/>
<opset="mux_case_421833279_reload_read/1 "/>
</bind>
</comp>

<comp id="618" class="1004" name="mux_case_421703243_reload_read_read_fu_618">
<pin_list>
<pin id="619" dir="0" index="0" bw="32" slack="0"/>
<pin id="620" dir="0" index="1" bw="32" slack="0"/>
<pin id="621" dir="1" index="2" bw="32" slack="7"/>
</pin_list>
<bind>
<opcode="read(1150) " fcode="read"/>
<opset="mux_case_421703243_reload_read/1 "/>
</bind>
</comp>

<comp id="624" class="1004" name="mux_case_421573206_reload_read_read_fu_624">
<pin_list>
<pin id="625" dir="0" index="0" bw="32" slack="0"/>
<pin id="626" dir="0" index="1" bw="32" slack="0"/>
<pin id="627" dir="1" index="2" bw="32" slack="7"/>
</pin_list>
<bind>
<opcode="read(1150) " fcode="read"/>
<opset="mux_case_421573206_reload_read/1 "/>
</bind>
</comp>

<comp id="630" class="1004" name="K_5_reload_read_read_fu_630">
<pin_list>
<pin id="631" dir="0" index="0" bw="32" slack="0"/>
<pin id="632" dir="0" index="1" bw="32" slack="0"/>
<pin id="633" dir="1" index="2" bw="32" slack="0"/>
</pin_list>
<bind>
<opcode="read(1150) " fcode="read"/>
<opset="K_5_reload_read/1 "/>
</bind>
</comp>

<comp id="636" class="1004" name="mux_case_522243393_reload_read_read_fu_636">
<pin_list>
<pin id="637" dir="0" index="0" bw="32" slack="0"/>
<pin id="638" dir="0" index="1" bw="32" slack="0"/>
<pin id="639" dir="1" index="2" bw="32" slack="7"/>
</pin_list>
<bind>
<opcode="read(1150) " fcode="read"/>
<opset="mux_case_522243393_reload_read/1 "/>
</bind>
</comp>

<comp id="642" class="1004" name="mux_case_522113357_reload_read_read_fu_642">
<pin_list>
<pin id="643" dir="0" index="0" bw="32" slack="0"/>
<pin id="644" dir="0" index="1" bw="32" slack="0"/>
<pin id="645" dir="1" index="2" bw="32" slack="7"/>
</pin_list>
<bind>
<opcode="read(1150) " fcode="read"/>
<opset="mux_case_522113357_reload_read/1 "/>
</bind>
</comp>

<comp id="648" class="1004" name="mux_case_521983321_reload_read_read_fu_648">
<pin_list>
<pin id="649" dir="0" index="0" bw="32" slack="0"/>
<pin id="650" dir="0" index="1" bw="32" slack="0"/>
<pin id="651" dir="1" index="2" bw="32" slack="7"/>
</pin_list>
<bind>
<opcode="read(1150) " fcode="read"/>
<opset="mux_case_521983321_reload_read/1 "/>
</bind>
</comp>

<comp id="654" class="1004" name="mux_case_521853285_reload_read_read_fu_654">
<pin_list>
<pin id="655" dir="0" index="0" bw="32" slack="0"/>
<pin id="656" dir="0" index="1" bw="32" slack="0"/>
<pin id="657" dir="1" index="2" bw="32" slack="7"/>
</pin_list>
<bind>
<opcode="read(1150) " fcode="read"/>
<opset="mux_case_521853285_reload_read/1 "/>
</bind>
</comp>

<comp id="660" class="1004" name="mux_case_521723249_reload_read_read_fu_660">
<pin_list>
<pin id="661" dir="0" index="0" bw="32" slack="0"/>
<pin id="662" dir="0" index="1" bw="32" slack="0"/>
<pin id="663" dir="1" index="2" bw="32" slack="7"/>
</pin_list>
<bind>
<opcode="read(1150) " fcode="read"/>
<opset="mux_case_521723249_reload_read/1 "/>
</bind>
</comp>

<comp id="666" class="1004" name="mux_case_521593212_reload_read_read_fu_666">
<pin_list>
<pin id="667" dir="0" index="0" bw="32" slack="0"/>
<pin id="668" dir="0" index="1" bw="32" slack="0"/>
<pin id="669" dir="1" index="2" bw="32" slack="7"/>
</pin_list>
<bind>
<opcode="read(1150) " fcode="read"/>
<opset="mux_case_521593212_reload_read/1 "/>
</bind>
</comp>

<comp id="672" class="1004" name="P_216_read_read_fu_672">
<pin_list>
<pin id="673" dir="0" index="0" bw="32" slack="0"/>
<pin id="674" dir="0" index="1" bw="32" slack="0"/>
<pin id="675" dir="1" index="2" bw="32" slack="0"/>
</pin_list>
<bind>
<opcode="read(1150) " fcode="read"/>
<opset="P_216_read/1 "/>
</bind>
</comp>

<comp id="678" class="1004" name="P_215_read_read_fu_678">
<pin_list>
<pin id="679" dir="0" index="0" bw="32" slack="0"/>
<pin id="680" dir="0" index="1" bw="32" slack="0"/>
<pin id="681" dir="1" index="2" bw="32" slack="0"/>
</pin_list>
<bind>
<opcode="read(1150) " fcode="read"/>
<opset="P_215_read/1 "/>
</bind>
</comp>

<comp id="684" class="1004" name="P_214_read_read_fu_684">
<pin_list>
<pin id="685" dir="0" index="0" bw="32" slack="0"/>
<pin id="686" dir="0" index="1" bw="32" slack="0"/>
<pin id="687" dir="1" index="2" bw="32" slack="0"/>
</pin_list>
<bind>
<opcode="read(1150) " fcode="read"/>
<opset="P_214_read/1 "/>
</bind>
</comp>

<comp id="690" class="1004" name="P_213_read_read_fu_690">
<pin_list>
<pin id="691" dir="0" index="0" bw="32" slack="0"/>
<pin id="692" dir="0" index="1" bw="32" slack="0"/>
<pin id="693" dir="1" index="2" bw="32" slack="0"/>
</pin_list>
<bind>
<opcode="read(1150) " fcode="read"/>
<opset="P_213_read/1 "/>
</bind>
</comp>

<comp id="696" class="1004" name="P_212_read_read_fu_696">
<pin_list>
<pin id="697" dir="0" index="0" bw="32" slack="0"/>
<pin id="698" dir="0" index="1" bw="32" slack="0"/>
<pin id="699" dir="1" index="2" bw="32" slack="0"/>
</pin_list>
<bind>
<opcode="read(1150) " fcode="read"/>
<opset="P_212_read/1 "/>
</bind>
</comp>

<comp id="702" class="1004" name="P_211_read_read_fu_702">
<pin_list>
<pin id="703" dir="0" index="0" bw="32" slack="0"/>
<pin id="704" dir="0" index="1" bw="32" slack="0"/>
<pin id="705" dir="1" index="2" bw="32" slack="0"/>
</pin_list>
<bind>
<opcode="read(1150) " fcode="read"/>
<opset="P_211_read/1 "/>
</bind>
</comp>

<comp id="708" class="1004" name="P_210_read_read_fu_708">
<pin_list>
<pin id="709" dir="0" index="0" bw="32" slack="0"/>
<pin id="710" dir="0" index="1" bw="32" slack="0"/>
<pin id="711" dir="1" index="2" bw="32" slack="0"/>
</pin_list>
<bind>
<opcode="read(1150) " fcode="read"/>
<opset="P_210_read/1 "/>
</bind>
</comp>

<comp id="714" class="1004" name="P_209_read_read_fu_714">
<pin_list>
<pin id="715" dir="0" index="0" bw="32" slack="0"/>
<pin id="716" dir="0" index="1" bw="32" slack="0"/>
<pin id="717" dir="1" index="2" bw="32" slack="0"/>
</pin_list>
<bind>
<opcode="read(1150) " fcode="read"/>
<opset="P_209_read/1 "/>
</bind>
</comp>

<comp id="720" class="1004" name="P_208_read_read_fu_720">
<pin_list>
<pin id="721" dir="0" index="0" bw="32" slack="0"/>
<pin id="722" dir="0" index="1" bw="32" slack="0"/>
<pin id="723" dir="1" index="2" bw="32" slack="0"/>
</pin_list>
<bind>
<opcode="read(1150) " fcode="read"/>
<opset="P_208_read/1 "/>
</bind>
</comp>

<comp id="726" class="1004" name="P_207_read_read_fu_726">
<pin_list>
<pin id="727" dir="0" index="0" bw="32" slack="0"/>
<pin id="728" dir="0" index="1" bw="32" slack="0"/>
<pin id="729" dir="1" index="2" bw="32" slack="0"/>
</pin_list>
<bind>
<opcode="read(1150) " fcode="read"/>
<opset="P_207_read/1 "/>
</bind>
</comp>

<comp id="732" class="1004" name="P_206_read_read_fu_732">
<pin_list>
<pin id="733" dir="0" index="0" bw="32" slack="0"/>
<pin id="734" dir="0" index="1" bw="32" slack="0"/>
<pin id="735" dir="1" index="2" bw="32" slack="0"/>
</pin_list>
<bind>
<opcode="read(1150) " fcode="read"/>
<opset="P_206_read/1 "/>
</bind>
</comp>

<comp id="738" class="1004" name="P_205_read_read_fu_738">
<pin_list>
<pin id="739" dir="0" index="0" bw="32" slack="0"/>
<pin id="740" dir="0" index="1" bw="32" slack="0"/>
<pin id="741" dir="1" index="2" bw="32" slack="0"/>
</pin_list>
<bind>
<opcode="read(1150) " fcode="read"/>
<opset="P_205_read/1 "/>
</bind>
</comp>

<comp id="744" class="1004" name="P_204_read_read_fu_744">
<pin_list>
<pin id="745" dir="0" index="0" bw="32" slack="0"/>
<pin id="746" dir="0" index="1" bw="32" slack="0"/>
<pin id="747" dir="1" index="2" bw="32" slack="0"/>
</pin_list>
<bind>
<opcode="read(1150) " fcode="read"/>
<opset="P_204_read/1 "/>
</bind>
</comp>

<comp id="750" class="1004" name="P_203_read_read_fu_750">
<pin_list>
<pin id="751" dir="0" index="0" bw="32" slack="0"/>
<pin id="752" dir="0" index="1" bw="32" slack="0"/>
<pin id="753" dir="1" index="2" bw="32" slack="0"/>
</pin_list>
<bind>
<opcode="read(1150) " fcode="read"/>
<opset="P_203_read/1 "/>
</bind>
</comp>

<comp id="756" class="1004" name="P_202_read_read_fu_756">
<pin_list>
<pin id="757" dir="0" index="0" bw="32" slack="0"/>
<pin id="758" dir="0" index="1" bw="32" slack="0"/>
<pin id="759" dir="1" index="2" bw="32" slack="0"/>
</pin_list>
<bind>
<opcode="read(1150) " fcode="read"/>
<opset="P_202_read/1 "/>
</bind>
</comp>

<comp id="762" class="1004" name="P_201_read_read_fu_762">
<pin_list>
<pin id="763" dir="0" index="0" bw="32" slack="0"/>
<pin id="764" dir="0" index="1" bw="32" slack="0"/>
<pin id="765" dir="1" index="2" bw="32" slack="0"/>
</pin_list>
<bind>
<opcode="read(1150) " fcode="read"/>
<opset="P_201_read/1 "/>
</bind>
</comp>

<comp id="768" class="1004" name="P_200_read_read_fu_768">
<pin_list>
<pin id="769" dir="0" index="0" bw="32" slack="0"/>
<pin id="770" dir="0" index="1" bw="32" slack="0"/>
<pin id="771" dir="1" index="2" bw="32" slack="0"/>
</pin_list>
<bind>
<opcode="read(1150) " fcode="read"/>
<opset="P_200_read/1 "/>
</bind>
</comp>

<comp id="774" class="1004" name="P_199_read_read_fu_774">
<pin_list>
<pin id="775" dir="0" index="0" bw="32" slack="0"/>
<pin id="776" dir="0" index="1" bw="32" slack="0"/>
<pin id="777" dir="1" index="2" bw="32" slack="0"/>
</pin_list>
<bind>
<opcode="read(1150) " fcode="read"/>
<opset="P_199_read/1 "/>
</bind>
</comp>

<comp id="780" class="1004" name="P_198_read_read_fu_780">
<pin_list>
<pin id="781" dir="0" index="0" bw="32" slack="0"/>
<pin id="782" dir="0" index="1" bw="32" slack="0"/>
<pin id="783" dir="1" index="2" bw="32" slack="0"/>
</pin_list>
<bind>
<opcode="read(1150) " fcode="read"/>
<opset="P_198_read/1 "/>
</bind>
</comp>

<comp id="786" class="1004" name="P_197_read_read_fu_786">
<pin_list>
<pin id="787" dir="0" index="0" bw="32" slack="0"/>
<pin id="788" dir="0" index="1" bw="32" slack="0"/>
<pin id="789" dir="1" index="2" bw="32" slack="0"/>
</pin_list>
<bind>
<opcode="read(1150) " fcode="read"/>
<opset="P_197_read/1 "/>
</bind>
</comp>

<comp id="792" class="1004" name="P_196_read_read_fu_792">
<pin_list>
<pin id="793" dir="0" index="0" bw="32" slack="0"/>
<pin id="794" dir="0" index="1" bw="32" slack="0"/>
<pin id="795" dir="1" index="2" bw="32" slack="0"/>
</pin_list>
<bind>
<opcode="read(1150) " fcode="read"/>
<opset="P_196_read/1 "/>
</bind>
</comp>

<comp id="798" class="1004" name="P_195_read_read_fu_798">
<pin_list>
<pin id="799" dir="0" index="0" bw="32" slack="0"/>
<pin id="800" dir="0" index="1" bw="32" slack="0"/>
<pin id="801" dir="1" index="2" bw="32" slack="0"/>
</pin_list>
<bind>
<opcode="read(1150) " fcode="read"/>
<opset="P_195_read/1 "/>
</bind>
</comp>

<comp id="804" class="1004" name="P_194_read_read_fu_804">
<pin_list>
<pin id="805" dir="0" index="0" bw="32" slack="0"/>
<pin id="806" dir="0" index="1" bw="32" slack="0"/>
<pin id="807" dir="1" index="2" bw="32" slack="0"/>
</pin_list>
<bind>
<opcode="read(1150) " fcode="read"/>
<opset="P_194_read/1 "/>
</bind>
</comp>

<comp id="810" class="1004" name="P_193_read_read_fu_810">
<pin_list>
<pin id="811" dir="0" index="0" bw="32" slack="0"/>
<pin id="812" dir="0" index="1" bw="32" slack="0"/>
<pin id="813" dir="1" index="2" bw="32" slack="0"/>
</pin_list>
<bind>
<opcode="read(1150) " fcode="read"/>
<opset="P_193_read/1 "/>
</bind>
</comp>

<comp id="816" class="1004" name="P_192_read_read_fu_816">
<pin_list>
<pin id="817" dir="0" index="0" bw="32" slack="0"/>
<pin id="818" dir="0" index="1" bw="32" slack="0"/>
<pin id="819" dir="1" index="2" bw="32" slack="0"/>
</pin_list>
<bind>
<opcode="read(1150) " fcode="read"/>
<opset="P_192_read/1 "/>
</bind>
</comp>

<comp id="822" class="1004" name="P_191_read_read_fu_822">
<pin_list>
<pin id="823" dir="0" index="0" bw="32" slack="0"/>
<pin id="824" dir="0" index="1" bw="32" slack="0"/>
<pin id="825" dir="1" index="2" bw="32" slack="0"/>
</pin_list>
<bind>
<opcode="read(1150) " fcode="read"/>
<opset="P_191_read/1 "/>
</bind>
</comp>

<comp id="828" class="1004" name="P_190_read_read_fu_828">
<pin_list>
<pin id="829" dir="0" index="0" bw="32" slack="0"/>
<pin id="830" dir="0" index="1" bw="32" slack="0"/>
<pin id="831" dir="1" index="2" bw="32" slack="0"/>
</pin_list>
<bind>
<opcode="read(1150) " fcode="read"/>
<opset="P_190_read/1 "/>
</bind>
</comp>

<comp id="834" class="1004" name="P_189_read_read_fu_834">
<pin_list>
<pin id="835" dir="0" index="0" bw="32" slack="0"/>
<pin id="836" dir="0" index="1" bw="32" slack="0"/>
<pin id="837" dir="1" index="2" bw="32" slack="0"/>
</pin_list>
<bind>
<opcode="read(1150) " fcode="read"/>
<opset="P_189_read/1 "/>
</bind>
</comp>

<comp id="840" class="1004" name="P_188_read_read_fu_840">
<pin_list>
<pin id="841" dir="0" index="0" bw="32" slack="0"/>
<pin id="842" dir="0" index="1" bw="32" slack="0"/>
<pin id="843" dir="1" index="2" bw="32" slack="0"/>
</pin_list>
<bind>
<opcode="read(1150) " fcode="read"/>
<opset="P_188_read/1 "/>
</bind>
</comp>

<comp id="846" class="1004" name="P_187_read_read_fu_846">
<pin_list>
<pin id="847" dir="0" index="0" bw="32" slack="0"/>
<pin id="848" dir="0" index="1" bw="32" slack="0"/>
<pin id="849" dir="1" index="2" bw="32" slack="0"/>
</pin_list>
<bind>
<opcode="read(1150) " fcode="read"/>
<opset="P_187_read/1 "/>
</bind>
</comp>

<comp id="852" class="1004" name="P_186_read_read_fu_852">
<pin_list>
<pin id="853" dir="0" index="0" bw="32" slack="0"/>
<pin id="854" dir="0" index="1" bw="32" slack="0"/>
<pin id="855" dir="1" index="2" bw="32" slack="0"/>
</pin_list>
<bind>
<opcode="read(1150) " fcode="read"/>
<opset="P_186_read/1 "/>
</bind>
</comp>

<comp id="858" class="1004" name="P_185_read_read_fu_858">
<pin_list>
<pin id="859" dir="0" index="0" bw="32" slack="0"/>
<pin id="860" dir="0" index="1" bw="32" slack="0"/>
<pin id="861" dir="1" index="2" bw="32" slack="0"/>
</pin_list>
<bind>
<opcode="read(1150) " fcode="read"/>
<opset="P_185_read/1 "/>
</bind>
</comp>

<comp id="864" class="1004" name="P_184_read_read_fu_864">
<pin_list>
<pin id="865" dir="0" index="0" bw="32" slack="0"/>
<pin id="866" dir="0" index="1" bw="32" slack="0"/>
<pin id="867" dir="1" index="2" bw="32" slack="0"/>
</pin_list>
<bind>
<opcode="read(1150) " fcode="read"/>
<opset="P_184_read/1 "/>
</bind>
</comp>

<comp id="870" class="1004" name="P_183_read_read_fu_870">
<pin_list>
<pin id="871" dir="0" index="0" bw="32" slack="0"/>
<pin id="872" dir="0" index="1" bw="32" slack="0"/>
<pin id="873" dir="1" index="2" bw="32" slack="0"/>
</pin_list>
<bind>
<opcode="read(1150) " fcode="read"/>
<opset="P_183_read/1 "/>
</bind>
</comp>

<comp id="876" class="1004" name="P_182_read_read_fu_876">
<pin_list>
<pin id="877" dir="0" index="0" bw="32" slack="0"/>
<pin id="878" dir="0" index="1" bw="32" slack="0"/>
<pin id="879" dir="1" index="2" bw="32" slack="0"/>
</pin_list>
<bind>
<opcode="read(1150) " fcode="read"/>
<opset="P_182_read/1 "/>
</bind>
</comp>

<comp id="882" class="1004" name="P_181_read_read_fu_882">
<pin_list>
<pin id="883" dir="0" index="0" bw="32" slack="0"/>
<pin id="884" dir="0" index="1" bw="32" slack="0"/>
<pin id="885" dir="1" index="2" bw="32" slack="0"/>
</pin_list>
<bind>
<opcode="read(1150) " fcode="read"/>
<opset="P_181_read/1 "/>
</bind>
</comp>

<comp id="888" class="1004" name="write_ln0_write_fu_888">
<pin_list>
<pin id="889" dir="0" index="0" bw="0" slack="0"/>
<pin id="890" dir="0" index="1" bw="32" slack="0"/>
<pin id="891" dir="0" index="2" bw="32" slack="0"/>
<pin id="892" dir="1" index="3" bw="0" slack="2147483647"/>
</pin_list>
<bind>
<opcode="write(1151) " fcode="write"/>
<opset="write_ln0/10 "/>
</bind>
</comp>

<comp id="895" class="1004" name="write_ln0_write_fu_895">
<pin_list>
<pin id="896" dir="0" index="0" bw="0" slack="0"/>
<pin id="897" dir="0" index="1" bw="32" slack="0"/>
<pin id="898" dir="0" index="2" bw="32" slack="0"/>
<pin id="899" dir="1" index="3" bw="0" slack="2147483647"/>
</pin_list>
<bind>
<opcode="write(1151) " fcode="write"/>
<opset="write_ln0/10 "/>
</bind>
</comp>

<comp id="902" class="1004" name="write_ln0_write_fu_902">
<pin_list>
<pin id="903" dir="0" index="0" bw="0" slack="0"/>
<pin id="904" dir="0" index="1" bw="32" slack="0"/>
<pin id="905" dir="0" index="2" bw="32" slack="0"/>
<pin id="906" dir="1" index="3" bw="0" slack="2147483647"/>
</pin_list>
<bind>
<opcode="write(1151) " fcode="write"/>
<opset="write_ln0/10 "/>
</bind>
</comp>

<comp id="909" class="1004" name="write_ln0_write_fu_909">
<pin_list>
<pin id="910" dir="0" index="0" bw="0" slack="0"/>
<pin id="911" dir="0" index="1" bw="32" slack="0"/>
<pin id="912" dir="0" index="2" bw="32" slack="0"/>
<pin id="913" dir="1" index="3" bw="0" slack="2147483647"/>
</pin_list>
<bind>
<opcode="write(1151) " fcode="write"/>
<opset="write_ln0/10 "/>
</bind>
</comp>

<comp id="916" class="1004" name="write_ln0_write_fu_916">
<pin_list>
<pin id="917" dir="0" index="0" bw="0" slack="0"/>
<pin id="918" dir="0" index="1" bw="32" slack="0"/>
<pin id="919" dir="0" index="2" bw="32" slack="0"/>
<pin id="920" dir="1" index="3" bw="0" slack="2147483647"/>
</pin_list>
<bind>
<opcode="write(1151) " fcode="write"/>
<opset="write_ln0/10 "/>
</bind>
</comp>

<comp id="923" class="1004" name="write_ln0_write_fu_923">
<pin_list>
<pin id="924" dir="0" index="0" bw="0" slack="0"/>
<pin id="925" dir="0" index="1" bw="32" slack="0"/>
<pin id="926" dir="0" index="2" bw="32" slack="0"/>
<pin id="927" dir="1" index="3" bw="0" slack="2147483647"/>
</pin_list>
<bind>
<opcode="write(1151) " fcode="write"/>
<opset="write_ln0/10 "/>
</bind>
</comp>

<comp id="930" class="1004" name="write_ln0_write_fu_930">
<pin_list>
<pin id="931" dir="0" index="0" bw="0" slack="0"/>
<pin id="932" dir="0" index="1" bw="32" slack="0"/>
<pin id="933" dir="0" index="2" bw="32" slack="0"/>
<pin id="934" dir="1" index="3" bw="0" slack="2147483647"/>
</pin_list>
<bind>
<opcode="write(1151) " fcode="write"/>
<opset="write_ln0/10 "/>
</bind>
</comp>

<comp id="937" class="1004" name="write_ln0_write_fu_937">
<pin_list>
<pin id="938" dir="0" index="0" bw="0" slack="0"/>
<pin id="939" dir="0" index="1" bw="32" slack="0"/>
<pin id="940" dir="0" index="2" bw="32" slack="0"/>
<pin id="941" dir="1" index="3" bw="0" slack="2147483647"/>
</pin_list>
<bind>
<opcode="write(1151) " fcode="write"/>
<opset="write_ln0/10 "/>
</bind>
</comp>

<comp id="944" class="1004" name="write_ln0_write_fu_944">
<pin_list>
<pin id="945" dir="0" index="0" bw="0" slack="0"/>
<pin id="946" dir="0" index="1" bw="32" slack="0"/>
<pin id="947" dir="0" index="2" bw="32" slack="0"/>
<pin id="948" dir="1" index="3" bw="0" slack="2147483647"/>
</pin_list>
<bind>
<opcode="write(1151) " fcode="write"/>
<opset="write_ln0/10 "/>
</bind>
</comp>

<comp id="951" class="1004" name="write_ln0_write_fu_951">
<pin_list>
<pin id="952" dir="0" index="0" bw="0" slack="0"/>
<pin id="953" dir="0" index="1" bw="32" slack="0"/>
<pin id="954" dir="0" index="2" bw="32" slack="0"/>
<pin id="955" dir="1" index="3" bw="0" slack="2147483647"/>
</pin_list>
<bind>
<opcode="write(1151) " fcode="write"/>
<opset="write_ln0/10 "/>
</bind>
</comp>

<comp id="958" class="1004" name="write_ln0_write_fu_958">
<pin_list>
<pin id="959" dir="0" index="0" bw="0" slack="0"/>
<pin id="960" dir="0" index="1" bw="32" slack="0"/>
<pin id="961" dir="0" index="2" bw="32" slack="0"/>
<pin id="962" dir="1" index="3" bw="0" slack="2147483647"/>
</pin_list>
<bind>
<opcode="write(1151) " fcode="write"/>
<opset="write_ln0/10 "/>
</bind>
</comp>

<comp id="965" class="1004" name="write_ln0_write_fu_965">
<pin_list>
<pin id="966" dir="0" index="0" bw="0" slack="0"/>
<pin id="967" dir="0" index="1" bw="32" slack="0"/>
<pin id="968" dir="0" index="2" bw="32" slack="0"/>
<pin id="969" dir="1" index="3" bw="0" slack="2147483647"/>
</pin_list>
<bind>
<opcode="write(1151) " fcode="write"/>
<opset="write_ln0/10 "/>
</bind>
</comp>

<comp id="972" class="1004" name="write_ln0_write_fu_972">
<pin_list>
<pin id="973" dir="0" index="0" bw="0" slack="0"/>
<pin id="974" dir="0" index="1" bw="32" slack="0"/>
<pin id="975" dir="0" index="2" bw="32" slack="0"/>
<pin id="976" dir="1" index="3" bw="0" slack="2147483647"/>
</pin_list>
<bind>
<opcode="write(1151) " fcode="write"/>
<opset="write_ln0/10 "/>
</bind>
</comp>

<comp id="979" class="1004" name="write_ln0_write_fu_979">
<pin_list>
<pin id="980" dir="0" index="0" bw="0" slack="0"/>
<pin id="981" dir="0" index="1" bw="32" slack="0"/>
<pin id="982" dir="0" index="2" bw="32" slack="0"/>
<pin id="983" dir="1" index="3" bw="0" slack="2147483647"/>
</pin_list>
<bind>
<opcode="write(1151) " fcode="write"/>
<opset="write_ln0/10 "/>
</bind>
</comp>

<comp id="986" class="1004" name="write_ln0_write_fu_986">
<pin_list>
<pin id="987" dir="0" index="0" bw="0" slack="0"/>
<pin id="988" dir="0" index="1" bw="32" slack="0"/>
<pin id="989" dir="0" index="2" bw="32" slack="0"/>
<pin id="990" dir="1" index="3" bw="0" slack="2147483647"/>
</pin_list>
<bind>
<opcode="write(1151) " fcode="write"/>
<opset="write_ln0/10 "/>
</bind>
</comp>

<comp id="993" class="1004" name="write_ln0_write_fu_993">
<pin_list>
<pin id="994" dir="0" index="0" bw="0" slack="0"/>
<pin id="995" dir="0" index="1" bw="32" slack="0"/>
<pin id="996" dir="0" index="2" bw="32" slack="0"/>
<pin id="997" dir="1" index="3" bw="0" slack="2147483647"/>
</pin_list>
<bind>
<opcode="write(1151) " fcode="write"/>
<opset="write_ln0/10 "/>
</bind>
</comp>

<comp id="1000" class="1004" name="write_ln0_write_fu_1000">
<pin_list>
<pin id="1001" dir="0" index="0" bw="0" slack="0"/>
<pin id="1002" dir="0" index="1" bw="32" slack="0"/>
<pin id="1003" dir="0" index="2" bw="32" slack="0"/>
<pin id="1004" dir="1" index="3" bw="0" slack="2147483647"/>
</pin_list>
<bind>
<opcode="write(1151) " fcode="write"/>
<opset="write_ln0/10 "/>
</bind>
</comp>

<comp id="1007" class="1004" name="write_ln0_write_fu_1007">
<pin_list>
<pin id="1008" dir="0" index="0" bw="0" slack="0"/>
<pin id="1009" dir="0" index="1" bw="32" slack="0"/>
<pin id="1010" dir="0" index="2" bw="32" slack="0"/>
<pin id="1011" dir="1" index="3" bw="0" slack="2147483647"/>
</pin_list>
<bind>
<opcode="write(1151) " fcode="write"/>
<opset="write_ln0/10 "/>
</bind>
</comp>

<comp id="1014" class="1004" name="write_ln0_write_fu_1014">
<pin_list>
<pin id="1015" dir="0" index="0" bw="0" slack="0"/>
<pin id="1016" dir="0" index="1" bw="32" slack="0"/>
<pin id="1017" dir="0" index="2" bw="32" slack="0"/>
<pin id="1018" dir="1" index="3" bw="0" slack="2147483647"/>
</pin_list>
<bind>
<opcode="write(1151) " fcode="write"/>
<opset="write_ln0/10 "/>
</bind>
</comp>

<comp id="1021" class="1004" name="write_ln0_write_fu_1021">
<pin_list>
<pin id="1022" dir="0" index="0" bw="0" slack="0"/>
<pin id="1023" dir="0" index="1" bw="32" slack="0"/>
<pin id="1024" dir="0" index="2" bw="32" slack="0"/>
<pin id="1025" dir="1" index="3" bw="0" slack="2147483647"/>
</pin_list>
<bind>
<opcode="write(1151) " fcode="write"/>
<opset="write_ln0/10 "/>
</bind>
</comp>

<comp id="1028" class="1004" name="write_ln0_write_fu_1028">
<pin_list>
<pin id="1029" dir="0" index="0" bw="0" slack="0"/>
<pin id="1030" dir="0" index="1" bw="32" slack="0"/>
<pin id="1031" dir="0" index="2" bw="32" slack="0"/>
<pin id="1032" dir="1" index="3" bw="0" slack="2147483647"/>
</pin_list>
<bind>
<opcode="write(1151) " fcode="write"/>
<opset="write_ln0/10 "/>
</bind>
</comp>

<comp id="1035" class="1004" name="write_ln0_write_fu_1035">
<pin_list>
<pin id="1036" dir="0" index="0" bw="0" slack="0"/>
<pin id="1037" dir="0" index="1" bw="32" slack="0"/>
<pin id="1038" dir="0" index="2" bw="32" slack="0"/>
<pin id="1039" dir="1" index="3" bw="0" slack="2147483647"/>
</pin_list>
<bind>
<opcode="write(1151) " fcode="write"/>
<opset="write_ln0/10 "/>
</bind>
</comp>

<comp id="1042" class="1004" name="write_ln0_write_fu_1042">
<pin_list>
<pin id="1043" dir="0" index="0" bw="0" slack="0"/>
<pin id="1044" dir="0" index="1" bw="32" slack="0"/>
<pin id="1045" dir="0" index="2" bw="32" slack="0"/>
<pin id="1046" dir="1" index="3" bw="0" slack="2147483647"/>
</pin_list>
<bind>
<opcode="write(1151) " fcode="write"/>
<opset="write_ln0/10 "/>
</bind>
</comp>

<comp id="1049" class="1004" name="write_ln0_write_fu_1049">
<pin_list>
<pin id="1050" dir="0" index="0" bw="0" slack="0"/>
<pin id="1051" dir="0" index="1" bw="32" slack="0"/>
<pin id="1052" dir="0" index="2" bw="32" slack="0"/>
<pin id="1053" dir="1" index="3" bw="0" slack="2147483647"/>
</pin_list>
<bind>
<opcode="write(1151) " fcode="write"/>
<opset="write_ln0/10 "/>
</bind>
</comp>

<comp id="1056" class="1004" name="write_ln0_write_fu_1056">
<pin_list>
<pin id="1057" dir="0" index="0" bw="0" slack="0"/>
<pin id="1058" dir="0" index="1" bw="32" slack="0"/>
<pin id="1059" dir="0" index="2" bw="32" slack="0"/>
<pin id="1060" dir="1" index="3" bw="0" slack="2147483647"/>
</pin_list>
<bind>
<opcode="write(1151) " fcode="write"/>
<opset="write_ln0/10 "/>
</bind>
</comp>

<comp id="1063" class="1004" name="write_ln0_write_fu_1063">
<pin_list>
<pin id="1064" dir="0" index="0" bw="0" slack="0"/>
<pin id="1065" dir="0" index="1" bw="32" slack="0"/>
<pin id="1066" dir="0" index="2" bw="32" slack="0"/>
<pin id="1067" dir="1" index="3" bw="0" slack="2147483647"/>
</pin_list>
<bind>
<opcode="write(1151) " fcode="write"/>
<opset="write_ln0/10 "/>
</bind>
</comp>

<comp id="1070" class="1004" name="write_ln0_write_fu_1070">
<pin_list>
<pin id="1071" dir="0" index="0" bw="0" slack="0"/>
<pin id="1072" dir="0" index="1" bw="32" slack="0"/>
<pin id="1073" dir="0" index="2" bw="32" slack="0"/>
<pin id="1074" dir="1" index="3" bw="0" slack="2147483647"/>
</pin_list>
<bind>
<opcode="write(1151) " fcode="write"/>
<opset="write_ln0/10 "/>
</bind>
</comp>

<comp id="1077" class="1004" name="write_ln0_write_fu_1077">
<pin_list>
<pin id="1078" dir="0" index="0" bw="0" slack="0"/>
<pin id="1079" dir="0" index="1" bw="32" slack="0"/>
<pin id="1080" dir="0" index="2" bw="32" slack="0"/>
<pin id="1081" dir="1" index="3" bw="0" slack="2147483647"/>
</pin_list>
<bind>
<opcode="write(1151) " fcode="write"/>
<opset="write_ln0/10 "/>
</bind>
</comp>

<comp id="1084" class="1004" name="write_ln0_write_fu_1084">
<pin_list>
<pin id="1085" dir="0" index="0" bw="0" slack="0"/>
<pin id="1086" dir="0" index="1" bw="32" slack="0"/>
<pin id="1087" dir="0" index="2" bw="32" slack="0"/>
<pin id="1088" dir="1" index="3" bw="0" slack="2147483647"/>
</pin_list>
<bind>
<opcode="write(1151) " fcode="write"/>
<opset="write_ln0/10 "/>
</bind>
</comp>

<comp id="1091" class="1004" name="write_ln0_write_fu_1091">
<pin_list>
<pin id="1092" dir="0" index="0" bw="0" slack="0"/>
<pin id="1093" dir="0" index="1" bw="32" slack="0"/>
<pin id="1094" dir="0" index="2" bw="32" slack="0"/>
<pin id="1095" dir="1" index="3" bw="0" slack="2147483647"/>
</pin_list>
<bind>
<opcode="write(1151) " fcode="write"/>
<opset="write_ln0/10 "/>
</bind>
</comp>

<comp id="1098" class="1004" name="write_ln0_write_fu_1098">
<pin_list>
<pin id="1099" dir="0" index="0" bw="0" slack="0"/>
<pin id="1100" dir="0" index="1" bw="32" slack="0"/>
<pin id="1101" dir="0" index="2" bw="32" slack="0"/>
<pin id="1102" dir="1" index="3" bw="0" slack="2147483647"/>
</pin_list>
<bind>
<opcode="write(1151) " fcode="write"/>
<opset="write_ln0/10 "/>
</bind>
</comp>

<comp id="1105" class="1004" name="write_ln0_write_fu_1105">
<pin_list>
<pin id="1106" dir="0" index="0" bw="0" slack="0"/>
<pin id="1107" dir="0" index="1" bw="32" slack="0"/>
<pin id="1108" dir="0" index="2" bw="32" slack="0"/>
<pin id="1109" dir="1" index="3" bw="0" slack="2147483647"/>
</pin_list>
<bind>
<opcode="write(1151) " fcode="write"/>
<opset="write_ln0/10 "/>
</bind>
</comp>

<comp id="1112" class="1004" name="write_ln0_write_fu_1112">
<pin_list>
<pin id="1113" dir="0" index="0" bw="0" slack="0"/>
<pin id="1114" dir="0" index="1" bw="32" slack="0"/>
<pin id="1115" dir="0" index="2" bw="32" slack="0"/>
<pin id="1116" dir="1" index="3" bw="0" slack="2147483647"/>
</pin_list>
<bind>
<opcode="write(1151) " fcode="write"/>
<opset="write_ln0/10 "/>
</bind>
</comp>

<comp id="1119" class="1004" name="write_ln0_write_fu_1119">
<pin_list>
<pin id="1120" dir="0" index="0" bw="0" slack="0"/>
<pin id="1121" dir="0" index="1" bw="32" slack="0"/>
<pin id="1122" dir="0" index="2" bw="32" slack="0"/>
<pin id="1123" dir="1" index="3" bw="0" slack="2147483647"/>
</pin_list>
<bind>
<opcode="write(1151) " fcode="write"/>
<opset="write_ln0/10 "/>
</bind>
</comp>

<comp id="1126" class="1004" name="write_ln0_write_fu_1126">
<pin_list>
<pin id="1127" dir="0" index="0" bw="0" slack="0"/>
<pin id="1128" dir="0" index="1" bw="32" slack="0"/>
<pin id="1129" dir="0" index="2" bw="32" slack="0"/>
<pin id="1130" dir="1" index="3" bw="0" slack="2147483647"/>
</pin_list>
<bind>
<opcode="write(1151) " fcode="write"/>
<opset="write_ln0/10 "/>
</bind>
</comp>

<comp id="1133" class="1004" name="write_ln0_write_fu_1133">
<pin_list>
<pin id="1134" dir="0" index="0" bw="0" slack="0"/>
<pin id="1135" dir="0" index="1" bw="32" slack="0"/>
<pin id="1136" dir="0" index="2" bw="32" slack="0"/>
<pin id="1137" dir="1" index="3" bw="0" slack="2147483647"/>
</pin_list>
<bind>
<opcode="write(1151) " fcode="write"/>
<opset="write_ln0/10 "/>
</bind>
</comp>

<comp id="1140" class="1004" name="grp_fu_1140">
<pin_list>
<pin id="1141" dir="0" index="0" bw="32" slack="0"/>
<pin id="1142" dir="0" index="1" bw="32" slack="1"/>
<pin id="1143" dir="1" index="2" bw="32" slack="0"/>
</pin_list>
<bind>
<opcode="fadd(9) " fcode="fadd"/>
<opset="P_s/8 "/>
</bind>
</comp>

<comp id="1144" class="1004" name="grp_fu_1144">
<pin_list>
<pin id="1145" dir="0" index="0" bw="32" slack="0"/>
<pin id="1146" dir="0" index="1" bw="32" slack="1"/>
<pin id="1147" dir="1" index="2" bw="32" slack="0"/>
</pin_list>
<bind>
<opcode="fadd(9) " fcode="fadd"/>
<opset="P_497_1/8 "/>
</bind>
</comp>

<comp id="1148" class="1004" name="grp_fu_1148">
<pin_list>
<pin id="1149" dir="0" index="0" bw="32" slack="0"/>
<pin id="1150" dir="0" index="1" bw="32" slack="1"/>
<pin id="1151" dir="1" index="2" bw="32" slack="0"/>
</pin_list>
<bind>
<opcode="fadd(9) " fcode="fadd"/>
<opset="P_497_2/8 "/>
</bind>
</comp>

<comp id="1152" class="1004" name="grp_fu_1152">
<pin_list>
<pin id="1153" dir="0" index="0" bw="32" slack="0"/>
<pin id="1154" dir="0" index="1" bw="32" slack="1"/>
<pin id="1155" dir="1" index="2" bw="32" slack="0"/>
</pin_list>
<bind>
<opcode="fadd(9) " fcode="fadd"/>
<opset="P_497_3/8 "/>
</bind>
</comp>

<comp id="1156" class="1004" name="grp_fu_1156">
<pin_list>
<pin id="1157" dir="0" index="0" bw="32" slack="0"/>
<pin id="1158" dir="0" index="1" bw="32" slack="1"/>
<pin id="1159" dir="1" index="2" bw="32" slack="0"/>
</pin_list>
<bind>
<opcode="fadd(9) " fcode="fadd"/>
<opset="P_497_4/8 "/>
</bind>
</comp>

<comp id="1160" class="1004" name="grp_fu_1160">
<pin_list>
<pin id="1161" dir="0" index="0" bw="32" slack="0"/>
<pin id="1162" dir="0" index="1" bw="32" slack="1"/>
<pin id="1163" dir="1" index="2" bw="32" slack="0"/>
</pin_list>
<bind>
<opcode="fadd(9) " fcode="fadd"/>
<opset="P_497_5/8 "/>
</bind>
</comp>

<comp id="1164" class="1004" name="grp_fu_1164">
<pin_list>
<pin id="1165" dir="0" index="0" bw="32" slack="1"/>
<pin id="1166" dir="0" index="1" bw="32" slack="1"/>
<pin id="1167" dir="1" index="2" bw="32" slack="1"/>
</pin_list>
<bind>
<opcode="fmul(13) " fcode="fmul"/>
<opset="mul102_i/2 "/>
</bind>
</comp>

<comp id="1168" class="1004" name="grp_fu_1168">
<pin_list>
<pin id="1169" dir="0" index="0" bw="32" slack="1"/>
<pin id="1170" dir="0" index="1" bw="32" slack="4"/>
<pin id="1171" dir="1" index="2" bw="32" slack="1"/>
</pin_list>
<bind>
<opcode="fmul(13) " fcode="fmul"/>
<opset="mul105_i/5 "/>
</bind>
</comp>

<comp id="1172" class="1004" name="grp_fu_1172">
<pin_list>
<pin id="1173" dir="0" index="0" bw="32" slack="1"/>
<pin id="1174" dir="0" index="1" bw="32" slack="4"/>
<pin id="1175" dir="1" index="2" bw="32" slack="1"/>
</pin_list>
<bind>
<opcode="fmul(13) " fcode="fmul"/>
<opset="mul105_i_1/5 "/>
</bind>
</comp>

<comp id="1176" class="1004" name="grp_fu_1176">
<pin_list>
<pin id="1177" dir="0" index="0" bw="32" slack="1"/>
<pin id="1178" dir="0" index="1" bw="32" slack="4"/>
<pin id="1179" dir="1" index="2" bw="32" slack="1"/>
</pin_list>
<bind>
<opcode="fmul(13) " fcode="fmul"/>
<opset="mul105_i_2/5 "/>
</bind>
</comp>

<comp id="1180" class="1004" name="grp_fu_1180">
<pin_list>
<pin id="1181" dir="0" index="0" bw="32" slack="1"/>
<pin id="1182" dir="0" index="1" bw="32" slack="4"/>
<pin id="1183" dir="1" index="2" bw="32" slack="1"/>
</pin_list>
<bind>
<opcode="fmul(13) " fcode="fmul"/>
<opset="mul105_i_3/5 "/>
</bind>
</comp>

<comp id="1184" class="1004" name="grp_fu_1184">
<pin_list>
<pin id="1185" dir="0" index="0" bw="32" slack="1"/>
<pin id="1186" dir="0" index="1" bw="32" slack="4"/>
<pin id="1187" dir="1" index="2" bw="32" slack="1"/>
</pin_list>
<bind>
<opcode="fmul(13) " fcode="fmul"/>
<opset="mul105_i_4/5 "/>
</bind>
</comp>

<comp id="1188" class="1004" name="grp_fu_1188">
<pin_list>
<pin id="1189" dir="0" index="0" bw="32" slack="1"/>
<pin id="1190" dir="0" index="1" bw="32" slack="4"/>
<pin id="1191" dir="1" index="2" bw="32" slack="1"/>
</pin_list>
<bind>
<opcode="fmul(13) " fcode="fmul"/>
<opset="mul105_i_5/5 "/>
</bind>
</comp>

<comp id="1192" class="1004" name="store_ln0_store_fu_1192">
<pin_list>
<pin id="1193" dir="0" index="0" bw="32" slack="0"/>
<pin id="1194" dir="0" index="1" bw="32" slack="0"/>
<pin id="1195" dir="1" index="2" bw="0" slack="2147483647"/>
</pin_list>
<bind>
<opcode="store(28) " fcode="store"/>
<opset="store_ln0/1 "/>
</bind>
</comp>

<comp id="1197" class="1004" name="store_ln0_store_fu_1197">
<pin_list>
<pin id="1198" dir="0" index="0" bw="32" slack="0"/>
<pin id="1199" dir="0" index="1" bw="32" slack="0"/>
<pin id="1200" dir="1" index="2" bw="0" slack="2147483647"/>
</pin_list>
<bind>
<opcode="store(28) " fcode="store"/>
<opset="store_ln0/1 "/>
</bind>
</comp>

<comp id="1202" class="1004" name="store_ln0_store_fu_1202">
<pin_list>
<pin id="1203" dir="0" index="0" bw="32" slack="0"/>
<pin id="1204" dir="0" index="1" bw="32" slack="0"/>
<pin id="1205" dir="1" index="2" bw="0" slack="2147483647"/>
</pin_list>
<bind>
<opcode="store(28) " fcode="store"/>
<opset="store_ln0/1 "/>
</bind>
</comp>

<comp id="1207" class="1004" name="store_ln0_store_fu_1207">
<pin_list>
<pin id="1208" dir="0" index="0" bw="32" slack="0"/>
<pin id="1209" dir="0" index="1" bw="32" slack="0"/>
<pin id="1210" dir="1" index="2" bw="0" slack="2147483647"/>
</pin_list>
<bind>
<opcode="store(28) " fcode="store"/>
<opset="store_ln0/1 "/>
</bind>
</comp>

<comp id="1212" class="1004" name="store_ln0_store_fu_1212">
<pin_list>
<pin id="1213" dir="0" index="0" bw="32" slack="0"/>
<pin id="1214" dir="0" index="1" bw="32" slack="0"/>
<pin id="1215" dir="1" index="2" bw="0" slack="2147483647"/>
</pin_list>
<bind>
<opcode="store(28) " fcode="store"/>
<opset="store_ln0/1 "/>
</bind>
</comp>

<comp id="1217" class="1004" name="store_ln0_store_fu_1217">
<pin_list>
<pin id="1218" dir="0" index="0" bw="32" slack="0"/>
<pin id="1219" dir="0" index="1" bw="32" slack="0"/>
<pin id="1220" dir="1" index="2" bw="0" slack="2147483647"/>
</pin_list>
<bind>
<opcode="store(28) " fcode="store"/>
<opset="store_ln0/1 "/>
</bind>
</comp>

<comp id="1222" class="1004" name="store_ln0_store_fu_1222">
<pin_list>
<pin id="1223" dir="0" index="0" bw="32" slack="0"/>
<pin id="1224" dir="0" index="1" bw="32" slack="0"/>
<pin id="1225" dir="1" index="2" bw="0" slack="2147483647"/>
</pin_list>
<bind>
<opcode="store(28) " fcode="store"/>
<opset="store_ln0/1 "/>
</bind>
</comp>

<comp id="1227" class="1004" name="store_ln0_store_fu_1227">
<pin_list>
<pin id="1228" dir="0" index="0" bw="32" slack="0"/>
<pin id="1229" dir="0" index="1" bw="32" slack="0"/>
<pin id="1230" dir="1" index="2" bw="0" slack="2147483647"/>
</pin_list>
<bind>
<opcode="store(28) " fcode="store"/>
<opset="store_ln0/1 "/>
</bind>
</comp>

<comp id="1232" class="1004" name="store_ln0_store_fu_1232">
<pin_list>
<pin id="1233" dir="0" index="0" bw="32" slack="0"/>
<pin id="1234" dir="0" index="1" bw="32" slack="0"/>
<pin id="1235" dir="1" index="2" bw="0" slack="2147483647"/>
</pin_list>
<bind>
<opcode="store(28) " fcode="store"/>
<opset="store_ln0/1 "/>
</bind>
</comp>

<comp id="1237" class="1004" name="store_ln0_store_fu_1237">
<pin_list>
<pin id="1238" dir="0" index="0" bw="32" slack="0"/>
<pin id="1239" dir="0" index="1" bw="32" slack="0"/>
<pin id="1240" dir="1" index="2" bw="0" slack="2147483647"/>
</pin_list>
<bind>
<opcode="store(28) " fcode="store"/>
<opset="store_ln0/1 "/>
</bind>
</comp>

<comp id="1242" class="1004" name="store_ln0_store_fu_1242">
<pin_list>
<pin id="1243" dir="0" index="0" bw="32" slack="0"/>
<pin id="1244" dir="0" index="1" bw="32" slack="0"/>
<pin id="1245" dir="1" index="2" bw="0" slack="2147483647"/>
</pin_list>
<bind>
<opcode="store(28) " fcode="store"/>
<opset="store_ln0/1 "/>
</bind>
</comp>

<comp id="1247" class="1004" name="store_ln0_store_fu_1247">
<pin_list>
<pin id="1248" dir="0" index="0" bw="32" slack="0"/>
<pin id="1249" dir="0" index="1" bw="32" slack="0"/>
<pin id="1250" dir="1" index="2" bw="0" slack="2147483647"/>
</pin_list>
<bind>
<opcode="store(28) " fcode="store"/>
<opset="store_ln0/1 "/>
</bind>
</comp>

<comp id="1252" class="1004" name="store_ln0_store_fu_1252">
<pin_list>
<pin id="1253" dir="0" index="0" bw="32" slack="0"/>
<pin id="1254" dir="0" index="1" bw="32" slack="0"/>
<pin id="1255" dir="1" index="2" bw="0" slack="2147483647"/>
</pin_list>
<bind>
<opcode="store(28) " fcode="store"/>
<opset="store_ln0/1 "/>
</bind>
</comp>

<comp id="1257" class="1004" name="store_ln0_store_fu_1257">
<pin_list>
<pin id="1258" dir="0" index="0" bw="32" slack="0"/>
<pin id="1259" dir="0" index="1" bw="32" slack="0"/>
<pin id="1260" dir="1" index="2" bw="0" slack="2147483647"/>
</pin_list>
<bind>
<opcode="store(28) " fcode="store"/>
<opset="store_ln0/1 "/>
</bind>
</comp>

<comp id="1262" class="1004" name="store_ln0_store_fu_1262">
<pin_list>
<pin id="1263" dir="0" index="0" bw="32" slack="0"/>
<pin id="1264" dir="0" index="1" bw="32" slack="0"/>
<pin id="1265" dir="1" index="2" bw="0" slack="2147483647"/>
</pin_list>
<bind>
<opcode="store(28) " fcode="store"/>
<opset="store_ln0/1 "/>
</bind>
</comp>

<comp id="1267" class="1004" name="store_ln0_store_fu_1267">
<pin_list>
<pin id="1268" dir="0" index="0" bw="32" slack="0"/>
<pin id="1269" dir="0" index="1" bw="32" slack="0"/>
<pin id="1270" dir="1" index="2" bw="0" slack="2147483647"/>
</pin_list>
<bind>
<opcode="store(28) " fcode="store"/>
<opset="store_ln0/1 "/>
</bind>
</comp>

<comp id="1272" class="1004" name="store_ln0_store_fu_1272">
<pin_list>
<pin id="1273" dir="0" index="0" bw="32" slack="0"/>
<pin id="1274" dir="0" index="1" bw="32" slack="0"/>
<pin id="1275" dir="1" index="2" bw="0" slack="2147483647"/>
</pin_list>
<bind>
<opcode="store(28) " fcode="store"/>
<opset="store_ln0/1 "/>
</bind>
</comp>

<comp id="1277" class="1004" name="store_ln0_store_fu_1277">
<pin_list>
<pin id="1278" dir="0" index="0" bw="32" slack="0"/>
<pin id="1279" dir="0" index="1" bw="32" slack="0"/>
<pin id="1280" dir="1" index="2" bw="0" slack="2147483647"/>
</pin_list>
<bind>
<opcode="store(28) " fcode="store"/>
<opset="store_ln0/1 "/>
</bind>
</comp>

<comp id="1282" class="1004" name="store_ln0_store_fu_1282">
<pin_list>
<pin id="1283" dir="0" index="0" bw="32" slack="0"/>
<pin id="1284" dir="0" index="1" bw="32" slack="0"/>
<pin id="1285" dir="1" index="2" bw="0" slack="2147483647"/>
</pin_list>
<bind>
<opcode="store(28) " fcode="store"/>
<opset="store_ln0/1 "/>
</bind>
</comp>

<comp id="1287" class="1004" name="store_ln0_store_fu_1287">
<pin_list>
<pin id="1288" dir="0" index="0" bw="32" slack="0"/>
<pin id="1289" dir="0" index="1" bw="32" slack="0"/>
<pin id="1290" dir="1" index="2" bw="0" slack="2147483647"/>
</pin_list>
<bind>
<opcode="store(28) " fcode="store"/>
<opset="store_ln0/1 "/>
</bind>
</comp>

<comp id="1292" class="1004" name="store_ln0_store_fu_1292">
<pin_list>
<pin id="1293" dir="0" index="0" bw="32" slack="0"/>
<pin id="1294" dir="0" index="1" bw="32" slack="0"/>
<pin id="1295" dir="1" index="2" bw="0" slack="2147483647"/>
</pin_list>
<bind>
<opcode="store(28) " fcode="store"/>
<opset="store_ln0/1 "/>
</bind>
</comp>

<comp id="1297" class="1004" name="store_ln0_store_fu_1297">
<pin_list>
<pin id="1298" dir="0" index="0" bw="32" slack="0"/>
<pin id="1299" dir="0" index="1" bw="32" slack="0"/>
<pin id="1300" dir="1" index="2" bw="0" slack="2147483647"/>
</pin_list>
<bind>
<opcode="store(28) " fcode="store"/>
<opset="store_ln0/1 "/>
</bind>
</comp>

<comp id="1302" class="1004" name="store_ln0_store_fu_1302">
<pin_list>
<pin id="1303" dir="0" index="0" bw="32" slack="0"/>
<pin id="1304" dir="0" index="1" bw="32" slack="0"/>
<pin id="1305" dir="1" index="2" bw="0" slack="2147483647"/>
</pin_list>
<bind>
<opcode="store(28) " fcode="store"/>
<opset="store_ln0/1 "/>
</bind>
</comp>

<comp id="1307" class="1004" name="store_ln0_store_fu_1307">
<pin_list>
<pin id="1308" dir="0" index="0" bw="32" slack="0"/>
<pin id="1309" dir="0" index="1" bw="32" slack="0"/>
<pin id="1310" dir="1" index="2" bw="0" slack="2147483647"/>
</pin_list>
<bind>
<opcode="store(28) " fcode="store"/>
<opset="store_ln0/1 "/>
</bind>
</comp>

<comp id="1312" class="1004" name="store_ln0_store_fu_1312">
<pin_list>
<pin id="1313" dir="0" index="0" bw="32" slack="0"/>
<pin id="1314" dir="0" index="1" bw="32" slack="0"/>
<pin id="1315" dir="1" index="2" bw="0" slack="2147483647"/>
</pin_list>
<bind>
<opcode="store(28) " fcode="store"/>
<opset="store_ln0/1 "/>
</bind>
</comp>

<comp id="1317" class="1004" name="store_ln0_store_fu_1317">
<pin_list>
<pin id="1318" dir="0" index="0" bw="32" slack="0"/>
<pin id="1319" dir="0" index="1" bw="32" slack="0"/>
<pin id="1320" dir="1" index="2" bw="0" slack="2147483647"/>
</pin_list>
<bind>
<opcode="store(28) " fcode="store"/>
<opset="store_ln0/1 "/>
</bind>
</comp>

<comp id="1322" class="1004" name="store_ln0_store_fu_1322">
<pin_list>
<pin id="1323" dir="0" index="0" bw="32" slack="0"/>
<pin id="1324" dir="0" index="1" bw="32" slack="0"/>
<pin id="1325" dir="1" index="2" bw="0" slack="2147483647"/>
</pin_list>
<bind>
<opcode="store(28) " fcode="store"/>
<opset="store_ln0/1 "/>
</bind>
</comp>

<comp id="1327" class="1004" name="store_ln0_store_fu_1327">
<pin_list>
<pin id="1328" dir="0" index="0" bw="32" slack="0"/>
<pin id="1329" dir="0" index="1" bw="32" slack="0"/>
<pin id="1330" dir="1" index="2" bw="0" slack="2147483647"/>
</pin_list>
<bind>
<opcode="store(28) " fcode="store"/>
<opset="store_ln0/1 "/>
</bind>
</comp>

<comp id="1332" class="1004" name="store_ln0_store_fu_1332">
<pin_list>
<pin id="1333" dir="0" index="0" bw="32" slack="0"/>
<pin id="1334" dir="0" index="1" bw="32" slack="0"/>
<pin id="1335" dir="1" index="2" bw="0" slack="2147483647"/>
</pin_list>
<bind>
<opcode="store(28) " fcode="store"/>
<opset="store_ln0/1 "/>
</bind>
</comp>

<comp id="1337" class="1004" name="store_ln0_store_fu_1337">
<pin_list>
<pin id="1338" dir="0" index="0" bw="32" slack="0"/>
<pin id="1339" dir="0" index="1" bw="32" slack="0"/>
<pin id="1340" dir="1" index="2" bw="0" slack="2147483647"/>
</pin_list>
<bind>
<opcode="store(28) " fcode="store"/>
<opset="store_ln0/1 "/>
</bind>
</comp>

<comp id="1342" class="1004" name="store_ln0_store_fu_1342">
<pin_list>
<pin id="1343" dir="0" index="0" bw="32" slack="0"/>
<pin id="1344" dir="0" index="1" bw="32" slack="0"/>
<pin id="1345" dir="1" index="2" bw="0" slack="2147483647"/>
</pin_list>
<bind>
<opcode="store(28) " fcode="store"/>
<opset="store_ln0/1 "/>
</bind>
</comp>

<comp id="1347" class="1004" name="store_ln0_store_fu_1347">
<pin_list>
<pin id="1348" dir="0" index="0" bw="32" slack="0"/>
<pin id="1349" dir="0" index="1" bw="32" slack="0"/>
<pin id="1350" dir="1" index="2" bw="0" slack="2147483647"/>
</pin_list>
<bind>
<opcode="store(28) " fcode="store"/>
<opset="store_ln0/1 "/>
</bind>
</comp>

<comp id="1352" class="1004" name="store_ln0_store_fu_1352">
<pin_list>
<pin id="1353" dir="0" index="0" bw="32" slack="0"/>
<pin id="1354" dir="0" index="1" bw="32" slack="0"/>
<pin id="1355" dir="1" index="2" bw="0" slack="2147483647"/>
</pin_list>
<bind>
<opcode="store(28) " fcode="store"/>
<opset="store_ln0/1 "/>
</bind>
</comp>

<comp id="1357" class="1004" name="store_ln0_store_fu_1357">
<pin_list>
<pin id="1358" dir="0" index="0" bw="32" slack="0"/>
<pin id="1359" dir="0" index="1" bw="32" slack="0"/>
<pin id="1360" dir="1" index="2" bw="0" slack="2147483647"/>
</pin_list>
<bind>
<opcode="store(28) " fcode="store"/>
<opset="store_ln0/1 "/>
</bind>
</comp>

<comp id="1362" class="1004" name="store_ln0_store_fu_1362">
<pin_list>
<pin id="1363" dir="0" index="0" bw="32" slack="0"/>
<pin id="1364" dir="0" index="1" bw="32" slack="0"/>
<pin id="1365" dir="1" index="2" bw="0" slack="2147483647"/>
</pin_list>
<bind>
<opcode="store(28) " fcode="store"/>
<opset="store_ln0/1 "/>
</bind>
</comp>

<comp id="1367" class="1004" name="store_ln0_store_fu_1367">
<pin_list>
<pin id="1368" dir="0" index="0" bw="32" slack="0"/>
<pin id="1369" dir="0" index="1" bw="32" slack="0"/>
<pin id="1370" dir="1" index="2" bw="0" slack="2147483647"/>
</pin_list>
<bind>
<opcode="store(28) " fcode="store"/>
<opset="store_ln0/1 "/>
</bind>
</comp>

<comp id="1372" class="1004" name="store_ln0_store_fu_1372">
<pin_list>
<pin id="1373" dir="0" index="0" bw="1" slack="0"/>
<pin id="1374" dir="0" index="1" bw="3" slack="0"/>
<pin id="1375" dir="1" index="2" bw="0" slack="2147483647"/>
</pin_list>
<bind>
<opcode="store(28) " fcode="store"/>
<opset="store_ln0/1 "/>
</bind>
</comp>

<comp id="1377" class="1004" name="i_12_load_fu_1377">
<pin_list>
<pin id="1378" dir="0" index="0" bw="3" slack="0"/>
<pin id="1379" dir="1" index="1" bw="3" slack="0"/>
</pin_list>
<bind>
<opcode="load(27) " fcode="load"/>
<opset="i_12/1 "/>
</bind>
</comp>

<comp id="1380" class="1004" name="icmp_ln117_fu_1380">
<pin_list>
<pin id="1381" dir="0" index="0" bw="3" slack="0"/>
<pin id="1382" dir="0" index="1" bw="2" slack="0"/>
<pin id="1383" dir="1" index="2" bw="1" slack="9"/>
</pin_list>
<bind>
<opcode="icmp(45) " fcode="icmp"/>
<opset="icmp_ln117/1 "/>
</bind>
</comp>

<comp id="1386" class="1004" name="add_ln117_fu_1386">
<pin_list>
<pin id="1387" dir="0" index="0" bw="3" slack="0"/>
<pin id="1388" dir="0" index="1" bw="1" slack="0"/>
<pin id="1389" dir="1" index="2" bw="3" slack="0"/>
</pin_list>
<bind>
<opcode="add(8) " fcode="add"/>
<opset="add_ln117/1 "/>
</bind>
</comp>

<comp id="1392" class="1004" name="tmp_s_fu_1392">
<pin_list>
<pin id="1393" dir="0" index="0" bw="32" slack="0"/>
<pin id="1394" dir="0" index="1" bw="32" slack="0"/>
<pin id="1395" dir="0" index="2" bw="32" slack="0"/>
<pin id="1396" dir="0" index="3" bw="32" slack="0"/>
<pin id="1397" dir="0" index="4" bw="32" slack="0"/>
<pin id="1398" dir="0" index="5" bw="32" slack="0"/>
<pin id="1399" dir="0" index="6" bw="32" slack="0"/>
<pin id="1400" dir="0" index="7" bw="3" slack="0"/>
<pin id="1401" dir="1" index="8" bw="32" slack="1"/>
</pin_list>
<bind>
<opcode="mux(1196) " fcode="mux"/>
<opset="tmp_s/1 "/>
</bind>
</comp>

<comp id="1410" class="1004" name="store_ln117_store_fu_1410">
<pin_list>
<pin id="1411" dir="0" index="0" bw="3" slack="0"/>
<pin id="1412" dir="0" index="1" bw="3" slack="0"/>
<pin id="1413" dir="1" index="2" bw="0" slack="2147483647"/>
</pin_list>
<bind>
<opcode="store(28) " fcode="store"/>
<opset="store_ln117/1 "/>
</bind>
</comp>

<comp id="1415" class="1004" name="tmp_58_fu_1415">
<pin_list>
<pin id="1416" dir="0" index="0" bw="32" slack="0"/>
<pin id="1417" dir="0" index="1" bw="32" slack="7"/>
<pin id="1418" dir="0" index="2" bw="32" slack="7"/>
<pin id="1419" dir="0" index="3" bw="32" slack="7"/>
<pin id="1420" dir="0" index="4" bw="32" slack="7"/>
<pin id="1421" dir="0" index="5" bw="32" slack="7"/>
<pin id="1422" dir="0" index="6" bw="32" slack="7"/>
<pin id="1423" dir="0" index="7" bw="3" slack="7"/>
<pin id="1424" dir="1" index="8" bw="32" slack="0"/>
</pin_list>
<bind>
<opcode="mux(1196) " fcode="mux"/>
<opset="tmp_58/8 "/>
</bind>
</comp>

<comp id="1427" class="1004" name="tmp_108_1_fu_1427">
<pin_list>
<pin id="1428" dir="0" index="0" bw="32" slack="0"/>
<pin id="1429" dir="0" index="1" bw="32" slack="7"/>
<pin id="1430" dir="0" index="2" bw="32" slack="7"/>
<pin id="1431" dir="0" index="3" bw="32" slack="7"/>
<pin id="1432" dir="0" index="4" bw="32" slack="7"/>
<pin id="1433" dir="0" index="5" bw="32" slack="7"/>
<pin id="1434" dir="0" index="6" bw="32" slack="7"/>
<pin id="1435" dir="0" index="7" bw="3" slack="7"/>
<pin id="1436" dir="1" index="8" bw="32" slack="0"/>
</pin_list>
<bind>
<opcode="mux(1196) " fcode="mux"/>
<opset="tmp_108_1/8 "/>
</bind>
</comp>

<comp id="1439" class="1004" name="tmp_108_2_fu_1439">
<pin_list>
<pin id="1440" dir="0" index="0" bw="32" slack="0"/>
<pin id="1441" dir="0" index="1" bw="32" slack="7"/>
<pin id="1442" dir="0" index="2" bw="32" slack="7"/>
<pin id="1443" dir="0" index="3" bw="32" slack="7"/>
<pin id="1444" dir="0" index="4" bw="32" slack="7"/>
<pin id="1445" dir="0" index="5" bw="32" slack="7"/>
<pin id="1446" dir="0" index="6" bw="32" slack="7"/>
<pin id="1447" dir="0" index="7" bw="3" slack="7"/>
<pin id="1448" dir="1" index="8" bw="32" slack="0"/>
</pin_list>
<bind>
<opcode="mux(1196) " fcode="mux"/>
<opset="tmp_108_2/8 "/>
</bind>
</comp>

<comp id="1451" class="1004" name="tmp_108_3_fu_1451">
<pin_list>
<pin id="1452" dir="0" index="0" bw="32" slack="0"/>
<pin id="1453" dir="0" index="1" bw="32" slack="7"/>
<pin id="1454" dir="0" index="2" bw="32" slack="7"/>
<pin id="1455" dir="0" index="3" bw="32" slack="7"/>
<pin id="1456" dir="0" index="4" bw="32" slack="7"/>
<pin id="1457" dir="0" index="5" bw="32" slack="7"/>
<pin id="1458" dir="0" index="6" bw="32" slack="7"/>
<pin id="1459" dir="0" index="7" bw="3" slack="7"/>
<pin id="1460" dir="1" index="8" bw="32" slack="0"/>
</pin_list>
<bind>
<opcode="mux(1196) " fcode="mux"/>
<opset="tmp_108_3/8 "/>
</bind>
</comp>

<comp id="1463" class="1004" name="tmp_108_4_fu_1463">
<pin_list>
<pin id="1464" dir="0" index="0" bw="32" slack="0"/>
<pin id="1465" dir="0" index="1" bw="32" slack="7"/>
<pin id="1466" dir="0" index="2" bw="32" slack="7"/>
<pin id="1467" dir="0" index="3" bw="32" slack="7"/>
<pin id="1468" dir="0" index="4" bw="32" slack="7"/>
<pin id="1469" dir="0" index="5" bw="32" slack="7"/>
<pin id="1470" dir="0" index="6" bw="32" slack="7"/>
<pin id="1471" dir="0" index="7" bw="3" slack="7"/>
<pin id="1472" dir="1" index="8" bw="32" slack="0"/>
</pin_list>
<bind>
<opcode="mux(1196) " fcode="mux"/>
<opset="tmp_108_4/8 "/>
</bind>
</comp>

<comp id="1475" class="1004" name="tmp_108_5_fu_1475">
<pin_list>
<pin id="1476" dir="0" index="0" bw="32" slack="0"/>
<pin id="1477" dir="0" index="1" bw="32" slack="7"/>
<pin id="1478" dir="0" index="2" bw="32" slack="7"/>
<pin id="1479" dir="0" index="3" bw="32" slack="7"/>
<pin id="1480" dir="0" index="4" bw="32" slack="7"/>
<pin id="1481" dir="0" index="5" bw="32" slack="7"/>
<pin id="1482" dir="0" index="6" bw="32" slack="7"/>
<pin id="1483" dir="0" index="7" bw="3" slack="7"/>
<pin id="1484" dir="1" index="8" bw="32" slack="0"/>
</pin_list>
<bind>
<opcode="mux(1196) " fcode="mux"/>
<opset="tmp_108_5/8 "/>
</bind>
</comp>

<comp id="1487" class="1004" name="store_ln118_store_fu_1487">
<pin_list>
<pin id="1488" dir="0" index="0" bw="32" slack="0"/>
<pin id="1489" dir="0" index="1" bw="32" slack="10"/>
<pin id="1490" dir="1" index="2" bw="0" slack="2147483647"/>
</pin_list>
<bind>
<opcode="store(28) " fcode="store"/>
<opset="store_ln118/11 "/>
</bind>
</comp>

<comp id="1492" class="1004" name="store_ln118_store_fu_1492">
<pin_list>
<pin id="1493" dir="0" index="0" bw="32" slack="0"/>
<pin id="1494" dir="0" index="1" bw="32" slack="10"/>
<pin id="1495" dir="1" index="2" bw="0" slack="2147483647"/>
</pin_list>
<bind>
<opcode="store(28) " fcode="store"/>
<opset="store_ln118/11 "/>
</bind>
</comp>

<comp id="1497" class="1004" name="store_ln118_store_fu_1497">
<pin_list>
<pin id="1498" dir="0" index="0" bw="32" slack="0"/>
<pin id="1499" dir="0" index="1" bw="32" slack="10"/>
<pin id="1500" dir="1" index="2" bw="0" slack="2147483647"/>
</pin_list>
<bind>
<opcode="store(28) " fcode="store"/>
<opset="store_ln118/11 "/>
</bind>
</comp>

<comp id="1502" class="1004" name="store_ln118_store_fu_1502">
<pin_list>
<pin id="1503" dir="0" index="0" bw="32" slack="0"/>
<pin id="1504" dir="0" index="1" bw="32" slack="10"/>
<pin id="1505" dir="1" index="2" bw="0" slack="2147483647"/>
</pin_list>
<bind>
<opcode="store(28) " fcode="store"/>
<opset="store_ln118/11 "/>
</bind>
</comp>

<comp id="1507" class="1004" name="store_ln118_store_fu_1507">
<pin_list>
<pin id="1508" dir="0" index="0" bw="32" slack="0"/>
<pin id="1509" dir="0" index="1" bw="32" slack="10"/>
<pin id="1510" dir="1" index="2" bw="0" slack="2147483647"/>
</pin_list>
<bind>
<opcode="store(28) " fcode="store"/>
<opset="store_ln118/11 "/>
</bind>
</comp>

<comp id="1512" class="1004" name="store_ln118_store_fu_1512">
<pin_list>
<pin id="1513" dir="0" index="0" bw="32" slack="0"/>
<pin id="1514" dir="0" index="1" bw="32" slack="10"/>
<pin id="1515" dir="1" index="2" bw="0" slack="2147483647"/>
</pin_list>
<bind>
<opcode="store(28) " fcode="store"/>
<opset="store_ln118/11 "/>
</bind>
</comp>

<comp id="1517" class="1004" name="store_ln118_store_fu_1517">
<pin_list>
<pin id="1518" dir="0" index="0" bw="32" slack="0"/>
<pin id="1519" dir="0" index="1" bw="32" slack="10"/>
<pin id="1520" dir="1" index="2" bw="0" slack="2147483647"/>
</pin_list>
<bind>
<opcode="store(28) " fcode="store"/>
<opset="store_ln118/11 "/>
</bind>
</comp>

<comp id="1522" class="1004" name="store_ln118_store_fu_1522">
<pin_list>
<pin id="1523" dir="0" index="0" bw="32" slack="0"/>
<pin id="1524" dir="0" index="1" bw="32" slack="10"/>
<pin id="1525" dir="1" index="2" bw="0" slack="2147483647"/>
</pin_list>
<bind>
<opcode="store(28) " fcode="store"/>
<opset="store_ln118/11 "/>
</bind>
</comp>

<comp id="1527" class="1004" name="store_ln118_store_fu_1527">
<pin_list>
<pin id="1528" dir="0" index="0" bw="32" slack="0"/>
<pin id="1529" dir="0" index="1" bw="32" slack="10"/>
<pin id="1530" dir="1" index="2" bw="0" slack="2147483647"/>
</pin_list>
<bind>
<opcode="store(28) " fcode="store"/>
<opset="store_ln118/11 "/>
</bind>
</comp>

<comp id="1532" class="1004" name="store_ln118_store_fu_1532">
<pin_list>
<pin id="1533" dir="0" index="0" bw="32" slack="0"/>
<pin id="1534" dir="0" index="1" bw="32" slack="10"/>
<pin id="1535" dir="1" index="2" bw="0" slack="2147483647"/>
</pin_list>
<bind>
<opcode="store(28) " fcode="store"/>
<opset="store_ln118/11 "/>
</bind>
</comp>

<comp id="1537" class="1004" name="store_ln118_store_fu_1537">
<pin_list>
<pin id="1538" dir="0" index="0" bw="32" slack="0"/>
<pin id="1539" dir="0" index="1" bw="32" slack="10"/>
<pin id="1540" dir="1" index="2" bw="0" slack="2147483647"/>
</pin_list>
<bind>
<opcode="store(28) " fcode="store"/>
<opset="store_ln118/11 "/>
</bind>
</comp>

<comp id="1542" class="1004" name="store_ln118_store_fu_1542">
<pin_list>
<pin id="1543" dir="0" index="0" bw="32" slack="0"/>
<pin id="1544" dir="0" index="1" bw="32" slack="10"/>
<pin id="1545" dir="1" index="2" bw="0" slack="2147483647"/>
</pin_list>
<bind>
<opcode="store(28) " fcode="store"/>
<opset="store_ln118/11 "/>
</bind>
</comp>

<comp id="1547" class="1004" name="store_ln118_store_fu_1547">
<pin_list>
<pin id="1548" dir="0" index="0" bw="32" slack="0"/>
<pin id="1549" dir="0" index="1" bw="32" slack="10"/>
<pin id="1550" dir="1" index="2" bw="0" slack="2147483647"/>
</pin_list>
<bind>
<opcode="store(28) " fcode="store"/>
<opset="store_ln118/11 "/>
</bind>
</comp>

<comp id="1552" class="1004" name="store_ln118_store_fu_1552">
<pin_list>
<pin id="1553" dir="0" index="0" bw="32" slack="0"/>
<pin id="1554" dir="0" index="1" bw="32" slack="10"/>
<pin id="1555" dir="1" index="2" bw="0" slack="2147483647"/>
</pin_list>
<bind>
<opcode="store(28) " fcode="store"/>
<opset="store_ln118/11 "/>
</bind>
</comp>

<comp id="1557" class="1004" name="store_ln118_store_fu_1557">
<pin_list>
<pin id="1558" dir="0" index="0" bw="32" slack="0"/>
<pin id="1559" dir="0" index="1" bw="32" slack="10"/>
<pin id="1560" dir="1" index="2" bw="0" slack="2147483647"/>
</pin_list>
<bind>
<opcode="store(28) " fcode="store"/>
<opset="store_ln118/11 "/>
</bind>
</comp>

<comp id="1562" class="1004" name="store_ln118_store_fu_1562">
<pin_list>
<pin id="1563" dir="0" index="0" bw="32" slack="0"/>
<pin id="1564" dir="0" index="1" bw="32" slack="10"/>
<pin id="1565" dir="1" index="2" bw="0" slack="2147483647"/>
</pin_list>
<bind>
<opcode="store(28) " fcode="store"/>
<opset="store_ln118/11 "/>
</bind>
</comp>

<comp id="1567" class="1004" name="store_ln118_store_fu_1567">
<pin_list>
<pin id="1568" dir="0" index="0" bw="32" slack="0"/>
<pin id="1569" dir="0" index="1" bw="32" slack="10"/>
<pin id="1570" dir="1" index="2" bw="0" slack="2147483647"/>
</pin_list>
<bind>
<opcode="store(28) " fcode="store"/>
<opset="store_ln118/11 "/>
</bind>
</comp>

<comp id="1572" class="1004" name="store_ln118_store_fu_1572">
<pin_list>
<pin id="1573" dir="0" index="0" bw="32" slack="0"/>
<pin id="1574" dir="0" index="1" bw="32" slack="10"/>
<pin id="1575" dir="1" index="2" bw="0" slack="2147483647"/>
</pin_list>
<bind>
<opcode="store(28) " fcode="store"/>
<opset="store_ln118/11 "/>
</bind>
</comp>

<comp id="1577" class="1004" name="store_ln118_store_fu_1577">
<pin_list>
<pin id="1578" dir="0" index="0" bw="32" slack="0"/>
<pin id="1579" dir="0" index="1" bw="32" slack="10"/>
<pin id="1580" dir="1" index="2" bw="0" slack="2147483647"/>
</pin_list>
<bind>
<opcode="store(28) " fcode="store"/>
<opset="store_ln118/11 "/>
</bind>
</comp>

<comp id="1582" class="1004" name="store_ln118_store_fu_1582">
<pin_list>
<pin id="1583" dir="0" index="0" bw="32" slack="0"/>
<pin id="1584" dir="0" index="1" bw="32" slack="10"/>
<pin id="1585" dir="1" index="2" bw="0" slack="2147483647"/>
</pin_list>
<bind>
<opcode="store(28) " fcode="store"/>
<opset="store_ln118/11 "/>
</bind>
</comp>

<comp id="1587" class="1004" name="store_ln118_store_fu_1587">
<pin_list>
<pin id="1588" dir="0" index="0" bw="32" slack="0"/>
<pin id="1589" dir="0" index="1" bw="32" slack="10"/>
<pin id="1590" dir="1" index="2" bw="0" slack="2147483647"/>
</pin_list>
<bind>
<opcode="store(28) " fcode="store"/>
<opset="store_ln118/11 "/>
</bind>
</comp>

<comp id="1592" class="1004" name="store_ln118_store_fu_1592">
<pin_list>
<pin id="1593" dir="0" index="0" bw="32" slack="0"/>
<pin id="1594" dir="0" index="1" bw="32" slack="10"/>
<pin id="1595" dir="1" index="2" bw="0" slack="2147483647"/>
</pin_list>
<bind>
<opcode="store(28) " fcode="store"/>
<opset="store_ln118/11 "/>
</bind>
</comp>

<comp id="1597" class="1004" name="store_ln118_store_fu_1597">
<pin_list>
<pin id="1598" dir="0" index="0" bw="32" slack="0"/>
<pin id="1599" dir="0" index="1" bw="32" slack="10"/>
<pin id="1600" dir="1" index="2" bw="0" slack="2147483647"/>
</pin_list>
<bind>
<opcode="store(28) " fcode="store"/>
<opset="store_ln118/11 "/>
</bind>
</comp>

<comp id="1602" class="1004" name="store_ln118_store_fu_1602">
<pin_list>
<pin id="1603" dir="0" index="0" bw="32" slack="0"/>
<pin id="1604" dir="0" index="1" bw="32" slack="10"/>
<pin id="1605" dir="1" index="2" bw="0" slack="2147483647"/>
</pin_list>
<bind>
<opcode="store(28) " fcode="store"/>
<opset="store_ln118/11 "/>
</bind>
</comp>

<comp id="1607" class="1004" name="store_ln118_store_fu_1607">
<pin_list>
<pin id="1608" dir="0" index="0" bw="32" slack="0"/>
<pin id="1609" dir="0" index="1" bw="32" slack="10"/>
<pin id="1610" dir="1" index="2" bw="0" slack="2147483647"/>
</pin_list>
<bind>
<opcode="store(28) " fcode="store"/>
<opset="store_ln118/11 "/>
</bind>
</comp>

<comp id="1612" class="1004" name="store_ln118_store_fu_1612">
<pin_list>
<pin id="1613" dir="0" index="0" bw="32" slack="0"/>
<pin id="1614" dir="0" index="1" bw="32" slack="10"/>
<pin id="1615" dir="1" index="2" bw="0" slack="2147483647"/>
</pin_list>
<bind>
<opcode="store(28) " fcode="store"/>
<opset="store_ln118/11 "/>
</bind>
</comp>

<comp id="1617" class="1004" name="store_ln118_store_fu_1617">
<pin_list>
<pin id="1618" dir="0" index="0" bw="32" slack="0"/>
<pin id="1619" dir="0" index="1" bw="32" slack="10"/>
<pin id="1620" dir="1" index="2" bw="0" slack="2147483647"/>
</pin_list>
<bind>
<opcode="store(28) " fcode="store"/>
<opset="store_ln118/11 "/>
</bind>
</comp>

<comp id="1622" class="1004" name="store_ln118_store_fu_1622">
<pin_list>
<pin id="1623" dir="0" index="0" bw="32" slack="0"/>
<pin id="1624" dir="0" index="1" bw="32" slack="10"/>
<pin id="1625" dir="1" index="2" bw="0" slack="2147483647"/>
</pin_list>
<bind>
<opcode="store(28) " fcode="store"/>
<opset="store_ln118/11 "/>
</bind>
</comp>

<comp id="1627" class="1004" name="store_ln118_store_fu_1627">
<pin_list>
<pin id="1628" dir="0" index="0" bw="32" slack="0"/>
<pin id="1629" dir="0" index="1" bw="32" slack="10"/>
<pin id="1630" dir="1" index="2" bw="0" slack="2147483647"/>
</pin_list>
<bind>
<opcode="store(28) " fcode="store"/>
<opset="store_ln118/11 "/>
</bind>
</comp>

<comp id="1632" class="1004" name="store_ln118_store_fu_1632">
<pin_list>
<pin id="1633" dir="0" index="0" bw="32" slack="0"/>
<pin id="1634" dir="0" index="1" bw="32" slack="10"/>
<pin id="1635" dir="1" index="2" bw="0" slack="2147483647"/>
</pin_list>
<bind>
<opcode="store(28) " fcode="store"/>
<opset="store_ln118/11 "/>
</bind>
</comp>

<comp id="1637" class="1004" name="store_ln118_store_fu_1637">
<pin_list>
<pin id="1638" dir="0" index="0" bw="32" slack="0"/>
<pin id="1639" dir="0" index="1" bw="32" slack="10"/>
<pin id="1640" dir="1" index="2" bw="0" slack="2147483647"/>
</pin_list>
<bind>
<opcode="store(28) " fcode="store"/>
<opset="store_ln118/11 "/>
</bind>
</comp>

<comp id="1642" class="1004" name="store_ln118_store_fu_1642">
<pin_list>
<pin id="1643" dir="0" index="0" bw="32" slack="0"/>
<pin id="1644" dir="0" index="1" bw="32" slack="10"/>
<pin id="1645" dir="1" index="2" bw="0" slack="2147483647"/>
</pin_list>
<bind>
<opcode="store(28) " fcode="store"/>
<opset="store_ln118/11 "/>
</bind>
</comp>

<comp id="1647" class="1004" name="store_ln118_store_fu_1647">
<pin_list>
<pin id="1648" dir="0" index="0" bw="32" slack="0"/>
<pin id="1649" dir="0" index="1" bw="32" slack="10"/>
<pin id="1650" dir="1" index="2" bw="0" slack="2147483647"/>
</pin_list>
<bind>
<opcode="store(28) " fcode="store"/>
<opset="store_ln118/11 "/>
</bind>
</comp>

<comp id="1652" class="1004" name="store_ln118_store_fu_1652">
<pin_list>
<pin id="1653" dir="0" index="0" bw="32" slack="0"/>
<pin id="1654" dir="0" index="1" bw="32" slack="10"/>
<pin id="1655" dir="1" index="2" bw="0" slack="2147483647"/>
</pin_list>
<bind>
<opcode="store(28) " fcode="store"/>
<opset="store_ln118/11 "/>
</bind>
</comp>

<comp id="1657" class="1004" name="store_ln118_store_fu_1657">
<pin_list>
<pin id="1658" dir="0" index="0" bw="32" slack="0"/>
<pin id="1659" dir="0" index="1" bw="32" slack="10"/>
<pin id="1660" dir="1" index="2" bw="0" slack="2147483647"/>
</pin_list>
<bind>
<opcode="store(28) " fcode="store"/>
<opset="store_ln118/11 "/>
</bind>
</comp>

<comp id="1662" class="1004" name="store_ln118_store_fu_1662">
<pin_list>
<pin id="1663" dir="0" index="0" bw="32" slack="0"/>
<pin id="1664" dir="0" index="1" bw="32" slack="10"/>
<pin id="1665" dir="1" index="2" bw="0" slack="2147483647"/>
</pin_list>
<bind>
<opcode="store(28) " fcode="store"/>
<opset="store_ln118/11 "/>
</bind>
</comp>

<comp id="1667" class="1004" name="P_load_load_fu_1667">
<pin_list>
<pin id="1668" dir="0" index="0" bw="32" slack="9"/>
<pin id="1669" dir="1" index="1" bw="32" slack="0"/>
</pin_list>
<bind>
<opcode="load(27) " fcode="load"/>
<opset="P_load/10 "/>
</bind>
</comp>

<comp id="1671" class="1004" name="P_38_load_load_fu_1671">
<pin_list>
<pin id="1672" dir="0" index="0" bw="32" slack="9"/>
<pin id="1673" dir="1" index="1" bw="32" slack="0"/>
</pin_list>
<bind>
<opcode="load(27) " fcode="load"/>
<opset="P_38_load/10 "/>
</bind>
</comp>

<comp id="1675" class="1004" name="P_39_load_load_fu_1675">
<pin_list>
<pin id="1676" dir="0" index="0" bw="32" slack="9"/>
<pin id="1677" dir="1" index="1" bw="32" slack="0"/>
</pin_list>
<bind>
<opcode="load(27) " fcode="load"/>
<opset="P_39_load/10 "/>
</bind>
</comp>

<comp id="1679" class="1004" name="P_40_load_load_fu_1679">
<pin_list>
<pin id="1680" dir="0" index="0" bw="32" slack="9"/>
<pin id="1681" dir="1" index="1" bw="32" slack="0"/>
</pin_list>
<bind>
<opcode="load(27) " fcode="load"/>
<opset="P_40_load/10 "/>
</bind>
</comp>

<comp id="1683" class="1004" name="P_41_load_load_fu_1683">
<pin_list>
<pin id="1684" dir="0" index="0" bw="32" slack="9"/>
<pin id="1685" dir="1" index="1" bw="32" slack="0"/>
</pin_list>
<bind>
<opcode="load(27) " fcode="load"/>
<opset="P_41_load/10 "/>
</bind>
</comp>

<comp id="1687" class="1004" name="P_42_load_load_fu_1687">
<pin_list>
<pin id="1688" dir="0" index="0" bw="32" slack="9"/>
<pin id="1689" dir="1" index="1" bw="32" slack="0"/>
</pin_list>
<bind>
<opcode="load(27) " fcode="load"/>
<opset="P_42_load/10 "/>
</bind>
</comp>

<comp id="1691" class="1004" name="P_43_load_load_fu_1691">
<pin_list>
<pin id="1692" dir="0" index="0" bw="32" slack="9"/>
<pin id="1693" dir="1" index="1" bw="32" slack="0"/>
</pin_list>
<bind>
<opcode="load(27) " fcode="load"/>
<opset="P_43_load/10 "/>
</bind>
</comp>

<comp id="1695" class="1004" name="P_44_load_load_fu_1695">
<pin_list>
<pin id="1696" dir="0" index="0" bw="32" slack="9"/>
<pin id="1697" dir="1" index="1" bw="32" slack="0"/>
</pin_list>
<bind>
<opcode="load(27) " fcode="load"/>
<opset="P_44_load/10 "/>
</bind>
</comp>

<comp id="1699" class="1004" name="P_45_load_load_fu_1699">
<pin_list>
<pin id="1700" dir="0" index="0" bw="32" slack="9"/>
<pin id="1701" dir="1" index="1" bw="32" slack="0"/>
</pin_list>
<bind>
<opcode="load(27) " fcode="load"/>
<opset="P_45_load/10 "/>
</bind>
</comp>

<comp id="1703" class="1004" name="P_46_load_load_fu_1703">
<pin_list>
<pin id="1704" dir="0" index="0" bw="32" slack="9"/>
<pin id="1705" dir="1" index="1" bw="32" slack="0"/>
</pin_list>
<bind>
<opcode="load(27) " fcode="load"/>
<opset="P_46_load/10 "/>
</bind>
</comp>

<comp id="1707" class="1004" name="P_47_load_load_fu_1707">
<pin_list>
<pin id="1708" dir="0" index="0" bw="32" slack="9"/>
<pin id="1709" dir="1" index="1" bw="32" slack="0"/>
</pin_list>
<bind>
<opcode="load(27) " fcode="load"/>
<opset="P_47_load/10 "/>
</bind>
</comp>

<comp id="1711" class="1004" name="P_48_load_load_fu_1711">
<pin_list>
<pin id="1712" dir="0" index="0" bw="32" slack="9"/>
<pin id="1713" dir="1" index="1" bw="32" slack="0"/>
</pin_list>
<bind>
<opcode="load(27) " fcode="load"/>
<opset="P_48_load/10 "/>
</bind>
</comp>

<comp id="1715" class="1004" name="P_49_load_load_fu_1715">
<pin_list>
<pin id="1716" dir="0" index="0" bw="32" slack="9"/>
<pin id="1717" dir="1" index="1" bw="32" slack="0"/>
</pin_list>
<bind>
<opcode="load(27) " fcode="load"/>
<opset="P_49_load/10 "/>
</bind>
</comp>

<comp id="1719" class="1004" name="P_50_load_load_fu_1719">
<pin_list>
<pin id="1720" dir="0" index="0" bw="32" slack="9"/>
<pin id="1721" dir="1" index="1" bw="32" slack="0"/>
</pin_list>
<bind>
<opcode="load(27) " fcode="load"/>
<opset="P_50_load/10 "/>
</bind>
</comp>

<comp id="1723" class="1004" name="P_51_load_load_fu_1723">
<pin_list>
<pin id="1724" dir="0" index="0" bw="32" slack="9"/>
<pin id="1725" dir="1" index="1" bw="32" slack="0"/>
</pin_list>
<bind>
<opcode="load(27) " fcode="load"/>
<opset="P_51_load/10 "/>
</bind>
</comp>

<comp id="1727" class="1004" name="P_52_load_load_fu_1727">
<pin_list>
<pin id="1728" dir="0" index="0" bw="32" slack="9"/>
<pin id="1729" dir="1" index="1" bw="32" slack="0"/>
</pin_list>
<bind>
<opcode="load(27) " fcode="load"/>
<opset="P_52_load/10 "/>
</bind>
</comp>

<comp id="1731" class="1004" name="P_53_load_load_fu_1731">
<pin_list>
<pin id="1732" dir="0" index="0" bw="32" slack="9"/>
<pin id="1733" dir="1" index="1" bw="32" slack="0"/>
</pin_list>
<bind>
<opcode="load(27) " fcode="load"/>
<opset="P_53_load/10 "/>
</bind>
</comp>

<comp id="1735" class="1004" name="P_54_load_load_fu_1735">
<pin_list>
<pin id="1736" dir="0" index="0" bw="32" slack="9"/>
<pin id="1737" dir="1" index="1" bw="32" slack="0"/>
</pin_list>
<bind>
<opcode="load(27) " fcode="load"/>
<opset="P_54_load/10 "/>
</bind>
</comp>

<comp id="1739" class="1004" name="P_55_load_load_fu_1739">
<pin_list>
<pin id="1740" dir="0" index="0" bw="32" slack="9"/>
<pin id="1741" dir="1" index="1" bw="32" slack="0"/>
</pin_list>
<bind>
<opcode="load(27) " fcode="load"/>
<opset="P_55_load/10 "/>
</bind>
</comp>

<comp id="1743" class="1004" name="P_56_load_load_fu_1743">
<pin_list>
<pin id="1744" dir="0" index="0" bw="32" slack="9"/>
<pin id="1745" dir="1" index="1" bw="32" slack="0"/>
</pin_list>
<bind>
<opcode="load(27) " fcode="load"/>
<opset="P_56_load/10 "/>
</bind>
</comp>

<comp id="1747" class="1004" name="P_57_load_load_fu_1747">
<pin_list>
<pin id="1748" dir="0" index="0" bw="32" slack="9"/>
<pin id="1749" dir="1" index="1" bw="32" slack="0"/>
</pin_list>
<bind>
<opcode="load(27) " fcode="load"/>
<opset="P_57_load/10 "/>
</bind>
</comp>

<comp id="1751" class="1004" name="P_58_load_load_fu_1751">
<pin_list>
<pin id="1752" dir="0" index="0" bw="32" slack="9"/>
<pin id="1753" dir="1" index="1" bw="32" slack="0"/>
</pin_list>
<bind>
<opcode="load(27) " fcode="load"/>
<opset="P_58_load/10 "/>
</bind>
</comp>

<comp id="1755" class="1004" name="P_59_load_load_fu_1755">
<pin_list>
<pin id="1756" dir="0" index="0" bw="32" slack="9"/>
<pin id="1757" dir="1" index="1" bw="32" slack="0"/>
</pin_list>
<bind>
<opcode="load(27) " fcode="load"/>
<opset="P_59_load/10 "/>
</bind>
</comp>

<comp id="1759" class="1004" name="P_60_load_load_fu_1759">
<pin_list>
<pin id="1760" dir="0" index="0" bw="32" slack="9"/>
<pin id="1761" dir="1" index="1" bw="32" slack="0"/>
</pin_list>
<bind>
<opcode="load(27) " fcode="load"/>
<opset="P_60_load/10 "/>
</bind>
</comp>

<comp id="1763" class="1004" name="P_61_load_load_fu_1763">
<pin_list>
<pin id="1764" dir="0" index="0" bw="32" slack="9"/>
<pin id="1765" dir="1" index="1" bw="32" slack="0"/>
</pin_list>
<bind>
<opcode="load(27) " fcode="load"/>
<opset="P_61_load/10 "/>
</bind>
</comp>

<comp id="1767" class="1004" name="P_62_load_load_fu_1767">
<pin_list>
<pin id="1768" dir="0" index="0" bw="32" slack="9"/>
<pin id="1769" dir="1" index="1" bw="32" slack="0"/>
</pin_list>
<bind>
<opcode="load(27) " fcode="load"/>
<opset="P_62_load/10 "/>
</bind>
</comp>

<comp id="1771" class="1004" name="P_63_load_load_fu_1771">
<pin_list>
<pin id="1772" dir="0" index="0" bw="32" slack="9"/>
<pin id="1773" dir="1" index="1" bw="32" slack="0"/>
</pin_list>
<bind>
<opcode="load(27) " fcode="load"/>
<opset="P_63_load/10 "/>
</bind>
</comp>

<comp id="1775" class="1004" name="P_64_load_load_fu_1775">
<pin_list>
<pin id="1776" dir="0" index="0" bw="32" slack="9"/>
<pin id="1777" dir="1" index="1" bw="32" slack="0"/>
</pin_list>
<bind>
<opcode="load(27) " fcode="load"/>
<opset="P_64_load/10 "/>
</bind>
</comp>

<comp id="1779" class="1004" name="P_65_load_load_fu_1779">
<pin_list>
<pin id="1780" dir="0" index="0" bw="32" slack="9"/>
<pin id="1781" dir="1" index="1" bw="32" slack="0"/>
</pin_list>
<bind>
<opcode="load(27) " fcode="load"/>
<opset="P_65_load/10 "/>
</bind>
</comp>

<comp id="1783" class="1004" name="P_66_load_load_fu_1783">
<pin_list>
<pin id="1784" dir="0" index="0" bw="32" slack="9"/>
<pin id="1785" dir="1" index="1" bw="32" slack="0"/>
</pin_list>
<bind>
<opcode="load(27) " fcode="load"/>
<opset="P_66_load/10 "/>
</bind>
</comp>

<comp id="1787" class="1004" name="P_67_load_load_fu_1787">
<pin_list>
<pin id="1788" dir="0" index="0" bw="32" slack="9"/>
<pin id="1789" dir="1" index="1" bw="32" slack="0"/>
</pin_list>
<bind>
<opcode="load(27) " fcode="load"/>
<opset="P_67_load/10 "/>
</bind>
</comp>

<comp id="1791" class="1004" name="P_68_load_load_fu_1791">
<pin_list>
<pin id="1792" dir="0" index="0" bw="32" slack="9"/>
<pin id="1793" dir="1" index="1" bw="32" slack="0"/>
</pin_list>
<bind>
<opcode="load(27) " fcode="load"/>
<opset="P_68_load/10 "/>
</bind>
</comp>

<comp id="1795" class="1004" name="P_69_load_load_fu_1795">
<pin_list>
<pin id="1796" dir="0" index="0" bw="32" slack="9"/>
<pin id="1797" dir="1" index="1" bw="32" slack="0"/>
</pin_list>
<bind>
<opcode="load(27) " fcode="load"/>
<opset="P_69_load/10 "/>
</bind>
</comp>

<comp id="1799" class="1004" name="P_70_load_load_fu_1799">
<pin_list>
<pin id="1800" dir="0" index="0" bw="32" slack="9"/>
<pin id="1801" dir="1" index="1" bw="32" slack="0"/>
</pin_list>
<bind>
<opcode="load(27) " fcode="load"/>
<opset="P_70_load/10 "/>
</bind>
</comp>

<comp id="1803" class="1004" name="P_71_load_load_fu_1803">
<pin_list>
<pin id="1804" dir="0" index="0" bw="32" slack="9"/>
<pin id="1805" dir="1" index="1" bw="32" slack="0"/>
</pin_list>
<bind>
<opcode="load(27) " fcode="load"/>
<opset="P_71_load/10 "/>
</bind>
</comp>

<comp id="1807" class="1004" name="P_72_load_load_fu_1807">
<pin_list>
<pin id="1808" dir="0" index="0" bw="32" slack="9"/>
<pin id="1809" dir="1" index="1" bw="32" slack="0"/>
</pin_list>
<bind>
<opcode="load(27) " fcode="load"/>
<opset="P_72_load/10 "/>
</bind>
</comp>

<comp id="1811" class="1005" name="i_reg_1811">
<pin_list>
<pin id="1812" dir="0" index="0" bw="3" slack="0"/>
<pin id="1813" dir="1" index="1" bw="3" slack="0"/>
</pin_list>
<bind>
<opset="i "/>
</bind>
</comp>

<comp id="1818" class="1005" name="P_reg_1818">
<pin_list>
<pin id="1819" dir="0" index="0" bw="32" slack="0"/>
<pin id="1820" dir="1" index="1" bw="32" slack="0"/>
</pin_list>
<bind>
<opset="P "/>
</bind>
</comp>

<comp id="1825" class="1005" name="P_38_reg_1825">
<pin_list>
<pin id="1826" dir="0" index="0" bw="32" slack="0"/>
<pin id="1827" dir="1" index="1" bw="32" slack="0"/>
</pin_list>
<bind>
<opset="P_38 "/>
</bind>
</comp>

<comp id="1832" class="1005" name="P_39_reg_1832">
<pin_list>
<pin id="1833" dir="0" index="0" bw="32" slack="0"/>
<pin id="1834" dir="1" index="1" bw="32" slack="0"/>
</pin_list>
<bind>
<opset="P_39 "/>
</bind>
</comp>

<comp id="1839" class="1005" name="P_40_reg_1839">
<pin_list>
<pin id="1840" dir="0" index="0" bw="32" slack="0"/>
<pin id="1841" dir="1" index="1" bw="32" slack="0"/>
</pin_list>
<bind>
<opset="P_40 "/>
</bind>
</comp>

<comp id="1846" class="1005" name="P_41_reg_1846">
<pin_list>
<pin id="1847" dir="0" index="0" bw="32" slack="0"/>
<pin id="1848" dir="1" index="1" bw="32" slack="0"/>
</pin_list>
<bind>
<opset="P_41 "/>
</bind>
</comp>

<comp id="1853" class="1005" name="P_42_reg_1853">
<pin_list>
<pin id="1854" dir="0" index="0" bw="32" slack="0"/>
<pin id="1855" dir="1" index="1" bw="32" slack="0"/>
</pin_list>
<bind>
<opset="P_42 "/>
</bind>
</comp>

<comp id="1860" class="1005" name="P_43_reg_1860">
<pin_list>
<pin id="1861" dir="0" index="0" bw="32" slack="0"/>
<pin id="1862" dir="1" index="1" bw="32" slack="0"/>
</pin_list>
<bind>
<opset="P_43 "/>
</bind>
</comp>

<comp id="1867" class="1005" name="P_44_reg_1867">
<pin_list>
<pin id="1868" dir="0" index="0" bw="32" slack="0"/>
<pin id="1869" dir="1" index="1" bw="32" slack="0"/>
</pin_list>
<bind>
<opset="P_44 "/>
</bind>
</comp>

<comp id="1874" class="1005" name="P_45_reg_1874">
<pin_list>
<pin id="1875" dir="0" index="0" bw="32" slack="0"/>
<pin id="1876" dir="1" index="1" bw="32" slack="0"/>
</pin_list>
<bind>
<opset="P_45 "/>
</bind>
</comp>

<comp id="1881" class="1005" name="P_46_reg_1881">
<pin_list>
<pin id="1882" dir="0" index="0" bw="32" slack="0"/>
<pin id="1883" dir="1" index="1" bw="32" slack="0"/>
</pin_list>
<bind>
<opset="P_46 "/>
</bind>
</comp>

<comp id="1888" class="1005" name="P_47_reg_1888">
<pin_list>
<pin id="1889" dir="0" index="0" bw="32" slack="0"/>
<pin id="1890" dir="1" index="1" bw="32" slack="0"/>
</pin_list>
<bind>
<opset="P_47 "/>
</bind>
</comp>

<comp id="1895" class="1005" name="P_48_reg_1895">
<pin_list>
<pin id="1896" dir="0" index="0" bw="32" slack="0"/>
<pin id="1897" dir="1" index="1" bw="32" slack="0"/>
</pin_list>
<bind>
<opset="P_48 "/>
</bind>
</comp>

<comp id="1902" class="1005" name="P_49_reg_1902">
<pin_list>
<pin id="1903" dir="0" index="0" bw="32" slack="0"/>
<pin id="1904" dir="1" index="1" bw="32" slack="0"/>
</pin_list>
<bind>
<opset="P_49 "/>
</bind>
</comp>

<comp id="1909" class="1005" name="P_50_reg_1909">
<pin_list>
<pin id="1910" dir="0" index="0" bw="32" slack="0"/>
<pin id="1911" dir="1" index="1" bw="32" slack="0"/>
</pin_list>
<bind>
<opset="P_50 "/>
</bind>
</comp>

<comp id="1916" class="1005" name="P_51_reg_1916">
<pin_list>
<pin id="1917" dir="0" index="0" bw="32" slack="0"/>
<pin id="1918" dir="1" index="1" bw="32" slack="0"/>
</pin_list>
<bind>
<opset="P_51 "/>
</bind>
</comp>

<comp id="1923" class="1005" name="P_52_reg_1923">
<pin_list>
<pin id="1924" dir="0" index="0" bw="32" slack="0"/>
<pin id="1925" dir="1" index="1" bw="32" slack="0"/>
</pin_list>
<bind>
<opset="P_52 "/>
</bind>
</comp>

<comp id="1930" class="1005" name="P_53_reg_1930">
<pin_list>
<pin id="1931" dir="0" index="0" bw="32" slack="0"/>
<pin id="1932" dir="1" index="1" bw="32" slack="0"/>
</pin_list>
<bind>
<opset="P_53 "/>
</bind>
</comp>

<comp id="1937" class="1005" name="P_54_reg_1937">
<pin_list>
<pin id="1938" dir="0" index="0" bw="32" slack="0"/>
<pin id="1939" dir="1" index="1" bw="32" slack="0"/>
</pin_list>
<bind>
<opset="P_54 "/>
</bind>
</comp>

<comp id="1944" class="1005" name="P_55_reg_1944">
<pin_list>
<pin id="1945" dir="0" index="0" bw="32" slack="0"/>
<pin id="1946" dir="1" index="1" bw="32" slack="0"/>
</pin_list>
<bind>
<opset="P_55 "/>
</bind>
</comp>

<comp id="1951" class="1005" name="P_56_reg_1951">
<pin_list>
<pin id="1952" dir="0" index="0" bw="32" slack="0"/>
<pin id="1953" dir="1" index="1" bw="32" slack="0"/>
</pin_list>
<bind>
<opset="P_56 "/>
</bind>
</comp>

<comp id="1958" class="1005" name="P_57_reg_1958">
<pin_list>
<pin id="1959" dir="0" index="0" bw="32" slack="0"/>
<pin id="1960" dir="1" index="1" bw="32" slack="0"/>
</pin_list>
<bind>
<opset="P_57 "/>
</bind>
</comp>

<comp id="1965" class="1005" name="P_58_reg_1965">
<pin_list>
<pin id="1966" dir="0" index="0" bw="32" slack="0"/>
<pin id="1967" dir="1" index="1" bw="32" slack="0"/>
</pin_list>
<bind>
<opset="P_58 "/>
</bind>
</comp>

<comp id="1972" class="1005" name="P_59_reg_1972">
<pin_list>
<pin id="1973" dir="0" index="0" bw="32" slack="0"/>
<pin id="1974" dir="1" index="1" bw="32" slack="0"/>
</pin_list>
<bind>
<opset="P_59 "/>
</bind>
</comp>

<comp id="1979" class="1005" name="P_60_reg_1979">
<pin_list>
<pin id="1980" dir="0" index="0" bw="32" slack="0"/>
<pin id="1981" dir="1" index="1" bw="32" slack="0"/>
</pin_list>
<bind>
<opset="P_60 "/>
</bind>
</comp>

<comp id="1986" class="1005" name="P_61_reg_1986">
<pin_list>
<pin id="1987" dir="0" index="0" bw="32" slack="0"/>
<pin id="1988" dir="1" index="1" bw="32" slack="0"/>
</pin_list>
<bind>
<opset="P_61 "/>
</bind>
</comp>

<comp id="1993" class="1005" name="P_62_reg_1993">
<pin_list>
<pin id="1994" dir="0" index="0" bw="32" slack="0"/>
<pin id="1995" dir="1" index="1" bw="32" slack="0"/>
</pin_list>
<bind>
<opset="P_62 "/>
</bind>
</comp>

<comp id="2000" class="1005" name="P_63_reg_2000">
<pin_list>
<pin id="2001" dir="0" index="0" bw="32" slack="0"/>
<pin id="2002" dir="1" index="1" bw="32" slack="0"/>
</pin_list>
<bind>
<opset="P_63 "/>
</bind>
</comp>

<comp id="2007" class="1005" name="P_64_reg_2007">
<pin_list>
<pin id="2008" dir="0" index="0" bw="32" slack="0"/>
<pin id="2009" dir="1" index="1" bw="32" slack="0"/>
</pin_list>
<bind>
<opset="P_64 "/>
</bind>
</comp>

<comp id="2014" class="1005" name="P_65_reg_2014">
<pin_list>
<pin id="2015" dir="0" index="0" bw="32" slack="0"/>
<pin id="2016" dir="1" index="1" bw="32" slack="0"/>
</pin_list>
<bind>
<opset="P_65 "/>
</bind>
</comp>

<comp id="2021" class="1005" name="P_66_reg_2021">
<pin_list>
<pin id="2022" dir="0" index="0" bw="32" slack="0"/>
<pin id="2023" dir="1" index="1" bw="32" slack="0"/>
</pin_list>
<bind>
<opset="P_66 "/>
</bind>
</comp>

<comp id="2028" class="1005" name="P_67_reg_2028">
<pin_list>
<pin id="2029" dir="0" index="0" bw="32" slack="0"/>
<pin id="2030" dir="1" index="1" bw="32" slack="0"/>
</pin_list>
<bind>
<opset="P_67 "/>
</bind>
</comp>

<comp id="2035" class="1005" name="P_68_reg_2035">
<pin_list>
<pin id="2036" dir="0" index="0" bw="32" slack="0"/>
<pin id="2037" dir="1" index="1" bw="32" slack="0"/>
</pin_list>
<bind>
<opset="P_68 "/>
</bind>
</comp>

<comp id="2042" class="1005" name="P_69_reg_2042">
<pin_list>
<pin id="2043" dir="0" index="0" bw="32" slack="0"/>
<pin id="2044" dir="1" index="1" bw="32" slack="0"/>
</pin_list>
<bind>
<opset="P_69 "/>
</bind>
</comp>

<comp id="2049" class="1005" name="P_70_reg_2049">
<pin_list>
<pin id="2050" dir="0" index="0" bw="32" slack="0"/>
<pin id="2051" dir="1" index="1" bw="32" slack="0"/>
</pin_list>
<bind>
<opset="P_70 "/>
</bind>
</comp>

<comp id="2056" class="1005" name="P_71_reg_2056">
<pin_list>
<pin id="2057" dir="0" index="0" bw="32" slack="0"/>
<pin id="2058" dir="1" index="1" bw="32" slack="0"/>
</pin_list>
<bind>
<opset="P_71 "/>
</bind>
</comp>

<comp id="2063" class="1005" name="P_72_reg_2063">
<pin_list>
<pin id="2064" dir="0" index="0" bw="32" slack="0"/>
<pin id="2065" dir="1" index="1" bw="32" slack="0"/>
</pin_list>
<bind>
<opset="P_72 "/>
</bind>
</comp>

<comp id="2070" class="1005" name="mux_case_022143363_reload_read_reg_2070">
<pin_list>
<pin id="2071" dir="0" index="0" bw="32" slack="7"/>
<pin id="2072" dir="1" index="1" bw="32" slack="7"/>
</pin_list>
<bind>
<opset="mux_case_022143363_reload_read "/>
</bind>
</comp>

<comp id="2075" class="1005" name="mux_case_022013327_reload_read_reg_2075">
<pin_list>
<pin id="2076" dir="0" index="0" bw="32" slack="7"/>
<pin id="2077" dir="1" index="1" bw="32" slack="7"/>
</pin_list>
<bind>
<opset="mux_case_022013327_reload_read "/>
</bind>
</comp>

<comp id="2080" class="1005" name="mux_case_021883291_reload_read_reg_2080">
<pin_list>
<pin id="2081" dir="0" index="0" bw="32" slack="7"/>
<pin id="2082" dir="1" index="1" bw="32" slack="7"/>
</pin_list>
<bind>
<opset="mux_case_021883291_reload_read "/>
</bind>
</comp>

<comp id="2085" class="1005" name="mux_case_021753255_reload_read_reg_2085">
<pin_list>
<pin id="2086" dir="0" index="0" bw="32" slack="7"/>
<pin id="2087" dir="1" index="1" bw="32" slack="7"/>
</pin_list>
<bind>
<opset="mux_case_021753255_reload_read "/>
</bind>
</comp>

<comp id="2090" class="1005" name="mux_case_021623219_reload_read_reg_2090">
<pin_list>
<pin id="2091" dir="0" index="0" bw="32" slack="7"/>
<pin id="2092" dir="1" index="1" bw="32" slack="7"/>
</pin_list>
<bind>
<opset="mux_case_021623219_reload_read "/>
</bind>
</comp>

<comp id="2095" class="1005" name="mux_case_021493182_reload_read_reg_2095">
<pin_list>
<pin id="2096" dir="0" index="0" bw="32" slack="7"/>
<pin id="2097" dir="1" index="1" bw="32" slack="7"/>
</pin_list>
<bind>
<opset="mux_case_021493182_reload_read "/>
</bind>
</comp>

<comp id="2100" class="1005" name="s_2_read_reg_2100">
<pin_list>
<pin id="2101" dir="0" index="0" bw="32" slack="1"/>
<pin id="2102" dir="1" index="1" bw="32" slack="1"/>
</pin_list>
<bind>
<opset="s_2_read "/>
</bind>
</comp>

<comp id="2105" class="1005" name="K_reload_read_reg_2105">
<pin_list>
<pin id="2106" dir="0" index="0" bw="32" slack="4"/>
<pin id="2107" dir="1" index="1" bw="32" slack="4"/>
</pin_list>
<bind>
<opset="K_reload_read "/>
</bind>
</comp>

<comp id="2110" class="1005" name="K_1_reload_read_reg_2110">
<pin_list>
<pin id="2111" dir="0" index="0" bw="32" slack="4"/>
<pin id="2112" dir="1" index="1" bw="32" slack="4"/>
</pin_list>
<bind>
<opset="K_1_reload_read "/>
</bind>
</comp>

<comp id="2115" class="1005" name="mux_case_122163369_reload_read_reg_2115">
<pin_list>
<pin id="2116" dir="0" index="0" bw="32" slack="7"/>
<pin id="2117" dir="1" index="1" bw="32" slack="7"/>
</pin_list>
<bind>
<opset="mux_case_122163369_reload_read "/>
</bind>
</comp>

<comp id="2120" class="1005" name="mux_case_122033333_reload_read_reg_2120">
<pin_list>
<pin id="2121" dir="0" index="0" bw="32" slack="7"/>
<pin id="2122" dir="1" index="1" bw="32" slack="7"/>
</pin_list>
<bind>
<opset="mux_case_122033333_reload_read "/>
</bind>
</comp>

<comp id="2125" class="1005" name="mux_case_121903297_reload_read_reg_2125">
<pin_list>
<pin id="2126" dir="0" index="0" bw="32" slack="7"/>
<pin id="2127" dir="1" index="1" bw="32" slack="7"/>
</pin_list>
<bind>
<opset="mux_case_121903297_reload_read "/>
</bind>
</comp>

<comp id="2130" class="1005" name="mux_case_121773261_reload_read_reg_2130">
<pin_list>
<pin id="2131" dir="0" index="0" bw="32" slack="7"/>
<pin id="2132" dir="1" index="1" bw="32" slack="7"/>
</pin_list>
<bind>
<opset="mux_case_121773261_reload_read "/>
</bind>
</comp>

<comp id="2135" class="1005" name="mux_case_121643225_reload_read_reg_2135">
<pin_list>
<pin id="2136" dir="0" index="0" bw="32" slack="7"/>
<pin id="2137" dir="1" index="1" bw="32" slack="7"/>
</pin_list>
<bind>
<opset="mux_case_121643225_reload_read "/>
</bind>
</comp>

<comp id="2140" class="1005" name="mux_case_121513188_reload_read_reg_2140">
<pin_list>
<pin id="2141" dir="0" index="0" bw="32" slack="7"/>
<pin id="2142" dir="1" index="1" bw="32" slack="7"/>
</pin_list>
<bind>
<opset="mux_case_121513188_reload_read "/>
</bind>
</comp>

<comp id="2145" class="1005" name="K_2_reload_read_reg_2145">
<pin_list>
<pin id="2146" dir="0" index="0" bw="32" slack="4"/>
<pin id="2147" dir="1" index="1" bw="32" slack="4"/>
</pin_list>
<bind>
<opset="K_2_reload_read "/>
</bind>
</comp>

<comp id="2150" class="1005" name="mux_case_222183375_reload_read_reg_2150">
<pin_list>
<pin id="2151" dir="0" index="0" bw="32" slack="7"/>
<pin id="2152" dir="1" index="1" bw="32" slack="7"/>
</pin_list>
<bind>
<opset="mux_case_222183375_reload_read "/>
</bind>
</comp>

<comp id="2155" class="1005" name="mux_case_222053339_reload_read_reg_2155">
<pin_list>
<pin id="2156" dir="0" index="0" bw="32" slack="7"/>
<pin id="2157" dir="1" index="1" bw="32" slack="7"/>
</pin_list>
<bind>
<opset="mux_case_222053339_reload_read "/>
</bind>
</comp>

<comp id="2160" class="1005" name="mux_case_221923303_reload_read_reg_2160">
<pin_list>
<pin id="2161" dir="0" index="0" bw="32" slack="7"/>
<pin id="2162" dir="1" index="1" bw="32" slack="7"/>
</pin_list>
<bind>
<opset="mux_case_221923303_reload_read "/>
</bind>
</comp>

<comp id="2165" class="1005" name="mux_case_221793267_reload_read_reg_2165">
<pin_list>
<pin id="2166" dir="0" index="0" bw="32" slack="7"/>
<pin id="2167" dir="1" index="1" bw="32" slack="7"/>
</pin_list>
<bind>
<opset="mux_case_221793267_reload_read "/>
</bind>
</comp>

<comp id="2170" class="1005" name="mux_case_221663231_reload_read_reg_2170">
<pin_list>
<pin id="2171" dir="0" index="0" bw="32" slack="7"/>
<pin id="2172" dir="1" index="1" bw="32" slack="7"/>
</pin_list>
<bind>
<opset="mux_case_221663231_reload_read "/>
</bind>
</comp>

<comp id="2175" class="1005" name="mux_case_221533194_reload_read_reg_2175">
<pin_list>
<pin id="2176" dir="0" index="0" bw="32" slack="7"/>
<pin id="2177" dir="1" index="1" bw="32" slack="7"/>
</pin_list>
<bind>
<opset="mux_case_221533194_reload_read "/>
</bind>
</comp>

<comp id="2180" class="1005" name="K_3_reload_read_reg_2180">
<pin_list>
<pin id="2181" dir="0" index="0" bw="32" slack="4"/>
<pin id="2182" dir="1" index="1" bw="32" slack="4"/>
</pin_list>
<bind>
<opset="K_3_reload_read "/>
</bind>
</comp>

<comp id="2185" class="1005" name="mux_case_322203381_reload_read_reg_2185">
<pin_list>
<pin id="2186" dir="0" index="0" bw="32" slack="7"/>
<pin id="2187" dir="1" index="1" bw="32" slack="7"/>
</pin_list>
<bind>
<opset="mux_case_322203381_reload_read "/>
</bind>
</comp>

<comp id="2190" class="1005" name="mux_case_322073345_reload_read_reg_2190">
<pin_list>
<pin id="2191" dir="0" index="0" bw="32" slack="7"/>
<pin id="2192" dir="1" index="1" bw="32" slack="7"/>
</pin_list>
<bind>
<opset="mux_case_322073345_reload_read "/>
</bind>
</comp>

<comp id="2195" class="1005" name="mux_case_321943309_reload_read_reg_2195">
<pin_list>
<pin id="2196" dir="0" index="0" bw="32" slack="7"/>
<pin id="2197" dir="1" index="1" bw="32" slack="7"/>
</pin_list>
<bind>
<opset="mux_case_321943309_reload_read "/>
</bind>
</comp>

<comp id="2200" class="1005" name="mux_case_321813273_reload_read_reg_2200">
<pin_list>
<pin id="2201" dir="0" index="0" bw="32" slack="7"/>
<pin id="2202" dir="1" index="1" bw="32" slack="7"/>
</pin_list>
<bind>
<opset="mux_case_321813273_reload_read "/>
</bind>
</comp>

<comp id="2205" class="1005" name="mux_case_321683237_reload_read_reg_2205">
<pin_list>
<pin id="2206" dir="0" index="0" bw="32" slack="7"/>
<pin id="2207" dir="1" index="1" bw="32" slack="7"/>
</pin_list>
<bind>
<opset="mux_case_321683237_reload_read "/>
</bind>
</comp>

<comp id="2210" class="1005" name="mux_case_321553200_reload_read_reg_2210">
<pin_list>
<pin id="2211" dir="0" index="0" bw="32" slack="7"/>
<pin id="2212" dir="1" index="1" bw="32" slack="7"/>
</pin_list>
<bind>
<opset="mux_case_321553200_reload_read "/>
</bind>
</comp>

<comp id="2215" class="1005" name="K_4_reload_read_reg_2215">
<pin_list>
<pin id="2216" dir="0" index="0" bw="32" slack="4"/>
<pin id="2217" dir="1" index="1" bw="32" slack="4"/>
</pin_list>
<bind>
<opset="K_4_reload_read "/>
</bind>
</comp>

<comp id="2220" class="1005" name="mux_case_422223387_reload_read_reg_2220">
<pin_list>
<pin id="2221" dir="0" index="0" bw="32" slack="7"/>
<pin id="2222" dir="1" index="1" bw="32" slack="7"/>
</pin_list>
<bind>
<opset="mux_case_422223387_reload_read "/>
</bind>
</comp>

<comp id="2225" class="1005" name="mux_case_422093351_reload_read_reg_2225">
<pin_list>
<pin id="2226" dir="0" index="0" bw="32" slack="7"/>
<pin id="2227" dir="1" index="1" bw="32" slack="7"/>
</pin_list>
<bind>
<opset="mux_case_422093351_reload_read "/>
</bind>
</comp>

<comp id="2230" class="1005" name="mux_case_421963315_reload_read_reg_2230">
<pin_list>
<pin id="2231" dir="0" index="0" bw="32" slack="7"/>
<pin id="2232" dir="1" index="1" bw="32" slack="7"/>
</pin_list>
<bind>
<opset="mux_case_421963315_reload_read "/>
</bind>
</comp>

<comp id="2235" class="1005" name="mux_case_421833279_reload_read_reg_2235">
<pin_list>
<pin id="2236" dir="0" index="0" bw="32" slack="7"/>
<pin id="2237" dir="1" index="1" bw="32" slack="7"/>
</pin_list>
<bind>
<opset="mux_case_421833279_reload_read "/>
</bind>
</comp>

<comp id="2240" class="1005" name="mux_case_421703243_reload_read_reg_2240">
<pin_list>
<pin id="2241" dir="0" index="0" bw="32" slack="7"/>
<pin id="2242" dir="1" index="1" bw="32" slack="7"/>
</pin_list>
<bind>
<opset="mux_case_421703243_reload_read "/>
</bind>
</comp>

<comp id="2245" class="1005" name="mux_case_421573206_reload_read_reg_2245">
<pin_list>
<pin id="2246" dir="0" index="0" bw="32" slack="7"/>
<pin id="2247" dir="1" index="1" bw="32" slack="7"/>
</pin_list>
<bind>
<opset="mux_case_421573206_reload_read "/>
</bind>
</comp>

<comp id="2250" class="1005" name="K_5_reload_read_reg_2250">
<pin_list>
<pin id="2251" dir="0" index="0" bw="32" slack="4"/>
<pin id="2252" dir="1" index="1" bw="32" slack="4"/>
</pin_list>
<bind>
<opset="K_5_reload_read "/>
</bind>
</comp>

<comp id="2255" class="1005" name="mux_case_522243393_reload_read_reg_2255">
<pin_list>
<pin id="2256" dir="0" index="0" bw="32" slack="7"/>
<pin id="2257" dir="1" index="1" bw="32" slack="7"/>
</pin_list>
<bind>
<opset="mux_case_522243393_reload_read "/>
</bind>
</comp>

<comp id="2260" class="1005" name="mux_case_522113357_reload_read_reg_2260">
<pin_list>
<pin id="2261" dir="0" index="0" bw="32" slack="7"/>
<pin id="2262" dir="1" index="1" bw="32" slack="7"/>
</pin_list>
<bind>
<opset="mux_case_522113357_reload_read "/>
</bind>
</comp>

<comp id="2265" class="1005" name="mux_case_521983321_reload_read_reg_2265">
<pin_list>
<pin id="2266" dir="0" index="0" bw="32" slack="7"/>
<pin id="2267" dir="1" index="1" bw="32" slack="7"/>
</pin_list>
<bind>
<opset="mux_case_521983321_reload_read "/>
</bind>
</comp>

<comp id="2270" class="1005" name="mux_case_521853285_reload_read_reg_2270">
<pin_list>
<pin id="2271" dir="0" index="0" bw="32" slack="7"/>
<pin id="2272" dir="1" index="1" bw="32" slack="7"/>
</pin_list>
<bind>
<opset="mux_case_521853285_reload_read "/>
</bind>
</comp>

<comp id="2275" class="1005" name="mux_case_521723249_reload_read_reg_2275">
<pin_list>
<pin id="2276" dir="0" index="0" bw="32" slack="7"/>
<pin id="2277" dir="1" index="1" bw="32" slack="7"/>
</pin_list>
<bind>
<opset="mux_case_521723249_reload_read "/>
</bind>
</comp>

<comp id="2280" class="1005" name="mux_case_521593212_reload_read_reg_2280">
<pin_list>
<pin id="2281" dir="0" index="0" bw="32" slack="7"/>
<pin id="2282" dir="1" index="1" bw="32" slack="7"/>
</pin_list>
<bind>
<opset="mux_case_521593212_reload_read "/>
</bind>
</comp>

<comp id="2285" class="1005" name="i_12_reg_2285">
<pin_list>
<pin id="2286" dir="0" index="0" bw="3" slack="7"/>
<pin id="2287" dir="1" index="1" bw="3" slack="7"/>
</pin_list>
<bind>
<opset="i_12 "/>
</bind>
</comp>

<comp id="2295" class="1005" name="icmp_ln117_reg_2295">
<pin_list>
<pin id="2296" dir="0" index="0" bw="1" slack="9"/>
<pin id="2297" dir="1" index="1" bw="1" slack="2147483647"/>
</pin_list>
<bind>
<opset="icmp_ln117 "/>
</bind>
</comp>

<comp id="2299" class="1005" name="tmp_s_reg_2299">
<pin_list>
<pin id="2300" dir="0" index="0" bw="32" slack="1"/>
<pin id="2301" dir="1" index="1" bw="32" slack="1"/>
</pin_list>
<bind>
<opset="tmp_s "/>
</bind>
</comp>

<comp id="2304" class="1005" name="mul102_i_reg_2304">
<pin_list>
<pin id="2305" dir="0" index="0" bw="32" slack="1"/>
<pin id="2306" dir="1" index="1" bw="32" slack="1"/>
</pin_list>
<bind>
<opset="mul102_i "/>
</bind>
</comp>

<comp id="2314" class="1005" name="mul105_i_reg_2314">
<pin_list>
<pin id="2315" dir="0" index="0" bw="32" slack="1"/>
<pin id="2316" dir="1" index="1" bw="32" slack="1"/>
</pin_list>
<bind>
<opset="mul105_i "/>
</bind>
</comp>

<comp id="2319" class="1005" name="mul105_i_1_reg_2319">
<pin_list>
<pin id="2320" dir="0" index="0" bw="32" slack="1"/>
<pin id="2321" dir="1" index="1" bw="32" slack="1"/>
</pin_list>
<bind>
<opset="mul105_i_1 "/>
</bind>
</comp>

<comp id="2324" class="1005" name="mul105_i_2_reg_2324">
<pin_list>
<pin id="2325" dir="0" index="0" bw="32" slack="1"/>
<pin id="2326" dir="1" index="1" bw="32" slack="1"/>
</pin_list>
<bind>
<opset="mul105_i_2 "/>
</bind>
</comp>

<comp id="2329" class="1005" name="mul105_i_3_reg_2329">
<pin_list>
<pin id="2330" dir="0" index="0" bw="32" slack="1"/>
<pin id="2331" dir="1" index="1" bw="32" slack="1"/>
</pin_list>
<bind>
<opset="mul105_i_3 "/>
</bind>
</comp>

<comp id="2334" class="1005" name="mul105_i_4_reg_2334">
<pin_list>
<pin id="2335" dir="0" index="0" bw="32" slack="1"/>
<pin id="2336" dir="1" index="1" bw="32" slack="1"/>
</pin_list>
<bind>
<opset="mul105_i_4 "/>
</bind>
</comp>

<comp id="2339" class="1005" name="mul105_i_5_reg_2339">
<pin_list>
<pin id="2340" dir="0" index="0" bw="32" slack="1"/>
<pin id="2341" dir="1" index="1" bw="32" slack="1"/>
</pin_list>
<bind>
<opset="mul105_i_5 "/>
</bind>
</comp>

<comp id="2344" class="1005" name="tmp_58_reg_2344">
<pin_list>
<pin id="2345" dir="0" index="0" bw="32" slack="1"/>
<pin id="2346" dir="1" index="1" bw="32" slack="1"/>
</pin_list>
<bind>
<opset="tmp_58 "/>
</bind>
</comp>

<comp id="2349" class="1005" name="tmp_108_1_reg_2349">
<pin_list>
<pin id="2350" dir="0" index="0" bw="32" slack="1"/>
<pin id="2351" dir="1" index="1" bw="32" slack="1"/>
</pin_list>
<bind>
<opset="tmp_108_1 "/>
</bind>
</comp>

<comp id="2354" class="1005" name="tmp_108_2_reg_2354">
<pin_list>
<pin id="2355" dir="0" index="0" bw="32" slack="1"/>
<pin id="2356" dir="1" index="1" bw="32" slack="1"/>
</pin_list>
<bind>
<opset="tmp_108_2 "/>
</bind>
</comp>

<comp id="2359" class="1005" name="tmp_108_3_reg_2359">
<pin_list>
<pin id="2360" dir="0" index="0" bw="32" slack="1"/>
<pin id="2361" dir="1" index="1" bw="32" slack="1"/>
</pin_list>
<bind>
<opset="tmp_108_3 "/>
</bind>
</comp>

<comp id="2364" class="1005" name="tmp_108_4_reg_2364">
<pin_list>
<pin id="2365" dir="0" index="0" bw="32" slack="1"/>
<pin id="2366" dir="1" index="1" bw="32" slack="1"/>
</pin_list>
<bind>
<opset="tmp_108_4 "/>
</bind>
</comp>

<comp id="2369" class="1005" name="tmp_108_5_reg_2369">
<pin_list>
<pin id="2370" dir="0" index="0" bw="32" slack="1"/>
<pin id="2371" dir="1" index="1" bw="32" slack="1"/>
</pin_list>
<bind>
<opset="tmp_108_5 "/>
</bind>
</comp>

</comp_list>

<net_list>
<net id="269"><net_src comp="230" pin="0"/><net_sink comp="266" pin=0"/></net>

<net id="273"><net_src comp="230" pin="0"/><net_sink comp="270" pin=0"/></net>

<net id="277"><net_src comp="230" pin="0"/><net_sink comp="274" pin=0"/></net>

<net id="281"><net_src comp="230" pin="0"/><net_sink comp="278" pin=0"/></net>

<net id="285"><net_src comp="230" pin="0"/><net_sink comp="282" pin=0"/></net>

<net id="289"><net_src comp="230" pin="0"/><net_sink comp="286" pin=0"/></net>

<net id="293"><net_src comp="230" pin="0"/><net_sink comp="290" pin=0"/></net>

<net id="297"><net_src comp="230" pin="0"/><net_sink comp="294" pin=0"/></net>

<net id="301"><net_src comp="230" pin="0"/><net_sink comp="298" pin=0"/></net>

<net id="305"><net_src comp="230" pin="0"/><net_sink comp="302" pin=0"/></net>

<net id="309"><net_src comp="230" pin="0"/><net_sink comp="306" pin=0"/></net>

<net id="313"><net_src comp="230" pin="0"/><net_sink comp="310" pin=0"/></net>

<net id="317"><net_src comp="230" pin="0"/><net_sink comp="314" pin=0"/></net>

<net id="321"><net_src comp="230" pin="0"/><net_sink comp="318" pin=0"/></net>

<net id="325"><net_src comp="230" pin="0"/><net_sink comp="322" pin=0"/></net>

<net id="329"><net_src comp="230" pin="0"/><net_sink comp="326" pin=0"/></net>

<net id="333"><net_src comp="230" pin="0"/><net_sink comp="330" pin=0"/></net>

<net id="337"><net_src comp="230" pin="0"/><net_sink comp="334" pin=0"/></net>

<net id="341"><net_src comp="230" pin="0"/><net_sink comp="338" pin=0"/></net>

<net id="345"><net_src comp="230" pin="0"/><net_sink comp="342" pin=0"/></net>

<net id="349"><net_src comp="230" pin="0"/><net_sink comp="346" pin=0"/></net>

<net id="353"><net_src comp="230" pin="0"/><net_sink comp="350" pin=0"/></net>

<net id="357"><net_src comp="230" pin="0"/><net_sink comp="354" pin=0"/></net>

<net id="361"><net_src comp="230" pin="0"/><net_sink comp="358" pin=0"/></net>

<net id="365"><net_src comp="230" pin="0"/><net_sink comp="362" pin=0"/></net>

<net id="369"><net_src comp="230" pin="0"/><net_sink comp="366" pin=0"/></net>

<net id="373"><net_src comp="230" pin="0"/><net_sink comp="370" pin=0"/></net>

<net id="377"><net_src comp="230" pin="0"/><net_sink comp="374" pin=0"/></net>

<net id="381"><net_src comp="230" pin="0"/><net_sink comp="378" pin=0"/></net>

<net id="385"><net_src comp="230" pin="0"/><net_sink comp="382" pin=0"/></net>

<net id="389"><net_src comp="230" pin="0"/><net_sink comp="386" pin=0"/></net>

<net id="393"><net_src comp="230" pin="0"/><net_sink comp="390" pin=0"/></net>

<net id="397"><net_src comp="230" pin="0"/><net_sink comp="394" pin=0"/></net>

<net id="401"><net_src comp="230" pin="0"/><net_sink comp="398" pin=0"/></net>

<net id="405"><net_src comp="230" pin="0"/><net_sink comp="402" pin=0"/></net>

<net id="409"><net_src comp="230" pin="0"/><net_sink comp="406" pin=0"/></net>

<net id="413"><net_src comp="230" pin="0"/><net_sink comp="410" pin=0"/></net>

<net id="418"><net_src comp="232" pin="0"/><net_sink comp="414" pin=0"/></net>

<net id="419"><net_src comp="156" pin="0"/><net_sink comp="414" pin=1"/></net>

<net id="424"><net_src comp="232" pin="0"/><net_sink comp="420" pin=0"/></net>

<net id="425"><net_src comp="154" pin="0"/><net_sink comp="420" pin=1"/></net>

<net id="430"><net_src comp="232" pin="0"/><net_sink comp="426" pin=0"/></net>

<net id="431"><net_src comp="152" pin="0"/><net_sink comp="426" pin=1"/></net>

<net id="436"><net_src comp="232" pin="0"/><net_sink comp="432" pin=0"/></net>

<net id="437"><net_src comp="150" pin="0"/><net_sink comp="432" pin=1"/></net>

<net id="442"><net_src comp="232" pin="0"/><net_sink comp="438" pin=0"/></net>

<net id="443"><net_src comp="148" pin="0"/><net_sink comp="438" pin=1"/></net>

<net id="448"><net_src comp="232" pin="0"/><net_sink comp="444" pin=0"/></net>

<net id="449"><net_src comp="146" pin="0"/><net_sink comp="444" pin=1"/></net>

<net id="454"><net_src comp="232" pin="0"/><net_sink comp="450" pin=0"/></net>

<net id="455"><net_src comp="144" pin="0"/><net_sink comp="450" pin=1"/></net>

<net id="460"><net_src comp="232" pin="0"/><net_sink comp="456" pin=0"/></net>

<net id="461"><net_src comp="142" pin="0"/><net_sink comp="456" pin=1"/></net>

<net id="466"><net_src comp="232" pin="0"/><net_sink comp="462" pin=0"/></net>

<net id="467"><net_src comp="140" pin="0"/><net_sink comp="462" pin=1"/></net>

<net id="472"><net_src comp="232" pin="0"/><net_sink comp="468" pin=0"/></net>

<net id="473"><net_src comp="138" pin="0"/><net_sink comp="468" pin=1"/></net>

<net id="478"><net_src comp="232" pin="0"/><net_sink comp="474" pin=0"/></net>

<net id="479"><net_src comp="136" pin="0"/><net_sink comp="474" pin=1"/></net>

<net id="484"><net_src comp="232" pin="0"/><net_sink comp="480" pin=0"/></net>

<net id="485"><net_src comp="134" pin="0"/><net_sink comp="480" pin=1"/></net>

<net id="490"><net_src comp="232" pin="0"/><net_sink comp="486" pin=0"/></net>

<net id="491"><net_src comp="132" pin="0"/><net_sink comp="486" pin=1"/></net>

<net id="496"><net_src comp="232" pin="0"/><net_sink comp="492" pin=0"/></net>

<net id="497"><net_src comp="130" pin="0"/><net_sink comp="492" pin=1"/></net>

<net id="502"><net_src comp="232" pin="0"/><net_sink comp="498" pin=0"/></net>

<net id="503"><net_src comp="128" pin="0"/><net_sink comp="498" pin=1"/></net>

<net id="508"><net_src comp="232" pin="0"/><net_sink comp="504" pin=0"/></net>

<net id="509"><net_src comp="126" pin="0"/><net_sink comp="504" pin=1"/></net>

<net id="514"><net_src comp="232" pin="0"/><net_sink comp="510" pin=0"/></net>

<net id="515"><net_src comp="124" pin="0"/><net_sink comp="510" pin=1"/></net>

<net id="520"><net_src comp="232" pin="0"/><net_sink comp="516" pin=0"/></net>

<net id="521"><net_src comp="122" pin="0"/><net_sink comp="516" pin=1"/></net>

<net id="526"><net_src comp="232" pin="0"/><net_sink comp="522" pin=0"/></net>

<net id="527"><net_src comp="120" pin="0"/><net_sink comp="522" pin=1"/></net>

<net id="532"><net_src comp="232" pin="0"/><net_sink comp="528" pin=0"/></net>

<net id="533"><net_src comp="118" pin="0"/><net_sink comp="528" pin=1"/></net>

<net id="538"><net_src comp="232" pin="0"/><net_sink comp="534" pin=0"/></net>

<net id="539"><net_src comp="116" pin="0"/><net_sink comp="534" pin=1"/></net>

<net id="544"><net_src comp="232" pin="0"/><net_sink comp="540" pin=0"/></net>

<net id="545"><net_src comp="114" pin="0"/><net_sink comp="540" pin=1"/></net>

<net id="550"><net_src comp="232" pin="0"/><net_sink comp="546" pin=0"/></net>

<net id="551"><net_src comp="112" pin="0"/><net_sink comp="546" pin=1"/></net>

<net id="556"><net_src comp="232" pin="0"/><net_sink comp="552" pin=0"/></net>

<net id="557"><net_src comp="110" pin="0"/><net_sink comp="552" pin=1"/></net>

<net id="562"><net_src comp="232" pin="0"/><net_sink comp="558" pin=0"/></net>

<net id="563"><net_src comp="108" pin="0"/><net_sink comp="558" pin=1"/></net>

<net id="568"><net_src comp="232" pin="0"/><net_sink comp="564" pin=0"/></net>

<net id="569"><net_src comp="106" pin="0"/><net_sink comp="564" pin=1"/></net>

<net id="574"><net_src comp="232" pin="0"/><net_sink comp="570" pin=0"/></net>

<net id="575"><net_src comp="104" pin="0"/><net_sink comp="570" pin=1"/></net>

<net id="580"><net_src comp="232" pin="0"/><net_sink comp="576" pin=0"/></net>

<net id="581"><net_src comp="102" pin="0"/><net_sink comp="576" pin=1"/></net>

<net id="586"><net_src comp="232" pin="0"/><net_sink comp="582" pin=0"/></net>

<net id="587"><net_src comp="100" pin="0"/><net_sink comp="582" pin=1"/></net>

<net id="592"><net_src comp="232" pin="0"/><net_sink comp="588" pin=0"/></net>

<net id="593"><net_src comp="98" pin="0"/><net_sink comp="588" pin=1"/></net>

<net id="598"><net_src comp="232" pin="0"/><net_sink comp="594" pin=0"/></net>

<net id="599"><net_src comp="96" pin="0"/><net_sink comp="594" pin=1"/></net>

<net id="604"><net_src comp="232" pin="0"/><net_sink comp="600" pin=0"/></net>

<net id="605"><net_src comp="94" pin="0"/><net_sink comp="600" pin=1"/></net>

<net id="610"><net_src comp="232" pin="0"/><net_sink comp="606" pin=0"/></net>

<net id="611"><net_src comp="92" pin="0"/><net_sink comp="606" pin=1"/></net>

<net id="616"><net_src comp="232" pin="0"/><net_sink comp="612" pin=0"/></net>

<net id="617"><net_src comp="90" pin="0"/><net_sink comp="612" pin=1"/></net>

<net id="622"><net_src comp="232" pin="0"/><net_sink comp="618" pin=0"/></net>

<net id="623"><net_src comp="88" pin="0"/><net_sink comp="618" pin=1"/></net>

<net id="628"><net_src comp="232" pin="0"/><net_sink comp="624" pin=0"/></net>

<net id="629"><net_src comp="86" pin="0"/><net_sink comp="624" pin=1"/></net>

<net id="634"><net_src comp="232" pin="0"/><net_sink comp="630" pin=0"/></net>

<net id="635"><net_src comp="84" pin="0"/><net_sink comp="630" pin=1"/></net>

<net id="640"><net_src comp="232" pin="0"/><net_sink comp="636" pin=0"/></net>

<net id="641"><net_src comp="82" pin="0"/><net_sink comp="636" pin=1"/></net>

<net id="646"><net_src comp="232" pin="0"/><net_sink comp="642" pin=0"/></net>

<net id="647"><net_src comp="80" pin="0"/><net_sink comp="642" pin=1"/></net>

<net id="652"><net_src comp="232" pin="0"/><net_sink comp="648" pin=0"/></net>

<net id="653"><net_src comp="78" pin="0"/><net_sink comp="648" pin=1"/></net>

<net id="658"><net_src comp="232" pin="0"/><net_sink comp="654" pin=0"/></net>

<net id="659"><net_src comp="76" pin="0"/><net_sink comp="654" pin=1"/></net>

<net id="664"><net_src comp="232" pin="0"/><net_sink comp="660" pin=0"/></net>

<net id="665"><net_src comp="74" pin="0"/><net_sink comp="660" pin=1"/></net>

<net id="670"><net_src comp="232" pin="0"/><net_sink comp="666" pin=0"/></net>

<net id="671"><net_src comp="72" pin="0"/><net_sink comp="666" pin=1"/></net>

<net id="676"><net_src comp="232" pin="0"/><net_sink comp="672" pin=0"/></net>

<net id="677"><net_src comp="70" pin="0"/><net_sink comp="672" pin=1"/></net>

<net id="682"><net_src comp="232" pin="0"/><net_sink comp="678" pin=0"/></net>

<net id="683"><net_src comp="68" pin="0"/><net_sink comp="678" pin=1"/></net>

<net id="688"><net_src comp="232" pin="0"/><net_sink comp="684" pin=0"/></net>

<net id="689"><net_src comp="66" pin="0"/><net_sink comp="684" pin=1"/></net>

<net id="694"><net_src comp="232" pin="0"/><net_sink comp="690" pin=0"/></net>

<net id="695"><net_src comp="64" pin="0"/><net_sink comp="690" pin=1"/></net>

<net id="700"><net_src comp="232" pin="0"/><net_sink comp="696" pin=0"/></net>

<net id="701"><net_src comp="62" pin="0"/><net_sink comp="696" pin=1"/></net>

<net id="706"><net_src comp="232" pin="0"/><net_sink comp="702" pin=0"/></net>

<net id="707"><net_src comp="60" pin="0"/><net_sink comp="702" pin=1"/></net>

<net id="712"><net_src comp="232" pin="0"/><net_sink comp="708" pin=0"/></net>

<net id="713"><net_src comp="58" pin="0"/><net_sink comp="708" pin=1"/></net>

<net id="718"><net_src comp="232" pin="0"/><net_sink comp="714" pin=0"/></net>

<net id="719"><net_src comp="56" pin="0"/><net_sink comp="714" pin=1"/></net>

<net id="724"><net_src comp="232" pin="0"/><net_sink comp="720" pin=0"/></net>

<net id="725"><net_src comp="54" pin="0"/><net_sink comp="720" pin=1"/></net>

<net id="730"><net_src comp="232" pin="0"/><net_sink comp="726" pin=0"/></net>

<net id="731"><net_src comp="52" pin="0"/><net_sink comp="726" pin=1"/></net>

<net id="736"><net_src comp="232" pin="0"/><net_sink comp="732" pin=0"/></net>

<net id="737"><net_src comp="50" pin="0"/><net_sink comp="732" pin=1"/></net>

<net id="742"><net_src comp="232" pin="0"/><net_sink comp="738" pin=0"/></net>

<net id="743"><net_src comp="48" pin="0"/><net_sink comp="738" pin=1"/></net>

<net id="748"><net_src comp="232" pin="0"/><net_sink comp="744" pin=0"/></net>

<net id="749"><net_src comp="46" pin="0"/><net_sink comp="744" pin=1"/></net>

<net id="754"><net_src comp="232" pin="0"/><net_sink comp="750" pin=0"/></net>

<net id="755"><net_src comp="44" pin="0"/><net_sink comp="750" pin=1"/></net>

<net id="760"><net_src comp="232" pin="0"/><net_sink comp="756" pin=0"/></net>

<net id="761"><net_src comp="42" pin="0"/><net_sink comp="756" pin=1"/></net>

<net id="766"><net_src comp="232" pin="0"/><net_sink comp="762" pin=0"/></net>

<net id="767"><net_src comp="40" pin="0"/><net_sink comp="762" pin=1"/></net>

<net id="772"><net_src comp="232" pin="0"/><net_sink comp="768" pin=0"/></net>

<net id="773"><net_src comp="38" pin="0"/><net_sink comp="768" pin=1"/></net>

<net id="778"><net_src comp="232" pin="0"/><net_sink comp="774" pin=0"/></net>

<net id="779"><net_src comp="36" pin="0"/><net_sink comp="774" pin=1"/></net>

<net id="784"><net_src comp="232" pin="0"/><net_sink comp="780" pin=0"/></net>

<net id="785"><net_src comp="34" pin="0"/><net_sink comp="780" pin=1"/></net>

<net id="790"><net_src comp="232" pin="0"/><net_sink comp="786" pin=0"/></net>

<net id="791"><net_src comp="32" pin="0"/><net_sink comp="786" pin=1"/></net>

<net id="796"><net_src comp="232" pin="0"/><net_sink comp="792" pin=0"/></net>

<net id="797"><net_src comp="30" pin="0"/><net_sink comp="792" pin=1"/></net>

<net id="802"><net_src comp="232" pin="0"/><net_sink comp="798" pin=0"/></net>

<net id="803"><net_src comp="28" pin="0"/><net_sink comp="798" pin=1"/></net>

<net id="808"><net_src comp="232" pin="0"/><net_sink comp="804" pin=0"/></net>

<net id="809"><net_src comp="26" pin="0"/><net_sink comp="804" pin=1"/></net>

<net id="814"><net_src comp="232" pin="0"/><net_sink comp="810" pin=0"/></net>

<net id="815"><net_src comp="24" pin="0"/><net_sink comp="810" pin=1"/></net>

<net id="820"><net_src comp="232" pin="0"/><net_sink comp="816" pin=0"/></net>

<net id="821"><net_src comp="22" pin="0"/><net_sink comp="816" pin=1"/></net>

<net id="826"><net_src comp="232" pin="0"/><net_sink comp="822" pin=0"/></net>

<net id="827"><net_src comp="20" pin="0"/><net_sink comp="822" pin=1"/></net>

<net id="832"><net_src comp="232" pin="0"/><net_sink comp="828" pin=0"/></net>

<net id="833"><net_src comp="18" pin="0"/><net_sink comp="828" pin=1"/></net>

<net id="838"><net_src comp="232" pin="0"/><net_sink comp="834" pin=0"/></net>

<net id="839"><net_src comp="16" pin="0"/><net_sink comp="834" pin=1"/></net>

<net id="844"><net_src comp="232" pin="0"/><net_sink comp="840" pin=0"/></net>

<net id="845"><net_src comp="14" pin="0"/><net_sink comp="840" pin=1"/></net>

<net id="850"><net_src comp="232" pin="0"/><net_sink comp="846" pin=0"/></net>

<net id="851"><net_src comp="12" pin="0"/><net_sink comp="846" pin=1"/></net>

<net id="856"><net_src comp="232" pin="0"/><net_sink comp="852" pin=0"/></net>

<net id="857"><net_src comp="10" pin="0"/><net_sink comp="852" pin=1"/></net>

<net id="862"><net_src comp="232" pin="0"/><net_sink comp="858" pin=0"/></net>

<net id="863"><net_src comp="8" pin="0"/><net_sink comp="858" pin=1"/></net>

<net id="868"><net_src comp="232" pin="0"/><net_sink comp="864" pin=0"/></net>

<net id="869"><net_src comp="6" pin="0"/><net_sink comp="864" pin=1"/></net>

<net id="874"><net_src comp="232" pin="0"/><net_sink comp="870" pin=0"/></net>

<net id="875"><net_src comp="4" pin="0"/><net_sink comp="870" pin=1"/></net>

<net id="880"><net_src comp="232" pin="0"/><net_sink comp="876" pin=0"/></net>

<net id="881"><net_src comp="2" pin="0"/><net_sink comp="876" pin=1"/></net>

<net id="886"><net_src comp="232" pin="0"/><net_sink comp="882" pin=0"/></net>

<net id="887"><net_src comp="0" pin="0"/><net_sink comp="882" pin=1"/></net>

<net id="893"><net_src comp="264" pin="0"/><net_sink comp="888" pin=0"/></net>

<net id="894"><net_src comp="158" pin="0"/><net_sink comp="888" pin=1"/></net>

<net id="900"><net_src comp="264" pin="0"/><net_sink comp="895" pin=0"/></net>

<net id="901"><net_src comp="160" pin="0"/><net_sink comp="895" pin=1"/></net>

<net id="907"><net_src comp="264" pin="0"/><net_sink comp="902" pin=0"/></net>

<net id="908"><net_src comp="162" pin="0"/><net_sink comp="902" pin=1"/></net>

<net id="914"><net_src comp="264" pin="0"/><net_sink comp="909" pin=0"/></net>

<net id="915"><net_src comp="164" pin="0"/><net_sink comp="909" pin=1"/></net>

<net id="921"><net_src comp="264" pin="0"/><net_sink comp="916" pin=0"/></net>

<net id="922"><net_src comp="166" pin="0"/><net_sink comp="916" pin=1"/></net>

<net id="928"><net_src comp="264" pin="0"/><net_sink comp="923" pin=0"/></net>

<net id="929"><net_src comp="168" pin="0"/><net_sink comp="923" pin=1"/></net>

<net id="935"><net_src comp="264" pin="0"/><net_sink comp="930" pin=0"/></net>

<net id="936"><net_src comp="170" pin="0"/><net_sink comp="930" pin=1"/></net>

<net id="942"><net_src comp="264" pin="0"/><net_sink comp="937" pin=0"/></net>

<net id="943"><net_src comp="172" pin="0"/><net_sink comp="937" pin=1"/></net>

<net id="949"><net_src comp="264" pin="0"/><net_sink comp="944" pin=0"/></net>

<net id="950"><net_src comp="174" pin="0"/><net_sink comp="944" pin=1"/></net>

<net id="956"><net_src comp="264" pin="0"/><net_sink comp="951" pin=0"/></net>

<net id="957"><net_src comp="176" pin="0"/><net_sink comp="951" pin=1"/></net>

<net id="963"><net_src comp="264" pin="0"/><net_sink comp="958" pin=0"/></net>

<net id="964"><net_src comp="178" pin="0"/><net_sink comp="958" pin=1"/></net>

<net id="970"><net_src comp="264" pin="0"/><net_sink comp="965" pin=0"/></net>

<net id="971"><net_src comp="180" pin="0"/><net_sink comp="965" pin=1"/></net>

<net id="977"><net_src comp="264" pin="0"/><net_sink comp="972" pin=0"/></net>

<net id="978"><net_src comp="182" pin="0"/><net_sink comp="972" pin=1"/></net>

<net id="984"><net_src comp="264" pin="0"/><net_sink comp="979" pin=0"/></net>

<net id="985"><net_src comp="184" pin="0"/><net_sink comp="979" pin=1"/></net>

<net id="991"><net_src comp="264" pin="0"/><net_sink comp="986" pin=0"/></net>

<net id="992"><net_src comp="186" pin="0"/><net_sink comp="986" pin=1"/></net>

<net id="998"><net_src comp="264" pin="0"/><net_sink comp="993" pin=0"/></net>

<net id="999"><net_src comp="188" pin="0"/><net_sink comp="993" pin=1"/></net>

<net id="1005"><net_src comp="264" pin="0"/><net_sink comp="1000" pin=0"/></net>

<net id="1006"><net_src comp="190" pin="0"/><net_sink comp="1000" pin=1"/></net>

<net id="1012"><net_src comp="264" pin="0"/><net_sink comp="1007" pin=0"/></net>

<net id="1013"><net_src comp="192" pin="0"/><net_sink comp="1007" pin=1"/></net>

<net id="1019"><net_src comp="264" pin="0"/><net_sink comp="1014" pin=0"/></net>

<net id="1020"><net_src comp="194" pin="0"/><net_sink comp="1014" pin=1"/></net>

<net id="1026"><net_src comp="264" pin="0"/><net_sink comp="1021" pin=0"/></net>

<net id="1027"><net_src comp="196" pin="0"/><net_sink comp="1021" pin=1"/></net>

<net id="1033"><net_src comp="264" pin="0"/><net_sink comp="1028" pin=0"/></net>

<net id="1034"><net_src comp="198" pin="0"/><net_sink comp="1028" pin=1"/></net>

<net id="1040"><net_src comp="264" pin="0"/><net_sink comp="1035" pin=0"/></net>

<net id="1041"><net_src comp="200" pin="0"/><net_sink comp="1035" pin=1"/></net>

<net id="1047"><net_src comp="264" pin="0"/><net_sink comp="1042" pin=0"/></net>

<net id="1048"><net_src comp="202" pin="0"/><net_sink comp="1042" pin=1"/></net>

<net id="1054"><net_src comp="264" pin="0"/><net_sink comp="1049" pin=0"/></net>

<net id="1055"><net_src comp="204" pin="0"/><net_sink comp="1049" pin=1"/></net>

<net id="1061"><net_src comp="264" pin="0"/><net_sink comp="1056" pin=0"/></net>

<net id="1062"><net_src comp="206" pin="0"/><net_sink comp="1056" pin=1"/></net>

<net id="1068"><net_src comp="264" pin="0"/><net_sink comp="1063" pin=0"/></net>

<net id="1069"><net_src comp="208" pin="0"/><net_sink comp="1063" pin=1"/></net>

<net id="1075"><net_src comp="264" pin="0"/><net_sink comp="1070" pin=0"/></net>

<net id="1076"><net_src comp="210" pin="0"/><net_sink comp="1070" pin=1"/></net>

<net id="1082"><net_src comp="264" pin="0"/><net_sink comp="1077" pin=0"/></net>

<net id="1083"><net_src comp="212" pin="0"/><net_sink comp="1077" pin=1"/></net>

<net id="1089"><net_src comp="264" pin="0"/><net_sink comp="1084" pin=0"/></net>

<net id="1090"><net_src comp="214" pin="0"/><net_sink comp="1084" pin=1"/></net>

<net id="1096"><net_src comp="264" pin="0"/><net_sink comp="1091" pin=0"/></net>

<net id="1097"><net_src comp="216" pin="0"/><net_sink comp="1091" pin=1"/></net>

<net id="1103"><net_src comp="264" pin="0"/><net_sink comp="1098" pin=0"/></net>

<net id="1104"><net_src comp="218" pin="0"/><net_sink comp="1098" pin=1"/></net>

<net id="1110"><net_src comp="264" pin="0"/><net_sink comp="1105" pin=0"/></net>

<net id="1111"><net_src comp="220" pin="0"/><net_sink comp="1105" pin=1"/></net>

<net id="1117"><net_src comp="264" pin="0"/><net_sink comp="1112" pin=0"/></net>

<net id="1118"><net_src comp="222" pin="0"/><net_sink comp="1112" pin=1"/></net>

<net id="1124"><net_src comp="264" pin="0"/><net_sink comp="1119" pin=0"/></net>

<net id="1125"><net_src comp="224" pin="0"/><net_sink comp="1119" pin=1"/></net>

<net id="1131"><net_src comp="264" pin="0"/><net_sink comp="1126" pin=0"/></net>

<net id="1132"><net_src comp="226" pin="0"/><net_sink comp="1126" pin=1"/></net>

<net id="1138"><net_src comp="264" pin="0"/><net_sink comp="1133" pin=0"/></net>

<net id="1139"><net_src comp="228" pin="0"/><net_sink comp="1133" pin=1"/></net>

<net id="1196"><net_src comp="882" pin="2"/><net_sink comp="1192" pin=0"/></net>

<net id="1201"><net_src comp="876" pin="2"/><net_sink comp="1197" pin=0"/></net>

<net id="1206"><net_src comp="870" pin="2"/><net_sink comp="1202" pin=0"/></net>

<net id="1211"><net_src comp="864" pin="2"/><net_sink comp="1207" pin=0"/></net>

<net id="1216"><net_src comp="858" pin="2"/><net_sink comp="1212" pin=0"/></net>

<net id="1221"><net_src comp="852" pin="2"/><net_sink comp="1217" pin=0"/></net>

<net id="1226"><net_src comp="846" pin="2"/><net_sink comp="1222" pin=0"/></net>

<net id="1231"><net_src comp="840" pin="2"/><net_sink comp="1227" pin=0"/></net>

<net id="1236"><net_src comp="834" pin="2"/><net_sink comp="1232" pin=0"/></net>

<net id="1241"><net_src comp="828" pin="2"/><net_sink comp="1237" pin=0"/></net>

<net id="1246"><net_src comp="822" pin="2"/><net_sink comp="1242" pin=0"/></net>

<net id="1251"><net_src comp="816" pin="2"/><net_sink comp="1247" pin=0"/></net>

<net id="1256"><net_src comp="810" pin="2"/><net_sink comp="1252" pin=0"/></net>

<net id="1261"><net_src comp="804" pin="2"/><net_sink comp="1257" pin=0"/></net>

<net id="1266"><net_src comp="798" pin="2"/><net_sink comp="1262" pin=0"/></net>

<net id="1271"><net_src comp="792" pin="2"/><net_sink comp="1267" pin=0"/></net>

<net id="1276"><net_src comp="786" pin="2"/><net_sink comp="1272" pin=0"/></net>

<net id="1281"><net_src comp="780" pin="2"/><net_sink comp="1277" pin=0"/></net>

<net id="1286"><net_src comp="774" pin="2"/><net_sink comp="1282" pin=0"/></net>

<net id="1291"><net_src comp="768" pin="2"/><net_sink comp="1287" pin=0"/></net>

<net id="1296"><net_src comp="762" pin="2"/><net_sink comp="1292" pin=0"/></net>

<net id="1301"><net_src comp="756" pin="2"/><net_sink comp="1297" pin=0"/></net>

<net id="1306"><net_src comp="750" pin="2"/><net_sink comp="1302" pin=0"/></net>

<net id="1311"><net_src comp="744" pin="2"/><net_sink comp="1307" pin=0"/></net>

<net id="1316"><net_src comp="738" pin="2"/><net_sink comp="1312" pin=0"/></net>

<net id="1321"><net_src comp="732" pin="2"/><net_sink comp="1317" pin=0"/></net>

<net id="1326"><net_src comp="726" pin="2"/><net_sink comp="1322" pin=0"/></net>

<net id="1331"><net_src comp="720" pin="2"/><net_sink comp="1327" pin=0"/></net>

<net id="1336"><net_src comp="714" pin="2"/><net_sink comp="1332" pin=0"/></net>

<net id="1341"><net_src comp="708" pin="2"/><net_sink comp="1337" pin=0"/></net>

<net id="1346"><net_src comp="702" pin="2"/><net_sink comp="1342" pin=0"/></net>

<net id="1351"><net_src comp="696" pin="2"/><net_sink comp="1347" pin=0"/></net>

<net id="1356"><net_src comp="690" pin="2"/><net_sink comp="1352" pin=0"/></net>

<net id="1361"><net_src comp="684" pin="2"/><net_sink comp="1357" pin=0"/></net>

<net id="1366"><net_src comp="678" pin="2"/><net_sink comp="1362" pin=0"/></net>

<net id="1371"><net_src comp="672" pin="2"/><net_sink comp="1367" pin=0"/></net>

<net id="1376"><net_src comp="234" pin="0"/><net_sink comp="1372" pin=0"/></net>

<net id="1384"><net_src comp="1377" pin="1"/><net_sink comp="1380" pin=0"/></net>

<net id="1385"><net_src comp="244" pin="0"/><net_sink comp="1380" pin=1"/></net>

<net id="1390"><net_src comp="1377" pin="1"/><net_sink comp="1386" pin=0"/></net>

<net id="1391"><net_src comp="246" pin="0"/><net_sink comp="1386" pin=1"/></net>

<net id="1402"><net_src comp="248" pin="0"/><net_sink comp="1392" pin=0"/></net>

<net id="1403"><net_src comp="456" pin="2"/><net_sink comp="1392" pin=1"/></net>

<net id="1404"><net_src comp="462" pin="2"/><net_sink comp="1392" pin=2"/></net>

<net id="1405"><net_src comp="504" pin="2"/><net_sink comp="1392" pin=3"/></net>

<net id="1406"><net_src comp="546" pin="2"/><net_sink comp="1392" pin=4"/></net>

<net id="1407"><net_src comp="588" pin="2"/><net_sink comp="1392" pin=5"/></net>

<net id="1408"><net_src comp="630" pin="2"/><net_sink comp="1392" pin=6"/></net>

<net id="1409"><net_src comp="1377" pin="1"/><net_sink comp="1392" pin=7"/></net>

<net id="1414"><net_src comp="1386" pin="2"/><net_sink comp="1410" pin=0"/></net>

<net id="1425"><net_src comp="248" pin="0"/><net_sink comp="1415" pin=0"/></net>

<net id="1426"><net_src comp="1415" pin="8"/><net_sink comp="1140" pin=0"/></net>

<net id="1437"><net_src comp="248" pin="0"/><net_sink comp="1427" pin=0"/></net>

<net id="1438"><net_src comp="1427" pin="8"/><net_sink comp="1144" pin=0"/></net>

<net id="1449"><net_src comp="248" pin="0"/><net_sink comp="1439" pin=0"/></net>

<net id="1450"><net_src comp="1439" pin="8"/><net_sink comp="1148" pin=0"/></net>

<net id="1461"><net_src comp="248" pin="0"/><net_sink comp="1451" pin=0"/></net>

<net id="1462"><net_src comp="1451" pin="8"/><net_sink comp="1152" pin=0"/></net>

<net id="1473"><net_src comp="248" pin="0"/><net_sink comp="1463" pin=0"/></net>

<net id="1474"><net_src comp="1463" pin="8"/><net_sink comp="1156" pin=0"/></net>

<net id="1485"><net_src comp="248" pin="0"/><net_sink comp="1475" pin=0"/></net>

<net id="1486"><net_src comp="1475" pin="8"/><net_sink comp="1160" pin=0"/></net>

<net id="1491"><net_src comp="1140" pin="2"/><net_sink comp="1487" pin=0"/></net>

<net id="1496"><net_src comp="1144" pin="2"/><net_sink comp="1492" pin=0"/></net>

<net id="1501"><net_src comp="1148" pin="2"/><net_sink comp="1497" pin=0"/></net>

<net id="1506"><net_src comp="1152" pin="2"/><net_sink comp="1502" pin=0"/></net>

<net id="1511"><net_src comp="1156" pin="2"/><net_sink comp="1507" pin=0"/></net>

<net id="1516"><net_src comp="1160" pin="2"/><net_sink comp="1512" pin=0"/></net>

<net id="1521"><net_src comp="1140" pin="2"/><net_sink comp="1517" pin=0"/></net>

<net id="1526"><net_src comp="1144" pin="2"/><net_sink comp="1522" pin=0"/></net>

<net id="1531"><net_src comp="1148" pin="2"/><net_sink comp="1527" pin=0"/></net>

<net id="1536"><net_src comp="1152" pin="2"/><net_sink comp="1532" pin=0"/></net>

<net id="1541"><net_src comp="1156" pin="2"/><net_sink comp="1537" pin=0"/></net>

<net id="1546"><net_src comp="1160" pin="2"/><net_sink comp="1542" pin=0"/></net>

<net id="1551"><net_src comp="1140" pin="2"/><net_sink comp="1547" pin=0"/></net>

<net id="1556"><net_src comp="1144" pin="2"/><net_sink comp="1552" pin=0"/></net>

<net id="1561"><net_src comp="1148" pin="2"/><net_sink comp="1557" pin=0"/></net>

<net id="1566"><net_src comp="1152" pin="2"/><net_sink comp="1562" pin=0"/></net>

<net id="1571"><net_src comp="1156" pin="2"/><net_sink comp="1567" pin=0"/></net>

<net id="1576"><net_src comp="1160" pin="2"/><net_sink comp="1572" pin=0"/></net>

<net id="1581"><net_src comp="1140" pin="2"/><net_sink comp="1577" pin=0"/></net>

<net id="1586"><net_src comp="1144" pin="2"/><net_sink comp="1582" pin=0"/></net>

<net id="1591"><net_src comp="1148" pin="2"/><net_sink comp="1587" pin=0"/></net>

<net id="1596"><net_src comp="1152" pin="2"/><net_sink comp="1592" pin=0"/></net>

<net id="1601"><net_src comp="1156" pin="2"/><net_sink comp="1597" pin=0"/></net>

<net id="1606"><net_src comp="1160" pin="2"/><net_sink comp="1602" pin=0"/></net>

<net id="1611"><net_src comp="1140" pin="2"/><net_sink comp="1607" pin=0"/></net>

<net id="1616"><net_src comp="1144" pin="2"/><net_sink comp="1612" pin=0"/></net>

<net id="1621"><net_src comp="1148" pin="2"/><net_sink comp="1617" pin=0"/></net>

<net id="1626"><net_src comp="1152" pin="2"/><net_sink comp="1622" pin=0"/></net>

<net id="1631"><net_src comp="1156" pin="2"/><net_sink comp="1627" pin=0"/></net>

<net id="1636"><net_src comp="1160" pin="2"/><net_sink comp="1632" pin=0"/></net>

<net id="1641"><net_src comp="1140" pin="2"/><net_sink comp="1637" pin=0"/></net>

<net id="1646"><net_src comp="1144" pin="2"/><net_sink comp="1642" pin=0"/></net>

<net id="1651"><net_src comp="1148" pin="2"/><net_sink comp="1647" pin=0"/></net>

<net id="1656"><net_src comp="1152" pin="2"/><net_sink comp="1652" pin=0"/></net>

<net id="1661"><net_src comp="1156" pin="2"/><net_sink comp="1657" pin=0"/></net>

<net id="1666"><net_src comp="1160" pin="2"/><net_sink comp="1662" pin=0"/></net>

<net id="1670"><net_src comp="1667" pin="1"/><net_sink comp="1133" pin=2"/></net>

<net id="1674"><net_src comp="1671" pin="1"/><net_sink comp="1126" pin=2"/></net>

<net id="1678"><net_src comp="1675" pin="1"/><net_sink comp="1119" pin=2"/></net>

<net id="1682"><net_src comp="1679" pin="1"/><net_sink comp="1112" pin=2"/></net>

<net id="1686"><net_src comp="1683" pin="1"/><net_sink comp="1105" pin=2"/></net>

<net id="1690"><net_src comp="1687" pin="1"/><net_sink comp="1098" pin=2"/></net>

<net id="1694"><net_src comp="1691" pin="1"/><net_sink comp="1091" pin=2"/></net>

<net id="1698"><net_src comp="1695" pin="1"/><net_sink comp="1084" pin=2"/></net>

<net id="1702"><net_src comp="1699" pin="1"/><net_sink comp="1077" pin=2"/></net>

<net id="1706"><net_src comp="1703" pin="1"/><net_sink comp="1070" pin=2"/></net>

<net id="1710"><net_src comp="1707" pin="1"/><net_sink comp="1063" pin=2"/></net>

<net id="1714"><net_src comp="1711" pin="1"/><net_sink comp="1056" pin=2"/></net>

<net id="1718"><net_src comp="1715" pin="1"/><net_sink comp="1049" pin=2"/></net>

<net id="1722"><net_src comp="1719" pin="1"/><net_sink comp="1042" pin=2"/></net>

<net id="1726"><net_src comp="1723" pin="1"/><net_sink comp="1035" pin=2"/></net>

<net id="1730"><net_src comp="1727" pin="1"/><net_sink comp="1028" pin=2"/></net>

<net id="1734"><net_src comp="1731" pin="1"/><net_sink comp="1021" pin=2"/></net>

<net id="1738"><net_src comp="1735" pin="1"/><net_sink comp="1014" pin=2"/></net>

<net id="1742"><net_src comp="1739" pin="1"/><net_sink comp="1007" pin=2"/></net>

<net id="1746"><net_src comp="1743" pin="1"/><net_sink comp="1000" pin=2"/></net>

<net id="1750"><net_src comp="1747" pin="1"/><net_sink comp="993" pin=2"/></net>

<net id="1754"><net_src comp="1751" pin="1"/><net_sink comp="986" pin=2"/></net>

<net id="1758"><net_src comp="1755" pin="1"/><net_sink comp="979" pin=2"/></net>

<net id="1762"><net_src comp="1759" pin="1"/><net_sink comp="972" pin=2"/></net>

<net id="1766"><net_src comp="1763" pin="1"/><net_sink comp="965" pin=2"/></net>

<net id="1770"><net_src comp="1767" pin="1"/><net_sink comp="958" pin=2"/></net>

<net id="1774"><net_src comp="1771" pin="1"/><net_sink comp="951" pin=2"/></net>

<net id="1778"><net_src comp="1775" pin="1"/><net_sink comp="944" pin=2"/></net>

<net id="1782"><net_src comp="1779" pin="1"/><net_sink comp="937" pin=2"/></net>

<net id="1786"><net_src comp="1783" pin="1"/><net_sink comp="930" pin=2"/></net>

<net id="1790"><net_src comp="1787" pin="1"/><net_sink comp="923" pin=2"/></net>

<net id="1794"><net_src comp="1791" pin="1"/><net_sink comp="916" pin=2"/></net>

<net id="1798"><net_src comp="1795" pin="1"/><net_sink comp="909" pin=2"/></net>

<net id="1802"><net_src comp="1799" pin="1"/><net_sink comp="902" pin=2"/></net>

<net id="1806"><net_src comp="1803" pin="1"/><net_sink comp="895" pin=2"/></net>

<net id="1810"><net_src comp="1807" pin="1"/><net_sink comp="888" pin=2"/></net>

<net id="1814"><net_src comp="266" pin="1"/><net_sink comp="1811" pin=0"/></net>

<net id="1815"><net_src comp="1811" pin="1"/><net_sink comp="1372" pin=1"/></net>

<net id="1816"><net_src comp="1811" pin="1"/><net_sink comp="1377" pin=0"/></net>

<net id="1817"><net_src comp="1811" pin="1"/><net_sink comp="1410" pin=1"/></net>

<net id="1821"><net_src comp="270" pin="1"/><net_sink comp="1818" pin=0"/></net>

<net id="1822"><net_src comp="1818" pin="1"/><net_sink comp="1367" pin=1"/></net>

<net id="1823"><net_src comp="1818" pin="1"/><net_sink comp="1662" pin=1"/></net>

<net id="1824"><net_src comp="1818" pin="1"/><net_sink comp="1667" pin=0"/></net>

<net id="1828"><net_src comp="274" pin="1"/><net_sink comp="1825" pin=0"/></net>

<net id="1829"><net_src comp="1825" pin="1"/><net_sink comp="1362" pin=1"/></net>

<net id="1830"><net_src comp="1825" pin="1"/><net_sink comp="1657" pin=1"/></net>

<net id="1831"><net_src comp="1825" pin="1"/><net_sink comp="1671" pin=0"/></net>

<net id="1835"><net_src comp="278" pin="1"/><net_sink comp="1832" pin=0"/></net>

<net id="1836"><net_src comp="1832" pin="1"/><net_sink comp="1357" pin=1"/></net>

<net id="1837"><net_src comp="1832" pin="1"/><net_sink comp="1652" pin=1"/></net>

<net id="1838"><net_src comp="1832" pin="1"/><net_sink comp="1675" pin=0"/></net>

<net id="1842"><net_src comp="282" pin="1"/><net_sink comp="1839" pin=0"/></net>

<net id="1843"><net_src comp="1839" pin="1"/><net_sink comp="1352" pin=1"/></net>

<net id="1844"><net_src comp="1839" pin="1"/><net_sink comp="1647" pin=1"/></net>

<net id="1845"><net_src comp="1839" pin="1"/><net_sink comp="1679" pin=0"/></net>

<net id="1849"><net_src comp="286" pin="1"/><net_sink comp="1846" pin=0"/></net>

<net id="1850"><net_src comp="1846" pin="1"/><net_sink comp="1347" pin=1"/></net>

<net id="1851"><net_src comp="1846" pin="1"/><net_sink comp="1642" pin=1"/></net>

<net id="1852"><net_src comp="1846" pin="1"/><net_sink comp="1683" pin=0"/></net>

<net id="1856"><net_src comp="290" pin="1"/><net_sink comp="1853" pin=0"/></net>

<net id="1857"><net_src comp="1853" pin="1"/><net_sink comp="1342" pin=1"/></net>

<net id="1858"><net_src comp="1853" pin="1"/><net_sink comp="1637" pin=1"/></net>

<net id="1859"><net_src comp="1853" pin="1"/><net_sink comp="1687" pin=0"/></net>

<net id="1863"><net_src comp="294" pin="1"/><net_sink comp="1860" pin=0"/></net>

<net id="1864"><net_src comp="1860" pin="1"/><net_sink comp="1337" pin=1"/></net>

<net id="1865"><net_src comp="1860" pin="1"/><net_sink comp="1512" pin=1"/></net>

<net id="1866"><net_src comp="1860" pin="1"/><net_sink comp="1691" pin=0"/></net>

<net id="1870"><net_src comp="298" pin="1"/><net_sink comp="1867" pin=0"/></net>

<net id="1871"><net_src comp="1867" pin="1"/><net_sink comp="1332" pin=1"/></net>

<net id="1872"><net_src comp="1867" pin="1"/><net_sink comp="1507" pin=1"/></net>

<net id="1873"><net_src comp="1867" pin="1"/><net_sink comp="1695" pin=0"/></net>

<net id="1877"><net_src comp="302" pin="1"/><net_sink comp="1874" pin=0"/></net>

<net id="1878"><net_src comp="1874" pin="1"/><net_sink comp="1327" pin=1"/></net>

<net id="1879"><net_src comp="1874" pin="1"/><net_sink comp="1502" pin=1"/></net>

<net id="1880"><net_src comp="1874" pin="1"/><net_sink comp="1699" pin=0"/></net>

<net id="1884"><net_src comp="306" pin="1"/><net_sink comp="1881" pin=0"/></net>

<net id="1885"><net_src comp="1881" pin="1"/><net_sink comp="1322" pin=1"/></net>

<net id="1886"><net_src comp="1881" pin="1"/><net_sink comp="1497" pin=1"/></net>

<net id="1887"><net_src comp="1881" pin="1"/><net_sink comp="1703" pin=0"/></net>

<net id="1891"><net_src comp="310" pin="1"/><net_sink comp="1888" pin=0"/></net>

<net id="1892"><net_src comp="1888" pin="1"/><net_sink comp="1317" pin=1"/></net>

<net id="1893"><net_src comp="1888" pin="1"/><net_sink comp="1492" pin=1"/></net>

<net id="1894"><net_src comp="1888" pin="1"/><net_sink comp="1707" pin=0"/></net>

<net id="1898"><net_src comp="314" pin="1"/><net_sink comp="1895" pin=0"/></net>

<net id="1899"><net_src comp="1895" pin="1"/><net_sink comp="1312" pin=1"/></net>

<net id="1900"><net_src comp="1895" pin="1"/><net_sink comp="1487" pin=1"/></net>

<net id="1901"><net_src comp="1895" pin="1"/><net_sink comp="1711" pin=0"/></net>

<net id="1905"><net_src comp="318" pin="1"/><net_sink comp="1902" pin=0"/></net>

<net id="1906"><net_src comp="1902" pin="1"/><net_sink comp="1307" pin=1"/></net>

<net id="1907"><net_src comp="1902" pin="1"/><net_sink comp="1542" pin=1"/></net>

<net id="1908"><net_src comp="1902" pin="1"/><net_sink comp="1715" pin=0"/></net>

<net id="1912"><net_src comp="322" pin="1"/><net_sink comp="1909" pin=0"/></net>

<net id="1913"><net_src comp="1909" pin="1"/><net_sink comp="1302" pin=1"/></net>

<net id="1914"><net_src comp="1909" pin="1"/><net_sink comp="1537" pin=1"/></net>

<net id="1915"><net_src comp="1909" pin="1"/><net_sink comp="1719" pin=0"/></net>

<net id="1919"><net_src comp="326" pin="1"/><net_sink comp="1916" pin=0"/></net>

<net id="1920"><net_src comp="1916" pin="1"/><net_sink comp="1297" pin=1"/></net>

<net id="1921"><net_src comp="1916" pin="1"/><net_sink comp="1532" pin=1"/></net>

<net id="1922"><net_src comp="1916" pin="1"/><net_sink comp="1723" pin=0"/></net>

<net id="1926"><net_src comp="330" pin="1"/><net_sink comp="1923" pin=0"/></net>

<net id="1927"><net_src comp="1923" pin="1"/><net_sink comp="1292" pin=1"/></net>

<net id="1928"><net_src comp="1923" pin="1"/><net_sink comp="1527" pin=1"/></net>

<net id="1929"><net_src comp="1923" pin="1"/><net_sink comp="1727" pin=0"/></net>

<net id="1933"><net_src comp="334" pin="1"/><net_sink comp="1930" pin=0"/></net>

<net id="1934"><net_src comp="1930" pin="1"/><net_sink comp="1287" pin=1"/></net>

<net id="1935"><net_src comp="1930" pin="1"/><net_sink comp="1522" pin=1"/></net>

<net id="1936"><net_src comp="1930" pin="1"/><net_sink comp="1731" pin=0"/></net>

<net id="1940"><net_src comp="338" pin="1"/><net_sink comp="1937" pin=0"/></net>

<net id="1941"><net_src comp="1937" pin="1"/><net_sink comp="1282" pin=1"/></net>

<net id="1942"><net_src comp="1937" pin="1"/><net_sink comp="1517" pin=1"/></net>

<net id="1943"><net_src comp="1937" pin="1"/><net_sink comp="1735" pin=0"/></net>

<net id="1947"><net_src comp="342" pin="1"/><net_sink comp="1944" pin=0"/></net>

<net id="1948"><net_src comp="1944" pin="1"/><net_sink comp="1277" pin=1"/></net>

<net id="1949"><net_src comp="1944" pin="1"/><net_sink comp="1607" pin=1"/></net>

<net id="1950"><net_src comp="1944" pin="1"/><net_sink comp="1739" pin=0"/></net>

<net id="1954"><net_src comp="346" pin="1"/><net_sink comp="1951" pin=0"/></net>

<net id="1955"><net_src comp="1951" pin="1"/><net_sink comp="1272" pin=1"/></net>

<net id="1956"><net_src comp="1951" pin="1"/><net_sink comp="1612" pin=1"/></net>

<net id="1957"><net_src comp="1951" pin="1"/><net_sink comp="1743" pin=0"/></net>

<net id="1961"><net_src comp="350" pin="1"/><net_sink comp="1958" pin=0"/></net>

<net id="1962"><net_src comp="1958" pin="1"/><net_sink comp="1267" pin=1"/></net>

<net id="1963"><net_src comp="1958" pin="1"/><net_sink comp="1617" pin=1"/></net>

<net id="1964"><net_src comp="1958" pin="1"/><net_sink comp="1747" pin=0"/></net>

<net id="1968"><net_src comp="354" pin="1"/><net_sink comp="1965" pin=0"/></net>

<net id="1969"><net_src comp="1965" pin="1"/><net_sink comp="1262" pin=1"/></net>

<net id="1970"><net_src comp="1965" pin="1"/><net_sink comp="1622" pin=1"/></net>

<net id="1971"><net_src comp="1965" pin="1"/><net_sink comp="1751" pin=0"/></net>

<net id="1975"><net_src comp="358" pin="1"/><net_sink comp="1972" pin=0"/></net>

<net id="1976"><net_src comp="1972" pin="1"/><net_sink comp="1257" pin=1"/></net>

<net id="1977"><net_src comp="1972" pin="1"/><net_sink comp="1627" pin=1"/></net>

<net id="1978"><net_src comp="1972" pin="1"/><net_sink comp="1755" pin=0"/></net>

<net id="1982"><net_src comp="362" pin="1"/><net_sink comp="1979" pin=0"/></net>

<net id="1983"><net_src comp="1979" pin="1"/><net_sink comp="1252" pin=1"/></net>

<net id="1984"><net_src comp="1979" pin="1"/><net_sink comp="1632" pin=1"/></net>

<net id="1985"><net_src comp="1979" pin="1"/><net_sink comp="1759" pin=0"/></net>

<net id="1989"><net_src comp="366" pin="1"/><net_sink comp="1986" pin=0"/></net>

<net id="1990"><net_src comp="1986" pin="1"/><net_sink comp="1247" pin=1"/></net>

<net id="1991"><net_src comp="1986" pin="1"/><net_sink comp="1577" pin=1"/></net>

<net id="1992"><net_src comp="1986" pin="1"/><net_sink comp="1763" pin=0"/></net>

<net id="1996"><net_src comp="370" pin="1"/><net_sink comp="1993" pin=0"/></net>

<net id="1997"><net_src comp="1993" pin="1"/><net_sink comp="1242" pin=1"/></net>

<net id="1998"><net_src comp="1993" pin="1"/><net_sink comp="1582" pin=1"/></net>

<net id="1999"><net_src comp="1993" pin="1"/><net_sink comp="1767" pin=0"/></net>

<net id="2003"><net_src comp="374" pin="1"/><net_sink comp="2000" pin=0"/></net>

<net id="2004"><net_src comp="2000" pin="1"/><net_sink comp="1237" pin=1"/></net>

<net id="2005"><net_src comp="2000" pin="1"/><net_sink comp="1587" pin=1"/></net>

<net id="2006"><net_src comp="2000" pin="1"/><net_sink comp="1771" pin=0"/></net>

<net id="2010"><net_src comp="378" pin="1"/><net_sink comp="2007" pin=0"/></net>

<net id="2011"><net_src comp="2007" pin="1"/><net_sink comp="1232" pin=1"/></net>

<net id="2012"><net_src comp="2007" pin="1"/><net_sink comp="1592" pin=1"/></net>

<net id="2013"><net_src comp="2007" pin="1"/><net_sink comp="1775" pin=0"/></net>

<net id="2017"><net_src comp="382" pin="1"/><net_sink comp="2014" pin=0"/></net>

<net id="2018"><net_src comp="2014" pin="1"/><net_sink comp="1227" pin=1"/></net>

<net id="2019"><net_src comp="2014" pin="1"/><net_sink comp="1597" pin=1"/></net>

<net id="2020"><net_src comp="2014" pin="1"/><net_sink comp="1779" pin=0"/></net>

<net id="2024"><net_src comp="386" pin="1"/><net_sink comp="2021" pin=0"/></net>

<net id="2025"><net_src comp="2021" pin="1"/><net_sink comp="1222" pin=1"/></net>

<net id="2026"><net_src comp="2021" pin="1"/><net_sink comp="1602" pin=1"/></net>

<net id="2027"><net_src comp="2021" pin="1"/><net_sink comp="1783" pin=0"/></net>

<net id="2031"><net_src comp="390" pin="1"/><net_sink comp="2028" pin=0"/></net>

<net id="2032"><net_src comp="2028" pin="1"/><net_sink comp="1217" pin=1"/></net>

<net id="2033"><net_src comp="2028" pin="1"/><net_sink comp="1547" pin=1"/></net>

<net id="2034"><net_src comp="2028" pin="1"/><net_sink comp="1787" pin=0"/></net>

<net id="2038"><net_src comp="394" pin="1"/><net_sink comp="2035" pin=0"/></net>

<net id="2039"><net_src comp="2035" pin="1"/><net_sink comp="1212" pin=1"/></net>

<net id="2040"><net_src comp="2035" pin="1"/><net_sink comp="1552" pin=1"/></net>

<net id="2041"><net_src comp="2035" pin="1"/><net_sink comp="1791" pin=0"/></net>

<net id="2045"><net_src comp="398" pin="1"/><net_sink comp="2042" pin=0"/></net>

<net id="2046"><net_src comp="2042" pin="1"/><net_sink comp="1207" pin=1"/></net>

<net id="2047"><net_src comp="2042" pin="1"/><net_sink comp="1557" pin=1"/></net>

<net id="2048"><net_src comp="2042" pin="1"/><net_sink comp="1795" pin=0"/></net>

<net id="2052"><net_src comp="402" pin="1"/><net_sink comp="2049" pin=0"/></net>

<net id="2053"><net_src comp="2049" pin="1"/><net_sink comp="1202" pin=1"/></net>

<net id="2054"><net_src comp="2049" pin="1"/><net_sink comp="1562" pin=1"/></net>

<net id="2055"><net_src comp="2049" pin="1"/><net_sink comp="1799" pin=0"/></net>

<net id="2059"><net_src comp="406" pin="1"/><net_sink comp="2056" pin=0"/></net>

<net id="2060"><net_src comp="2056" pin="1"/><net_sink comp="1197" pin=1"/></net>

<net id="2061"><net_src comp="2056" pin="1"/><net_sink comp="1567" pin=1"/></net>

<net id="2062"><net_src comp="2056" pin="1"/><net_sink comp="1803" pin=0"/></net>

<net id="2066"><net_src comp="410" pin="1"/><net_sink comp="2063" pin=0"/></net>

<net id="2067"><net_src comp="2063" pin="1"/><net_sink comp="1192" pin=1"/></net>

<net id="2068"><net_src comp="2063" pin="1"/><net_sink comp="1572" pin=1"/></net>

<net id="2069"><net_src comp="2063" pin="1"/><net_sink comp="1807" pin=0"/></net>

<net id="2073"><net_src comp="414" pin="2"/><net_sink comp="2070" pin=0"/></net>

<net id="2074"><net_src comp="2070" pin="1"/><net_sink comp="1415" pin=6"/></net>

<net id="2078"><net_src comp="420" pin="2"/><net_sink comp="2075" pin=0"/></net>

<net id="2079"><net_src comp="2075" pin="1"/><net_sink comp="1415" pin=5"/></net>

<net id="2083"><net_src comp="426" pin="2"/><net_sink comp="2080" pin=0"/></net>

<net id="2084"><net_src comp="2080" pin="1"/><net_sink comp="1415" pin=4"/></net>

<net id="2088"><net_src comp="432" pin="2"/><net_sink comp="2085" pin=0"/></net>

<net id="2089"><net_src comp="2085" pin="1"/><net_sink comp="1415" pin=3"/></net>

<net id="2093"><net_src comp="438" pin="2"/><net_sink comp="2090" pin=0"/></net>

<net id="2094"><net_src comp="2090" pin="1"/><net_sink comp="1415" pin=2"/></net>

<net id="2098"><net_src comp="444" pin="2"/><net_sink comp="2095" pin=0"/></net>

<net id="2099"><net_src comp="2095" pin="1"/><net_sink comp="1415" pin=1"/></net>

<net id="2103"><net_src comp="450" pin="2"/><net_sink comp="2100" pin=0"/></net>

<net id="2104"><net_src comp="2100" pin="1"/><net_sink comp="1164" pin=0"/></net>

<net id="2108"><net_src comp="456" pin="2"/><net_sink comp="2105" pin=0"/></net>

<net id="2109"><net_src comp="2105" pin="1"/><net_sink comp="1168" pin=1"/></net>

<net id="2113"><net_src comp="462" pin="2"/><net_sink comp="2110" pin=0"/></net>

<net id="2114"><net_src comp="2110" pin="1"/><net_sink comp="1172" pin=1"/></net>

<net id="2118"><net_src comp="468" pin="2"/><net_sink comp="2115" pin=0"/></net>

<net id="2119"><net_src comp="2115" pin="1"/><net_sink comp="1427" pin=6"/></net>

<net id="2123"><net_src comp="474" pin="2"/><net_sink comp="2120" pin=0"/></net>

<net id="2124"><net_src comp="2120" pin="1"/><net_sink comp="1427" pin=5"/></net>

<net id="2128"><net_src comp="480" pin="2"/><net_sink comp="2125" pin=0"/></net>

<net id="2129"><net_src comp="2125" pin="1"/><net_sink comp="1427" pin=4"/></net>

<net id="2133"><net_src comp="486" pin="2"/><net_sink comp="2130" pin=0"/></net>

<net id="2134"><net_src comp="2130" pin="1"/><net_sink comp="1427" pin=3"/></net>

<net id="2138"><net_src comp="492" pin="2"/><net_sink comp="2135" pin=0"/></net>

<net id="2139"><net_src comp="2135" pin="1"/><net_sink comp="1427" pin=2"/></net>

<net id="2143"><net_src comp="498" pin="2"/><net_sink comp="2140" pin=0"/></net>

<net id="2144"><net_src comp="2140" pin="1"/><net_sink comp="1427" pin=1"/></net>

<net id="2148"><net_src comp="504" pin="2"/><net_sink comp="2145" pin=0"/></net>

<net id="2149"><net_src comp="2145" pin="1"/><net_sink comp="1176" pin=1"/></net>

<net id="2153"><net_src comp="510" pin="2"/><net_sink comp="2150" pin=0"/></net>

<net id="2154"><net_src comp="2150" pin="1"/><net_sink comp="1439" pin=6"/></net>

<net id="2158"><net_src comp="516" pin="2"/><net_sink comp="2155" pin=0"/></net>

<net id="2159"><net_src comp="2155" pin="1"/><net_sink comp="1439" pin=5"/></net>

<net id="2163"><net_src comp="522" pin="2"/><net_sink comp="2160" pin=0"/></net>

<net id="2164"><net_src comp="2160" pin="1"/><net_sink comp="1439" pin=4"/></net>

<net id="2168"><net_src comp="528" pin="2"/><net_sink comp="2165" pin=0"/></net>

<net id="2169"><net_src comp="2165" pin="1"/><net_sink comp="1439" pin=3"/></net>

<net id="2173"><net_src comp="534" pin="2"/><net_sink comp="2170" pin=0"/></net>

<net id="2174"><net_src comp="2170" pin="1"/><net_sink comp="1439" pin=2"/></net>

<net id="2178"><net_src comp="540" pin="2"/><net_sink comp="2175" pin=0"/></net>

<net id="2179"><net_src comp="2175" pin="1"/><net_sink comp="1439" pin=1"/></net>

<net id="2183"><net_src comp="546" pin="2"/><net_sink comp="2180" pin=0"/></net>

<net id="2184"><net_src comp="2180" pin="1"/><net_sink comp="1180" pin=1"/></net>

<net id="2188"><net_src comp="552" pin="2"/><net_sink comp="2185" pin=0"/></net>

<net id="2189"><net_src comp="2185" pin="1"/><net_sink comp="1451" pin=6"/></net>

<net id="2193"><net_src comp="558" pin="2"/><net_sink comp="2190" pin=0"/></net>

<net id="2194"><net_src comp="2190" pin="1"/><net_sink comp="1451" pin=5"/></net>

<net id="2198"><net_src comp="564" pin="2"/><net_sink comp="2195" pin=0"/></net>

<net id="2199"><net_src comp="2195" pin="1"/><net_sink comp="1451" pin=4"/></net>

<net id="2203"><net_src comp="570" pin="2"/><net_sink comp="2200" pin=0"/></net>

<net id="2204"><net_src comp="2200" pin="1"/><net_sink comp="1451" pin=3"/></net>

<net id="2208"><net_src comp="576" pin="2"/><net_sink comp="2205" pin=0"/></net>

<net id="2209"><net_src comp="2205" pin="1"/><net_sink comp="1451" pin=2"/></net>

<net id="2213"><net_src comp="582" pin="2"/><net_sink comp="2210" pin=0"/></net>

<net id="2214"><net_src comp="2210" pin="1"/><net_sink comp="1451" pin=1"/></net>

<net id="2218"><net_src comp="588" pin="2"/><net_sink comp="2215" pin=0"/></net>

<net id="2219"><net_src comp="2215" pin="1"/><net_sink comp="1184" pin=1"/></net>

<net id="2223"><net_src comp="594" pin="2"/><net_sink comp="2220" pin=0"/></net>

<net id="2224"><net_src comp="2220" pin="1"/><net_sink comp="1463" pin=6"/></net>

<net id="2228"><net_src comp="600" pin="2"/><net_sink comp="2225" pin=0"/></net>

<net id="2229"><net_src comp="2225" pin="1"/><net_sink comp="1463" pin=5"/></net>

<net id="2233"><net_src comp="606" pin="2"/><net_sink comp="2230" pin=0"/></net>

<net id="2234"><net_src comp="2230" pin="1"/><net_sink comp="1463" pin=4"/></net>

<net id="2238"><net_src comp="612" pin="2"/><net_sink comp="2235" pin=0"/></net>

<net id="2239"><net_src comp="2235" pin="1"/><net_sink comp="1463" pin=3"/></net>

<net id="2243"><net_src comp="618" pin="2"/><net_sink comp="2240" pin=0"/></net>

<net id="2244"><net_src comp="2240" pin="1"/><net_sink comp="1463" pin=2"/></net>

<net id="2248"><net_src comp="624" pin="2"/><net_sink comp="2245" pin=0"/></net>

<net id="2249"><net_src comp="2245" pin="1"/><net_sink comp="1463" pin=1"/></net>

<net id="2253"><net_src comp="630" pin="2"/><net_sink comp="2250" pin=0"/></net>

<net id="2254"><net_src comp="2250" pin="1"/><net_sink comp="1188" pin=1"/></net>

<net id="2258"><net_src comp="636" pin="2"/><net_sink comp="2255" pin=0"/></net>

<net id="2259"><net_src comp="2255" pin="1"/><net_sink comp="1475" pin=6"/></net>

<net id="2263"><net_src comp="642" pin="2"/><net_sink comp="2260" pin=0"/></net>

<net id="2264"><net_src comp="2260" pin="1"/><net_sink comp="1475" pin=5"/></net>

<net id="2268"><net_src comp="648" pin="2"/><net_sink comp="2265" pin=0"/></net>

<net id="2269"><net_src comp="2265" pin="1"/><net_sink comp="1475" pin=4"/></net>

<net id="2273"><net_src comp="654" pin="2"/><net_sink comp="2270" pin=0"/></net>

<net id="2274"><net_src comp="2270" pin="1"/><net_sink comp="1475" pin=3"/></net>

<net id="2278"><net_src comp="660" pin="2"/><net_sink comp="2275" pin=0"/></net>

<net id="2279"><net_src comp="2275" pin="1"/><net_sink comp="1475" pin=2"/></net>

<net id="2283"><net_src comp="666" pin="2"/><net_sink comp="2280" pin=0"/></net>

<net id="2284"><net_src comp="2280" pin="1"/><net_sink comp="1475" pin=1"/></net>

<net id="2288"><net_src comp="1377" pin="1"/><net_sink comp="2285" pin=0"/></net>

<net id="2289"><net_src comp="2285" pin="1"/><net_sink comp="1415" pin=7"/></net>

<net id="2290"><net_src comp="2285" pin="1"/><net_sink comp="1427" pin=7"/></net>

<net id="2291"><net_src comp="2285" pin="1"/><net_sink comp="1439" pin=7"/></net>

<net id="2292"><net_src comp="2285" pin="1"/><net_sink comp="1451" pin=7"/></net>

<net id="2293"><net_src comp="2285" pin="1"/><net_sink comp="1463" pin=7"/></net>

<net id="2294"><net_src comp="2285" pin="1"/><net_sink comp="1475" pin=7"/></net>

<net id="2298"><net_src comp="1380" pin="2"/><net_sink comp="2295" pin=0"/></net>

<net id="2302"><net_src comp="1392" pin="8"/><net_sink comp="2299" pin=0"/></net>

<net id="2303"><net_src comp="2299" pin="1"/><net_sink comp="1164" pin=1"/></net>

<net id="2307"><net_src comp="1164" pin="2"/><net_sink comp="2304" pin=0"/></net>

<net id="2308"><net_src comp="2304" pin="1"/><net_sink comp="1168" pin=0"/></net>

<net id="2309"><net_src comp="2304" pin="1"/><net_sink comp="1172" pin=0"/></net>

<net id="2310"><net_src comp="2304" pin="1"/><net_sink comp="1176" pin=0"/></net>

<net id="2311"><net_src comp="2304" pin="1"/><net_sink comp="1180" pin=0"/></net>

<net id="2312"><net_src comp="2304" pin="1"/><net_sink comp="1184" pin=0"/></net>

<net id="2313"><net_src comp="2304" pin="1"/><net_sink comp="1188" pin=0"/></net>

<net id="2317"><net_src comp="1168" pin="2"/><net_sink comp="2314" pin=0"/></net>

<net id="2318"><net_src comp="2314" pin="1"/><net_sink comp="1140" pin=1"/></net>

<net id="2322"><net_src comp="1172" pin="2"/><net_sink comp="2319" pin=0"/></net>

<net id="2323"><net_src comp="2319" pin="1"/><net_sink comp="1144" pin=1"/></net>

<net id="2327"><net_src comp="1176" pin="2"/><net_sink comp="2324" pin=0"/></net>

<net id="2328"><net_src comp="2324" pin="1"/><net_sink comp="1148" pin=1"/></net>

<net id="2332"><net_src comp="1180" pin="2"/><net_sink comp="2329" pin=0"/></net>

<net id="2333"><net_src comp="2329" pin="1"/><net_sink comp="1152" pin=1"/></net>

<net id="2337"><net_src comp="1184" pin="2"/><net_sink comp="2334" pin=0"/></net>

<net id="2338"><net_src comp="2334" pin="1"/><net_sink comp="1156" pin=1"/></net>

<net id="2342"><net_src comp="1188" pin="2"/><net_sink comp="2339" pin=0"/></net>

<net id="2343"><net_src comp="2339" pin="1"/><net_sink comp="1160" pin=1"/></net>

<net id="2347"><net_src comp="1415" pin="8"/><net_sink comp="2344" pin=0"/></net>

<net id="2348"><net_src comp="2344" pin="1"/><net_sink comp="1140" pin=0"/></net>

<net id="2352"><net_src comp="1427" pin="8"/><net_sink comp="2349" pin=0"/></net>

<net id="2353"><net_src comp="2349" pin="1"/><net_sink comp="1144" pin=0"/></net>

<net id="2357"><net_src comp="1439" pin="8"/><net_sink comp="2354" pin=0"/></net>

<net id="2358"><net_src comp="2354" pin="1"/><net_sink comp="1148" pin=0"/></net>

<net id="2362"><net_src comp="1451" pin="8"/><net_sink comp="2359" pin=0"/></net>

<net id="2363"><net_src comp="2359" pin="1"/><net_sink comp="1152" pin=0"/></net>

<net id="2367"><net_src comp="1463" pin="8"/><net_sink comp="2364" pin=0"/></net>

<net id="2368"><net_src comp="2364" pin="1"/><net_sink comp="1156" pin=0"/></net>

<net id="2372"><net_src comp="1475" pin="8"/><net_sink comp="2369" pin=0"/></net>

<net id="2373"><net_src comp="2369" pin="1"/><net_sink comp="1160" pin=0"/></net>

</net_list>

</model> 
---------------- Datapath Model END ------------------

* FSMD analyzer results:
  - Output states:
	Port: P_318_out | {10 }
	Port: P_317_out | {10 }
	Port: P_316_out | {10 }
	Port: P_315_out | {10 }
	Port: P_314_out | {10 }
	Port: P_313_out | {10 }
	Port: P_312_out | {10 }
	Port: P_311_out | {10 }
	Port: P_310_out | {10 }
	Port: P_309_out | {10 }
	Port: P_308_out | {10 }
	Port: P_307_out | {10 }
	Port: P_306_out | {10 }
	Port: P_305_out | {10 }
	Port: P_304_out | {10 }
	Port: P_303_out | {10 }
	Port: P_302_out | {10 }
	Port: P_301_out | {10 }
	Port: P_300_out | {10 }
	Port: P_299_out | {10 }
	Port: P_298_out | {10 }
	Port: P_297_out | {10 }
	Port: P_296_out | {10 }
	Port: P_295_out | {10 }
	Port: P_294_out | {10 }
	Port: P_293_out | {10 }
	Port: P_292_out | {10 }
	Port: P_291_out | {10 }
	Port: P_290_out | {10 }
	Port: P_289_out | {10 }
	Port: P_288_out | {10 }
	Port: P_287_out | {10 }
	Port: P_286_out | {10 }
	Port: P_285_out | {10 }
	Port: P_284_out | {10 }
	Port: P_283_out | {10 }
 - Input state : 
	Port: ekf_batch_Pipeline_VITIS_LOOP_117_8 : P_181 | {1 }
	Port: ekf_batch_Pipeline_VITIS_LOOP_117_8 : P_182 | {1 }
	Port: ekf_batch_Pipeline_VITIS_LOOP_117_8 : P_183 | {1 }
	Port: ekf_batch_Pipeline_VITIS_LOOP_117_8 : P_184 | {1 }
	Port: ekf_batch_Pipeline_VITIS_LOOP_117_8 : P_185 | {1 }
	Port: ekf_batch_Pipeline_VITIS_LOOP_117_8 : P_186 | {1 }
	Port: ekf_batch_Pipeline_VITIS_LOOP_117_8 : P_187 | {1 }
	Port: ekf_batch_Pipeline_VITIS_LOOP_117_8 : P_188 | {1 }
	Port: ekf_batch_Pipeline_VITIS_LOOP_117_8 : P_189 | {1 }
	Port: ekf_batch_Pipeline_VITIS_LOOP_117_8 : P_190 | {1 }
	Port: ekf_batch_Pipeline_VITIS_LOOP_117_8 : P_191 | {1 }
	Port: ekf_batch_Pipeline_VITIS_LOOP_117_8 : P_192 | {1 }
	Port: ekf_batch_Pipeline_VITIS_LOOP_117_8 : P_193 | {1 }
	Port: ekf_batch_Pipeline_VITIS_LOOP_117_8 : P_194 | {1 }
	Port: ekf_batch_Pipeline_VITIS_LOOP_117_8 : P_195 | {1 }
	Port: ekf_batch_Pipeline_VITIS_LOOP_117_8 : P_196 | {1 }
	Port: ekf_batch_Pipeline_VITIS_LOOP_117_8 : P_197 | {1 }
	Port: ekf_batch_Pipeline_VITIS_LOOP_117_8 : P_198 | {1 }
	Port: ekf_batch_Pipeline_VITIS_LOOP_117_8 : P_199 | {1 }
	Port: ekf_batch_Pipeline_VITIS_LOOP_117_8 : P_200 | {1 }
	Port: ekf_batch_Pipeline_VITIS_LOOP_117_8 : P_201 | {1 }
	Port: ekf_batch_Pipeline_VITIS_LOOP_117_8 : P_202 | {1 }
	Port: ekf_batch_Pipeline_VITIS_LOOP_117_8 : P_203 | {1 }
	Port: ekf_batch_Pipeline_VITIS_LOOP_117_8 : P_204 | {1 }
	Port: ekf_batch_Pipeline_VITIS_LOOP_117_8 : P_205 | {1 }
	Port: ekf_batch_Pipeline_VITIS_LOOP_117_8 : P_206 | {1 }
	Port: ekf_batch_Pipeline_VITIS_LOOP_117_8 : P_207 | {1 }
	Port: ekf_batch_Pipeline_VITIS_LOOP_117_8 : P_208 | {1 }
	Port: ekf_batch_Pipeline_VITIS_LOOP_117_8 : P_209 | {1 }
	Port: ekf_batch_Pipeline_VITIS_LOOP_117_8 : P_210 | {1 }
	Port: ekf_batch_Pipeline_VITIS_LOOP_117_8 : P_211 | {1 }
	Port: ekf_batch_Pipeline_VITIS_LOOP_117_8 : P_212 | {1 }
	Port: ekf_batch_Pipeline_VITIS_LOOP_117_8 : P_213 | {1 }
	Port: ekf_batch_Pipeline_VITIS_LOOP_117_8 : P_214 | {1 }
	Port: ekf_batch_Pipeline_VITIS_LOOP_117_8 : P_215 | {1 }
	Port: ekf_batch_Pipeline_VITIS_LOOP_117_8 : P_216 | {1 }
	Port: ekf_batch_Pipeline_VITIS_LOOP_117_8 : mux_case_521593212_reload | {1 }
	Port: ekf_batch_Pipeline_VITIS_LOOP_117_8 : mux_case_521723249_reload | {1 }
	Port: ekf_batch_Pipeline_VITIS_LOOP_117_8 : mux_case_521853285_reload | {1 }
	Port: ekf_batch_Pipeline_VITIS_LOOP_117_8 : mux_case_521983321_reload | {1 }
	Port: ekf_batch_Pipeline_VITIS_LOOP_117_8 : mux_case_522113357_reload | {1 }
	Port: ekf_batch_Pipeline_VITIS_LOOP_117_8 : mux_case_522243393_reload | {1 }
	Port: ekf_batch_Pipeline_VITIS_LOOP_117_8 : K_5_reload | {1 }
	Port: ekf_batch_Pipeline_VITIS_LOOP_117_8 : mux_case_421573206_reload | {1 }
	Port: ekf_batch_Pipeline_VITIS_LOOP_117_8 : mux_case_421703243_reload | {1 }
	Port: ekf_batch_Pipeline_VITIS_LOOP_117_8 : mux_case_421833279_reload | {1 }
	Port: ekf_batch_Pipeline_VITIS_LOOP_117_8 : mux_case_421963315_reload | {1 }
	Port: ekf_batch_Pipeline_VITIS_LOOP_117_8 : mux_case_422093351_reload | {1 }
	Port: ekf_batch_Pipeline_VITIS_LOOP_117_8 : mux_case_422223387_reload | {1 }
	Port: ekf_batch_Pipeline_VITIS_LOOP_117_8 : K_4_reload | {1 }
	Port: ekf_batch_Pipeline_VITIS_LOOP_117_8 : mux_case_321553200_reload | {1 }
	Port: ekf_batch_Pipeline_VITIS_LOOP_117_8 : mux_case_321683237_reload | {1 }
	Port: ekf_batch_Pipeline_VITIS_LOOP_117_8 : mux_case_321813273_reload | {1 }
	Port: ekf_batch_Pipeline_VITIS_LOOP_117_8 : mux_case_321943309_reload | {1 }
	Port: ekf_batch_Pipeline_VITIS_LOOP_117_8 : mux_case_322073345_reload | {1 }
	Port: ekf_batch_Pipeline_VITIS_LOOP_117_8 : mux_case_322203381_reload | {1 }
	Port: ekf_batch_Pipeline_VITIS_LOOP_117_8 : K_3_reload | {1 }
	Port: ekf_batch_Pipeline_VITIS_LOOP_117_8 : mux_case_221533194_reload | {1 }
	Port: ekf_batch_Pipeline_VITIS_LOOP_117_8 : mux_case_221663231_reload | {1 }
	Port: ekf_batch_Pipeline_VITIS_LOOP_117_8 : mux_case_221793267_reload | {1 }
	Port: ekf_batch_Pipeline_VITIS_LOOP_117_8 : mux_case_221923303_reload | {1 }
	Port: ekf_batch_Pipeline_VITIS_LOOP_117_8 : mux_case_222053339_reload | {1 }
	Port: ekf_batch_Pipeline_VITIS_LOOP_117_8 : mux_case_222183375_reload | {1 }
	Port: ekf_batch_Pipeline_VITIS_LOOP_117_8 : K_2_reload | {1 }
	Port: ekf_batch_Pipeline_VITIS_LOOP_117_8 : mux_case_121513188_reload | {1 }
	Port: ekf_batch_Pipeline_VITIS_LOOP_117_8 : mux_case_121643225_reload | {1 }
	Port: ekf_batch_Pipeline_VITIS_LOOP_117_8 : mux_case_121773261_reload | {1 }
	Port: ekf_batch_Pipeline_VITIS_LOOP_117_8 : mux_case_121903297_reload | {1 }
	Port: ekf_batch_Pipeline_VITIS_LOOP_117_8 : mux_case_122033333_reload | {1 }
	Port: ekf_batch_Pipeline_VITIS_LOOP_117_8 : mux_case_122163369_reload | {1 }
	Port: ekf_batch_Pipeline_VITIS_LOOP_117_8 : K_1_reload | {1 }
	Port: ekf_batch_Pipeline_VITIS_LOOP_117_8 : K_reload | {1 }
	Port: ekf_batch_Pipeline_VITIS_LOOP_117_8 : s_2 | {1 }
	Port: ekf_batch_Pipeline_VITIS_LOOP_117_8 : mux_case_021493182_reload | {1 }
	Port: ekf_batch_Pipeline_VITIS_LOOP_117_8 : mux_case_021623219_reload | {1 }
	Port: ekf_batch_Pipeline_VITIS_LOOP_117_8 : mux_case_021753255_reload | {1 }
	Port: ekf_batch_Pipeline_VITIS_LOOP_117_8 : mux_case_021883291_reload | {1 }
	Port: ekf_batch_Pipeline_VITIS_LOOP_117_8 : mux_case_022013327_reload | {1 }
	Port: ekf_batch_Pipeline_VITIS_LOOP_117_8 : mux_case_022143363_reload | {1 }
  - Chain level:
	State 1
		store_ln0 : 1
		i_12 : 1
		icmp_ln117 : 2
		add_ln117 : 2
		br_ln117 : 3
		tmp_s : 2
		switch_ln118 : 2
		store_ln117 : 3
	State 2
	State 3
	State 4
	State 5
	State 6
	State 7
	State 8
		P_s : 1
		P_497_1 : 1
		P_497_2 : 1
		P_497_3 : 1
		P_497_4 : 1
		P_497_5 : 1
	State 9
	State 10
		write_ln0 : 1
		write_ln0 : 1
		write_ln0 : 1
		write_ln0 : 1
		write_ln0 : 1
		write_ln0 : 1
		write_ln0 : 1
		write_ln0 : 1
		write_ln0 : 1
		write_ln0 : 1
		write_ln0 : 1
		write_ln0 : 1
		write_ln0 : 1
		write_ln0 : 1
		write_ln0 : 1
		write_ln0 : 1
		write_ln0 : 1
		write_ln0 : 1
		write_ln0 : 1
		write_ln0 : 1
		write_ln0 : 1
		write_ln0 : 1
		write_ln0 : 1
		write_ln0 : 1
		write_ln0 : 1
		write_ln0 : 1
		write_ln0 : 1
		write_ln0 : 1
		write_ln0 : 1
		write_ln0 : 1
		write_ln0 : 1
		write_ln0 : 1
		write_ln0 : 1
		write_ln0 : 1
		write_ln0 : 1
		write_ln0 : 1
	State 11
		store_ln118 : 1
		store_ln118 : 1
		store_ln118 : 1
		store_ln118 : 1
		store_ln118 : 1
		store_ln118 : 1
		store_ln118 : 1
		store_ln118 : 1
		store_ln118 : 1
		store_ln118 : 1
		store_ln118 : 1
		store_ln118 : 1
		store_ln118 : 1
		store_ln118 : 1
		store_ln118 : 1
		store_ln118 : 1
		store_ln118 : 1
		store_ln118 : 1
		store_ln118 : 1
		store_ln118 : 1
		store_ln118 : 1
		store_ln118 : 1
		store_ln118 : 1
		store_ln118 : 1
		store_ln118 : 1
		store_ln118 : 1
		store_ln118 : 1
		store_ln118 : 1
		store_ln118 : 1
		store_ln118 : 1
		store_ln118 : 1
		store_ln118 : 1
		store_ln118 : 1
		store_ln118 : 1
		store_ln118 : 1
		store_ln118 : 1


============================================================
+ Verbose Summary: Datapath Resource usage 
============================================================

* Functional unit list:
|----------|--------------------------------------------|---------|---------|---------|
| Operation|               Functional Unit              |   DSP   |    FF   |   LUT   |
|----------|--------------------------------------------|---------|---------|---------|
|          |                 grp_fu_1140                |    2    |   227   |   214   |
|          |                 grp_fu_1144                |    2    |   227   |   214   |
|   fadd   |                 grp_fu_1148                |    2    |   227   |   214   |
|          |                 grp_fu_1152                |    2    |   227   |   214   |
|          |                 grp_fu_1156                |    2    |   227   |   214   |
|          |                 grp_fu_1160                |    2    |   227   |   214   |
|----------|--------------------------------------------|---------|---------|---------|
|          |                 grp_fu_1164                |    3    |   128   |   135   |
|          |                 grp_fu_1168                |    3    |   128   |   135   |
|          |                 grp_fu_1172                |    3    |   128   |   135   |
|   fmul   |                 grp_fu_1176                |    3    |   128   |   135   |
|          |                 grp_fu_1180                |    3    |   128   |   135   |
|          |                 grp_fu_1184                |    3    |   128   |   135   |
|          |                 grp_fu_1188                |    3    |   128   |   135   |
|----------|--------------------------------------------|---------|---------|---------|
|          |                tmp_s_fu_1392               |    0    |    0    |    31   |
|          |               tmp_58_fu_1415               |    0    |    0    |    31   |
|          |              tmp_108_1_fu_1427             |    0    |    0    |    31   |
|    mux   |              tmp_108_2_fu_1439             |    0    |    0    |    31   |
|          |              tmp_108_3_fu_1451             |    0    |    0    |    31   |
|          |              tmp_108_4_fu_1463             |    0    |    0    |    31   |
|          |              tmp_108_5_fu_1475             |    0    |    0    |    31   |
|----------|--------------------------------------------|---------|---------|---------|
|   icmp   |             icmp_ln117_fu_1380             |    0    |    0    |    10   |
|----------|--------------------------------------------|---------|---------|---------|
|    add   |              add_ln117_fu_1386             |    0    |    0    |    10   |
|----------|--------------------------------------------|---------|---------|---------|
|          | mux_case_022143363_reload_read_read_fu_414 |    0    |    0    |    0    |
|          | mux_case_022013327_reload_read_read_fu_420 |    0    |    0    |    0    |
|          | mux_case_021883291_reload_read_read_fu_426 |    0    |    0    |    0    |
|          | mux_case_021753255_reload_read_read_fu_432 |    0    |    0    |    0    |
|          | mux_case_021623219_reload_read_read_fu_438 |    0    |    0    |    0    |
|          | mux_case_021493182_reload_read_read_fu_444 |    0    |    0    |    0    |
|          |            s_2_read_read_fu_450            |    0    |    0    |    0    |
|          |          K_reload_read_read_fu_456         |    0    |    0    |    0    |
|          |         K_1_reload_read_read_fu_462        |    0    |    0    |    0    |
|          | mux_case_122163369_reload_read_read_fu_468 |    0    |    0    |    0    |
|          | mux_case_122033333_reload_read_read_fu_474 |    0    |    0    |    0    |
|          | mux_case_121903297_reload_read_read_fu_480 |    0    |    0    |    0    |
|          | mux_case_121773261_reload_read_read_fu_486 |    0    |    0    |    0    |
|          | mux_case_121643225_reload_read_read_fu_492 |    0    |    0    |    0    |
|          | mux_case_121513188_reload_read_read_fu_498 |    0    |    0    |    0    |
|          |         K_2_reload_read_read_fu_504        |    0    |    0    |    0    |
|          | mux_case_222183375_reload_read_read_fu_510 |    0    |    0    |    0    |
|          | mux_case_222053339_reload_read_read_fu_516 |    0    |    0    |    0    |
|          | mux_case_221923303_reload_read_read_fu_522 |    0    |    0    |    0    |
|          | mux_case_221793267_reload_read_read_fu_528 |    0    |    0    |    0    |
|          | mux_case_221663231_reload_read_read_fu_534 |    0    |    0    |    0    |
|          | mux_case_221533194_reload_read_read_fu_540 |    0    |    0    |    0    |
|          |         K_3_reload_read_read_fu_546        |    0    |    0    |    0    |
|          | mux_case_322203381_reload_read_read_fu_552 |    0    |    0    |    0    |
|          | mux_case_322073345_reload_read_read_fu_558 |    0    |    0    |    0    |
|          | mux_case_321943309_reload_read_read_fu_564 |    0    |    0    |    0    |
|          | mux_case_321813273_reload_read_read_fu_570 |    0    |    0    |    0    |
|          | mux_case_321683237_reload_read_read_fu_576 |    0    |    0    |    0    |
|          | mux_case_321553200_reload_read_read_fu_582 |    0    |    0    |    0    |
|          |         K_4_reload_read_read_fu_588        |    0    |    0    |    0    |
|          | mux_case_422223387_reload_read_read_fu_594 |    0    |    0    |    0    |
|          | mux_case_422093351_reload_read_read_fu_600 |    0    |    0    |    0    |
|          | mux_case_421963315_reload_read_read_fu_606 |    0    |    0    |    0    |
|          | mux_case_421833279_reload_read_read_fu_612 |    0    |    0    |    0    |
|          | mux_case_421703243_reload_read_read_fu_618 |    0    |    0    |    0    |
|          | mux_case_421573206_reload_read_read_fu_624 |    0    |    0    |    0    |
|          |         K_5_reload_read_read_fu_630        |    0    |    0    |    0    |
|          | mux_case_522243393_reload_read_read_fu_636 |    0    |    0    |    0    |
|          | mux_case_522113357_reload_read_read_fu_642 |    0    |    0    |    0    |
|   read   | mux_case_521983321_reload_read_read_fu_648 |    0    |    0    |    0    |
|          | mux_case_521853285_reload_read_read_fu_654 |    0    |    0    |    0    |
|          | mux_case_521723249_reload_read_read_fu_660 |    0    |    0    |    0    |
|          | mux_case_521593212_reload_read_read_fu_666 |    0    |    0    |    0    |
|          |           P_216_read_read_fu_672           |    0    |    0    |    0    |
|          |           P_215_read_read_fu_678           |    0    |    0    |    0    |
|          |           P_214_read_read_fu_684           |    0    |    0    |    0    |
|          |           P_213_read_read_fu_690           |    0    |    0    |    0    |
|          |           P_212_read_read_fu_696           |    0    |    0    |    0    |
|          |           P_211_read_read_fu_702           |    0    |    0    |    0    |
|          |           P_210_read_read_fu_708           |    0    |    0    |    0    |
|          |           P_209_read_read_fu_714           |    0    |    0    |    0    |
|          |           P_208_read_read_fu_720           |    0    |    0    |    0    |
|          |           P_207_read_read_fu_726           |    0    |    0    |    0    |
|          |           P_206_read_read_fu_732           |    0    |    0    |    0    |
|          |           P_205_read_read_fu_738           |    0    |    0    |    0    |
|          |           P_204_read_read_fu_744           |    0    |    0    |    0    |
|          |           P_203_read_read_fu_750           |    0    |    0    |    0    |
|          |           P_202_read_read_fu_756           |    0    |    0    |    0    |
|          |           P_201_read_read_fu_762           |    0    |    0    |    0    |
|          |           P_200_read_read_fu_768           |    0    |    0    |    0    |
|          |           P_199_read_read_fu_774           |    0    |    0    |    0    |
|          |           P_198_read_read_fu_780           |    0    |    0    |    0    |
|          |           P_197_read_read_fu_786           |    0    |    0    |    0    |
|          |           P_196_read_read_fu_792           |    0    |    0    |    0    |
|          |           P_195_read_read_fu_798           |    0    |    0    |    0    |
|          |           P_194_read_read_fu_804           |    0    |    0    |    0    |
|          |           P_193_read_read_fu_810           |    0    |    0    |    0    |
|          |           P_192_read_read_fu_816           |    0    |    0    |    0    |
|          |           P_191_read_read_fu_822           |    0    |    0    |    0    |
|          |           P_190_read_read_fu_828           |    0    |    0    |    0    |
|          |           P_189_read_read_fu_834           |    0    |    0    |    0    |
|          |           P_188_read_read_fu_840           |    0    |    0    |    0    |
|          |           P_187_read_read_fu_846           |    0    |    0    |    0    |
|          |           P_186_read_read_fu_852           |    0    |    0    |    0    |
|          |           P_185_read_read_fu_858           |    0    |    0    |    0    |
|          |           P_184_read_read_fu_864           |    0    |    0    |    0    |
|          |           P_183_read_read_fu_870           |    0    |    0    |    0    |
|          |           P_182_read_read_fu_876           |    0    |    0    |    0    |
|          |           P_181_read_read_fu_882           |    0    |    0    |    0    |
|----------|--------------------------------------------|---------|---------|---------|
|          |           write_ln0_write_fu_888           |    0    |    0    |    0    |
|          |           write_ln0_write_fu_895           |    0    |    0    |    0    |
|          |           write_ln0_write_fu_902           |    0    |    0    |    0    |
|          |           write_ln0_write_fu_909           |    0    |    0    |    0    |
|          |           write_ln0_write_fu_916           |    0    |    0    |    0    |
|          |           write_ln0_write_fu_923           |    0    |    0    |    0    |
|          |           write_ln0_write_fu_930           |    0    |    0    |    0    |
|          |           write_ln0_write_fu_937           |    0    |    0    |    0    |
|          |           write_ln0_write_fu_944           |    0    |    0    |    0    |
|          |           write_ln0_write_fu_951           |    0    |    0    |    0    |
|          |           write_ln0_write_fu_958           |    0    |    0    |    0    |
|          |           write_ln0_write_fu_965           |    0    |    0    |    0    |
|          |           write_ln0_write_fu_972           |    0    |    0    |    0    |
|          |           write_ln0_write_fu_979           |    0    |    0    |    0    |
|          |           write_ln0_write_fu_986           |    0    |    0    |    0    |
|          |           write_ln0_write_fu_993           |    0    |    0    |    0    |
|          |           write_ln0_write_fu_1000          |    0    |    0    |    0    |
|   write  |           write_ln0_write_fu_1007          |    0    |    0    |    0    |
|          |           write_ln0_write_fu_1014          |    0    |    0    |    0    |
|          |           write_ln0_write_fu_1021          |    0    |    0    |    0    |
|          |           write_ln0_write_fu_1028          |    0    |    0    |    0    |
|          |           write_ln0_write_fu_1035          |    0    |    0    |    0    |
|          |           write_ln0_write_fu_1042          |    0    |    0    |    0    |
|          |           write_ln0_write_fu_1049          |    0    |    0    |    0    |
|          |           write_ln0_write_fu_1056          |    0    |    0    |    0    |
|          |           write_ln0_write_fu_1063          |    0    |    0    |    0    |
|          |           write_ln0_write_fu_1070          |    0    |    0    |    0    |
|          |           write_ln0_write_fu_1077          |    0    |    0    |    0    |
|          |           write_ln0_write_fu_1084          |    0    |    0    |    0    |
|          |           write_ln0_write_fu_1091          |    0    |    0    |    0    |
|          |           write_ln0_write_fu_1098          |    0    |    0    |    0    |
|          |           write_ln0_write_fu_1105          |    0    |    0    |    0    |
|          |           write_ln0_write_fu_1112          |    0    |    0    |    0    |
|          |           write_ln0_write_fu_1119          |    0    |    0    |    0    |
|          |           write_ln0_write_fu_1126          |    0    |    0    |    0    |
|          |           write_ln0_write_fu_1133          |    0    |    0    |    0    |
|----------|--------------------------------------------|---------|---------|---------|
|   Total  |                                            |    33   |   2258  |   2466  |
|----------|--------------------------------------------|---------|---------|---------|

Memories:
N/A

* Register list:
+---------------------------------------+--------+
|                                       |   FF   |
+---------------------------------------+--------+
|        K_1_reload_read_reg_2110       |   32   |
|        K_2_reload_read_reg_2145       |   32   |
|        K_3_reload_read_reg_2180       |   32   |
|        K_4_reload_read_reg_2215       |   32   |
|        K_5_reload_read_reg_2250       |   32   |
|         K_reload_read_reg_2105        |   32   |
|             P_38_reg_1825             |   32   |
|             P_39_reg_1832             |   32   |
|             P_40_reg_1839             |   32   |
|             P_41_reg_1846             |   32   |
|             P_42_reg_1853             |   32   |
|             P_43_reg_1860             |   32   |
|             P_44_reg_1867             |   32   |
|             P_45_reg_1874             |   32   |
|             P_46_reg_1881             |   32   |
|             P_47_reg_1888             |   32   |
|             P_48_reg_1895             |   32   |
|             P_49_reg_1902             |   32   |
|             P_50_reg_1909             |   32   |
|             P_51_reg_1916             |   32   |
|             P_52_reg_1923             |   32   |
|             P_53_reg_1930             |   32   |
|             P_54_reg_1937             |   32   |
|             P_55_reg_1944             |   32   |
|             P_56_reg_1951             |   32   |
|             P_57_reg_1958             |   32   |
|             P_58_reg_1965             |   32   |
|             P_59_reg_1972             |   32   |
|             P_60_reg_1979             |   32   |
|             P_61_reg_1986             |   32   |
|             P_62_reg_1993             |   32   |
|             P_63_reg_2000             |   32   |
|             P_64_reg_2007             |   32   |
|             P_65_reg_2014             |   32   |
|             P_66_reg_2021             |   32   |
|             P_67_reg_2028             |   32   |
|             P_68_reg_2035             |   32   |
|             P_69_reg_2042             |   32   |
|             P_70_reg_2049             |   32   |
|             P_71_reg_2056             |   32   |
|             P_72_reg_2063             |   32   |
|               P_reg_1818              |   32   |
|             i_12_reg_2285             |    3   |
|               i_reg_1811              |    3   |
|          icmp_ln117_reg_2295          |    1   |
|           mul102_i_reg_2304           |   32   |
|          mul105_i_1_reg_2319          |   32   |
|          mul105_i_2_reg_2324          |   32   |
|          mul105_i_3_reg_2329          |   32   |
|          mul105_i_4_reg_2334          |   32   |
|          mul105_i_5_reg_2339          |   32   |
|           mul105_i_reg_2314           |   32   |
|mux_case_021493182_reload_read_reg_2095|   32   |
|mux_case_021623219_reload_read_reg_2090|   32   |
|mux_case_021753255_reload_read_reg_2085|   32   |
|mux_case_021883291_reload_read_reg_2080|   32   |
|mux_case_022013327_reload_read_reg_2075|   32   |
|mux_case_022143363_reload_read_reg_2070|   32   |
|mux_case_121513188_reload_read_reg_2140|   32   |
|mux_case_121643225_reload_read_reg_2135|   32   |
|mux_case_121773261_reload_read_reg_2130|   32   |
|mux_case_121903297_reload_read_reg_2125|   32   |
|mux_case_122033333_reload_read_reg_2120|   32   |
|mux_case_122163369_reload_read_reg_2115|   32   |
|mux_case_221533194_reload_read_reg_2175|   32   |
|mux_case_221663231_reload_read_reg_2170|   32   |
|mux_case_221793267_reload_read_reg_2165|   32   |
|mux_case_221923303_reload_read_reg_2160|   32   |
|mux_case_222053339_reload_read_reg_2155|   32   |
|mux_case_222183375_reload_read_reg_2150|   32   |
|mux_case_321553200_reload_read_reg_2210|   32   |
|mux_case_321683237_reload_read_reg_2205|   32   |
|mux_case_321813273_reload_read_reg_2200|   32   |
|mux_case_321943309_reload_read_reg_2195|   32   |
|mux_case_322073345_reload_read_reg_2190|   32   |
|mux_case_322203381_reload_read_reg_2185|   32   |
|mux_case_421573206_reload_read_reg_2245|   32   |
|mux_case_421703243_reload_read_reg_2240|   32   |
|mux_case_421833279_reload_read_reg_2235|   32   |
|mux_case_421963315_reload_read_reg_2230|   32   |
|mux_case_422093351_reload_read_reg_2225|   32   |
|mux_case_422223387_reload_read_reg_2220|   32   |
|mux_case_521593212_reload_read_reg_2280|   32   |
|mux_case_521723249_reload_read_reg_2275|   32   |
|mux_case_521853285_reload_read_reg_2270|   32   |
|mux_case_521983321_reload_read_reg_2265|   32   |
|mux_case_522113357_reload_read_reg_2260|   32   |
|mux_case_522243393_reload_read_reg_2255|   32   |
|           s_2_read_reg_2100           |   32   |
|           tmp_108_1_reg_2349          |   32   |
|           tmp_108_2_reg_2354          |   32   |
|           tmp_108_3_reg_2359          |   32   |
|           tmp_108_4_reg_2364          |   32   |
|           tmp_108_5_reg_2369          |   32   |
|            tmp_58_reg_2344            |   32   |
|             tmp_s_reg_2299            |   32   |
+---------------------------------------+--------+
|                 Total                 |  2983  |
+---------------------------------------+--------+

* Multiplexer (MUX) list: 
|-------------|------|------|------|--------||---------||---------|
|     Comp    |  Pin | Size |  BW  | S x BW ||  Delay  ||   LUT   |
|-------------|------|------|------|--------||---------||---------|
| grp_fu_1140 |  p0  |   2  |  32  |   64   ||    9    |
| grp_fu_1144 |  p0  |   2  |  32  |   64   ||    9    |
| grp_fu_1148 |  p0  |   2  |  32  |   64   ||    9    |
| grp_fu_1152 |  p0  |   2  |  32  |   64   ||    9    |
| grp_fu_1156 |  p0  |   2  |  32  |   64   ||    9    |
| grp_fu_1160 |  p0  |   2  |  32  |   64   ||    9    |
|-------------|------|------|------|--------||---------||---------|
|    Total    |      |      |      |   384  ||  2.562  ||    54   |
|-------------|------|------|------|--------||---------||---------|



* Summary:
+-----------+--------+--------+--------+--------+
|           |   DSP  |  Delay |   FF   |   LUT  |
+-----------+--------+--------+--------+--------+
|  Function |   33   |    -   |  2258  |  2466  |
|   Memory  |    -   |    -   |    -   |    -   |
|Multiplexer|    -   |    2   |    -   |   54   |
|  Register |    -   |    -   |  2983  |    -   |
+-----------+--------+--------+--------+--------+
|   Total   |   33   |    2   |  5241  |  2520  |
+-----------+--------+--------+--------+--------+
