

================================================================
== Vitis HLS Report for 'ekf_batch_Pipeline_VITIS_LOOP_17_1_VITIS_LOOP_18_22'
================================================================
* Date:           Thu Sep  3 12:11:26 2026

* Version:        2023.1 (Build 3854077 on May  4 2023)
* Project:        EKF
* Solution:       solution1 (Vivado IP Flow Target)
* Product family: zynquplus
* Target device:  xczu9eg-ffvb1156-2-e


================================================================
== Performance Estimates
================================================================
+ Timing: 
    * Summary: 
    +--------+----------+----------+------------+
    |  Clock |  Target  | Estimated| Uncertainty|
    +--------+----------+----------+------------+
    |ap_clk  |  10.00 ns|  7.016 ns|     2.70 ns|
    +--------+----------+----------+------------+

+ Latency: 
    * Summary: 
    +---------+---------+----------+----------+-----+-----+---------+
    |  Latency (cycles) |  Latency (absolute) |  Interval | Pipeline|
    |   min   |   max   |    min   |    max   | min | max |   Type  |
    +---------+---------+----------+----------+-----+-----+---------+
    |       64|       64|  0.640 us|  0.640 us|   64|   64|       no|
    +---------+---------+----------+----------+-----+-----+---------+

    + Detail: 
        * Instance: 
        N/A

        * Loop: 
        +-----------------------------------+---------+---------+----------+-----------+-----------+------+----------+
        |                                   |  Latency (cycles) | Iteration|  Initiation Interval  | Trip |          |
        |             Loop Name             |   min   |   max   |  Latency |  achieved |   target  | Count| Pipelined|
        +-----------------------------------+---------+---------+----------+-----------+-----------+------+----------+
        |- VITIS_LOOP_17_1_VITIS_LOOP_18_2  |       62|       62|        28|          1|          1|    36|       yes|
        +-----------------------------------+---------+---------+----------+-----------+-----------+------+----------+

============================================================
+ Verbose Summary: Synthesis Manager
============================================================
InlineROM: 1
ExposeGlobal: 0
============================================================
+ Verbose Summary: CDFG Model
============================================================
IsTopModel: 0
ResetActiveHigh: 1
IsCombinational: 0
IsDatapathOnly: 0
HasWiredReturn: 1
HasMFsm: 2
HasVarLatency: 1
IsPipeline: 0
IsRtlPipelined: 0
IsInstanceOverlapped: 0
IsDontTouch: 0
HasImplIP: 0
IsGatedGlobalClock: 0

+ Individual pipeline summary: 
  * Pipeline-0: initiation interval (II) = 1, depth = 28


============================================================
+ Verbose Summary: Schedule
============================================================
* Number of FSM states : 28
* Pipeline : 1
  Pipeline-0 : II = 1, D = 28, States = { 1 2 3 4 5 6 7 8 9 10 11 12 13 14 15 16 17 18 19 20 21 22 23 24 25 26 27 28 }
* Dataflow Pipeline: 0

* FSM state transitions: 
1 --> 2 
2 --> 3 
3 --> 4 
4 --> 5 
5 --> 6 
6 --> 7 
7 --> 8 
8 --> 9 
9 --> 10 
10 --> 11 
11 --> 12 
12 --> 13 
13 --> 14 
14 --> 15 
15 --> 16 
16 --> 17 
17 --> 18 
18 --> 19 
19 --> 20 
20 --> 21 
21 --> 22 
22 --> 23 
23 --> 24 
24 --> 25 
25 --> 26 
26 --> 27 
27 --> 28 
28 --> 

* FSM state operations: 

State 1 <SV = 0> <Delay = 1.98>
ST_1 : Operation 31 [1/1] (0.00ns)   --->   "%j = alloca i32 1"   --->   Operation 31 'alloca' 'j' <Predicate = true> <Delay = 0.00>
ST_1 : Operation 32 [1/1] (0.00ns)   --->   "%i = alloca i32 1"   --->   Operation 32 'alloca' 'i' <Predicate = true> <Delay = 0.00>
ST_1 : Operation 33 [1/1] (0.00ns)   --->   "%indvar_flatten34 = alloca i32 1"   --->   Operation 33 'alloca' 'indvar_flatten34' <Predicate = true> <Delay = 0.00>
ST_1 : Operation 34 [1/1] (0.00ns)   --->   "%acc = alloca i32 1"   --->   Operation 34 'alloca' 'acc' <Predicate = true> <Delay = 0.00>
ST_1 : Operation 35 [1/1] (0.00ns)   --->   "%acc_54 = alloca i32 1"   --->   Operation 35 'alloca' 'acc_54' <Predicate = true> <Delay = 0.00>
ST_1 : Operation 36 [1/1] (0.00ns)   --->   "%acc_55 = alloca i32 1"   --->   Operation 36 'alloca' 'acc_55' <Predicate = true> <Delay = 0.00>
ST_1 : Operation 37 [1/1] (0.00ns)   --->   "%acc_56 = alloca i32 1"   --->   Operation 37 'alloca' 'acc_56' <Predicate = true> <Delay = 0.00>
ST_1 : Operation 38 [1/1] (0.00ns)   --->   "%acc_57 = alloca i32 1"   --->   Operation 38 'alloca' 'acc_57' <Predicate = true> <Delay = 0.00>
ST_1 : Operation 39 [1/1] (0.00ns)   --->   "%acc_58 = alloca i32 1"   --->   Operation 39 'alloca' 'acc_58' <Predicate = true> <Delay = 0.00>
ST_1 : Operation 40 [1/1] (0.00ns)   --->   "%acc_59 = alloca i32 1"   --->   Operation 40 'alloca' 'acc_59' <Predicate = true> <Delay = 0.00>
ST_1 : Operation 41 [1/1] (0.00ns)   --->   "%acc_60 = alloca i32 1"   --->   Operation 41 'alloca' 'acc_60' <Predicate = true> <Delay = 0.00>
ST_1 : Operation 42 [1/1] (0.00ns)   --->   "%acc_61 = alloca i32 1"   --->   Operation 42 'alloca' 'acc_61' <Predicate = true> <Delay = 0.00>
ST_1 : Operation 43 [1/1] (0.00ns)   --->   "%acc_62 = alloca i32 1"   --->   Operation 43 'alloca' 'acc_62' <Predicate = true> <Delay = 0.00>
ST_1 : Operation 44 [1/1] (0.00ns)   --->   "%acc_63 = alloca i32 1"   --->   Operation 44 'alloca' 'acc_63' <Predicate = true> <Delay = 0.00>
ST_1 : Operation 45 [1/1] (0.00ns)   --->   "%acc_64 = alloca i32 1"   --->   Operation 45 'alloca' 'acc_64' <Predicate = true> <Delay = 0.00>
ST_1 : Operation 46 [1/1] (0.00ns)   --->   "%acc_65 = alloca i32 1"   --->   Operation 46 'alloca' 'acc_65' <Predicate = true> <Delay = 0.00>
ST_1 : Operation 47 [1/1] (0.00ns)   --->   "%acc_66 = alloca i32 1"   --->   Operation 47 'alloca' 'acc_66' <Predicate = true> <Delay = 0.00>
ST_1 : Operation 48 [1/1] (0.00ns)   --->   "%acc_67 = alloca i32 1"   --->   Operation 48 'alloca' 'acc_67' <Predicate = true> <Delay = 0.00>
ST_1 : Operation 49 [1/1] (0.00ns)   --->   "%acc_68 = alloca i32 1"   --->   Operation 49 'alloca' 'acc_68' <Predicate = true> <Delay = 0.00>
ST_1 : Operation 50 [1/1] (0.00ns)   --->   "%acc_69 = alloca i32 1"   --->   Operation 50 'alloca' 'acc_69' <Predicate = true> <Delay = 0.00>
ST_1 : Operation 51 [1/1] (0.00ns)   --->   "%acc_70 = alloca i32 1"   --->   Operation 51 'alloca' 'acc_70' <Predicate = true> <Delay = 0.00>
ST_1 : Operation 52 [1/1] (0.00ns)   --->   "%acc_71 = alloca i32 1"   --->   Operation 52 'alloca' 'acc_71' <Predicate = true> <Delay = 0.00>
ST_1 : Operation 53 [1/1] (0.00ns)   --->   "%acc_72 = alloca i32 1"   --->   Operation 53 'alloca' 'acc_72' <Predicate = true> <Delay = 0.00>
ST_1 : Operation 54 [1/1] (0.00ns)   --->   "%acc_73 = alloca i32 1"   --->   Operation 54 'alloca' 'acc_73' <Predicate = true> <Delay = 0.00>
ST_1 : Operation 55 [1/1] (0.00ns)   --->   "%acc_74 = alloca i32 1"   --->   Operation 55 'alloca' 'acc_74' <Predicate = true> <Delay = 0.00>
ST_1 : Operation 56 [1/1] (0.00ns)   --->   "%acc_75 = alloca i32 1"   --->   Operation 56 'alloca' 'acc_75' <Predicate = true> <Delay = 0.00>
ST_1 : Operation 57 [1/1] (0.00ns)   --->   "%acc_76 = alloca i32 1"   --->   Operation 57 'alloca' 'acc_76' <Predicate = true> <Delay = 0.00>
ST_1 : Operation 58 [1/1] (0.00ns)   --->   "%acc_77 = alloca i32 1"   --->   Operation 58 'alloca' 'acc_77' <Predicate = true> <Delay = 0.00>
ST_1 : Operation 59 [1/1] (0.00ns)   --->   "%acc_78 = alloca i32 1"   --->   Operation 59 'alloca' 'acc_78' <Predicate = true> <Delay = 0.00>
ST_1 : Operation 60 [1/1] (0.00ns)   --->   "%acc_79 = alloca i32 1"   --->   Operation 60 'alloca' 'acc_79' <Predicate = true> <Delay = 0.00>
ST_1 : Operation 61 [1/1] (0.00ns)   --->   "%acc_80 = alloca i32 1"   --->   Operation 61 'alloca' 'acc_80' <Predicate = true> <Delay = 0.00>
ST_1 : Operation 62 [1/1] (0.00ns)   --->   "%acc_81 = alloca i32 1"   --->   Operation 62 'alloca' 'acc_81' <Predicate = true> <Delay = 0.00>
ST_1 : Operation 63 [1/1] (0.00ns)   --->   "%acc_82 = alloca i32 1"   --->   Operation 63 'alloca' 'acc_82' <Predicate = true> <Delay = 0.00>
ST_1 : Operation 64 [1/1] (0.00ns)   --->   "%acc_83 = alloca i32 1"   --->   Operation 64 'alloca' 'acc_83' <Predicate = true> <Delay = 0.00>
ST_1 : Operation 65 [1/1] (0.00ns)   --->   "%acc_84 = alloca i32 1"   --->   Operation 65 'alloca' 'acc_84' <Predicate = true> <Delay = 0.00>
ST_1 : Operation 66 [1/1] (0.00ns)   --->   "%acc_85 = alloca i32 1"   --->   Operation 66 'alloca' 'acc_85' <Predicate = true> <Delay = 0.00>
ST_1 : Operation 67 [1/1] (0.00ns)   --->   "%acc_86 = alloca i32 1"   --->   Operation 67 'alloca' 'acc_86' <Predicate = true> <Delay = 0.00>
ST_1 : Operation 68 [1/1] (0.00ns)   --->   "%acc_87 = alloca i32 1"   --->   Operation 68 'alloca' 'acc_87' <Predicate = true> <Delay = 0.00>
ST_1 : Operation 69 [1/1] (0.00ns)   --->   "%acc_88 = alloca i32 1"   --->   Operation 69 'alloca' 'acc_88' <Predicate = true> <Delay = 0.00>
ST_1 : Operation 70 [1/1] (0.00ns)   --->   "%P_216_read = read i32 @_ssdm_op_Read.ap_auto.float, i32 %P_216"   --->   Operation 70 'read' 'P_216_read' <Predicate = true> <Delay = 0.00>
ST_1 : Operation 71 [1/1] (0.00ns)   --->   "%P_215_read = read i32 @_ssdm_op_Read.ap_auto.float, i32 %P_215"   --->   Operation 71 'read' 'P_215_read' <Predicate = true> <Delay = 0.00>
ST_1 : Operation 72 [1/1] (0.00ns)   --->   "%P_214_read = read i32 @_ssdm_op_Read.ap_auto.float, i32 %P_214"   --->   Operation 72 'read' 'P_214_read' <Predicate = true> <Delay = 0.00>
ST_1 : Operation 73 [1/1] (0.00ns)   --->   "%P_213_read = read i32 @_ssdm_op_Read.ap_auto.float, i32 %P_213"   --->   Operation 73 'read' 'P_213_read' <Predicate = true> <Delay = 0.00>
ST_1 : Operation 74 [1/1] (0.00ns)   --->   "%P_212_read = read i32 @_ssdm_op_Read.ap_auto.float, i32 %P_212"   --->   Operation 74 'read' 'P_212_read' <Predicate = true> <Delay = 0.00>
ST_1 : Operation 75 [1/1] (0.00ns)   --->   "%P_211_read = read i32 @_ssdm_op_Read.ap_auto.float, i32 %P_211"   --->   Operation 75 'read' 'P_211_read' <Predicate = true> <Delay = 0.00>
ST_1 : Operation 76 [1/1] (0.00ns)   --->   "%P_210_read = read i32 @_ssdm_op_Read.ap_auto.float, i32 %P_210"   --->   Operation 76 'read' 'P_210_read' <Predicate = true> <Delay = 0.00>
ST_1 : Operation 77 [1/1] (0.00ns)   --->   "%P_209_read = read i32 @_ssdm_op_Read.ap_auto.float, i32 %P_209"   --->   Operation 77 'read' 'P_209_read' <Predicate = true> <Delay = 0.00>
ST_1 : Operation 78 [1/1] (0.00ns)   --->   "%P_208_read = read i32 @_ssdm_op_Read.ap_auto.float, i32 %P_208"   --->   Operation 78 'read' 'P_208_read' <Predicate = true> <Delay = 0.00>
ST_1 : Operation 79 [1/1] (0.00ns)   --->   "%P_207_read = read i32 @_ssdm_op_Read.ap_auto.float, i32 %P_207"   --->   Operation 79 'read' 'P_207_read' <Predicate = true> <Delay = 0.00>
ST_1 : Operation 80 [1/1] (0.00ns)   --->   "%P_206_read = read i32 @_ssdm_op_Read.ap_auto.float, i32 %P_206"   --->   Operation 80 'read' 'P_206_read' <Predicate = true> <Delay = 0.00>
ST_1 : Operation 81 [1/1] (0.00ns)   --->   "%P_205_read = read i32 @_ssdm_op_Read.ap_auto.float, i32 %P_205"   --->   Operation 81 'read' 'P_205_read' <Predicate = true> <Delay = 0.00>
ST_1 : Operation 82 [1/1] (0.00ns)   --->   "%P_204_read = read i32 @_ssdm_op_Read.ap_auto.float, i32 %P_204"   --->   Operation 82 'read' 'P_204_read' <Predicate = true> <Delay = 0.00>
ST_1 : Operation 83 [1/1] (0.00ns)   --->   "%P_203_read = read i32 @_ssdm_op_Read.ap_auto.float, i32 %P_203"   --->   Operation 83 'read' 'P_203_read' <Predicate = true> <Delay = 0.00>
ST_1 : Operation 84 [1/1] (0.00ns)   --->   "%P_202_read = read i32 @_ssdm_op_Read.ap_auto.float, i32 %P_202"   --->   Operation 84 'read' 'P_202_read' <Predicate = true> <Delay = 0.00>
ST_1 : Operation 85 [1/1] (0.00ns)   --->   "%P_201_read = read i32 @_ssdm_op_Read.ap_auto.float, i32 %P_201"   --->   Operation 85 'read' 'P_201_read' <Predicate = true> <Delay = 0.00>
ST_1 : Operation 86 [1/1] (0.00ns)   --->   "%P_200_read = read i32 @_ssdm_op_Read.ap_auto.float, i32 %P_200"   --->   Operation 86 'read' 'P_200_read' <Predicate = true> <Delay = 0.00>
ST_1 : Operation 87 [1/1] (0.00ns)   --->   "%P_199_read = read i32 @_ssdm_op_Read.ap_auto.float, i32 %P_199"   --->   Operation 87 'read' 'P_199_read' <Predicate = true> <Delay = 0.00>
ST_1 : Operation 88 [1/1] (0.00ns)   --->   "%P_181_read = read i32 @_ssdm_op_Read.ap_auto.float, i32 %P_181"   --->   Operation 88 'read' 'P_181_read' <Predicate = true> <Delay = 0.00>
ST_1 : Operation 89 [1/1] (0.00ns)   --->   "%P_182_read = read i32 @_ssdm_op_Read.ap_auto.float, i32 %P_182"   --->   Operation 89 'read' 'P_182_read' <Predicate = true> <Delay = 0.00>
ST_1 : Operation 90 [1/1] (0.00ns)   --->   "%P_183_read = read i32 @_ssdm_op_Read.ap_auto.float, i32 %P_183"   --->   Operation 90 'read' 'P_183_read' <Predicate = true> <Delay = 0.00>
ST_1 : Operation 91 [1/1] (0.00ns)   --->   "%P_184_read = read i32 @_ssdm_op_Read.ap_auto.float, i32 %P_184"   --->   Operation 91 'read' 'P_184_read' <Predicate = true> <Delay = 0.00>
ST_1 : Operation 92 [1/1] (0.00ns)   --->   "%P_185_read = read i32 @_ssdm_op_Read.ap_auto.float, i32 %P_185"   --->   Operation 92 'read' 'P_185_read' <Predicate = true> <Delay = 0.00>
ST_1 : Operation 93 [1/1] (0.00ns)   --->   "%P_186_read = read i32 @_ssdm_op_Read.ap_auto.float, i32 %P_186"   --->   Operation 93 'read' 'P_186_read' <Predicate = true> <Delay = 0.00>
ST_1 : Operation 94 [1/1] (0.00ns)   --->   "%P_187_read = read i32 @_ssdm_op_Read.ap_auto.float, i32 %P_187"   --->   Operation 94 'read' 'P_187_read' <Predicate = true> <Delay = 0.00>
ST_1 : Operation 95 [1/1] (0.00ns)   --->   "%P_188_read = read i32 @_ssdm_op_Read.ap_auto.float, i32 %P_188"   --->   Operation 95 'read' 'P_188_read' <Predicate = true> <Delay = 0.00>
ST_1 : Operation 96 [1/1] (0.00ns)   --->   "%P_189_read = read i32 @_ssdm_op_Read.ap_auto.float, i32 %P_189"   --->   Operation 96 'read' 'P_189_read' <Predicate = true> <Delay = 0.00>
ST_1 : Operation 97 [1/1] (0.00ns)   --->   "%P_190_read = read i32 @_ssdm_op_Read.ap_auto.float, i32 %P_190"   --->   Operation 97 'read' 'P_190_read' <Predicate = true> <Delay = 0.00>
ST_1 : Operation 98 [1/1] (0.00ns)   --->   "%P_191_read = read i32 @_ssdm_op_Read.ap_auto.float, i32 %P_191"   --->   Operation 98 'read' 'P_191_read' <Predicate = true> <Delay = 0.00>
ST_1 : Operation 99 [1/1] (0.00ns)   --->   "%P_192_read = read i32 @_ssdm_op_Read.ap_auto.float, i32 %P_192"   --->   Operation 99 'read' 'P_192_read' <Predicate = true> <Delay = 0.00>
ST_1 : Operation 100 [1/1] (0.00ns)   --->   "%P_193_read = read i32 @_ssdm_op_Read.ap_auto.float, i32 %P_193"   --->   Operation 100 'read' 'P_193_read' <Predicate = true> <Delay = 0.00>
ST_1 : Operation 101 [1/1] (0.00ns)   --->   "%P_194_read = read i32 @_ssdm_op_Read.ap_auto.float, i32 %P_194"   --->   Operation 101 'read' 'P_194_read' <Predicate = true> <Delay = 0.00>
ST_1 : Operation 102 [1/1] (0.00ns)   --->   "%P_195_read = read i32 @_ssdm_op_Read.ap_auto.float, i32 %P_195"   --->   Operation 102 'read' 'P_195_read' <Predicate = true> <Delay = 0.00>
ST_1 : Operation 103 [1/1] (0.00ns)   --->   "%P_196_read = read i32 @_ssdm_op_Read.ap_auto.float, i32 %P_196"   --->   Operation 103 'read' 'P_196_read' <Predicate = true> <Delay = 0.00>
ST_1 : Operation 104 [1/1] (0.00ns)   --->   "%P_197_read = read i32 @_ssdm_op_Read.ap_auto.float, i32 %P_197"   --->   Operation 104 'read' 'P_197_read' <Predicate = true> <Delay = 0.00>
ST_1 : Operation 105 [1/1] (0.00ns)   --->   "%P_198_read = read i32 @_ssdm_op_Read.ap_auto.float, i32 %P_198"   --->   Operation 105 'read' 'P_198_read' <Predicate = true> <Delay = 0.00>
ST_1 : Operation 106 [1/1] (0.00ns)   --->   "%A_35_reload_read = read i32 @_ssdm_op_Read.ap_auto.float, i32 %A_35_reload"   --->   Operation 106 'read' 'A_35_reload_read' <Predicate = true> <Delay = 0.00>
ST_1 : Operation 107 [1/1] (0.00ns)   --->   "%A_29_reload_read = read i32 @_ssdm_op_Read.ap_auto.float, i32 %A_29_reload"   --->   Operation 107 'read' 'A_29_reload_read' <Predicate = true> <Delay = 0.00>
ST_1 : Operation 108 [1/1] (0.00ns)   --->   "%A_23_reload_read = read i32 @_ssdm_op_Read.ap_auto.float, i32 %A_23_reload"   --->   Operation 108 'read' 'A_23_reload_read' <Predicate = true> <Delay = 0.00>
ST_1 : Operation 109 [1/1] (0.00ns)   --->   "%A_17_reload_read = read i32 @_ssdm_op_Read.ap_auto.float, i32 %A_17_reload"   --->   Operation 109 'read' 'A_17_reload_read' <Predicate = true> <Delay = 0.00>
ST_1 : Operation 110 [1/1] (0.00ns)   --->   "%A_11_reload_read = read i32 @_ssdm_op_Read.ap_auto.float, i32 %A_11_reload"   --->   Operation 110 'read' 'A_11_reload_read' <Predicate = true> <Delay = 0.00>
ST_1 : Operation 111 [1/1] (0.00ns)   --->   "%A_5_reload_read = read i32 @_ssdm_op_Read.ap_auto.float, i32 %A_5_reload"   --->   Operation 111 'read' 'A_5_reload_read' <Predicate = true> <Delay = 0.00>
ST_1 : Operation 112 [1/1] (0.00ns)   --->   "%A_34_reload_read = read i32 @_ssdm_op_Read.ap_auto.float, i32 %A_34_reload"   --->   Operation 112 'read' 'A_34_reload_read' <Predicate = true> <Delay = 0.00>
ST_1 : Operation 113 [1/1] (0.00ns)   --->   "%A_28_reload_read = read i32 @_ssdm_op_Read.ap_auto.float, i32 %A_28_reload"   --->   Operation 113 'read' 'A_28_reload_read' <Predicate = true> <Delay = 0.00>
ST_1 : Operation 114 [1/1] (0.00ns)   --->   "%A_22_reload_read = read i32 @_ssdm_op_Read.ap_auto.float, i32 %A_22_reload"   --->   Operation 114 'read' 'A_22_reload_read' <Predicate = true> <Delay = 0.00>
ST_1 : Operation 115 [1/1] (0.00ns)   --->   "%A_16_reload_read = read i32 @_ssdm_op_Read.ap_auto.float, i32 %A_16_reload"   --->   Operation 115 'read' 'A_16_reload_read' <Predicate = true> <Delay = 0.00>
ST_1 : Operation 116 [1/1] (0.00ns)   --->   "%A_10_reload_read = read i32 @_ssdm_op_Read.ap_auto.float, i32 %A_10_reload"   --->   Operation 116 'read' 'A_10_reload_read' <Predicate = true> <Delay = 0.00>
ST_1 : Operation 117 [1/1] (0.00ns)   --->   "%A_4_reload_read = read i32 @_ssdm_op_Read.ap_auto.float, i32 %A_4_reload"   --->   Operation 117 'read' 'A_4_reload_read' <Predicate = true> <Delay = 0.00>
ST_1 : Operation 118 [1/1] (0.00ns)   --->   "%A_33_reload_read = read i32 @_ssdm_op_Read.ap_auto.float, i32 %A_33_reload"   --->   Operation 118 'read' 'A_33_reload_read' <Predicate = true> <Delay = 0.00>
ST_1 : Operation 119 [1/1] (0.00ns)   --->   "%A_27_reload_read = read i32 @_ssdm_op_Read.ap_auto.float, i32 %A_27_reload"   --->   Operation 119 'read' 'A_27_reload_read' <Predicate = true> <Delay = 0.00>
ST_1 : Operation 120 [1/1] (0.00ns)   --->   "%A_21_reload_read = read i32 @_ssdm_op_Read.ap_auto.float, i32 %A_21_reload"   --->   Operation 120 'read' 'A_21_reload_read' <Predicate = true> <Delay = 0.00>
ST_1 : Operation 121 [1/1] (0.00ns)   --->   "%A_15_reload_read = read i32 @_ssdm_op_Read.ap_auto.float, i32 %A_15_reload"   --->   Operation 121 'read' 'A_15_reload_read' <Predicate = true> <Delay = 0.00>
ST_1 : Operation 122 [1/1] (0.00ns)   --->   "%A_9_reload_read = read i32 @_ssdm_op_Read.ap_auto.float, i32 %A_9_reload"   --->   Operation 122 'read' 'A_9_reload_read' <Predicate = true> <Delay = 0.00>
ST_1 : Operation 123 [1/1] (0.00ns)   --->   "%A_3_reload_read = read i32 @_ssdm_op_Read.ap_auto.float, i32 %A_3_reload"   --->   Operation 123 'read' 'A_3_reload_read' <Predicate = true> <Delay = 0.00>
ST_1 : Operation 124 [1/1] (0.00ns)   --->   "%A_32_reload_read = read i32 @_ssdm_op_Read.ap_auto.float, i32 %A_32_reload"   --->   Operation 124 'read' 'A_32_reload_read' <Predicate = true> <Delay = 0.00>
ST_1 : Operation 125 [1/1] (0.00ns)   --->   "%A_26_reload_read = read i32 @_ssdm_op_Read.ap_auto.float, i32 %A_26_reload"   --->   Operation 125 'read' 'A_26_reload_read' <Predicate = true> <Delay = 0.00>
ST_1 : Operation 126 [1/1] (0.00ns)   --->   "%A_20_reload_read = read i32 @_ssdm_op_Read.ap_auto.float, i32 %A_20_reload"   --->   Operation 126 'read' 'A_20_reload_read' <Predicate = true> <Delay = 0.00>
ST_1 : Operation 127 [1/1] (0.00ns)   --->   "%A_14_reload_read = read i32 @_ssdm_op_Read.ap_auto.float, i32 %A_14_reload"   --->   Operation 127 'read' 'A_14_reload_read' <Predicate = true> <Delay = 0.00>
ST_1 : Operation 128 [1/1] (0.00ns)   --->   "%A_8_reload_read = read i32 @_ssdm_op_Read.ap_auto.float, i32 %A_8_reload"   --->   Operation 128 'read' 'A_8_reload_read' <Predicate = true> <Delay = 0.00>
ST_1 : Operation 129 [1/1] (0.00ns)   --->   "%A_2_reload_read = read i32 @_ssdm_op_Read.ap_auto.float, i32 %A_2_reload"   --->   Operation 129 'read' 'A_2_reload_read' <Predicate = true> <Delay = 0.00>
ST_1 : Operation 130 [1/1] (0.00ns)   --->   "%A_31_reload_read = read i32 @_ssdm_op_Read.ap_auto.float, i32 %A_31_reload"   --->   Operation 130 'read' 'A_31_reload_read' <Predicate = true> <Delay = 0.00>
ST_1 : Operation 131 [1/1] (0.00ns)   --->   "%A_25_reload_read = read i32 @_ssdm_op_Read.ap_auto.float, i32 %A_25_reload"   --->   Operation 131 'read' 'A_25_reload_read' <Predicate = true> <Delay = 0.00>
ST_1 : Operation 132 [1/1] (0.00ns)   --->   "%A_19_reload_read = read i32 @_ssdm_op_Read.ap_auto.float, i32 %A_19_reload"   --->   Operation 132 'read' 'A_19_reload_read' <Predicate = true> <Delay = 0.00>
ST_1 : Operation 133 [1/1] (0.00ns)   --->   "%A_13_reload_read = read i32 @_ssdm_op_Read.ap_auto.float, i32 %A_13_reload"   --->   Operation 133 'read' 'A_13_reload_read' <Predicate = true> <Delay = 0.00>
ST_1 : Operation 134 [1/1] (0.00ns)   --->   "%A_7_reload_read = read i32 @_ssdm_op_Read.ap_auto.float, i32 %A_7_reload"   --->   Operation 134 'read' 'A_7_reload_read' <Predicate = true> <Delay = 0.00>
ST_1 : Operation 135 [1/1] (0.00ns)   --->   "%A_1_reload_read = read i32 @_ssdm_op_Read.ap_auto.float, i32 %A_1_reload"   --->   Operation 135 'read' 'A_1_reload_read' <Predicate = true> <Delay = 0.00>
ST_1 : Operation 136 [1/1] (0.00ns)   --->   "%A_30_reload_read = read i32 @_ssdm_op_Read.ap_auto.float, i32 %A_30_reload"   --->   Operation 136 'read' 'A_30_reload_read' <Predicate = true> <Delay = 0.00>
ST_1 : Operation 137 [1/1] (0.00ns)   --->   "%A_24_reload_read = read i32 @_ssdm_op_Read.ap_auto.float, i32 %A_24_reload"   --->   Operation 137 'read' 'A_24_reload_read' <Predicate = true> <Delay = 0.00>
ST_1 : Operation 138 [1/1] (0.00ns)   --->   "%A_18_reload_read = read i32 @_ssdm_op_Read.ap_auto.float, i32 %A_18_reload"   --->   Operation 138 'read' 'A_18_reload_read' <Predicate = true> <Delay = 0.00>
ST_1 : Operation 139 [1/1] (0.00ns)   --->   "%A_12_reload_read = read i32 @_ssdm_op_Read.ap_auto.float, i32 %A_12_reload"   --->   Operation 139 'read' 'A_12_reload_read' <Predicate = true> <Delay = 0.00>
ST_1 : Operation 140 [1/1] (0.00ns)   --->   "%A_6_reload_read = read i32 @_ssdm_op_Read.ap_auto.float, i32 %A_6_reload"   --->   Operation 140 'read' 'A_6_reload_read' <Predicate = true> <Delay = 0.00>
ST_1 : Operation 141 [1/1] (0.00ns)   --->   "%A_reload_read = read i32 @_ssdm_op_Read.ap_auto.float, i32 %A_reload"   --->   Operation 141 'read' 'A_reload_read' <Predicate = true> <Delay = 0.00>
ST_1 : Operation 142 [1/1] (0.42ns)   --->   "%store_ln0 = store i6 0, i6 %indvar_flatten34"   --->   Operation 142 'store' 'store_ln0' <Predicate = true> <Delay = 0.42>
ST_1 : Operation 143 [1/1] (0.42ns)   --->   "%store_ln0 = store i3 0, i3 %i"   --->   Operation 143 'store' 'store_ln0' <Predicate = true> <Delay = 0.42>
ST_1 : Operation 144 [1/1] (0.42ns)   --->   "%store_ln0 = store i3 0, i3 %j"   --->   Operation 144 'store' 'store_ln0' <Predicate = true> <Delay = 0.42>
ST_1 : Operation 145 [1/1] (0.00ns)   --->   "%br_ln0 = br void %for.body8.i.i47"   --->   Operation 145 'br' 'br_ln0' <Predicate = true> <Delay = 0.00>
ST_1 : Operation 146 [1/1] (0.00ns)   --->   "%indvar_flatten34_load = load i6 %indvar_flatten34" [ekf_core.cpp:17->ekf_core.cpp:114->ekf_core.cpp:169]   --->   Operation 146 'load' 'indvar_flatten34_load' <Predicate = true> <Delay = 0.00>
ST_1 : Operation 147 [1/1] (0.78ns)   --->   "%icmp_ln17 = icmp_eq  i6 %indvar_flatten34_load, i6 36" [ekf_core.cpp:17->ekf_core.cpp:114->ekf_core.cpp:169]   --->   Operation 147 'icmp' 'icmp_ln17' <Predicate = true> <Delay = 0.78> <CoreInst = "Cmp">   --->   Core 9 'Cmp' <Latency = 0> <II = 1> <Delay = 0.78> <FuncUnit> <Opcode : 'icmp'> <InPorts = 2> <OutPorts = 1>
ST_1 : Operation 148 [1/1] (0.78ns)   --->   "%add_ln17 = add i6 %indvar_flatten34_load, i6 1" [ekf_core.cpp:17->ekf_core.cpp:114->ekf_core.cpp:169]   --->   Operation 148 'add' 'add_ln17' <Predicate = true> <Delay = 0.78> <CoreInst = "Adder">   --->   Core 1 'Adder' <Latency = 0> <II = 1> <Delay = 0.78> <FuncUnit> <Opcode : 'add' 'sub'> <InPorts = 2> <OutPorts = 1>
ST_1 : Operation 149 [1/1] (0.00ns)   --->   "%br_ln17 = br i1 %icmp_ln17, void %for.cond.cleanup3.i.i27, void %for.body4.i51.i.preheader.exitStub" [ekf_core.cpp:17->ekf_core.cpp:114->ekf_core.cpp:169]   --->   Operation 149 'br' 'br_ln17' <Predicate = true> <Delay = 0.00>
ST_1 : Operation 150 [1/1] (0.00ns)   --->   "%j_load = load i3 %j" [ekf_core.cpp:18->ekf_core.cpp:114->ekf_core.cpp:169]   --->   Operation 150 'load' 'j_load' <Predicate = (!icmp_ln17)> <Delay = 0.00>
ST_1 : Operation 151 [1/1] (0.00ns)   --->   "%i_load = load i3 %i" [ekf_core.cpp:17->ekf_core.cpp:114->ekf_core.cpp:169]   --->   Operation 151 'load' 'i_load' <Predicate = (!icmp_ln17)> <Delay = 0.00>
ST_1 : Operation 152 [1/1] (0.67ns)   --->   "%icmp_ln18 = icmp_eq  i3 %j_load, i3 6" [ekf_core.cpp:18->ekf_core.cpp:114->ekf_core.cpp:169]   --->   Operation 152 'icmp' 'icmp_ln18' <Predicate = (!icmp_ln17)> <Delay = 0.67> <CoreInst = "Cmp">   --->   Core 9 'Cmp' <Latency = 0> <II = 1> <Delay = 0.67> <FuncUnit> <Opcode : 'icmp'> <InPorts = 2> <OutPorts = 1>
ST_1 : Operation 153 [1/1] (0.20ns)   --->   "%select_ln17 = select i1 %icmp_ln18, i3 0, i3 %j_load" [ekf_core.cpp:17->ekf_core.cpp:114->ekf_core.cpp:169]   --->   Operation 153 'select' 'select_ln17' <Predicate = (!icmp_ln17)> <Delay = 0.20> <CoreInst = "Sel">   --->   Core 73 'Sel' <Latency = 0> <II = 1> <Delay = 0.20> <FuncUnit> <Opcode : 'select'> <InPorts = 3> <OutPorts = 1>
ST_1 : Operation 154 [1/1] (0.67ns)   --->   "%add_ln17_2 = add i3 %i_load, i3 1" [ekf_core.cpp:17->ekf_core.cpp:114->ekf_core.cpp:169]   --->   Operation 154 'add' 'add_ln17_2' <Predicate = (!icmp_ln17)> <Delay = 0.67> <CoreInst = "Adder">   --->   Core 1 'Adder' <Latency = 0> <II = 1> <Delay = 0.67> <FuncUnit> <Opcode : 'add' 'sub'> <InPorts = 2> <OutPorts = 1>
ST_1 : Operation 155 [1/1] (0.62ns)   --->   "%tmp_77_mid1 = mux i32 @_ssdm_op_Mux.ap_auto.6f32.i3, i32 %A_reload_read, i32 %A_6_reload_read, i32 %A_12_reload_read, i32 %A_18_reload_read, i32 %A_24_reload_read, i32 %A_30_reload_read, i3 %add_ln17_2" [ekf_core.cpp:17->ekf_core.cpp:114->ekf_core.cpp:169]   --->   Operation 155 'mux' 'tmp_77_mid1' <Predicate = (!icmp_ln17)> <Delay = 0.62> <CoreInst = "Multiplexer">   --->   Core 76 'Multiplexer' <Latency = 0> <II = 1> <Delay = 0.62> <FuncUnit> <Opcode : 'mux'> <InPorts = 2> <OutPorts = 1>
ST_1 : Operation 156 [1/1] (0.62ns)   --->   "%tmp_s = mux i32 @_ssdm_op_Mux.ap_auto.6f32.i3, i32 %A_reload_read, i32 %A_6_reload_read, i32 %A_12_reload_read, i32 %A_18_reload_read, i32 %A_24_reload_read, i32 %A_30_reload_read, i3 %i_load" [ekf_core.cpp:17->ekf_core.cpp:114->ekf_core.cpp:169]   --->   Operation 156 'mux' 'tmp_s' <Predicate = (!icmp_ln17)> <Delay = 0.62> <CoreInst = "Multiplexer">   --->   Core 76 'Multiplexer' <Latency = 0> <II = 1> <Delay = 0.62> <FuncUnit> <Opcode : 'mux'> <InPorts = 2> <OutPorts = 1>
ST_1 : Operation 157 [1/1] (0.44ns)   --->   "%select_ln17_8 = select i1 %icmp_ln18, i32 %tmp_77_mid1, i32 %tmp_s" [ekf_core.cpp:17->ekf_core.cpp:114->ekf_core.cpp:169]   --->   Operation 157 'select' 'select_ln17_8' <Predicate = (!icmp_ln17)> <Delay = 0.44> <CoreInst = "Sel">   --->   Core 73 'Sel' <Latency = 0> <II = 1> <Delay = 0.44> <FuncUnit> <Opcode : 'select'> <InPorts = 3> <OutPorts = 1>
ST_1 : Operation 158 [1/1] (0.20ns)   --->   "%select_ln17_14 = select i1 %icmp_ln18, i3 %add_ln17_2, i3 %i_load" [ekf_core.cpp:17->ekf_core.cpp:114->ekf_core.cpp:169]   --->   Operation 158 'select' 'select_ln17_14' <Predicate = (!icmp_ln17)> <Delay = 0.20> <CoreInst = "Sel">   --->   Core 73 'Sel' <Latency = 0> <II = 1> <Delay = 0.20> <FuncUnit> <Opcode : 'select'> <InPorts = 3> <OutPorts = 1>
ST_1 : Operation 159 [1/1] (0.62ns)   --->   "%tmp_36 = mux i32 @_ssdm_op_Mux.ap_auto.6f32.i3, i32 %P_198_read, i32 %P_197_read, i32 %P_196_read, i32 %P_195_read, i32 %P_194_read, i32 %P_193_read, i3 %select_ln17" [ekf_core.cpp:23->ekf_core.cpp:114->ekf_core.cpp:169]   --->   Operation 159 'mux' 'tmp_36' <Predicate = (!icmp_ln17)> <Delay = 0.62> <CoreInst = "Multiplexer">   --->   Core 76 'Multiplexer' <Latency = 0> <II = 1> <Delay = 0.62> <FuncUnit> <Opcode : 'mux'> <InPorts = 2> <OutPorts = 1>
ST_1 : Operation 160 [1/1] (0.73ns)   --->   "%switch_ln25 = switch i3 %select_ln17_14, void %arrayidx181.i.i3573.case.5, i3 0, void %arrayidx181.i.i3573.case.0, i3 1, void %arrayidx181.i.i3573.case.1, i3 2, void %arrayidx181.i.i3573.case.2, i3 3, void %arrayidx181.i.i3573.case.3, i3 4, void %arrayidx181.i.i3573.case.4" [ekf_core.cpp:25->ekf_core.cpp:114->ekf_core.cpp:169]   --->   Operation 160 'switch' 'switch_ln25' <Predicate = (!icmp_ln17)> <Delay = 0.73>
ST_1 : Operation 161 [1/1] (0.73ns)   --->   "%switch_ln25 = switch i3 %select_ln17, void %arrayidx181.i.i3573.case.51863, i3 0, void %arrayidx181.i.i3573.case.4.arrayidx181.i.i3573.exit_crit_edge74, i3 1, void %arrayidx181.i.i3573.case.11859, i3 2, void %arrayidx181.i.i3573.case.21860, i3 3, void %arrayidx181.i.i3573.case.31861, i3 4, void %arrayidx181.i.i3573.case.4.arrayidx181.i.i3573.exit_crit_edge" [ekf_core.cpp:25->ekf_core.cpp:114->ekf_core.cpp:169]   --->   Operation 161 'switch' 'switch_ln25' <Predicate = (!icmp_ln17 & select_ln17_14 == 4)> <Delay = 0.73>
ST_1 : Operation 162 [1/1] (0.73ns)   --->   "%switch_ln25 = switch i3 %select_ln17, void %arrayidx181.i.i3573.case.51855, i3 0, void %arrayidx181.i.i3573.case.3.arrayidx181.i.i3573.exit_crit_edge75, i3 1, void %arrayidx181.i.i3573.case.11851, i3 2, void %arrayidx181.i.i3573.case.21852, i3 3, void %arrayidx181.i.i3573.case.31853, i3 4, void %arrayidx181.i.i3573.case.3.arrayidx181.i.i3573.exit_crit_edge" [ekf_core.cpp:25->ekf_core.cpp:114->ekf_core.cpp:169]   --->   Operation 162 'switch' 'switch_ln25' <Predicate = (!icmp_ln17 & select_ln17_14 == 3)> <Delay = 0.73>
ST_1 : Operation 163 [1/1] (0.73ns)   --->   "%switch_ln25 = switch i3 %select_ln17, void %arrayidx181.i.i3573.case.51847, i3 0, void %arrayidx181.i.i3573.case.2.arrayidx181.i.i3573.exit_crit_edge76, i3 1, void %arrayidx181.i.i3573.case.11843, i3 2, void %arrayidx181.i.i3573.case.21844, i3 3, void %arrayidx181.i.i3573.case.31845, i3 4, void %arrayidx181.i.i3573.case.2.arrayidx181.i.i3573.exit_crit_edge" [ekf_core.cpp:25->ekf_core.cpp:114->ekf_core.cpp:169]   --->   Operation 163 'switch' 'switch_ln25' <Predicate = (!icmp_ln17 & select_ln17_14 == 2)> <Delay = 0.73>
ST_1 : Operation 164 [1/1] (0.73ns)   --->   "%switch_ln25 = switch i3 %select_ln17, void %arrayidx181.i.i3573.case.51839, i3 0, void %arrayidx181.i.i3573.case.1.arrayidx181.i.i3573.exit_crit_edge77, i3 1, void %arrayidx181.i.i3573.case.11835, i3 2, void %arrayidx181.i.i3573.case.21836, i3 3, void %arrayidx181.i.i3573.case.31837, i3 4, void %arrayidx181.i.i3573.case.1.arrayidx181.i.i3573.exit_crit_edge" [ekf_core.cpp:25->ekf_core.cpp:114->ekf_core.cpp:169]   --->   Operation 164 'switch' 'switch_ln25' <Predicate = (!icmp_ln17 & select_ln17_14 == 1)> <Delay = 0.73>
ST_1 : Operation 165 [1/1] (0.73ns)   --->   "%switch_ln25 = switch i3 %select_ln17, void %arrayidx181.i.i3573.case.51831, i3 0, void %arrayidx181.i.i3573.case.0.arrayidx181.i.i3573.exit_crit_edge78, i3 1, void %arrayidx181.i.i3573.case.11827, i3 2, void %arrayidx181.i.i3573.case.21828, i3 3, void %arrayidx181.i.i3573.case.31829, i3 4, void %arrayidx181.i.i3573.case.0.arrayidx181.i.i3573.exit_crit_edge" [ekf_core.cpp:25->ekf_core.cpp:114->ekf_core.cpp:169]   --->   Operation 165 'switch' 'switch_ln25' <Predicate = (!icmp_ln17 & select_ln17_14 == 0)> <Delay = 0.73>
ST_1 : Operation 166 [1/1] (0.73ns)   --->   "%switch_ln25 = switch i3 %select_ln17, void %arrayidx181.i.i3573.case.51871, i3 0, void %arrayidx181.i.i3573.case.5.arrayidx181.i.i3573.exit_crit_edge73, i3 1, void %arrayidx181.i.i3573.case.11867, i3 2, void %arrayidx181.i.i3573.case.21868, i3 3, void %arrayidx181.i.i3573.case.31869, i3 4, void %arrayidx181.i.i3573.case.5.arrayidx181.i.i3573.exit_crit_edge" [ekf_core.cpp:25->ekf_core.cpp:114->ekf_core.cpp:169]   --->   Operation 166 'switch' 'switch_ln25' <Predicate = (!icmp_ln17 & select_ln17_14 != 0 & select_ln17_14 != 1 & select_ln17_14 != 2 & select_ln17_14 != 3 & select_ln17_14 != 4)> <Delay = 0.73>
ST_1 : Operation 167 [1/1] (0.67ns)   --->   "%add_ln18 = add i3 %select_ln17, i3 1" [ekf_core.cpp:18->ekf_core.cpp:114->ekf_core.cpp:169]   --->   Operation 167 'add' 'add_ln18' <Predicate = (!icmp_ln17)> <Delay = 0.67> <CoreInst = "Adder">   --->   Core 1 'Adder' <Latency = 0> <II = 1> <Delay = 0.67> <FuncUnit> <Opcode : 'add' 'sub'> <InPorts = 2> <OutPorts = 1>
ST_1 : Operation 168 [1/1] (0.42ns)   --->   "%store_ln18 = store i6 %add_ln17, i6 %indvar_flatten34" [ekf_core.cpp:18->ekf_core.cpp:114->ekf_core.cpp:169]   --->   Operation 168 'store' 'store_ln18' <Predicate = (!icmp_ln17)> <Delay = 0.42>
ST_1 : Operation 169 [1/1] (0.42ns)   --->   "%store_ln18 = store i3 %select_ln17_14, i3 %i" [ekf_core.cpp:18->ekf_core.cpp:114->ekf_core.cpp:169]   --->   Operation 169 'store' 'store_ln18' <Predicate = (!icmp_ln17)> <Delay = 0.42>
ST_1 : Operation 170 [1/1] (0.42ns)   --->   "%store_ln18 = store i3 %add_ln18, i3 %j" [ekf_core.cpp:18->ekf_core.cpp:114->ekf_core.cpp:169]   --->   Operation 170 'store' 'store_ln18' <Predicate = (!icmp_ln17)> <Delay = 0.42>
ST_1 : Operation 171 [1/1] (0.00ns)   --->   "%br_ln18 = br void %for.body8.i.i47" [ekf_core.cpp:18->ekf_core.cpp:114->ekf_core.cpp:169]   --->   Operation 171 'br' 'br_ln18' <Predicate = (!icmp_ln17)> <Delay = 0.00>

State 2 <SV = 1> <Delay = 7.01>
ST_2 : [1/1] (0.96ns)   --->   Input mux for Operation 172 '%mul_i_i1 = fmul i32 %select_ln17_8, i32 %tmp_36'
ST_2 : Operation 172 [3/3] (6.04ns)   --->   "%mul_i_i1 = fmul i32 %select_ln17_8, i32 %tmp_36" [ekf_core.cpp:23->ekf_core.cpp:114->ekf_core.cpp:169]   --->   Operation 172 'fmul' 'mul_i_i1' <Predicate = true> <Delay = 6.04> <CoreInst = "FMul_maxdsp">   --->   Core 30 'FMul_maxdsp' <Latency = 2> <II = 1> <Delay = 7.01> <FuncUnit> <Opcode : 'fmul'> <InPorts = 2> <OutPorts = 1>

State 3 <SV = 2> <Delay = 7.01>
ST_3 : Operation 173 [2/3] (7.01ns)   --->   "%mul_i_i1 = fmul i32 %select_ln17_8, i32 %tmp_36" [ekf_core.cpp:23->ekf_core.cpp:114->ekf_core.cpp:169]   --->   Operation 173 'fmul' 'mul_i_i1' <Predicate = true> <Delay = 7.01> <CoreInst = "FMul_maxdsp">   --->   Core 30 'FMul_maxdsp' <Latency = 2> <II = 1> <Delay = 7.01> <FuncUnit> <Opcode : 'fmul'> <InPorts = 2> <OutPorts = 1>

State 4 <SV = 3> <Delay = 7.01>
ST_4 : Operation 174 [1/3] (7.01ns)   --->   "%mul_i_i1 = fmul i32 %select_ln17_8, i32 %tmp_36" [ekf_core.cpp:23->ekf_core.cpp:114->ekf_core.cpp:169]   --->   Operation 174 'fmul' 'mul_i_i1' <Predicate = true> <Delay = 7.01> <CoreInst = "FMul_maxdsp">   --->   Core 30 'FMul_maxdsp' <Latency = 2> <II = 1> <Delay = 7.01> <FuncUnit> <Opcode : 'fmul'> <InPorts = 2> <OutPorts = 1>

State 5 <SV = 4> <Delay = 6.43>
ST_5 : Operation 175 [1/1] (0.62ns)   --->   "%tmp_78_mid1 = mux i32 @_ssdm_op_Mux.ap_auto.6f32.i3, i32 %A_1_reload_read, i32 %A_7_reload_read, i32 %A_13_reload_read, i32 %A_19_reload_read, i32 %A_25_reload_read, i32 %A_31_reload_read, i3 %add_ln17_2" [ekf_core.cpp:17->ekf_core.cpp:114->ekf_core.cpp:169]   --->   Operation 175 'mux' 'tmp_78_mid1' <Predicate = (icmp_ln18)> <Delay = 0.62> <CoreInst = "Multiplexer">   --->   Core 76 'Multiplexer' <Latency = 0> <II = 1> <Delay = 0.62> <FuncUnit> <Opcode : 'mux'> <InPorts = 2> <OutPorts = 1>
ST_5 : Operation 176 [1/1] (0.62ns)   --->   "%tmp_31 = mux i32 @_ssdm_op_Mux.ap_auto.6f32.i3, i32 %A_1_reload_read, i32 %A_7_reload_read, i32 %A_13_reload_read, i32 %A_19_reload_read, i32 %A_25_reload_read, i32 %A_31_reload_read, i3 %i_load" [ekf_core.cpp:17->ekf_core.cpp:114->ekf_core.cpp:169]   --->   Operation 176 'mux' 'tmp_31' <Predicate = (!icmp_ln18)> <Delay = 0.62> <CoreInst = "Multiplexer">   --->   Core 76 'Multiplexer' <Latency = 0> <II = 1> <Delay = 0.62> <FuncUnit> <Opcode : 'mux'> <InPorts = 2> <OutPorts = 1>
ST_5 : Operation 177 [1/1] (0.44ns)   --->   "%select_ln17_9 = select i1 %icmp_ln18, i32 %tmp_78_mid1, i32 %tmp_31" [ekf_core.cpp:17->ekf_core.cpp:114->ekf_core.cpp:169]   --->   Operation 177 'select' 'select_ln17_9' <Predicate = true> <Delay = 0.44> <CoreInst = "Sel">   --->   Core 73 'Sel' <Latency = 0> <II = 1> <Delay = 0.44> <FuncUnit> <Opcode : 'select'> <InPorts = 3> <OutPorts = 1>
ST_5 : [1/1] (1.04ns)   --->   Input mux for Operation 178 '%acc_89 = fadd i32 %mul_i_i1, i32 0'
ST_5 : Operation 178 [4/4] (5.38ns)   --->   "%acc_89 = fadd i32 %mul_i_i1, i32 0" [ekf_core.cpp:23->ekf_core.cpp:114->ekf_core.cpp:169]   --->   Operation 178 'fadd' 'acc_89' <Predicate = true> <Delay = 5.38> <CoreInst = "FAddSub_fulldsp">   --->   Core 18 'FAddSub_fulldsp' <Latency = 3> <II = 1> <Delay = 6.43> <FuncUnit> <Opcode : 'fadd' 'fsub'> <InPorts = 2> <OutPorts = 1>
ST_5 : Operation 179 [1/1] (0.62ns)   --->   "%tmp_37 = mux i32 @_ssdm_op_Mux.ap_auto.6f32.i3, i32 %P_192_read, i32 %P_191_read, i32 %P_190_read, i32 %P_189_read, i32 %P_188_read, i32 %P_187_read, i3 %select_ln17" [ekf_core.cpp:23->ekf_core.cpp:114->ekf_core.cpp:169]   --->   Operation 179 'mux' 'tmp_37' <Predicate = true> <Delay = 0.62> <CoreInst = "Multiplexer">   --->   Core 76 'Multiplexer' <Latency = 0> <II = 1> <Delay = 0.62> <FuncUnit> <Opcode : 'mux'> <InPorts = 2> <OutPorts = 1>

State 6 <SV = 5> <Delay = 7.01>
ST_6 : Operation 180 [3/4] (6.43ns)   --->   "%acc_89 = fadd i32 %mul_i_i1, i32 0" [ekf_core.cpp:23->ekf_core.cpp:114->ekf_core.cpp:169]   --->   Operation 180 'fadd' 'acc_89' <Predicate = true> <Delay = 6.43> <CoreInst = "FAddSub_fulldsp">   --->   Core 18 'FAddSub_fulldsp' <Latency = 3> <II = 1> <Delay = 6.43> <FuncUnit> <Opcode : 'fadd' 'fsub'> <InPorts = 2> <OutPorts = 1>
ST_6 : [1/1] (0.96ns)   --->   Input mux for Operation 181 '%mul_i_i44_1 = fmul i32 %select_ln17_9, i32 %tmp_37'
ST_6 : Operation 181 [3/3] (6.04ns)   --->   "%mul_i_i44_1 = fmul i32 %select_ln17_9, i32 %tmp_37" [ekf_core.cpp:23->ekf_core.cpp:114->ekf_core.cpp:169]   --->   Operation 181 'fmul' 'mul_i_i44_1' <Predicate = true> <Delay = 6.04> <CoreInst = "FMul_maxdsp">   --->   Core 30 'FMul_maxdsp' <Latency = 2> <II = 1> <Delay = 7.01> <FuncUnit> <Opcode : 'fmul'> <InPorts = 2> <OutPorts = 1>

State 7 <SV = 6> <Delay = 7.01>
ST_7 : Operation 182 [2/4] (6.43ns)   --->   "%acc_89 = fadd i32 %mul_i_i1, i32 0" [ekf_core.cpp:23->ekf_core.cpp:114->ekf_core.cpp:169]   --->   Operation 182 'fadd' 'acc_89' <Predicate = true> <Delay = 6.43> <CoreInst = "FAddSub_fulldsp">   --->   Core 18 'FAddSub_fulldsp' <Latency = 3> <II = 1> <Delay = 6.43> <FuncUnit> <Opcode : 'fadd' 'fsub'> <InPorts = 2> <OutPorts = 1>
ST_7 : Operation 183 [2/3] (7.01ns)   --->   "%mul_i_i44_1 = fmul i32 %select_ln17_9, i32 %tmp_37" [ekf_core.cpp:23->ekf_core.cpp:114->ekf_core.cpp:169]   --->   Operation 183 'fmul' 'mul_i_i44_1' <Predicate = true> <Delay = 7.01> <CoreInst = "FMul_maxdsp">   --->   Core 30 'FMul_maxdsp' <Latency = 2> <II = 1> <Delay = 7.01> <FuncUnit> <Opcode : 'fmul'> <InPorts = 2> <OutPorts = 1>

State 8 <SV = 7> <Delay = 7.01>
ST_8 : Operation 184 [1/4] (6.43ns)   --->   "%acc_89 = fadd i32 %mul_i_i1, i32 0" [ekf_core.cpp:23->ekf_core.cpp:114->ekf_core.cpp:169]   --->   Operation 184 'fadd' 'acc_89' <Predicate = true> <Delay = 6.43> <CoreInst = "FAddSub_fulldsp">   --->   Core 18 'FAddSub_fulldsp' <Latency = 3> <II = 1> <Delay = 6.43> <FuncUnit> <Opcode : 'fadd' 'fsub'> <InPorts = 2> <OutPorts = 1>
ST_8 : Operation 185 [1/3] (7.01ns)   --->   "%mul_i_i44_1 = fmul i32 %select_ln17_9, i32 %tmp_37" [ekf_core.cpp:23->ekf_core.cpp:114->ekf_core.cpp:169]   --->   Operation 185 'fmul' 'mul_i_i44_1' <Predicate = true> <Delay = 7.01> <CoreInst = "FMul_maxdsp">   --->   Core 30 'FMul_maxdsp' <Latency = 2> <II = 1> <Delay = 7.01> <FuncUnit> <Opcode : 'fmul'> <InPorts = 2> <OutPorts = 1>

State 9 <SV = 8> <Delay = 6.43>
ST_9 : Operation 186 [1/1] (0.62ns)   --->   "%tmp_79_mid1 = mux i32 @_ssdm_op_Mux.ap_auto.6f32.i3, i32 %A_2_reload_read, i32 %A_8_reload_read, i32 %A_14_reload_read, i32 %A_20_reload_read, i32 %A_26_reload_read, i32 %A_32_reload_read, i3 %add_ln17_2" [ekf_core.cpp:17->ekf_core.cpp:114->ekf_core.cpp:169]   --->   Operation 186 'mux' 'tmp_79_mid1' <Predicate = (icmp_ln18)> <Delay = 0.62> <CoreInst = "Multiplexer">   --->   Core 76 'Multiplexer' <Latency = 0> <II = 1> <Delay = 0.62> <FuncUnit> <Opcode : 'mux'> <InPorts = 2> <OutPorts = 1>
ST_9 : Operation 187 [1/1] (0.62ns)   --->   "%tmp_32 = mux i32 @_ssdm_op_Mux.ap_auto.6f32.i3, i32 %A_2_reload_read, i32 %A_8_reload_read, i32 %A_14_reload_read, i32 %A_20_reload_read, i32 %A_26_reload_read, i32 %A_32_reload_read, i3 %i_load" [ekf_core.cpp:17->ekf_core.cpp:114->ekf_core.cpp:169]   --->   Operation 187 'mux' 'tmp_32' <Predicate = (!icmp_ln18)> <Delay = 0.62> <CoreInst = "Multiplexer">   --->   Core 76 'Multiplexer' <Latency = 0> <II = 1> <Delay = 0.62> <FuncUnit> <Opcode : 'mux'> <InPorts = 2> <OutPorts = 1>
ST_9 : Operation 188 [1/1] (0.44ns)   --->   "%select_ln17_10 = select i1 %icmp_ln18, i32 %tmp_79_mid1, i32 %tmp_32" [ekf_core.cpp:17->ekf_core.cpp:114->ekf_core.cpp:169]   --->   Operation 188 'select' 'select_ln17_10' <Predicate = true> <Delay = 0.44> <CoreInst = "Sel">   --->   Core 73 'Sel' <Latency = 0> <II = 1> <Delay = 0.44> <FuncUnit> <Opcode : 'select'> <InPorts = 3> <OutPorts = 1>
ST_9 : [1/1] (1.04ns)   --->   Input mux for Operation 189 '%acc_90 = fadd i32 %acc_89, i32 %mul_i_i44_1'
ST_9 : Operation 189 [4/4] (5.38ns)   --->   "%acc_90 = fadd i32 %acc_89, i32 %mul_i_i44_1" [ekf_core.cpp:23->ekf_core.cpp:114->ekf_core.cpp:169]   --->   Operation 189 'fadd' 'acc_90' <Predicate = true> <Delay = 5.38> <CoreInst = "FAddSub_fulldsp">   --->   Core 18 'FAddSub_fulldsp' <Latency = 3> <II = 1> <Delay = 6.43> <FuncUnit> <Opcode : 'fadd' 'fsub'> <InPorts = 2> <OutPorts = 1>
ST_9 : Operation 190 [1/1] (0.62ns)   --->   "%tmp_38 = mux i32 @_ssdm_op_Mux.ap_auto.6f32.i3, i32 %P_186_read, i32 %P_185_read, i32 %P_184_read, i32 %P_183_read, i32 %P_182_read, i32 %P_181_read, i3 %select_ln17" [ekf_core.cpp:23->ekf_core.cpp:114->ekf_core.cpp:169]   --->   Operation 190 'mux' 'tmp_38' <Predicate = true> <Delay = 0.62> <CoreInst = "Multiplexer">   --->   Core 76 'Multiplexer' <Latency = 0> <II = 1> <Delay = 0.62> <FuncUnit> <Opcode : 'mux'> <InPorts = 2> <OutPorts = 1>

State 10 <SV = 9> <Delay = 7.01>
ST_10 : Operation 191 [3/4] (6.43ns)   --->   "%acc_90 = fadd i32 %acc_89, i32 %mul_i_i44_1" [ekf_core.cpp:23->ekf_core.cpp:114->ekf_core.cpp:169]   --->   Operation 191 'fadd' 'acc_90' <Predicate = true> <Delay = 6.43> <CoreInst = "FAddSub_fulldsp">   --->   Core 18 'FAddSub_fulldsp' <Latency = 3> <II = 1> <Delay = 6.43> <FuncUnit> <Opcode : 'fadd' 'fsub'> <InPorts = 2> <OutPorts = 1>
ST_10 : [1/1] (0.96ns)   --->   Input mux for Operation 192 '%mul_i_i44_2 = fmul i32 %select_ln17_10, i32 %tmp_38'
ST_10 : Operation 192 [3/3] (6.04ns)   --->   "%mul_i_i44_2 = fmul i32 %select_ln17_10, i32 %tmp_38" [ekf_core.cpp:23->ekf_core.cpp:114->ekf_core.cpp:169]   --->   Operation 192 'fmul' 'mul_i_i44_2' <Predicate = true> <Delay = 6.04> <CoreInst = "FMul_maxdsp">   --->   Core 30 'FMul_maxdsp' <Latency = 2> <II = 1> <Delay = 7.01> <FuncUnit> <Opcode : 'fmul'> <InPorts = 2> <OutPorts = 1>

State 11 <SV = 10> <Delay = 7.01>
ST_11 : Operation 193 [2/4] (6.43ns)   --->   "%acc_90 = fadd i32 %acc_89, i32 %mul_i_i44_1" [ekf_core.cpp:23->ekf_core.cpp:114->ekf_core.cpp:169]   --->   Operation 193 'fadd' 'acc_90' <Predicate = true> <Delay = 6.43> <CoreInst = "FAddSub_fulldsp">   --->   Core 18 'FAddSub_fulldsp' <Latency = 3> <II = 1> <Delay = 6.43> <FuncUnit> <Opcode : 'fadd' 'fsub'> <InPorts = 2> <OutPorts = 1>
ST_11 : Operation 194 [2/3] (7.01ns)   --->   "%mul_i_i44_2 = fmul i32 %select_ln17_10, i32 %tmp_38" [ekf_core.cpp:23->ekf_core.cpp:114->ekf_core.cpp:169]   --->   Operation 194 'fmul' 'mul_i_i44_2' <Predicate = true> <Delay = 7.01> <CoreInst = "FMul_maxdsp">   --->   Core 30 'FMul_maxdsp' <Latency = 2> <II = 1> <Delay = 7.01> <FuncUnit> <Opcode : 'fmul'> <InPorts = 2> <OutPorts = 1>

State 12 <SV = 11> <Delay = 7.01>
ST_12 : Operation 195 [1/4] (6.43ns)   --->   "%acc_90 = fadd i32 %acc_89, i32 %mul_i_i44_1" [ekf_core.cpp:23->ekf_core.cpp:114->ekf_core.cpp:169]   --->   Operation 195 'fadd' 'acc_90' <Predicate = true> <Delay = 6.43> <CoreInst = "FAddSub_fulldsp">   --->   Core 18 'FAddSub_fulldsp' <Latency = 3> <II = 1> <Delay = 6.43> <FuncUnit> <Opcode : 'fadd' 'fsub'> <InPorts = 2> <OutPorts = 1>
ST_12 : Operation 196 [1/3] (7.01ns)   --->   "%mul_i_i44_2 = fmul i32 %select_ln17_10, i32 %tmp_38" [ekf_core.cpp:23->ekf_core.cpp:114->ekf_core.cpp:169]   --->   Operation 196 'fmul' 'mul_i_i44_2' <Predicate = true> <Delay = 7.01> <CoreInst = "FMul_maxdsp">   --->   Core 30 'FMul_maxdsp' <Latency = 2> <II = 1> <Delay = 7.01> <FuncUnit> <Opcode : 'fmul'> <InPorts = 2> <OutPorts = 1>

State 13 <SV = 12> <Delay = 6.43>
ST_13 : Operation 197 [1/1] (0.62ns)   --->   "%tmp_80_mid1 = mux i32 @_ssdm_op_Mux.ap_auto.6f32.i3, i32 %A_3_reload_read, i32 %A_9_reload_read, i32 %A_15_reload_read, i32 %A_21_reload_read, i32 %A_27_reload_read, i32 %A_33_reload_read, i3 %add_ln17_2" [ekf_core.cpp:17->ekf_core.cpp:114->ekf_core.cpp:169]   --->   Operation 197 'mux' 'tmp_80_mid1' <Predicate = (icmp_ln18)> <Delay = 0.62> <CoreInst = "Multiplexer">   --->   Core 76 'Multiplexer' <Latency = 0> <II = 1> <Delay = 0.62> <FuncUnit> <Opcode : 'mux'> <InPorts = 2> <OutPorts = 1>
ST_13 : Operation 198 [1/1] (0.62ns)   --->   "%tmp_33 = mux i32 @_ssdm_op_Mux.ap_auto.6f32.i3, i32 %A_3_reload_read, i32 %A_9_reload_read, i32 %A_15_reload_read, i32 %A_21_reload_read, i32 %A_27_reload_read, i32 %A_33_reload_read, i3 %i_load" [ekf_core.cpp:17->ekf_core.cpp:114->ekf_core.cpp:169]   --->   Operation 198 'mux' 'tmp_33' <Predicate = (!icmp_ln18)> <Delay = 0.62> <CoreInst = "Multiplexer">   --->   Core 76 'Multiplexer' <Latency = 0> <II = 1> <Delay = 0.62> <FuncUnit> <Opcode : 'mux'> <InPorts = 2> <OutPorts = 1>
ST_13 : Operation 199 [1/1] (0.44ns)   --->   "%select_ln17_11 = select i1 %icmp_ln18, i32 %tmp_80_mid1, i32 %tmp_33" [ekf_core.cpp:17->ekf_core.cpp:114->ekf_core.cpp:169]   --->   Operation 199 'select' 'select_ln17_11' <Predicate = true> <Delay = 0.44> <CoreInst = "Sel">   --->   Core 73 'Sel' <Latency = 0> <II = 1> <Delay = 0.44> <FuncUnit> <Opcode : 'select'> <InPorts = 3> <OutPorts = 1>
ST_13 : [1/1] (1.04ns)   --->   Input mux for Operation 200 '%acc_91 = fadd i32 %acc_90, i32 %mul_i_i44_2'
ST_13 : Operation 200 [4/4] (5.38ns)   --->   "%acc_91 = fadd i32 %acc_90, i32 %mul_i_i44_2" [ekf_core.cpp:23->ekf_core.cpp:114->ekf_core.cpp:169]   --->   Operation 200 'fadd' 'acc_91' <Predicate = true> <Delay = 5.38> <CoreInst = "FAddSub_fulldsp">   --->   Core 18 'FAddSub_fulldsp' <Latency = 3> <II = 1> <Delay = 6.43> <FuncUnit> <Opcode : 'fadd' 'fsub'> <InPorts = 2> <OutPorts = 1>
ST_13 : Operation 201 [1/1] (0.62ns)   --->   "%tmp_39 = mux i32 @_ssdm_op_Mux.ap_auto.6f32.i3, i32 %P_199_read, i32 %P_200_read, i32 %P_201_read, i32 %P_202_read, i32 %P_203_read, i32 %P_204_read, i3 %select_ln17" [ekf_core.cpp:23->ekf_core.cpp:114->ekf_core.cpp:169]   --->   Operation 201 'mux' 'tmp_39' <Predicate = true> <Delay = 0.62> <CoreInst = "Multiplexer">   --->   Core 76 'Multiplexer' <Latency = 0> <II = 1> <Delay = 0.62> <FuncUnit> <Opcode : 'mux'> <InPorts = 2> <OutPorts = 1>

State 14 <SV = 13> <Delay = 7.01>
ST_14 : Operation 202 [3/4] (6.43ns)   --->   "%acc_91 = fadd i32 %acc_90, i32 %mul_i_i44_2" [ekf_core.cpp:23->ekf_core.cpp:114->ekf_core.cpp:169]   --->   Operation 202 'fadd' 'acc_91' <Predicate = true> <Delay = 6.43> <CoreInst = "FAddSub_fulldsp">   --->   Core 18 'FAddSub_fulldsp' <Latency = 3> <II = 1> <Delay = 6.43> <FuncUnit> <Opcode : 'fadd' 'fsub'> <InPorts = 2> <OutPorts = 1>
ST_14 : [1/1] (0.96ns)   --->   Input mux for Operation 203 '%mul_i_i44_3 = fmul i32 %select_ln17_11, i32 %tmp_39'
ST_14 : Operation 203 [3/3] (6.04ns)   --->   "%mul_i_i44_3 = fmul i32 %select_ln17_11, i32 %tmp_39" [ekf_core.cpp:23->ekf_core.cpp:114->ekf_core.cpp:169]   --->   Operation 203 'fmul' 'mul_i_i44_3' <Predicate = true> <Delay = 6.04> <CoreInst = "FMul_maxdsp">   --->   Core 30 'FMul_maxdsp' <Latency = 2> <II = 1> <Delay = 7.01> <FuncUnit> <Opcode : 'fmul'> <InPorts = 2> <OutPorts = 1>

State 15 <SV = 14> <Delay = 7.01>
ST_15 : Operation 204 [2/4] (6.43ns)   --->   "%acc_91 = fadd i32 %acc_90, i32 %mul_i_i44_2" [ekf_core.cpp:23->ekf_core.cpp:114->ekf_core.cpp:169]   --->   Operation 204 'fadd' 'acc_91' <Predicate = true> <Delay = 6.43> <CoreInst = "FAddSub_fulldsp">   --->   Core 18 'FAddSub_fulldsp' <Latency = 3> <II = 1> <Delay = 6.43> <FuncUnit> <Opcode : 'fadd' 'fsub'> <InPorts = 2> <OutPorts = 1>
ST_15 : Operation 205 [2/3] (7.01ns)   --->   "%mul_i_i44_3 = fmul i32 %select_ln17_11, i32 %tmp_39" [ekf_core.cpp:23->ekf_core.cpp:114->ekf_core.cpp:169]   --->   Operation 205 'fmul' 'mul_i_i44_3' <Predicate = true> <Delay = 7.01> <CoreInst = "FMul_maxdsp">   --->   Core 30 'FMul_maxdsp' <Latency = 2> <II = 1> <Delay = 7.01> <FuncUnit> <Opcode : 'fmul'> <InPorts = 2> <OutPorts = 1>

State 16 <SV = 15> <Delay = 7.01>
ST_16 : Operation 206 [1/4] (6.43ns)   --->   "%acc_91 = fadd i32 %acc_90, i32 %mul_i_i44_2" [ekf_core.cpp:23->ekf_core.cpp:114->ekf_core.cpp:169]   --->   Operation 206 'fadd' 'acc_91' <Predicate = true> <Delay = 6.43> <CoreInst = "FAddSub_fulldsp">   --->   Core 18 'FAddSub_fulldsp' <Latency = 3> <II = 1> <Delay = 6.43> <FuncUnit> <Opcode : 'fadd' 'fsub'> <InPorts = 2> <OutPorts = 1>
ST_16 : Operation 207 [1/3] (7.01ns)   --->   "%mul_i_i44_3 = fmul i32 %select_ln17_11, i32 %tmp_39" [ekf_core.cpp:23->ekf_core.cpp:114->ekf_core.cpp:169]   --->   Operation 207 'fmul' 'mul_i_i44_3' <Predicate = true> <Delay = 7.01> <CoreInst = "FMul_maxdsp">   --->   Core 30 'FMul_maxdsp' <Latency = 2> <II = 1> <Delay = 7.01> <FuncUnit> <Opcode : 'fmul'> <InPorts = 2> <OutPorts = 1>

State 17 <SV = 16> <Delay = 6.43>
ST_17 : Operation 208 [1/1] (0.62ns)   --->   "%tmp_81_mid1 = mux i32 @_ssdm_op_Mux.ap_auto.6f32.i3, i32 %A_4_reload_read, i32 %A_10_reload_read, i32 %A_16_reload_read, i32 %A_22_reload_read, i32 %A_28_reload_read, i32 %A_34_reload_read, i3 %add_ln17_2" [ekf_core.cpp:17->ekf_core.cpp:114->ekf_core.cpp:169]   --->   Operation 208 'mux' 'tmp_81_mid1' <Predicate = (icmp_ln18)> <Delay = 0.62> <CoreInst = "Multiplexer">   --->   Core 76 'Multiplexer' <Latency = 0> <II = 1> <Delay = 0.62> <FuncUnit> <Opcode : 'mux'> <InPorts = 2> <OutPorts = 1>
ST_17 : Operation 209 [1/1] (0.62ns)   --->   "%tmp_34 = mux i32 @_ssdm_op_Mux.ap_auto.6f32.i3, i32 %A_4_reload_read, i32 %A_10_reload_read, i32 %A_16_reload_read, i32 %A_22_reload_read, i32 %A_28_reload_read, i32 %A_34_reload_read, i3 %i_load" [ekf_core.cpp:17->ekf_core.cpp:114->ekf_core.cpp:169]   --->   Operation 209 'mux' 'tmp_34' <Predicate = (!icmp_ln18)> <Delay = 0.62> <CoreInst = "Multiplexer">   --->   Core 76 'Multiplexer' <Latency = 0> <II = 1> <Delay = 0.62> <FuncUnit> <Opcode : 'mux'> <InPorts = 2> <OutPorts = 1>
ST_17 : Operation 210 [1/1] (0.44ns)   --->   "%select_ln17_12 = select i1 %icmp_ln18, i32 %tmp_81_mid1, i32 %tmp_34" [ekf_core.cpp:17->ekf_core.cpp:114->ekf_core.cpp:169]   --->   Operation 210 'select' 'select_ln17_12' <Predicate = true> <Delay = 0.44> <CoreInst = "Sel">   --->   Core 73 'Sel' <Latency = 0> <II = 1> <Delay = 0.44> <FuncUnit> <Opcode : 'select'> <InPorts = 3> <OutPorts = 1>
ST_17 : [1/1] (1.04ns)   --->   Input mux for Operation 211 '%acc_92 = fadd i32 %acc_91, i32 %mul_i_i44_3'
ST_17 : Operation 211 [4/4] (5.38ns)   --->   "%acc_92 = fadd i32 %acc_91, i32 %mul_i_i44_3" [ekf_core.cpp:23->ekf_core.cpp:114->ekf_core.cpp:169]   --->   Operation 211 'fadd' 'acc_92' <Predicate = true> <Delay = 5.38> <CoreInst = "FAddSub_fulldsp">   --->   Core 18 'FAddSub_fulldsp' <Latency = 3> <II = 1> <Delay = 6.43> <FuncUnit> <Opcode : 'fadd' 'fsub'> <InPorts = 2> <OutPorts = 1>
ST_17 : Operation 212 [1/1] (0.62ns)   --->   "%tmp_40 = mux i32 @_ssdm_op_Mux.ap_auto.6f32.i3, i32 %P_205_read, i32 %P_206_read, i32 %P_207_read, i32 %P_208_read, i32 %P_209_read, i32 %P_210_read, i3 %select_ln17" [ekf_core.cpp:23->ekf_core.cpp:114->ekf_core.cpp:169]   --->   Operation 212 'mux' 'tmp_40' <Predicate = true> <Delay = 0.62> <CoreInst = "Multiplexer">   --->   Core 76 'Multiplexer' <Latency = 0> <II = 1> <Delay = 0.62> <FuncUnit> <Opcode : 'mux'> <InPorts = 2> <OutPorts = 1>

State 18 <SV = 17> <Delay = 7.01>
ST_18 : Operation 213 [3/4] (6.43ns)   --->   "%acc_92 = fadd i32 %acc_91, i32 %mul_i_i44_3" [ekf_core.cpp:23->ekf_core.cpp:114->ekf_core.cpp:169]   --->   Operation 213 'fadd' 'acc_92' <Predicate = true> <Delay = 6.43> <CoreInst = "FAddSub_fulldsp">   --->   Core 18 'FAddSub_fulldsp' <Latency = 3> <II = 1> <Delay = 6.43> <FuncUnit> <Opcode : 'fadd' 'fsub'> <InPorts = 2> <OutPorts = 1>
ST_18 : [1/1] (0.96ns)   --->   Input mux for Operation 214 '%mul_i_i44_4 = fmul i32 %select_ln17_12, i32 %tmp_40'
ST_18 : Operation 214 [3/3] (6.04ns)   --->   "%mul_i_i44_4 = fmul i32 %select_ln17_12, i32 %tmp_40" [ekf_core.cpp:23->ekf_core.cpp:114->ekf_core.cpp:169]   --->   Operation 214 'fmul' 'mul_i_i44_4' <Predicate = true> <Delay = 6.04> <CoreInst = "FMul_maxdsp">   --->   Core 30 'FMul_maxdsp' <Latency = 2> <II = 1> <Delay = 7.01> <FuncUnit> <Opcode : 'fmul'> <InPorts = 2> <OutPorts = 1>

State 19 <SV = 18> <Delay = 7.01>
ST_19 : Operation 215 [2/4] (6.43ns)   --->   "%acc_92 = fadd i32 %acc_91, i32 %mul_i_i44_3" [ekf_core.cpp:23->ekf_core.cpp:114->ekf_core.cpp:169]   --->   Operation 215 'fadd' 'acc_92' <Predicate = true> <Delay = 6.43> <CoreInst = "FAddSub_fulldsp">   --->   Core 18 'FAddSub_fulldsp' <Latency = 3> <II = 1> <Delay = 6.43> <FuncUnit> <Opcode : 'fadd' 'fsub'> <InPorts = 2> <OutPorts = 1>
ST_19 : Operation 216 [2/3] (7.01ns)   --->   "%mul_i_i44_4 = fmul i32 %select_ln17_12, i32 %tmp_40" [ekf_core.cpp:23->ekf_core.cpp:114->ekf_core.cpp:169]   --->   Operation 216 'fmul' 'mul_i_i44_4' <Predicate = true> <Delay = 7.01> <CoreInst = "FMul_maxdsp">   --->   Core 30 'FMul_maxdsp' <Latency = 2> <II = 1> <Delay = 7.01> <FuncUnit> <Opcode : 'fmul'> <InPorts = 2> <OutPorts = 1>

State 20 <SV = 19> <Delay = 7.01>
ST_20 : Operation 217 [1/4] (6.43ns)   --->   "%acc_92 = fadd i32 %acc_91, i32 %mul_i_i44_3" [ekf_core.cpp:23->ekf_core.cpp:114->ekf_core.cpp:169]   --->   Operation 217 'fadd' 'acc_92' <Predicate = true> <Delay = 6.43> <CoreInst = "FAddSub_fulldsp">   --->   Core 18 'FAddSub_fulldsp' <Latency = 3> <II = 1> <Delay = 6.43> <FuncUnit> <Opcode : 'fadd' 'fsub'> <InPorts = 2> <OutPorts = 1>
ST_20 : Operation 218 [1/3] (7.01ns)   --->   "%mul_i_i44_4 = fmul i32 %select_ln17_12, i32 %tmp_40" [ekf_core.cpp:23->ekf_core.cpp:114->ekf_core.cpp:169]   --->   Operation 218 'fmul' 'mul_i_i44_4' <Predicate = true> <Delay = 7.01> <CoreInst = "FMul_maxdsp">   --->   Core 30 'FMul_maxdsp' <Latency = 2> <II = 1> <Delay = 7.01> <FuncUnit> <Opcode : 'fmul'> <InPorts = 2> <OutPorts = 1>

State 21 <SV = 20> <Delay = 6.43>
ST_21 : Operation 219 [1/1] (0.62ns)   --->   "%tmp_82_mid1 = mux i32 @_ssdm_op_Mux.ap_auto.6f32.i3, i32 %A_5_reload_read, i32 %A_11_reload_read, i32 %A_17_reload_read, i32 %A_23_reload_read, i32 %A_29_reload_read, i32 %A_35_reload_read, i3 %add_ln17_2" [ekf_core.cpp:17->ekf_core.cpp:114->ekf_core.cpp:169]   --->   Operation 219 'mux' 'tmp_82_mid1' <Predicate = (icmp_ln18)> <Delay = 0.62> <CoreInst = "Multiplexer">   --->   Core 76 'Multiplexer' <Latency = 0> <II = 1> <Delay = 0.62> <FuncUnit> <Opcode : 'mux'> <InPorts = 2> <OutPorts = 1>
ST_21 : Operation 220 [1/1] (0.62ns)   --->   "%tmp_35 = mux i32 @_ssdm_op_Mux.ap_auto.6f32.i3, i32 %A_5_reload_read, i32 %A_11_reload_read, i32 %A_17_reload_read, i32 %A_23_reload_read, i32 %A_29_reload_read, i32 %A_35_reload_read, i3 %i_load" [ekf_core.cpp:17->ekf_core.cpp:114->ekf_core.cpp:169]   --->   Operation 220 'mux' 'tmp_35' <Predicate = (!icmp_ln18)> <Delay = 0.62> <CoreInst = "Multiplexer">   --->   Core 76 'Multiplexer' <Latency = 0> <II = 1> <Delay = 0.62> <FuncUnit> <Opcode : 'mux'> <InPorts = 2> <OutPorts = 1>
ST_21 : Operation 221 [1/1] (0.44ns)   --->   "%select_ln17_13 = select i1 %icmp_ln18, i32 %tmp_82_mid1, i32 %tmp_35" [ekf_core.cpp:17->ekf_core.cpp:114->ekf_core.cpp:169]   --->   Operation 221 'select' 'select_ln17_13' <Predicate = true> <Delay = 0.44> <CoreInst = "Sel">   --->   Core 73 'Sel' <Latency = 0> <II = 1> <Delay = 0.44> <FuncUnit> <Opcode : 'select'> <InPorts = 3> <OutPorts = 1>
ST_21 : [1/1] (1.04ns)   --->   Input mux for Operation 222 '%acc_93 = fadd i32 %acc_92, i32 %mul_i_i44_4'
ST_21 : Operation 222 [4/4] (5.38ns)   --->   "%acc_93 = fadd i32 %acc_92, i32 %mul_i_i44_4" [ekf_core.cpp:23->ekf_core.cpp:114->ekf_core.cpp:169]   --->   Operation 222 'fadd' 'acc_93' <Predicate = true> <Delay = 5.38> <CoreInst = "FAddSub_fulldsp">   --->   Core 18 'FAddSub_fulldsp' <Latency = 3> <II = 1> <Delay = 6.43> <FuncUnit> <Opcode : 'fadd' 'fsub'> <InPorts = 2> <OutPorts = 1>
ST_21 : Operation 223 [1/1] (0.62ns)   --->   "%tmp_41 = mux i32 @_ssdm_op_Mux.ap_auto.6f32.i3, i32 %P_211_read, i32 %P_212_read, i32 %P_213_read, i32 %P_214_read, i32 %P_215_read, i32 %P_216_read, i3 %select_ln17" [ekf_core.cpp:23->ekf_core.cpp:114->ekf_core.cpp:169]   --->   Operation 223 'mux' 'tmp_41' <Predicate = true> <Delay = 0.62> <CoreInst = "Multiplexer">   --->   Core 76 'Multiplexer' <Latency = 0> <II = 1> <Delay = 0.62> <FuncUnit> <Opcode : 'mux'> <InPorts = 2> <OutPorts = 1>

State 22 <SV = 21> <Delay = 7.01>
ST_22 : Operation 224 [3/4] (6.43ns)   --->   "%acc_93 = fadd i32 %acc_92, i32 %mul_i_i44_4" [ekf_core.cpp:23->ekf_core.cpp:114->ekf_core.cpp:169]   --->   Operation 224 'fadd' 'acc_93' <Predicate = true> <Delay = 6.43> <CoreInst = "FAddSub_fulldsp">   --->   Core 18 'FAddSub_fulldsp' <Latency = 3> <II = 1> <Delay = 6.43> <FuncUnit> <Opcode : 'fadd' 'fsub'> <InPorts = 2> <OutPorts = 1>
ST_22 : [1/1] (0.96ns)   --->   Input mux for Operation 225 '%mul_i_i44_5 = fmul i32 %select_ln17_13, i32 %tmp_41'
ST_22 : Operation 225 [3/3] (6.04ns)   --->   "%mul_i_i44_5 = fmul i32 %select_ln17_13, i32 %tmp_41" [ekf_core.cpp:23->ekf_core.cpp:114->ekf_core.cpp:169]   --->   Operation 225 'fmul' 'mul_i_i44_5' <Predicate = true> <Delay = 6.04> <CoreInst = "FMul_maxdsp">   --->   Core 30 'FMul_maxdsp' <Latency = 2> <II = 1> <Delay = 7.01> <FuncUnit> <Opcode : 'fmul'> <InPorts = 2> <OutPorts = 1>

State 23 <SV = 22> <Delay = 7.01>
ST_23 : Operation 226 [2/4] (6.43ns)   --->   "%acc_93 = fadd i32 %acc_92, i32 %mul_i_i44_4" [ekf_core.cpp:23->ekf_core.cpp:114->ekf_core.cpp:169]   --->   Operation 226 'fadd' 'acc_93' <Predicate = true> <Delay = 6.43> <CoreInst = "FAddSub_fulldsp">   --->   Core 18 'FAddSub_fulldsp' <Latency = 3> <II = 1> <Delay = 6.43> <FuncUnit> <Opcode : 'fadd' 'fsub'> <InPorts = 2> <OutPorts = 1>
ST_23 : Operation 227 [2/3] (7.01ns)   --->   "%mul_i_i44_5 = fmul i32 %select_ln17_13, i32 %tmp_41" [ekf_core.cpp:23->ekf_core.cpp:114->ekf_core.cpp:169]   --->   Operation 227 'fmul' 'mul_i_i44_5' <Predicate = true> <Delay = 7.01> <CoreInst = "FMul_maxdsp">   --->   Core 30 'FMul_maxdsp' <Latency = 2> <II = 1> <Delay = 7.01> <FuncUnit> <Opcode : 'fmul'> <InPorts = 2> <OutPorts = 1>

State 24 <SV = 23> <Delay = 7.01>
ST_24 : Operation 228 [1/4] (6.43ns)   --->   "%acc_93 = fadd i32 %acc_92, i32 %mul_i_i44_4" [ekf_core.cpp:23->ekf_core.cpp:114->ekf_core.cpp:169]   --->   Operation 228 'fadd' 'acc_93' <Predicate = true> <Delay = 6.43> <CoreInst = "FAddSub_fulldsp">   --->   Core 18 'FAddSub_fulldsp' <Latency = 3> <II = 1> <Delay = 6.43> <FuncUnit> <Opcode : 'fadd' 'fsub'> <InPorts = 2> <OutPorts = 1>
ST_24 : Operation 229 [1/3] (7.01ns)   --->   "%mul_i_i44_5 = fmul i32 %select_ln17_13, i32 %tmp_41" [ekf_core.cpp:23->ekf_core.cpp:114->ekf_core.cpp:169]   --->   Operation 229 'fmul' 'mul_i_i44_5' <Predicate = true> <Delay = 7.01> <CoreInst = "FMul_maxdsp">   --->   Core 30 'FMul_maxdsp' <Latency = 2> <II = 1> <Delay = 7.01> <FuncUnit> <Opcode : 'fmul'> <InPorts = 2> <OutPorts = 1>

State 25 <SV = 24> <Delay = 6.43>
ST_25 : [1/1] (1.04ns)   --->   Input mux for Operation 230 '%acc_94 = fadd i32 %acc_93, i32 %mul_i_i44_5'
ST_25 : Operation 230 [4/4] (5.38ns)   --->   "%acc_94 = fadd i32 %acc_93, i32 %mul_i_i44_5" [ekf_core.cpp:23->ekf_core.cpp:114->ekf_core.cpp:169]   --->   Operation 230 'fadd' 'acc_94' <Predicate = true> <Delay = 5.38> <CoreInst = "FAddSub_fulldsp">   --->   Core 18 'FAddSub_fulldsp' <Latency = 3> <II = 1> <Delay = 6.43> <FuncUnit> <Opcode : 'fadd' 'fsub'> <InPorts = 2> <OutPorts = 1>

State 26 <SV = 25> <Delay = 6.43>
ST_26 : Operation 231 [3/4] (6.43ns)   --->   "%acc_94 = fadd i32 %acc_93, i32 %mul_i_i44_5" [ekf_core.cpp:23->ekf_core.cpp:114->ekf_core.cpp:169]   --->   Operation 231 'fadd' 'acc_94' <Predicate = true> <Delay = 6.43> <CoreInst = "FAddSub_fulldsp">   --->   Core 18 'FAddSub_fulldsp' <Latency = 3> <II = 1> <Delay = 6.43> <FuncUnit> <Opcode : 'fadd' 'fsub'> <InPorts = 2> <OutPorts = 1>

State 27 <SV = 26> <Delay = 6.43>
ST_27 : Operation 232 [2/4] (6.43ns)   --->   "%acc_94 = fadd i32 %acc_93, i32 %mul_i_i44_5" [ekf_core.cpp:23->ekf_core.cpp:114->ekf_core.cpp:169]   --->   Operation 232 'fadd' 'acc_94' <Predicate = true> <Delay = 6.43> <CoreInst = "FAddSub_fulldsp">   --->   Core 18 'FAddSub_fulldsp' <Latency = 3> <II = 1> <Delay = 6.43> <FuncUnit> <Opcode : 'fadd' 'fsub'> <InPorts = 2> <OutPorts = 1>
ST_27 : Operation 310 [1/1] (0.00ns)   --->   "%acc_load = load i32 %acc"   --->   Operation 310 'load' 'acc_load' <Predicate = (icmp_ln17)> <Delay = 0.00>
ST_27 : Operation 311 [1/1] (0.00ns)   --->   "%acc_54_load = load i32 %acc_54"   --->   Operation 311 'load' 'acc_54_load' <Predicate = (icmp_ln17)> <Delay = 0.00>
ST_27 : Operation 312 [1/1] (0.00ns)   --->   "%acc_55_load = load i32 %acc_55"   --->   Operation 312 'load' 'acc_55_load' <Predicate = (icmp_ln17)> <Delay = 0.00>
ST_27 : Operation 313 [1/1] (0.00ns)   --->   "%acc_56_load = load i32 %acc_56"   --->   Operation 313 'load' 'acc_56_load' <Predicate = (icmp_ln17)> <Delay = 0.00>
ST_27 : Operation 314 [1/1] (0.00ns)   --->   "%acc_57_load = load i32 %acc_57"   --->   Operation 314 'load' 'acc_57_load' <Predicate = (icmp_ln17)> <Delay = 0.00>
ST_27 : Operation 315 [1/1] (0.00ns)   --->   "%acc_58_load = load i32 %acc_58"   --->   Operation 315 'load' 'acc_58_load' <Predicate = (icmp_ln17)> <Delay = 0.00>
ST_27 : Operation 316 [1/1] (0.00ns)   --->   "%acc_59_load = load i32 %acc_59"   --->   Operation 316 'load' 'acc_59_load' <Predicate = (icmp_ln17)> <Delay = 0.00>
ST_27 : Operation 317 [1/1] (0.00ns)   --->   "%acc_60_load = load i32 %acc_60"   --->   Operation 317 'load' 'acc_60_load' <Predicate = (icmp_ln17)> <Delay = 0.00>
ST_27 : Operation 318 [1/1] (0.00ns)   --->   "%acc_61_load = load i32 %acc_61"   --->   Operation 318 'load' 'acc_61_load' <Predicate = (icmp_ln17)> <Delay = 0.00>
ST_27 : Operation 319 [1/1] (0.00ns)   --->   "%acc_62_load = load i32 %acc_62"   --->   Operation 319 'load' 'acc_62_load' <Predicate = (icmp_ln17)> <Delay = 0.00>
ST_27 : Operation 320 [1/1] (0.00ns)   --->   "%acc_63_load = load i32 %acc_63"   --->   Operation 320 'load' 'acc_63_load' <Predicate = (icmp_ln17)> <Delay = 0.00>
ST_27 : Operation 321 [1/1] (0.00ns)   --->   "%acc_64_load = load i32 %acc_64"   --->   Operation 321 'load' 'acc_64_load' <Predicate = (icmp_ln17)> <Delay = 0.00>
ST_27 : Operation 322 [1/1] (0.00ns)   --->   "%acc_65_load = load i32 %acc_65"   --->   Operation 322 'load' 'acc_65_load' <Predicate = (icmp_ln17)> <Delay = 0.00>
ST_27 : Operation 323 [1/1] (0.00ns)   --->   "%acc_66_load = load i32 %acc_66"   --->   Operation 323 'load' 'acc_66_load' <Predicate = (icmp_ln17)> <Delay = 0.00>
ST_27 : Operation 324 [1/1] (0.00ns)   --->   "%acc_67_load = load i32 %acc_67"   --->   Operation 324 'load' 'acc_67_load' <Predicate = (icmp_ln17)> <Delay = 0.00>
ST_27 : Operation 325 [1/1] (0.00ns)   --->   "%acc_68_load = load i32 %acc_68"   --->   Operation 325 'load' 'acc_68_load' <Predicate = (icmp_ln17)> <Delay = 0.00>
ST_27 : Operation 326 [1/1] (0.00ns)   --->   "%acc_69_load = load i32 %acc_69"   --->   Operation 326 'load' 'acc_69_load' <Predicate = (icmp_ln17)> <Delay = 0.00>
ST_27 : Operation 327 [1/1] (0.00ns)   --->   "%acc_70_load = load i32 %acc_70"   --->   Operation 327 'load' 'acc_70_load' <Predicate = (icmp_ln17)> <Delay = 0.00>
ST_27 : Operation 328 [1/1] (0.00ns)   --->   "%acc_71_load = load i32 %acc_71"   --->   Operation 328 'load' 'acc_71_load' <Predicate = (icmp_ln17)> <Delay = 0.00>
ST_27 : Operation 329 [1/1] (0.00ns)   --->   "%acc_72_load = load i32 %acc_72"   --->   Operation 329 'load' 'acc_72_load' <Predicate = (icmp_ln17)> <Delay = 0.00>
ST_27 : Operation 330 [1/1] (0.00ns)   --->   "%acc_73_load = load i32 %acc_73"   --->   Operation 330 'load' 'acc_73_load' <Predicate = (icmp_ln17)> <Delay = 0.00>
ST_27 : Operation 331 [1/1] (0.00ns)   --->   "%acc_74_load = load i32 %acc_74"   --->   Operation 331 'load' 'acc_74_load' <Predicate = (icmp_ln17)> <Delay = 0.00>
ST_27 : Operation 332 [1/1] (0.00ns)   --->   "%acc_75_load = load i32 %acc_75"   --->   Operation 332 'load' 'acc_75_load' <Predicate = (icmp_ln17)> <Delay = 0.00>
ST_27 : Operation 333 [1/1] (0.00ns)   --->   "%acc_76_load = load i32 %acc_76"   --->   Operation 333 'load' 'acc_76_load' <Predicate = (icmp_ln17)> <Delay = 0.00>
ST_27 : Operation 334 [1/1] (0.00ns)   --->   "%acc_77_load = load i32 %acc_77"   --->   Operation 334 'load' 'acc_77_load' <Predicate = (icmp_ln17)> <Delay = 0.00>
ST_27 : Operation 335 [1/1] (0.00ns)   --->   "%acc_78_load = load i32 %acc_78"   --->   Operation 335 'load' 'acc_78_load' <Predicate = (icmp_ln17)> <Delay = 0.00>
ST_27 : Operation 336 [1/1] (0.00ns)   --->   "%acc_79_load = load i32 %acc_79"   --->   Operation 336 'load' 'acc_79_load' <Predicate = (icmp_ln17)> <Delay = 0.00>
ST_27 : Operation 337 [1/1] (0.00ns)   --->   "%acc_80_load = load i32 %acc_80"   --->   Operation 337 'load' 'acc_80_load' <Predicate = (icmp_ln17)> <Delay = 0.00>
ST_27 : Operation 338 [1/1] (0.00ns)   --->   "%acc_81_load = load i32 %acc_81"   --->   Operation 338 'load' 'acc_81_load' <Predicate = (icmp_ln17)> <Delay = 0.00>
ST_27 : Operation 339 [1/1] (0.00ns)   --->   "%acc_82_load = load i32 %acc_82"   --->   Operation 339 'load' 'acc_82_load' <Predicate = (icmp_ln17)> <Delay = 0.00>
ST_27 : Operation 340 [1/1] (0.00ns)   --->   "%acc_83_load = load i32 %acc_83"   --->   Operation 340 'load' 'acc_83_load' <Predicate = (icmp_ln17)> <Delay = 0.00>
ST_27 : Operation 341 [1/1] (0.00ns)   --->   "%acc_84_load = load i32 %acc_84"   --->   Operation 341 'load' 'acc_84_load' <Predicate = (icmp_ln17)> <Delay = 0.00>
ST_27 : Operation 342 [1/1] (0.00ns)   --->   "%acc_85_load = load i32 %acc_85"   --->   Operation 342 'load' 'acc_85_load' <Predicate = (icmp_ln17)> <Delay = 0.00>
ST_27 : Operation 343 [1/1] (0.00ns)   --->   "%acc_86_load = load i32 %acc_86"   --->   Operation 343 'load' 'acc_86_load' <Predicate = (icmp_ln17)> <Delay = 0.00>
ST_27 : Operation 344 [1/1] (0.00ns)   --->   "%acc_87_load = load i32 %acc_87"   --->   Operation 344 'load' 'acc_87_load' <Predicate = (icmp_ln17)> <Delay = 0.00>
ST_27 : Operation 345 [1/1] (0.00ns)   --->   "%acc_88_load = load i32 %acc_88"   --->   Operation 345 'load' 'acc_88_load' <Predicate = (icmp_ln17)> <Delay = 0.00>
ST_27 : Operation 346 [1/1] (0.00ns)   --->   "%write_ln0 = write void @_ssdm_op_Write.ap_auto.floatP0A, i32 %mux_case_520153177_out, i32 %acc_88_load"   --->   Operation 346 'write' 'write_ln0' <Predicate = (icmp_ln17)> <Delay = 0.00>
ST_27 : Operation 347 [1/1] (0.00ns)   --->   "%write_ln0 = write void @_ssdm_op_Write.ap_auto.floatP0A, i32 %mux_case_420133172_out, i32 %acc_87_load"   --->   Operation 347 'write' 'write_ln0' <Predicate = (icmp_ln17)> <Delay = 0.00>
ST_27 : Operation 348 [1/1] (0.00ns)   --->   "%write_ln0 = write void @_ssdm_op_Write.ap_auto.floatP0A, i32 %mux_case_320113167_out, i32 %acc_86_load"   --->   Operation 348 'write' 'write_ln0' <Predicate = (icmp_ln17)> <Delay = 0.00>
ST_27 : Operation 349 [1/1] (0.00ns)   --->   "%write_ln0 = write void @_ssdm_op_Write.ap_auto.floatP0A, i32 %mux_case_220093162_out, i32 %acc_85_load"   --->   Operation 349 'write' 'write_ln0' <Predicate = (icmp_ln17)> <Delay = 0.00>
ST_27 : Operation 350 [1/1] (0.00ns)   --->   "%write_ln0 = write void @_ssdm_op_Write.ap_auto.floatP0A, i32 %mux_case_120073157_out, i32 %acc_84_load"   --->   Operation 350 'write' 'write_ln0' <Predicate = (icmp_ln17)> <Delay = 0.00>
ST_27 : Operation 351 [1/1] (0.00ns)   --->   "%write_ln0 = write void @_ssdm_op_Write.ap_auto.floatP0A, i32 %mux_case_020053151_out, i32 %acc_83_load"   --->   Operation 351 'write' 'write_ln0' <Predicate = (icmp_ln17)> <Delay = 0.00>
ST_27 : Operation 352 [1/1] (0.00ns)   --->   "%write_ln0 = write void @_ssdm_op_Write.ap_auto.floatP0A, i32 %mux_case_520033147_out, i32 %acc_82_load"   --->   Operation 352 'write' 'write_ln0' <Predicate = (icmp_ln17)> <Delay = 0.00>
ST_27 : Operation 353 [1/1] (0.00ns)   --->   "%write_ln0 = write void @_ssdm_op_Write.ap_auto.floatP0A, i32 %mux_case_420013142_out, i32 %acc_81_load"   --->   Operation 353 'write' 'write_ln0' <Predicate = (icmp_ln17)> <Delay = 0.00>
ST_27 : Operation 354 [1/1] (0.00ns)   --->   "%write_ln0 = write void @_ssdm_op_Write.ap_auto.floatP0A, i32 %mux_case_319993137_out, i32 %acc_80_load"   --->   Operation 354 'write' 'write_ln0' <Predicate = (icmp_ln17)> <Delay = 0.00>
ST_27 : Operation 355 [1/1] (0.00ns)   --->   "%write_ln0 = write void @_ssdm_op_Write.ap_auto.floatP0A, i32 %mux_case_219973132_out, i32 %acc_79_load"   --->   Operation 355 'write' 'write_ln0' <Predicate = (icmp_ln17)> <Delay = 0.00>
ST_27 : Operation 356 [1/1] (0.00ns)   --->   "%write_ln0 = write void @_ssdm_op_Write.ap_auto.floatP0A, i32 %mux_case_119953127_out, i32 %acc_78_load"   --->   Operation 356 'write' 'write_ln0' <Predicate = (icmp_ln17)> <Delay = 0.00>
ST_27 : Operation 357 [1/1] (0.00ns)   --->   "%write_ln0 = write void @_ssdm_op_Write.ap_auto.floatP0A, i32 %mux_case_019933121_out, i32 %acc_77_load"   --->   Operation 357 'write' 'write_ln0' <Predicate = (icmp_ln17)> <Delay = 0.00>
ST_27 : Operation 358 [1/1] (0.00ns)   --->   "%write_ln0 = write void @_ssdm_op_Write.ap_auto.floatP0A, i32 %mux_case_519913117_out, i32 %acc_76_load"   --->   Operation 358 'write' 'write_ln0' <Predicate = (icmp_ln17)> <Delay = 0.00>
ST_27 : Operation 359 [1/1] (0.00ns)   --->   "%write_ln0 = write void @_ssdm_op_Write.ap_auto.floatP0A, i32 %mux_case_419893112_out, i32 %acc_75_load"   --->   Operation 359 'write' 'write_ln0' <Predicate = (icmp_ln17)> <Delay = 0.00>
ST_27 : Operation 360 [1/1] (0.00ns)   --->   "%write_ln0 = write void @_ssdm_op_Write.ap_auto.floatP0A, i32 %mux_case_319873107_out, i32 %acc_74_load"   --->   Operation 360 'write' 'write_ln0' <Predicate = (icmp_ln17)> <Delay = 0.00>
ST_27 : Operation 361 [1/1] (0.00ns)   --->   "%write_ln0 = write void @_ssdm_op_Write.ap_auto.floatP0A, i32 %mux_case_219853102_out, i32 %acc_73_load"   --->   Operation 361 'write' 'write_ln0' <Predicate = (icmp_ln17)> <Delay = 0.00>
ST_27 : Operation 362 [1/1] (0.00ns)   --->   "%write_ln0 = write void @_ssdm_op_Write.ap_auto.floatP0A, i32 %mux_case_119833097_out, i32 %acc_72_load"   --->   Operation 362 'write' 'write_ln0' <Predicate = (icmp_ln17)> <Delay = 0.00>
ST_27 : Operation 363 [1/1] (0.00ns)   --->   "%write_ln0 = write void @_ssdm_op_Write.ap_auto.floatP0A, i32 %mux_case_019813091_out, i32 %acc_71_load"   --->   Operation 363 'write' 'write_ln0' <Predicate = (icmp_ln17)> <Delay = 0.00>
ST_27 : Operation 364 [1/1] (0.00ns)   --->   "%write_ln0 = write void @_ssdm_op_Write.ap_auto.floatP0A, i32 %mux_case_519793087_out, i32 %acc_70_load"   --->   Operation 364 'write' 'write_ln0' <Predicate = (icmp_ln17)> <Delay = 0.00>
ST_27 : Operation 365 [1/1] (0.00ns)   --->   "%write_ln0 = write void @_ssdm_op_Write.ap_auto.floatP0A, i32 %mux_case_419773082_out, i32 %acc_69_load"   --->   Operation 365 'write' 'write_ln0' <Predicate = (icmp_ln17)> <Delay = 0.00>
ST_27 : Operation 366 [1/1] (0.00ns)   --->   "%write_ln0 = write void @_ssdm_op_Write.ap_auto.floatP0A, i32 %mux_case_319753077_out, i32 %acc_68_load"   --->   Operation 366 'write' 'write_ln0' <Predicate = (icmp_ln17)> <Delay = 0.00>
ST_27 : Operation 367 [1/1] (0.00ns)   --->   "%write_ln0 = write void @_ssdm_op_Write.ap_auto.floatP0A, i32 %mux_case_219733072_out, i32 %acc_67_load"   --->   Operation 367 'write' 'write_ln0' <Predicate = (icmp_ln17)> <Delay = 0.00>
ST_27 : Operation 368 [1/1] (0.00ns)   --->   "%write_ln0 = write void @_ssdm_op_Write.ap_auto.floatP0A, i32 %mux_case_119713067_out, i32 %acc_66_load"   --->   Operation 368 'write' 'write_ln0' <Predicate = (icmp_ln17)> <Delay = 0.00>
ST_27 : Operation 369 [1/1] (0.00ns)   --->   "%write_ln0 = write void @_ssdm_op_Write.ap_auto.floatP0A, i32 %mux_case_019693061_out, i32 %acc_65_load"   --->   Operation 369 'write' 'write_ln0' <Predicate = (icmp_ln17)> <Delay = 0.00>
ST_27 : Operation 370 [1/1] (0.00ns)   --->   "%write_ln0 = write void @_ssdm_op_Write.ap_auto.floatP0A, i32 %mux_case_519673057_out, i32 %acc_64_load"   --->   Operation 370 'write' 'write_ln0' <Predicate = (icmp_ln17)> <Delay = 0.00>
ST_27 : Operation 371 [1/1] (0.00ns)   --->   "%write_ln0 = write void @_ssdm_op_Write.ap_auto.floatP0A, i32 %mux_case_419653052_out, i32 %acc_63_load"   --->   Operation 371 'write' 'write_ln0' <Predicate = (icmp_ln17)> <Delay = 0.00>
ST_27 : Operation 372 [1/1] (0.00ns)   --->   "%write_ln0 = write void @_ssdm_op_Write.ap_auto.floatP0A, i32 %mux_case_319633047_out, i32 %acc_62_load"   --->   Operation 372 'write' 'write_ln0' <Predicate = (icmp_ln17)> <Delay = 0.00>
ST_27 : Operation 373 [1/1] (0.00ns)   --->   "%write_ln0 = write void @_ssdm_op_Write.ap_auto.floatP0A, i32 %mux_case_219613042_out, i32 %acc_61_load"   --->   Operation 373 'write' 'write_ln0' <Predicate = (icmp_ln17)> <Delay = 0.00>
ST_27 : Operation 374 [1/1] (0.00ns)   --->   "%write_ln0 = write void @_ssdm_op_Write.ap_auto.floatP0A, i32 %mux_case_119593037_out, i32 %acc_60_load"   --->   Operation 374 'write' 'write_ln0' <Predicate = (icmp_ln17)> <Delay = 0.00>
ST_27 : Operation 375 [1/1] (0.00ns)   --->   "%write_ln0 = write void @_ssdm_op_Write.ap_auto.floatP0A, i32 %mux_case_019573031_out, i32 %acc_59_load"   --->   Operation 375 'write' 'write_ln0' <Predicate = (icmp_ln17)> <Delay = 0.00>
ST_27 : Operation 376 [1/1] (0.00ns)   --->   "%write_ln0 = write void @_ssdm_op_Write.ap_auto.floatP0A, i32 %mux_case_519553027_out, i32 %acc_58_load"   --->   Operation 376 'write' 'write_ln0' <Predicate = (icmp_ln17)> <Delay = 0.00>
ST_27 : Operation 377 [1/1] (0.00ns)   --->   "%write_ln0 = write void @_ssdm_op_Write.ap_auto.floatP0A, i32 %mux_case_419533022_out, i32 %acc_57_load"   --->   Operation 377 'write' 'write_ln0' <Predicate = (icmp_ln17)> <Delay = 0.00>
ST_27 : Operation 378 [1/1] (0.00ns)   --->   "%write_ln0 = write void @_ssdm_op_Write.ap_auto.floatP0A, i32 %mux_case_319513017_out, i32 %acc_56_load"   --->   Operation 378 'write' 'write_ln0' <Predicate = (icmp_ln17)> <Delay = 0.00>
ST_27 : Operation 379 [1/1] (0.00ns)   --->   "%write_ln0 = write void @_ssdm_op_Write.ap_auto.floatP0A, i32 %mux_case_219493012_out, i32 %acc_55_load"   --->   Operation 379 'write' 'write_ln0' <Predicate = (icmp_ln17)> <Delay = 0.00>
ST_27 : Operation 380 [1/1] (0.00ns)   --->   "%write_ln0 = write void @_ssdm_op_Write.ap_auto.floatP0A, i32 %mux_case_119473007_out, i32 %acc_54_load"   --->   Operation 380 'write' 'write_ln0' <Predicate = (icmp_ln17)> <Delay = 0.00>
ST_27 : Operation 381 [1/1] (0.00ns)   --->   "%write_ln0 = write void @_ssdm_op_Write.ap_auto.floatP0A, i32 %mux_case_019453001_out, i32 %acc_load"   --->   Operation 381 'write' 'write_ln0' <Predicate = (icmp_ln17)> <Delay = 0.00>
ST_27 : Operation 382 [1/1] (0.00ns)   --->   "%ret_ln0 = ret"   --->   Operation 382 'ret' 'ret_ln0' <Predicate = (icmp_ln17)> <Delay = 0.00>

State 28 <SV = 27> <Delay = 6.43>
ST_28 : Operation 233 [1/1] (0.00ns)   --->   "%specloopname_ln0 = specloopname void @_ssdm_op_SpecLoopName, void @VITIS_LOOP_17_1_VITIS_LOOP_18_2_str"   --->   Operation 233 'specloopname' 'specloopname_ln0' <Predicate = true> <Delay = 0.00>
ST_28 : Operation 234 [1/1] (0.00ns)   --->   "%speclooptripcount_ln0 = speclooptripcount void @_ssdm_op_SpecLoopTripCount, i64 36, i64 36, i64 36"   --->   Operation 234 'speclooptripcount' 'speclooptripcount_ln0' <Predicate = true> <Delay = 0.00>
ST_28 : Operation 235 [1/1] (0.00ns)   --->   "%specpipeline_ln19 = specpipeline void @_ssdm_op_SpecPipeline, i32 1, i32 0, i32 0, i32 0, void @empty_30" [ekf_core.cpp:19->ekf_core.cpp:114->ekf_core.cpp:169]   --->   Operation 235 'specpipeline' 'specpipeline_ln19' <Predicate = true> <Delay = 0.00>
ST_28 : Operation 236 [1/1] (0.00ns)   --->   "%specloopname_ln18 = specloopname void @_ssdm_op_SpecLoopName, void @empty_10" [ekf_core.cpp:18->ekf_core.cpp:114->ekf_core.cpp:169]   --->   Operation 236 'specloopname' 'specloopname_ln18' <Predicate = true> <Delay = 0.00>
ST_28 : Operation 237 [1/4] (6.43ns)   --->   "%acc_94 = fadd i32 %acc_93, i32 %mul_i_i44_5" [ekf_core.cpp:23->ekf_core.cpp:114->ekf_core.cpp:169]   --->   Operation 237 'fadd' 'acc_94' <Predicate = true> <Delay = 6.43> <CoreInst = "FAddSub_fulldsp">   --->   Core 18 'FAddSub_fulldsp' <Latency = 3> <II = 1> <Delay = 6.43> <FuncUnit> <Opcode : 'fadd' 'fsub'> <InPorts = 2> <OutPorts = 1>
ST_28 : Operation 238 [1/1] (0.00ns)   --->   "%store_ln25 = store i32 %acc_94, i32 %acc_81" [ekf_core.cpp:25->ekf_core.cpp:114->ekf_core.cpp:169]   --->   Operation 238 'store' 'store_ln25' <Predicate = (select_ln17_14 == 4 & select_ln17 == 4)> <Delay = 0.00>
ST_28 : Operation 239 [1/1] (0.00ns)   --->   "%br_ln25 = br void %arrayidx181.i.i3573.exit" [ekf_core.cpp:25->ekf_core.cpp:114->ekf_core.cpp:169]   --->   Operation 239 'br' 'br_ln25' <Predicate = (select_ln17_14 == 4 & select_ln17 == 4)> <Delay = 0.00>
ST_28 : Operation 240 [1/1] (0.00ns)   --->   "%store_ln25 = store i32 %acc_94, i32 %acc_75" [ekf_core.cpp:25->ekf_core.cpp:114->ekf_core.cpp:169]   --->   Operation 240 'store' 'store_ln25' <Predicate = (select_ln17_14 == 4 & select_ln17 == 3)> <Delay = 0.00>
ST_28 : Operation 241 [1/1] (0.00ns)   --->   "%br_ln25 = br void %arrayidx181.i.i3573.exit" [ekf_core.cpp:25->ekf_core.cpp:114->ekf_core.cpp:169]   --->   Operation 241 'br' 'br_ln25' <Predicate = (select_ln17_14 == 4 & select_ln17 == 3)> <Delay = 0.00>
ST_28 : Operation 242 [1/1] (0.00ns)   --->   "%store_ln25 = store i32 %acc_94, i32 %acc_69" [ekf_core.cpp:25->ekf_core.cpp:114->ekf_core.cpp:169]   --->   Operation 242 'store' 'store_ln25' <Predicate = (select_ln17_14 == 4 & select_ln17 == 2)> <Delay = 0.00>
ST_28 : Operation 243 [1/1] (0.00ns)   --->   "%br_ln25 = br void %arrayidx181.i.i3573.exit" [ekf_core.cpp:25->ekf_core.cpp:114->ekf_core.cpp:169]   --->   Operation 243 'br' 'br_ln25' <Predicate = (select_ln17_14 == 4 & select_ln17 == 2)> <Delay = 0.00>
ST_28 : Operation 244 [1/1] (0.00ns)   --->   "%store_ln25 = store i32 %acc_94, i32 %acc_63" [ekf_core.cpp:25->ekf_core.cpp:114->ekf_core.cpp:169]   --->   Operation 244 'store' 'store_ln25' <Predicate = (select_ln17_14 == 4 & select_ln17 == 1)> <Delay = 0.00>
ST_28 : Operation 245 [1/1] (0.00ns)   --->   "%br_ln25 = br void %arrayidx181.i.i3573.exit" [ekf_core.cpp:25->ekf_core.cpp:114->ekf_core.cpp:169]   --->   Operation 245 'br' 'br_ln25' <Predicate = (select_ln17_14 == 4 & select_ln17 == 1)> <Delay = 0.00>
ST_28 : Operation 246 [1/1] (0.00ns)   --->   "%store_ln25 = store i32 %acc_94, i32 %acc_57" [ekf_core.cpp:25->ekf_core.cpp:114->ekf_core.cpp:169]   --->   Operation 246 'store' 'store_ln25' <Predicate = (select_ln17_14 == 4 & select_ln17 == 0)> <Delay = 0.00>
ST_28 : Operation 247 [1/1] (0.00ns)   --->   "%br_ln25 = br void %arrayidx181.i.i3573.exit" [ekf_core.cpp:25->ekf_core.cpp:114->ekf_core.cpp:169]   --->   Operation 247 'br' 'br_ln25' <Predicate = (select_ln17_14 == 4 & select_ln17 == 0)> <Delay = 0.00>
ST_28 : Operation 248 [1/1] (0.00ns)   --->   "%store_ln25 = store i32 %acc_94, i32 %acc_87" [ekf_core.cpp:25->ekf_core.cpp:114->ekf_core.cpp:169]   --->   Operation 248 'store' 'store_ln25' <Predicate = (select_ln17_14 == 4 & select_ln17 != 0 & select_ln17 != 1 & select_ln17 != 2 & select_ln17 != 3 & select_ln17 != 4)> <Delay = 0.00>
ST_28 : Operation 249 [1/1] (0.00ns)   --->   "%br_ln25 = br void %arrayidx181.i.i3573.exit" [ekf_core.cpp:25->ekf_core.cpp:114->ekf_core.cpp:169]   --->   Operation 249 'br' 'br_ln25' <Predicate = (select_ln17_14 == 4 & select_ln17 != 0 & select_ln17 != 1 & select_ln17 != 2 & select_ln17 != 3 & select_ln17 != 4)> <Delay = 0.00>
ST_28 : Operation 250 [1/1] (0.00ns)   --->   "%store_ln25 = store i32 %acc_94, i32 %acc_80" [ekf_core.cpp:25->ekf_core.cpp:114->ekf_core.cpp:169]   --->   Operation 250 'store' 'store_ln25' <Predicate = (select_ln17_14 == 3 & select_ln17 == 4)> <Delay = 0.00>
ST_28 : Operation 251 [1/1] (0.00ns)   --->   "%br_ln25 = br void %arrayidx181.i.i3573.exit" [ekf_core.cpp:25->ekf_core.cpp:114->ekf_core.cpp:169]   --->   Operation 251 'br' 'br_ln25' <Predicate = (select_ln17_14 == 3 & select_ln17 == 4)> <Delay = 0.00>
ST_28 : Operation 252 [1/1] (0.00ns)   --->   "%store_ln25 = store i32 %acc_94, i32 %acc_74" [ekf_core.cpp:25->ekf_core.cpp:114->ekf_core.cpp:169]   --->   Operation 252 'store' 'store_ln25' <Predicate = (select_ln17_14 == 3 & select_ln17 == 3)> <Delay = 0.00>
ST_28 : Operation 253 [1/1] (0.00ns)   --->   "%br_ln25 = br void %arrayidx181.i.i3573.exit" [ekf_core.cpp:25->ekf_core.cpp:114->ekf_core.cpp:169]   --->   Operation 253 'br' 'br_ln25' <Predicate = (select_ln17_14 == 3 & select_ln17 == 3)> <Delay = 0.00>
ST_28 : Operation 254 [1/1] (0.00ns)   --->   "%store_ln25 = store i32 %acc_94, i32 %acc_68" [ekf_core.cpp:25->ekf_core.cpp:114->ekf_core.cpp:169]   --->   Operation 254 'store' 'store_ln25' <Predicate = (select_ln17_14 == 3 & select_ln17 == 2)> <Delay = 0.00>
ST_28 : Operation 255 [1/1] (0.00ns)   --->   "%br_ln25 = br void %arrayidx181.i.i3573.exit" [ekf_core.cpp:25->ekf_core.cpp:114->ekf_core.cpp:169]   --->   Operation 255 'br' 'br_ln25' <Predicate = (select_ln17_14 == 3 & select_ln17 == 2)> <Delay = 0.00>
ST_28 : Operation 256 [1/1] (0.00ns)   --->   "%store_ln25 = store i32 %acc_94, i32 %acc_62" [ekf_core.cpp:25->ekf_core.cpp:114->ekf_core.cpp:169]   --->   Operation 256 'store' 'store_ln25' <Predicate = (select_ln17_14 == 3 & select_ln17 == 1)> <Delay = 0.00>
ST_28 : Operation 257 [1/1] (0.00ns)   --->   "%br_ln25 = br void %arrayidx181.i.i3573.exit" [ekf_core.cpp:25->ekf_core.cpp:114->ekf_core.cpp:169]   --->   Operation 257 'br' 'br_ln25' <Predicate = (select_ln17_14 == 3 & select_ln17 == 1)> <Delay = 0.00>
ST_28 : Operation 258 [1/1] (0.00ns)   --->   "%store_ln25 = store i32 %acc_94, i32 %acc_56" [ekf_core.cpp:25->ekf_core.cpp:114->ekf_core.cpp:169]   --->   Operation 258 'store' 'store_ln25' <Predicate = (select_ln17_14 == 3 & select_ln17 == 0)> <Delay = 0.00>
ST_28 : Operation 259 [1/1] (0.00ns)   --->   "%br_ln25 = br void %arrayidx181.i.i3573.exit" [ekf_core.cpp:25->ekf_core.cpp:114->ekf_core.cpp:169]   --->   Operation 259 'br' 'br_ln25' <Predicate = (select_ln17_14 == 3 & select_ln17 == 0)> <Delay = 0.00>
ST_28 : Operation 260 [1/1] (0.00ns)   --->   "%store_ln25 = store i32 %acc_94, i32 %acc_86" [ekf_core.cpp:25->ekf_core.cpp:114->ekf_core.cpp:169]   --->   Operation 260 'store' 'store_ln25' <Predicate = (select_ln17_14 == 3 & select_ln17 != 0 & select_ln17 != 1 & select_ln17 != 2 & select_ln17 != 3 & select_ln17 != 4)> <Delay = 0.00>
ST_28 : Operation 261 [1/1] (0.00ns)   --->   "%br_ln25 = br void %arrayidx181.i.i3573.exit" [ekf_core.cpp:25->ekf_core.cpp:114->ekf_core.cpp:169]   --->   Operation 261 'br' 'br_ln25' <Predicate = (select_ln17_14 == 3 & select_ln17 != 0 & select_ln17 != 1 & select_ln17 != 2 & select_ln17 != 3 & select_ln17 != 4)> <Delay = 0.00>
ST_28 : Operation 262 [1/1] (0.00ns)   --->   "%store_ln25 = store i32 %acc_94, i32 %acc_79" [ekf_core.cpp:25->ekf_core.cpp:114->ekf_core.cpp:169]   --->   Operation 262 'store' 'store_ln25' <Predicate = (select_ln17_14 == 2 & select_ln17 == 4)> <Delay = 0.00>
ST_28 : Operation 263 [1/1] (0.00ns)   --->   "%br_ln25 = br void %arrayidx181.i.i3573.exit" [ekf_core.cpp:25->ekf_core.cpp:114->ekf_core.cpp:169]   --->   Operation 263 'br' 'br_ln25' <Predicate = (select_ln17_14 == 2 & select_ln17 == 4)> <Delay = 0.00>
ST_28 : Operation 264 [1/1] (0.00ns)   --->   "%store_ln25 = store i32 %acc_94, i32 %acc_73" [ekf_core.cpp:25->ekf_core.cpp:114->ekf_core.cpp:169]   --->   Operation 264 'store' 'store_ln25' <Predicate = (select_ln17_14 == 2 & select_ln17 == 3)> <Delay = 0.00>
ST_28 : Operation 265 [1/1] (0.00ns)   --->   "%br_ln25 = br void %arrayidx181.i.i3573.exit" [ekf_core.cpp:25->ekf_core.cpp:114->ekf_core.cpp:169]   --->   Operation 265 'br' 'br_ln25' <Predicate = (select_ln17_14 == 2 & select_ln17 == 3)> <Delay = 0.00>
ST_28 : Operation 266 [1/1] (0.00ns)   --->   "%store_ln25 = store i32 %acc_94, i32 %acc_67" [ekf_core.cpp:25->ekf_core.cpp:114->ekf_core.cpp:169]   --->   Operation 266 'store' 'store_ln25' <Predicate = (select_ln17_14 == 2 & select_ln17 == 2)> <Delay = 0.00>
ST_28 : Operation 267 [1/1] (0.00ns)   --->   "%br_ln25 = br void %arrayidx181.i.i3573.exit" [ekf_core.cpp:25->ekf_core.cpp:114->ekf_core.cpp:169]   --->   Operation 267 'br' 'br_ln25' <Predicate = (select_ln17_14 == 2 & select_ln17 == 2)> <Delay = 0.00>
ST_28 : Operation 268 [1/1] (0.00ns)   --->   "%store_ln25 = store i32 %acc_94, i32 %acc_61" [ekf_core.cpp:25->ekf_core.cpp:114->ekf_core.cpp:169]   --->   Operation 268 'store' 'store_ln25' <Predicate = (select_ln17_14 == 2 & select_ln17 == 1)> <Delay = 0.00>
ST_28 : Operation 269 [1/1] (0.00ns)   --->   "%br_ln25 = br void %arrayidx181.i.i3573.exit" [ekf_core.cpp:25->ekf_core.cpp:114->ekf_core.cpp:169]   --->   Operation 269 'br' 'br_ln25' <Predicate = (select_ln17_14 == 2 & select_ln17 == 1)> <Delay = 0.00>
ST_28 : Operation 270 [1/1] (0.00ns)   --->   "%store_ln25 = store i32 %acc_94, i32 %acc_55" [ekf_core.cpp:25->ekf_core.cpp:114->ekf_core.cpp:169]   --->   Operation 270 'store' 'store_ln25' <Predicate = (select_ln17_14 == 2 & select_ln17 == 0)> <Delay = 0.00>
ST_28 : Operation 271 [1/1] (0.00ns)   --->   "%br_ln25 = br void %arrayidx181.i.i3573.exit" [ekf_core.cpp:25->ekf_core.cpp:114->ekf_core.cpp:169]   --->   Operation 271 'br' 'br_ln25' <Predicate = (select_ln17_14 == 2 & select_ln17 == 0)> <Delay = 0.00>
ST_28 : Operation 272 [1/1] (0.00ns)   --->   "%store_ln25 = store i32 %acc_94, i32 %acc_85" [ekf_core.cpp:25->ekf_core.cpp:114->ekf_core.cpp:169]   --->   Operation 272 'store' 'store_ln25' <Predicate = (select_ln17_14 == 2 & select_ln17 != 0 & select_ln17 != 1 & select_ln17 != 2 & select_ln17 != 3 & select_ln17 != 4)> <Delay = 0.00>
ST_28 : Operation 273 [1/1] (0.00ns)   --->   "%br_ln25 = br void %arrayidx181.i.i3573.exit" [ekf_core.cpp:25->ekf_core.cpp:114->ekf_core.cpp:169]   --->   Operation 273 'br' 'br_ln25' <Predicate = (select_ln17_14 == 2 & select_ln17 != 0 & select_ln17 != 1 & select_ln17 != 2 & select_ln17 != 3 & select_ln17 != 4)> <Delay = 0.00>
ST_28 : Operation 274 [1/1] (0.00ns)   --->   "%store_ln25 = store i32 %acc_94, i32 %acc_78" [ekf_core.cpp:25->ekf_core.cpp:114->ekf_core.cpp:169]   --->   Operation 274 'store' 'store_ln25' <Predicate = (select_ln17_14 == 1 & select_ln17 == 4)> <Delay = 0.00>
ST_28 : Operation 275 [1/1] (0.00ns)   --->   "%br_ln25 = br void %arrayidx181.i.i3573.exit" [ekf_core.cpp:25->ekf_core.cpp:114->ekf_core.cpp:169]   --->   Operation 275 'br' 'br_ln25' <Predicate = (select_ln17_14 == 1 & select_ln17 == 4)> <Delay = 0.00>
ST_28 : Operation 276 [1/1] (0.00ns)   --->   "%store_ln25 = store i32 %acc_94, i32 %acc_72" [ekf_core.cpp:25->ekf_core.cpp:114->ekf_core.cpp:169]   --->   Operation 276 'store' 'store_ln25' <Predicate = (select_ln17_14 == 1 & select_ln17 == 3)> <Delay = 0.00>
ST_28 : Operation 277 [1/1] (0.00ns)   --->   "%br_ln25 = br void %arrayidx181.i.i3573.exit" [ekf_core.cpp:25->ekf_core.cpp:114->ekf_core.cpp:169]   --->   Operation 277 'br' 'br_ln25' <Predicate = (select_ln17_14 == 1 & select_ln17 == 3)> <Delay = 0.00>
ST_28 : Operation 278 [1/1] (0.00ns)   --->   "%store_ln25 = store i32 %acc_94, i32 %acc_66" [ekf_core.cpp:25->ekf_core.cpp:114->ekf_core.cpp:169]   --->   Operation 278 'store' 'store_ln25' <Predicate = (select_ln17_14 == 1 & select_ln17 == 2)> <Delay = 0.00>
ST_28 : Operation 279 [1/1] (0.00ns)   --->   "%br_ln25 = br void %arrayidx181.i.i3573.exit" [ekf_core.cpp:25->ekf_core.cpp:114->ekf_core.cpp:169]   --->   Operation 279 'br' 'br_ln25' <Predicate = (select_ln17_14 == 1 & select_ln17 == 2)> <Delay = 0.00>
ST_28 : Operation 280 [1/1] (0.00ns)   --->   "%store_ln25 = store i32 %acc_94, i32 %acc_60" [ekf_core.cpp:25->ekf_core.cpp:114->ekf_core.cpp:169]   --->   Operation 280 'store' 'store_ln25' <Predicate = (select_ln17_14 == 1 & select_ln17 == 1)> <Delay = 0.00>
ST_28 : Operation 281 [1/1] (0.00ns)   --->   "%br_ln25 = br void %arrayidx181.i.i3573.exit" [ekf_core.cpp:25->ekf_core.cpp:114->ekf_core.cpp:169]   --->   Operation 281 'br' 'br_ln25' <Predicate = (select_ln17_14 == 1 & select_ln17 == 1)> <Delay = 0.00>
ST_28 : Operation 282 [1/1] (0.00ns)   --->   "%store_ln25 = store i32 %acc_94, i32 %acc_54" [ekf_core.cpp:25->ekf_core.cpp:114->ekf_core.cpp:169]   --->   Operation 282 'store' 'store_ln25' <Predicate = (select_ln17_14 == 1 & select_ln17 == 0)> <Delay = 0.00>
ST_28 : Operation 283 [1/1] (0.00ns)   --->   "%br_ln25 = br void %arrayidx181.i.i3573.exit" [ekf_core.cpp:25->ekf_core.cpp:114->ekf_core.cpp:169]   --->   Operation 283 'br' 'br_ln25' <Predicate = (select_ln17_14 == 1 & select_ln17 == 0)> <Delay = 0.00>
ST_28 : Operation 284 [1/1] (0.00ns)   --->   "%store_ln25 = store i32 %acc_94, i32 %acc_84" [ekf_core.cpp:25->ekf_core.cpp:114->ekf_core.cpp:169]   --->   Operation 284 'store' 'store_ln25' <Predicate = (select_ln17_14 == 1 & select_ln17 != 0 & select_ln17 != 1 & select_ln17 != 2 & select_ln17 != 3 & select_ln17 != 4)> <Delay = 0.00>
ST_28 : Operation 285 [1/1] (0.00ns)   --->   "%br_ln25 = br void %arrayidx181.i.i3573.exit" [ekf_core.cpp:25->ekf_core.cpp:114->ekf_core.cpp:169]   --->   Operation 285 'br' 'br_ln25' <Predicate = (select_ln17_14 == 1 & select_ln17 != 0 & select_ln17 != 1 & select_ln17 != 2 & select_ln17 != 3 & select_ln17 != 4)> <Delay = 0.00>
ST_28 : Operation 286 [1/1] (0.00ns)   --->   "%store_ln25 = store i32 %acc_94, i32 %acc_77" [ekf_core.cpp:25->ekf_core.cpp:114->ekf_core.cpp:169]   --->   Operation 286 'store' 'store_ln25' <Predicate = (select_ln17_14 == 0 & select_ln17 == 4)> <Delay = 0.00>
ST_28 : Operation 287 [1/1] (0.00ns)   --->   "%br_ln25 = br void %arrayidx181.i.i3573.exit" [ekf_core.cpp:25->ekf_core.cpp:114->ekf_core.cpp:169]   --->   Operation 287 'br' 'br_ln25' <Predicate = (select_ln17_14 == 0 & select_ln17 == 4)> <Delay = 0.00>
ST_28 : Operation 288 [1/1] (0.00ns)   --->   "%store_ln25 = store i32 %acc_94, i32 %acc_71" [ekf_core.cpp:25->ekf_core.cpp:114->ekf_core.cpp:169]   --->   Operation 288 'store' 'store_ln25' <Predicate = (select_ln17_14 == 0 & select_ln17 == 3)> <Delay = 0.00>
ST_28 : Operation 289 [1/1] (0.00ns)   --->   "%br_ln25 = br void %arrayidx181.i.i3573.exit" [ekf_core.cpp:25->ekf_core.cpp:114->ekf_core.cpp:169]   --->   Operation 289 'br' 'br_ln25' <Predicate = (select_ln17_14 == 0 & select_ln17 == 3)> <Delay = 0.00>
ST_28 : Operation 290 [1/1] (0.00ns)   --->   "%store_ln25 = store i32 %acc_94, i32 %acc_65" [ekf_core.cpp:25->ekf_core.cpp:114->ekf_core.cpp:169]   --->   Operation 290 'store' 'store_ln25' <Predicate = (select_ln17_14 == 0 & select_ln17 == 2)> <Delay = 0.00>
ST_28 : Operation 291 [1/1] (0.00ns)   --->   "%br_ln25 = br void %arrayidx181.i.i3573.exit" [ekf_core.cpp:25->ekf_core.cpp:114->ekf_core.cpp:169]   --->   Operation 291 'br' 'br_ln25' <Predicate = (select_ln17_14 == 0 & select_ln17 == 2)> <Delay = 0.00>
ST_28 : Operation 292 [1/1] (0.00ns)   --->   "%store_ln25 = store i32 %acc_94, i32 %acc_59" [ekf_core.cpp:25->ekf_core.cpp:114->ekf_core.cpp:169]   --->   Operation 292 'store' 'store_ln25' <Predicate = (select_ln17_14 == 0 & select_ln17 == 1)> <Delay = 0.00>
ST_28 : Operation 293 [1/1] (0.00ns)   --->   "%br_ln25 = br void %arrayidx181.i.i3573.exit" [ekf_core.cpp:25->ekf_core.cpp:114->ekf_core.cpp:169]   --->   Operation 293 'br' 'br_ln25' <Predicate = (select_ln17_14 == 0 & select_ln17 == 1)> <Delay = 0.00>
ST_28 : Operation 294 [1/1] (0.00ns)   --->   "%store_ln25 = store i32 %acc_94, i32 %acc" [ekf_core.cpp:25->ekf_core.cpp:114->ekf_core.cpp:169]   --->   Operation 294 'store' 'store_ln25' <Predicate = (select_ln17_14 == 0 & select_ln17 == 0)> <Delay = 0.00>
ST_28 : Operation 295 [1/1] (0.00ns)   --->   "%br_ln25 = br void %arrayidx181.i.i3573.exit" [ekf_core.cpp:25->ekf_core.cpp:114->ekf_core.cpp:169]   --->   Operation 295 'br' 'br_ln25' <Predicate = (select_ln17_14 == 0 & select_ln17 == 0)> <Delay = 0.00>
ST_28 : Operation 296 [1/1] (0.00ns)   --->   "%store_ln25 = store i32 %acc_94, i32 %acc_83" [ekf_core.cpp:25->ekf_core.cpp:114->ekf_core.cpp:169]   --->   Operation 296 'store' 'store_ln25' <Predicate = (select_ln17_14 == 0 & select_ln17 != 0 & select_ln17 != 1 & select_ln17 != 2 & select_ln17 != 3 & select_ln17 != 4)> <Delay = 0.00>
ST_28 : Operation 297 [1/1] (0.00ns)   --->   "%br_ln25 = br void %arrayidx181.i.i3573.exit" [ekf_core.cpp:25->ekf_core.cpp:114->ekf_core.cpp:169]   --->   Operation 297 'br' 'br_ln25' <Predicate = (select_ln17_14 == 0 & select_ln17 != 0 & select_ln17 != 1 & select_ln17 != 2 & select_ln17 != 3 & select_ln17 != 4)> <Delay = 0.00>
ST_28 : Operation 298 [1/1] (0.00ns)   --->   "%store_ln25 = store i32 %acc_94, i32 %acc_82" [ekf_core.cpp:25->ekf_core.cpp:114->ekf_core.cpp:169]   --->   Operation 298 'store' 'store_ln25' <Predicate = (select_ln17_14 != 0 & select_ln17_14 != 1 & select_ln17_14 != 2 & select_ln17_14 != 3 & select_ln17_14 != 4 & select_ln17 == 4)> <Delay = 0.00>
ST_28 : Operation 299 [1/1] (0.00ns)   --->   "%br_ln25 = br void %arrayidx181.i.i3573.exit" [ekf_core.cpp:25->ekf_core.cpp:114->ekf_core.cpp:169]   --->   Operation 299 'br' 'br_ln25' <Predicate = (select_ln17_14 != 0 & select_ln17_14 != 1 & select_ln17_14 != 2 & select_ln17_14 != 3 & select_ln17_14 != 4 & select_ln17 == 4)> <Delay = 0.00>
ST_28 : Operation 300 [1/1] (0.00ns)   --->   "%store_ln25 = store i32 %acc_94, i32 %acc_76" [ekf_core.cpp:25->ekf_core.cpp:114->ekf_core.cpp:169]   --->   Operation 300 'store' 'store_ln25' <Predicate = (select_ln17_14 != 0 & select_ln17_14 != 1 & select_ln17_14 != 2 & select_ln17_14 != 3 & select_ln17_14 != 4 & select_ln17 == 3)> <Delay = 0.00>
ST_28 : Operation 301 [1/1] (0.00ns)   --->   "%br_ln25 = br void %arrayidx181.i.i3573.exit" [ekf_core.cpp:25->ekf_core.cpp:114->ekf_core.cpp:169]   --->   Operation 301 'br' 'br_ln25' <Predicate = (select_ln17_14 != 0 & select_ln17_14 != 1 & select_ln17_14 != 2 & select_ln17_14 != 3 & select_ln17_14 != 4 & select_ln17 == 3)> <Delay = 0.00>
ST_28 : Operation 302 [1/1] (0.00ns)   --->   "%store_ln25 = store i32 %acc_94, i32 %acc_70" [ekf_core.cpp:25->ekf_core.cpp:114->ekf_core.cpp:169]   --->   Operation 302 'store' 'store_ln25' <Predicate = (select_ln17_14 != 0 & select_ln17_14 != 1 & select_ln17_14 != 2 & select_ln17_14 != 3 & select_ln17_14 != 4 & select_ln17 == 2)> <Delay = 0.00>
ST_28 : Operation 303 [1/1] (0.00ns)   --->   "%br_ln25 = br void %arrayidx181.i.i3573.exit" [ekf_core.cpp:25->ekf_core.cpp:114->ekf_core.cpp:169]   --->   Operation 303 'br' 'br_ln25' <Predicate = (select_ln17_14 != 0 & select_ln17_14 != 1 & select_ln17_14 != 2 & select_ln17_14 != 3 & select_ln17_14 != 4 & select_ln17 == 2)> <Delay = 0.00>
ST_28 : Operation 304 [1/1] (0.00ns)   --->   "%store_ln25 = store i32 %acc_94, i32 %acc_64" [ekf_core.cpp:25->ekf_core.cpp:114->ekf_core.cpp:169]   --->   Operation 304 'store' 'store_ln25' <Predicate = (select_ln17_14 != 0 & select_ln17_14 != 1 & select_ln17_14 != 2 & select_ln17_14 != 3 & select_ln17_14 != 4 & select_ln17 == 1)> <Delay = 0.00>
ST_28 : Operation 305 [1/1] (0.00ns)   --->   "%br_ln25 = br void %arrayidx181.i.i3573.exit" [ekf_core.cpp:25->ekf_core.cpp:114->ekf_core.cpp:169]   --->   Operation 305 'br' 'br_ln25' <Predicate = (select_ln17_14 != 0 & select_ln17_14 != 1 & select_ln17_14 != 2 & select_ln17_14 != 3 & select_ln17_14 != 4 & select_ln17 == 1)> <Delay = 0.00>
ST_28 : Operation 306 [1/1] (0.00ns)   --->   "%store_ln25 = store i32 %acc_94, i32 %acc_58" [ekf_core.cpp:25->ekf_core.cpp:114->ekf_core.cpp:169]   --->   Operation 306 'store' 'store_ln25' <Predicate = (select_ln17_14 != 0 & select_ln17_14 != 1 & select_ln17_14 != 2 & select_ln17_14 != 3 & select_ln17_14 != 4 & select_ln17 == 0)> <Delay = 0.00>
ST_28 : Operation 307 [1/1] (0.00ns)   --->   "%br_ln25 = br void %arrayidx181.i.i3573.exit" [ekf_core.cpp:25->ekf_core.cpp:114->ekf_core.cpp:169]   --->   Operation 307 'br' 'br_ln25' <Predicate = (select_ln17_14 != 0 & select_ln17_14 != 1 & select_ln17_14 != 2 & select_ln17_14 != 3 & select_ln17_14 != 4 & select_ln17 == 0)> <Delay = 0.00>
ST_28 : Operation 308 [1/1] (0.00ns)   --->   "%store_ln25 = store i32 %acc_94, i32 %acc_88" [ekf_core.cpp:25->ekf_core.cpp:114->ekf_core.cpp:169]   --->   Operation 308 'store' 'store_ln25' <Predicate = (select_ln17_14 != 0 & select_ln17_14 != 1 & select_ln17_14 != 2 & select_ln17_14 != 3 & select_ln17_14 != 4 & select_ln17 != 0 & select_ln17 != 1 & select_ln17 != 2 & select_ln17 != 3 & select_ln17 != 4)> <Delay = 0.00>
ST_28 : Operation 309 [1/1] (0.00ns)   --->   "%br_ln25 = br void %arrayidx181.i.i3573.exit" [ekf_core.cpp:25->ekf_core.cpp:114->ekf_core.cpp:169]   --->   Operation 309 'br' 'br_ln25' <Predicate = (select_ln17_14 != 0 & select_ln17_14 != 1 & select_ln17_14 != 2 & select_ln17_14 != 3 & select_ln17_14 != 4 & select_ln17 != 0 & select_ln17 != 1 & select_ln17 != 2 & select_ln17 != 3 & select_ln17 != 4)> <Delay = 0.00>


============================================================
+ Verbose Summary: Timing violations
============================================================
Target clock period: 10.000ns, clock uncertainty: 2.700ns.

 <State 1>: 1.980ns
The critical path consists of the following:
	'alloca' operation ('j') [109]  (0.000 ns)
	'load' operation ('j_load', ekf_core.cpp:18->ekf_core.cpp:114->ekf_core.cpp:169) on local variable 'j' [230]  (0.000 ns)
	'icmp' operation ('icmp_ln18', ekf_core.cpp:18->ekf_core.cpp:114->ekf_core.cpp:169) [234]  (0.673 ns)
	'select' operation ('select_ln17', ekf_core.cpp:17->ekf_core.cpp:114->ekf_core.cpp:169) [235]  (0.208 ns)
	'add' operation ('add_ln18', ekf_core.cpp:18->ekf_core.cpp:114->ekf_core.cpp:169) [398]  (0.673 ns)
	'store' operation ('store_ln18', ekf_core.cpp:18->ekf_core.cpp:114->ekf_core.cpp:169) of variable 'add_ln18', ekf_core.cpp:18->ekf_core.cpp:114->ekf_core.cpp:169 on local variable 'j' [401]  (0.427 ns)

 <State 2>: 7.016ns
The critical path consists of the following:
	multiplexor before operation 'fmul' with delay (0.968 ns)
'fmul' operation ('mul_i_i1', ekf_core.cpp:23->ekf_core.cpp:114->ekf_core.cpp:169) [259]  (6.048 ns)

 <State 3>: 7.016ns
The critical path consists of the following:
	'fmul' operation ('mul_i_i1', ekf_core.cpp:23->ekf_core.cpp:114->ekf_core.cpp:169) [259]  (7.016 ns)

 <State 4>: 7.016ns
The critical path consists of the following:
	'fmul' operation ('mul_i_i1', ekf_core.cpp:23->ekf_core.cpp:114->ekf_core.cpp:169) [259]  (7.016 ns)

 <State 5>: 6.437ns
The critical path consists of the following:
	multiplexor before operation 'fadd' with delay (1.047 ns)
'fadd' operation ('acc', ekf_core.cpp:23->ekf_core.cpp:114->ekf_core.cpp:169) [260]  (5.390 ns)

 <State 6>: 7.016ns
The critical path consists of the following:
	multiplexor before operation 'fmul' with delay (0.968 ns)
'fmul' operation ('mul_i_i44_1', ekf_core.cpp:23->ekf_core.cpp:114->ekf_core.cpp:169) [262]  (6.048 ns)

 <State 7>: 7.016ns
The critical path consists of the following:
	'fmul' operation ('mul_i_i44_1', ekf_core.cpp:23->ekf_core.cpp:114->ekf_core.cpp:169) [262]  (7.016 ns)

 <State 8>: 7.016ns
The critical path consists of the following:
	'fmul' operation ('mul_i_i44_1', ekf_core.cpp:23->ekf_core.cpp:114->ekf_core.cpp:169) [262]  (7.016 ns)

 <State 9>: 6.437ns
The critical path consists of the following:
	multiplexor before operation 'fadd' with delay (1.047 ns)
'fadd' operation ('acc', ekf_core.cpp:23->ekf_core.cpp:114->ekf_core.cpp:169) [263]  (5.390 ns)

 <State 10>: 7.016ns
The critical path consists of the following:
	multiplexor before operation 'fmul' with delay (0.968 ns)
'fmul' operation ('mul_i_i44_2', ekf_core.cpp:23->ekf_core.cpp:114->ekf_core.cpp:169) [265]  (6.048 ns)

 <State 11>: 7.016ns
The critical path consists of the following:
	'fmul' operation ('mul_i_i44_2', ekf_core.cpp:23->ekf_core.cpp:114->ekf_core.cpp:169) [265]  (7.016 ns)

 <State 12>: 7.016ns
The critical path consists of the following:
	'fmul' operation ('mul_i_i44_2', ekf_core.cpp:23->ekf_core.cpp:114->ekf_core.cpp:169) [265]  (7.016 ns)

 <State 13>: 6.437ns
The critical path consists of the following:
	multiplexor before operation 'fadd' with delay (1.047 ns)
'fadd' operation ('acc', ekf_core.cpp:23->ekf_core.cpp:114->ekf_core.cpp:169) [266]  (5.390 ns)

 <State 14>: 7.016ns
The critical path consists of the following:
	multiplexor before operation 'fmul' with delay (0.968 ns)
'fmul' operation ('mul_i_i44_3', ekf_core.cpp:23->ekf_core.cpp:114->ekf_core.cpp:169) [268]  (6.048 ns)

 <State 15>: 7.016ns
The critical path consists of the following:
	'fmul' operation ('mul_i_i44_3', ekf_core.cpp:23->ekf_core.cpp:114->ekf_core.cpp:169) [268]  (7.016 ns)

 <State 16>: 7.016ns
The critical path consists of the following:
	'fmul' operation ('mul_i_i44_3', ekf_core.cpp:23->ekf_core.cpp:114->ekf_core.cpp:169) [268]  (7.016 ns)

 <State 17>: 6.437ns
The critical path consists of the following:
	multiplexor before operation 'fadd' with delay (1.047 ns)
'fadd' operation ('acc', ekf_core.cpp:23->ekf_core.cpp:114->ekf_core.cpp:169) [269]  (5.390 ns)

 <State 18>: 7.016ns
The critical path consists of the following:
	multiplexor before operation 'fmul' with delay (0.968 ns)
'fmul' operation ('mul_i_i44_4', ekf_core.cpp:23->ekf_core.cpp:114->ekf_core.cpp:169) [271]  (6.048 ns)

 <State 19>: 7.016ns
The critical path consists of the following:
	'fmul' operation ('mul_i_i44_4', ekf_core.cpp:23->ekf_core.cpp:114->ekf_core.cpp:169) [271]  (7.016 ns)

 <State 20>: 7.016ns
The critical path consists of the following:
	'fmul' operation ('mul_i_i44_4', ekf_core.cpp:23->ekf_core.cpp:114->ekf_core.cpp:169) [271]  (7.016 ns)

 <State 21>: 6.437ns
The critical path consists of the following:
	multiplexor before operation 'fadd' with delay (1.047 ns)
'fadd' operation ('acc', ekf_core.cpp:23->ekf_core.cpp:114->ekf_core.cpp:169) [272]  (5.390 ns)

 <State 22>: 7.016ns
The critical path consists of the following:
	multiplexor before operation 'fmul' with delay (0.968 ns)
'fmul' operation ('mul_i_i44_5', ekf_core.cpp:23->ekf_core.cpp:114->ekf_core.cpp:169) [274]  (6.048 ns)

 <State 23>: 7.016ns
The critical path consists of the following:
	'fmul' operation ('mul_i_i44_5', ekf_core.cpp:23->ekf_core.cpp:114->ekf_core.cpp:169) [274]  (7.016 ns)

 <State 24>: 7.016ns
The critical path consists of the following:
	'fmul' operation ('mul_i_i44_5', ekf_core.cpp:23->ekf_core.cpp:114->ekf_core.cpp:169) [274]  (7.016 ns)

 <State 25>: 6.437ns
The critical path consists of the following:
	multiplexor before operation 'fadd' with delay (1.047 ns)
'fadd' operation ('acc', ekf_core.cpp:23->ekf_core.cpp:114->ekf_core.cpp:169) [275]  (5.390 ns)

 <State 26>: 6.437ns
The critical path consists of the following:
	'fadd' operation ('acc', ekf_core.cpp:23->ekf_core.cpp:114->ekf_core.cpp:169) [275]  (6.437 ns)

 <State 27>: 6.437ns
The critical path consists of the following:
	'fadd' operation ('acc', ekf_core.cpp:23->ekf_core.cpp:114->ekf_core.cpp:169) [275]  (6.437 ns)

 <State 28>: 6.437ns
The critical path consists of the following:
	'fadd' operation ('acc', ekf_core.cpp:23->ekf_core.cpp:114->ekf_core.cpp:169) [275]  (6.437 ns)
	'store' operation ('store_ln25', ekf_core.cpp:25->ekf_core.cpp:114->ekf_core.cpp:169) of variable 'acc', ekf_core.cpp:23->ekf_core.cpp:114->ekf_core.cpp:169 on local variable 'acc' [309]  (0.000 ns)


============================================================
+ Verbose Summary: Binding
============================================================
N/A
* FSMD analyzer results:
  - Output states:
 - Input state : 
  - Chain level:
	State 1
	State 2
	State 3
	State 4
	State 5
	State 6
	State 7
	State 8
	State 9
	State 10
	State 11
	State 12
	State 13
	State 14
	State 15
	State 16
	State 17
	State 18
	State 19
	State 20
	State 21
	State 22
	State 23
	State 24
	State 25
	State 26
	State 27
	State 28


============================================================
+ Verbose Summary: Datapath Resource usage 
============================================================
N/A
