

================================================================
== Vitis HLS Report for 'ekf_batch_Pipeline_VITIS_LOOP_17_1_VITIS_LOOP_18_2'
================================================================
* Date:           Thu Sep  3 12:11:18 2026

* Version:        2023.1 (Build 3854077 on May  4 2023)
* Project:        EKF
* Solution:       solution1 (Vivado IP Flow Target)
* Product family: zynquplus
* Target device:  xczu9eg-ffvb1156-2-e


================================================================
== Performance Estimates
================================================================
+ Timing: 
    * Summary: 
    +--------+----------+----------+------------+
    |  Clock |  Target  | Estimated| Uncertainty|
    +--------+----------+----------+------------+
    |ap_clk  |  10.00 ns|  7.016 ns|     2.70 ns|
    +--------+----------+----------+------------+

+ Latency: 
    * Summary: 
    +---------+---------+----------+----------+-----+-----+---------+
    |  Latency (cycles) |  Latency (absolute) |  Interval | Pipeline|
    |   min   |   max   |    min   |    max   | min | max |   Type  |
    +---------+---------+----------+----------+-----+-----+---------+
    |       64|       64|  0.640 us|  0.640 us|   64|   64|       no|
    +---------+---------+----------+----------+-----+-----+---------+

    + Detail: 
        * Instance: 
        N/A

        * Loop: 
        +-----------------------------------+---------+---------+----------+-----------+-----------+------+----------+
        |                                   |  Latency (cycles) | Iteration|  Initiation Interval  | Trip |          |
        |             Loop Name             |   min   |   max   |  Latency |  achieved |   target  | Count| Pipelined|
        +-----------------------------------+---------+---------+----------+-----------+-----------+------+----------+
        |- VITIS_LOOP_17_1_VITIS_LOOP_18_2  |       62|       62|        28|          1|          1|    36|       yes|
        +-----------------------------------+---------+---------+----------+-----------+-----------+------+----------+

============================================================
+ Verbose Summary: Synthesis Manager
============================================================
InlineROM: 1
ExposeGlobal: 0
============================================================
+ Verbose Summary: CDFG Model
============================================================
IsTopModel: 0
ResetActiveHigh: 1
IsCombinational: 0
IsDatapathOnly: 0
HasWiredReturn: 1
HasMFsm: 2
HasVarLatency: 1
IsPipeline: 0
IsRtlPipelined: 0
IsInstanceOverlapped: 0
IsDontTouch: 0
HasImplIP: 0
IsGatedGlobalClock: 0

+ Individual pipeline summary: 
  * Pipeline-0: initiation interval (II) = 1, depth = 28


============================================================
+ Verbose Summary: Schedule
============================================================
* Number of FSM states : 28
* Pipeline : 1
  Pipeline-0 : II = 1, D = 28, States = { 1 2 3 4 5 6 7 8 9 10 11 12 13 14 15 16 17 18 19 20 21 22 23 24 25 26 27 28 }
* Dataflow Pipeline: 0

* FSM state transitions: 
1 --> 2 
2 --> 3 
3 --> 4 
4 --> 5 
5 --> 6 
6 --> 7 
7 --> 8 
8 --> 9 
9 --> 10 
10 --> 11 
11 --> 12 
12 --> 13 
13 --> 14 
14 --> 15 
15 --> 16 
16 --> 17 
17 --> 18 
18 --> 19 
19 --> 20 
20 --> 21 
21 --> 22 
22 --> 23 
23 --> 24 
24 --> 25 
25 --> 26 
26 --> 27 
27 --> 28 
28 --> 

* FSM state operations: 

State 1 <SV = 0> <Delay = 1.98>
ST_1 : Operation 31 [1/1] (0.00ns)   --->   "%j = alloca i32 1"   --->   Operation 31 'alloca' 'j' <Predicate = true> <Delay = 0.00>
ST_1 : Operation 32 [1/1] (0.00ns)   --->   "%i = alloca i32 1"   --->   Operation 32 'alloca' 'i' <Predicate = true> <Delay = 0.00>
ST_1 : Operation 33 [1/1] (0.00ns)   --->   "%indvar_flatten13 = alloca i32 1"   --->   Operation 33 'alloca' 'indvar_flatten13' <Predicate = true> <Delay = 0.00>
ST_1 : Operation 34 [1/1] (0.00ns)   --->   "%acc = alloca i32 1"   --->   Operation 34 'alloca' 'acc' <Predicate = true> <Delay = 0.00>
ST_1 : Operation 35 [1/1] (0.00ns)   --->   "%acc_136 = alloca i32 1"   --->   Operation 35 'alloca' 'acc_136' <Predicate = true> <Delay = 0.00>
ST_1 : Operation 36 [1/1] (0.00ns)   --->   "%acc_137 = alloca i32 1"   --->   Operation 36 'alloca' 'acc_137' <Predicate = true> <Delay = 0.00>
ST_1 : Operation 37 [1/1] (0.00ns)   --->   "%acc_138 = alloca i32 1"   --->   Operation 37 'alloca' 'acc_138' <Predicate = true> <Delay = 0.00>
ST_1 : Operation 38 [1/1] (0.00ns)   --->   "%acc_139 = alloca i32 1"   --->   Operation 38 'alloca' 'acc_139' <Predicate = true> <Delay = 0.00>
ST_1 : Operation 39 [1/1] (0.00ns)   --->   "%acc_140 = alloca i32 1"   --->   Operation 39 'alloca' 'acc_140' <Predicate = true> <Delay = 0.00>
ST_1 : Operation 40 [1/1] (0.00ns)   --->   "%acc_141 = alloca i32 1"   --->   Operation 40 'alloca' 'acc_141' <Predicate = true> <Delay = 0.00>
ST_1 : Operation 41 [1/1] (0.00ns)   --->   "%acc_142 = alloca i32 1"   --->   Operation 41 'alloca' 'acc_142' <Predicate = true> <Delay = 0.00>
ST_1 : Operation 42 [1/1] (0.00ns)   --->   "%acc_143 = alloca i32 1"   --->   Operation 42 'alloca' 'acc_143' <Predicate = true> <Delay = 0.00>
ST_1 : Operation 43 [1/1] (0.00ns)   --->   "%acc_144 = alloca i32 1"   --->   Operation 43 'alloca' 'acc_144' <Predicate = true> <Delay = 0.00>
ST_1 : Operation 44 [1/1] (0.00ns)   --->   "%acc_145 = alloca i32 1"   --->   Operation 44 'alloca' 'acc_145' <Predicate = true> <Delay = 0.00>
ST_1 : Operation 45 [1/1] (0.00ns)   --->   "%acc_146 = alloca i32 1"   --->   Operation 45 'alloca' 'acc_146' <Predicate = true> <Delay = 0.00>
ST_1 : Operation 46 [1/1] (0.00ns)   --->   "%acc_147 = alloca i32 1"   --->   Operation 46 'alloca' 'acc_147' <Predicate = true> <Delay = 0.00>
ST_1 : Operation 47 [1/1] (0.00ns)   --->   "%acc_148 = alloca i32 1"   --->   Operation 47 'alloca' 'acc_148' <Predicate = true> <Delay = 0.00>
ST_1 : Operation 48 [1/1] (0.00ns)   --->   "%acc_149 = alloca i32 1"   --->   Operation 48 'alloca' 'acc_149' <Predicate = true> <Delay = 0.00>
ST_1 : Operation 49 [1/1] (0.00ns)   --->   "%acc_150 = alloca i32 1"   --->   Operation 49 'alloca' 'acc_150' <Predicate = true> <Delay = 0.00>
ST_1 : Operation 50 [1/1] (0.00ns)   --->   "%acc_151 = alloca i32 1"   --->   Operation 50 'alloca' 'acc_151' <Predicate = true> <Delay = 0.00>
ST_1 : Operation 51 [1/1] (0.00ns)   --->   "%acc_152 = alloca i32 1"   --->   Operation 51 'alloca' 'acc_152' <Predicate = true> <Delay = 0.00>
ST_1 : Operation 52 [1/1] (0.00ns)   --->   "%acc_153 = alloca i32 1"   --->   Operation 52 'alloca' 'acc_153' <Predicate = true> <Delay = 0.00>
ST_1 : Operation 53 [1/1] (0.00ns)   --->   "%acc_154 = alloca i32 1"   --->   Operation 53 'alloca' 'acc_154' <Predicate = true> <Delay = 0.00>
ST_1 : Operation 54 [1/1] (0.00ns)   --->   "%acc_155 = alloca i32 1"   --->   Operation 54 'alloca' 'acc_155' <Predicate = true> <Delay = 0.00>
ST_1 : Operation 55 [1/1] (0.00ns)   --->   "%acc_156 = alloca i32 1"   --->   Operation 55 'alloca' 'acc_156' <Predicate = true> <Delay = 0.00>
ST_1 : Operation 56 [1/1] (0.00ns)   --->   "%acc_157 = alloca i32 1"   --->   Operation 56 'alloca' 'acc_157' <Predicate = true> <Delay = 0.00>
ST_1 : Operation 57 [1/1] (0.00ns)   --->   "%acc_158 = alloca i32 1"   --->   Operation 57 'alloca' 'acc_158' <Predicate = true> <Delay = 0.00>
ST_1 : Operation 58 [1/1] (0.00ns)   --->   "%acc_159 = alloca i32 1"   --->   Operation 58 'alloca' 'acc_159' <Predicate = true> <Delay = 0.00>
ST_1 : Operation 59 [1/1] (0.00ns)   --->   "%acc_160 = alloca i32 1"   --->   Operation 59 'alloca' 'acc_160' <Predicate = true> <Delay = 0.00>
ST_1 : Operation 60 [1/1] (0.00ns)   --->   "%acc_161 = alloca i32 1"   --->   Operation 60 'alloca' 'acc_161' <Predicate = true> <Delay = 0.00>
ST_1 : Operation 61 [1/1] (0.00ns)   --->   "%acc_162 = alloca i32 1"   --->   Operation 61 'alloca' 'acc_162' <Predicate = true> <Delay = 0.00>
ST_1 : Operation 62 [1/1] (0.00ns)   --->   "%acc_163 = alloca i32 1"   --->   Operation 62 'alloca' 'acc_163' <Predicate = true> <Delay = 0.00>
ST_1 : Operation 63 [1/1] (0.00ns)   --->   "%acc_164 = alloca i32 1"   --->   Operation 63 'alloca' 'acc_164' <Predicate = true> <Delay = 0.00>
ST_1 : Operation 64 [1/1] (0.00ns)   --->   "%acc_165 = alloca i32 1"   --->   Operation 64 'alloca' 'acc_165' <Predicate = true> <Delay = 0.00>
ST_1 : Operation 65 [1/1] (0.00ns)   --->   "%acc_166 = alloca i32 1"   --->   Operation 65 'alloca' 'acc_166' <Predicate = true> <Delay = 0.00>
ST_1 : Operation 66 [1/1] (0.00ns)   --->   "%acc_167 = alloca i32 1"   --->   Operation 66 'alloca' 'acc_167' <Predicate = true> <Delay = 0.00>
ST_1 : Operation 67 [1/1] (0.00ns)   --->   "%acc_168 = alloca i32 1"   --->   Operation 67 'alloca' 'acc_168' <Predicate = true> <Delay = 0.00>
ST_1 : Operation 68 [1/1] (0.00ns)   --->   "%acc_169 = alloca i32 1"   --->   Operation 68 'alloca' 'acc_169' <Predicate = true> <Delay = 0.00>
ST_1 : Operation 69 [1/1] (0.00ns)   --->   "%acc_170 = alloca i32 1"   --->   Operation 69 'alloca' 'acc_170' <Predicate = true> <Delay = 0.00>
ST_1 : Operation 70 [1/1] (0.00ns)   --->   "%P_reload_read = read i32 @_ssdm_op_Read.ap_auto.float, i32 %P_reload"   --->   Operation 70 'read' 'P_reload_read' <Predicate = true> <Delay = 0.00>
ST_1 : Operation 71 [1/1] (0.00ns)   --->   "%P_1_reload_read = read i32 @_ssdm_op_Read.ap_auto.float, i32 %P_1_reload"   --->   Operation 71 'read' 'P_1_reload_read' <Predicate = true> <Delay = 0.00>
ST_1 : Operation 72 [1/1] (0.00ns)   --->   "%P_2_reload_read = read i32 @_ssdm_op_Read.ap_auto.float, i32 %P_2_reload"   --->   Operation 72 'read' 'P_2_reload_read' <Predicate = true> <Delay = 0.00>
ST_1 : Operation 73 [1/1] (0.00ns)   --->   "%P_3_reload_read = read i32 @_ssdm_op_Read.ap_auto.float, i32 %P_3_reload"   --->   Operation 73 'read' 'P_3_reload_read' <Predicate = true> <Delay = 0.00>
ST_1 : Operation 74 [1/1] (0.00ns)   --->   "%P_4_reload_read = read i32 @_ssdm_op_Read.ap_auto.float, i32 %P_4_reload"   --->   Operation 74 'read' 'P_4_reload_read' <Predicate = true> <Delay = 0.00>
ST_1 : Operation 75 [1/1] (0.00ns)   --->   "%P_5_reload_read = read i32 @_ssdm_op_Read.ap_auto.float, i32 %P_5_reload"   --->   Operation 75 'read' 'P_5_reload_read' <Predicate = true> <Delay = 0.00>
ST_1 : Operation 76 [1/1] (0.00ns)   --->   "%P_6_reload_read = read i32 @_ssdm_op_Read.ap_auto.float, i32 %P_6_reload"   --->   Operation 76 'read' 'P_6_reload_read' <Predicate = true> <Delay = 0.00>
ST_1 : Operation 77 [1/1] (0.00ns)   --->   "%P_7_reload_read = read i32 @_ssdm_op_Read.ap_auto.float, i32 %P_7_reload"   --->   Operation 77 'read' 'P_7_reload_read' <Predicate = true> <Delay = 0.00>
ST_1 : Operation 78 [1/1] (0.00ns)   --->   "%P_8_reload_read = read i32 @_ssdm_op_Read.ap_auto.float, i32 %P_8_reload"   --->   Operation 78 'read' 'P_8_reload_read' <Predicate = true> <Delay = 0.00>
ST_1 : Operation 79 [1/1] (0.00ns)   --->   "%P_9_reload_read = read i32 @_ssdm_op_Read.ap_auto.float, i32 %P_9_reload"   --->   Operation 79 'read' 'P_9_reload_read' <Predicate = true> <Delay = 0.00>
ST_1 : Operation 80 [1/1] (0.00ns)   --->   "%P_10_reload_read = read i32 @_ssdm_op_Read.ap_auto.float, i32 %P_10_reload"   --->   Operation 80 'read' 'P_10_reload_read' <Predicate = true> <Delay = 0.00>
ST_1 : Operation 81 [1/1] (0.00ns)   --->   "%P_11_reload_read = read i32 @_ssdm_op_Read.ap_auto.float, i32 %P_11_reload"   --->   Operation 81 'read' 'P_11_reload_read' <Predicate = true> <Delay = 0.00>
ST_1 : Operation 82 [1/1] (0.00ns)   --->   "%P_12_reload_read = read i32 @_ssdm_op_Read.ap_auto.float, i32 %P_12_reload"   --->   Operation 82 'read' 'P_12_reload_read' <Predicate = true> <Delay = 0.00>
ST_1 : Operation 83 [1/1] (0.00ns)   --->   "%P_13_reload_read = read i32 @_ssdm_op_Read.ap_auto.float, i32 %P_13_reload"   --->   Operation 83 'read' 'P_13_reload_read' <Predicate = true> <Delay = 0.00>
ST_1 : Operation 84 [1/1] (0.00ns)   --->   "%P_14_reload_read = read i32 @_ssdm_op_Read.ap_auto.float, i32 %P_14_reload"   --->   Operation 84 'read' 'P_14_reload_read' <Predicate = true> <Delay = 0.00>
ST_1 : Operation 85 [1/1] (0.00ns)   --->   "%P_15_reload_read = read i32 @_ssdm_op_Read.ap_auto.float, i32 %P_15_reload"   --->   Operation 85 'read' 'P_15_reload_read' <Predicate = true> <Delay = 0.00>
ST_1 : Operation 86 [1/1] (0.00ns)   --->   "%P_16_reload_read = read i32 @_ssdm_op_Read.ap_auto.float, i32 %P_16_reload"   --->   Operation 86 'read' 'P_16_reload_read' <Predicate = true> <Delay = 0.00>
ST_1 : Operation 87 [1/1] (0.00ns)   --->   "%P_17_reload_read = read i32 @_ssdm_op_Read.ap_auto.float, i32 %P_17_reload"   --->   Operation 87 'read' 'P_17_reload_read' <Predicate = true> <Delay = 0.00>
ST_1 : Operation 88 [1/1] (0.00ns)   --->   "%P_35_reload_read = read i32 @_ssdm_op_Read.ap_auto.float, i32 %P_35_reload"   --->   Operation 88 'read' 'P_35_reload_read' <Predicate = true> <Delay = 0.00>
ST_1 : Operation 89 [1/1] (0.00ns)   --->   "%P_34_reload_read = read i32 @_ssdm_op_Read.ap_auto.float, i32 %P_34_reload"   --->   Operation 89 'read' 'P_34_reload_read' <Predicate = true> <Delay = 0.00>
ST_1 : Operation 90 [1/1] (0.00ns)   --->   "%P_33_reload_read = read i32 @_ssdm_op_Read.ap_auto.float, i32 %P_33_reload"   --->   Operation 90 'read' 'P_33_reload_read' <Predicate = true> <Delay = 0.00>
ST_1 : Operation 91 [1/1] (0.00ns)   --->   "%P_32_reload_read = read i32 @_ssdm_op_Read.ap_auto.float, i32 %P_32_reload"   --->   Operation 91 'read' 'P_32_reload_read' <Predicate = true> <Delay = 0.00>
ST_1 : Operation 92 [1/1] (0.00ns)   --->   "%P_31_reload_read = read i32 @_ssdm_op_Read.ap_auto.float, i32 %P_31_reload"   --->   Operation 92 'read' 'P_31_reload_read' <Predicate = true> <Delay = 0.00>
ST_1 : Operation 93 [1/1] (0.00ns)   --->   "%P_30_reload_read = read i32 @_ssdm_op_Read.ap_auto.float, i32 %P_30_reload"   --->   Operation 93 'read' 'P_30_reload_read' <Predicate = true> <Delay = 0.00>
ST_1 : Operation 94 [1/1] (0.00ns)   --->   "%P_29_reload_read = read i32 @_ssdm_op_Read.ap_auto.float, i32 %P_29_reload"   --->   Operation 94 'read' 'P_29_reload_read' <Predicate = true> <Delay = 0.00>
ST_1 : Operation 95 [1/1] (0.00ns)   --->   "%P_28_reload_read = read i32 @_ssdm_op_Read.ap_auto.float, i32 %P_28_reload"   --->   Operation 95 'read' 'P_28_reload_read' <Predicate = true> <Delay = 0.00>
ST_1 : Operation 96 [1/1] (0.00ns)   --->   "%P_27_reload_read = read i32 @_ssdm_op_Read.ap_auto.float, i32 %P_27_reload"   --->   Operation 96 'read' 'P_27_reload_read' <Predicate = true> <Delay = 0.00>
ST_1 : Operation 97 [1/1] (0.00ns)   --->   "%P_26_reload_read = read i32 @_ssdm_op_Read.ap_auto.float, i32 %P_26_reload"   --->   Operation 97 'read' 'P_26_reload_read' <Predicate = true> <Delay = 0.00>
ST_1 : Operation 98 [1/1] (0.00ns)   --->   "%P_25_reload_read = read i32 @_ssdm_op_Read.ap_auto.float, i32 %P_25_reload"   --->   Operation 98 'read' 'P_25_reload_read' <Predicate = true> <Delay = 0.00>
ST_1 : Operation 99 [1/1] (0.00ns)   --->   "%P_24_reload_read = read i32 @_ssdm_op_Read.ap_auto.float, i32 %P_24_reload"   --->   Operation 99 'read' 'P_24_reload_read' <Predicate = true> <Delay = 0.00>
ST_1 : Operation 100 [1/1] (0.00ns)   --->   "%P_23_reload_read = read i32 @_ssdm_op_Read.ap_auto.float, i32 %P_23_reload"   --->   Operation 100 'read' 'P_23_reload_read' <Predicate = true> <Delay = 0.00>
ST_1 : Operation 101 [1/1] (0.00ns)   --->   "%P_22_reload_read = read i32 @_ssdm_op_Read.ap_auto.float, i32 %P_22_reload"   --->   Operation 101 'read' 'P_22_reload_read' <Predicate = true> <Delay = 0.00>
ST_1 : Operation 102 [1/1] (0.00ns)   --->   "%P_21_reload_read = read i32 @_ssdm_op_Read.ap_auto.float, i32 %P_21_reload"   --->   Operation 102 'read' 'P_21_reload_read' <Predicate = true> <Delay = 0.00>
ST_1 : Operation 103 [1/1] (0.00ns)   --->   "%P_20_reload_read = read i32 @_ssdm_op_Read.ap_auto.float, i32 %P_20_reload"   --->   Operation 103 'read' 'P_20_reload_read' <Predicate = true> <Delay = 0.00>
ST_1 : Operation 104 [1/1] (0.00ns)   --->   "%P_19_reload_read = read i32 @_ssdm_op_Read.ap_auto.float, i32 %P_19_reload"   --->   Operation 104 'read' 'P_19_reload_read' <Predicate = true> <Delay = 0.00>
ST_1 : Operation 105 [1/1] (0.00ns)   --->   "%P_18_reload_read = read i32 @_ssdm_op_Read.ap_auto.float, i32 %P_18_reload"   --->   Operation 105 'read' 'P_18_reload_read' <Predicate = true> <Delay = 0.00>
ST_1 : Operation 106 [1/1] (0.00ns)   --->   "%F_32_reload_read = read i32 @_ssdm_op_Read.ap_auto.float, i32 %F_32_reload"   --->   Operation 106 'read' 'F_32_reload_read' <Predicate = true> <Delay = 0.00>
ST_1 : Operation 107 [1/1] (0.00ns)   --->   "%F_26_reload_read = read i32 @_ssdm_op_Read.ap_auto.float, i32 %F_26_reload"   --->   Operation 107 'read' 'F_26_reload_read' <Predicate = true> <Delay = 0.00>
ST_1 : Operation 108 [1/1] (0.00ns)   --->   "%F_20_reload_read = read i32 @_ssdm_op_Read.ap_auto.float, i32 %F_20_reload"   --->   Operation 108 'read' 'F_20_reload_read' <Predicate = true> <Delay = 0.00>
ST_1 : Operation 109 [1/1] (0.00ns)   --->   "%F_9_reload_read = read i32 @_ssdm_op_Read.ap_auto.float, i32 %F_9_reload"   --->   Operation 109 'read' 'F_9_reload_read' <Predicate = true> <Delay = 0.00>
ST_1 : Operation 110 [1/1] (0.00ns)   --->   "%F_4_reload_read = read i32 @_ssdm_op_Read.ap_auto.float, i32 %F_4_reload"   --->   Operation 110 'read' 'F_4_reload_read' <Predicate = true> <Delay = 0.00>
ST_1 : Operation 111 [1/1] (0.00ns)   --->   "%F_31_reload_read = read i32 @_ssdm_op_Read.ap_auto.float, i32 %F_31_reload"   --->   Operation 111 'read' 'F_31_reload_read' <Predicate = true> <Delay = 0.00>
ST_1 : Operation 112 [1/1] (0.00ns)   --->   "%F_25_reload_read = read i32 @_ssdm_op_Read.ap_auto.float, i32 %F_25_reload"   --->   Operation 112 'read' 'F_25_reload_read' <Predicate = true> <Delay = 0.00>
ST_1 : Operation 113 [1/1] (0.00ns)   --->   "%F_19_reload_read = read i32 @_ssdm_op_Read.ap_auto.float, i32 %F_19_reload"   --->   Operation 113 'read' 'F_19_reload_read' <Predicate = true> <Delay = 0.00>
ST_1 : Operation 114 [1/1] (0.00ns)   --->   "%F_14_reload_read = read i32 @_ssdm_op_Read.ap_auto.float, i32 %F_14_reload"   --->   Operation 114 'read' 'F_14_reload_read' <Predicate = true> <Delay = 0.00>
ST_1 : Operation 115 [1/1] (0.00ns)   --->   "%F_3_reload_read = read i32 @_ssdm_op_Read.ap_auto.float, i32 %F_3_reload"   --->   Operation 115 'read' 'F_3_reload_read' <Predicate = true> <Delay = 0.00>
ST_1 : Operation 116 [1/1] (0.00ns)   --->   "%F_30_reload_read = read i32 @_ssdm_op_Read.ap_auto.float, i32 %F_30_reload"   --->   Operation 116 'read' 'F_30_reload_read' <Predicate = true> <Delay = 0.00>
ST_1 : Operation 117 [1/1] (0.00ns)   --->   "%F_24_reload_read = read i32 @_ssdm_op_Read.ap_auto.float, i32 %F_24_reload"   --->   Operation 117 'read' 'F_24_reload_read' <Predicate = true> <Delay = 0.00>
ST_1 : Operation 118 [1/1] (0.00ns)   --->   "%F_18_reload_read = read i32 @_ssdm_op_Read.ap_auto.float, i32 %F_18_reload"   --->   Operation 118 'read' 'F_18_reload_read' <Predicate = true> <Delay = 0.00>
ST_1 : Operation 119 [1/1] (0.00ns)   --->   "%F_13_reload_read = read i32 @_ssdm_op_Read.ap_auto.float, i32 %F_13_reload"   --->   Operation 119 'read' 'F_13_reload_read' <Predicate = true> <Delay = 0.00>
ST_1 : Operation 120 [1/1] (0.00ns)   --->   "%F_8_reload_read = read i32 @_ssdm_op_Read.ap_auto.float, i32 %F_8_reload"   --->   Operation 120 'read' 'F_8_reload_read' <Predicate = true> <Delay = 0.00>
ST_1 : Operation 121 [1/1] (0.00ns)   --->   "%F_29_reload_read = read i32 @_ssdm_op_Read.ap_auto.float, i32 %F_29_reload"   --->   Operation 121 'read' 'F_29_reload_read' <Predicate = true> <Delay = 0.00>
ST_1 : Operation 122 [1/1] (0.00ns)   --->   "%F_23_reload_read = read i32 @_ssdm_op_Read.ap_auto.float, i32 %F_23_reload"   --->   Operation 122 'read' 'F_23_reload_read' <Predicate = true> <Delay = 0.00>
ST_1 : Operation 123 [1/1] (0.00ns)   --->   "%F_17_reload_read = read i32 @_ssdm_op_Read.ap_auto.float, i32 %F_17_reload"   --->   Operation 123 'read' 'F_17_reload_read' <Predicate = true> <Delay = 0.00>
ST_1 : Operation 124 [1/1] (0.00ns)   --->   "%F_12_reload_read = read i32 @_ssdm_op_Read.ap_auto.float, i32 %F_12_reload"   --->   Operation 124 'read' 'F_12_reload_read' <Predicate = true> <Delay = 0.00>
ST_1 : Operation 125 [1/1] (0.00ns)   --->   "%F_7_reload_read = read i32 @_ssdm_op_Read.ap_auto.float, i32 %F_7_reload"   --->   Operation 125 'read' 'F_7_reload_read' <Predicate = true> <Delay = 0.00>
ST_1 : Operation 126 [1/1] (0.00ns)   --->   "%F_2_reload_read = read i32 @_ssdm_op_Read.ap_auto.float, i32 %F_2_reload"   --->   Operation 126 'read' 'F_2_reload_read' <Predicate = true> <Delay = 0.00>
ST_1 : Operation 127 [1/1] (0.00ns)   --->   "%F_28_reload_read = read i32 @_ssdm_op_Read.ap_auto.float, i32 %F_28_reload"   --->   Operation 127 'read' 'F_28_reload_read' <Predicate = true> <Delay = 0.00>
ST_1 : Operation 128 [1/1] (0.00ns)   --->   "%F_22_reload_read = read i32 @_ssdm_op_Read.ap_auto.float, i32 %F_22_reload"   --->   Operation 128 'read' 'F_22_reload_read' <Predicate = true> <Delay = 0.00>
ST_1 : Operation 129 [1/1] (0.00ns)   --->   "%F_16_reload_read = read i32 @_ssdm_op_Read.ap_auto.float, i32 %F_16_reload"   --->   Operation 129 'read' 'F_16_reload_read' <Predicate = true> <Delay = 0.00>
ST_1 : Operation 130 [1/1] (0.00ns)   --->   "%F_11_reload_read = read i32 @_ssdm_op_Read.ap_auto.float, i32 %F_11_reload"   --->   Operation 130 'read' 'F_11_reload_read' <Predicate = true> <Delay = 0.00>
ST_1 : Operation 131 [1/1] (0.00ns)   --->   "%F_6_reload_read = read i32 @_ssdm_op_Read.ap_auto.float, i32 %F_6_reload"   --->   Operation 131 'read' 'F_6_reload_read' <Predicate = true> <Delay = 0.00>
ST_1 : Operation 132 [1/1] (0.00ns)   --->   "%F_1_reload_read = read i32 @_ssdm_op_Read.ap_auto.float, i32 %F_1_reload"   --->   Operation 132 'read' 'F_1_reload_read' <Predicate = true> <Delay = 0.00>
ST_1 : Operation 133 [1/1] (0.00ns)   --->   "%F_27_reload_read = read i32 @_ssdm_op_Read.ap_auto.float, i32 %F_27_reload"   --->   Operation 133 'read' 'F_27_reload_read' <Predicate = true> <Delay = 0.00>
ST_1 : Operation 134 [1/1] (0.00ns)   --->   "%F_21_reload_read = read i32 @_ssdm_op_Read.ap_auto.float, i32 %F_21_reload"   --->   Operation 134 'read' 'F_21_reload_read' <Predicate = true> <Delay = 0.00>
ST_1 : Operation 135 [1/1] (0.00ns)   --->   "%F_15_reload_read = read i32 @_ssdm_op_Read.ap_auto.float, i32 %F_15_reload"   --->   Operation 135 'read' 'F_15_reload_read' <Predicate = true> <Delay = 0.00>
ST_1 : Operation 136 [1/1] (0.00ns)   --->   "%F_10_reload_read = read i32 @_ssdm_op_Read.ap_auto.float, i32 %F_10_reload"   --->   Operation 136 'read' 'F_10_reload_read' <Predicate = true> <Delay = 0.00>
ST_1 : Operation 137 [1/1] (0.00ns)   --->   "%F_5_reload_read = read i32 @_ssdm_op_Read.ap_auto.float, i32 %F_5_reload"   --->   Operation 137 'read' 'F_5_reload_read' <Predicate = true> <Delay = 0.00>
ST_1 : Operation 138 [1/1] (0.00ns)   --->   "%F_reload_read = read i32 @_ssdm_op_Read.ap_auto.float, i32 %F_reload"   --->   Operation 138 'read' 'F_reload_read' <Predicate = true> <Delay = 0.00>
ST_1 : Operation 139 [1/1] (0.42ns)   --->   "%store_ln0 = store i6 0, i6 %indvar_flatten13"   --->   Operation 139 'store' 'store_ln0' <Predicate = true> <Delay = 0.42>
ST_1 : Operation 140 [1/1] (0.42ns)   --->   "%store_ln0 = store i3 0, i3 %i"   --->   Operation 140 'store' 'store_ln0' <Predicate = true> <Delay = 0.42>
ST_1 : Operation 141 [1/1] (0.42ns)   --->   "%store_ln0 = store i3 0, i3 %j"   --->   Operation 141 'store' 'store_ln0' <Predicate = true> <Delay = 0.42>
ST_1 : Operation 142 [1/1] (0.00ns)   --->   "%br_ln0 = br void %for.body8.i59.i"   --->   Operation 142 'br' 'br_ln0' <Predicate = true> <Delay = 0.00>
ST_1 : Operation 143 [1/1] (0.00ns)   --->   "%indvar_flatten13_load = load i6 %indvar_flatten13" [ekf_core.cpp:17->ekf_core.cpp:70->ekf_core.cpp:162]   --->   Operation 143 'load' 'indvar_flatten13_load' <Predicate = true> <Delay = 0.00>
ST_1 : Operation 144 [1/1] (0.78ns)   --->   "%icmp_ln17 = icmp_eq  i6 %indvar_flatten13_load, i6 36" [ekf_core.cpp:17->ekf_core.cpp:70->ekf_core.cpp:162]   --->   Operation 144 'icmp' 'icmp_ln17' <Predicate = true> <Delay = 0.78> <CoreInst = "Cmp">   --->   Core 9 'Cmp' <Latency = 0> <II = 1> <Delay = 0.78> <FuncUnit> <Opcode : 'icmp'> <InPorts = 2> <OutPorts = 1>
ST_1 : Operation 145 [1/1] (0.78ns)   --->   "%add_ln17_1 = add i6 %indvar_flatten13_load, i6 1" [ekf_core.cpp:17->ekf_core.cpp:70->ekf_core.cpp:162]   --->   Operation 145 'add' 'add_ln17_1' <Predicate = true> <Delay = 0.78> <CoreInst = "Adder">   --->   Core 1 'Adder' <Latency = 0> <II = 1> <Delay = 0.78> <FuncUnit> <Opcode : 'add' 'sub'> <InPorts = 2> <OutPorts = 1>
ST_1 : Operation 146 [1/1] (0.00ns)   --->   "%br_ln17 = br i1 %icmp_ln17, void %for.cond.cleanup3.i44.i, void %for.body4.i34.i.preheader.exitStub" [ekf_core.cpp:17->ekf_core.cpp:70->ekf_core.cpp:162]   --->   Operation 146 'br' 'br_ln17' <Predicate = true> <Delay = 0.00>
ST_1 : Operation 147 [1/1] (0.00ns)   --->   "%j_load = load i3 %j" [ekf_core.cpp:18->ekf_core.cpp:70->ekf_core.cpp:162]   --->   Operation 147 'load' 'j_load' <Predicate = (!icmp_ln17)> <Delay = 0.00>
ST_1 : Operation 148 [1/1] (0.00ns)   --->   "%i_load = load i3 %i" [ekf_core.cpp:17->ekf_core.cpp:70->ekf_core.cpp:162]   --->   Operation 148 'load' 'i_load' <Predicate = (!icmp_ln17)> <Delay = 0.00>
ST_1 : Operation 149 [1/1] (0.67ns)   --->   "%icmp_ln18 = icmp_eq  i3 %j_load, i3 6" [ekf_core.cpp:18->ekf_core.cpp:70->ekf_core.cpp:162]   --->   Operation 149 'icmp' 'icmp_ln18' <Predicate = (!icmp_ln17)> <Delay = 0.67> <CoreInst = "Cmp">   --->   Core 9 'Cmp' <Latency = 0> <II = 1> <Delay = 0.67> <FuncUnit> <Opcode : 'icmp'> <InPorts = 2> <OutPorts = 1>
ST_1 : Operation 150 [1/1] (0.20ns)   --->   "%select_ln17 = select i1 %icmp_ln18, i3 0, i3 %j_load" [ekf_core.cpp:17->ekf_core.cpp:70->ekf_core.cpp:162]   --->   Operation 150 'select' 'select_ln17' <Predicate = (!icmp_ln17)> <Delay = 0.20> <CoreInst = "Sel">   --->   Core 73 'Sel' <Latency = 0> <II = 1> <Delay = 0.20> <FuncUnit> <Opcode : 'select'> <InPorts = 3> <OutPorts = 1>
ST_1 : Operation 151 [1/1] (0.67ns)   --->   "%add_ln17 = add i3 %i_load, i3 1" [ekf_core.cpp:17->ekf_core.cpp:70->ekf_core.cpp:162]   --->   Operation 151 'add' 'add_ln17' <Predicate = (!icmp_ln17)> <Delay = 0.67> <CoreInst = "Adder">   --->   Core 1 'Adder' <Latency = 0> <II = 1> <Delay = 0.67> <FuncUnit> <Opcode : 'add' 'sub'> <InPorts = 2> <OutPorts = 1>
ST_1 : Operation 152 [1/1] (0.62ns)   --->   "%tmp_7_mid1 = mux i32 @_ssdm_op_Mux.ap_auto.6f32.i3, i32 %F_reload_read, i32 %F_5_reload_read, i32 %F_10_reload_read, i32 %F_15_reload_read, i32 %F_21_reload_read, i32 %F_27_reload_read, i3 %add_ln17" [ekf_core.cpp:17->ekf_core.cpp:70->ekf_core.cpp:162]   --->   Operation 152 'mux' 'tmp_7_mid1' <Predicate = (!icmp_ln17)> <Delay = 0.62> <CoreInst = "Multiplexer">   --->   Core 76 'Multiplexer' <Latency = 0> <II = 1> <Delay = 0.62> <FuncUnit> <Opcode : 'mux'> <InPorts = 2> <OutPorts = 1>
ST_1 : Operation 153 [1/1] (0.62ns)   --->   "%tmp_s = mux i32 @_ssdm_op_Mux.ap_auto.6f32.i3, i32 %F_reload_read, i32 %F_5_reload_read, i32 %F_10_reload_read, i32 %F_15_reload_read, i32 %F_21_reload_read, i32 %F_27_reload_read, i3 %i_load" [ekf_core.cpp:17->ekf_core.cpp:70->ekf_core.cpp:162]   --->   Operation 153 'mux' 'tmp_s' <Predicate = (!icmp_ln17)> <Delay = 0.62> <CoreInst = "Multiplexer">   --->   Core 76 'Multiplexer' <Latency = 0> <II = 1> <Delay = 0.62> <FuncUnit> <Opcode : 'mux'> <InPorts = 2> <OutPorts = 1>
ST_1 : Operation 154 [1/1] (0.44ns)   --->   "%select_ln17_1 = select i1 %icmp_ln18, i32 %tmp_7_mid1, i32 %tmp_s" [ekf_core.cpp:17->ekf_core.cpp:70->ekf_core.cpp:162]   --->   Operation 154 'select' 'select_ln17_1' <Predicate = (!icmp_ln17)> <Delay = 0.44> <CoreInst = "Sel">   --->   Core 73 'Sel' <Latency = 0> <II = 1> <Delay = 0.44> <FuncUnit> <Opcode : 'select'> <InPorts = 3> <OutPorts = 1>
ST_1 : Operation 155 [1/1] (0.20ns)   --->   "%select_ln17_7 = select i1 %icmp_ln18, i3 %add_ln17, i3 %i_load" [ekf_core.cpp:17->ekf_core.cpp:70->ekf_core.cpp:162]   --->   Operation 155 'select' 'select_ln17_7' <Predicate = (!icmp_ln17)> <Delay = 0.20> <CoreInst = "Sel">   --->   Core 73 'Sel' <Latency = 0> <II = 1> <Delay = 0.20> <FuncUnit> <Opcode : 'select'> <InPorts = 3> <OutPorts = 1>
ST_1 : Operation 156 [1/1] (0.62ns)   --->   "%tmp_11 = mux i32 @_ssdm_op_Mux.ap_auto.6f32.i3, i32 %P_18_reload_read, i32 %P_19_reload_read, i32 %P_20_reload_read, i32 %P_21_reload_read, i32 %P_22_reload_read, i32 %P_23_reload_read, i3 %select_ln17" [ekf_core.cpp:23->ekf_core.cpp:70->ekf_core.cpp:162]   --->   Operation 156 'mux' 'tmp_11' <Predicate = (!icmp_ln17)> <Delay = 0.62> <CoreInst = "Multiplexer">   --->   Core 76 'Multiplexer' <Latency = 0> <II = 1> <Delay = 0.62> <FuncUnit> <Opcode : 'mux'> <InPorts = 2> <OutPorts = 1>
ST_1 : Operation 157 [1/1] (0.73ns)   --->   "%switch_ln25 = switch i3 %select_ln17_7, void %arrayidx181.i63.i91.case.5, i3 0, void %arrayidx181.i63.i91.case.0, i3 1, void %arrayidx181.i63.i91.case.1, i3 2, void %arrayidx181.i63.i91.case.2, i3 3, void %arrayidx181.i63.i91.case.3, i3 4, void %arrayidx181.i63.i91.case.4" [ekf_core.cpp:25->ekf_core.cpp:70->ekf_core.cpp:162]   --->   Operation 157 'switch' 'switch_ln25' <Predicate = (!icmp_ln17)> <Delay = 0.73>
ST_1 : Operation 158 [1/1] (0.73ns)   --->   "%switch_ln25 = switch i3 %select_ln17, void %arrayidx181.i63.i91.case.5825, i3 0, void %arrayidx181.i63.i91.case.4.arrayidx181.i63.i91.exit_crit_edge71, i3 1, void %arrayidx181.i63.i91.case.1821, i3 2, void %arrayidx181.i63.i91.case.2822, i3 3, void %arrayidx181.i63.i91.case.3823, i3 4, void %arrayidx181.i63.i91.case.4.arrayidx181.i63.i91.exit_crit_edge" [ekf_core.cpp:25->ekf_core.cpp:70->ekf_core.cpp:162]   --->   Operation 158 'switch' 'switch_ln25' <Predicate = (!icmp_ln17 & select_ln17_7 == 4)> <Delay = 0.73>
ST_1 : Operation 159 [1/1] (0.73ns)   --->   "%switch_ln25 = switch i3 %select_ln17, void %arrayidx181.i63.i91.case.5817, i3 0, void %arrayidx181.i63.i91.case.3.arrayidx181.i63.i91.exit_crit_edge72, i3 1, void %arrayidx181.i63.i91.case.1813, i3 2, void %arrayidx181.i63.i91.case.2814, i3 3, void %arrayidx181.i63.i91.case.3815, i3 4, void %arrayidx181.i63.i91.case.3.arrayidx181.i63.i91.exit_crit_edge" [ekf_core.cpp:25->ekf_core.cpp:70->ekf_core.cpp:162]   --->   Operation 159 'switch' 'switch_ln25' <Predicate = (!icmp_ln17 & select_ln17_7 == 3)> <Delay = 0.73>
ST_1 : Operation 160 [1/1] (0.73ns)   --->   "%switch_ln25 = switch i3 %select_ln17, void %arrayidx181.i63.i91.case.5809, i3 0, void %arrayidx181.i63.i91.case.2.arrayidx181.i63.i91.exit_crit_edge73, i3 1, void %arrayidx181.i63.i91.case.1805, i3 2, void %arrayidx181.i63.i91.case.2806, i3 3, void %arrayidx181.i63.i91.case.3807, i3 4, void %arrayidx181.i63.i91.case.2.arrayidx181.i63.i91.exit_crit_edge" [ekf_core.cpp:25->ekf_core.cpp:70->ekf_core.cpp:162]   --->   Operation 160 'switch' 'switch_ln25' <Predicate = (!icmp_ln17 & select_ln17_7 == 2)> <Delay = 0.73>
ST_1 : Operation 161 [1/1] (0.73ns)   --->   "%switch_ln25 = switch i3 %select_ln17, void %arrayidx181.i63.i91.case.5801, i3 0, void %arrayidx181.i63.i91.case.1.arrayidx181.i63.i91.exit_crit_edge74, i3 1, void %arrayidx181.i63.i91.case.1797, i3 2, void %arrayidx181.i63.i91.case.2798, i3 3, void %arrayidx181.i63.i91.case.3799, i3 4, void %arrayidx181.i63.i91.case.1.arrayidx181.i63.i91.exit_crit_edge" [ekf_core.cpp:25->ekf_core.cpp:70->ekf_core.cpp:162]   --->   Operation 161 'switch' 'switch_ln25' <Predicate = (!icmp_ln17 & select_ln17_7 == 1)> <Delay = 0.73>
ST_1 : Operation 162 [1/1] (0.73ns)   --->   "%switch_ln25 = switch i3 %select_ln17, void %arrayidx181.i63.i91.case.5793, i3 0, void %arrayidx181.i63.i91.case.0.arrayidx181.i63.i91.exit_crit_edge75, i3 1, void %arrayidx181.i63.i91.case.1789, i3 2, void %arrayidx181.i63.i91.case.2790, i3 3, void %arrayidx181.i63.i91.case.3791, i3 4, void %arrayidx181.i63.i91.case.0.arrayidx181.i63.i91.exit_crit_edge" [ekf_core.cpp:25->ekf_core.cpp:70->ekf_core.cpp:162]   --->   Operation 162 'switch' 'switch_ln25' <Predicate = (!icmp_ln17 & select_ln17_7 == 0)> <Delay = 0.73>
ST_1 : Operation 163 [1/1] (0.73ns)   --->   "%switch_ln25 = switch i3 %select_ln17, void %arrayidx181.i63.i91.case.5833, i3 0, void %arrayidx181.i63.i91.case.5.arrayidx181.i63.i91.exit_crit_edge70, i3 1, void %arrayidx181.i63.i91.case.1829, i3 2, void %arrayidx181.i63.i91.case.2830, i3 3, void %arrayidx181.i63.i91.case.3831, i3 4, void %arrayidx181.i63.i91.case.5.arrayidx181.i63.i91.exit_crit_edge" [ekf_core.cpp:25->ekf_core.cpp:70->ekf_core.cpp:162]   --->   Operation 163 'switch' 'switch_ln25' <Predicate = (!icmp_ln17 & select_ln17_7 != 0 & select_ln17_7 != 1 & select_ln17_7 != 2 & select_ln17_7 != 3 & select_ln17_7 != 4)> <Delay = 0.73>
ST_1 : Operation 164 [1/1] (0.67ns)   --->   "%add_ln18 = add i3 %select_ln17, i3 1" [ekf_core.cpp:18->ekf_core.cpp:70->ekf_core.cpp:162]   --->   Operation 164 'add' 'add_ln18' <Predicate = (!icmp_ln17)> <Delay = 0.67> <CoreInst = "Adder">   --->   Core 1 'Adder' <Latency = 0> <II = 1> <Delay = 0.67> <FuncUnit> <Opcode : 'add' 'sub'> <InPorts = 2> <OutPorts = 1>
ST_1 : Operation 165 [1/1] (0.42ns)   --->   "%store_ln18 = store i6 %add_ln17_1, i6 %indvar_flatten13" [ekf_core.cpp:18->ekf_core.cpp:70->ekf_core.cpp:162]   --->   Operation 165 'store' 'store_ln18' <Predicate = (!icmp_ln17)> <Delay = 0.42>
ST_1 : Operation 166 [1/1] (0.42ns)   --->   "%store_ln18 = store i3 %select_ln17_7, i3 %i" [ekf_core.cpp:18->ekf_core.cpp:70->ekf_core.cpp:162]   --->   Operation 166 'store' 'store_ln18' <Predicate = (!icmp_ln17)> <Delay = 0.42>
ST_1 : Operation 167 [1/1] (0.42ns)   --->   "%store_ln18 = store i3 %add_ln18, i3 %j" [ekf_core.cpp:18->ekf_core.cpp:70->ekf_core.cpp:162]   --->   Operation 167 'store' 'store_ln18' <Predicate = (!icmp_ln17)> <Delay = 0.42>
ST_1 : Operation 168 [1/1] (0.00ns)   --->   "%br_ln18 = br void %for.body8.i59.i" [ekf_core.cpp:18->ekf_core.cpp:70->ekf_core.cpp:162]   --->   Operation 168 'br' 'br_ln18' <Predicate = (!icmp_ln17)> <Delay = 0.00>

State 2 <SV = 1> <Delay = 7.01>
ST_2 : [1/1] (0.96ns)   --->   Input mux for Operation 169 '%mul_i57_i = fmul i32 %select_ln17_1, i32 %tmp_11'
ST_2 : Operation 169 [3/3] (6.04ns)   --->   "%mul_i57_i = fmul i32 %select_ln17_1, i32 %tmp_11" [ekf_core.cpp:23->ekf_core.cpp:70->ekf_core.cpp:162]   --->   Operation 169 'fmul' 'mul_i57_i' <Predicate = true> <Delay = 6.04> <CoreInst = "FMul_maxdsp">   --->   Core 30 'FMul_maxdsp' <Latency = 2> <II = 1> <Delay = 7.01> <FuncUnit> <Opcode : 'fmul'> <InPorts = 2> <OutPorts = 1>

State 3 <SV = 2> <Delay = 7.01>
ST_3 : Operation 170 [2/3] (7.01ns)   --->   "%mul_i57_i = fmul i32 %select_ln17_1, i32 %tmp_11" [ekf_core.cpp:23->ekf_core.cpp:70->ekf_core.cpp:162]   --->   Operation 170 'fmul' 'mul_i57_i' <Predicate = true> <Delay = 7.01> <CoreInst = "FMul_maxdsp">   --->   Core 30 'FMul_maxdsp' <Latency = 2> <II = 1> <Delay = 7.01> <FuncUnit> <Opcode : 'fmul'> <InPorts = 2> <OutPorts = 1>

State 4 <SV = 3> <Delay = 7.01>
ST_4 : Operation 171 [1/3] (7.01ns)   --->   "%mul_i57_i = fmul i32 %select_ln17_1, i32 %tmp_11" [ekf_core.cpp:23->ekf_core.cpp:70->ekf_core.cpp:162]   --->   Operation 171 'fmul' 'mul_i57_i' <Predicate = true> <Delay = 7.01> <CoreInst = "FMul_maxdsp">   --->   Core 30 'FMul_maxdsp' <Latency = 2> <II = 1> <Delay = 7.01> <FuncUnit> <Opcode : 'fmul'> <InPorts = 2> <OutPorts = 1>

State 5 <SV = 4> <Delay = 6.43>
ST_5 : Operation 172 [1/1] (0.62ns)   --->   "%tmp_8_mid1 = mux i32 @_ssdm_op_Mux.ap_auto.6f32.i3, i32 %F_1_reload_read, i32 %F_6_reload_read, i32 %F_11_reload_read, i32 %F_16_reload_read, i32 %F_22_reload_read, i32 %F_28_reload_read, i3 %add_ln17" [ekf_core.cpp:17->ekf_core.cpp:70->ekf_core.cpp:162]   --->   Operation 172 'mux' 'tmp_8_mid1' <Predicate = (icmp_ln18)> <Delay = 0.62> <CoreInst = "Multiplexer">   --->   Core 76 'Multiplexer' <Latency = 0> <II = 1> <Delay = 0.62> <FuncUnit> <Opcode : 'mux'> <InPorts = 2> <OutPorts = 1>
ST_5 : Operation 173 [1/1] (0.62ns)   --->   "%tmp_47 = mux i32 @_ssdm_op_Mux.ap_auto.6f32.i3, i32 %F_1_reload_read, i32 %F_6_reload_read, i32 %F_11_reload_read, i32 %F_16_reload_read, i32 %F_22_reload_read, i32 %F_28_reload_read, i3 %i_load" [ekf_core.cpp:17->ekf_core.cpp:70->ekf_core.cpp:162]   --->   Operation 173 'mux' 'tmp_47' <Predicate = (!icmp_ln18)> <Delay = 0.62> <CoreInst = "Multiplexer">   --->   Core 76 'Multiplexer' <Latency = 0> <II = 1> <Delay = 0.62> <FuncUnit> <Opcode : 'mux'> <InPorts = 2> <OutPorts = 1>
ST_5 : Operation 174 [1/1] (0.44ns)   --->   "%select_ln17_2 = select i1 %icmp_ln18, i32 %tmp_8_mid1, i32 %tmp_47" [ekf_core.cpp:17->ekf_core.cpp:70->ekf_core.cpp:162]   --->   Operation 174 'select' 'select_ln17_2' <Predicate = true> <Delay = 0.44> <CoreInst = "Sel">   --->   Core 73 'Sel' <Latency = 0> <II = 1> <Delay = 0.44> <FuncUnit> <Opcode : 'select'> <InPorts = 3> <OutPorts = 1>
ST_5 : [1/1] (1.04ns)   --->   Input mux for Operation 175 '%acc_6 = fadd i32 %mul_i57_i, i32 0'
ST_5 : Operation 175 [4/4] (5.38ns)   --->   "%acc_6 = fadd i32 %mul_i57_i, i32 0" [ekf_core.cpp:23->ekf_core.cpp:70->ekf_core.cpp:162]   --->   Operation 175 'fadd' 'acc_6' <Predicate = true> <Delay = 5.38> <CoreInst = "FAddSub_fulldsp">   --->   Core 18 'FAddSub_fulldsp' <Latency = 3> <II = 1> <Delay = 6.43> <FuncUnit> <Opcode : 'fadd' 'fsub'> <InPorts = 2> <OutPorts = 1>
ST_5 : Operation 176 [1/1] (0.62ns)   --->   "%tmp_12 = mux i32 @_ssdm_op_Mux.ap_auto.6f32.i3, i32 %P_24_reload_read, i32 %P_25_reload_read, i32 %P_26_reload_read, i32 %P_27_reload_read, i32 %P_28_reload_read, i32 %P_29_reload_read, i3 %select_ln17" [ekf_core.cpp:23->ekf_core.cpp:70->ekf_core.cpp:162]   --->   Operation 176 'mux' 'tmp_12' <Predicate = true> <Delay = 0.62> <CoreInst = "Multiplexer">   --->   Core 76 'Multiplexer' <Latency = 0> <II = 1> <Delay = 0.62> <FuncUnit> <Opcode : 'mux'> <InPorts = 2> <OutPorts = 1>

State 6 <SV = 5> <Delay = 7.01>
ST_6 : Operation 177 [3/4] (6.43ns)   --->   "%acc_6 = fadd i32 %mul_i57_i, i32 0" [ekf_core.cpp:23->ekf_core.cpp:70->ekf_core.cpp:162]   --->   Operation 177 'fadd' 'acc_6' <Predicate = true> <Delay = 6.43> <CoreInst = "FAddSub_fulldsp">   --->   Core 18 'FAddSub_fulldsp' <Latency = 3> <II = 1> <Delay = 6.43> <FuncUnit> <Opcode : 'fadd' 'fsub'> <InPorts = 2> <OutPorts = 1>
ST_6 : [1/1] (0.96ns)   --->   Input mux for Operation 178 '%mul_i57_i_1 = fmul i32 %select_ln17_2, i32 %tmp_12'
ST_6 : Operation 178 [3/3] (6.04ns)   --->   "%mul_i57_i_1 = fmul i32 %select_ln17_2, i32 %tmp_12" [ekf_core.cpp:23->ekf_core.cpp:70->ekf_core.cpp:162]   --->   Operation 178 'fmul' 'mul_i57_i_1' <Predicate = true> <Delay = 6.04> <CoreInst = "FMul_maxdsp">   --->   Core 30 'FMul_maxdsp' <Latency = 2> <II = 1> <Delay = 7.01> <FuncUnit> <Opcode : 'fmul'> <InPorts = 2> <OutPorts = 1>

State 7 <SV = 6> <Delay = 7.01>
ST_7 : Operation 179 [2/4] (6.43ns)   --->   "%acc_6 = fadd i32 %mul_i57_i, i32 0" [ekf_core.cpp:23->ekf_core.cpp:70->ekf_core.cpp:162]   --->   Operation 179 'fadd' 'acc_6' <Predicate = true> <Delay = 6.43> <CoreInst = "FAddSub_fulldsp">   --->   Core 18 'FAddSub_fulldsp' <Latency = 3> <II = 1> <Delay = 6.43> <FuncUnit> <Opcode : 'fadd' 'fsub'> <InPorts = 2> <OutPorts = 1>
ST_7 : Operation 180 [2/3] (7.01ns)   --->   "%mul_i57_i_1 = fmul i32 %select_ln17_2, i32 %tmp_12" [ekf_core.cpp:23->ekf_core.cpp:70->ekf_core.cpp:162]   --->   Operation 180 'fmul' 'mul_i57_i_1' <Predicate = true> <Delay = 7.01> <CoreInst = "FMul_maxdsp">   --->   Core 30 'FMul_maxdsp' <Latency = 2> <II = 1> <Delay = 7.01> <FuncUnit> <Opcode : 'fmul'> <InPorts = 2> <OutPorts = 1>

State 8 <SV = 7> <Delay = 7.01>
ST_8 : Operation 181 [1/4] (6.43ns)   --->   "%acc_6 = fadd i32 %mul_i57_i, i32 0" [ekf_core.cpp:23->ekf_core.cpp:70->ekf_core.cpp:162]   --->   Operation 181 'fadd' 'acc_6' <Predicate = true> <Delay = 6.43> <CoreInst = "FAddSub_fulldsp">   --->   Core 18 'FAddSub_fulldsp' <Latency = 3> <II = 1> <Delay = 6.43> <FuncUnit> <Opcode : 'fadd' 'fsub'> <InPorts = 2> <OutPorts = 1>
ST_8 : Operation 182 [1/3] (7.01ns)   --->   "%mul_i57_i_1 = fmul i32 %select_ln17_2, i32 %tmp_12" [ekf_core.cpp:23->ekf_core.cpp:70->ekf_core.cpp:162]   --->   Operation 182 'fmul' 'mul_i57_i_1' <Predicate = true> <Delay = 7.01> <CoreInst = "FMul_maxdsp">   --->   Core 30 'FMul_maxdsp' <Latency = 2> <II = 1> <Delay = 7.01> <FuncUnit> <Opcode : 'fmul'> <InPorts = 2> <OutPorts = 1>

State 9 <SV = 8> <Delay = 6.43>
ST_9 : Operation 183 [1/1] (0.62ns)   --->   "%tmp_9_mid1 = mux i32 @_ssdm_op_Mux.ap_auto.6f32.i3, i32 %F_2_reload_read, i32 %F_7_reload_read, i32 %F_12_reload_read, i32 %F_17_reload_read, i32 %F_23_reload_read, i32 %F_29_reload_read, i3 %add_ln17" [ekf_core.cpp:17->ekf_core.cpp:70->ekf_core.cpp:162]   --->   Operation 183 'mux' 'tmp_9_mid1' <Predicate = (icmp_ln18)> <Delay = 0.62> <CoreInst = "Multiplexer">   --->   Core 76 'Multiplexer' <Latency = 0> <II = 1> <Delay = 0.62> <FuncUnit> <Opcode : 'mux'> <InPorts = 2> <OutPorts = 1>
ST_9 : Operation 184 [1/1] (0.62ns)   --->   "%tmp_48 = mux i32 @_ssdm_op_Mux.ap_auto.6f32.i3, i32 %F_2_reload_read, i32 %F_7_reload_read, i32 %F_12_reload_read, i32 %F_17_reload_read, i32 %F_23_reload_read, i32 %F_29_reload_read, i3 %i_load" [ekf_core.cpp:17->ekf_core.cpp:70->ekf_core.cpp:162]   --->   Operation 184 'mux' 'tmp_48' <Predicate = (!icmp_ln18)> <Delay = 0.62> <CoreInst = "Multiplexer">   --->   Core 76 'Multiplexer' <Latency = 0> <II = 1> <Delay = 0.62> <FuncUnit> <Opcode : 'mux'> <InPorts = 2> <OutPorts = 1>
ST_9 : Operation 185 [1/1] (0.44ns)   --->   "%select_ln17_3 = select i1 %icmp_ln18, i32 %tmp_9_mid1, i32 %tmp_48" [ekf_core.cpp:17->ekf_core.cpp:70->ekf_core.cpp:162]   --->   Operation 185 'select' 'select_ln17_3' <Predicate = true> <Delay = 0.44> <CoreInst = "Sel">   --->   Core 73 'Sel' <Latency = 0> <II = 1> <Delay = 0.44> <FuncUnit> <Opcode : 'select'> <InPorts = 3> <OutPorts = 1>
ST_9 : [1/1] (1.04ns)   --->   Input mux for Operation 186 '%acc_7 = fadd i32 %acc_6, i32 %mul_i57_i_1'
ST_9 : Operation 186 [4/4] (5.38ns)   --->   "%acc_7 = fadd i32 %acc_6, i32 %mul_i57_i_1" [ekf_core.cpp:23->ekf_core.cpp:70->ekf_core.cpp:162]   --->   Operation 186 'fadd' 'acc_7' <Predicate = true> <Delay = 5.38> <CoreInst = "FAddSub_fulldsp">   --->   Core 18 'FAddSub_fulldsp' <Latency = 3> <II = 1> <Delay = 6.43> <FuncUnit> <Opcode : 'fadd' 'fsub'> <InPorts = 2> <OutPorts = 1>
ST_9 : Operation 187 [1/1] (0.62ns)   --->   "%tmp_13 = mux i32 @_ssdm_op_Mux.ap_auto.6f32.i3, i32 %P_30_reload_read, i32 %P_31_reload_read, i32 %P_32_reload_read, i32 %P_33_reload_read, i32 %P_34_reload_read, i32 %P_35_reload_read, i3 %select_ln17" [ekf_core.cpp:23->ekf_core.cpp:70->ekf_core.cpp:162]   --->   Operation 187 'mux' 'tmp_13' <Predicate = true> <Delay = 0.62> <CoreInst = "Multiplexer">   --->   Core 76 'Multiplexer' <Latency = 0> <II = 1> <Delay = 0.62> <FuncUnit> <Opcode : 'mux'> <InPorts = 2> <OutPorts = 1>

State 10 <SV = 9> <Delay = 7.01>
ST_10 : Operation 188 [3/4] (6.43ns)   --->   "%acc_7 = fadd i32 %acc_6, i32 %mul_i57_i_1" [ekf_core.cpp:23->ekf_core.cpp:70->ekf_core.cpp:162]   --->   Operation 188 'fadd' 'acc_7' <Predicate = true> <Delay = 6.43> <CoreInst = "FAddSub_fulldsp">   --->   Core 18 'FAddSub_fulldsp' <Latency = 3> <II = 1> <Delay = 6.43> <FuncUnit> <Opcode : 'fadd' 'fsub'> <InPorts = 2> <OutPorts = 1>
ST_10 : [1/1] (0.96ns)   --->   Input mux for Operation 189 '%mul_i57_i_2 = fmul i32 %select_ln17_3, i32 %tmp_13'
ST_10 : Operation 189 [3/3] (6.04ns)   --->   "%mul_i57_i_2 = fmul i32 %select_ln17_3, i32 %tmp_13" [ekf_core.cpp:23->ekf_core.cpp:70->ekf_core.cpp:162]   --->   Operation 189 'fmul' 'mul_i57_i_2' <Predicate = true> <Delay = 6.04> <CoreInst = "FMul_maxdsp">   --->   Core 30 'FMul_maxdsp' <Latency = 2> <II = 1> <Delay = 7.01> <FuncUnit> <Opcode : 'fmul'> <InPorts = 2> <OutPorts = 1>

State 11 <SV = 10> <Delay = 7.01>
ST_11 : Operation 190 [2/4] (6.43ns)   --->   "%acc_7 = fadd i32 %acc_6, i32 %mul_i57_i_1" [ekf_core.cpp:23->ekf_core.cpp:70->ekf_core.cpp:162]   --->   Operation 190 'fadd' 'acc_7' <Predicate = true> <Delay = 6.43> <CoreInst = "FAddSub_fulldsp">   --->   Core 18 'FAddSub_fulldsp' <Latency = 3> <II = 1> <Delay = 6.43> <FuncUnit> <Opcode : 'fadd' 'fsub'> <InPorts = 2> <OutPorts = 1>
ST_11 : Operation 191 [2/3] (7.01ns)   --->   "%mul_i57_i_2 = fmul i32 %select_ln17_3, i32 %tmp_13" [ekf_core.cpp:23->ekf_core.cpp:70->ekf_core.cpp:162]   --->   Operation 191 'fmul' 'mul_i57_i_2' <Predicate = true> <Delay = 7.01> <CoreInst = "FMul_maxdsp">   --->   Core 30 'FMul_maxdsp' <Latency = 2> <II = 1> <Delay = 7.01> <FuncUnit> <Opcode : 'fmul'> <InPorts = 2> <OutPorts = 1>

State 12 <SV = 11> <Delay = 7.01>
ST_12 : Operation 192 [1/4] (6.43ns)   --->   "%acc_7 = fadd i32 %acc_6, i32 %mul_i57_i_1" [ekf_core.cpp:23->ekf_core.cpp:70->ekf_core.cpp:162]   --->   Operation 192 'fadd' 'acc_7' <Predicate = true> <Delay = 6.43> <CoreInst = "FAddSub_fulldsp">   --->   Core 18 'FAddSub_fulldsp' <Latency = 3> <II = 1> <Delay = 6.43> <FuncUnit> <Opcode : 'fadd' 'fsub'> <InPorts = 2> <OutPorts = 1>
ST_12 : Operation 193 [1/3] (7.01ns)   --->   "%mul_i57_i_2 = fmul i32 %select_ln17_3, i32 %tmp_13" [ekf_core.cpp:23->ekf_core.cpp:70->ekf_core.cpp:162]   --->   Operation 193 'fmul' 'mul_i57_i_2' <Predicate = true> <Delay = 7.01> <CoreInst = "FMul_maxdsp">   --->   Core 30 'FMul_maxdsp' <Latency = 2> <II = 1> <Delay = 7.01> <FuncUnit> <Opcode : 'fmul'> <InPorts = 2> <OutPorts = 1>

State 13 <SV = 12> <Delay = 6.43>
ST_13 : Operation 194 [1/1] (0.62ns)   --->   "%tmp_mid1 = mux i32 @_ssdm_op_Mux.ap_auto.6f32.i3, i32 0.1, i32 %F_8_reload_read, i32 %F_13_reload_read, i32 %F_18_reload_read, i32 %F_24_reload_read, i32 %F_30_reload_read, i3 %add_ln17" [ekf_core.cpp:17->ekf_core.cpp:70->ekf_core.cpp:162]   --->   Operation 194 'mux' 'tmp_mid1' <Predicate = (icmp_ln18)> <Delay = 0.62> <CoreInst = "Multiplexer">   --->   Core 76 'Multiplexer' <Latency = 0> <II = 1> <Delay = 0.62> <FuncUnit> <Opcode : 'mux'> <InPorts = 2> <OutPorts = 1>
ST_13 : Operation 195 [1/1] (0.62ns)   --->   "%tmp_49 = mux i32 @_ssdm_op_Mux.ap_auto.6f32.i3, i32 0.1, i32 %F_8_reload_read, i32 %F_13_reload_read, i32 %F_18_reload_read, i32 %F_24_reload_read, i32 %F_30_reload_read, i3 %i_load" [ekf_core.cpp:17->ekf_core.cpp:70->ekf_core.cpp:162]   --->   Operation 195 'mux' 'tmp_49' <Predicate = (!icmp_ln18)> <Delay = 0.62> <CoreInst = "Multiplexer">   --->   Core 76 'Multiplexer' <Latency = 0> <II = 1> <Delay = 0.62> <FuncUnit> <Opcode : 'mux'> <InPorts = 2> <OutPorts = 1>
ST_13 : Operation 196 [1/1] (0.44ns)   --->   "%select_ln17_4 = select i1 %icmp_ln18, i32 %tmp_mid1, i32 %tmp_49" [ekf_core.cpp:17->ekf_core.cpp:70->ekf_core.cpp:162]   --->   Operation 196 'select' 'select_ln17_4' <Predicate = true> <Delay = 0.44> <CoreInst = "Sel">   --->   Core 73 'Sel' <Latency = 0> <II = 1> <Delay = 0.44> <FuncUnit> <Opcode : 'select'> <InPorts = 3> <OutPorts = 1>
ST_13 : [1/1] (1.04ns)   --->   Input mux for Operation 197 '%acc_8 = fadd i32 %acc_7, i32 %mul_i57_i_2'
ST_13 : Operation 197 [4/4] (5.38ns)   --->   "%acc_8 = fadd i32 %acc_7, i32 %mul_i57_i_2" [ekf_core.cpp:23->ekf_core.cpp:70->ekf_core.cpp:162]   --->   Operation 197 'fadd' 'acc_8' <Predicate = true> <Delay = 5.38> <CoreInst = "FAddSub_fulldsp">   --->   Core 18 'FAddSub_fulldsp' <Latency = 3> <II = 1> <Delay = 6.43> <FuncUnit> <Opcode : 'fadd' 'fsub'> <InPorts = 2> <OutPorts = 1>
ST_13 : Operation 198 [1/1] (0.62ns)   --->   "%tmp_14 = mux i32 @_ssdm_op_Mux.ap_auto.6f32.i3, i32 %P_17_reload_read, i32 %P_16_reload_read, i32 %P_15_reload_read, i32 %P_14_reload_read, i32 %P_13_reload_read, i32 %P_12_reload_read, i3 %select_ln17" [ekf_core.cpp:23->ekf_core.cpp:70->ekf_core.cpp:162]   --->   Operation 198 'mux' 'tmp_14' <Predicate = true> <Delay = 0.62> <CoreInst = "Multiplexer">   --->   Core 76 'Multiplexer' <Latency = 0> <II = 1> <Delay = 0.62> <FuncUnit> <Opcode : 'mux'> <InPorts = 2> <OutPorts = 1>

State 14 <SV = 13> <Delay = 7.01>
ST_14 : Operation 199 [3/4] (6.43ns)   --->   "%acc_8 = fadd i32 %acc_7, i32 %mul_i57_i_2" [ekf_core.cpp:23->ekf_core.cpp:70->ekf_core.cpp:162]   --->   Operation 199 'fadd' 'acc_8' <Predicate = true> <Delay = 6.43> <CoreInst = "FAddSub_fulldsp">   --->   Core 18 'FAddSub_fulldsp' <Latency = 3> <II = 1> <Delay = 6.43> <FuncUnit> <Opcode : 'fadd' 'fsub'> <InPorts = 2> <OutPorts = 1>
ST_14 : [1/1] (0.96ns)   --->   Input mux for Operation 200 '%mul_i57_i_3 = fmul i32 %select_ln17_4, i32 %tmp_14'
ST_14 : Operation 200 [3/3] (6.04ns)   --->   "%mul_i57_i_3 = fmul i32 %select_ln17_4, i32 %tmp_14" [ekf_core.cpp:23->ekf_core.cpp:70->ekf_core.cpp:162]   --->   Operation 200 'fmul' 'mul_i57_i_3' <Predicate = true> <Delay = 6.04> <CoreInst = "FMul_maxdsp">   --->   Core 30 'FMul_maxdsp' <Latency = 2> <II = 1> <Delay = 7.01> <FuncUnit> <Opcode : 'fmul'> <InPorts = 2> <OutPorts = 1>

State 15 <SV = 14> <Delay = 7.01>
ST_15 : Operation 201 [2/4] (6.43ns)   --->   "%acc_8 = fadd i32 %acc_7, i32 %mul_i57_i_2" [ekf_core.cpp:23->ekf_core.cpp:70->ekf_core.cpp:162]   --->   Operation 201 'fadd' 'acc_8' <Predicate = true> <Delay = 6.43> <CoreInst = "FAddSub_fulldsp">   --->   Core 18 'FAddSub_fulldsp' <Latency = 3> <II = 1> <Delay = 6.43> <FuncUnit> <Opcode : 'fadd' 'fsub'> <InPorts = 2> <OutPorts = 1>
ST_15 : Operation 202 [2/3] (7.01ns)   --->   "%mul_i57_i_3 = fmul i32 %select_ln17_4, i32 %tmp_14" [ekf_core.cpp:23->ekf_core.cpp:70->ekf_core.cpp:162]   --->   Operation 202 'fmul' 'mul_i57_i_3' <Predicate = true> <Delay = 7.01> <CoreInst = "FMul_maxdsp">   --->   Core 30 'FMul_maxdsp' <Latency = 2> <II = 1> <Delay = 7.01> <FuncUnit> <Opcode : 'fmul'> <InPorts = 2> <OutPorts = 1>

State 16 <SV = 15> <Delay = 7.01>
ST_16 : Operation 203 [1/4] (6.43ns)   --->   "%acc_8 = fadd i32 %acc_7, i32 %mul_i57_i_2" [ekf_core.cpp:23->ekf_core.cpp:70->ekf_core.cpp:162]   --->   Operation 203 'fadd' 'acc_8' <Predicate = true> <Delay = 6.43> <CoreInst = "FAddSub_fulldsp">   --->   Core 18 'FAddSub_fulldsp' <Latency = 3> <II = 1> <Delay = 6.43> <FuncUnit> <Opcode : 'fadd' 'fsub'> <InPorts = 2> <OutPorts = 1>
ST_16 : Operation 204 [1/3] (7.01ns)   --->   "%mul_i57_i_3 = fmul i32 %select_ln17_4, i32 %tmp_14" [ekf_core.cpp:23->ekf_core.cpp:70->ekf_core.cpp:162]   --->   Operation 204 'fmul' 'mul_i57_i_3' <Predicate = true> <Delay = 7.01> <CoreInst = "FMul_maxdsp">   --->   Core 30 'FMul_maxdsp' <Latency = 2> <II = 1> <Delay = 7.01> <FuncUnit> <Opcode : 'fmul'> <InPorts = 2> <OutPorts = 1>

State 17 <SV = 16> <Delay = 6.43>
ST_17 : Operation 205 [1/1] (0.62ns)   --->   "%tmp_6_mid1 = mux i32 @_ssdm_op_Mux.ap_auto.6f32.i3, i32 %F_3_reload_read, i32 0.1, i32 %F_14_reload_read, i32 %F_19_reload_read, i32 %F_25_reload_read, i32 %F_31_reload_read, i3 %add_ln17" [ekf_core.cpp:17->ekf_core.cpp:70->ekf_core.cpp:162]   --->   Operation 205 'mux' 'tmp_6_mid1' <Predicate = (icmp_ln18)> <Delay = 0.62> <CoreInst = "Multiplexer">   --->   Core 76 'Multiplexer' <Latency = 0> <II = 1> <Delay = 0.62> <FuncUnit> <Opcode : 'mux'> <InPorts = 2> <OutPorts = 1>
ST_17 : Operation 206 [1/1] (0.62ns)   --->   "%tmp_50 = mux i32 @_ssdm_op_Mux.ap_auto.6f32.i3, i32 %F_3_reload_read, i32 0.1, i32 %F_14_reload_read, i32 %F_19_reload_read, i32 %F_25_reload_read, i32 %F_31_reload_read, i3 %i_load" [ekf_core.cpp:17->ekf_core.cpp:70->ekf_core.cpp:162]   --->   Operation 206 'mux' 'tmp_50' <Predicate = (!icmp_ln18)> <Delay = 0.62> <CoreInst = "Multiplexer">   --->   Core 76 'Multiplexer' <Latency = 0> <II = 1> <Delay = 0.62> <FuncUnit> <Opcode : 'mux'> <InPorts = 2> <OutPorts = 1>
ST_17 : Operation 207 [1/1] (0.44ns)   --->   "%select_ln17_5 = select i1 %icmp_ln18, i32 %tmp_6_mid1, i32 %tmp_50" [ekf_core.cpp:17->ekf_core.cpp:70->ekf_core.cpp:162]   --->   Operation 207 'select' 'select_ln17_5' <Predicate = true> <Delay = 0.44> <CoreInst = "Sel">   --->   Core 73 'Sel' <Latency = 0> <II = 1> <Delay = 0.44> <FuncUnit> <Opcode : 'select'> <InPorts = 3> <OutPorts = 1>
ST_17 : [1/1] (1.04ns)   --->   Input mux for Operation 208 '%acc_9 = fadd i32 %acc_8, i32 %mul_i57_i_3'
ST_17 : Operation 208 [4/4] (5.38ns)   --->   "%acc_9 = fadd i32 %acc_8, i32 %mul_i57_i_3" [ekf_core.cpp:23->ekf_core.cpp:70->ekf_core.cpp:162]   --->   Operation 208 'fadd' 'acc_9' <Predicate = true> <Delay = 5.38> <CoreInst = "FAddSub_fulldsp">   --->   Core 18 'FAddSub_fulldsp' <Latency = 3> <II = 1> <Delay = 6.43> <FuncUnit> <Opcode : 'fadd' 'fsub'> <InPorts = 2> <OutPorts = 1>
ST_17 : Operation 209 [1/1] (0.62ns)   --->   "%tmp_15 = mux i32 @_ssdm_op_Mux.ap_auto.6f32.i3, i32 %P_11_reload_read, i32 %P_10_reload_read, i32 %P_9_reload_read, i32 %P_8_reload_read, i32 %P_7_reload_read, i32 %P_6_reload_read, i3 %select_ln17" [ekf_core.cpp:23->ekf_core.cpp:70->ekf_core.cpp:162]   --->   Operation 209 'mux' 'tmp_15' <Predicate = true> <Delay = 0.62> <CoreInst = "Multiplexer">   --->   Core 76 'Multiplexer' <Latency = 0> <II = 1> <Delay = 0.62> <FuncUnit> <Opcode : 'mux'> <InPorts = 2> <OutPorts = 1>

State 18 <SV = 17> <Delay = 7.01>
ST_18 : Operation 210 [3/4] (6.43ns)   --->   "%acc_9 = fadd i32 %acc_8, i32 %mul_i57_i_3" [ekf_core.cpp:23->ekf_core.cpp:70->ekf_core.cpp:162]   --->   Operation 210 'fadd' 'acc_9' <Predicate = true> <Delay = 6.43> <CoreInst = "FAddSub_fulldsp">   --->   Core 18 'FAddSub_fulldsp' <Latency = 3> <II = 1> <Delay = 6.43> <FuncUnit> <Opcode : 'fadd' 'fsub'> <InPorts = 2> <OutPorts = 1>
ST_18 : [1/1] (0.96ns)   --->   Input mux for Operation 211 '%mul_i57_i_4 = fmul i32 %select_ln17_5, i32 %tmp_15'
ST_18 : Operation 211 [3/3] (6.04ns)   --->   "%mul_i57_i_4 = fmul i32 %select_ln17_5, i32 %tmp_15" [ekf_core.cpp:23->ekf_core.cpp:70->ekf_core.cpp:162]   --->   Operation 211 'fmul' 'mul_i57_i_4' <Predicate = true> <Delay = 6.04> <CoreInst = "FMul_maxdsp">   --->   Core 30 'FMul_maxdsp' <Latency = 2> <II = 1> <Delay = 7.01> <FuncUnit> <Opcode : 'fmul'> <InPorts = 2> <OutPorts = 1>

State 19 <SV = 18> <Delay = 7.01>
ST_19 : Operation 212 [2/4] (6.43ns)   --->   "%acc_9 = fadd i32 %acc_8, i32 %mul_i57_i_3" [ekf_core.cpp:23->ekf_core.cpp:70->ekf_core.cpp:162]   --->   Operation 212 'fadd' 'acc_9' <Predicate = true> <Delay = 6.43> <CoreInst = "FAddSub_fulldsp">   --->   Core 18 'FAddSub_fulldsp' <Latency = 3> <II = 1> <Delay = 6.43> <FuncUnit> <Opcode : 'fadd' 'fsub'> <InPorts = 2> <OutPorts = 1>
ST_19 : Operation 213 [2/3] (7.01ns)   --->   "%mul_i57_i_4 = fmul i32 %select_ln17_5, i32 %tmp_15" [ekf_core.cpp:23->ekf_core.cpp:70->ekf_core.cpp:162]   --->   Operation 213 'fmul' 'mul_i57_i_4' <Predicate = true> <Delay = 7.01> <CoreInst = "FMul_maxdsp">   --->   Core 30 'FMul_maxdsp' <Latency = 2> <II = 1> <Delay = 7.01> <FuncUnit> <Opcode : 'fmul'> <InPorts = 2> <OutPorts = 1>

State 20 <SV = 19> <Delay = 7.01>
ST_20 : Operation 214 [1/4] (6.43ns)   --->   "%acc_9 = fadd i32 %acc_8, i32 %mul_i57_i_3" [ekf_core.cpp:23->ekf_core.cpp:70->ekf_core.cpp:162]   --->   Operation 214 'fadd' 'acc_9' <Predicate = true> <Delay = 6.43> <CoreInst = "FAddSub_fulldsp">   --->   Core 18 'FAddSub_fulldsp' <Latency = 3> <II = 1> <Delay = 6.43> <FuncUnit> <Opcode : 'fadd' 'fsub'> <InPorts = 2> <OutPorts = 1>
ST_20 : Operation 215 [1/3] (7.01ns)   --->   "%mul_i57_i_4 = fmul i32 %select_ln17_5, i32 %tmp_15" [ekf_core.cpp:23->ekf_core.cpp:70->ekf_core.cpp:162]   --->   Operation 215 'fmul' 'mul_i57_i_4' <Predicate = true> <Delay = 7.01> <CoreInst = "FMul_maxdsp">   --->   Core 30 'FMul_maxdsp' <Latency = 2> <II = 1> <Delay = 7.01> <FuncUnit> <Opcode : 'fmul'> <InPorts = 2> <OutPorts = 1>

State 21 <SV = 20> <Delay = 6.43>
ST_21 : Operation 216 [1/1] (0.62ns)   --->   "%tmp_10_mid1 = mux i32 @_ssdm_op_Mux.ap_auto.6f32.i3, i32 %F_4_reload_read, i32 %F_9_reload_read, i32 0.1, i32 %F_20_reload_read, i32 %F_26_reload_read, i32 %F_32_reload_read, i3 %add_ln17" [ekf_core.cpp:17->ekf_core.cpp:70->ekf_core.cpp:162]   --->   Operation 216 'mux' 'tmp_10_mid1' <Predicate = (icmp_ln18)> <Delay = 0.62> <CoreInst = "Multiplexer">   --->   Core 76 'Multiplexer' <Latency = 0> <II = 1> <Delay = 0.62> <FuncUnit> <Opcode : 'mux'> <InPorts = 2> <OutPorts = 1>
ST_21 : Operation 217 [1/1] (0.62ns)   --->   "%tmp_51 = mux i32 @_ssdm_op_Mux.ap_auto.6f32.i3, i32 %F_4_reload_read, i32 %F_9_reload_read, i32 0.1, i32 %F_20_reload_read, i32 %F_26_reload_read, i32 %F_32_reload_read, i3 %i_load" [ekf_core.cpp:17->ekf_core.cpp:70->ekf_core.cpp:162]   --->   Operation 217 'mux' 'tmp_51' <Predicate = (!icmp_ln18)> <Delay = 0.62> <CoreInst = "Multiplexer">   --->   Core 76 'Multiplexer' <Latency = 0> <II = 1> <Delay = 0.62> <FuncUnit> <Opcode : 'mux'> <InPorts = 2> <OutPorts = 1>
ST_21 : Operation 218 [1/1] (0.44ns)   --->   "%select_ln17_6 = select i1 %icmp_ln18, i32 %tmp_10_mid1, i32 %tmp_51" [ekf_core.cpp:17->ekf_core.cpp:70->ekf_core.cpp:162]   --->   Operation 218 'select' 'select_ln17_6' <Predicate = true> <Delay = 0.44> <CoreInst = "Sel">   --->   Core 73 'Sel' <Latency = 0> <II = 1> <Delay = 0.44> <FuncUnit> <Opcode : 'select'> <InPorts = 3> <OutPorts = 1>
ST_21 : [1/1] (1.04ns)   --->   Input mux for Operation 219 '%acc_171 = fadd i32 %acc_9, i32 %mul_i57_i_4'
ST_21 : Operation 219 [4/4] (5.38ns)   --->   "%acc_171 = fadd i32 %acc_9, i32 %mul_i57_i_4" [ekf_core.cpp:23->ekf_core.cpp:70->ekf_core.cpp:162]   --->   Operation 219 'fadd' 'acc_171' <Predicate = true> <Delay = 5.38> <CoreInst = "FAddSub_fulldsp">   --->   Core 18 'FAddSub_fulldsp' <Latency = 3> <II = 1> <Delay = 6.43> <FuncUnit> <Opcode : 'fadd' 'fsub'> <InPorts = 2> <OutPorts = 1>
ST_21 : Operation 220 [1/1] (0.62ns)   --->   "%tmp_16 = mux i32 @_ssdm_op_Mux.ap_auto.6f32.i3, i32 %P_5_reload_read, i32 %P_4_reload_read, i32 %P_3_reload_read, i32 %P_2_reload_read, i32 %P_1_reload_read, i32 %P_reload_read, i3 %select_ln17" [ekf_core.cpp:23->ekf_core.cpp:70->ekf_core.cpp:162]   --->   Operation 220 'mux' 'tmp_16' <Predicate = true> <Delay = 0.62> <CoreInst = "Multiplexer">   --->   Core 76 'Multiplexer' <Latency = 0> <II = 1> <Delay = 0.62> <FuncUnit> <Opcode : 'mux'> <InPorts = 2> <OutPorts = 1>

State 22 <SV = 21> <Delay = 7.01>
ST_22 : Operation 221 [3/4] (6.43ns)   --->   "%acc_171 = fadd i32 %acc_9, i32 %mul_i57_i_4" [ekf_core.cpp:23->ekf_core.cpp:70->ekf_core.cpp:162]   --->   Operation 221 'fadd' 'acc_171' <Predicate = true> <Delay = 6.43> <CoreInst = "FAddSub_fulldsp">   --->   Core 18 'FAddSub_fulldsp' <Latency = 3> <II = 1> <Delay = 6.43> <FuncUnit> <Opcode : 'fadd' 'fsub'> <InPorts = 2> <OutPorts = 1>
ST_22 : [1/1] (0.96ns)   --->   Input mux for Operation 222 '%mul_i57_i_5 = fmul i32 %select_ln17_6, i32 %tmp_16'
ST_22 : Operation 222 [3/3] (6.04ns)   --->   "%mul_i57_i_5 = fmul i32 %select_ln17_6, i32 %tmp_16" [ekf_core.cpp:23->ekf_core.cpp:70->ekf_core.cpp:162]   --->   Operation 222 'fmul' 'mul_i57_i_5' <Predicate = true> <Delay = 6.04> <CoreInst = "FMul_maxdsp">   --->   Core 30 'FMul_maxdsp' <Latency = 2> <II = 1> <Delay = 7.01> <FuncUnit> <Opcode : 'fmul'> <InPorts = 2> <OutPorts = 1>

State 23 <SV = 22> <Delay = 7.01>
ST_23 : Operation 223 [2/4] (6.43ns)   --->   "%acc_171 = fadd i32 %acc_9, i32 %mul_i57_i_4" [ekf_core.cpp:23->ekf_core.cpp:70->ekf_core.cpp:162]   --->   Operation 223 'fadd' 'acc_171' <Predicate = true> <Delay = 6.43> <CoreInst = "FAddSub_fulldsp">   --->   Core 18 'FAddSub_fulldsp' <Latency = 3> <II = 1> <Delay = 6.43> <FuncUnit> <Opcode : 'fadd' 'fsub'> <InPorts = 2> <OutPorts = 1>
ST_23 : Operation 224 [2/3] (7.01ns)   --->   "%mul_i57_i_5 = fmul i32 %select_ln17_6, i32 %tmp_16" [ekf_core.cpp:23->ekf_core.cpp:70->ekf_core.cpp:162]   --->   Operation 224 'fmul' 'mul_i57_i_5' <Predicate = true> <Delay = 7.01> <CoreInst = "FMul_maxdsp">   --->   Core 30 'FMul_maxdsp' <Latency = 2> <II = 1> <Delay = 7.01> <FuncUnit> <Opcode : 'fmul'> <InPorts = 2> <OutPorts = 1>

State 24 <SV = 23> <Delay = 7.01>
ST_24 : Operation 225 [1/4] (6.43ns)   --->   "%acc_171 = fadd i32 %acc_9, i32 %mul_i57_i_4" [ekf_core.cpp:23->ekf_core.cpp:70->ekf_core.cpp:162]   --->   Operation 225 'fadd' 'acc_171' <Predicate = true> <Delay = 6.43> <CoreInst = "FAddSub_fulldsp">   --->   Core 18 'FAddSub_fulldsp' <Latency = 3> <II = 1> <Delay = 6.43> <FuncUnit> <Opcode : 'fadd' 'fsub'> <InPorts = 2> <OutPorts = 1>
ST_24 : Operation 226 [1/3] (7.01ns)   --->   "%mul_i57_i_5 = fmul i32 %select_ln17_6, i32 %tmp_16" [ekf_core.cpp:23->ekf_core.cpp:70->ekf_core.cpp:162]   --->   Operation 226 'fmul' 'mul_i57_i_5' <Predicate = true> <Delay = 7.01> <CoreInst = "FMul_maxdsp">   --->   Core 30 'FMul_maxdsp' <Latency = 2> <II = 1> <Delay = 7.01> <FuncUnit> <Opcode : 'fmul'> <InPorts = 2> <OutPorts = 1>

State 25 <SV = 24> <Delay = 6.43>
ST_25 : [1/1] (1.04ns)   --->   Input mux for Operation 227 '%acc_172 = fadd i32 %acc_171, i32 %mul_i57_i_5'
ST_25 : Operation 227 [4/4] (5.38ns)   --->   "%acc_172 = fadd i32 %acc_171, i32 %mul_i57_i_5" [ekf_core.cpp:23->ekf_core.cpp:70->ekf_core.cpp:162]   --->   Operation 227 'fadd' 'acc_172' <Predicate = true> <Delay = 5.38> <CoreInst = "FAddSub_fulldsp">   --->   Core 18 'FAddSub_fulldsp' <Latency = 3> <II = 1> <Delay = 6.43> <FuncUnit> <Opcode : 'fadd' 'fsub'> <InPorts = 2> <OutPorts = 1>

State 26 <SV = 25> <Delay = 6.43>
ST_26 : Operation 228 [3/4] (6.43ns)   --->   "%acc_172 = fadd i32 %acc_171, i32 %mul_i57_i_5" [ekf_core.cpp:23->ekf_core.cpp:70->ekf_core.cpp:162]   --->   Operation 228 'fadd' 'acc_172' <Predicate = true> <Delay = 6.43> <CoreInst = "FAddSub_fulldsp">   --->   Core 18 'FAddSub_fulldsp' <Latency = 3> <II = 1> <Delay = 6.43> <FuncUnit> <Opcode : 'fadd' 'fsub'> <InPorts = 2> <OutPorts = 1>

State 27 <SV = 26> <Delay = 6.43>
ST_27 : Operation 229 [2/4] (6.43ns)   --->   "%acc_172 = fadd i32 %acc_171, i32 %mul_i57_i_5" [ekf_core.cpp:23->ekf_core.cpp:70->ekf_core.cpp:162]   --->   Operation 229 'fadd' 'acc_172' <Predicate = true> <Delay = 6.43> <CoreInst = "FAddSub_fulldsp">   --->   Core 18 'FAddSub_fulldsp' <Latency = 3> <II = 1> <Delay = 6.43> <FuncUnit> <Opcode : 'fadd' 'fsub'> <InPorts = 2> <OutPorts = 1>
ST_27 : Operation 307 [1/1] (0.00ns)   --->   "%acc_load = load i32 %acc"   --->   Operation 307 'load' 'acc_load' <Predicate = (icmp_ln17)> <Delay = 0.00>
ST_27 : Operation 308 [1/1] (0.00ns)   --->   "%acc_136_load = load i32 %acc_136"   --->   Operation 308 'load' 'acc_136_load' <Predicate = (icmp_ln17)> <Delay = 0.00>
ST_27 : Operation 309 [1/1] (0.00ns)   --->   "%acc_137_load = load i32 %acc_137"   --->   Operation 309 'load' 'acc_137_load' <Predicate = (icmp_ln17)> <Delay = 0.00>
ST_27 : Operation 310 [1/1] (0.00ns)   --->   "%acc_138_load = load i32 %acc_138"   --->   Operation 310 'load' 'acc_138_load' <Predicate = (icmp_ln17)> <Delay = 0.00>
ST_27 : Operation 311 [1/1] (0.00ns)   --->   "%acc_139_load = load i32 %acc_139"   --->   Operation 311 'load' 'acc_139_load' <Predicate = (icmp_ln17)> <Delay = 0.00>
ST_27 : Operation 312 [1/1] (0.00ns)   --->   "%acc_140_load = load i32 %acc_140"   --->   Operation 312 'load' 'acc_140_load' <Predicate = (icmp_ln17)> <Delay = 0.00>
ST_27 : Operation 313 [1/1] (0.00ns)   --->   "%acc_141_load = load i32 %acc_141"   --->   Operation 313 'load' 'acc_141_load' <Predicate = (icmp_ln17)> <Delay = 0.00>
ST_27 : Operation 314 [1/1] (0.00ns)   --->   "%acc_142_load = load i32 %acc_142"   --->   Operation 314 'load' 'acc_142_load' <Predicate = (icmp_ln17)> <Delay = 0.00>
ST_27 : Operation 315 [1/1] (0.00ns)   --->   "%acc_143_load = load i32 %acc_143"   --->   Operation 315 'load' 'acc_143_load' <Predicate = (icmp_ln17)> <Delay = 0.00>
ST_27 : Operation 316 [1/1] (0.00ns)   --->   "%acc_144_load = load i32 %acc_144"   --->   Operation 316 'load' 'acc_144_load' <Predicate = (icmp_ln17)> <Delay = 0.00>
ST_27 : Operation 317 [1/1] (0.00ns)   --->   "%acc_145_load = load i32 %acc_145"   --->   Operation 317 'load' 'acc_145_load' <Predicate = (icmp_ln17)> <Delay = 0.00>
ST_27 : Operation 318 [1/1] (0.00ns)   --->   "%acc_146_load = load i32 %acc_146"   --->   Operation 318 'load' 'acc_146_load' <Predicate = (icmp_ln17)> <Delay = 0.00>
ST_27 : Operation 319 [1/1] (0.00ns)   --->   "%acc_147_load = load i32 %acc_147"   --->   Operation 319 'load' 'acc_147_load' <Predicate = (icmp_ln17)> <Delay = 0.00>
ST_27 : Operation 320 [1/1] (0.00ns)   --->   "%acc_148_load = load i32 %acc_148"   --->   Operation 320 'load' 'acc_148_load' <Predicate = (icmp_ln17)> <Delay = 0.00>
ST_27 : Operation 321 [1/1] (0.00ns)   --->   "%acc_149_load = load i32 %acc_149"   --->   Operation 321 'load' 'acc_149_load' <Predicate = (icmp_ln17)> <Delay = 0.00>
ST_27 : Operation 322 [1/1] (0.00ns)   --->   "%acc_150_load = load i32 %acc_150"   --->   Operation 322 'load' 'acc_150_load' <Predicate = (icmp_ln17)> <Delay = 0.00>
ST_27 : Operation 323 [1/1] (0.00ns)   --->   "%acc_151_load = load i32 %acc_151"   --->   Operation 323 'load' 'acc_151_load' <Predicate = (icmp_ln17)> <Delay = 0.00>
ST_27 : Operation 324 [1/1] (0.00ns)   --->   "%acc_152_load = load i32 %acc_152"   --->   Operation 324 'load' 'acc_152_load' <Predicate = (icmp_ln17)> <Delay = 0.00>
ST_27 : Operation 325 [1/1] (0.00ns)   --->   "%acc_153_load = load i32 %acc_153"   --->   Operation 325 'load' 'acc_153_load' <Predicate = (icmp_ln17)> <Delay = 0.00>
ST_27 : Operation 326 [1/1] (0.00ns)   --->   "%acc_154_load = load i32 %acc_154"   --->   Operation 326 'load' 'acc_154_load' <Predicate = (icmp_ln17)> <Delay = 0.00>
ST_27 : Operation 327 [1/1] (0.00ns)   --->   "%acc_155_load = load i32 %acc_155"   --->   Operation 327 'load' 'acc_155_load' <Predicate = (icmp_ln17)> <Delay = 0.00>
ST_27 : Operation 328 [1/1] (0.00ns)   --->   "%acc_156_load = load i32 %acc_156"   --->   Operation 328 'load' 'acc_156_load' <Predicate = (icmp_ln17)> <Delay = 0.00>
ST_27 : Operation 329 [1/1] (0.00ns)   --->   "%acc_157_load = load i32 %acc_157"   --->   Operation 329 'load' 'acc_157_load' <Predicate = (icmp_ln17)> <Delay = 0.00>
ST_27 : Operation 330 [1/1] (0.00ns)   --->   "%acc_158_load = load i32 %acc_158"   --->   Operation 330 'load' 'acc_158_load' <Predicate = (icmp_ln17)> <Delay = 0.00>
ST_27 : Operation 331 [1/1] (0.00ns)   --->   "%acc_159_load = load i32 %acc_159"   --->   Operation 331 'load' 'acc_159_load' <Predicate = (icmp_ln17)> <Delay = 0.00>
ST_27 : Operation 332 [1/1] (0.00ns)   --->   "%acc_160_load = load i32 %acc_160"   --->   Operation 332 'load' 'acc_160_load' <Predicate = (icmp_ln17)> <Delay = 0.00>
ST_27 : Operation 333 [1/1] (0.00ns)   --->   "%acc_161_load = load i32 %acc_161"   --->   Operation 333 'load' 'acc_161_load' <Predicate = (icmp_ln17)> <Delay = 0.00>
ST_27 : Operation 334 [1/1] (0.00ns)   --->   "%acc_162_load = load i32 %acc_162"   --->   Operation 334 'load' 'acc_162_load' <Predicate = (icmp_ln17)> <Delay = 0.00>
ST_27 : Operation 335 [1/1] (0.00ns)   --->   "%acc_163_load = load i32 %acc_163"   --->   Operation 335 'load' 'acc_163_load' <Predicate = (icmp_ln17)> <Delay = 0.00>
ST_27 : Operation 336 [1/1] (0.00ns)   --->   "%acc_164_load = load i32 %acc_164"   --->   Operation 336 'load' 'acc_164_load' <Predicate = (icmp_ln17)> <Delay = 0.00>
ST_27 : Operation 337 [1/1] (0.00ns)   --->   "%acc_165_load = load i32 %acc_165"   --->   Operation 337 'load' 'acc_165_load' <Predicate = (icmp_ln17)> <Delay = 0.00>
ST_27 : Operation 338 [1/1] (0.00ns)   --->   "%acc_166_load = load i32 %acc_166"   --->   Operation 338 'load' 'acc_166_load' <Predicate = (icmp_ln17)> <Delay = 0.00>
ST_27 : Operation 339 [1/1] (0.00ns)   --->   "%acc_167_load = load i32 %acc_167"   --->   Operation 339 'load' 'acc_167_load' <Predicate = (icmp_ln17)> <Delay = 0.00>
ST_27 : Operation 340 [1/1] (0.00ns)   --->   "%acc_168_load = load i32 %acc_168"   --->   Operation 340 'load' 'acc_168_load' <Predicate = (icmp_ln17)> <Delay = 0.00>
ST_27 : Operation 341 [1/1] (0.00ns)   --->   "%acc_169_load = load i32 %acc_169"   --->   Operation 341 'load' 'acc_169_load' <Predicate = (icmp_ln17)> <Delay = 0.00>
ST_27 : Operation 342 [1/1] (0.00ns)   --->   "%acc_170_load = load i32 %acc_170"   --->   Operation 342 'load' 'acc_170_load' <Predicate = (icmp_ln17)> <Delay = 0.00>
ST_27 : Operation 343 [1/1] (0.00ns)   --->   "%write_ln0 = write void @_ssdm_op_Write.ap_auto.floatP0A, i32 %mux_case_59772781_out, i32 %acc_170_load"   --->   Operation 343 'write' 'write_ln0' <Predicate = (icmp_ln17)> <Delay = 0.00>
ST_27 : Operation 344 [1/1] (0.00ns)   --->   "%write_ln0 = write void @_ssdm_op_Write.ap_auto.floatP0A, i32 %mux_case_49752776_out, i32 %acc_169_load"   --->   Operation 344 'write' 'write_ln0' <Predicate = (icmp_ln17)> <Delay = 0.00>
ST_27 : Operation 345 [1/1] (0.00ns)   --->   "%write_ln0 = write void @_ssdm_op_Write.ap_auto.floatP0A, i32 %mux_case_39732771_out, i32 %acc_168_load"   --->   Operation 345 'write' 'write_ln0' <Predicate = (icmp_ln17)> <Delay = 0.00>
ST_27 : Operation 346 [1/1] (0.00ns)   --->   "%write_ln0 = write void @_ssdm_op_Write.ap_auto.floatP0A, i32 %mux_case_29712766_out, i32 %acc_167_load"   --->   Operation 346 'write' 'write_ln0' <Predicate = (icmp_ln17)> <Delay = 0.00>
ST_27 : Operation 347 [1/1] (0.00ns)   --->   "%write_ln0 = write void @_ssdm_op_Write.ap_auto.floatP0A, i32 %mux_case_19692761_out, i32 %acc_166_load"   --->   Operation 347 'write' 'write_ln0' <Predicate = (icmp_ln17)> <Delay = 0.00>
ST_27 : Operation 348 [1/1] (0.00ns)   --->   "%write_ln0 = write void @_ssdm_op_Write.ap_auto.floatP0A, i32 %mux_case_09672755_out, i32 %acc_165_load"   --->   Operation 348 'write' 'write_ln0' <Predicate = (icmp_ln17)> <Delay = 0.00>
ST_27 : Operation 349 [1/1] (0.00ns)   --->   "%write_ln0 = write void @_ssdm_op_Write.ap_auto.floatP0A, i32 %mux_case_59652751_out, i32 %acc_164_load"   --->   Operation 349 'write' 'write_ln0' <Predicate = (icmp_ln17)> <Delay = 0.00>
ST_27 : Operation 350 [1/1] (0.00ns)   --->   "%write_ln0 = write void @_ssdm_op_Write.ap_auto.floatP0A, i32 %mux_case_49632746_out, i32 %acc_163_load"   --->   Operation 350 'write' 'write_ln0' <Predicate = (icmp_ln17)> <Delay = 0.00>
ST_27 : Operation 351 [1/1] (0.00ns)   --->   "%write_ln0 = write void @_ssdm_op_Write.ap_auto.floatP0A, i32 %mux_case_39612741_out, i32 %acc_162_load"   --->   Operation 351 'write' 'write_ln0' <Predicate = (icmp_ln17)> <Delay = 0.00>
ST_27 : Operation 352 [1/1] (0.00ns)   --->   "%write_ln0 = write void @_ssdm_op_Write.ap_auto.floatP0A, i32 %mux_case_29592736_out, i32 %acc_161_load"   --->   Operation 352 'write' 'write_ln0' <Predicate = (icmp_ln17)> <Delay = 0.00>
ST_27 : Operation 353 [1/1] (0.00ns)   --->   "%write_ln0 = write void @_ssdm_op_Write.ap_auto.floatP0A, i32 %mux_case_19572731_out, i32 %acc_160_load"   --->   Operation 353 'write' 'write_ln0' <Predicate = (icmp_ln17)> <Delay = 0.00>
ST_27 : Operation 354 [1/1] (0.00ns)   --->   "%write_ln0 = write void @_ssdm_op_Write.ap_auto.floatP0A, i32 %mux_case_09552725_out, i32 %acc_159_load"   --->   Operation 354 'write' 'write_ln0' <Predicate = (icmp_ln17)> <Delay = 0.00>
ST_27 : Operation 355 [1/1] (0.00ns)   --->   "%write_ln0 = write void @_ssdm_op_Write.ap_auto.floatP0A, i32 %mux_case_59532721_out, i32 %acc_158_load"   --->   Operation 355 'write' 'write_ln0' <Predicate = (icmp_ln17)> <Delay = 0.00>
ST_27 : Operation 356 [1/1] (0.00ns)   --->   "%write_ln0 = write void @_ssdm_op_Write.ap_auto.floatP0A, i32 %mux_case_49512716_out, i32 %acc_157_load"   --->   Operation 356 'write' 'write_ln0' <Predicate = (icmp_ln17)> <Delay = 0.00>
ST_27 : Operation 357 [1/1] (0.00ns)   --->   "%write_ln0 = write void @_ssdm_op_Write.ap_auto.floatP0A, i32 %mux_case_39492711_out, i32 %acc_156_load"   --->   Operation 357 'write' 'write_ln0' <Predicate = (icmp_ln17)> <Delay = 0.00>
ST_27 : Operation 358 [1/1] (0.00ns)   --->   "%write_ln0 = write void @_ssdm_op_Write.ap_auto.floatP0A, i32 %mux_case_29472706_out, i32 %acc_155_load"   --->   Operation 358 'write' 'write_ln0' <Predicate = (icmp_ln17)> <Delay = 0.00>
ST_27 : Operation 359 [1/1] (0.00ns)   --->   "%write_ln0 = write void @_ssdm_op_Write.ap_auto.floatP0A, i32 %mux_case_19452701_out, i32 %acc_154_load"   --->   Operation 359 'write' 'write_ln0' <Predicate = (icmp_ln17)> <Delay = 0.00>
ST_27 : Operation 360 [1/1] (0.00ns)   --->   "%write_ln0 = write void @_ssdm_op_Write.ap_auto.floatP0A, i32 %mux_case_09432695_out, i32 %acc_153_load"   --->   Operation 360 'write' 'write_ln0' <Predicate = (icmp_ln17)> <Delay = 0.00>
ST_27 : Operation 361 [1/1] (0.00ns)   --->   "%write_ln0 = write void @_ssdm_op_Write.ap_auto.floatP0A, i32 %mux_case_59412691_out, i32 %acc_152_load"   --->   Operation 361 'write' 'write_ln0' <Predicate = (icmp_ln17)> <Delay = 0.00>
ST_27 : Operation 362 [1/1] (0.00ns)   --->   "%write_ln0 = write void @_ssdm_op_Write.ap_auto.floatP0A, i32 %mux_case_49392686_out, i32 %acc_151_load"   --->   Operation 362 'write' 'write_ln0' <Predicate = (icmp_ln17)> <Delay = 0.00>
ST_27 : Operation 363 [1/1] (0.00ns)   --->   "%write_ln0 = write void @_ssdm_op_Write.ap_auto.floatP0A, i32 %mux_case_39372681_out, i32 %acc_150_load"   --->   Operation 363 'write' 'write_ln0' <Predicate = (icmp_ln17)> <Delay = 0.00>
ST_27 : Operation 364 [1/1] (0.00ns)   --->   "%write_ln0 = write void @_ssdm_op_Write.ap_auto.floatP0A, i32 %mux_case_29352676_out, i32 %acc_149_load"   --->   Operation 364 'write' 'write_ln0' <Predicate = (icmp_ln17)> <Delay = 0.00>
ST_27 : Operation 365 [1/1] (0.00ns)   --->   "%write_ln0 = write void @_ssdm_op_Write.ap_auto.floatP0A, i32 %mux_case_19332671_out, i32 %acc_148_load"   --->   Operation 365 'write' 'write_ln0' <Predicate = (icmp_ln17)> <Delay = 0.00>
ST_27 : Operation 366 [1/1] (0.00ns)   --->   "%write_ln0 = write void @_ssdm_op_Write.ap_auto.floatP0A, i32 %mux_case_09312665_out, i32 %acc_147_load"   --->   Operation 366 'write' 'write_ln0' <Predicate = (icmp_ln17)> <Delay = 0.00>
ST_27 : Operation 367 [1/1] (0.00ns)   --->   "%write_ln0 = write void @_ssdm_op_Write.ap_auto.floatP0A, i32 %mux_case_59292661_out, i32 %acc_146_load"   --->   Operation 367 'write' 'write_ln0' <Predicate = (icmp_ln17)> <Delay = 0.00>
ST_27 : Operation 368 [1/1] (0.00ns)   --->   "%write_ln0 = write void @_ssdm_op_Write.ap_auto.floatP0A, i32 %mux_case_49272656_out, i32 %acc_145_load"   --->   Operation 368 'write' 'write_ln0' <Predicate = (icmp_ln17)> <Delay = 0.00>
ST_27 : Operation 369 [1/1] (0.00ns)   --->   "%write_ln0 = write void @_ssdm_op_Write.ap_auto.floatP0A, i32 %mux_case_39252651_out, i32 %acc_144_load"   --->   Operation 369 'write' 'write_ln0' <Predicate = (icmp_ln17)> <Delay = 0.00>
ST_27 : Operation 370 [1/1] (0.00ns)   --->   "%write_ln0 = write void @_ssdm_op_Write.ap_auto.floatP0A, i32 %mux_case_29232646_out, i32 %acc_143_load"   --->   Operation 370 'write' 'write_ln0' <Predicate = (icmp_ln17)> <Delay = 0.00>
ST_27 : Operation 371 [1/1] (0.00ns)   --->   "%write_ln0 = write void @_ssdm_op_Write.ap_auto.floatP0A, i32 %mux_case_19212641_out, i32 %acc_142_load"   --->   Operation 371 'write' 'write_ln0' <Predicate = (icmp_ln17)> <Delay = 0.00>
ST_27 : Operation 372 [1/1] (0.00ns)   --->   "%write_ln0 = write void @_ssdm_op_Write.ap_auto.floatP0A, i32 %mux_case_09192635_out, i32 %acc_141_load"   --->   Operation 372 'write' 'write_ln0' <Predicate = (icmp_ln17)> <Delay = 0.00>
ST_27 : Operation 373 [1/1] (0.00ns)   --->   "%write_ln0 = write void @_ssdm_op_Write.ap_auto.floatP0A, i32 %mux_case_59172631_out, i32 %acc_140_load"   --->   Operation 373 'write' 'write_ln0' <Predicate = (icmp_ln17)> <Delay = 0.00>
ST_27 : Operation 374 [1/1] (0.00ns)   --->   "%write_ln0 = write void @_ssdm_op_Write.ap_auto.floatP0A, i32 %mux_case_49152626_out, i32 %acc_139_load"   --->   Operation 374 'write' 'write_ln0' <Predicate = (icmp_ln17)> <Delay = 0.00>
ST_27 : Operation 375 [1/1] (0.00ns)   --->   "%write_ln0 = write void @_ssdm_op_Write.ap_auto.floatP0A, i32 %mux_case_39132621_out, i32 %acc_138_load"   --->   Operation 375 'write' 'write_ln0' <Predicate = (icmp_ln17)> <Delay = 0.00>
ST_27 : Operation 376 [1/1] (0.00ns)   --->   "%write_ln0 = write void @_ssdm_op_Write.ap_auto.floatP0A, i32 %mux_case_29112616_out, i32 %acc_137_load"   --->   Operation 376 'write' 'write_ln0' <Predicate = (icmp_ln17)> <Delay = 0.00>
ST_27 : Operation 377 [1/1] (0.00ns)   --->   "%write_ln0 = write void @_ssdm_op_Write.ap_auto.floatP0A, i32 %mux_case_19092611_out, i32 %acc_136_load"   --->   Operation 377 'write' 'write_ln0' <Predicate = (icmp_ln17)> <Delay = 0.00>
ST_27 : Operation 378 [1/1] (0.00ns)   --->   "%write_ln0 = write void @_ssdm_op_Write.ap_auto.floatP0A, i32 %mux_case_09072605_out, i32 %acc_load"   --->   Operation 378 'write' 'write_ln0' <Predicate = (icmp_ln17)> <Delay = 0.00>
ST_27 : Operation 379 [1/1] (0.00ns)   --->   "%ret_ln0 = ret"   --->   Operation 379 'ret' 'ret_ln0' <Predicate = (icmp_ln17)> <Delay = 0.00>

State 28 <SV = 27> <Delay = 6.43>
ST_28 : Operation 230 [1/1] (0.00ns)   --->   "%specloopname_ln0 = specloopname void @_ssdm_op_SpecLoopName, void @VITIS_LOOP_17_1_VITIS_LOOP_18_2_str"   --->   Operation 230 'specloopname' 'specloopname_ln0' <Predicate = true> <Delay = 0.00>
ST_28 : Operation 231 [1/1] (0.00ns)   --->   "%speclooptripcount_ln0 = speclooptripcount void @_ssdm_op_SpecLoopTripCount, i64 36, i64 36, i64 36"   --->   Operation 231 'speclooptripcount' 'speclooptripcount_ln0' <Predicate = true> <Delay = 0.00>
ST_28 : Operation 232 [1/1] (0.00ns)   --->   "%specpipeline_ln19 = specpipeline void @_ssdm_op_SpecPipeline, i32 1, i32 0, i32 0, i32 0, void @empty_30" [ekf_core.cpp:19->ekf_core.cpp:70->ekf_core.cpp:162]   --->   Operation 232 'specpipeline' 'specpipeline_ln19' <Predicate = true> <Delay = 0.00>
ST_28 : Operation 233 [1/1] (0.00ns)   --->   "%specloopname_ln18 = specloopname void @_ssdm_op_SpecLoopName, void @empty_10" [ekf_core.cpp:18->ekf_core.cpp:70->ekf_core.cpp:162]   --->   Operation 233 'specloopname' 'specloopname_ln18' <Predicate = true> <Delay = 0.00>
ST_28 : Operation 234 [1/4] (6.43ns)   --->   "%acc_172 = fadd i32 %acc_171, i32 %mul_i57_i_5" [ekf_core.cpp:23->ekf_core.cpp:70->ekf_core.cpp:162]   --->   Operation 234 'fadd' 'acc_172' <Predicate = true> <Delay = 6.43> <CoreInst = "FAddSub_fulldsp">   --->   Core 18 'FAddSub_fulldsp' <Latency = 3> <II = 1> <Delay = 6.43> <FuncUnit> <Opcode : 'fadd' 'fsub'> <InPorts = 2> <OutPorts = 1>
ST_28 : Operation 235 [1/1] (0.00ns)   --->   "%store_ln25 = store i32 %acc_172, i32 %acc_163" [ekf_core.cpp:25->ekf_core.cpp:70->ekf_core.cpp:162]   --->   Operation 235 'store' 'store_ln25' <Predicate = (select_ln17_7 == 4 & select_ln17 == 4)> <Delay = 0.00>
ST_28 : Operation 236 [1/1] (0.00ns)   --->   "%br_ln25 = br void %arrayidx181.i63.i91.exit" [ekf_core.cpp:25->ekf_core.cpp:70->ekf_core.cpp:162]   --->   Operation 236 'br' 'br_ln25' <Predicate = (select_ln17_7 == 4 & select_ln17 == 4)> <Delay = 0.00>
ST_28 : Operation 237 [1/1] (0.00ns)   --->   "%store_ln25 = store i32 %acc_172, i32 %acc_157" [ekf_core.cpp:25->ekf_core.cpp:70->ekf_core.cpp:162]   --->   Operation 237 'store' 'store_ln25' <Predicate = (select_ln17_7 == 4 & select_ln17 == 3)> <Delay = 0.00>
ST_28 : Operation 238 [1/1] (0.00ns)   --->   "%br_ln25 = br void %arrayidx181.i63.i91.exit" [ekf_core.cpp:25->ekf_core.cpp:70->ekf_core.cpp:162]   --->   Operation 238 'br' 'br_ln25' <Predicate = (select_ln17_7 == 4 & select_ln17 == 3)> <Delay = 0.00>
ST_28 : Operation 239 [1/1] (0.00ns)   --->   "%store_ln25 = store i32 %acc_172, i32 %acc_151" [ekf_core.cpp:25->ekf_core.cpp:70->ekf_core.cpp:162]   --->   Operation 239 'store' 'store_ln25' <Predicate = (select_ln17_7 == 4 & select_ln17 == 2)> <Delay = 0.00>
ST_28 : Operation 240 [1/1] (0.00ns)   --->   "%br_ln25 = br void %arrayidx181.i63.i91.exit" [ekf_core.cpp:25->ekf_core.cpp:70->ekf_core.cpp:162]   --->   Operation 240 'br' 'br_ln25' <Predicate = (select_ln17_7 == 4 & select_ln17 == 2)> <Delay = 0.00>
ST_28 : Operation 241 [1/1] (0.00ns)   --->   "%store_ln25 = store i32 %acc_172, i32 %acc_145" [ekf_core.cpp:25->ekf_core.cpp:70->ekf_core.cpp:162]   --->   Operation 241 'store' 'store_ln25' <Predicate = (select_ln17_7 == 4 & select_ln17 == 1)> <Delay = 0.00>
ST_28 : Operation 242 [1/1] (0.00ns)   --->   "%br_ln25 = br void %arrayidx181.i63.i91.exit" [ekf_core.cpp:25->ekf_core.cpp:70->ekf_core.cpp:162]   --->   Operation 242 'br' 'br_ln25' <Predicate = (select_ln17_7 == 4 & select_ln17 == 1)> <Delay = 0.00>
ST_28 : Operation 243 [1/1] (0.00ns)   --->   "%store_ln25 = store i32 %acc_172, i32 %acc_139" [ekf_core.cpp:25->ekf_core.cpp:70->ekf_core.cpp:162]   --->   Operation 243 'store' 'store_ln25' <Predicate = (select_ln17_7 == 4 & select_ln17 == 0)> <Delay = 0.00>
ST_28 : Operation 244 [1/1] (0.00ns)   --->   "%br_ln25 = br void %arrayidx181.i63.i91.exit" [ekf_core.cpp:25->ekf_core.cpp:70->ekf_core.cpp:162]   --->   Operation 244 'br' 'br_ln25' <Predicate = (select_ln17_7 == 4 & select_ln17 == 0)> <Delay = 0.00>
ST_28 : Operation 245 [1/1] (0.00ns)   --->   "%store_ln25 = store i32 %acc_172, i32 %acc_169" [ekf_core.cpp:25->ekf_core.cpp:70->ekf_core.cpp:162]   --->   Operation 245 'store' 'store_ln25' <Predicate = (select_ln17_7 == 4 & select_ln17 != 0 & select_ln17 != 1 & select_ln17 != 2 & select_ln17 != 3 & select_ln17 != 4)> <Delay = 0.00>
ST_28 : Operation 246 [1/1] (0.00ns)   --->   "%br_ln25 = br void %arrayidx181.i63.i91.exit" [ekf_core.cpp:25->ekf_core.cpp:70->ekf_core.cpp:162]   --->   Operation 246 'br' 'br_ln25' <Predicate = (select_ln17_7 == 4 & select_ln17 != 0 & select_ln17 != 1 & select_ln17 != 2 & select_ln17 != 3 & select_ln17 != 4)> <Delay = 0.00>
ST_28 : Operation 247 [1/1] (0.00ns)   --->   "%store_ln25 = store i32 %acc_172, i32 %acc_162" [ekf_core.cpp:25->ekf_core.cpp:70->ekf_core.cpp:162]   --->   Operation 247 'store' 'store_ln25' <Predicate = (select_ln17_7 == 3 & select_ln17 == 4)> <Delay = 0.00>
ST_28 : Operation 248 [1/1] (0.00ns)   --->   "%br_ln25 = br void %arrayidx181.i63.i91.exit" [ekf_core.cpp:25->ekf_core.cpp:70->ekf_core.cpp:162]   --->   Operation 248 'br' 'br_ln25' <Predicate = (select_ln17_7 == 3 & select_ln17 == 4)> <Delay = 0.00>
ST_28 : Operation 249 [1/1] (0.00ns)   --->   "%store_ln25 = store i32 %acc_172, i32 %acc_156" [ekf_core.cpp:25->ekf_core.cpp:70->ekf_core.cpp:162]   --->   Operation 249 'store' 'store_ln25' <Predicate = (select_ln17_7 == 3 & select_ln17 == 3)> <Delay = 0.00>
ST_28 : Operation 250 [1/1] (0.00ns)   --->   "%br_ln25 = br void %arrayidx181.i63.i91.exit" [ekf_core.cpp:25->ekf_core.cpp:70->ekf_core.cpp:162]   --->   Operation 250 'br' 'br_ln25' <Predicate = (select_ln17_7 == 3 & select_ln17 == 3)> <Delay = 0.00>
ST_28 : Operation 251 [1/1] (0.00ns)   --->   "%store_ln25 = store i32 %acc_172, i32 %acc_150" [ekf_core.cpp:25->ekf_core.cpp:70->ekf_core.cpp:162]   --->   Operation 251 'store' 'store_ln25' <Predicate = (select_ln17_7 == 3 & select_ln17 == 2)> <Delay = 0.00>
ST_28 : Operation 252 [1/1] (0.00ns)   --->   "%br_ln25 = br void %arrayidx181.i63.i91.exit" [ekf_core.cpp:25->ekf_core.cpp:70->ekf_core.cpp:162]   --->   Operation 252 'br' 'br_ln25' <Predicate = (select_ln17_7 == 3 & select_ln17 == 2)> <Delay = 0.00>
ST_28 : Operation 253 [1/1] (0.00ns)   --->   "%store_ln25 = store i32 %acc_172, i32 %acc_144" [ekf_core.cpp:25->ekf_core.cpp:70->ekf_core.cpp:162]   --->   Operation 253 'store' 'store_ln25' <Predicate = (select_ln17_7 == 3 & select_ln17 == 1)> <Delay = 0.00>
ST_28 : Operation 254 [1/1] (0.00ns)   --->   "%br_ln25 = br void %arrayidx181.i63.i91.exit" [ekf_core.cpp:25->ekf_core.cpp:70->ekf_core.cpp:162]   --->   Operation 254 'br' 'br_ln25' <Predicate = (select_ln17_7 == 3 & select_ln17 == 1)> <Delay = 0.00>
ST_28 : Operation 255 [1/1] (0.00ns)   --->   "%store_ln25 = store i32 %acc_172, i32 %acc_138" [ekf_core.cpp:25->ekf_core.cpp:70->ekf_core.cpp:162]   --->   Operation 255 'store' 'store_ln25' <Predicate = (select_ln17_7 == 3 & select_ln17 == 0)> <Delay = 0.00>
ST_28 : Operation 256 [1/1] (0.00ns)   --->   "%br_ln25 = br void %arrayidx181.i63.i91.exit" [ekf_core.cpp:25->ekf_core.cpp:70->ekf_core.cpp:162]   --->   Operation 256 'br' 'br_ln25' <Predicate = (select_ln17_7 == 3 & select_ln17 == 0)> <Delay = 0.00>
ST_28 : Operation 257 [1/1] (0.00ns)   --->   "%store_ln25 = store i32 %acc_172, i32 %acc_168" [ekf_core.cpp:25->ekf_core.cpp:70->ekf_core.cpp:162]   --->   Operation 257 'store' 'store_ln25' <Predicate = (select_ln17_7 == 3 & select_ln17 != 0 & select_ln17 != 1 & select_ln17 != 2 & select_ln17 != 3 & select_ln17 != 4)> <Delay = 0.00>
ST_28 : Operation 258 [1/1] (0.00ns)   --->   "%br_ln25 = br void %arrayidx181.i63.i91.exit" [ekf_core.cpp:25->ekf_core.cpp:70->ekf_core.cpp:162]   --->   Operation 258 'br' 'br_ln25' <Predicate = (select_ln17_7 == 3 & select_ln17 != 0 & select_ln17 != 1 & select_ln17 != 2 & select_ln17 != 3 & select_ln17 != 4)> <Delay = 0.00>
ST_28 : Operation 259 [1/1] (0.00ns)   --->   "%store_ln25 = store i32 %acc_172, i32 %acc_161" [ekf_core.cpp:25->ekf_core.cpp:70->ekf_core.cpp:162]   --->   Operation 259 'store' 'store_ln25' <Predicate = (select_ln17_7 == 2 & select_ln17 == 4)> <Delay = 0.00>
ST_28 : Operation 260 [1/1] (0.00ns)   --->   "%br_ln25 = br void %arrayidx181.i63.i91.exit" [ekf_core.cpp:25->ekf_core.cpp:70->ekf_core.cpp:162]   --->   Operation 260 'br' 'br_ln25' <Predicate = (select_ln17_7 == 2 & select_ln17 == 4)> <Delay = 0.00>
ST_28 : Operation 261 [1/1] (0.00ns)   --->   "%store_ln25 = store i32 %acc_172, i32 %acc_155" [ekf_core.cpp:25->ekf_core.cpp:70->ekf_core.cpp:162]   --->   Operation 261 'store' 'store_ln25' <Predicate = (select_ln17_7 == 2 & select_ln17 == 3)> <Delay = 0.00>
ST_28 : Operation 262 [1/1] (0.00ns)   --->   "%br_ln25 = br void %arrayidx181.i63.i91.exit" [ekf_core.cpp:25->ekf_core.cpp:70->ekf_core.cpp:162]   --->   Operation 262 'br' 'br_ln25' <Predicate = (select_ln17_7 == 2 & select_ln17 == 3)> <Delay = 0.00>
ST_28 : Operation 263 [1/1] (0.00ns)   --->   "%store_ln25 = store i32 %acc_172, i32 %acc_149" [ekf_core.cpp:25->ekf_core.cpp:70->ekf_core.cpp:162]   --->   Operation 263 'store' 'store_ln25' <Predicate = (select_ln17_7 == 2 & select_ln17 == 2)> <Delay = 0.00>
ST_28 : Operation 264 [1/1] (0.00ns)   --->   "%br_ln25 = br void %arrayidx181.i63.i91.exit" [ekf_core.cpp:25->ekf_core.cpp:70->ekf_core.cpp:162]   --->   Operation 264 'br' 'br_ln25' <Predicate = (select_ln17_7 == 2 & select_ln17 == 2)> <Delay = 0.00>
ST_28 : Operation 265 [1/1] (0.00ns)   --->   "%store_ln25 = store i32 %acc_172, i32 %acc_143" [ekf_core.cpp:25->ekf_core.cpp:70->ekf_core.cpp:162]   --->   Operation 265 'store' 'store_ln25' <Predicate = (select_ln17_7 == 2 & select_ln17 == 1)> <Delay = 0.00>
ST_28 : Operation 266 [1/1] (0.00ns)   --->   "%br_ln25 = br void %arrayidx181.i63.i91.exit" [ekf_core.cpp:25->ekf_core.cpp:70->ekf_core.cpp:162]   --->   Operation 266 'br' 'br_ln25' <Predicate = (select_ln17_7 == 2 & select_ln17 == 1)> <Delay = 0.00>
ST_28 : Operation 267 [1/1] (0.00ns)   --->   "%store_ln25 = store i32 %acc_172, i32 %acc_137" [ekf_core.cpp:25->ekf_core.cpp:70->ekf_core.cpp:162]   --->   Operation 267 'store' 'store_ln25' <Predicate = (select_ln17_7 == 2 & select_ln17 == 0)> <Delay = 0.00>
ST_28 : Operation 268 [1/1] (0.00ns)   --->   "%br_ln25 = br void %arrayidx181.i63.i91.exit" [ekf_core.cpp:25->ekf_core.cpp:70->ekf_core.cpp:162]   --->   Operation 268 'br' 'br_ln25' <Predicate = (select_ln17_7 == 2 & select_ln17 == 0)> <Delay = 0.00>
ST_28 : Operation 269 [1/1] (0.00ns)   --->   "%store_ln25 = store i32 %acc_172, i32 %acc_167" [ekf_core.cpp:25->ekf_core.cpp:70->ekf_core.cpp:162]   --->   Operation 269 'store' 'store_ln25' <Predicate = (select_ln17_7 == 2 & select_ln17 != 0 & select_ln17 != 1 & select_ln17 != 2 & select_ln17 != 3 & select_ln17 != 4)> <Delay = 0.00>
ST_28 : Operation 270 [1/1] (0.00ns)   --->   "%br_ln25 = br void %arrayidx181.i63.i91.exit" [ekf_core.cpp:25->ekf_core.cpp:70->ekf_core.cpp:162]   --->   Operation 270 'br' 'br_ln25' <Predicate = (select_ln17_7 == 2 & select_ln17 != 0 & select_ln17 != 1 & select_ln17 != 2 & select_ln17 != 3 & select_ln17 != 4)> <Delay = 0.00>
ST_28 : Operation 271 [1/1] (0.00ns)   --->   "%store_ln25 = store i32 %acc_172, i32 %acc_160" [ekf_core.cpp:25->ekf_core.cpp:70->ekf_core.cpp:162]   --->   Operation 271 'store' 'store_ln25' <Predicate = (select_ln17_7 == 1 & select_ln17 == 4)> <Delay = 0.00>
ST_28 : Operation 272 [1/1] (0.00ns)   --->   "%br_ln25 = br void %arrayidx181.i63.i91.exit" [ekf_core.cpp:25->ekf_core.cpp:70->ekf_core.cpp:162]   --->   Operation 272 'br' 'br_ln25' <Predicate = (select_ln17_7 == 1 & select_ln17 == 4)> <Delay = 0.00>
ST_28 : Operation 273 [1/1] (0.00ns)   --->   "%store_ln25 = store i32 %acc_172, i32 %acc_154" [ekf_core.cpp:25->ekf_core.cpp:70->ekf_core.cpp:162]   --->   Operation 273 'store' 'store_ln25' <Predicate = (select_ln17_7 == 1 & select_ln17 == 3)> <Delay = 0.00>
ST_28 : Operation 274 [1/1] (0.00ns)   --->   "%br_ln25 = br void %arrayidx181.i63.i91.exit" [ekf_core.cpp:25->ekf_core.cpp:70->ekf_core.cpp:162]   --->   Operation 274 'br' 'br_ln25' <Predicate = (select_ln17_7 == 1 & select_ln17 == 3)> <Delay = 0.00>
ST_28 : Operation 275 [1/1] (0.00ns)   --->   "%store_ln25 = store i32 %acc_172, i32 %acc_148" [ekf_core.cpp:25->ekf_core.cpp:70->ekf_core.cpp:162]   --->   Operation 275 'store' 'store_ln25' <Predicate = (select_ln17_7 == 1 & select_ln17 == 2)> <Delay = 0.00>
ST_28 : Operation 276 [1/1] (0.00ns)   --->   "%br_ln25 = br void %arrayidx181.i63.i91.exit" [ekf_core.cpp:25->ekf_core.cpp:70->ekf_core.cpp:162]   --->   Operation 276 'br' 'br_ln25' <Predicate = (select_ln17_7 == 1 & select_ln17 == 2)> <Delay = 0.00>
ST_28 : Operation 277 [1/1] (0.00ns)   --->   "%store_ln25 = store i32 %acc_172, i32 %acc_142" [ekf_core.cpp:25->ekf_core.cpp:70->ekf_core.cpp:162]   --->   Operation 277 'store' 'store_ln25' <Predicate = (select_ln17_7 == 1 & select_ln17 == 1)> <Delay = 0.00>
ST_28 : Operation 278 [1/1] (0.00ns)   --->   "%br_ln25 = br void %arrayidx181.i63.i91.exit" [ekf_core.cpp:25->ekf_core.cpp:70->ekf_core.cpp:162]   --->   Operation 278 'br' 'br_ln25' <Predicate = (select_ln17_7 == 1 & select_ln17 == 1)> <Delay = 0.00>
ST_28 : Operation 279 [1/1] (0.00ns)   --->   "%store_ln25 = store i32 %acc_172, i32 %acc_136" [ekf_core.cpp:25->ekf_core.cpp:70->ekf_core.cpp:162]   --->   Operation 279 'store' 'store_ln25' <Predicate = (select_ln17_7 == 1 & select_ln17 == 0)> <Delay = 0.00>
ST_28 : Operation 280 [1/1] (0.00ns)   --->   "%br_ln25 = br void %arrayidx181.i63.i91.exit" [ekf_core.cpp:25->ekf_core.cpp:70->ekf_core.cpp:162]   --->   Operation 280 'br' 'br_ln25' <Predicate = (select_ln17_7 == 1 & select_ln17 == 0)> <Delay = 0.00>
ST_28 : Operation 281 [1/1] (0.00ns)   --->   "%store_ln25 = store i32 %acc_172, i32 %acc_166" [ekf_core.cpp:25->ekf_core.cpp:70->ekf_core.cpp:162]   --->   Operation 281 'store' 'store_ln25' <Predicate = (select_ln17_7 == 1 & select_ln17 != 0 & select_ln17 != 1 & select_ln17 != 2 & select_ln17 != 3 & select_ln17 != 4)> <Delay = 0.00>
ST_28 : Operation 282 [1/1] (0.00ns)   --->   "%br_ln25 = br void %arrayidx181.i63.i91.exit" [ekf_core.cpp:25->ekf_core.cpp:70->ekf_core.cpp:162]   --->   Operation 282 'br' 'br_ln25' <Predicate = (select_ln17_7 == 1 & select_ln17 != 0 & select_ln17 != 1 & select_ln17 != 2 & select_ln17 != 3 & select_ln17 != 4)> <Delay = 0.00>
ST_28 : Operation 283 [1/1] (0.00ns)   --->   "%store_ln25 = store i32 %acc_172, i32 %acc_159" [ekf_core.cpp:25->ekf_core.cpp:70->ekf_core.cpp:162]   --->   Operation 283 'store' 'store_ln25' <Predicate = (select_ln17_7 == 0 & select_ln17 == 4)> <Delay = 0.00>
ST_28 : Operation 284 [1/1] (0.00ns)   --->   "%br_ln25 = br void %arrayidx181.i63.i91.exit" [ekf_core.cpp:25->ekf_core.cpp:70->ekf_core.cpp:162]   --->   Operation 284 'br' 'br_ln25' <Predicate = (select_ln17_7 == 0 & select_ln17 == 4)> <Delay = 0.00>
ST_28 : Operation 285 [1/1] (0.00ns)   --->   "%store_ln25 = store i32 %acc_172, i32 %acc_153" [ekf_core.cpp:25->ekf_core.cpp:70->ekf_core.cpp:162]   --->   Operation 285 'store' 'store_ln25' <Predicate = (select_ln17_7 == 0 & select_ln17 == 3)> <Delay = 0.00>
ST_28 : Operation 286 [1/1] (0.00ns)   --->   "%br_ln25 = br void %arrayidx181.i63.i91.exit" [ekf_core.cpp:25->ekf_core.cpp:70->ekf_core.cpp:162]   --->   Operation 286 'br' 'br_ln25' <Predicate = (select_ln17_7 == 0 & select_ln17 == 3)> <Delay = 0.00>
ST_28 : Operation 287 [1/1] (0.00ns)   --->   "%store_ln25 = store i32 %acc_172, i32 %acc_147" [ekf_core.cpp:25->ekf_core.cpp:70->ekf_core.cpp:162]   --->   Operation 287 'store' 'store_ln25' <Predicate = (select_ln17_7 == 0 & select_ln17 == 2)> <Delay = 0.00>
ST_28 : Operation 288 [1/1] (0.00ns)   --->   "%br_ln25 = br void %arrayidx181.i63.i91.exit" [ekf_core.cpp:25->ekf_core.cpp:70->ekf_core.cpp:162]   --->   Operation 288 'br' 'br_ln25' <Predicate = (select_ln17_7 == 0 & select_ln17 == 2)> <Delay = 0.00>
ST_28 : Operation 289 [1/1] (0.00ns)   --->   "%store_ln25 = store i32 %acc_172, i32 %acc_141" [ekf_core.cpp:25->ekf_core.cpp:70->ekf_core.cpp:162]   --->   Operation 289 'store' 'store_ln25' <Predicate = (select_ln17_7 == 0 & select_ln17 == 1)> <Delay = 0.00>
ST_28 : Operation 290 [1/1] (0.00ns)   --->   "%br_ln25 = br void %arrayidx181.i63.i91.exit" [ekf_core.cpp:25->ekf_core.cpp:70->ekf_core.cpp:162]   --->   Operation 290 'br' 'br_ln25' <Predicate = (select_ln17_7 == 0 & select_ln17 == 1)> <Delay = 0.00>
ST_28 : Operation 291 [1/1] (0.00ns)   --->   "%store_ln25 = store i32 %acc_172, i32 %acc" [ekf_core.cpp:25->ekf_core.cpp:70->ekf_core.cpp:162]   --->   Operation 291 'store' 'store_ln25' <Predicate = (select_ln17_7 == 0 & select_ln17 == 0)> <Delay = 0.00>
ST_28 : Operation 292 [1/1] (0.00ns)   --->   "%br_ln25 = br void %arrayidx181.i63.i91.exit" [ekf_core.cpp:25->ekf_core.cpp:70->ekf_core.cpp:162]   --->   Operation 292 'br' 'br_ln25' <Predicate = (select_ln17_7 == 0 & select_ln17 == 0)> <Delay = 0.00>
ST_28 : Operation 293 [1/1] (0.00ns)   --->   "%store_ln25 = store i32 %acc_172, i32 %acc_165" [ekf_core.cpp:25->ekf_core.cpp:70->ekf_core.cpp:162]   --->   Operation 293 'store' 'store_ln25' <Predicate = (select_ln17_7 == 0 & select_ln17 != 0 & select_ln17 != 1 & select_ln17 != 2 & select_ln17 != 3 & select_ln17 != 4)> <Delay = 0.00>
ST_28 : Operation 294 [1/1] (0.00ns)   --->   "%br_ln25 = br void %arrayidx181.i63.i91.exit" [ekf_core.cpp:25->ekf_core.cpp:70->ekf_core.cpp:162]   --->   Operation 294 'br' 'br_ln25' <Predicate = (select_ln17_7 == 0 & select_ln17 != 0 & select_ln17 != 1 & select_ln17 != 2 & select_ln17 != 3 & select_ln17 != 4)> <Delay = 0.00>
ST_28 : Operation 295 [1/1] (0.00ns)   --->   "%store_ln25 = store i32 %acc_172, i32 %acc_164" [ekf_core.cpp:25->ekf_core.cpp:70->ekf_core.cpp:162]   --->   Operation 295 'store' 'store_ln25' <Predicate = (select_ln17_7 != 0 & select_ln17_7 != 1 & select_ln17_7 != 2 & select_ln17_7 != 3 & select_ln17_7 != 4 & select_ln17 == 4)> <Delay = 0.00>
ST_28 : Operation 296 [1/1] (0.00ns)   --->   "%br_ln25 = br void %arrayidx181.i63.i91.exit" [ekf_core.cpp:25->ekf_core.cpp:70->ekf_core.cpp:162]   --->   Operation 296 'br' 'br_ln25' <Predicate = (select_ln17_7 != 0 & select_ln17_7 != 1 & select_ln17_7 != 2 & select_ln17_7 != 3 & select_ln17_7 != 4 & select_ln17 == 4)> <Delay = 0.00>
ST_28 : Operation 297 [1/1] (0.00ns)   --->   "%store_ln25 = store i32 %acc_172, i32 %acc_158" [ekf_core.cpp:25->ekf_core.cpp:70->ekf_core.cpp:162]   --->   Operation 297 'store' 'store_ln25' <Predicate = (select_ln17_7 != 0 & select_ln17_7 != 1 & select_ln17_7 != 2 & select_ln17_7 != 3 & select_ln17_7 != 4 & select_ln17 == 3)> <Delay = 0.00>
ST_28 : Operation 298 [1/1] (0.00ns)   --->   "%br_ln25 = br void %arrayidx181.i63.i91.exit" [ekf_core.cpp:25->ekf_core.cpp:70->ekf_core.cpp:162]   --->   Operation 298 'br' 'br_ln25' <Predicate = (select_ln17_7 != 0 & select_ln17_7 != 1 & select_ln17_7 != 2 & select_ln17_7 != 3 & select_ln17_7 != 4 & select_ln17 == 3)> <Delay = 0.00>
ST_28 : Operation 299 [1/1] (0.00ns)   --->   "%store_ln25 = store i32 %acc_172, i32 %acc_152" [ekf_core.cpp:25->ekf_core.cpp:70->ekf_core.cpp:162]   --->   Operation 299 'store' 'store_ln25' <Predicate = (select_ln17_7 != 0 & select_ln17_7 != 1 & select_ln17_7 != 2 & select_ln17_7 != 3 & select_ln17_7 != 4 & select_ln17 == 2)> <Delay = 0.00>
ST_28 : Operation 300 [1/1] (0.00ns)   --->   "%br_ln25 = br void %arrayidx181.i63.i91.exit" [ekf_core.cpp:25->ekf_core.cpp:70->ekf_core.cpp:162]   --->   Operation 300 'br' 'br_ln25' <Predicate = (select_ln17_7 != 0 & select_ln17_7 != 1 & select_ln17_7 != 2 & select_ln17_7 != 3 & select_ln17_7 != 4 & select_ln17 == 2)> <Delay = 0.00>
ST_28 : Operation 301 [1/1] (0.00ns)   --->   "%store_ln25 = store i32 %acc_172, i32 %acc_146" [ekf_core.cpp:25->ekf_core.cpp:70->ekf_core.cpp:162]   --->   Operation 301 'store' 'store_ln25' <Predicate = (select_ln17_7 != 0 & select_ln17_7 != 1 & select_ln17_7 != 2 & select_ln17_7 != 3 & select_ln17_7 != 4 & select_ln17 == 1)> <Delay = 0.00>
ST_28 : Operation 302 [1/1] (0.00ns)   --->   "%br_ln25 = br void %arrayidx181.i63.i91.exit" [ekf_core.cpp:25->ekf_core.cpp:70->ekf_core.cpp:162]   --->   Operation 302 'br' 'br_ln25' <Predicate = (select_ln17_7 != 0 & select_ln17_7 != 1 & select_ln17_7 != 2 & select_ln17_7 != 3 & select_ln17_7 != 4 & select_ln17 == 1)> <Delay = 0.00>
ST_28 : Operation 303 [1/1] (0.00ns)   --->   "%store_ln25 = store i32 %acc_172, i32 %acc_140" [ekf_core.cpp:25->ekf_core.cpp:70->ekf_core.cpp:162]   --->   Operation 303 'store' 'store_ln25' <Predicate = (select_ln17_7 != 0 & select_ln17_7 != 1 & select_ln17_7 != 2 & select_ln17_7 != 3 & select_ln17_7 != 4 & select_ln17 == 0)> <Delay = 0.00>
ST_28 : Operation 304 [1/1] (0.00ns)   --->   "%br_ln25 = br void %arrayidx181.i63.i91.exit" [ekf_core.cpp:25->ekf_core.cpp:70->ekf_core.cpp:162]   --->   Operation 304 'br' 'br_ln25' <Predicate = (select_ln17_7 != 0 & select_ln17_7 != 1 & select_ln17_7 != 2 & select_ln17_7 != 3 & select_ln17_7 != 4 & select_ln17 == 0)> <Delay = 0.00>
ST_28 : Operation 305 [1/1] (0.00ns)   --->   "%store_ln25 = store i32 %acc_172, i32 %acc_170" [ekf_core.cpp:25->ekf_core.cpp:70->ekf_core.cpp:162]   --->   Operation 305 'store' 'store_ln25' <Predicate = (select_ln17_7 != 0 & select_ln17_7 != 1 & select_ln17_7 != 2 & select_ln17_7 != 3 & select_ln17_7 != 4 & select_ln17 != 0 & select_ln17 != 1 & select_ln17 != 2 & select_ln17 != 3 & select_ln17 != 4)> <Delay = 0.00>
ST_28 : Operation 306 [1/1] (0.00ns)   --->   "%br_ln25 = br void %arrayidx181.i63.i91.exit" [ekf_core.cpp:25->ekf_core.cpp:70->ekf_core.cpp:162]   --->   Operation 306 'br' 'br_ln25' <Predicate = (select_ln17_7 != 0 & select_ln17_7 != 1 & select_ln17_7 != 2 & select_ln17_7 != 3 & select_ln17_7 != 4 & select_ln17 != 0 & select_ln17 != 1 & select_ln17 != 2 & select_ln17 != 3 & select_ln17 != 4)> <Delay = 0.00>


============================================================
+ Verbose Summary: Timing violations
============================================================
Target clock period: 10.000ns, clock uncertainty: 2.700ns.

 <State 1>: 1.980ns
The critical path consists of the following:
	'alloca' operation ('j') [106]  (0.000 ns)
	'load' operation ('j_load', ekf_core.cpp:18->ekf_core.cpp:70->ekf_core.cpp:162) on local variable 'j' [224]  (0.000 ns)
	'icmp' operation ('icmp_ln18', ekf_core.cpp:18->ekf_core.cpp:70->ekf_core.cpp:162) [228]  (0.673 ns)
	'select' operation ('select_ln17', ekf_core.cpp:17->ekf_core.cpp:70->ekf_core.cpp:162) [229]  (0.208 ns)
	'add' operation ('add_ln18', ekf_core.cpp:18->ekf_core.cpp:70->ekf_core.cpp:162) [392]  (0.673 ns)
	'store' operation ('store_ln18', ekf_core.cpp:18->ekf_core.cpp:70->ekf_core.cpp:162) of variable 'add_ln18', ekf_core.cpp:18->ekf_core.cpp:70->ekf_core.cpp:162 on local variable 'j' [395]  (0.427 ns)

 <State 2>: 7.016ns
The critical path consists of the following:
	multiplexor before operation 'fmul' with delay (0.968 ns)
'fmul' operation ('mul_i57_i', ekf_core.cpp:23->ekf_core.cpp:70->ekf_core.cpp:162) [253]  (6.048 ns)

 <State 3>: 7.016ns
The critical path consists of the following:
	'fmul' operation ('mul_i57_i', ekf_core.cpp:23->ekf_core.cpp:70->ekf_core.cpp:162) [253]  (7.016 ns)

 <State 4>: 7.016ns
The critical path consists of the following:
	'fmul' operation ('mul_i57_i', ekf_core.cpp:23->ekf_core.cpp:70->ekf_core.cpp:162) [253]  (7.016 ns)

 <State 5>: 6.437ns
The critical path consists of the following:
	multiplexor before operation 'fadd' with delay (1.047 ns)
'fadd' operation ('acc', ekf_core.cpp:23->ekf_core.cpp:70->ekf_core.cpp:162) [254]  (5.390 ns)

 <State 6>: 7.016ns
The critical path consists of the following:
	multiplexor before operation 'fmul' with delay (0.968 ns)
'fmul' operation ('mul_i57_i_1', ekf_core.cpp:23->ekf_core.cpp:70->ekf_core.cpp:162) [256]  (6.048 ns)

 <State 7>: 7.016ns
The critical path consists of the following:
	'fmul' operation ('mul_i57_i_1', ekf_core.cpp:23->ekf_core.cpp:70->ekf_core.cpp:162) [256]  (7.016 ns)

 <State 8>: 7.016ns
The critical path consists of the following:
	'fmul' operation ('mul_i57_i_1', ekf_core.cpp:23->ekf_core.cpp:70->ekf_core.cpp:162) [256]  (7.016 ns)

 <State 9>: 6.437ns
The critical path consists of the following:
	multiplexor before operation 'fadd' with delay (1.047 ns)
'fadd' operation ('acc', ekf_core.cpp:23->ekf_core.cpp:70->ekf_core.cpp:162) [257]  (5.390 ns)

 <State 10>: 7.016ns
The critical path consists of the following:
	multiplexor before operation 'fmul' with delay (0.968 ns)
'fmul' operation ('mul_i57_i_2', ekf_core.cpp:23->ekf_core.cpp:70->ekf_core.cpp:162) [259]  (6.048 ns)

 <State 11>: 7.016ns
The critical path consists of the following:
	'fmul' operation ('mul_i57_i_2', ekf_core.cpp:23->ekf_core.cpp:70->ekf_core.cpp:162) [259]  (7.016 ns)

 <State 12>: 7.016ns
The critical path consists of the following:
	'fmul' operation ('mul_i57_i_2', ekf_core.cpp:23->ekf_core.cpp:70->ekf_core.cpp:162) [259]  (7.016 ns)

 <State 13>: 6.437ns
The critical path consists of the following:
	multiplexor before operation 'fadd' with delay (1.047 ns)
'fadd' operation ('acc', ekf_core.cpp:23->ekf_core.cpp:70->ekf_core.cpp:162) [260]  (5.390 ns)

 <State 14>: 7.016ns
The critical path consists of the following:
	multiplexor before operation 'fmul' with delay (0.968 ns)
'fmul' operation ('mul_i57_i_3', ekf_core.cpp:23->ekf_core.cpp:70->ekf_core.cpp:162) [262]  (6.048 ns)

 <State 15>: 7.016ns
The critical path consists of the following:
	'fmul' operation ('mul_i57_i_3', ekf_core.cpp:23->ekf_core.cpp:70->ekf_core.cpp:162) [262]  (7.016 ns)

 <State 16>: 7.016ns
The critical path consists of the following:
	'fmul' operation ('mul_i57_i_3', ekf_core.cpp:23->ekf_core.cpp:70->ekf_core.cpp:162) [262]  (7.016 ns)

 <State 17>: 6.437ns
The critical path consists of the following:
	multiplexor before operation 'fadd' with delay (1.047 ns)
'fadd' operation ('acc', ekf_core.cpp:23->ekf_core.cpp:70->ekf_core.cpp:162) [263]  (5.390 ns)

 <State 18>: 7.016ns
The critical path consists of the following:
	multiplexor before operation 'fmul' with delay (0.968 ns)
'fmul' operation ('mul_i57_i_4', ekf_core.cpp:23->ekf_core.cpp:70->ekf_core.cpp:162) [265]  (6.048 ns)

 <State 19>: 7.016ns
The critical path consists of the following:
	'fmul' operation ('mul_i57_i_4', ekf_core.cpp:23->ekf_core.cpp:70->ekf_core.cpp:162) [265]  (7.016 ns)

 <State 20>: 7.016ns
The critical path consists of the following:
	'fmul' operation ('mul_i57_i_4', ekf_core.cpp:23->ekf_core.cpp:70->ekf_core.cpp:162) [265]  (7.016 ns)

 <State 21>: 6.437ns
The critical path consists of the following:
	multiplexor before operation 'fadd' with delay (1.047 ns)
'fadd' operation ('acc', ekf_core.cpp:23->ekf_core.cpp:70->ekf_core.cpp:162) [266]  (5.390 ns)

 <State 22>: 7.016ns
The critical path consists of the following:
	multiplexor before operation 'fmul' with delay (0.968 ns)
'fmul' operation ('mul_i57_i_5', ekf_core.cpp:23->ekf_core.cpp:70->ekf_core.cpp:162) [268]  (6.048 ns)

 <State 23>: 7.016ns
The critical path consists of the following:
	'fmul' operation ('mul_i57_i_5', ekf_core.cpp:23->ekf_core.cpp:70->ekf_core.cpp:162) [268]  (7.016 ns)

 <State 24>: 7.016ns
The critical path consists of the following:
	'fmul' operation ('mul_i57_i_5', ekf_core.cpp:23->ekf_core.cpp:70->ekf_core.cpp:162) [268]  (7.016 ns)

 <State 25>: 6.437ns
The critical path consists of the following:
	multiplexor before operation 'fadd' with delay (1.047 ns)
'fadd' operation ('acc', ekf_core.cpp:23->ekf_core.cpp:70->ekf_core.cpp:162) [269]  (5.390 ns)

 <State 26>: 6.437ns
The critical path consists of the following:
	'fadd' operation ('acc', ekf_core.cpp:23->ekf_core.cpp:70->ekf_core.cpp:162) [269]  (6.437 ns)

 <State 27>: 6.437ns
The critical path consists of the following:
	'fadd' operation ('acc', ekf_core.cpp:23->ekf_core.cpp:70->ekf_core.cpp:162) [269]  (6.437 ns)

 <State 28>: 6.437ns
The critical path consists of the following:
	'fadd' operation ('acc', ekf_core.cpp:23->ekf_core.cpp:70->ekf_core.cpp:162) [269]  (6.437 ns)
	'store' operation ('store_ln25', ekf_core.cpp:25->ekf_core.cpp:70->ekf_core.cpp:162) of variable 'acc', ekf_core.cpp:23->ekf_core.cpp:70->ekf_core.cpp:162 on local variable 'acc' [346]  (0.000 ns)


============================================================
+ Verbose Summary: Binding
============================================================
N/A
* FSMD analyzer results:
  - Output states:
 - Input state : 
  - Chain level:
	State 1
	State 2
	State 3
	State 4
	State 5
	State 6
	State 7
	State 8
	State 9
	State 10
	State 11
	State 12
	State 13
	State 14
	State 15
	State 16
	State 17
	State 18
	State 19
	State 20
	State 21
	State 22
	State 23
	State 24
	State 25
	State 26
	State 27
	State 28


============================================================
+ Verbose Summary: Datapath Resource usage 
============================================================
N/A
