

================================================================
== Vitis HLS Report for 'ekf_batch_Pipeline_VITIS_LOOP_73_4_VITIS_LOOP_74_5'
================================================================
* Date:           Thu Sep  3 12:11:20 2026

* Version:        2023.1 (Build 3854077 on May  4 2023)
* Project:        EKF
* Solution:       solution1 (Vivado IP Flow Target)
* Product family: zynquplus
* Target device:  xczu9eg-ffvb1156-2-e


================================================================
== Performance Estimates
================================================================
+ Timing: 
    * Summary: 
    +--------+----------+----------+------------+
    |  Clock |  Target  | Estimated| Uncertainty|
    +--------+----------+----------+------------+
    |ap_clk  |  10.00 ns|  6.864 ns|     2.70 ns|
    +--------+----------+----------+------------+

+ Latency: 
    * Summary: 
    +---------+---------+----------+----------+-----+-----+---------+
    |  Latency (cycles) |  Latency (absolute) |  Interval | Pipeline|
    |   min   |   max   |    min   |    max   | min | max |   Type  |
    +---------+---------+----------+----------+-----+-----+---------+
    |       41|       41|  0.410 us|  0.410 us|   41|   41|       no|
    +---------+---------+----------+----------+-----+-----+---------+

    + Detail: 
        * Instance: 
        N/A

        * Loop: 
        +-----------------------------------+---------+---------+----------+-----------+-----------+------+----------+
        |                                   |  Latency (cycles) | Iteration|  Initiation Interval  | Trip |          |
        |             Loop Name             |   min   |   max   |  Latency |  achieved |   target  | Count| Pipelined|
        +-----------------------------------+---------+---------+----------+-----------+-----------+------+----------+
        |- VITIS_LOOP_73_4_VITIS_LOOP_74_5  |       39|       39|         5|          1|          1|    36|       yes|
        +-----------------------------------+---------+---------+----------+-----------+-----------+------+----------+

============================================================
+ Verbose Summary: Synthesis Manager
============================================================
InlineROM: 1
ExposeGlobal: 0
============================================================
+ Verbose Summary: CDFG Model
============================================================
IsTopModel: 0
ResetActiveHigh: 1
IsCombinational: 0
IsDatapathOnly: 0
HasWiredReturn: 1
HasMFsm: 2
HasVarLatency: 1
IsPipeline: 0
IsRtlPipelined: 0
IsInstanceOverlapped: 0
IsDontTouch: 0
HasImplIP: 0
IsGatedGlobalClock: 0

+ Individual pipeline summary: 
  * Pipeline-0: initiation interval (II) = 1, depth = 5


============================================================
+ Verbose Summary: Schedule
============================================================
* Number of FSM states : 5
* Pipeline : 1
  Pipeline-0 : II = 1, D = 5, States = { 1 2 3 4 5 }
* Dataflow Pipeline: 0

* FSM state transitions: 
1 --> 2 
2 --> 3 
3 --> 4 
4 --> 5 
5 --> 

* FSM state operations: 

State 1 <SV = 0> <Delay = 2.12>
ST_1 : Operation 8 [1/1] (0.00ns)   --->   "%j = alloca i32 1"   --->   Operation 8 'alloca' 'j' <Predicate = true> <Delay = 0.00>
ST_1 : Operation 9 [1/1] (0.00ns)   --->   "%i = alloca i32 1"   --->   Operation 9 'alloca' 'i' <Predicate = true> <Delay = 0.00>
ST_1 : Operation 10 [1/1] (0.00ns)   --->   "%indvar_flatten27 = alloca i32 1"   --->   Operation 10 'alloca' 'indvar_flatten27' <Predicate = true> <Delay = 0.00>
ST_1 : Operation 11 [1/1] (0.00ns)   --->   "%P = alloca i32 1"   --->   Operation 11 'alloca' 'P' <Predicate = true> <Delay = 0.00>
ST_1 : Operation 12 [1/1] (0.00ns)   --->   "%P_1 = alloca i32 1"   --->   Operation 12 'alloca' 'P_1' <Predicate = true> <Delay = 0.00>
ST_1 : Operation 13 [1/1] (0.00ns)   --->   "%P_2 = alloca i32 1"   --->   Operation 13 'alloca' 'P_2' <Predicate = true> <Delay = 0.00>
ST_1 : Operation 14 [1/1] (0.00ns)   --->   "%P_3 = alloca i32 1"   --->   Operation 14 'alloca' 'P_3' <Predicate = true> <Delay = 0.00>
ST_1 : Operation 15 [1/1] (0.00ns)   --->   "%P_4 = alloca i32 1"   --->   Operation 15 'alloca' 'P_4' <Predicate = true> <Delay = 0.00>
ST_1 : Operation 16 [1/1] (0.00ns)   --->   "%P_5 = alloca i32 1"   --->   Operation 16 'alloca' 'P_5' <Predicate = true> <Delay = 0.00>
ST_1 : Operation 17 [1/1] (0.00ns)   --->   "%P_6 = alloca i32 1"   --->   Operation 17 'alloca' 'P_6' <Predicate = true> <Delay = 0.00>
ST_1 : Operation 18 [1/1] (0.00ns)   --->   "%P_7 = alloca i32 1"   --->   Operation 18 'alloca' 'P_7' <Predicate = true> <Delay = 0.00>
ST_1 : Operation 19 [1/1] (0.00ns)   --->   "%P_8 = alloca i32 1"   --->   Operation 19 'alloca' 'P_8' <Predicate = true> <Delay = 0.00>
ST_1 : Operation 20 [1/1] (0.00ns)   --->   "%P_9 = alloca i32 1"   --->   Operation 20 'alloca' 'P_9' <Predicate = true> <Delay = 0.00>
ST_1 : Operation 21 [1/1] (0.00ns)   --->   "%P_10 = alloca i32 1"   --->   Operation 21 'alloca' 'P_10' <Predicate = true> <Delay = 0.00>
ST_1 : Operation 22 [1/1] (0.00ns)   --->   "%P_11 = alloca i32 1"   --->   Operation 22 'alloca' 'P_11' <Predicate = true> <Delay = 0.00>
ST_1 : Operation 23 [1/1] (0.00ns)   --->   "%P_12 = alloca i32 1"   --->   Operation 23 'alloca' 'P_12' <Predicate = true> <Delay = 0.00>
ST_1 : Operation 24 [1/1] (0.00ns)   --->   "%P_13 = alloca i32 1"   --->   Operation 24 'alloca' 'P_13' <Predicate = true> <Delay = 0.00>
ST_1 : Operation 25 [1/1] (0.00ns)   --->   "%P_14 = alloca i32 1"   --->   Operation 25 'alloca' 'P_14' <Predicate = true> <Delay = 0.00>
ST_1 : Operation 26 [1/1] (0.00ns)   --->   "%P_15 = alloca i32 1"   --->   Operation 26 'alloca' 'P_15' <Predicate = true> <Delay = 0.00>
ST_1 : Operation 27 [1/1] (0.00ns)   --->   "%P_16 = alloca i32 1"   --->   Operation 27 'alloca' 'P_16' <Predicate = true> <Delay = 0.00>
ST_1 : Operation 28 [1/1] (0.00ns)   --->   "%P_17 = alloca i32 1"   --->   Operation 28 'alloca' 'P_17' <Predicate = true> <Delay = 0.00>
ST_1 : Operation 29 [1/1] (0.00ns)   --->   "%P_18 = alloca i32 1"   --->   Operation 29 'alloca' 'P_18' <Predicate = true> <Delay = 0.00>
ST_1 : Operation 30 [1/1] (0.00ns)   --->   "%P_19 = alloca i32 1"   --->   Operation 30 'alloca' 'P_19' <Predicate = true> <Delay = 0.00>
ST_1 : Operation 31 [1/1] (0.00ns)   --->   "%P_20 = alloca i32 1"   --->   Operation 31 'alloca' 'P_20' <Predicate = true> <Delay = 0.00>
ST_1 : Operation 32 [1/1] (0.00ns)   --->   "%P_21 = alloca i32 1"   --->   Operation 32 'alloca' 'P_21' <Predicate = true> <Delay = 0.00>
ST_1 : Operation 33 [1/1] (0.00ns)   --->   "%P_22 = alloca i32 1"   --->   Operation 33 'alloca' 'P_22' <Predicate = true> <Delay = 0.00>
ST_1 : Operation 34 [1/1] (0.00ns)   --->   "%P_23 = alloca i32 1"   --->   Operation 34 'alloca' 'P_23' <Predicate = true> <Delay = 0.00>
ST_1 : Operation 35 [1/1] (0.00ns)   --->   "%P_24 = alloca i32 1"   --->   Operation 35 'alloca' 'P_24' <Predicate = true> <Delay = 0.00>
ST_1 : Operation 36 [1/1] (0.00ns)   --->   "%P_25 = alloca i32 1"   --->   Operation 36 'alloca' 'P_25' <Predicate = true> <Delay = 0.00>
ST_1 : Operation 37 [1/1] (0.00ns)   --->   "%P_26 = alloca i32 1"   --->   Operation 37 'alloca' 'P_26' <Predicate = true> <Delay = 0.00>
ST_1 : Operation 38 [1/1] (0.00ns)   --->   "%P_27 = alloca i32 1"   --->   Operation 38 'alloca' 'P_27' <Predicate = true> <Delay = 0.00>
ST_1 : Operation 39 [1/1] (0.00ns)   --->   "%P_28 = alloca i32 1"   --->   Operation 39 'alloca' 'P_28' <Predicate = true> <Delay = 0.00>
ST_1 : Operation 40 [1/1] (0.00ns)   --->   "%P_29 = alloca i32 1"   --->   Operation 40 'alloca' 'P_29' <Predicate = true> <Delay = 0.00>
ST_1 : Operation 41 [1/1] (0.00ns)   --->   "%P_30 = alloca i32 1"   --->   Operation 41 'alloca' 'P_30' <Predicate = true> <Delay = 0.00>
ST_1 : Operation 42 [1/1] (0.00ns)   --->   "%P_31 = alloca i32 1"   --->   Operation 42 'alloca' 'P_31' <Predicate = true> <Delay = 0.00>
ST_1 : Operation 43 [1/1] (0.00ns)   --->   "%P_32 = alloca i32 1"   --->   Operation 43 'alloca' 'P_32' <Predicate = true> <Delay = 0.00>
ST_1 : Operation 44 [1/1] (0.00ns)   --->   "%P_33 = alloca i32 1"   --->   Operation 44 'alloca' 'P_33' <Predicate = true> <Delay = 0.00>
ST_1 : Operation 45 [1/1] (0.00ns)   --->   "%P_34 = alloca i32 1"   --->   Operation 45 'alloca' 'P_34' <Predicate = true> <Delay = 0.00>
ST_1 : Operation 46 [1/1] (0.00ns)   --->   "%P_35 = alloca i32 1"   --->   Operation 46 'alloca' 'P_35' <Predicate = true> <Delay = 0.00>
ST_1 : Operation 47 [1/1] (0.00ns)   --->   "%Q_11_reload_read = read i32 @_ssdm_op_Read.ap_auto.float, i32 %Q_11_reload"   --->   Operation 47 'read' 'Q_11_reload_read' <Predicate = true> <Delay = 0.00>
ST_1 : Operation 48 [1/1] (0.00ns)   --->   "%Q_10_reload_read = read i32 @_ssdm_op_Read.ap_auto.float, i32 %Q_10_reload"   --->   Operation 48 'read' 'Q_10_reload_read' <Predicate = true> <Delay = 0.00>
ST_1 : Operation 49 [1/1] (0.00ns)   --->   "%Q_9_reload_read = read i32 @_ssdm_op_Read.ap_auto.float, i32 %Q_9_reload"   --->   Operation 49 'read' 'Q_9_reload_read' <Predicate = true> <Delay = 0.00>
ST_1 : Operation 50 [1/1] (0.00ns)   --->   "%Q_8_reload_read = read i32 @_ssdm_op_Read.ap_auto.float, i32 %Q_8_reload"   --->   Operation 50 'read' 'Q_8_reload_read' <Predicate = true> <Delay = 0.00>
ST_1 : Operation 51 [1/1] (0.00ns)   --->   "%Q_7_reload_read = read i32 @_ssdm_op_Read.ap_auto.float, i32 %Q_7_reload"   --->   Operation 51 'read' 'Q_7_reload_read' <Predicate = true> <Delay = 0.00>
ST_1 : Operation 52 [1/1] (0.00ns)   --->   "%Q_6_reload_read = read i32 @_ssdm_op_Read.ap_auto.float, i32 %Q_6_reload"   --->   Operation 52 'read' 'Q_6_reload_read' <Predicate = true> <Delay = 0.00>
ST_1 : Operation 53 [1/1] (0.00ns)   --->   "%Q_5_reload_read = read i32 @_ssdm_op_Read.ap_auto.float, i32 %Q_5_reload"   --->   Operation 53 'read' 'Q_5_reload_read' <Predicate = true> <Delay = 0.00>
ST_1 : Operation 54 [1/1] (0.00ns)   --->   "%Q_4_reload_read = read i32 @_ssdm_op_Read.ap_auto.float, i32 %Q_4_reload"   --->   Operation 54 'read' 'Q_4_reload_read' <Predicate = true> <Delay = 0.00>
ST_1 : Operation 55 [1/1] (0.00ns)   --->   "%Q_3_reload_read = read i32 @_ssdm_op_Read.ap_auto.float, i32 %Q_3_reload"   --->   Operation 55 'read' 'Q_3_reload_read' <Predicate = true> <Delay = 0.00>
ST_1 : Operation 56 [1/1] (0.00ns)   --->   "%Q_2_reload_read = read i32 @_ssdm_op_Read.ap_auto.float, i32 %Q_2_reload"   --->   Operation 56 'read' 'Q_2_reload_read' <Predicate = true> <Delay = 0.00>
ST_1 : Operation 57 [1/1] (0.00ns)   --->   "%Q_1_reload_read = read i32 @_ssdm_op_Read.ap_auto.float, i32 %Q_1_reload"   --->   Operation 57 'read' 'Q_1_reload_read' <Predicate = true> <Delay = 0.00>
ST_1 : Operation 58 [1/1] (0.00ns)   --->   "%Q_reload_read = read i32 @_ssdm_op_Read.ap_auto.float, i32 %Q_reload"   --->   Operation 58 'read' 'Q_reload_read' <Predicate = true> <Delay = 0.00>
ST_1 : Operation 59 [1/1] (0.00ns)   --->   "%mux_case_511742997_reload_read = read i32 @_ssdm_op_Read.ap_auto.float, i32 %mux_case_511742997_reload"   --->   Operation 59 'read' 'mux_case_511742997_reload_read' <Predicate = true> <Delay = 0.00>
ST_1 : Operation 60 [1/1] (0.00ns)   --->   "%mux_case_411722991_reload_read = read i32 @_ssdm_op_Read.ap_auto.float, i32 %mux_case_411722991_reload"   --->   Operation 60 'read' 'mux_case_411722991_reload_read' <Predicate = true> <Delay = 0.00>
ST_1 : Operation 61 [1/1] (0.00ns)   --->   "%mux_case_311702985_reload_read = read i32 @_ssdm_op_Read.ap_auto.float, i32 %mux_case_311702985_reload"   --->   Operation 61 'read' 'mux_case_311702985_reload_read' <Predicate = true> <Delay = 0.00>
ST_1 : Operation 62 [1/1] (0.00ns)   --->   "%mux_case_211682979_reload_read = read i32 @_ssdm_op_Read.ap_auto.float, i32 %mux_case_211682979_reload"   --->   Operation 62 'read' 'mux_case_211682979_reload_read' <Predicate = true> <Delay = 0.00>
ST_1 : Operation 63 [1/1] (0.00ns)   --->   "%mux_case_111662973_reload_read = read i32 @_ssdm_op_Read.ap_auto.float, i32 %mux_case_111662973_reload"   --->   Operation 63 'read' 'mux_case_111662973_reload_read' <Predicate = true> <Delay = 0.00>
ST_1 : Operation 64 [1/1] (0.00ns)   --->   "%mux_case_011642967_reload_read = read i32 @_ssdm_op_Read.ap_auto.float, i32 %mux_case_011642967_reload"   --->   Operation 64 'read' 'mux_case_011642967_reload_read' <Predicate = true> <Delay = 0.00>
ST_1 : Operation 65 [1/1] (0.00ns)   --->   "%mux_case_511612961_reload_read = read i32 @_ssdm_op_Read.ap_auto.float, i32 %mux_case_511612961_reload"   --->   Operation 65 'read' 'mux_case_511612961_reload_read' <Predicate = true> <Delay = 0.00>
ST_1 : Operation 66 [1/1] (0.00ns)   --->   "%mux_case_411592955_reload_read = read i32 @_ssdm_op_Read.ap_auto.float, i32 %mux_case_411592955_reload"   --->   Operation 66 'read' 'mux_case_411592955_reload_read' <Predicate = true> <Delay = 0.00>
ST_1 : Operation 67 [1/1] (0.00ns)   --->   "%mux_case_311572949_reload_read = read i32 @_ssdm_op_Read.ap_auto.float, i32 %mux_case_311572949_reload"   --->   Operation 67 'read' 'mux_case_311572949_reload_read' <Predicate = true> <Delay = 0.00>
ST_1 : Operation 68 [1/1] (0.00ns)   --->   "%mux_case_211552943_reload_read = read i32 @_ssdm_op_Read.ap_auto.float, i32 %mux_case_211552943_reload"   --->   Operation 68 'read' 'mux_case_211552943_reload_read' <Predicate = true> <Delay = 0.00>
ST_1 : Operation 69 [1/1] (0.00ns)   --->   "%mux_case_111532937_reload_read = read i32 @_ssdm_op_Read.ap_auto.float, i32 %mux_case_111532937_reload"   --->   Operation 69 'read' 'mux_case_111532937_reload_read' <Predicate = true> <Delay = 0.00>
ST_1 : Operation 70 [1/1] (0.00ns)   --->   "%mux_case_011512931_reload_read = read i32 @_ssdm_op_Read.ap_auto.float, i32 %mux_case_011512931_reload"   --->   Operation 70 'read' 'mux_case_011512931_reload_read' <Predicate = true> <Delay = 0.00>
ST_1 : Operation 71 [1/1] (0.00ns)   --->   "%mux_case_511482925_reload_read = read i32 @_ssdm_op_Read.ap_auto.float, i32 %mux_case_511482925_reload"   --->   Operation 71 'read' 'mux_case_511482925_reload_read' <Predicate = true> <Delay = 0.00>
ST_1 : Operation 72 [1/1] (0.00ns)   --->   "%mux_case_411462919_reload_read = read i32 @_ssdm_op_Read.ap_auto.float, i32 %mux_case_411462919_reload"   --->   Operation 72 'read' 'mux_case_411462919_reload_read' <Predicate = true> <Delay = 0.00>
ST_1 : Operation 73 [1/1] (0.00ns)   --->   "%mux_case_311442913_reload_read = read i32 @_ssdm_op_Read.ap_auto.float, i32 %mux_case_311442913_reload"   --->   Operation 73 'read' 'mux_case_311442913_reload_read' <Predicate = true> <Delay = 0.00>
ST_1 : Operation 74 [1/1] (0.00ns)   --->   "%mux_case_211422907_reload_read = read i32 @_ssdm_op_Read.ap_auto.float, i32 %mux_case_211422907_reload"   --->   Operation 74 'read' 'mux_case_211422907_reload_read' <Predicate = true> <Delay = 0.00>
ST_1 : Operation 75 [1/1] (0.00ns)   --->   "%mux_case_111402901_reload_read = read i32 @_ssdm_op_Read.ap_auto.float, i32 %mux_case_111402901_reload"   --->   Operation 75 'read' 'mux_case_111402901_reload_read' <Predicate = true> <Delay = 0.00>
ST_1 : Operation 76 [1/1] (0.00ns)   --->   "%mux_case_011382895_reload_read = read i32 @_ssdm_op_Read.ap_auto.float, i32 %mux_case_011382895_reload"   --->   Operation 76 'read' 'mux_case_011382895_reload_read' <Predicate = true> <Delay = 0.00>
ST_1 : Operation 77 [1/1] (0.00ns)   --->   "%mux_case_511352889_reload_read = read i32 @_ssdm_op_Read.ap_auto.float, i32 %mux_case_511352889_reload"   --->   Operation 77 'read' 'mux_case_511352889_reload_read' <Predicate = true> <Delay = 0.00>
ST_1 : Operation 78 [1/1] (0.00ns)   --->   "%mux_case_411332883_reload_read = read i32 @_ssdm_op_Read.ap_auto.float, i32 %mux_case_411332883_reload"   --->   Operation 78 'read' 'mux_case_411332883_reload_read' <Predicate = true> <Delay = 0.00>
ST_1 : Operation 79 [1/1] (0.00ns)   --->   "%mux_case_311312877_reload_read = read i32 @_ssdm_op_Read.ap_auto.float, i32 %mux_case_311312877_reload"   --->   Operation 79 'read' 'mux_case_311312877_reload_read' <Predicate = true> <Delay = 0.00>
ST_1 : Operation 80 [1/1] (0.00ns)   --->   "%mux_case_211292871_reload_read = read i32 @_ssdm_op_Read.ap_auto.float, i32 %mux_case_211292871_reload"   --->   Operation 80 'read' 'mux_case_211292871_reload_read' <Predicate = true> <Delay = 0.00>
ST_1 : Operation 81 [1/1] (0.00ns)   --->   "%mux_case_111272865_reload_read = read i32 @_ssdm_op_Read.ap_auto.float, i32 %mux_case_111272865_reload"   --->   Operation 81 'read' 'mux_case_111272865_reload_read' <Predicate = true> <Delay = 0.00>
ST_1 : Operation 82 [1/1] (0.00ns)   --->   "%mux_case_011252859_reload_read = read i32 @_ssdm_op_Read.ap_auto.float, i32 %mux_case_011252859_reload"   --->   Operation 82 'read' 'mux_case_011252859_reload_read' <Predicate = true> <Delay = 0.00>
ST_1 : Operation 83 [1/1] (0.00ns)   --->   "%mux_case_511222853_reload_read = read i32 @_ssdm_op_Read.ap_auto.float, i32 %mux_case_511222853_reload"   --->   Operation 83 'read' 'mux_case_511222853_reload_read' <Predicate = true> <Delay = 0.00>
ST_1 : Operation 84 [1/1] (0.00ns)   --->   "%mux_case_411202847_reload_read = read i32 @_ssdm_op_Read.ap_auto.float, i32 %mux_case_411202847_reload"   --->   Operation 84 'read' 'mux_case_411202847_reload_read' <Predicate = true> <Delay = 0.00>
ST_1 : Operation 85 [1/1] (0.00ns)   --->   "%mux_case_311182841_reload_read = read i32 @_ssdm_op_Read.ap_auto.float, i32 %mux_case_311182841_reload"   --->   Operation 85 'read' 'mux_case_311182841_reload_read' <Predicate = true> <Delay = 0.00>
ST_1 : Operation 86 [1/1] (0.00ns)   --->   "%mux_case_211162835_reload_read = read i32 @_ssdm_op_Read.ap_auto.float, i32 %mux_case_211162835_reload"   --->   Operation 86 'read' 'mux_case_211162835_reload_read' <Predicate = true> <Delay = 0.00>
ST_1 : Operation 87 [1/1] (0.00ns)   --->   "%mux_case_111142829_reload_read = read i32 @_ssdm_op_Read.ap_auto.float, i32 %mux_case_111142829_reload"   --->   Operation 87 'read' 'mux_case_111142829_reload_read' <Predicate = true> <Delay = 0.00>
ST_1 : Operation 88 [1/1] (0.00ns)   --->   "%mux_case_011122823_reload_read = read i32 @_ssdm_op_Read.ap_auto.float, i32 %mux_case_011122823_reload"   --->   Operation 88 'read' 'mux_case_011122823_reload_read' <Predicate = true> <Delay = 0.00>
ST_1 : Operation 89 [1/1] (0.00ns)   --->   "%mux_case_511092816_reload_read = read i32 @_ssdm_op_Read.ap_auto.float, i32 %mux_case_511092816_reload"   --->   Operation 89 'read' 'mux_case_511092816_reload_read' <Predicate = true> <Delay = 0.00>
ST_1 : Operation 90 [1/1] (0.00ns)   --->   "%mux_case_411072810_reload_read = read i32 @_ssdm_op_Read.ap_auto.float, i32 %mux_case_411072810_reload"   --->   Operation 90 'read' 'mux_case_411072810_reload_read' <Predicate = true> <Delay = 0.00>
ST_1 : Operation 91 [1/1] (0.00ns)   --->   "%mux_case_311052804_reload_read = read i32 @_ssdm_op_Read.ap_auto.float, i32 %mux_case_311052804_reload"   --->   Operation 91 'read' 'mux_case_311052804_reload_read' <Predicate = true> <Delay = 0.00>
ST_1 : Operation 92 [1/1] (0.00ns)   --->   "%mux_case_211032798_reload_read = read i32 @_ssdm_op_Read.ap_auto.float, i32 %mux_case_211032798_reload"   --->   Operation 92 'read' 'mux_case_211032798_reload_read' <Predicate = true> <Delay = 0.00>
ST_1 : Operation 93 [1/1] (0.00ns)   --->   "%mux_case_111012792_reload_read = read i32 @_ssdm_op_Read.ap_auto.float, i32 %mux_case_111012792_reload"   --->   Operation 93 'read' 'mux_case_111012792_reload_read' <Predicate = true> <Delay = 0.00>
ST_1 : Operation 94 [1/1] (0.00ns)   --->   "%mux_case_010992786_reload_read = read i32 @_ssdm_op_Read.ap_auto.float, i32 %mux_case_010992786_reload"   --->   Operation 94 'read' 'mux_case_010992786_reload_read' <Predicate = true> <Delay = 0.00>
ST_1 : Operation 95 [1/1] (0.00ns)   --->   "%P_reload_read = read i32 @_ssdm_op_Read.ap_auto.float, i32 %P_reload"   --->   Operation 95 'read' 'P_reload_read' <Predicate = true> <Delay = 0.00>
ST_1 : Operation 96 [1/1] (0.00ns)   --->   "%P_1_reload_read = read i32 @_ssdm_op_Read.ap_auto.float, i32 %P_1_reload"   --->   Operation 96 'read' 'P_1_reload_read' <Predicate = true> <Delay = 0.00>
ST_1 : Operation 97 [1/1] (0.00ns)   --->   "%P_2_reload_read = read i32 @_ssdm_op_Read.ap_auto.float, i32 %P_2_reload"   --->   Operation 97 'read' 'P_2_reload_read' <Predicate = true> <Delay = 0.00>
ST_1 : Operation 98 [1/1] (0.00ns)   --->   "%P_3_reload_read = read i32 @_ssdm_op_Read.ap_auto.float, i32 %P_3_reload"   --->   Operation 98 'read' 'P_3_reload_read' <Predicate = true> <Delay = 0.00>
ST_1 : Operation 99 [1/1] (0.00ns)   --->   "%P_4_reload_read = read i32 @_ssdm_op_Read.ap_auto.float, i32 %P_4_reload"   --->   Operation 99 'read' 'P_4_reload_read' <Predicate = true> <Delay = 0.00>
ST_1 : Operation 100 [1/1] (0.00ns)   --->   "%P_5_reload_read = read i32 @_ssdm_op_Read.ap_auto.float, i32 %P_5_reload"   --->   Operation 100 'read' 'P_5_reload_read' <Predicate = true> <Delay = 0.00>
ST_1 : Operation 101 [1/1] (0.00ns)   --->   "%P_6_reload_read = read i32 @_ssdm_op_Read.ap_auto.float, i32 %P_6_reload"   --->   Operation 101 'read' 'P_6_reload_read' <Predicate = true> <Delay = 0.00>
ST_1 : Operation 102 [1/1] (0.00ns)   --->   "%P_7_reload_read = read i32 @_ssdm_op_Read.ap_auto.float, i32 %P_7_reload"   --->   Operation 102 'read' 'P_7_reload_read' <Predicate = true> <Delay = 0.00>
ST_1 : Operation 103 [1/1] (0.00ns)   --->   "%P_8_reload_read = read i32 @_ssdm_op_Read.ap_auto.float, i32 %P_8_reload"   --->   Operation 103 'read' 'P_8_reload_read' <Predicate = true> <Delay = 0.00>
ST_1 : Operation 104 [1/1] (0.00ns)   --->   "%P_9_reload_read = read i32 @_ssdm_op_Read.ap_auto.float, i32 %P_9_reload"   --->   Operation 104 'read' 'P_9_reload_read' <Predicate = true> <Delay = 0.00>
ST_1 : Operation 105 [1/1] (0.00ns)   --->   "%P_10_reload_read = read i32 @_ssdm_op_Read.ap_auto.float, i32 %P_10_reload"   --->   Operation 105 'read' 'P_10_reload_read' <Predicate = true> <Delay = 0.00>
ST_1 : Operation 106 [1/1] (0.00ns)   --->   "%P_11_reload_read = read i32 @_ssdm_op_Read.ap_auto.float, i32 %P_11_reload"   --->   Operation 106 'read' 'P_11_reload_read' <Predicate = true> <Delay = 0.00>
ST_1 : Operation 107 [1/1] (0.00ns)   --->   "%P_12_reload_read = read i32 @_ssdm_op_Read.ap_auto.float, i32 %P_12_reload"   --->   Operation 107 'read' 'P_12_reload_read' <Predicate = true> <Delay = 0.00>
ST_1 : Operation 108 [1/1] (0.00ns)   --->   "%P_13_reload_read = read i32 @_ssdm_op_Read.ap_auto.float, i32 %P_13_reload"   --->   Operation 108 'read' 'P_13_reload_read' <Predicate = true> <Delay = 0.00>
ST_1 : Operation 109 [1/1] (0.00ns)   --->   "%P_14_reload_read = read i32 @_ssdm_op_Read.ap_auto.float, i32 %P_14_reload"   --->   Operation 109 'read' 'P_14_reload_read' <Predicate = true> <Delay = 0.00>
ST_1 : Operation 110 [1/1] (0.00ns)   --->   "%P_15_reload_read = read i32 @_ssdm_op_Read.ap_auto.float, i32 %P_15_reload"   --->   Operation 110 'read' 'P_15_reload_read' <Predicate = true> <Delay = 0.00>
ST_1 : Operation 111 [1/1] (0.00ns)   --->   "%P_16_reload_read = read i32 @_ssdm_op_Read.ap_auto.float, i32 %P_16_reload"   --->   Operation 111 'read' 'P_16_reload_read' <Predicate = true> <Delay = 0.00>
ST_1 : Operation 112 [1/1] (0.00ns)   --->   "%P_17_reload_read = read i32 @_ssdm_op_Read.ap_auto.float, i32 %P_17_reload"   --->   Operation 112 'read' 'P_17_reload_read' <Predicate = true> <Delay = 0.00>
ST_1 : Operation 113 [1/1] (0.00ns)   --->   "%P_18_reload_read = read i32 @_ssdm_op_Read.ap_auto.float, i32 %P_18_reload"   --->   Operation 113 'read' 'P_18_reload_read' <Predicate = true> <Delay = 0.00>
ST_1 : Operation 114 [1/1] (0.00ns)   --->   "%P_19_reload_read = read i32 @_ssdm_op_Read.ap_auto.float, i32 %P_19_reload"   --->   Operation 114 'read' 'P_19_reload_read' <Predicate = true> <Delay = 0.00>
ST_1 : Operation 115 [1/1] (0.00ns)   --->   "%P_20_reload_read = read i32 @_ssdm_op_Read.ap_auto.float, i32 %P_20_reload"   --->   Operation 115 'read' 'P_20_reload_read' <Predicate = true> <Delay = 0.00>
ST_1 : Operation 116 [1/1] (0.00ns)   --->   "%P_21_reload_read = read i32 @_ssdm_op_Read.ap_auto.float, i32 %P_21_reload"   --->   Operation 116 'read' 'P_21_reload_read' <Predicate = true> <Delay = 0.00>
ST_1 : Operation 117 [1/1] (0.00ns)   --->   "%P_22_reload_read = read i32 @_ssdm_op_Read.ap_auto.float, i32 %P_22_reload"   --->   Operation 117 'read' 'P_22_reload_read' <Predicate = true> <Delay = 0.00>
ST_1 : Operation 118 [1/1] (0.00ns)   --->   "%P_23_reload_read = read i32 @_ssdm_op_Read.ap_auto.float, i32 %P_23_reload"   --->   Operation 118 'read' 'P_23_reload_read' <Predicate = true> <Delay = 0.00>
ST_1 : Operation 119 [1/1] (0.00ns)   --->   "%P_24_reload_read = read i32 @_ssdm_op_Read.ap_auto.float, i32 %P_24_reload"   --->   Operation 119 'read' 'P_24_reload_read' <Predicate = true> <Delay = 0.00>
ST_1 : Operation 120 [1/1] (0.00ns)   --->   "%P_25_reload_read = read i32 @_ssdm_op_Read.ap_auto.float, i32 %P_25_reload"   --->   Operation 120 'read' 'P_25_reload_read' <Predicate = true> <Delay = 0.00>
ST_1 : Operation 121 [1/1] (0.00ns)   --->   "%P_26_reload_read = read i32 @_ssdm_op_Read.ap_auto.float, i32 %P_26_reload"   --->   Operation 121 'read' 'P_26_reload_read' <Predicate = true> <Delay = 0.00>
ST_1 : Operation 122 [1/1] (0.00ns)   --->   "%P_27_reload_read = read i32 @_ssdm_op_Read.ap_auto.float, i32 %P_27_reload"   --->   Operation 122 'read' 'P_27_reload_read' <Predicate = true> <Delay = 0.00>
ST_1 : Operation 123 [1/1] (0.00ns)   --->   "%P_28_reload_read = read i32 @_ssdm_op_Read.ap_auto.float, i32 %P_28_reload"   --->   Operation 123 'read' 'P_28_reload_read' <Predicate = true> <Delay = 0.00>
ST_1 : Operation 124 [1/1] (0.00ns)   --->   "%P_29_reload_read = read i32 @_ssdm_op_Read.ap_auto.float, i32 %P_29_reload"   --->   Operation 124 'read' 'P_29_reload_read' <Predicate = true> <Delay = 0.00>
ST_1 : Operation 125 [1/1] (0.00ns)   --->   "%P_30_reload_read = read i32 @_ssdm_op_Read.ap_auto.float, i32 %P_30_reload"   --->   Operation 125 'read' 'P_30_reload_read' <Predicate = true> <Delay = 0.00>
ST_1 : Operation 126 [1/1] (0.00ns)   --->   "%P_31_reload_read = read i32 @_ssdm_op_Read.ap_auto.float, i32 %P_31_reload"   --->   Operation 126 'read' 'P_31_reload_read' <Predicate = true> <Delay = 0.00>
ST_1 : Operation 127 [1/1] (0.00ns)   --->   "%P_32_reload_read = read i32 @_ssdm_op_Read.ap_auto.float, i32 %P_32_reload"   --->   Operation 127 'read' 'P_32_reload_read' <Predicate = true> <Delay = 0.00>
ST_1 : Operation 128 [1/1] (0.00ns)   --->   "%P_33_reload_read = read i32 @_ssdm_op_Read.ap_auto.float, i32 %P_33_reload"   --->   Operation 128 'read' 'P_33_reload_read' <Predicate = true> <Delay = 0.00>
ST_1 : Operation 129 [1/1] (0.00ns)   --->   "%P_34_reload_read = read i32 @_ssdm_op_Read.ap_auto.float, i32 %P_34_reload"   --->   Operation 129 'read' 'P_34_reload_read' <Predicate = true> <Delay = 0.00>
ST_1 : Operation 130 [1/1] (0.00ns)   --->   "%P_35_reload_read = read i32 @_ssdm_op_Read.ap_auto.float, i32 %P_35_reload"   --->   Operation 130 'read' 'P_35_reload_read' <Predicate = true> <Delay = 0.00>
ST_1 : Operation 131 [1/1] (0.42ns)   --->   "%store_ln0 = store i32 %P_35_reload_read, i32 %P_35"   --->   Operation 131 'store' 'store_ln0' <Predicate = true> <Delay = 0.42>
ST_1 : Operation 132 [1/1] (0.42ns)   --->   "%store_ln0 = store i32 %P_34_reload_read, i32 %P_34"   --->   Operation 132 'store' 'store_ln0' <Predicate = true> <Delay = 0.42>
ST_1 : Operation 133 [1/1] (0.42ns)   --->   "%store_ln0 = store i32 %P_33_reload_read, i32 %P_33"   --->   Operation 133 'store' 'store_ln0' <Predicate = true> <Delay = 0.42>
ST_1 : Operation 134 [1/1] (0.42ns)   --->   "%store_ln0 = store i32 %P_32_reload_read, i32 %P_32"   --->   Operation 134 'store' 'store_ln0' <Predicate = true> <Delay = 0.42>
ST_1 : Operation 135 [1/1] (0.42ns)   --->   "%store_ln0 = store i32 %P_31_reload_read, i32 %P_31"   --->   Operation 135 'store' 'store_ln0' <Predicate = true> <Delay = 0.42>
ST_1 : Operation 136 [1/1] (0.42ns)   --->   "%store_ln0 = store i32 %P_30_reload_read, i32 %P_30"   --->   Operation 136 'store' 'store_ln0' <Predicate = true> <Delay = 0.42>
ST_1 : Operation 137 [1/1] (0.42ns)   --->   "%store_ln0 = store i32 %P_29_reload_read, i32 %P_29"   --->   Operation 137 'store' 'store_ln0' <Predicate = true> <Delay = 0.42>
ST_1 : Operation 138 [1/1] (0.42ns)   --->   "%store_ln0 = store i32 %P_28_reload_read, i32 %P_28"   --->   Operation 138 'store' 'store_ln0' <Predicate = true> <Delay = 0.42>
ST_1 : Operation 139 [1/1] (0.42ns)   --->   "%store_ln0 = store i32 %P_27_reload_read, i32 %P_27"   --->   Operation 139 'store' 'store_ln0' <Predicate = true> <Delay = 0.42>
ST_1 : Operation 140 [1/1] (0.42ns)   --->   "%store_ln0 = store i32 %P_26_reload_read, i32 %P_26"   --->   Operation 140 'store' 'store_ln0' <Predicate = true> <Delay = 0.42>
ST_1 : Operation 141 [1/1] (0.42ns)   --->   "%store_ln0 = store i32 %P_25_reload_read, i32 %P_25"   --->   Operation 141 'store' 'store_ln0' <Predicate = true> <Delay = 0.42>
ST_1 : Operation 142 [1/1] (0.42ns)   --->   "%store_ln0 = store i32 %P_24_reload_read, i32 %P_24"   --->   Operation 142 'store' 'store_ln0' <Predicate = true> <Delay = 0.42>
ST_1 : Operation 143 [1/1] (0.42ns)   --->   "%store_ln0 = store i32 %P_23_reload_read, i32 %P_23"   --->   Operation 143 'store' 'store_ln0' <Predicate = true> <Delay = 0.42>
ST_1 : Operation 144 [1/1] (0.42ns)   --->   "%store_ln0 = store i32 %P_22_reload_read, i32 %P_22"   --->   Operation 144 'store' 'store_ln0' <Predicate = true> <Delay = 0.42>
ST_1 : Operation 145 [1/1] (0.42ns)   --->   "%store_ln0 = store i32 %P_21_reload_read, i32 %P_21"   --->   Operation 145 'store' 'store_ln0' <Predicate = true> <Delay = 0.42>
ST_1 : Operation 146 [1/1] (0.42ns)   --->   "%store_ln0 = store i32 %P_20_reload_read, i32 %P_20"   --->   Operation 146 'store' 'store_ln0' <Predicate = true> <Delay = 0.42>
ST_1 : Operation 147 [1/1] (0.42ns)   --->   "%store_ln0 = store i32 %P_19_reload_read, i32 %P_19"   --->   Operation 147 'store' 'store_ln0' <Predicate = true> <Delay = 0.42>
ST_1 : Operation 148 [1/1] (0.42ns)   --->   "%store_ln0 = store i32 %P_18_reload_read, i32 %P_18"   --->   Operation 148 'store' 'store_ln0' <Predicate = true> <Delay = 0.42>
ST_1 : Operation 149 [1/1] (0.42ns)   --->   "%store_ln0 = store i32 %P_17_reload_read, i32 %P_17"   --->   Operation 149 'store' 'store_ln0' <Predicate = true> <Delay = 0.42>
ST_1 : Operation 150 [1/1] (0.42ns)   --->   "%store_ln0 = store i32 %P_16_reload_read, i32 %P_16"   --->   Operation 150 'store' 'store_ln0' <Predicate = true> <Delay = 0.42>
ST_1 : Operation 151 [1/1] (0.42ns)   --->   "%store_ln0 = store i32 %P_15_reload_read, i32 %P_15"   --->   Operation 151 'store' 'store_ln0' <Predicate = true> <Delay = 0.42>
ST_1 : Operation 152 [1/1] (0.42ns)   --->   "%store_ln0 = store i32 %P_14_reload_read, i32 %P_14"   --->   Operation 152 'store' 'store_ln0' <Predicate = true> <Delay = 0.42>
ST_1 : Operation 153 [1/1] (0.42ns)   --->   "%store_ln0 = store i32 %P_13_reload_read, i32 %P_13"   --->   Operation 153 'store' 'store_ln0' <Predicate = true> <Delay = 0.42>
ST_1 : Operation 154 [1/1] (0.42ns)   --->   "%store_ln0 = store i32 %P_12_reload_read, i32 %P_12"   --->   Operation 154 'store' 'store_ln0' <Predicate = true> <Delay = 0.42>
ST_1 : Operation 155 [1/1] (0.42ns)   --->   "%store_ln0 = store i32 %P_11_reload_read, i32 %P_11"   --->   Operation 155 'store' 'store_ln0' <Predicate = true> <Delay = 0.42>
ST_1 : Operation 156 [1/1] (0.42ns)   --->   "%store_ln0 = store i32 %P_10_reload_read, i32 %P_10"   --->   Operation 156 'store' 'store_ln0' <Predicate = true> <Delay = 0.42>
ST_1 : Operation 157 [1/1] (0.42ns)   --->   "%store_ln0 = store i32 %P_9_reload_read, i32 %P_9"   --->   Operation 157 'store' 'store_ln0' <Predicate = true> <Delay = 0.42>
ST_1 : Operation 158 [1/1] (0.42ns)   --->   "%store_ln0 = store i32 %P_8_reload_read, i32 %P_8"   --->   Operation 158 'store' 'store_ln0' <Predicate = true> <Delay = 0.42>
ST_1 : Operation 159 [1/1] (0.42ns)   --->   "%store_ln0 = store i32 %P_7_reload_read, i32 %P_7"   --->   Operation 159 'store' 'store_ln0' <Predicate = true> <Delay = 0.42>
ST_1 : Operation 160 [1/1] (0.42ns)   --->   "%store_ln0 = store i32 %P_6_reload_read, i32 %P_6"   --->   Operation 160 'store' 'store_ln0' <Predicate = true> <Delay = 0.42>
ST_1 : Operation 161 [1/1] (0.42ns)   --->   "%store_ln0 = store i32 %P_5_reload_read, i32 %P_5"   --->   Operation 161 'store' 'store_ln0' <Predicate = true> <Delay = 0.42>
ST_1 : Operation 162 [1/1] (0.42ns)   --->   "%store_ln0 = store i32 %P_4_reload_read, i32 %P_4"   --->   Operation 162 'store' 'store_ln0' <Predicate = true> <Delay = 0.42>
ST_1 : Operation 163 [1/1] (0.42ns)   --->   "%store_ln0 = store i32 %P_3_reload_read, i32 %P_3"   --->   Operation 163 'store' 'store_ln0' <Predicate = true> <Delay = 0.42>
ST_1 : Operation 164 [1/1] (0.42ns)   --->   "%store_ln0 = store i32 %P_2_reload_read, i32 %P_2"   --->   Operation 164 'store' 'store_ln0' <Predicate = true> <Delay = 0.42>
ST_1 : Operation 165 [1/1] (0.42ns)   --->   "%store_ln0 = store i32 %P_1_reload_read, i32 %P_1"   --->   Operation 165 'store' 'store_ln0' <Predicate = true> <Delay = 0.42>
ST_1 : Operation 166 [1/1] (0.42ns)   --->   "%store_ln0 = store i32 %P_reload_read, i32 %P"   --->   Operation 166 'store' 'store_ln0' <Predicate = true> <Delay = 0.42>
ST_1 : Operation 167 [1/1] (0.42ns)   --->   "%store_ln0 = store i6 0, i6 %indvar_flatten27"   --->   Operation 167 'store' 'store_ln0' <Predicate = true> <Delay = 0.42>
ST_1 : Operation 168 [1/1] (0.42ns)   --->   "%store_ln0 = store i3 0, i3 %i"   --->   Operation 168 'store' 'store_ln0' <Predicate = true> <Delay = 0.42>
ST_1 : Operation 169 [1/1] (0.42ns)   --->   "%store_ln0 = store i3 0, i3 %j"   --->   Operation 169 'store' 'store_ln0' <Predicate = true> <Delay = 0.42>
ST_1 : Operation 170 [1/1] (0.00ns)   --->   "%br_ln0 = br void %for.body42.i"   --->   Operation 170 'br' 'br_ln0' <Predicate = true> <Delay = 0.00>
ST_1 : Operation 171 [1/1] (0.00ns)   --->   "%indvar_flatten27_load = load i6 %indvar_flatten27" [ekf_core.cpp:73->ekf_core.cpp:162]   --->   Operation 171 'load' 'indvar_flatten27_load' <Predicate = true> <Delay = 0.00>
ST_1 : Operation 172 [1/1] (0.00ns)   --->   "%specpipeline_ln0 = specpipeline void @_ssdm_op_SpecPipeline, i32 4294967295, i32 0, i32 1, i32 0, void @p_str"   --->   Operation 172 'specpipeline' 'specpipeline_ln0' <Predicate = true> <Delay = 0.00>
ST_1 : Operation 173 [1/1] (0.78ns)   --->   "%icmp_ln73 = icmp_eq  i6 %indvar_flatten27_load, i6 36" [ekf_core.cpp:73->ekf_core.cpp:162]   --->   Operation 173 'icmp' 'icmp_ln73' <Predicate = true> <Delay = 0.78> <CoreInst = "Cmp">   --->   Core 9 'Cmp' <Latency = 0> <II = 1> <Delay = 0.78> <FuncUnit> <Opcode : 'icmp'> <InPorts = 2> <OutPorts = 1>
ST_1 : Operation 174 [1/1] (0.78ns)   --->   "%add_ln73 = add i6 %indvar_flatten27_load, i6 1" [ekf_core.cpp:73->ekf_core.cpp:162]   --->   Operation 174 'add' 'add_ln73' <Predicate = true> <Delay = 0.78> <CoreInst = "Adder">   --->   Core 1 'Adder' <Latency = 0> <II = 1> <Delay = 0.78> <FuncUnit> <Opcode : 'add' 'sub'> <InPorts = 2> <OutPorts = 1>
ST_1 : Operation 175 [1/1] (0.00ns)   --->   "%br_ln73 = br i1 %icmp_ln73, void %for.cond.cleanup41.i, void %for.body72.i.lr.ph.preheader.exitStub" [ekf_core.cpp:73->ekf_core.cpp:162]   --->   Operation 175 'br' 'br_ln73' <Predicate = true> <Delay = 0.00>
ST_1 : Operation 176 [1/1] (0.00ns)   --->   "%j_load = load i3 %j" [ekf_core.cpp:74->ekf_core.cpp:162]   --->   Operation 176 'load' 'j_load' <Predicate = (!icmp_ln73)> <Delay = 0.00>
ST_1 : Operation 177 [1/1] (0.00ns)   --->   "%i_load = load i3 %i" [ekf_core.cpp:73->ekf_core.cpp:162]   --->   Operation 177 'load' 'i_load' <Predicate = (!icmp_ln73)> <Delay = 0.00>
ST_1 : Operation 178 [1/1] (0.67ns)   --->   "%icmp_ln74 = icmp_eq  i3 %j_load, i3 6" [ekf_core.cpp:74->ekf_core.cpp:162]   --->   Operation 178 'icmp' 'icmp_ln74' <Predicate = (!icmp_ln73)> <Delay = 0.67> <CoreInst = "Cmp">   --->   Core 9 'Cmp' <Latency = 0> <II = 1> <Delay = 0.67> <FuncUnit> <Opcode : 'icmp'> <InPorts = 2> <OutPorts = 1>
ST_1 : Operation 179 [1/1] (0.20ns)   --->   "%select_ln154 = select i1 %icmp_ln74, i3 0, i3 %j_load" [ekf_core.cpp:154]   --->   Operation 179 'select' 'select_ln154' <Predicate = (!icmp_ln73)> <Delay = 0.20> <CoreInst = "Sel">   --->   Core 73 'Sel' <Latency = 0> <II = 1> <Delay = 0.20> <FuncUnit> <Opcode : 'select'> <InPorts = 3> <OutPorts = 1>
ST_1 : Operation 180 [1/1] (0.67ns)   --->   "%add_ln73_1 = add i3 %i_load, i3 1" [ekf_core.cpp:73->ekf_core.cpp:162]   --->   Operation 180 'add' 'add_ln73_1' <Predicate = (!icmp_ln73)> <Delay = 0.67> <CoreInst = "Adder">   --->   Core 1 'Adder' <Latency = 0> <II = 1> <Delay = 0.67> <FuncUnit> <Opcode : 'add' 'sub'> <InPorts = 2> <OutPorts = 1>
ST_1 : Operation 181 [1/1] (0.20ns)   --->   "%select_ln73 = select i1 %icmp_ln74, i3 %add_ln73_1, i3 %i_load" [ekf_core.cpp:73->ekf_core.cpp:162]   --->   Operation 181 'select' 'select_ln73' <Predicate = (!icmp_ln73)> <Delay = 0.20> <CoreInst = "Sel">   --->   Core 73 'Sel' <Latency = 0> <II = 1> <Delay = 0.20> <FuncUnit> <Opcode : 'select'> <InPorts = 3> <OutPorts = 1>
ST_1 : Operation 182 [1/1] (0.62ns)   --->   "%tmp_s = mux i32 @_ssdm_op_Mux.ap_auto.6f32.i3, i32 %mux_case_010992786_reload_read, i32 %mux_case_111012792_reload_read, i32 %mux_case_211032798_reload_read, i32 %mux_case_311052804_reload_read, i32 %mux_case_411072810_reload_read, i32 %mux_case_511092816_reload_read, i3 %select_ln154" [ekf_core.cpp:74->ekf_core.cpp:162]   --->   Operation 182 'mux' 'tmp_s' <Predicate = (!icmp_ln73)> <Delay = 0.62> <CoreInst = "Multiplexer">   --->   Core 76 'Multiplexer' <Latency = 0> <II = 1> <Delay = 0.62> <FuncUnit> <Opcode : 'mux'> <InPorts = 2> <OutPorts = 1>
ST_1 : Operation 183 [1/1] (0.62ns)   --->   "%tmp_7 = mux i32 @_ssdm_op_Mux.ap_auto.6f32.i3, i32 %mux_case_011122823_reload_read, i32 %mux_case_111142829_reload_read, i32 %mux_case_211162835_reload_read, i32 %mux_case_311182841_reload_read, i32 %mux_case_411202847_reload_read, i32 %mux_case_511222853_reload_read, i3 %select_ln154" [ekf_core.cpp:74->ekf_core.cpp:162]   --->   Operation 183 'mux' 'tmp_7' <Predicate = (!icmp_ln73)> <Delay = 0.62> <CoreInst = "Multiplexer">   --->   Core 76 'Multiplexer' <Latency = 0> <II = 1> <Delay = 0.62> <FuncUnit> <Opcode : 'mux'> <InPorts = 2> <OutPorts = 1>
ST_1 : Operation 184 [1/1] (0.62ns)   --->   "%tmp_8 = mux i32 @_ssdm_op_Mux.ap_auto.6f32.i3, i32 %mux_case_011252859_reload_read, i32 %mux_case_111272865_reload_read, i32 %mux_case_211292871_reload_read, i32 %mux_case_311312877_reload_read, i32 %mux_case_411332883_reload_read, i32 %mux_case_511352889_reload_read, i3 %select_ln154" [ekf_core.cpp:74->ekf_core.cpp:162]   --->   Operation 184 'mux' 'tmp_8' <Predicate = (!icmp_ln73)> <Delay = 0.62> <CoreInst = "Multiplexer">   --->   Core 76 'Multiplexer' <Latency = 0> <II = 1> <Delay = 0.62> <FuncUnit> <Opcode : 'mux'> <InPorts = 2> <OutPorts = 1>
ST_1 : Operation 185 [1/1] (0.62ns)   --->   "%tmp_9 = mux i32 @_ssdm_op_Mux.ap_auto.6f32.i3, i32 %mux_case_011382895_reload_read, i32 %mux_case_111402901_reload_read, i32 %mux_case_211422907_reload_read, i32 %mux_case_311442913_reload_read, i32 %mux_case_411462919_reload_read, i32 %mux_case_511482925_reload_read, i3 %select_ln154" [ekf_core.cpp:74->ekf_core.cpp:162]   --->   Operation 185 'mux' 'tmp_9' <Predicate = (!icmp_ln73)> <Delay = 0.62> <CoreInst = "Multiplexer">   --->   Core 76 'Multiplexer' <Latency = 0> <II = 1> <Delay = 0.62> <FuncUnit> <Opcode : 'mux'> <InPorts = 2> <OutPorts = 1>
ST_1 : Operation 186 [1/1] (0.62ns)   --->   "%tmp_10 = mux i32 @_ssdm_op_Mux.ap_auto.6f32.i3, i32 %mux_case_011512931_reload_read, i32 %mux_case_111532937_reload_read, i32 %mux_case_211552943_reload_read, i32 %mux_case_311572949_reload_read, i32 %mux_case_411592955_reload_read, i32 %mux_case_511612961_reload_read, i3 %select_ln154" [ekf_core.cpp:74->ekf_core.cpp:162]   --->   Operation 186 'mux' 'tmp_10' <Predicate = (!icmp_ln73)> <Delay = 0.62> <CoreInst = "Multiplexer">   --->   Core 76 'Multiplexer' <Latency = 0> <II = 1> <Delay = 0.62> <FuncUnit> <Opcode : 'mux'> <InPorts = 2> <OutPorts = 1>
ST_1 : Operation 187 [1/1] (0.62ns)   --->   "%tmp_11 = mux i32 @_ssdm_op_Mux.ap_auto.6f32.i3, i32 %mux_case_011642967_reload_read, i32 %mux_case_111662973_reload_read, i32 %mux_case_211682979_reload_read, i32 %mux_case_311702985_reload_read, i32 %mux_case_411722991_reload_read, i32 %mux_case_511742997_reload_read, i3 %select_ln154" [ekf_core.cpp:74->ekf_core.cpp:162]   --->   Operation 187 'mux' 'tmp_11' <Predicate = (!icmp_ln73)> <Delay = 0.62> <CoreInst = "Multiplexer">   --->   Core 76 'Multiplexer' <Latency = 0> <II = 1> <Delay = 0.62> <FuncUnit> <Opcode : 'mux'> <InPorts = 2> <OutPorts = 1>
ST_1 : Operation 188 [1/1] (0.62ns)   --->   "%tmp_12 = mux i32 @_ssdm_op_Mux.ap_auto.6f32.i3, i32 %tmp_s, i32 %tmp_7, i32 %tmp_8, i32 %tmp_9, i32 %tmp_10, i32 %tmp_11, i3 %select_ln73" [ekf_core.cpp:74->ekf_core.cpp:162]   --->   Operation 188 'mux' 'tmp_12' <Predicate = (!icmp_ln73)> <Delay = 0.62> <CoreInst = "Multiplexer">   --->   Core 76 'Multiplexer' <Latency = 0> <II = 1> <Delay = 0.62> <FuncUnit> <Opcode : 'mux'> <InPorts = 2> <OutPorts = 1>
ST_1 : Operation 189 [1/1] (0.62ns)   --->   "%tmp_13 = mux i32 @_ssdm_op_Mux.ap_auto.6f32.i3, i32 %Q_reload_read, i32 0, i32 0, i32 %Q_1_reload_read, i32 0, i32 0, i3 %select_ln154" [ekf_core.cpp:74->ekf_core.cpp:162]   --->   Operation 189 'mux' 'tmp_13' <Predicate = (!icmp_ln73)> <Delay = 0.62> <CoreInst = "Multiplexer">   --->   Core 76 'Multiplexer' <Latency = 0> <II = 1> <Delay = 0.62> <FuncUnit> <Opcode : 'mux'> <InPorts = 2> <OutPorts = 1>
ST_1 : Operation 190 [1/1] (0.62ns)   --->   "%tmp_14 = mux i32 @_ssdm_op_Mux.ap_auto.6f32.i3, i32 0, i32 %Q_2_reload_read, i32 0, i32 0, i32 %Q_3_reload_read, i32 0, i3 %select_ln154" [ekf_core.cpp:74->ekf_core.cpp:162]   --->   Operation 190 'mux' 'tmp_14' <Predicate = (!icmp_ln73)> <Delay = 0.62> <CoreInst = "Multiplexer">   --->   Core 76 'Multiplexer' <Latency = 0> <II = 1> <Delay = 0.62> <FuncUnit> <Opcode : 'mux'> <InPorts = 2> <OutPorts = 1>
ST_1 : Operation 191 [1/1] (0.62ns)   --->   "%tmp_15 = mux i32 @_ssdm_op_Mux.ap_auto.6f32.i3, i32 0, i32 0, i32 %Q_4_reload_read, i32 0, i32 0, i32 %Q_5_reload_read, i3 %select_ln154" [ekf_core.cpp:74->ekf_core.cpp:162]   --->   Operation 191 'mux' 'tmp_15' <Predicate = (!icmp_ln73)> <Delay = 0.62> <CoreInst = "Multiplexer">   --->   Core 76 'Multiplexer' <Latency = 0> <II = 1> <Delay = 0.62> <FuncUnit> <Opcode : 'mux'> <InPorts = 2> <OutPorts = 1>
ST_1 : Operation 192 [1/1] (0.62ns)   --->   "%tmp_16 = mux i32 @_ssdm_op_Mux.ap_auto.6f32.i3, i32 %Q_6_reload_read, i32 0, i32 0, i32 %Q_7_reload_read, i32 0, i32 0, i3 %select_ln154" [ekf_core.cpp:74->ekf_core.cpp:162]   --->   Operation 192 'mux' 'tmp_16' <Predicate = (!icmp_ln73)> <Delay = 0.62> <CoreInst = "Multiplexer">   --->   Core 76 'Multiplexer' <Latency = 0> <II = 1> <Delay = 0.62> <FuncUnit> <Opcode : 'mux'> <InPorts = 2> <OutPorts = 1>
ST_1 : Operation 193 [1/1] (0.62ns)   --->   "%tmp_17 = mux i32 @_ssdm_op_Mux.ap_auto.6f32.i3, i32 0, i32 %Q_8_reload_read, i32 0, i32 0, i32 %Q_9_reload_read, i32 0, i3 %select_ln154" [ekf_core.cpp:74->ekf_core.cpp:162]   --->   Operation 193 'mux' 'tmp_17' <Predicate = (!icmp_ln73)> <Delay = 0.62> <CoreInst = "Multiplexer">   --->   Core 76 'Multiplexer' <Latency = 0> <II = 1> <Delay = 0.62> <FuncUnit> <Opcode : 'mux'> <InPorts = 2> <OutPorts = 1>
ST_1 : Operation 194 [1/1] (0.62ns)   --->   "%tmp_18 = mux i32 @_ssdm_op_Mux.ap_auto.6f32.i3, i32 0, i32 0, i32 %Q_10_reload_read, i32 0, i32 0, i32 %Q_11_reload_read, i3 %select_ln154" [ekf_core.cpp:74->ekf_core.cpp:162]   --->   Operation 194 'mux' 'tmp_18' <Predicate = (!icmp_ln73)> <Delay = 0.62> <CoreInst = "Multiplexer">   --->   Core 76 'Multiplexer' <Latency = 0> <II = 1> <Delay = 0.62> <FuncUnit> <Opcode : 'mux'> <InPorts = 2> <OutPorts = 1>
ST_1 : Operation 195 [1/1] (0.62ns)   --->   "%tmp_19 = mux i32 @_ssdm_op_Mux.ap_auto.6f32.i3, i32 %tmp_13, i32 %tmp_14, i32 %tmp_15, i32 %tmp_16, i32 %tmp_17, i32 %tmp_18, i3 %select_ln73" [ekf_core.cpp:74->ekf_core.cpp:162]   --->   Operation 195 'mux' 'tmp_19' <Predicate = (!icmp_ln73)> <Delay = 0.62> <CoreInst = "Multiplexer">   --->   Core 76 'Multiplexer' <Latency = 0> <II = 1> <Delay = 0.62> <FuncUnit> <Opcode : 'mux'> <InPorts = 2> <OutPorts = 1>
ST_1 : Operation 196 [1/1] (0.73ns)   --->   "%switch_ln74 = switch i3 %select_ln73, void %arrayidx557.i85.case.5, i3 0, void %arrayidx557.i85.case.0, i3 1, void %arrayidx557.i85.case.1, i3 2, void %arrayidx557.i85.case.2, i3 3, void %arrayidx557.i85.case.3, i3 4, void %arrayidx557.i85.case.4" [ekf_core.cpp:74->ekf_core.cpp:162]   --->   Operation 196 'switch' 'switch_ln74' <Predicate = (!icmp_ln73)> <Delay = 0.73>
ST_1 : Operation 197 [1/1] (0.73ns)   --->   "%switch_ln74 = switch i3 %select_ln154, void %arrayidx557.i85.case.51293, i3 0, void %arrayidx557.i85.case.4.arrayidx557.i85.exit_crit_edge89, i3 1, void %arrayidx557.i85.case.11289, i3 2, void %arrayidx557.i85.case.21290, i3 3, void %arrayidx557.i85.case.31291, i3 4, void %arrayidx557.i85.case.4.arrayidx557.i85.exit_crit_edge" [ekf_core.cpp:74->ekf_core.cpp:162]   --->   Operation 197 'switch' 'switch_ln74' <Predicate = (!icmp_ln73 & select_ln73 == 4)> <Delay = 0.73>
ST_1 : Operation 198 [1/1] (0.73ns)   --->   "%switch_ln74 = switch i3 %select_ln154, void %arrayidx557.i85.case.51285, i3 0, void %arrayidx557.i85.case.3.arrayidx557.i85.exit_crit_edge88, i3 1, void %arrayidx557.i85.case.11281, i3 2, void %arrayidx557.i85.case.21282, i3 3, void %arrayidx557.i85.case.31283, i3 4, void %arrayidx557.i85.case.3.arrayidx557.i85.exit_crit_edge" [ekf_core.cpp:74->ekf_core.cpp:162]   --->   Operation 198 'switch' 'switch_ln74' <Predicate = (!icmp_ln73 & select_ln73 == 3)> <Delay = 0.73>
ST_1 : Operation 199 [1/1] (0.73ns)   --->   "%switch_ln74 = switch i3 %select_ln154, void %arrayidx557.i85.case.51277, i3 0, void %arrayidx557.i85.case.2.arrayidx557.i85.exit_crit_edge85, i3 1, void %arrayidx557.i85.case.11273, i3 2, void %arrayidx557.i85.case.21274, i3 3, void %arrayidx557.i85.case.31275, i3 4, void %arrayidx557.i85.case.2.arrayidx557.i85.exit_crit_edge" [ekf_core.cpp:74->ekf_core.cpp:162]   --->   Operation 199 'switch' 'switch_ln74' <Predicate = (!icmp_ln73 & select_ln73 == 2)> <Delay = 0.73>
ST_1 : Operation 200 [1/1] (0.73ns)   --->   "%switch_ln74 = switch i3 %select_ln154, void %arrayidx557.i85.case.51269, i3 0, void %arrayidx557.i85.case.1.arrayidx557.i85.exit_crit_edge86, i3 1, void %arrayidx557.i85.case.11265, i3 2, void %arrayidx557.i85.case.21266, i3 3, void %arrayidx557.i85.case.31267, i3 4, void %arrayidx557.i85.case.1.arrayidx557.i85.exit_crit_edge" [ekf_core.cpp:74->ekf_core.cpp:162]   --->   Operation 200 'switch' 'switch_ln74' <Predicate = (!icmp_ln73 & select_ln73 == 1)> <Delay = 0.73>
ST_1 : Operation 201 [1/1] (0.73ns)   --->   "%switch_ln74 = switch i3 %select_ln154, void %arrayidx557.i85.case.51261, i3 0, void %arrayidx557.i85.case.0.arrayidx557.i85.exit_crit_edge87, i3 1, void %arrayidx557.i85.case.11257, i3 2, void %arrayidx557.i85.case.21258, i3 3, void %arrayidx557.i85.case.31259, i3 4, void %arrayidx557.i85.case.0.arrayidx557.i85.exit_crit_edge" [ekf_core.cpp:74->ekf_core.cpp:162]   --->   Operation 201 'switch' 'switch_ln74' <Predicate = (!icmp_ln73 & select_ln73 == 0)> <Delay = 0.73>
ST_1 : Operation 202 [1/1] (0.73ns)   --->   "%switch_ln74 = switch i3 %select_ln154, void %arrayidx557.i85.case.51301, i3 0, void %arrayidx557.i85.case.5.arrayidx557.i85.exit_crit_edge90, i3 1, void %arrayidx557.i85.case.11297, i3 2, void %arrayidx557.i85.case.21298, i3 3, void %arrayidx557.i85.case.31299, i3 4, void %arrayidx557.i85.case.5.arrayidx557.i85.exit_crit_edge" [ekf_core.cpp:74->ekf_core.cpp:162]   --->   Operation 202 'switch' 'switch_ln74' <Predicate = (!icmp_ln73 & select_ln73 != 0 & select_ln73 != 1 & select_ln73 != 2 & select_ln73 != 3 & select_ln73 != 4)> <Delay = 0.73>
ST_1 : Operation 203 [1/1] (0.67ns)   --->   "%add_ln74 = add i3 %select_ln154, i3 1" [ekf_core.cpp:74->ekf_core.cpp:162]   --->   Operation 203 'add' 'add_ln74' <Predicate = (!icmp_ln73)> <Delay = 0.67> <CoreInst = "Adder">   --->   Core 1 'Adder' <Latency = 0> <II = 1> <Delay = 0.67> <FuncUnit> <Opcode : 'add' 'sub'> <InPorts = 2> <OutPorts = 1>
ST_1 : Operation 204 [1/1] (0.42ns)   --->   "%store_ln74 = store i6 %add_ln73, i6 %indvar_flatten27" [ekf_core.cpp:74->ekf_core.cpp:162]   --->   Operation 204 'store' 'store_ln74' <Predicate = (!icmp_ln73)> <Delay = 0.42>
ST_1 : Operation 205 [1/1] (0.42ns)   --->   "%store_ln74 = store i3 %select_ln73, i3 %i" [ekf_core.cpp:74->ekf_core.cpp:162]   --->   Operation 205 'store' 'store_ln74' <Predicate = (!icmp_ln73)> <Delay = 0.42>
ST_1 : Operation 206 [1/1] (0.42ns)   --->   "%store_ln74 = store i3 %add_ln74, i3 %j" [ekf_core.cpp:74->ekf_core.cpp:162]   --->   Operation 206 'store' 'store_ln74' <Predicate = (!icmp_ln73)> <Delay = 0.42>
ST_1 : Operation 207 [1/1] (0.00ns)   --->   "%br_ln74 = br void %for.body42.i" [ekf_core.cpp:74->ekf_core.cpp:162]   --->   Operation 207 'br' 'br_ln74' <Predicate = (!icmp_ln73)> <Delay = 0.00>

State 2 <SV = 1> <Delay = 6.43>
ST_2 : [1/1] (1.04ns)   --->   Input mux for Operation 208 '%P_36 = fadd i32 %tmp_12, i32 %tmp_19'
ST_2 : Operation 208 [4/4] (5.38ns)   --->   "%P_36 = fadd i32 %tmp_12, i32 %tmp_19" [ekf_core.cpp:74->ekf_core.cpp:162]   --->   Operation 208 'fadd' 'P_36' <Predicate = true> <Delay = 5.38> <CoreInst = "FAddSub_fulldsp">   --->   Core 18 'FAddSub_fulldsp' <Latency = 3> <II = 1> <Delay = 6.43> <FuncUnit> <Opcode : 'fadd' 'fsub'> <InPorts = 2> <OutPorts = 1>

State 3 <SV = 2> <Delay = 6.43>
ST_3 : Operation 209 [3/4] (6.43ns)   --->   "%P_36 = fadd i32 %tmp_12, i32 %tmp_19" [ekf_core.cpp:74->ekf_core.cpp:162]   --->   Operation 209 'fadd' 'P_36' <Predicate = true> <Delay = 6.43> <CoreInst = "FAddSub_fulldsp">   --->   Core 18 'FAddSub_fulldsp' <Latency = 3> <II = 1> <Delay = 6.43> <FuncUnit> <Opcode : 'fadd' 'fsub'> <InPorts = 2> <OutPorts = 1>

State 4 <SV = 3> <Delay = 6.43>
ST_4 : Operation 210 [2/4] (6.43ns)   --->   "%P_36 = fadd i32 %tmp_12, i32 %tmp_19" [ekf_core.cpp:74->ekf_core.cpp:162]   --->   Operation 210 'fadd' 'P_36' <Predicate = true> <Delay = 6.43> <CoreInst = "FAddSub_fulldsp">   --->   Core 18 'FAddSub_fulldsp' <Latency = 3> <II = 1> <Delay = 6.43> <FuncUnit> <Opcode : 'fadd' 'fsub'> <InPorts = 2> <OutPorts = 1>
ST_4 : Operation 288 [1/1] (0.00ns)   --->   "%P_load = load i32 %P"   --->   Operation 288 'load' 'P_load' <Predicate = (icmp_ln73)> <Delay = 0.00>
ST_4 : Operation 289 [1/1] (0.00ns)   --->   "%P_1_load = load i32 %P_1"   --->   Operation 289 'load' 'P_1_load' <Predicate = (icmp_ln73)> <Delay = 0.00>
ST_4 : Operation 290 [1/1] (0.00ns)   --->   "%P_2_load = load i32 %P_2"   --->   Operation 290 'load' 'P_2_load' <Predicate = (icmp_ln73)> <Delay = 0.00>
ST_4 : Operation 291 [1/1] (0.00ns)   --->   "%P_3_load = load i32 %P_3"   --->   Operation 291 'load' 'P_3_load' <Predicate = (icmp_ln73)> <Delay = 0.00>
ST_4 : Operation 292 [1/1] (0.00ns)   --->   "%P_4_load = load i32 %P_4"   --->   Operation 292 'load' 'P_4_load' <Predicate = (icmp_ln73)> <Delay = 0.00>
ST_4 : Operation 293 [1/1] (0.00ns)   --->   "%P_5_load = load i32 %P_5"   --->   Operation 293 'load' 'P_5_load' <Predicate = (icmp_ln73)> <Delay = 0.00>
ST_4 : Operation 294 [1/1] (0.00ns)   --->   "%P_6_load = load i32 %P_6"   --->   Operation 294 'load' 'P_6_load' <Predicate = (icmp_ln73)> <Delay = 0.00>
ST_4 : Operation 295 [1/1] (0.00ns)   --->   "%P_7_load = load i32 %P_7"   --->   Operation 295 'load' 'P_7_load' <Predicate = (icmp_ln73)> <Delay = 0.00>
ST_4 : Operation 296 [1/1] (0.00ns)   --->   "%P_8_load = load i32 %P_8"   --->   Operation 296 'load' 'P_8_load' <Predicate = (icmp_ln73)> <Delay = 0.00>
ST_4 : Operation 297 [1/1] (0.00ns)   --->   "%P_9_load = load i32 %P_9"   --->   Operation 297 'load' 'P_9_load' <Predicate = (icmp_ln73)> <Delay = 0.00>
ST_4 : Operation 298 [1/1] (0.00ns)   --->   "%P_10_load = load i32 %P_10"   --->   Operation 298 'load' 'P_10_load' <Predicate = (icmp_ln73)> <Delay = 0.00>
ST_4 : Operation 299 [1/1] (0.00ns)   --->   "%P_11_load = load i32 %P_11"   --->   Operation 299 'load' 'P_11_load' <Predicate = (icmp_ln73)> <Delay = 0.00>
ST_4 : Operation 300 [1/1] (0.00ns)   --->   "%P_12_load = load i32 %P_12"   --->   Operation 300 'load' 'P_12_load' <Predicate = (icmp_ln73)> <Delay = 0.00>
ST_4 : Operation 301 [1/1] (0.00ns)   --->   "%P_13_load = load i32 %P_13"   --->   Operation 301 'load' 'P_13_load' <Predicate = (icmp_ln73)> <Delay = 0.00>
ST_4 : Operation 302 [1/1] (0.00ns)   --->   "%P_14_load = load i32 %P_14"   --->   Operation 302 'load' 'P_14_load' <Predicate = (icmp_ln73)> <Delay = 0.00>
ST_4 : Operation 303 [1/1] (0.00ns)   --->   "%P_15_load = load i32 %P_15"   --->   Operation 303 'load' 'P_15_load' <Predicate = (icmp_ln73)> <Delay = 0.00>
ST_4 : Operation 304 [1/1] (0.00ns)   --->   "%P_16_load = load i32 %P_16"   --->   Operation 304 'load' 'P_16_load' <Predicate = (icmp_ln73)> <Delay = 0.00>
ST_4 : Operation 305 [1/1] (0.00ns)   --->   "%P_17_load = load i32 %P_17"   --->   Operation 305 'load' 'P_17_load' <Predicate = (icmp_ln73)> <Delay = 0.00>
ST_4 : Operation 306 [1/1] (0.00ns)   --->   "%P_18_load = load i32 %P_18"   --->   Operation 306 'load' 'P_18_load' <Predicate = (icmp_ln73)> <Delay = 0.00>
ST_4 : Operation 307 [1/1] (0.00ns)   --->   "%P_19_load = load i32 %P_19"   --->   Operation 307 'load' 'P_19_load' <Predicate = (icmp_ln73)> <Delay = 0.00>
ST_4 : Operation 308 [1/1] (0.00ns)   --->   "%P_20_load = load i32 %P_20"   --->   Operation 308 'load' 'P_20_load' <Predicate = (icmp_ln73)> <Delay = 0.00>
ST_4 : Operation 309 [1/1] (0.00ns)   --->   "%P_21_load = load i32 %P_21"   --->   Operation 309 'load' 'P_21_load' <Predicate = (icmp_ln73)> <Delay = 0.00>
ST_4 : Operation 310 [1/1] (0.00ns)   --->   "%P_22_load = load i32 %P_22"   --->   Operation 310 'load' 'P_22_load' <Predicate = (icmp_ln73)> <Delay = 0.00>
ST_4 : Operation 311 [1/1] (0.00ns)   --->   "%P_23_load = load i32 %P_23"   --->   Operation 311 'load' 'P_23_load' <Predicate = (icmp_ln73)> <Delay = 0.00>
ST_4 : Operation 312 [1/1] (0.00ns)   --->   "%P_24_load = load i32 %P_24"   --->   Operation 312 'load' 'P_24_load' <Predicate = (icmp_ln73)> <Delay = 0.00>
ST_4 : Operation 313 [1/1] (0.00ns)   --->   "%P_25_load = load i32 %P_25"   --->   Operation 313 'load' 'P_25_load' <Predicate = (icmp_ln73)> <Delay = 0.00>
ST_4 : Operation 314 [1/1] (0.00ns)   --->   "%P_26_load = load i32 %P_26"   --->   Operation 314 'load' 'P_26_load' <Predicate = (icmp_ln73)> <Delay = 0.00>
ST_4 : Operation 315 [1/1] (0.00ns)   --->   "%P_27_load = load i32 %P_27"   --->   Operation 315 'load' 'P_27_load' <Predicate = (icmp_ln73)> <Delay = 0.00>
ST_4 : Operation 316 [1/1] (0.00ns)   --->   "%P_28_load = load i32 %P_28"   --->   Operation 316 'load' 'P_28_load' <Predicate = (icmp_ln73)> <Delay = 0.00>
ST_4 : Operation 317 [1/1] (0.00ns)   --->   "%P_29_load = load i32 %P_29"   --->   Operation 317 'load' 'P_29_load' <Predicate = (icmp_ln73)> <Delay = 0.00>
ST_4 : Operation 318 [1/1] (0.00ns)   --->   "%P_30_load = load i32 %P_30"   --->   Operation 318 'load' 'P_30_load' <Predicate = (icmp_ln73)> <Delay = 0.00>
ST_4 : Operation 319 [1/1] (0.00ns)   --->   "%P_31_load = load i32 %P_31"   --->   Operation 319 'load' 'P_31_load' <Predicate = (icmp_ln73)> <Delay = 0.00>
ST_4 : Operation 320 [1/1] (0.00ns)   --->   "%P_32_load = load i32 %P_32"   --->   Operation 320 'load' 'P_32_load' <Predicate = (icmp_ln73)> <Delay = 0.00>
ST_4 : Operation 321 [1/1] (0.00ns)   --->   "%P_33_load = load i32 %P_33"   --->   Operation 321 'load' 'P_33_load' <Predicate = (icmp_ln73)> <Delay = 0.00>
ST_4 : Operation 322 [1/1] (0.00ns)   --->   "%P_34_load = load i32 %P_34"   --->   Operation 322 'load' 'P_34_load' <Predicate = (icmp_ln73)> <Delay = 0.00>
ST_4 : Operation 323 [1/1] (0.00ns)   --->   "%P_35_load = load i32 %P_35"   --->   Operation 323 'load' 'P_35_load' <Predicate = (icmp_ln73)> <Delay = 0.00>
ST_4 : Operation 324 [1/1] (0.00ns)   --->   "%write_ln0 = write void @_ssdm_op_Write.ap_auto.floatP0A, i32 %P_108_out, i32 %P_35_load"   --->   Operation 324 'write' 'write_ln0' <Predicate = (icmp_ln73)> <Delay = 0.00>
ST_4 : Operation 325 [1/1] (0.00ns)   --->   "%write_ln0 = write void @_ssdm_op_Write.ap_auto.floatP0A, i32 %P_107_out, i32 %P_34_load"   --->   Operation 325 'write' 'write_ln0' <Predicate = (icmp_ln73)> <Delay = 0.00>
ST_4 : Operation 326 [1/1] (0.00ns)   --->   "%write_ln0 = write void @_ssdm_op_Write.ap_auto.floatP0A, i32 %P_106_out, i32 %P_33_load"   --->   Operation 326 'write' 'write_ln0' <Predicate = (icmp_ln73)> <Delay = 0.00>
ST_4 : Operation 327 [1/1] (0.00ns)   --->   "%write_ln0 = write void @_ssdm_op_Write.ap_auto.floatP0A, i32 %P_105_out, i32 %P_32_load"   --->   Operation 327 'write' 'write_ln0' <Predicate = (icmp_ln73)> <Delay = 0.00>
ST_4 : Operation 328 [1/1] (0.00ns)   --->   "%write_ln0 = write void @_ssdm_op_Write.ap_auto.floatP0A, i32 %P_104_out, i32 %P_31_load"   --->   Operation 328 'write' 'write_ln0' <Predicate = (icmp_ln73)> <Delay = 0.00>
ST_4 : Operation 329 [1/1] (0.00ns)   --->   "%write_ln0 = write void @_ssdm_op_Write.ap_auto.floatP0A, i32 %P_103_out, i32 %P_30_load"   --->   Operation 329 'write' 'write_ln0' <Predicate = (icmp_ln73)> <Delay = 0.00>
ST_4 : Operation 330 [1/1] (0.00ns)   --->   "%write_ln0 = write void @_ssdm_op_Write.ap_auto.floatP0A, i32 %P_102_out, i32 %P_29_load"   --->   Operation 330 'write' 'write_ln0' <Predicate = (icmp_ln73)> <Delay = 0.00>
ST_4 : Operation 331 [1/1] (0.00ns)   --->   "%write_ln0 = write void @_ssdm_op_Write.ap_auto.floatP0A, i32 %P_101_out, i32 %P_28_load"   --->   Operation 331 'write' 'write_ln0' <Predicate = (icmp_ln73)> <Delay = 0.00>
ST_4 : Operation 332 [1/1] (0.00ns)   --->   "%write_ln0 = write void @_ssdm_op_Write.ap_auto.floatP0A, i32 %P_100_out, i32 %P_27_load"   --->   Operation 332 'write' 'write_ln0' <Predicate = (icmp_ln73)> <Delay = 0.00>
ST_4 : Operation 333 [1/1] (0.00ns)   --->   "%write_ln0 = write void @_ssdm_op_Write.ap_auto.floatP0A, i32 %P_99_out, i32 %P_26_load"   --->   Operation 333 'write' 'write_ln0' <Predicate = (icmp_ln73)> <Delay = 0.00>
ST_4 : Operation 334 [1/1] (0.00ns)   --->   "%write_ln0 = write void @_ssdm_op_Write.ap_auto.floatP0A, i32 %P_98_out, i32 %P_25_load"   --->   Operation 334 'write' 'write_ln0' <Predicate = (icmp_ln73)> <Delay = 0.00>
ST_4 : Operation 335 [1/1] (0.00ns)   --->   "%write_ln0 = write void @_ssdm_op_Write.ap_auto.floatP0A, i32 %P_97_out, i32 %P_24_load"   --->   Operation 335 'write' 'write_ln0' <Predicate = (icmp_ln73)> <Delay = 0.00>
ST_4 : Operation 336 [1/1] (0.00ns)   --->   "%write_ln0 = write void @_ssdm_op_Write.ap_auto.floatP0A, i32 %P_96_out, i32 %P_23_load"   --->   Operation 336 'write' 'write_ln0' <Predicate = (icmp_ln73)> <Delay = 0.00>
ST_4 : Operation 337 [1/1] (0.00ns)   --->   "%write_ln0 = write void @_ssdm_op_Write.ap_auto.floatP0A, i32 %P_95_out, i32 %P_22_load"   --->   Operation 337 'write' 'write_ln0' <Predicate = (icmp_ln73)> <Delay = 0.00>
ST_4 : Operation 338 [1/1] (0.00ns)   --->   "%write_ln0 = write void @_ssdm_op_Write.ap_auto.floatP0A, i32 %P_94_out, i32 %P_21_load"   --->   Operation 338 'write' 'write_ln0' <Predicate = (icmp_ln73)> <Delay = 0.00>
ST_4 : Operation 339 [1/1] (0.00ns)   --->   "%write_ln0 = write void @_ssdm_op_Write.ap_auto.floatP0A, i32 %P_93_out, i32 %P_20_load"   --->   Operation 339 'write' 'write_ln0' <Predicate = (icmp_ln73)> <Delay = 0.00>
ST_4 : Operation 340 [1/1] (0.00ns)   --->   "%write_ln0 = write void @_ssdm_op_Write.ap_auto.floatP0A, i32 %P_92_out, i32 %P_19_load"   --->   Operation 340 'write' 'write_ln0' <Predicate = (icmp_ln73)> <Delay = 0.00>
ST_4 : Operation 341 [1/1] (0.00ns)   --->   "%write_ln0 = write void @_ssdm_op_Write.ap_auto.floatP0A, i32 %P_91_out, i32 %P_18_load"   --->   Operation 341 'write' 'write_ln0' <Predicate = (icmp_ln73)> <Delay = 0.00>
ST_4 : Operation 342 [1/1] (0.00ns)   --->   "%write_ln0 = write void @_ssdm_op_Write.ap_auto.floatP0A, i32 %P_90_out, i32 %P_17_load"   --->   Operation 342 'write' 'write_ln0' <Predicate = (icmp_ln73)> <Delay = 0.00>
ST_4 : Operation 343 [1/1] (0.00ns)   --->   "%write_ln0 = write void @_ssdm_op_Write.ap_auto.floatP0A, i32 %P_89_out, i32 %P_16_load"   --->   Operation 343 'write' 'write_ln0' <Predicate = (icmp_ln73)> <Delay = 0.00>
ST_4 : Operation 344 [1/1] (0.00ns)   --->   "%write_ln0 = write void @_ssdm_op_Write.ap_auto.floatP0A, i32 %P_88_out, i32 %P_15_load"   --->   Operation 344 'write' 'write_ln0' <Predicate = (icmp_ln73)> <Delay = 0.00>
ST_4 : Operation 345 [1/1] (0.00ns)   --->   "%write_ln0 = write void @_ssdm_op_Write.ap_auto.floatP0A, i32 %P_87_out, i32 %P_14_load"   --->   Operation 345 'write' 'write_ln0' <Predicate = (icmp_ln73)> <Delay = 0.00>
ST_4 : Operation 346 [1/1] (0.00ns)   --->   "%write_ln0 = write void @_ssdm_op_Write.ap_auto.floatP0A, i32 %P_86_out, i32 %P_13_load"   --->   Operation 346 'write' 'write_ln0' <Predicate = (icmp_ln73)> <Delay = 0.00>
ST_4 : Operation 347 [1/1] (0.00ns)   --->   "%write_ln0 = write void @_ssdm_op_Write.ap_auto.floatP0A, i32 %P_85_out, i32 %P_12_load"   --->   Operation 347 'write' 'write_ln0' <Predicate = (icmp_ln73)> <Delay = 0.00>
ST_4 : Operation 348 [1/1] (0.00ns)   --->   "%write_ln0 = write void @_ssdm_op_Write.ap_auto.floatP0A, i32 %P_84_out, i32 %P_11_load"   --->   Operation 348 'write' 'write_ln0' <Predicate = (icmp_ln73)> <Delay = 0.00>
ST_4 : Operation 349 [1/1] (0.00ns)   --->   "%write_ln0 = write void @_ssdm_op_Write.ap_auto.floatP0A, i32 %P_83_out, i32 %P_10_load"   --->   Operation 349 'write' 'write_ln0' <Predicate = (icmp_ln73)> <Delay = 0.00>
ST_4 : Operation 350 [1/1] (0.00ns)   --->   "%write_ln0 = write void @_ssdm_op_Write.ap_auto.floatP0A, i32 %P_82_out, i32 %P_9_load"   --->   Operation 350 'write' 'write_ln0' <Predicate = (icmp_ln73)> <Delay = 0.00>
ST_4 : Operation 351 [1/1] (0.00ns)   --->   "%write_ln0 = write void @_ssdm_op_Write.ap_auto.floatP0A, i32 %P_81_out, i32 %P_8_load"   --->   Operation 351 'write' 'write_ln0' <Predicate = (icmp_ln73)> <Delay = 0.00>
ST_4 : Operation 352 [1/1] (0.00ns)   --->   "%write_ln0 = write void @_ssdm_op_Write.ap_auto.floatP0A, i32 %P_80_out, i32 %P_7_load"   --->   Operation 352 'write' 'write_ln0' <Predicate = (icmp_ln73)> <Delay = 0.00>
ST_4 : Operation 353 [1/1] (0.00ns)   --->   "%write_ln0 = write void @_ssdm_op_Write.ap_auto.floatP0A, i32 %P_79_out, i32 %P_6_load"   --->   Operation 353 'write' 'write_ln0' <Predicate = (icmp_ln73)> <Delay = 0.00>
ST_4 : Operation 354 [1/1] (0.00ns)   --->   "%write_ln0 = write void @_ssdm_op_Write.ap_auto.floatP0A, i32 %P_78_out, i32 %P_5_load"   --->   Operation 354 'write' 'write_ln0' <Predicate = (icmp_ln73)> <Delay = 0.00>
ST_4 : Operation 355 [1/1] (0.00ns)   --->   "%write_ln0 = write void @_ssdm_op_Write.ap_auto.floatP0A, i32 %P_77_out, i32 %P_4_load"   --->   Operation 355 'write' 'write_ln0' <Predicate = (icmp_ln73)> <Delay = 0.00>
ST_4 : Operation 356 [1/1] (0.00ns)   --->   "%write_ln0 = write void @_ssdm_op_Write.ap_auto.floatP0A, i32 %P_76_out, i32 %P_3_load"   --->   Operation 356 'write' 'write_ln0' <Predicate = (icmp_ln73)> <Delay = 0.00>
ST_4 : Operation 357 [1/1] (0.00ns)   --->   "%write_ln0 = write void @_ssdm_op_Write.ap_auto.floatP0A, i32 %P_75_out, i32 %P_2_load"   --->   Operation 357 'write' 'write_ln0' <Predicate = (icmp_ln73)> <Delay = 0.00>
ST_4 : Operation 358 [1/1] (0.00ns)   --->   "%write_ln0 = write void @_ssdm_op_Write.ap_auto.floatP0A, i32 %P_74_out, i32 %P_1_load"   --->   Operation 358 'write' 'write_ln0' <Predicate = (icmp_ln73)> <Delay = 0.00>
ST_4 : Operation 359 [1/1] (0.00ns)   --->   "%write_ln0 = write void @_ssdm_op_Write.ap_auto.floatP0A, i32 %P_73_out, i32 %P_load"   --->   Operation 359 'write' 'write_ln0' <Predicate = (icmp_ln73)> <Delay = 0.00>
ST_4 : Operation 360 [1/1] (0.00ns)   --->   "%ret_ln0 = ret"   --->   Operation 360 'ret' 'ret_ln0' <Predicate = (icmp_ln73)> <Delay = 0.00>

State 5 <SV = 4> <Delay = 6.86>
ST_5 : Operation 211 [1/1] (0.00ns)   --->   "%specloopname_ln0 = specloopname void @_ssdm_op_SpecLoopName, void @VITIS_LOOP_73_4_VITIS_LOOP_74_5_str"   --->   Operation 211 'specloopname' 'specloopname_ln0' <Predicate = true> <Delay = 0.00>
ST_5 : Operation 212 [1/1] (0.00ns)   --->   "%speclooptripcount_ln0 = speclooptripcount void @_ssdm_op_SpecLoopTripCount, i64 36, i64 36, i64 36"   --->   Operation 212 'speclooptripcount' 'speclooptripcount_ln0' <Predicate = true> <Delay = 0.00>
ST_5 : Operation 213 [1/1] (0.00ns)   --->   "%specpipeline_ln0 = specpipeline void @_ssdm_op_SpecPipeline, i32 4294967295, i32 0, i32 1, i32 0, void @p_str"   --->   Operation 213 'specpipeline' 'specpipeline_ln0' <Predicate = true> <Delay = 0.00>
ST_5 : Operation 214 [1/1] (0.00ns)   --->   "%specloopname_ln74 = specloopname void @_ssdm_op_SpecLoopName, void @empty_12" [ekf_core.cpp:74->ekf_core.cpp:162]   --->   Operation 214 'specloopname' 'specloopname_ln74' <Predicate = true> <Delay = 0.00>
ST_5 : Operation 215 [1/4] (6.43ns)   --->   "%P_36 = fadd i32 %tmp_12, i32 %tmp_19" [ekf_core.cpp:74->ekf_core.cpp:162]   --->   Operation 215 'fadd' 'P_36' <Predicate = true> <Delay = 6.43> <CoreInst = "FAddSub_fulldsp">   --->   Core 18 'FAddSub_fulldsp' <Latency = 3> <II = 1> <Delay = 6.43> <FuncUnit> <Opcode : 'fadd' 'fsub'> <InPorts = 2> <OutPorts = 1>
ST_5 : Operation 216 [1/1] (0.42ns)   --->   "%store_ln74 = store i32 %P_36, i32 %P_7" [ekf_core.cpp:74->ekf_core.cpp:162]   --->   Operation 216 'store' 'store_ln74' <Predicate = (select_ln73 == 4 & select_ln154 == 4)> <Delay = 0.42>
ST_5 : Operation 217 [1/1] (0.00ns)   --->   "%br_ln74 = br void %arrayidx557.i85.exit" [ekf_core.cpp:74->ekf_core.cpp:162]   --->   Operation 217 'br' 'br_ln74' <Predicate = (select_ln73 == 4 & select_ln154 == 4)> <Delay = 0.00>
ST_5 : Operation 218 [1/1] (0.42ns)   --->   "%store_ln74 = store i32 %P_36, i32 %P_8" [ekf_core.cpp:74->ekf_core.cpp:162]   --->   Operation 218 'store' 'store_ln74' <Predicate = (select_ln73 == 4 & select_ln154 == 3)> <Delay = 0.42>
ST_5 : Operation 219 [1/1] (0.00ns)   --->   "%br_ln74 = br void %arrayidx557.i85.exit" [ekf_core.cpp:74->ekf_core.cpp:162]   --->   Operation 219 'br' 'br_ln74' <Predicate = (select_ln73 == 4 & select_ln154 == 3)> <Delay = 0.00>
ST_5 : Operation 220 [1/1] (0.42ns)   --->   "%store_ln74 = store i32 %P_36, i32 %P_9" [ekf_core.cpp:74->ekf_core.cpp:162]   --->   Operation 220 'store' 'store_ln74' <Predicate = (select_ln73 == 4 & select_ln154 == 2)> <Delay = 0.42>
ST_5 : Operation 221 [1/1] (0.00ns)   --->   "%br_ln74 = br void %arrayidx557.i85.exit" [ekf_core.cpp:74->ekf_core.cpp:162]   --->   Operation 221 'br' 'br_ln74' <Predicate = (select_ln73 == 4 & select_ln154 == 2)> <Delay = 0.00>
ST_5 : Operation 222 [1/1] (0.42ns)   --->   "%store_ln74 = store i32 %P_36, i32 %P_10" [ekf_core.cpp:74->ekf_core.cpp:162]   --->   Operation 222 'store' 'store_ln74' <Predicate = (select_ln73 == 4 & select_ln154 == 1)> <Delay = 0.42>
ST_5 : Operation 223 [1/1] (0.00ns)   --->   "%br_ln74 = br void %arrayidx557.i85.exit" [ekf_core.cpp:74->ekf_core.cpp:162]   --->   Operation 223 'br' 'br_ln74' <Predicate = (select_ln73 == 4 & select_ln154 == 1)> <Delay = 0.00>
ST_5 : Operation 224 [1/1] (0.42ns)   --->   "%store_ln74 = store i32 %P_36, i32 %P_11" [ekf_core.cpp:74->ekf_core.cpp:162]   --->   Operation 224 'store' 'store_ln74' <Predicate = (select_ln73 == 4 & select_ln154 == 0)> <Delay = 0.42>
ST_5 : Operation 225 [1/1] (0.00ns)   --->   "%br_ln74 = br void %arrayidx557.i85.exit" [ekf_core.cpp:74->ekf_core.cpp:162]   --->   Operation 225 'br' 'br_ln74' <Predicate = (select_ln73 == 4 & select_ln154 == 0)> <Delay = 0.00>
ST_5 : Operation 226 [1/1] (0.42ns)   --->   "%store_ln74 = store i32 %P_36, i32 %P_6" [ekf_core.cpp:74->ekf_core.cpp:162]   --->   Operation 226 'store' 'store_ln74' <Predicate = (select_ln73 == 4 & select_ln154 != 0 & select_ln154 != 1 & select_ln154 != 2 & select_ln154 != 3 & select_ln154 != 4)> <Delay = 0.42>
ST_5 : Operation 227 [1/1] (0.00ns)   --->   "%br_ln74 = br void %arrayidx557.i85.exit" [ekf_core.cpp:74->ekf_core.cpp:162]   --->   Operation 227 'br' 'br_ln74' <Predicate = (select_ln73 == 4 & select_ln154 != 0 & select_ln154 != 1 & select_ln154 != 2 & select_ln154 != 3 & select_ln154 != 4)> <Delay = 0.00>
ST_5 : Operation 228 [1/1] (0.42ns)   --->   "%store_ln74 = store i32 %P_36, i32 %P_13" [ekf_core.cpp:74->ekf_core.cpp:162]   --->   Operation 228 'store' 'store_ln74' <Predicate = (select_ln73 == 3 & select_ln154 == 4)> <Delay = 0.42>
ST_5 : Operation 229 [1/1] (0.00ns)   --->   "%br_ln74 = br void %arrayidx557.i85.exit" [ekf_core.cpp:74->ekf_core.cpp:162]   --->   Operation 229 'br' 'br_ln74' <Predicate = (select_ln73 == 3 & select_ln154 == 4)> <Delay = 0.00>
ST_5 : Operation 230 [1/1] (0.42ns)   --->   "%store_ln74 = store i32 %P_36, i32 %P_14" [ekf_core.cpp:74->ekf_core.cpp:162]   --->   Operation 230 'store' 'store_ln74' <Predicate = (select_ln73 == 3 & select_ln154 == 3)> <Delay = 0.42>
ST_5 : Operation 231 [1/1] (0.00ns)   --->   "%br_ln74 = br void %arrayidx557.i85.exit" [ekf_core.cpp:74->ekf_core.cpp:162]   --->   Operation 231 'br' 'br_ln74' <Predicate = (select_ln73 == 3 & select_ln154 == 3)> <Delay = 0.00>
ST_5 : Operation 232 [1/1] (0.42ns)   --->   "%store_ln74 = store i32 %P_36, i32 %P_15" [ekf_core.cpp:74->ekf_core.cpp:162]   --->   Operation 232 'store' 'store_ln74' <Predicate = (select_ln73 == 3 & select_ln154 == 2)> <Delay = 0.42>
ST_5 : Operation 233 [1/1] (0.00ns)   --->   "%br_ln74 = br void %arrayidx557.i85.exit" [ekf_core.cpp:74->ekf_core.cpp:162]   --->   Operation 233 'br' 'br_ln74' <Predicate = (select_ln73 == 3 & select_ln154 == 2)> <Delay = 0.00>
ST_5 : Operation 234 [1/1] (0.42ns)   --->   "%store_ln74 = store i32 %P_36, i32 %P_16" [ekf_core.cpp:74->ekf_core.cpp:162]   --->   Operation 234 'store' 'store_ln74' <Predicate = (select_ln73 == 3 & select_ln154 == 1)> <Delay = 0.42>
ST_5 : Operation 235 [1/1] (0.00ns)   --->   "%br_ln74 = br void %arrayidx557.i85.exit" [ekf_core.cpp:74->ekf_core.cpp:162]   --->   Operation 235 'br' 'br_ln74' <Predicate = (select_ln73 == 3 & select_ln154 == 1)> <Delay = 0.00>
ST_5 : Operation 236 [1/1] (0.42ns)   --->   "%store_ln74 = store i32 %P_36, i32 %P_17" [ekf_core.cpp:74->ekf_core.cpp:162]   --->   Operation 236 'store' 'store_ln74' <Predicate = (select_ln73 == 3 & select_ln154 == 0)> <Delay = 0.42>
ST_5 : Operation 237 [1/1] (0.00ns)   --->   "%br_ln74 = br void %arrayidx557.i85.exit" [ekf_core.cpp:74->ekf_core.cpp:162]   --->   Operation 237 'br' 'br_ln74' <Predicate = (select_ln73 == 3 & select_ln154 == 0)> <Delay = 0.00>
ST_5 : Operation 238 [1/1] (0.42ns)   --->   "%store_ln74 = store i32 %P_36, i32 %P_12" [ekf_core.cpp:74->ekf_core.cpp:162]   --->   Operation 238 'store' 'store_ln74' <Predicate = (select_ln73 == 3 & select_ln154 != 0 & select_ln154 != 1 & select_ln154 != 2 & select_ln154 != 3 & select_ln154 != 4)> <Delay = 0.42>
ST_5 : Operation 239 [1/1] (0.00ns)   --->   "%br_ln74 = br void %arrayidx557.i85.exit" [ekf_core.cpp:74->ekf_core.cpp:162]   --->   Operation 239 'br' 'br_ln74' <Predicate = (select_ln73 == 3 & select_ln154 != 0 & select_ln154 != 1 & select_ln154 != 2 & select_ln154 != 3 & select_ln154 != 4)> <Delay = 0.00>
ST_5 : Operation 240 [1/1] (0.42ns)   --->   "%store_ln74 = store i32 %P_36, i32 %P_34" [ekf_core.cpp:74->ekf_core.cpp:162]   --->   Operation 240 'store' 'store_ln74' <Predicate = (select_ln73 == 2 & select_ln154 == 4)> <Delay = 0.42>
ST_5 : Operation 241 [1/1] (0.00ns)   --->   "%br_ln74 = br void %arrayidx557.i85.exit" [ekf_core.cpp:74->ekf_core.cpp:162]   --->   Operation 241 'br' 'br_ln74' <Predicate = (select_ln73 == 2 & select_ln154 == 4)> <Delay = 0.00>
ST_5 : Operation 242 [1/1] (0.42ns)   --->   "%store_ln74 = store i32 %P_36, i32 %P_33" [ekf_core.cpp:74->ekf_core.cpp:162]   --->   Operation 242 'store' 'store_ln74' <Predicate = (select_ln73 == 2 & select_ln154 == 3)> <Delay = 0.42>
ST_5 : Operation 243 [1/1] (0.00ns)   --->   "%br_ln74 = br void %arrayidx557.i85.exit" [ekf_core.cpp:74->ekf_core.cpp:162]   --->   Operation 243 'br' 'br_ln74' <Predicate = (select_ln73 == 2 & select_ln154 == 3)> <Delay = 0.00>
ST_5 : Operation 244 [1/1] (0.42ns)   --->   "%store_ln74 = store i32 %P_36, i32 %P_32" [ekf_core.cpp:74->ekf_core.cpp:162]   --->   Operation 244 'store' 'store_ln74' <Predicate = (select_ln73 == 2 & select_ln154 == 2)> <Delay = 0.42>
ST_5 : Operation 245 [1/1] (0.00ns)   --->   "%br_ln74 = br void %arrayidx557.i85.exit" [ekf_core.cpp:74->ekf_core.cpp:162]   --->   Operation 245 'br' 'br_ln74' <Predicate = (select_ln73 == 2 & select_ln154 == 2)> <Delay = 0.00>
ST_5 : Operation 246 [1/1] (0.42ns)   --->   "%store_ln74 = store i32 %P_36, i32 %P_31" [ekf_core.cpp:74->ekf_core.cpp:162]   --->   Operation 246 'store' 'store_ln74' <Predicate = (select_ln73 == 2 & select_ln154 == 1)> <Delay = 0.42>
ST_5 : Operation 247 [1/1] (0.00ns)   --->   "%br_ln74 = br void %arrayidx557.i85.exit" [ekf_core.cpp:74->ekf_core.cpp:162]   --->   Operation 247 'br' 'br_ln74' <Predicate = (select_ln73 == 2 & select_ln154 == 1)> <Delay = 0.00>
ST_5 : Operation 248 [1/1] (0.42ns)   --->   "%store_ln74 = store i32 %P_36, i32 %P_30" [ekf_core.cpp:74->ekf_core.cpp:162]   --->   Operation 248 'store' 'store_ln74' <Predicate = (select_ln73 == 2 & select_ln154 == 0)> <Delay = 0.42>
ST_5 : Operation 249 [1/1] (0.00ns)   --->   "%br_ln74 = br void %arrayidx557.i85.exit" [ekf_core.cpp:74->ekf_core.cpp:162]   --->   Operation 249 'br' 'br_ln74' <Predicate = (select_ln73 == 2 & select_ln154 == 0)> <Delay = 0.00>
ST_5 : Operation 250 [1/1] (0.42ns)   --->   "%store_ln74 = store i32 %P_36, i32 %P_35" [ekf_core.cpp:74->ekf_core.cpp:162]   --->   Operation 250 'store' 'store_ln74' <Predicate = (select_ln73 == 2 & select_ln154 != 0 & select_ln154 != 1 & select_ln154 != 2 & select_ln154 != 3 & select_ln154 != 4)> <Delay = 0.42>
ST_5 : Operation 251 [1/1] (0.00ns)   --->   "%br_ln74 = br void %arrayidx557.i85.exit" [ekf_core.cpp:74->ekf_core.cpp:162]   --->   Operation 251 'br' 'br_ln74' <Predicate = (select_ln73 == 2 & select_ln154 != 0 & select_ln154 != 1 & select_ln154 != 2 & select_ln154 != 3 & select_ln154 != 4)> <Delay = 0.00>
ST_5 : Operation 252 [1/1] (0.42ns)   --->   "%store_ln74 = store i32 %P_36, i32 %P_28" [ekf_core.cpp:74->ekf_core.cpp:162]   --->   Operation 252 'store' 'store_ln74' <Predicate = (select_ln73 == 1 & select_ln154 == 4)> <Delay = 0.42>
ST_5 : Operation 253 [1/1] (0.00ns)   --->   "%br_ln74 = br void %arrayidx557.i85.exit" [ekf_core.cpp:74->ekf_core.cpp:162]   --->   Operation 253 'br' 'br_ln74' <Predicate = (select_ln73 == 1 & select_ln154 == 4)> <Delay = 0.00>
ST_5 : Operation 254 [1/1] (0.42ns)   --->   "%store_ln74 = store i32 %P_36, i32 %P_27" [ekf_core.cpp:74->ekf_core.cpp:162]   --->   Operation 254 'store' 'store_ln74' <Predicate = (select_ln73 == 1 & select_ln154 == 3)> <Delay = 0.42>
ST_5 : Operation 255 [1/1] (0.00ns)   --->   "%br_ln74 = br void %arrayidx557.i85.exit" [ekf_core.cpp:74->ekf_core.cpp:162]   --->   Operation 255 'br' 'br_ln74' <Predicate = (select_ln73 == 1 & select_ln154 == 3)> <Delay = 0.00>
ST_5 : Operation 256 [1/1] (0.42ns)   --->   "%store_ln74 = store i32 %P_36, i32 %P_26" [ekf_core.cpp:74->ekf_core.cpp:162]   --->   Operation 256 'store' 'store_ln74' <Predicate = (select_ln73 == 1 & select_ln154 == 2)> <Delay = 0.42>
ST_5 : Operation 257 [1/1] (0.00ns)   --->   "%br_ln74 = br void %arrayidx557.i85.exit" [ekf_core.cpp:74->ekf_core.cpp:162]   --->   Operation 257 'br' 'br_ln74' <Predicate = (select_ln73 == 1 & select_ln154 == 2)> <Delay = 0.00>
ST_5 : Operation 258 [1/1] (0.42ns)   --->   "%store_ln74 = store i32 %P_36, i32 %P_25" [ekf_core.cpp:74->ekf_core.cpp:162]   --->   Operation 258 'store' 'store_ln74' <Predicate = (select_ln73 == 1 & select_ln154 == 1)> <Delay = 0.42>
ST_5 : Operation 259 [1/1] (0.00ns)   --->   "%br_ln74 = br void %arrayidx557.i85.exit" [ekf_core.cpp:74->ekf_core.cpp:162]   --->   Operation 259 'br' 'br_ln74' <Predicate = (select_ln73 == 1 & select_ln154 == 1)> <Delay = 0.00>
ST_5 : Operation 260 [1/1] (0.42ns)   --->   "%store_ln74 = store i32 %P_36, i32 %P_24" [ekf_core.cpp:74->ekf_core.cpp:162]   --->   Operation 260 'store' 'store_ln74' <Predicate = (select_ln73 == 1 & select_ln154 == 0)> <Delay = 0.42>
ST_5 : Operation 261 [1/1] (0.00ns)   --->   "%br_ln74 = br void %arrayidx557.i85.exit" [ekf_core.cpp:74->ekf_core.cpp:162]   --->   Operation 261 'br' 'br_ln74' <Predicate = (select_ln73 == 1 & select_ln154 == 0)> <Delay = 0.00>
ST_5 : Operation 262 [1/1] (0.42ns)   --->   "%store_ln74 = store i32 %P_36, i32 %P_29" [ekf_core.cpp:74->ekf_core.cpp:162]   --->   Operation 262 'store' 'store_ln74' <Predicate = (select_ln73 == 1 & select_ln154 != 0 & select_ln154 != 1 & select_ln154 != 2 & select_ln154 != 3 & select_ln154 != 4)> <Delay = 0.42>
ST_5 : Operation 263 [1/1] (0.00ns)   --->   "%br_ln74 = br void %arrayidx557.i85.exit" [ekf_core.cpp:74->ekf_core.cpp:162]   --->   Operation 263 'br' 'br_ln74' <Predicate = (select_ln73 == 1 & select_ln154 != 0 & select_ln154 != 1 & select_ln154 != 2 & select_ln154 != 3 & select_ln154 != 4)> <Delay = 0.00>
ST_5 : Operation 264 [1/1] (0.42ns)   --->   "%store_ln74 = store i32 %P_36, i32 %P_22" [ekf_core.cpp:74->ekf_core.cpp:162]   --->   Operation 264 'store' 'store_ln74' <Predicate = (select_ln73 == 0 & select_ln154 == 4)> <Delay = 0.42>
ST_5 : Operation 265 [1/1] (0.00ns)   --->   "%br_ln74 = br void %arrayidx557.i85.exit" [ekf_core.cpp:74->ekf_core.cpp:162]   --->   Operation 265 'br' 'br_ln74' <Predicate = (select_ln73 == 0 & select_ln154 == 4)> <Delay = 0.00>
ST_5 : Operation 266 [1/1] (0.42ns)   --->   "%store_ln74 = store i32 %P_36, i32 %P_21" [ekf_core.cpp:74->ekf_core.cpp:162]   --->   Operation 266 'store' 'store_ln74' <Predicate = (select_ln73 == 0 & select_ln154 == 3)> <Delay = 0.42>
ST_5 : Operation 267 [1/1] (0.00ns)   --->   "%br_ln74 = br void %arrayidx557.i85.exit" [ekf_core.cpp:74->ekf_core.cpp:162]   --->   Operation 267 'br' 'br_ln74' <Predicate = (select_ln73 == 0 & select_ln154 == 3)> <Delay = 0.00>
ST_5 : Operation 268 [1/1] (0.42ns)   --->   "%store_ln74 = store i32 %P_36, i32 %P_20" [ekf_core.cpp:74->ekf_core.cpp:162]   --->   Operation 268 'store' 'store_ln74' <Predicate = (select_ln73 == 0 & select_ln154 == 2)> <Delay = 0.42>
ST_5 : Operation 269 [1/1] (0.00ns)   --->   "%br_ln74 = br void %arrayidx557.i85.exit" [ekf_core.cpp:74->ekf_core.cpp:162]   --->   Operation 269 'br' 'br_ln74' <Predicate = (select_ln73 == 0 & select_ln154 == 2)> <Delay = 0.00>
ST_5 : Operation 270 [1/1] (0.42ns)   --->   "%store_ln74 = store i32 %P_36, i32 %P_19" [ekf_core.cpp:74->ekf_core.cpp:162]   --->   Operation 270 'store' 'store_ln74' <Predicate = (select_ln73 == 0 & select_ln154 == 1)> <Delay = 0.42>
ST_5 : Operation 271 [1/1] (0.00ns)   --->   "%br_ln74 = br void %arrayidx557.i85.exit" [ekf_core.cpp:74->ekf_core.cpp:162]   --->   Operation 271 'br' 'br_ln74' <Predicate = (select_ln73 == 0 & select_ln154 == 1)> <Delay = 0.00>
ST_5 : Operation 272 [1/1] (0.42ns)   --->   "%store_ln74 = store i32 %P_36, i32 %P_18" [ekf_core.cpp:74->ekf_core.cpp:162]   --->   Operation 272 'store' 'store_ln74' <Predicate = (select_ln73 == 0 & select_ln154 == 0)> <Delay = 0.42>
ST_5 : Operation 273 [1/1] (0.00ns)   --->   "%br_ln74 = br void %arrayidx557.i85.exit" [ekf_core.cpp:74->ekf_core.cpp:162]   --->   Operation 273 'br' 'br_ln74' <Predicate = (select_ln73 == 0 & select_ln154 == 0)> <Delay = 0.00>
ST_5 : Operation 274 [1/1] (0.42ns)   --->   "%store_ln74 = store i32 %P_36, i32 %P_23" [ekf_core.cpp:74->ekf_core.cpp:162]   --->   Operation 274 'store' 'store_ln74' <Predicate = (select_ln73 == 0 & select_ln154 != 0 & select_ln154 != 1 & select_ln154 != 2 & select_ln154 != 3 & select_ln154 != 4)> <Delay = 0.42>
ST_5 : Operation 275 [1/1] (0.00ns)   --->   "%br_ln74 = br void %arrayidx557.i85.exit" [ekf_core.cpp:74->ekf_core.cpp:162]   --->   Operation 275 'br' 'br_ln74' <Predicate = (select_ln73 == 0 & select_ln154 != 0 & select_ln154 != 1 & select_ln154 != 2 & select_ln154 != 3 & select_ln154 != 4)> <Delay = 0.00>
ST_5 : Operation 276 [1/1] (0.42ns)   --->   "%store_ln74 = store i32 %P_36, i32 %P_1" [ekf_core.cpp:74->ekf_core.cpp:162]   --->   Operation 276 'store' 'store_ln74' <Predicate = (select_ln73 != 0 & select_ln73 != 1 & select_ln73 != 2 & select_ln73 != 3 & select_ln73 != 4 & select_ln154 == 4)> <Delay = 0.42>
ST_5 : Operation 277 [1/1] (0.00ns)   --->   "%br_ln74 = br void %arrayidx557.i85.exit" [ekf_core.cpp:74->ekf_core.cpp:162]   --->   Operation 277 'br' 'br_ln74' <Predicate = (select_ln73 != 0 & select_ln73 != 1 & select_ln73 != 2 & select_ln73 != 3 & select_ln73 != 4 & select_ln154 == 4)> <Delay = 0.00>
ST_5 : Operation 278 [1/1] (0.42ns)   --->   "%store_ln74 = store i32 %P_36, i32 %P_2" [ekf_core.cpp:74->ekf_core.cpp:162]   --->   Operation 278 'store' 'store_ln74' <Predicate = (select_ln73 != 0 & select_ln73 != 1 & select_ln73 != 2 & select_ln73 != 3 & select_ln73 != 4 & select_ln154 == 3)> <Delay = 0.42>
ST_5 : Operation 279 [1/1] (0.00ns)   --->   "%br_ln74 = br void %arrayidx557.i85.exit" [ekf_core.cpp:74->ekf_core.cpp:162]   --->   Operation 279 'br' 'br_ln74' <Predicate = (select_ln73 != 0 & select_ln73 != 1 & select_ln73 != 2 & select_ln73 != 3 & select_ln73 != 4 & select_ln154 == 3)> <Delay = 0.00>
ST_5 : Operation 280 [1/1] (0.42ns)   --->   "%store_ln74 = store i32 %P_36, i32 %P_3" [ekf_core.cpp:74->ekf_core.cpp:162]   --->   Operation 280 'store' 'store_ln74' <Predicate = (select_ln73 != 0 & select_ln73 != 1 & select_ln73 != 2 & select_ln73 != 3 & select_ln73 != 4 & select_ln154 == 2)> <Delay = 0.42>
ST_5 : Operation 281 [1/1] (0.00ns)   --->   "%br_ln74 = br void %arrayidx557.i85.exit" [ekf_core.cpp:74->ekf_core.cpp:162]   --->   Operation 281 'br' 'br_ln74' <Predicate = (select_ln73 != 0 & select_ln73 != 1 & select_ln73 != 2 & select_ln73 != 3 & select_ln73 != 4 & select_ln154 == 2)> <Delay = 0.00>
ST_5 : Operation 282 [1/1] (0.42ns)   --->   "%store_ln74 = store i32 %P_36, i32 %P_4" [ekf_core.cpp:74->ekf_core.cpp:162]   --->   Operation 282 'store' 'store_ln74' <Predicate = (select_ln73 != 0 & select_ln73 != 1 & select_ln73 != 2 & select_ln73 != 3 & select_ln73 != 4 & select_ln154 == 1)> <Delay = 0.42>
ST_5 : Operation 283 [1/1] (0.00ns)   --->   "%br_ln74 = br void %arrayidx557.i85.exit" [ekf_core.cpp:74->ekf_core.cpp:162]   --->   Operation 283 'br' 'br_ln74' <Predicate = (select_ln73 != 0 & select_ln73 != 1 & select_ln73 != 2 & select_ln73 != 3 & select_ln73 != 4 & select_ln154 == 1)> <Delay = 0.00>
ST_5 : Operation 284 [1/1] (0.42ns)   --->   "%store_ln74 = store i32 %P_36, i32 %P_5" [ekf_core.cpp:74->ekf_core.cpp:162]   --->   Operation 284 'store' 'store_ln74' <Predicate = (select_ln73 != 0 & select_ln73 != 1 & select_ln73 != 2 & select_ln73 != 3 & select_ln73 != 4 & select_ln154 == 0)> <Delay = 0.42>
ST_5 : Operation 285 [1/1] (0.00ns)   --->   "%br_ln74 = br void %arrayidx557.i85.exit" [ekf_core.cpp:74->ekf_core.cpp:162]   --->   Operation 285 'br' 'br_ln74' <Predicate = (select_ln73 != 0 & select_ln73 != 1 & select_ln73 != 2 & select_ln73 != 3 & select_ln73 != 4 & select_ln154 == 0)> <Delay = 0.00>
ST_5 : Operation 286 [1/1] (0.42ns)   --->   "%store_ln74 = store i32 %P_36, i32 %P" [ekf_core.cpp:74->ekf_core.cpp:162]   --->   Operation 286 'store' 'store_ln74' <Predicate = (select_ln73 != 0 & select_ln73 != 1 & select_ln73 != 2 & select_ln73 != 3 & select_ln73 != 4 & select_ln154 != 0 & select_ln154 != 1 & select_ln154 != 2 & select_ln154 != 3 & select_ln154 != 4)> <Delay = 0.42>
ST_5 : Operation 287 [1/1] (0.00ns)   --->   "%br_ln74 = br void %arrayidx557.i85.exit" [ekf_core.cpp:74->ekf_core.cpp:162]   --->   Operation 287 'br' 'br_ln74' <Predicate = (select_ln73 != 0 & select_ln73 != 1 & select_ln73 != 2 & select_ln73 != 3 & select_ln73 != 4 & select_ln154 != 0 & select_ln154 != 1 & select_ln154 != 2 & select_ln154 != 3 & select_ln154 != 4)> <Delay = 0.00>


============================================================
+ Verbose Summary: Binding
============================================================
STG Binding: 
---------------- STG Properties BEGIN ----------------
- Is combinational: 0
- Is one-state seq: 0
- Is datapath-only: 0
- Is pipelined: 0
- Is top level: 0
Port [ Return ] is wired: 1; IO mode=ap_ctrl_hs:ce=0
Port [ P_35_reload]:  wired=1; compound=0; hidden=0; nouse=0; global=0; static=0; extern=0; dir=0; type=0; pingpong=0; private_global=0; IO mode=ap_none:ce=0
Port [ P_34_reload]:  wired=1; compound=0; hidden=0; nouse=0; global=0; static=0; extern=0; dir=0; type=0; pingpong=0; private_global=0; IO mode=ap_none:ce=0
Port [ P_33_reload]:  wired=1; compound=0; hidden=0; nouse=0; global=0; static=0; extern=0; dir=0; type=0; pingpong=0; private_global=0; IO mode=ap_none:ce=0
Port [ P_32_reload]:  wired=1; compound=0; hidden=0; nouse=0; global=0; static=0; extern=0; dir=0; type=0; pingpong=0; private_global=0; IO mode=ap_none:ce=0
Port [ P_31_reload]:  wired=1; compound=0; hidden=0; nouse=0; global=0; static=0; extern=0; dir=0; type=0; pingpong=0; private_global=0; IO mode=ap_none:ce=0
Port [ P_30_reload]:  wired=1; compound=0; hidden=0; nouse=0; global=0; static=0; extern=0; dir=0; type=0; pingpong=0; private_global=0; IO mode=ap_none:ce=0
Port [ P_29_reload]:  wired=1; compound=0; hidden=0; nouse=0; global=0; static=0; extern=0; dir=0; type=0; pingpong=0; private_global=0; IO mode=ap_none:ce=0
Port [ P_28_reload]:  wired=1; compound=0; hidden=0; nouse=0; global=0; static=0; extern=0; dir=0; type=0; pingpong=0; private_global=0; IO mode=ap_none:ce=0
Port [ P_27_reload]:  wired=1; compound=0; hidden=0; nouse=0; global=0; static=0; extern=0; dir=0; type=0; pingpong=0; private_global=0; IO mode=ap_none:ce=0
Port [ P_26_reload]:  wired=1; compound=0; hidden=0; nouse=0; global=0; static=0; extern=0; dir=0; type=0; pingpong=0; private_global=0; IO mode=ap_none:ce=0
Port [ P_25_reload]:  wired=1; compound=0; hidden=0; nouse=0; global=0; static=0; extern=0; dir=0; type=0; pingpong=0; private_global=0; IO mode=ap_none:ce=0
Port [ P_24_reload]:  wired=1; compound=0; hidden=0; nouse=0; global=0; static=0; extern=0; dir=0; type=0; pingpong=0; private_global=0; IO mode=ap_none:ce=0
Port [ P_23_reload]:  wired=1; compound=0; hidden=0; nouse=0; global=0; static=0; extern=0; dir=0; type=0; pingpong=0; private_global=0; IO mode=ap_none:ce=0
Port [ P_22_reload]:  wired=1; compound=0; hidden=0; nouse=0; global=0; static=0; extern=0; dir=0; type=0; pingpong=0; private_global=0; IO mode=ap_none:ce=0
Port [ P_21_reload]:  wired=1; compound=0; hidden=0; nouse=0; global=0; static=0; extern=0; dir=0; type=0; pingpong=0; private_global=0; IO mode=ap_none:ce=0
Port [ P_20_reload]:  wired=1; compound=0; hidden=0; nouse=0; global=0; static=0; extern=0; dir=0; type=0; pingpong=0; private_global=0; IO mode=ap_none:ce=0
Port [ P_19_reload]:  wired=1; compound=0; hidden=0; nouse=0; global=0; static=0; extern=0; dir=0; type=0; pingpong=0; private_global=0; IO mode=ap_none:ce=0
Port [ P_18_reload]:  wired=1; compound=0; hidden=0; nouse=0; global=0; static=0; extern=0; dir=0; type=0; pingpong=0; private_global=0; IO mode=ap_none:ce=0
Port [ P_17_reload]:  wired=1; compound=0; hidden=0; nouse=0; global=0; static=0; extern=0; dir=0; type=0; pingpong=0; private_global=0; IO mode=ap_none:ce=0
Port [ P_16_reload]:  wired=1; compound=0; hidden=0; nouse=0; global=0; static=0; extern=0; dir=0; type=0; pingpong=0; private_global=0; IO mode=ap_none:ce=0
Port [ P_15_reload]:  wired=1; compound=0; hidden=0; nouse=0; global=0; static=0; extern=0; dir=0; type=0; pingpong=0; private_global=0; IO mode=ap_none:ce=0
Port [ P_14_reload]:  wired=1; compound=0; hidden=0; nouse=0; global=0; static=0; extern=0; dir=0; type=0; pingpong=0; private_global=0; IO mode=ap_none:ce=0
Port [ P_13_reload]:  wired=1; compound=0; hidden=0; nouse=0; global=0; static=0; extern=0; dir=0; type=0; pingpong=0; private_global=0; IO mode=ap_none:ce=0
Port [ P_12_reload]:  wired=1; compound=0; hidden=0; nouse=0; global=0; static=0; extern=0; dir=0; type=0; pingpong=0; private_global=0; IO mode=ap_none:ce=0
Port [ P_11_reload]:  wired=1; compound=0; hidden=0; nouse=0; global=0; static=0; extern=0; dir=0; type=0; pingpong=0; private_global=0; IO mode=ap_none:ce=0
Port [ P_10_reload]:  wired=1; compound=0; hidden=0; nouse=0; global=0; static=0; extern=0; dir=0; type=0; pingpong=0; private_global=0; IO mode=ap_none:ce=0
Port [ P_9_reload]:  wired=1; compound=0; hidden=0; nouse=0; global=0; static=0; extern=0; dir=0; type=0; pingpong=0; private_global=0; IO mode=ap_none:ce=0
Port [ P_8_reload]:  wired=1; compound=0; hidden=0; nouse=0; global=0; static=0; extern=0; dir=0; type=0; pingpong=0; private_global=0; IO mode=ap_none:ce=0
Port [ P_7_reload]:  wired=1; compound=0; hidden=0; nouse=0; global=0; static=0; extern=0; dir=0; type=0; pingpong=0; private_global=0; IO mode=ap_none:ce=0
Port [ P_6_reload]:  wired=1; compound=0; hidden=0; nouse=0; global=0; static=0; extern=0; dir=0; type=0; pingpong=0; private_global=0; IO mode=ap_none:ce=0
Port [ P_5_reload]:  wired=1; compound=0; hidden=0; nouse=0; global=0; static=0; extern=0; dir=0; type=0; pingpong=0; private_global=0; IO mode=ap_none:ce=0
Port [ P_4_reload]:  wired=1; compound=0; hidden=0; nouse=0; global=0; static=0; extern=0; dir=0; type=0; pingpong=0; private_global=0; IO mode=ap_none:ce=0
Port [ P_3_reload]:  wired=1; compound=0; hidden=0; nouse=0; global=0; static=0; extern=0; dir=0; type=0; pingpong=0; private_global=0; IO mode=ap_none:ce=0
Port [ P_2_reload]:  wired=1; compound=0; hidden=0; nouse=0; global=0; static=0; extern=0; dir=0; type=0; pingpong=0; private_global=0; IO mode=ap_none:ce=0
Port [ P_1_reload]:  wired=1; compound=0; hidden=0; nouse=0; global=0; static=0; extern=0; dir=0; type=0; pingpong=0; private_global=0; IO mode=ap_none:ce=0
Port [ P_reload]:  wired=1; compound=0; hidden=0; nouse=0; global=0; static=0; extern=0; dir=0; type=0; pingpong=0; private_global=0; IO mode=ap_none:ce=0
Port [ mux_case_010992786_reload]:  wired=1; compound=0; hidden=0; nouse=0; global=0; static=0; extern=0; dir=0; type=0; pingpong=0; private_global=0; IO mode=ap_none:ce=0
Port [ mux_case_111012792_reload]:  wired=1; compound=0; hidden=0; nouse=0; global=0; static=0; extern=0; dir=0; type=0; pingpong=0; private_global=0; IO mode=ap_none:ce=0
Port [ mux_case_211032798_reload]:  wired=1; compound=0; hidden=0; nouse=0; global=0; static=0; extern=0; dir=0; type=0; pingpong=0; private_global=0; IO mode=ap_none:ce=0
Port [ mux_case_311052804_reload]:  wired=1; compound=0; hidden=0; nouse=0; global=0; static=0; extern=0; dir=0; type=0; pingpong=0; private_global=0; IO mode=ap_none:ce=0
Port [ mux_case_411072810_reload]:  wired=1; compound=0; hidden=0; nouse=0; global=0; static=0; extern=0; dir=0; type=0; pingpong=0; private_global=0; IO mode=ap_none:ce=0
Port [ mux_case_511092816_reload]:  wired=1; compound=0; hidden=0; nouse=0; global=0; static=0; extern=0; dir=0; type=0; pingpong=0; private_global=0; IO mode=ap_none:ce=0
Port [ mux_case_011122823_reload]:  wired=1; compound=0; hidden=0; nouse=0; global=0; static=0; extern=0; dir=0; type=0; pingpong=0; private_global=0; IO mode=ap_none:ce=0
Port [ mux_case_111142829_reload]:  wired=1; compound=0; hidden=0; nouse=0; global=0; static=0; extern=0; dir=0; type=0; pingpong=0; private_global=0; IO mode=ap_none:ce=0
Port [ mux_case_211162835_reload]:  wired=1; compound=0; hidden=0; nouse=0; global=0; static=0; extern=0; dir=0; type=0; pingpong=0; private_global=0; IO mode=ap_none:ce=0
Port [ mux_case_311182841_reload]:  wired=1; compound=0; hidden=0; nouse=0; global=0; static=0; extern=0; dir=0; type=0; pingpong=0; private_global=0; IO mode=ap_none:ce=0
Port [ mux_case_411202847_reload]:  wired=1; compound=0; hidden=0; nouse=0; global=0; static=0; extern=0; dir=0; type=0; pingpong=0; private_global=0; IO mode=ap_none:ce=0
Port [ mux_case_511222853_reload]:  wired=1; compound=0; hidden=0; nouse=0; global=0; static=0; extern=0; dir=0; type=0; pingpong=0; private_global=0; IO mode=ap_none:ce=0
Port [ mux_case_011252859_reload]:  wired=1; compound=0; hidden=0; nouse=0; global=0; static=0; extern=0; dir=0; type=0; pingpong=0; private_global=0; IO mode=ap_none:ce=0
Port [ mux_case_111272865_reload]:  wired=1; compound=0; hidden=0; nouse=0; global=0; static=0; extern=0; dir=0; type=0; pingpong=0; private_global=0; IO mode=ap_none:ce=0
Port [ mux_case_211292871_reload]:  wired=1; compound=0; hidden=0; nouse=0; global=0; static=0; extern=0; dir=0; type=0; pingpong=0; private_global=0; IO mode=ap_none:ce=0
Port [ mux_case_311312877_reload]:  wired=1; compound=0; hidden=0; nouse=0; global=0; static=0; extern=0; dir=0; type=0; pingpong=0; private_global=0; IO mode=ap_none:ce=0
Port [ mux_case_411332883_reload]:  wired=1; compound=0; hidden=0; nouse=0; global=0; static=0; extern=0; dir=0; type=0; pingpong=0; private_global=0; IO mode=ap_none:ce=0
Port [ mux_case_511352889_reload]:  wired=1; compound=0; hidden=0; nouse=0; global=0; static=0; extern=0; dir=0; type=0; pingpong=0; private_global=0; IO mode=ap_none:ce=0
Port [ mux_case_011382895_reload]:  wired=1; compound=0; hidden=0; nouse=0; global=0; static=0; extern=0; dir=0; type=0; pingpong=0; private_global=0; IO mode=ap_none:ce=0
Port [ mux_case_111402901_reload]:  wired=1; compound=0; hidden=0; nouse=0; global=0; static=0; extern=0; dir=0; type=0; pingpong=0; private_global=0; IO mode=ap_none:ce=0
Port [ mux_case_211422907_reload]:  wired=1; compound=0; hidden=0; nouse=0; global=0; static=0; extern=0; dir=0; type=0; pingpong=0; private_global=0; IO mode=ap_none:ce=0
Port [ mux_case_311442913_reload]:  wired=1; compound=0; hidden=0; nouse=0; global=0; static=0; extern=0; dir=0; type=0; pingpong=0; private_global=0; IO mode=ap_none:ce=0
Port [ mux_case_411462919_reload]:  wired=1; compound=0; hidden=0; nouse=0; global=0; static=0; extern=0; dir=0; type=0; pingpong=0; private_global=0; IO mode=ap_none:ce=0
Port [ mux_case_511482925_reload]:  wired=1; compound=0; hidden=0; nouse=0; global=0; static=0; extern=0; dir=0; type=0; pingpong=0; private_global=0; IO mode=ap_none:ce=0
Port [ mux_case_011512931_reload]:  wired=1; compound=0; hidden=0; nouse=0; global=0; static=0; extern=0; dir=0; type=0; pingpong=0; private_global=0; IO mode=ap_none:ce=0
Port [ mux_case_111532937_reload]:  wired=1; compound=0; hidden=0; nouse=0; global=0; static=0; extern=0; dir=0; type=0; pingpong=0; private_global=0; IO mode=ap_none:ce=0
Port [ mux_case_211552943_reload]:  wired=1; compound=0; hidden=0; nouse=0; global=0; static=0; extern=0; dir=0; type=0; pingpong=0; private_global=0; IO mode=ap_none:ce=0
Port [ mux_case_311572949_reload]:  wired=1; compound=0; hidden=0; nouse=0; global=0; static=0; extern=0; dir=0; type=0; pingpong=0; private_global=0; IO mode=ap_none:ce=0
Port [ mux_case_411592955_reload]:  wired=1; compound=0; hidden=0; nouse=0; global=0; static=0; extern=0; dir=0; type=0; pingpong=0; private_global=0; IO mode=ap_none:ce=0
Port [ mux_case_511612961_reload]:  wired=1; compound=0; hidden=0; nouse=0; global=0; static=0; extern=0; dir=0; type=0; pingpong=0; private_global=0; IO mode=ap_none:ce=0
Port [ mux_case_011642967_reload]:  wired=1; compound=0; hidden=0; nouse=0; global=0; static=0; extern=0; dir=0; type=0; pingpong=0; private_global=0; IO mode=ap_none:ce=0
Port [ mux_case_111662973_reload]:  wired=1; compound=0; hidden=0; nouse=0; global=0; static=0; extern=0; dir=0; type=0; pingpong=0; private_global=0; IO mode=ap_none:ce=0
Port [ mux_case_211682979_reload]:  wired=1; compound=0; hidden=0; nouse=0; global=0; static=0; extern=0; dir=0; type=0; pingpong=0; private_global=0; IO mode=ap_none:ce=0
Port [ mux_case_311702985_reload]:  wired=1; compound=0; hidden=0; nouse=0; global=0; static=0; extern=0; dir=0; type=0; pingpong=0; private_global=0; IO mode=ap_none:ce=0
Port [ mux_case_411722991_reload]:  wired=1; compound=0; hidden=0; nouse=0; global=0; static=0; extern=0; dir=0; type=0; pingpong=0; private_global=0; IO mode=ap_none:ce=0
Port [ mux_case_511742997_reload]:  wired=1; compound=0; hidden=0; nouse=0; global=0; static=0; extern=0; dir=0; type=0; pingpong=0; private_global=0; IO mode=ap_none:ce=0
Port [ Q_reload]:  wired=1; compound=0; hidden=0; nouse=0; global=0; static=0; extern=0; dir=0; type=0; pingpong=0; private_global=0; IO mode=ap_none:ce=0
Port [ Q_1_reload]:  wired=1; compound=0; hidden=0; nouse=0; global=0; static=0; extern=0; dir=0; type=0; pingpong=0; private_global=0; IO mode=ap_none:ce=0
Port [ Q_2_reload]:  wired=1; compound=0; hidden=0; nouse=0; global=0; static=0; extern=0; dir=0; type=0; pingpong=0; private_global=0; IO mode=ap_none:ce=0
Port [ Q_3_reload]:  wired=1; compound=0; hidden=0; nouse=0; global=0; static=0; extern=0; dir=0; type=0; pingpong=0; private_global=0; IO mode=ap_none:ce=0
Port [ Q_4_reload]:  wired=1; compound=0; hidden=0; nouse=0; global=0; static=0; extern=0; dir=0; type=0; pingpong=0; private_global=0; IO mode=ap_none:ce=0
Port [ Q_5_reload]:  wired=1; compound=0; hidden=0; nouse=0; global=0; static=0; extern=0; dir=0; type=0; pingpong=0; private_global=0; IO mode=ap_none:ce=0
Port [ Q_6_reload]:  wired=1; compound=0; hidden=0; nouse=0; global=0; static=0; extern=0; dir=0; type=0; pingpong=0; private_global=0; IO mode=ap_none:ce=0
Port [ Q_7_reload]:  wired=1; compound=0; hidden=0; nouse=0; global=0; static=0; extern=0; dir=0; type=0; pingpong=0; private_global=0; IO mode=ap_none:ce=0
Port [ Q_8_reload]:  wired=1; compound=0; hidden=0; nouse=0; global=0; static=0; extern=0; dir=0; type=0; pingpong=0; private_global=0; IO mode=ap_none:ce=0
Port [ Q_9_reload]:  wired=1; compound=0; hidden=0; nouse=0; global=0; static=0; extern=0; dir=0; type=0; pingpong=0; private_global=0; IO mode=ap_none:ce=0
Port [ Q_10_reload]:  wired=1; compound=0; hidden=0; nouse=0; global=0; static=0; extern=0; dir=0; type=0; pingpong=0; private_global=0; IO mode=ap_none:ce=0
Port [ Q_11_reload]:  wired=1; compound=0; hidden=0; nouse=0; global=0; static=0; extern=0; dir=0; type=0; pingpong=0; private_global=0; IO mode=ap_none:ce=0
Port [ P_108_out]:  wired=1; compound=0; hidden=0; nouse=0; global=0; static=0; extern=0; dir=1; type=0; pingpong=0; private_global=0; IO mode=ap_vld:ce=0
Port [ P_107_out]:  wired=1; compound=0; hidden=0; nouse=0; global=0; static=0; extern=0; dir=1; type=0; pingpong=0; private_global=0; IO mode=ap_vld:ce=0
Port [ P_106_out]:  wired=1; compound=0; hidden=0; nouse=0; global=0; static=0; extern=0; dir=1; type=0; pingpong=0; private_global=0; IO mode=ap_vld:ce=0
Port [ P_105_out]:  wired=1; compound=0; hidden=0; nouse=0; global=0; static=0; extern=0; dir=1; type=0; pingpong=0; private_global=0; IO mode=ap_vld:ce=0
Port [ P_104_out]:  wired=1; compound=0; hidden=0; nouse=0; global=0; static=0; extern=0; dir=1; type=0; pingpong=0; private_global=0; IO mode=ap_vld:ce=0
Port [ P_103_out]:  wired=1; compound=0; hidden=0; nouse=0; global=0; static=0; extern=0; dir=1; type=0; pingpong=0; private_global=0; IO mode=ap_vld:ce=0
Port [ P_102_out]:  wired=1; compound=0; hidden=0; nouse=0; global=0; static=0; extern=0; dir=1; type=0; pingpong=0; private_global=0; IO mode=ap_vld:ce=0
Port [ P_101_out]:  wired=1; compound=0; hidden=0; nouse=0; global=0; static=0; extern=0; dir=1; type=0; pingpong=0; private_global=0; IO mode=ap_vld:ce=0
Port [ P_100_out]:  wired=1; compound=0; hidden=0; nouse=0; global=0; static=0; extern=0; dir=1; type=0; pingpong=0; private_global=0; IO mode=ap_vld:ce=0
Port [ P_99_out]:  wired=1; compound=0; hidden=0; nouse=0; global=0; static=0; extern=0; dir=1; type=0; pingpong=0; private_global=0; IO mode=ap_vld:ce=0
Port [ P_98_out]:  wired=1; compound=0; hidden=0; nouse=0; global=0; static=0; extern=0; dir=1; type=0; pingpong=0; private_global=0; IO mode=ap_vld:ce=0
Port [ P_97_out]:  wired=1; compound=0; hidden=0; nouse=0; global=0; static=0; extern=0; dir=1; type=0; pingpong=0; private_global=0; IO mode=ap_vld:ce=0
Port [ P_96_out]:  wired=1; compound=0; hidden=0; nouse=0; global=0; static=0; extern=0; dir=1; type=0; pingpong=0; private_global=0; IO mode=ap_vld:ce=0
Port [ P_95_out]:  wired=1; compound=0; hidden=0; nouse=0; global=0; static=0; extern=0; dir=1; type=0; pingpong=0; private_global=0; IO mode=ap_vld:ce=0
Port [ P_94_out]:  wired=1; compound=0; hidden=0; nouse=0; global=0; static=0; extern=0; dir=1; type=0; pingpong=0; private_global=0; IO mode=ap_vld:ce=0
Port [ P_93_out]:  wired=1; compound=0; hidden=0; nouse=0; global=0; static=0; extern=0; dir=1; type=0; pingpong=0; private_global=0; IO mode=ap_vld:ce=0
Port [ P_92_out]:  wired=1; compound=0; hidden=0; nouse=0; global=0; static=0; extern=0; dir=1; type=0; pingpong=0; private_global=0; IO mode=ap_vld:ce=0
Port [ P_91_out]:  wired=1; compound=0; hidden=0; nouse=0; global=0; static=0; extern=0; dir=1; type=0; pingpong=0; private_global=0; IO mode=ap_vld:ce=0
Port [ P_90_out]:  wired=1; compound=0; hidden=0; nouse=0; global=0; static=0; extern=0; dir=1; type=0; pingpong=0; private_global=0; IO mode=ap_vld:ce=0
Port [ P_89_out]:  wired=1; compound=0; hidden=0; nouse=0; global=0; static=0; extern=0; dir=1; type=0; pingpong=0; private_global=0; IO mode=ap_vld:ce=0
Port [ P_88_out]:  wired=1; compound=0; hidden=0; nouse=0; global=0; static=0; extern=0; dir=1; type=0; pingpong=0; private_global=0; IO mode=ap_vld:ce=0
Port [ P_87_out]:  wired=1; compound=0; hidden=0; nouse=0; global=0; static=0; extern=0; dir=1; type=0; pingpong=0; private_global=0; IO mode=ap_vld:ce=0
Port [ P_86_out]:  wired=1; compound=0; hidden=0; nouse=0; global=0; static=0; extern=0; dir=1; type=0; pingpong=0; private_global=0; IO mode=ap_vld:ce=0
Port [ P_85_out]:  wired=1; compound=0; hidden=0; nouse=0; global=0; static=0; extern=0; dir=1; type=0; pingpong=0; private_global=0; IO mode=ap_vld:ce=0
Port [ P_84_out]:  wired=1; compound=0; hidden=0; nouse=0; global=0; static=0; extern=0; dir=1; type=0; pingpong=0; private_global=0; IO mode=ap_vld:ce=0
Port [ P_83_out]:  wired=1; compound=0; hidden=0; nouse=0; global=0; static=0; extern=0; dir=1; type=0; pingpong=0; private_global=0; IO mode=ap_vld:ce=0
Port [ P_82_out]:  wired=1; compound=0; hidden=0; nouse=0; global=0; static=0; extern=0; dir=1; type=0; pingpong=0; private_global=0; IO mode=ap_vld:ce=0
Port [ P_81_out]:  wired=1; compound=0; hidden=0; nouse=0; global=0; static=0; extern=0; dir=1; type=0; pingpong=0; private_global=0; IO mode=ap_vld:ce=0
Port [ P_80_out]:  wired=1; compound=0; hidden=0; nouse=0; global=0; static=0; extern=0; dir=1; type=0; pingpong=0; private_global=0; IO mode=ap_vld:ce=0
Port [ P_79_out]:  wired=1; compound=0; hidden=0; nouse=0; global=0; static=0; extern=0; dir=1; type=0; pingpong=0; private_global=0; IO mode=ap_vld:ce=0
Port [ P_78_out]:  wired=1; compound=0; hidden=0; nouse=0; global=0; static=0; extern=0; dir=1; type=0; pingpong=0; private_global=0; IO mode=ap_vld:ce=0
Port [ P_77_out]:  wired=1; compound=0; hidden=0; nouse=0; global=0; static=0; extern=0; dir=1; type=0; pingpong=0; private_global=0; IO mode=ap_vld:ce=0
Port [ P_76_out]:  wired=1; compound=0; hidden=0; nouse=0; global=0; static=0; extern=0; dir=1; type=0; pingpong=0; private_global=0; IO mode=ap_vld:ce=0
Port [ P_75_out]:  wired=1; compound=0; hidden=0; nouse=0; global=0; static=0; extern=0; dir=1; type=0; pingpong=0; private_global=0; IO mode=ap_vld:ce=0
Port [ P_74_out]:  wired=1; compound=0; hidden=0; nouse=0; global=0; static=0; extern=0; dir=1; type=0; pingpong=0; private_global=0; IO mode=ap_vld:ce=0
Port [ P_73_out]:  wired=1; compound=0; hidden=0; nouse=0; global=0; static=0; extern=0; dir=1; type=0; pingpong=0; private_global=0; IO mode=ap_vld:ce=0
---------------- STG Properties END ------------------

---------------- Datapath Model BEGIN ----------------

<LifeTime>
<method=bitvector/>
j                              (alloca           ) [ 010000]
i                              (alloca           ) [ 010000]
indvar_flatten27               (alloca           ) [ 010000]
P                              (alloca           ) [ 011111]
P_1                            (alloca           ) [ 011111]
P_2                            (alloca           ) [ 011111]
P_3                            (alloca           ) [ 011111]
P_4                            (alloca           ) [ 011111]
P_5                            (alloca           ) [ 011111]
P_6                            (alloca           ) [ 011111]
P_7                            (alloca           ) [ 011111]
P_8                            (alloca           ) [ 011111]
P_9                            (alloca           ) [ 011111]
P_10                           (alloca           ) [ 011111]
P_11                           (alloca           ) [ 011111]
P_12                           (alloca           ) [ 011111]
P_13                           (alloca           ) [ 011111]
P_14                           (alloca           ) [ 011111]
P_15                           (alloca           ) [ 011111]
P_16                           (alloca           ) [ 011111]
P_17                           (alloca           ) [ 011111]
P_18                           (alloca           ) [ 011111]
P_19                           (alloca           ) [ 011111]
P_20                           (alloca           ) [ 011111]
P_21                           (alloca           ) [ 011111]
P_22                           (alloca           ) [ 011111]
P_23                           (alloca           ) [ 011111]
P_24                           (alloca           ) [ 011111]
P_25                           (alloca           ) [ 011111]
P_26                           (alloca           ) [ 011111]
P_27                           (alloca           ) [ 011111]
P_28                           (alloca           ) [ 011111]
P_29                           (alloca           ) [ 011111]
P_30                           (alloca           ) [ 011111]
P_31                           (alloca           ) [ 011111]
P_32                           (alloca           ) [ 011111]
P_33                           (alloca           ) [ 011111]
P_34                           (alloca           ) [ 011111]
P_35                           (alloca           ) [ 011111]
Q_11_reload_read               (read             ) [ 000000]
Q_10_reload_read               (read             ) [ 000000]
Q_9_reload_read                (read             ) [ 000000]
Q_8_reload_read                (read             ) [ 000000]
Q_7_reload_read                (read             ) [ 000000]
Q_6_reload_read                (read             ) [ 000000]
Q_5_reload_read                (read             ) [ 000000]
Q_4_reload_read                (read             ) [ 000000]
Q_3_reload_read                (read             ) [ 000000]
Q_2_reload_read                (read             ) [ 000000]
Q_1_reload_read                (read             ) [ 000000]
Q_reload_read                  (read             ) [ 000000]
mux_case_511742997_reload_read (read             ) [ 000000]
mux_case_411722991_reload_read (read             ) [ 000000]
mux_case_311702985_reload_read (read             ) [ 000000]
mux_case_211682979_reload_read (read             ) [ 000000]
mux_case_111662973_reload_read (read             ) [ 000000]
mux_case_011642967_reload_read (read             ) [ 000000]
mux_case_511612961_reload_read (read             ) [ 000000]
mux_case_411592955_reload_read (read             ) [ 000000]
mux_case_311572949_reload_read (read             ) [ 000000]
mux_case_211552943_reload_read (read             ) [ 000000]
mux_case_111532937_reload_read (read             ) [ 000000]
mux_case_011512931_reload_read (read             ) [ 000000]
mux_case_511482925_reload_read (read             ) [ 000000]
mux_case_411462919_reload_read (read             ) [ 000000]
mux_case_311442913_reload_read (read             ) [ 000000]
mux_case_211422907_reload_read (read             ) [ 000000]
mux_case_111402901_reload_read (read             ) [ 000000]
mux_case_011382895_reload_read (read             ) [ 000000]
mux_case_511352889_reload_read (read             ) [ 000000]
mux_case_411332883_reload_read (read             ) [ 000000]
mux_case_311312877_reload_read (read             ) [ 000000]
mux_case_211292871_reload_read (read             ) [ 000000]
mux_case_111272865_reload_read (read             ) [ 000000]
mux_case_011252859_reload_read (read             ) [ 000000]
mux_case_511222853_reload_read (read             ) [ 000000]
mux_case_411202847_reload_read (read             ) [ 000000]
mux_case_311182841_reload_read (read             ) [ 000000]
mux_case_211162835_reload_read (read             ) [ 000000]
mux_case_111142829_reload_read (read             ) [ 000000]
mux_case_011122823_reload_read (read             ) [ 000000]
mux_case_511092816_reload_read (read             ) [ 000000]
mux_case_411072810_reload_read (read             ) [ 000000]
mux_case_311052804_reload_read (read             ) [ 000000]
mux_case_211032798_reload_read (read             ) [ 000000]
mux_case_111012792_reload_read (read             ) [ 000000]
mux_case_010992786_reload_read (read             ) [ 000000]
P_reload_read                  (read             ) [ 000000]
P_1_reload_read                (read             ) [ 000000]
P_2_reload_read                (read             ) [ 000000]
P_3_reload_read                (read             ) [ 000000]
P_4_reload_read                (read             ) [ 000000]
P_5_reload_read                (read             ) [ 000000]
P_6_reload_read                (read             ) [ 000000]
P_7_reload_read                (read             ) [ 000000]
P_8_reload_read                (read             ) [ 000000]
P_9_reload_read                (read             ) [ 000000]
P_10_reload_read               (read             ) [ 000000]
P_11_reload_read               (read             ) [ 000000]
P_12_reload_read               (read             ) [ 000000]
P_13_reload_read               (read             ) [ 000000]
P_14_reload_read               (read             ) [ 000000]
P_15_reload_read               (read             ) [ 000000]
P_16_reload_read               (read             ) [ 000000]
P_17_reload_read               (read             ) [ 000000]
P_18_reload_read               (read             ) [ 000000]
P_19_reload_read               (read             ) [ 000000]
P_20_reload_read               (read             ) [ 000000]
P_21_reload_read               (read             ) [ 000000]
P_22_reload_read               (read             ) [ 000000]
P_23_reload_read               (read             ) [ 000000]
P_24_reload_read               (read             ) [ 000000]
P_25_reload_read               (read             ) [ 000000]
P_26_reload_read               (read             ) [ 000000]
P_27_reload_read               (read             ) [ 000000]
P_28_reload_read               (read             ) [ 000000]
P_29_reload_read               (read             ) [ 000000]
P_30_reload_read               (read             ) [ 000000]
P_31_reload_read               (read             ) [ 000000]
P_32_reload_read               (read             ) [ 000000]
P_33_reload_read               (read             ) [ 000000]
P_34_reload_read               (read             ) [ 000000]
P_35_reload_read               (read             ) [ 000000]
store_ln0                      (store            ) [ 000000]
store_ln0                      (store            ) [ 000000]
store_ln0                      (store            ) [ 000000]
store_ln0                      (store            ) [ 000000]
store_ln0                      (store            ) [ 000000]
store_ln0                      (store            ) [ 000000]
store_ln0                      (store            ) [ 000000]
store_ln0                      (store            ) [ 000000]
store_ln0                      (store            ) [ 000000]
store_ln0                      (store            ) [ 000000]
store_ln0                      (store            ) [ 000000]
store_ln0                      (store            ) [ 000000]
store_ln0                      (store            ) [ 000000]
store_ln0                      (store            ) [ 000000]
store_ln0                      (store            ) [ 000000]
store_ln0                      (store            ) [ 000000]
store_ln0                      (store            ) [ 000000]
store_ln0                      (store            ) [ 000000]
store_ln0                      (store            ) [ 000000]
store_ln0                      (store            ) [ 000000]
store_ln0                      (store            ) [ 000000]
store_ln0                      (store            ) [ 000000]
store_ln0                      (store            ) [ 000000]
store_ln0                      (store            ) [ 000000]
store_ln0                      (store            ) [ 000000]
store_ln0                      (store            ) [ 000000]
store_ln0                      (store            ) [ 000000]
store_ln0                      (store            ) [ 000000]
store_ln0                      (store            ) [ 000000]
store_ln0                      (store            ) [ 000000]
store_ln0                      (store            ) [ 000000]
store_ln0                      (store            ) [ 000000]
store_ln0                      (store            ) [ 000000]
store_ln0                      (store            ) [ 000000]
store_ln0                      (store            ) [ 000000]
store_ln0                      (store            ) [ 000000]
store_ln0                      (store            ) [ 000000]
store_ln0                      (store            ) [ 000000]
store_ln0                      (store            ) [ 000000]
br_ln0                         (br               ) [ 000000]
indvar_flatten27_load          (load             ) [ 000000]
specpipeline_ln0               (specpipeline     ) [ 000000]
icmp_ln73                      (icmp             ) [ 011110]
add_ln73                       (add              ) [ 000000]
br_ln73                        (br               ) [ 000000]
j_load                         (load             ) [ 000000]
i_load                         (load             ) [ 000000]
icmp_ln74                      (icmp             ) [ 000000]
select_ln154                   (select           ) [ 011111]
add_ln73_1                     (add              ) [ 000000]
select_ln73                    (select           ) [ 011111]
tmp_s                          (mux              ) [ 000000]
tmp_7                          (mux              ) [ 000000]
tmp_8                          (mux              ) [ 000000]
tmp_9                          (mux              ) [ 000000]
tmp_10                         (mux              ) [ 000000]
tmp_11                         (mux              ) [ 000000]
tmp_12                         (mux              ) [ 011111]
tmp_13                         (mux              ) [ 000000]
tmp_14                         (mux              ) [ 000000]
tmp_15                         (mux              ) [ 000000]
tmp_16                         (mux              ) [ 000000]
tmp_17                         (mux              ) [ 000000]
tmp_18                         (mux              ) [ 000000]
tmp_19                         (mux              ) [ 011111]
switch_ln74                    (switch           ) [ 000000]
switch_ln74                    (switch           ) [ 000000]
switch_ln74                    (switch           ) [ 000000]
switch_ln74                    (switch           ) [ 000000]
switch_ln74                    (switch           ) [ 000000]
switch_ln74                    (switch           ) [ 000000]
switch_ln74                    (switch           ) [ 000000]
add_ln74                       (add              ) [ 000000]
store_ln74                     (store            ) [ 000000]
store_ln74                     (store            ) [ 000000]
store_ln74                     (store            ) [ 000000]
br_ln74                        (br               ) [ 000000]
specloopname_ln0               (specloopname     ) [ 000000]
speclooptripcount_ln0          (speclooptripcount) [ 000000]
specpipeline_ln0               (specpipeline     ) [ 000000]
specloopname_ln74              (specloopname     ) [ 000000]
P_36                           (fadd             ) [ 000000]
store_ln74                     (store            ) [ 000000]
br_ln74                        (br               ) [ 000000]
store_ln74                     (store            ) [ 000000]
br_ln74                        (br               ) [ 000000]
store_ln74                     (store            ) [ 000000]
br_ln74                        (br               ) [ 000000]
store_ln74                     (store            ) [ 000000]
br_ln74                        (br               ) [ 000000]
store_ln74                     (store            ) [ 000000]
br_ln74                        (br               ) [ 000000]
store_ln74                     (store            ) [ 000000]
br_ln74                        (br               ) [ 000000]
store_ln74                     (store            ) [ 000000]
br_ln74                        (br               ) [ 000000]
store_ln74                     (store            ) [ 000000]
br_ln74                        (br               ) [ 000000]
store_ln74                     (store            ) [ 000000]
br_ln74                        (br               ) [ 000000]
store_ln74                     (store            ) [ 000000]
br_ln74                        (br               ) [ 000000]
store_ln74                     (store            ) [ 000000]
br_ln74                        (br               ) [ 000000]
store_ln74                     (store            ) [ 000000]
br_ln74                        (br               ) [ 000000]
store_ln74                     (store            ) [ 000000]
br_ln74                        (br               ) [ 000000]
store_ln74                     (store            ) [ 000000]
br_ln74                        (br               ) [ 000000]
store_ln74                     (store            ) [ 000000]
br_ln74                        (br               ) [ 000000]
store_ln74                     (store            ) [ 000000]
br_ln74                        (br               ) [ 000000]
store_ln74                     (store            ) [ 000000]
br_ln74                        (br               ) [ 000000]
store_ln74                     (store            ) [ 000000]
br_ln74                        (br               ) [ 000000]
store_ln74                     (store            ) [ 000000]
br_ln74                        (br               ) [ 000000]
store_ln74                     (store            ) [ 000000]
br_ln74                        (br               ) [ 000000]
store_ln74                     (store            ) [ 000000]
br_ln74                        (br               ) [ 000000]
store_ln74                     (store            ) [ 000000]
br_ln74                        (br               ) [ 000000]
store_ln74                     (store            ) [ 000000]
br_ln74                        (br               ) [ 000000]
store_ln74                     (store            ) [ 000000]
br_ln74                        (br               ) [ 000000]
store_ln74                     (store            ) [ 000000]
br_ln74                        (br               ) [ 000000]
store_ln74                     (store            ) [ 000000]
br_ln74                        (br               ) [ 000000]
store_ln74                     (store            ) [ 000000]
br_ln74                        (br               ) [ 000000]
store_ln74                     (store            ) [ 000000]
br_ln74                        (br               ) [ 000000]
store_ln74                     (store            ) [ 000000]
br_ln74                        (br               ) [ 000000]
store_ln74                     (store            ) [ 000000]
br_ln74                        (br               ) [ 000000]
store_ln74                     (store            ) [ 000000]
br_ln74                        (br               ) [ 000000]
store_ln74                     (store            ) [ 000000]
br_ln74                        (br               ) [ 000000]
store_ln74                     (store            ) [ 000000]
br_ln74                        (br               ) [ 000000]
store_ln74                     (store            ) [ 000000]
br_ln74                        (br               ) [ 000000]
store_ln74                     (store            ) [ 000000]
br_ln74                        (br               ) [ 000000]
store_ln74                     (store            ) [ 000000]
br_ln74                        (br               ) [ 000000]
P_load                         (load             ) [ 000000]
P_1_load                       (load             ) [ 000000]
P_2_load                       (load             ) [ 000000]
P_3_load                       (load             ) [ 000000]
P_4_load                       (load             ) [ 000000]
P_5_load                       (load             ) [ 000000]
P_6_load                       (load             ) [ 000000]
P_7_load                       (load             ) [ 000000]
P_8_load                       (load             ) [ 000000]
P_9_load                       (load             ) [ 000000]
P_10_load                      (load             ) [ 000000]
P_11_load                      (load             ) [ 000000]
P_12_load                      (load             ) [ 000000]
P_13_load                      (load             ) [ 000000]
P_14_load                      (load             ) [ 000000]
P_15_load                      (load             ) [ 000000]
P_16_load                      (load             ) [ 000000]
P_17_load                      (load             ) [ 000000]
P_18_load                      (load             ) [ 000000]
P_19_load                      (load             ) [ 000000]
P_20_load                      (load             ) [ 000000]
P_21_load                      (load             ) [ 000000]
P_22_load                      (load             ) [ 000000]
P_23_load                      (load             ) [ 000000]
P_24_load                      (load             ) [ 000000]
P_25_load                      (load             ) [ 000000]
P_26_load                      (load             ) [ 000000]
P_27_load                      (load             ) [ 000000]
P_28_load                      (load             ) [ 000000]
P_29_load                      (load             ) [ 000000]
P_30_load                      (load             ) [ 000000]
P_31_load                      (load             ) [ 000000]
P_32_load                      (load             ) [ 000000]
P_33_load                      (load             ) [ 000000]
P_34_load                      (load             ) [ 000000]
P_35_load                      (load             ) [ 000000]
write_ln0                      (write            ) [ 000000]
write_ln0                      (write            ) [ 000000]
write_ln0                      (write            ) [ 000000]
write_ln0                      (write            ) [ 000000]
write_ln0                      (write            ) [ 000000]
write_ln0                      (write            ) [ 000000]
write_ln0                      (write            ) [ 000000]
write_ln0                      (write            ) [ 000000]
write_ln0                      (write            ) [ 000000]
write_ln0                      (write            ) [ 000000]
write_ln0                      (write            ) [ 000000]
write_ln0                      (write            ) [ 000000]
write_ln0                      (write            ) [ 000000]
write_ln0                      (write            ) [ 000000]
write_ln0                      (write            ) [ 000000]
write_ln0                      (write            ) [ 000000]
write_ln0                      (write            ) [ 000000]
write_ln0                      (write            ) [ 000000]
write_ln0                      (write            ) [ 000000]
write_ln0                      (write            ) [ 000000]
write_ln0                      (write            ) [ 000000]
write_ln0                      (write            ) [ 000000]
write_ln0                      (write            ) [ 000000]
write_ln0                      (write            ) [ 000000]
write_ln0                      (write            ) [ 000000]
write_ln0                      (write            ) [ 000000]
write_ln0                      (write            ) [ 000000]
write_ln0                      (write            ) [ 000000]
write_ln0                      (write            ) [ 000000]
write_ln0                      (write            ) [ 000000]
write_ln0                      (write            ) [ 000000]
write_ln0                      (write            ) [ 000000]
write_ln0                      (write            ) [ 000000]
write_ln0                      (write            ) [ 000000]
write_ln0                      (write            ) [ 000000]
write_ln0                      (write            ) [ 000000]
ret_ln0                        (ret              ) [ 000000]
</LifeTime>

<model>

<comp_list>
<comp id="0" class="1000" name="P_35_reload">
<pin_list>
<pin id="1" dir="1" index="0" bw="1" slack="0"/>
</pin_list>
<bind>
<StgValue><ssdm name="P_35_reload"/></StgValue>
</bind>
</comp>

<comp id="2" class="1000" name="P_34_reload">
<pin_list>
<pin id="3" dir="1" index="0" bw="1" slack="0"/>
</pin_list>
<bind>
<StgValue><ssdm name="P_34_reload"/></StgValue>
</bind>
</comp>

<comp id="4" class="1000" name="P_33_reload">
<pin_list>
<pin id="5" dir="1" index="0" bw="1" slack="0"/>
</pin_list>
<bind>
<StgValue><ssdm name="P_33_reload"/></StgValue>
</bind>
</comp>

<comp id="6" class="1000" name="P_32_reload">
<pin_list>
<pin id="7" dir="1" index="0" bw="1" slack="0"/>
</pin_list>
<bind>
<StgValue><ssdm name="P_32_reload"/></StgValue>
</bind>
</comp>

<comp id="8" class="1000" name="P_31_reload">
<pin_list>
<pin id="9" dir="1" index="0" bw="1" slack="0"/>
</pin_list>
<bind>
<StgValue><ssdm name="P_31_reload"/></StgValue>
</bind>
</comp>

<comp id="10" class="1000" name="P_30_reload">
<pin_list>
<pin id="11" dir="1" index="0" bw="1" slack="0"/>
</pin_list>
<bind>
<StgValue><ssdm name="P_30_reload"/></StgValue>
</bind>
</comp>

<comp id="12" class="1000" name="P_29_reload">
<pin_list>
<pin id="13" dir="1" index="0" bw="1" slack="0"/>
</pin_list>
<bind>
<StgValue><ssdm name="P_29_reload"/></StgValue>
</bind>
</comp>

<comp id="14" class="1000" name="P_28_reload">
<pin_list>
<pin id="15" dir="1" index="0" bw="1" slack="0"/>
</pin_list>
<bind>
<StgValue><ssdm name="P_28_reload"/></StgValue>
</bind>
</comp>

<comp id="16" class="1000" name="P_27_reload">
<pin_list>
<pin id="17" dir="1" index="0" bw="1" slack="0"/>
</pin_list>
<bind>
<StgValue><ssdm name="P_27_reload"/></StgValue>
</bind>
</comp>

<comp id="18" class="1000" name="P_26_reload">
<pin_list>
<pin id="19" dir="1" index="0" bw="1" slack="0"/>
</pin_list>
<bind>
<StgValue><ssdm name="P_26_reload"/></StgValue>
</bind>
</comp>

<comp id="20" class="1000" name="P_25_reload">
<pin_list>
<pin id="21" dir="1" index="0" bw="1" slack="0"/>
</pin_list>
<bind>
<StgValue><ssdm name="P_25_reload"/></StgValue>
</bind>
</comp>

<comp id="22" class="1000" name="P_24_reload">
<pin_list>
<pin id="23" dir="1" index="0" bw="1" slack="0"/>
</pin_list>
<bind>
<StgValue><ssdm name="P_24_reload"/></StgValue>
</bind>
</comp>

<comp id="24" class="1000" name="P_23_reload">
<pin_list>
<pin id="25" dir="1" index="0" bw="1" slack="0"/>
</pin_list>
<bind>
<StgValue><ssdm name="P_23_reload"/></StgValue>
</bind>
</comp>

<comp id="26" class="1000" name="P_22_reload">
<pin_list>
<pin id="27" dir="1" index="0" bw="1" slack="0"/>
</pin_list>
<bind>
<StgValue><ssdm name="P_22_reload"/></StgValue>
</bind>
</comp>

<comp id="28" class="1000" name="P_21_reload">
<pin_list>
<pin id="29" dir="1" index="0" bw="1" slack="0"/>
</pin_list>
<bind>
<StgValue><ssdm name="P_21_reload"/></StgValue>
</bind>
</comp>

<comp id="30" class="1000" name="P_20_reload">
<pin_list>
<pin id="31" dir="1" index="0" bw="1" slack="0"/>
</pin_list>
<bind>
<StgValue><ssdm name="P_20_reload"/></StgValue>
</bind>
</comp>

<comp id="32" class="1000" name="P_19_reload">
<pin_list>
<pin id="33" dir="1" index="0" bw="1" slack="0"/>
</pin_list>
<bind>
<StgValue><ssdm name="P_19_reload"/></StgValue>
</bind>
</comp>

<comp id="34" class="1000" name="P_18_reload">
<pin_list>
<pin id="35" dir="1" index="0" bw="1" slack="0"/>
</pin_list>
<bind>
<StgValue><ssdm name="P_18_reload"/></StgValue>
</bind>
</comp>

<comp id="36" class="1000" name="P_17_reload">
<pin_list>
<pin id="37" dir="1" index="0" bw="1" slack="0"/>
</pin_list>
<bind>
<StgValue><ssdm name="P_17_reload"/></StgValue>
</bind>
</comp>

<comp id="38" class="1000" name="P_16_reload">
<pin_list>
<pin id="39" dir="1" index="0" bw="1" slack="0"/>
</pin_list>
<bind>
<StgValue><ssdm name="P_16_reload"/></StgValue>
</bind>
</comp>

<comp id="40" class="1000" name="P_15_reload">
<pin_list>
<pin id="41" dir="1" index="0" bw="1" slack="0"/>
</pin_list>
<bind>
<StgValue><ssdm name="P_15_reload"/></StgValue>
</bind>
</comp>

<comp id="42" class="1000" name="P_14_reload">
<pin_list>
<pin id="43" dir="1" index="0" bw="1" slack="0"/>
</pin_list>
<bind>
<StgValue><ssdm name="P_14_reload"/></StgValue>
</bind>
</comp>

<comp id="44" class="1000" name="P_13_reload">
<pin_list>
<pin id="45" dir="1" index="0" bw="1" slack="0"/>
</pin_list>
<bind>
<StgValue><ssdm name="P_13_reload"/></StgValue>
</bind>
</comp>

<comp id="46" class="1000" name="P_12_reload">
<pin_list>
<pin id="47" dir="1" index="0" bw="1" slack="0"/>
</pin_list>
<bind>
<StgValue><ssdm name="P_12_reload"/></StgValue>
</bind>
</comp>

<comp id="48" class="1000" name="P_11_reload">
<pin_list>
<pin id="49" dir="1" index="0" bw="1" slack="0"/>
</pin_list>
<bind>
<StgValue><ssdm name="P_11_reload"/></StgValue>
</bind>
</comp>

<comp id="50" class="1000" name="P_10_reload">
<pin_list>
<pin id="51" dir="1" index="0" bw="1" slack="0"/>
</pin_list>
<bind>
<StgValue><ssdm name="P_10_reload"/></StgValue>
</bind>
</comp>

<comp id="52" class="1000" name="P_9_reload">
<pin_list>
<pin id="53" dir="1" index="0" bw="1" slack="0"/>
</pin_list>
<bind>
<StgValue><ssdm name="P_9_reload"/></StgValue>
</bind>
</comp>

<comp id="54" class="1000" name="P_8_reload">
<pin_list>
<pin id="55" dir="1" index="0" bw="1" slack="0"/>
</pin_list>
<bind>
<StgValue><ssdm name="P_8_reload"/></StgValue>
</bind>
</comp>

<comp id="56" class="1000" name="P_7_reload">
<pin_list>
<pin id="57" dir="1" index="0" bw="1" slack="0"/>
</pin_list>
<bind>
<StgValue><ssdm name="P_7_reload"/></StgValue>
</bind>
</comp>

<comp id="58" class="1000" name="P_6_reload">
<pin_list>
<pin id="59" dir="1" index="0" bw="1" slack="0"/>
</pin_list>
<bind>
<StgValue><ssdm name="P_6_reload"/></StgValue>
</bind>
</comp>

<comp id="60" class="1000" name="P_5_reload">
<pin_list>
<pin id="61" dir="1" index="0" bw="1" slack="0"/>
</pin_list>
<bind>
<StgValue><ssdm name="P_5_reload"/></StgValue>
</bind>
</comp>

<comp id="62" class="1000" name="P_4_reload">
<pin_list>
<pin id="63" dir="1" index="0" bw="1" slack="0"/>
</pin_list>
<bind>
<StgValue><ssdm name="P_4_reload"/></StgValue>
</bind>
</comp>

<comp id="64" class="1000" name="P_3_reload">
<pin_list>
<pin id="65" dir="1" index="0" bw="1" slack="0"/>
</pin_list>
<bind>
<StgValue><ssdm name="P_3_reload"/></StgValue>
</bind>
</comp>

<comp id="66" class="1000" name="P_2_reload">
<pin_list>
<pin id="67" dir="1" index="0" bw="1" slack="0"/>
</pin_list>
<bind>
<StgValue><ssdm name="P_2_reload"/></StgValue>
</bind>
</comp>

<comp id="68" class="1000" name="P_1_reload">
<pin_list>
<pin id="69" dir="1" index="0" bw="1" slack="0"/>
</pin_list>
<bind>
<StgValue><ssdm name="P_1_reload"/></StgValue>
</bind>
</comp>

<comp id="70" class="1000" name="P_reload">
<pin_list>
<pin id="71" dir="1" index="0" bw="1" slack="0"/>
</pin_list>
<bind>
<StgValue><ssdm name="P_reload"/></StgValue>
</bind>
</comp>

<comp id="72" class="1000" name="mux_case_010992786_reload">
<pin_list>
<pin id="73" dir="1" index="0" bw="1" slack="0"/>
</pin_list>
<bind>
<StgValue><ssdm name="mux_case_010992786_reload"/></StgValue>
</bind>
</comp>

<comp id="74" class="1000" name="mux_case_111012792_reload">
<pin_list>
<pin id="75" dir="1" index="0" bw="1" slack="0"/>
</pin_list>
<bind>
<StgValue><ssdm name="mux_case_111012792_reload"/></StgValue>
</bind>
</comp>

<comp id="76" class="1000" name="mux_case_211032798_reload">
<pin_list>
<pin id="77" dir="1" index="0" bw="1" slack="0"/>
</pin_list>
<bind>
<StgValue><ssdm name="mux_case_211032798_reload"/></StgValue>
</bind>
</comp>

<comp id="78" class="1000" name="mux_case_311052804_reload">
<pin_list>
<pin id="79" dir="1" index="0" bw="1" slack="0"/>
</pin_list>
<bind>
<StgValue><ssdm name="mux_case_311052804_reload"/></StgValue>
</bind>
</comp>

<comp id="80" class="1000" name="mux_case_411072810_reload">
<pin_list>
<pin id="81" dir="1" index="0" bw="1" slack="0"/>
</pin_list>
<bind>
<StgValue><ssdm name="mux_case_411072810_reload"/></StgValue>
</bind>
</comp>

<comp id="82" class="1000" name="mux_case_511092816_reload">
<pin_list>
<pin id="83" dir="1" index="0" bw="1" slack="0"/>
</pin_list>
<bind>
<StgValue><ssdm name="mux_case_511092816_reload"/></StgValue>
</bind>
</comp>

<comp id="84" class="1000" name="mux_case_011122823_reload">
<pin_list>
<pin id="85" dir="1" index="0" bw="1" slack="0"/>
</pin_list>
<bind>
<StgValue><ssdm name="mux_case_011122823_reload"/></StgValue>
</bind>
</comp>

<comp id="86" class="1000" name="mux_case_111142829_reload">
<pin_list>
<pin id="87" dir="1" index="0" bw="1" slack="0"/>
</pin_list>
<bind>
<StgValue><ssdm name="mux_case_111142829_reload"/></StgValue>
</bind>
</comp>

<comp id="88" class="1000" name="mux_case_211162835_reload">
<pin_list>
<pin id="89" dir="1" index="0" bw="1" slack="0"/>
</pin_list>
<bind>
<StgValue><ssdm name="mux_case_211162835_reload"/></StgValue>
</bind>
</comp>

<comp id="90" class="1000" name="mux_case_311182841_reload">
<pin_list>
<pin id="91" dir="1" index="0" bw="1" slack="0"/>
</pin_list>
<bind>
<StgValue><ssdm name="mux_case_311182841_reload"/></StgValue>
</bind>
</comp>

<comp id="92" class="1000" name="mux_case_411202847_reload">
<pin_list>
<pin id="93" dir="1" index="0" bw="1" slack="0"/>
</pin_list>
<bind>
<StgValue><ssdm name="mux_case_411202847_reload"/></StgValue>
</bind>
</comp>

<comp id="94" class="1000" name="mux_case_511222853_reload">
<pin_list>
<pin id="95" dir="1" index="0" bw="1" slack="0"/>
</pin_list>
<bind>
<StgValue><ssdm name="mux_case_511222853_reload"/></StgValue>
</bind>
</comp>

<comp id="96" class="1000" name="mux_case_011252859_reload">
<pin_list>
<pin id="97" dir="1" index="0" bw="1" slack="0"/>
</pin_list>
<bind>
<StgValue><ssdm name="mux_case_011252859_reload"/></StgValue>
</bind>
</comp>

<comp id="98" class="1000" name="mux_case_111272865_reload">
<pin_list>
<pin id="99" dir="1" index="0" bw="1" slack="0"/>
</pin_list>
<bind>
<StgValue><ssdm name="mux_case_111272865_reload"/></StgValue>
</bind>
</comp>

<comp id="100" class="1000" name="mux_case_211292871_reload">
<pin_list>
<pin id="101" dir="1" index="0" bw="1" slack="0"/>
</pin_list>
<bind>
<StgValue><ssdm name="mux_case_211292871_reload"/></StgValue>
</bind>
</comp>

<comp id="102" class="1000" name="mux_case_311312877_reload">
<pin_list>
<pin id="103" dir="1" index="0" bw="1" slack="0"/>
</pin_list>
<bind>
<StgValue><ssdm name="mux_case_311312877_reload"/></StgValue>
</bind>
</comp>

<comp id="104" class="1000" name="mux_case_411332883_reload">
<pin_list>
<pin id="105" dir="1" index="0" bw="1" slack="0"/>
</pin_list>
<bind>
<StgValue><ssdm name="mux_case_411332883_reload"/></StgValue>
</bind>
</comp>

<comp id="106" class="1000" name="mux_case_511352889_reload">
<pin_list>
<pin id="107" dir="1" index="0" bw="1" slack="0"/>
</pin_list>
<bind>
<StgValue><ssdm name="mux_case_511352889_reload"/></StgValue>
</bind>
</comp>

<comp id="108" class="1000" name="mux_case_011382895_reload">
<pin_list>
<pin id="109" dir="1" index="0" bw="1" slack="0"/>
</pin_list>
<bind>
<StgValue><ssdm name="mux_case_011382895_reload"/></StgValue>
</bind>
</comp>

<comp id="110" class="1000" name="mux_case_111402901_reload">
<pin_list>
<pin id="111" dir="1" index="0" bw="1" slack="0"/>
</pin_list>
<bind>
<StgValue><ssdm name="mux_case_111402901_reload"/></StgValue>
</bind>
</comp>

<comp id="112" class="1000" name="mux_case_211422907_reload">
<pin_list>
<pin id="113" dir="1" index="0" bw="1" slack="0"/>
</pin_list>
<bind>
<StgValue><ssdm name="mux_case_211422907_reload"/></StgValue>
</bind>
</comp>

<comp id="114" class="1000" name="mux_case_311442913_reload">
<pin_list>
<pin id="115" dir="1" index="0" bw="1" slack="0"/>
</pin_list>
<bind>
<StgValue><ssdm name="mux_case_311442913_reload"/></StgValue>
</bind>
</comp>

<comp id="116" class="1000" name="mux_case_411462919_reload">
<pin_list>
<pin id="117" dir="1" index="0" bw="1" slack="0"/>
</pin_list>
<bind>
<StgValue><ssdm name="mux_case_411462919_reload"/></StgValue>
</bind>
</comp>

<comp id="118" class="1000" name="mux_case_511482925_reload">
<pin_list>
<pin id="119" dir="1" index="0" bw="1" slack="0"/>
</pin_list>
<bind>
<StgValue><ssdm name="mux_case_511482925_reload"/></StgValue>
</bind>
</comp>

<comp id="120" class="1000" name="mux_case_011512931_reload">
<pin_list>
<pin id="121" dir="1" index="0" bw="1" slack="0"/>
</pin_list>
<bind>
<StgValue><ssdm name="mux_case_011512931_reload"/></StgValue>
</bind>
</comp>

<comp id="122" class="1000" name="mux_case_111532937_reload">
<pin_list>
<pin id="123" dir="1" index="0" bw="1" slack="0"/>
</pin_list>
<bind>
<StgValue><ssdm name="mux_case_111532937_reload"/></StgValue>
</bind>
</comp>

<comp id="124" class="1000" name="mux_case_211552943_reload">
<pin_list>
<pin id="125" dir="1" index="0" bw="1" slack="0"/>
</pin_list>
<bind>
<StgValue><ssdm name="mux_case_211552943_reload"/></StgValue>
</bind>
</comp>

<comp id="126" class="1000" name="mux_case_311572949_reload">
<pin_list>
<pin id="127" dir="1" index="0" bw="1" slack="0"/>
</pin_list>
<bind>
<StgValue><ssdm name="mux_case_311572949_reload"/></StgValue>
</bind>
</comp>

<comp id="128" class="1000" name="mux_case_411592955_reload">
<pin_list>
<pin id="129" dir="1" index="0" bw="1" slack="0"/>
</pin_list>
<bind>
<StgValue><ssdm name="mux_case_411592955_reload"/></StgValue>
</bind>
</comp>

<comp id="130" class="1000" name="mux_case_511612961_reload">
<pin_list>
<pin id="131" dir="1" index="0" bw="1" slack="0"/>
</pin_list>
<bind>
<StgValue><ssdm name="mux_case_511612961_reload"/></StgValue>
</bind>
</comp>

<comp id="132" class="1000" name="mux_case_011642967_reload">
<pin_list>
<pin id="133" dir="1" index="0" bw="1" slack="0"/>
</pin_list>
<bind>
<StgValue><ssdm name="mux_case_011642967_reload"/></StgValue>
</bind>
</comp>

<comp id="134" class="1000" name="mux_case_111662973_reload">
<pin_list>
<pin id="135" dir="1" index="0" bw="1" slack="0"/>
</pin_list>
<bind>
<StgValue><ssdm name="mux_case_111662973_reload"/></StgValue>
</bind>
</comp>

<comp id="136" class="1000" name="mux_case_211682979_reload">
<pin_list>
<pin id="137" dir="1" index="0" bw="1" slack="0"/>
</pin_list>
<bind>
<StgValue><ssdm name="mux_case_211682979_reload"/></StgValue>
</bind>
</comp>

<comp id="138" class="1000" name="mux_case_311702985_reload">
<pin_list>
<pin id="139" dir="1" index="0" bw="1" slack="0"/>
</pin_list>
<bind>
<StgValue><ssdm name="mux_case_311702985_reload"/></StgValue>
</bind>
</comp>

<comp id="140" class="1000" name="mux_case_411722991_reload">
<pin_list>
<pin id="141" dir="1" index="0" bw="1" slack="0"/>
</pin_list>
<bind>
<StgValue><ssdm name="mux_case_411722991_reload"/></StgValue>
</bind>
</comp>

<comp id="142" class="1000" name="mux_case_511742997_reload">
<pin_list>
<pin id="143" dir="1" index="0" bw="1" slack="0"/>
</pin_list>
<bind>
<StgValue><ssdm name="mux_case_511742997_reload"/></StgValue>
</bind>
</comp>

<comp id="144" class="1000" name="Q_reload">
<pin_list>
<pin id="145" dir="1" index="0" bw="1" slack="0"/>
</pin_list>
<bind>
<StgValue><ssdm name="Q_reload"/></StgValue>
</bind>
</comp>

<comp id="146" class="1000" name="Q_1_reload">
<pin_list>
<pin id="147" dir="1" index="0" bw="1" slack="0"/>
</pin_list>
<bind>
<StgValue><ssdm name="Q_1_reload"/></StgValue>
</bind>
</comp>

<comp id="148" class="1000" name="Q_2_reload">
<pin_list>
<pin id="149" dir="1" index="0" bw="1" slack="0"/>
</pin_list>
<bind>
<StgValue><ssdm name="Q_2_reload"/></StgValue>
</bind>
</comp>

<comp id="150" class="1000" name="Q_3_reload">
<pin_list>
<pin id="151" dir="1" index="0" bw="1" slack="0"/>
</pin_list>
<bind>
<StgValue><ssdm name="Q_3_reload"/></StgValue>
</bind>
</comp>

<comp id="152" class="1000" name="Q_4_reload">
<pin_list>
<pin id="153" dir="1" index="0" bw="1" slack="0"/>
</pin_list>
<bind>
<StgValue><ssdm name="Q_4_reload"/></StgValue>
</bind>
</comp>

<comp id="154" class="1000" name="Q_5_reload">
<pin_list>
<pin id="155" dir="1" index="0" bw="1" slack="0"/>
</pin_list>
<bind>
<StgValue><ssdm name="Q_5_reload"/></StgValue>
</bind>
</comp>

<comp id="156" class="1000" name="Q_6_reload">
<pin_list>
<pin id="157" dir="1" index="0" bw="1" slack="0"/>
</pin_list>
<bind>
<StgValue><ssdm name="Q_6_reload"/></StgValue>
</bind>
</comp>

<comp id="158" class="1000" name="Q_7_reload">
<pin_list>
<pin id="159" dir="1" index="0" bw="1" slack="0"/>
</pin_list>
<bind>
<StgValue><ssdm name="Q_7_reload"/></StgValue>
</bind>
</comp>

<comp id="160" class="1000" name="Q_8_reload">
<pin_list>
<pin id="161" dir="1" index="0" bw="1" slack="0"/>
</pin_list>
<bind>
<StgValue><ssdm name="Q_8_reload"/></StgValue>
</bind>
</comp>

<comp id="162" class="1000" name="Q_9_reload">
<pin_list>
<pin id="163" dir="1" index="0" bw="1" slack="0"/>
</pin_list>
<bind>
<StgValue><ssdm name="Q_9_reload"/></StgValue>
</bind>
</comp>

<comp id="164" class="1000" name="Q_10_reload">
<pin_list>
<pin id="165" dir="1" index="0" bw="1" slack="0"/>
</pin_list>
<bind>
<StgValue><ssdm name="Q_10_reload"/></StgValue>
</bind>
</comp>

<comp id="166" class="1000" name="Q_11_reload">
<pin_list>
<pin id="167" dir="1" index="0" bw="1" slack="0"/>
</pin_list>
<bind>
<StgValue><ssdm name="Q_11_reload"/></StgValue>
</bind>
</comp>

<comp id="168" class="1000" name="P_108_out">
<pin_list>
<pin id="169" dir="1" index="0" bw="1" slack="0"/>
</pin_list>
<bind>
<StgValue><ssdm name="P_108_out"/></StgValue>
</bind>
</comp>

<comp id="170" class="1000" name="P_107_out">
<pin_list>
<pin id="171" dir="1" index="0" bw="1" slack="0"/>
</pin_list>
<bind>
<StgValue><ssdm name="P_107_out"/></StgValue>
</bind>
</comp>

<comp id="172" class="1000" name="P_106_out">
<pin_list>
<pin id="173" dir="1" index="0" bw="1" slack="0"/>
</pin_list>
<bind>
<StgValue><ssdm name="P_106_out"/></StgValue>
</bind>
</comp>

<comp id="174" class="1000" name="P_105_out">
<pin_list>
<pin id="175" dir="1" index="0" bw="1" slack="0"/>
</pin_list>
<bind>
<StgValue><ssdm name="P_105_out"/></StgValue>
</bind>
</comp>

<comp id="176" class="1000" name="P_104_out">
<pin_list>
<pin id="177" dir="1" index="0" bw="1" slack="0"/>
</pin_list>
<bind>
<StgValue><ssdm name="P_104_out"/></StgValue>
</bind>
</comp>

<comp id="178" class="1000" name="P_103_out">
<pin_list>
<pin id="179" dir="1" index="0" bw="1" slack="0"/>
</pin_list>
<bind>
<StgValue><ssdm name="P_103_out"/></StgValue>
</bind>
</comp>

<comp id="180" class="1000" name="P_102_out">
<pin_list>
<pin id="181" dir="1" index="0" bw="1" slack="0"/>
</pin_list>
<bind>
<StgValue><ssdm name="P_102_out"/></StgValue>
</bind>
</comp>

<comp id="182" class="1000" name="P_101_out">
<pin_list>
<pin id="183" dir="1" index="0" bw="1" slack="0"/>
</pin_list>
<bind>
<StgValue><ssdm name="P_101_out"/></StgValue>
</bind>
</comp>

<comp id="184" class="1000" name="P_100_out">
<pin_list>
<pin id="185" dir="1" index="0" bw="1" slack="0"/>
</pin_list>
<bind>
<StgValue><ssdm name="P_100_out"/></StgValue>
</bind>
</comp>

<comp id="186" class="1000" name="P_99_out">
<pin_list>
<pin id="187" dir="1" index="0" bw="1" slack="0"/>
</pin_list>
<bind>
<StgValue><ssdm name="P_99_out"/></StgValue>
</bind>
</comp>

<comp id="188" class="1000" name="P_98_out">
<pin_list>
<pin id="189" dir="1" index="0" bw="1" slack="0"/>
</pin_list>
<bind>
<StgValue><ssdm name="P_98_out"/></StgValue>
</bind>
</comp>

<comp id="190" class="1000" name="P_97_out">
<pin_list>
<pin id="191" dir="1" index="0" bw="1" slack="0"/>
</pin_list>
<bind>
<StgValue><ssdm name="P_97_out"/></StgValue>
</bind>
</comp>

<comp id="192" class="1000" name="P_96_out">
<pin_list>
<pin id="193" dir="1" index="0" bw="1" slack="0"/>
</pin_list>
<bind>
<StgValue><ssdm name="P_96_out"/></StgValue>
</bind>
</comp>

<comp id="194" class="1000" name="P_95_out">
<pin_list>
<pin id="195" dir="1" index="0" bw="1" slack="0"/>
</pin_list>
<bind>
<StgValue><ssdm name="P_95_out"/></StgValue>
</bind>
</comp>

<comp id="196" class="1000" name="P_94_out">
<pin_list>
<pin id="197" dir="1" index="0" bw="1" slack="0"/>
</pin_list>
<bind>
<StgValue><ssdm name="P_94_out"/></StgValue>
</bind>
</comp>

<comp id="198" class="1000" name="P_93_out">
<pin_list>
<pin id="199" dir="1" index="0" bw="1" slack="0"/>
</pin_list>
<bind>
<StgValue><ssdm name="P_93_out"/></StgValue>
</bind>
</comp>

<comp id="200" class="1000" name="P_92_out">
<pin_list>
<pin id="201" dir="1" index="0" bw="1" slack="0"/>
</pin_list>
<bind>
<StgValue><ssdm name="P_92_out"/></StgValue>
</bind>
</comp>

<comp id="202" class="1000" name="P_91_out">
<pin_list>
<pin id="203" dir="1" index="0" bw="1" slack="0"/>
</pin_list>
<bind>
<StgValue><ssdm name="P_91_out"/></StgValue>
</bind>
</comp>

<comp id="204" class="1000" name="P_90_out">
<pin_list>
<pin id="205" dir="1" index="0" bw="1" slack="0"/>
</pin_list>
<bind>
<StgValue><ssdm name="P_90_out"/></StgValue>
</bind>
</comp>

<comp id="206" class="1000" name="P_89_out">
<pin_list>
<pin id="207" dir="1" index="0" bw="1" slack="0"/>
</pin_list>
<bind>
<StgValue><ssdm name="P_89_out"/></StgValue>
</bind>
</comp>

<comp id="208" class="1000" name="P_88_out">
<pin_list>
<pin id="209" dir="1" index="0" bw="1" slack="0"/>
</pin_list>
<bind>
<StgValue><ssdm name="P_88_out"/></StgValue>
</bind>
</comp>

<comp id="210" class="1000" name="P_87_out">
<pin_list>
<pin id="211" dir="1" index="0" bw="1" slack="0"/>
</pin_list>
<bind>
<StgValue><ssdm name="P_87_out"/></StgValue>
</bind>
</comp>

<comp id="212" class="1000" name="P_86_out">
<pin_list>
<pin id="213" dir="1" index="0" bw="1" slack="0"/>
</pin_list>
<bind>
<StgValue><ssdm name="P_86_out"/></StgValue>
</bind>
</comp>

<comp id="214" class="1000" name="P_85_out">
<pin_list>
<pin id="215" dir="1" index="0" bw="1" slack="0"/>
</pin_list>
<bind>
<StgValue><ssdm name="P_85_out"/></StgValue>
</bind>
</comp>

<comp id="216" class="1000" name="P_84_out">
<pin_list>
<pin id="217" dir="1" index="0" bw="1" slack="0"/>
</pin_list>
<bind>
<StgValue><ssdm name="P_84_out"/></StgValue>
</bind>
</comp>

<comp id="218" class="1000" name="P_83_out">
<pin_list>
<pin id="219" dir="1" index="0" bw="1" slack="0"/>
</pin_list>
<bind>
<StgValue><ssdm name="P_83_out"/></StgValue>
</bind>
</comp>

<comp id="220" class="1000" name="P_82_out">
<pin_list>
<pin id="221" dir="1" index="0" bw="1" slack="0"/>
</pin_list>
<bind>
<StgValue><ssdm name="P_82_out"/></StgValue>
</bind>
</comp>

<comp id="222" class="1000" name="P_81_out">
<pin_list>
<pin id="223" dir="1" index="0" bw="1" slack="0"/>
</pin_list>
<bind>
<StgValue><ssdm name="P_81_out"/></StgValue>
</bind>
</comp>

<comp id="224" class="1000" name="P_80_out">
<pin_list>
<pin id="225" dir="1" index="0" bw="1" slack="0"/>
</pin_list>
<bind>
<StgValue><ssdm name="P_80_out"/></StgValue>
</bind>
</comp>

<comp id="226" class="1000" name="P_79_out">
<pin_list>
<pin id="227" dir="1" index="0" bw="1" slack="0"/>
</pin_list>
<bind>
<StgValue><ssdm name="P_79_out"/></StgValue>
</bind>
</comp>

<comp id="228" class="1000" name="P_78_out">
<pin_list>
<pin id="229" dir="1" index="0" bw="1" slack="0"/>
</pin_list>
<bind>
<StgValue><ssdm name="P_78_out"/></StgValue>
</bind>
</comp>

<comp id="230" class="1000" name="P_77_out">
<pin_list>
<pin id="231" dir="1" index="0" bw="1" slack="0"/>
</pin_list>
<bind>
<StgValue><ssdm name="P_77_out"/></StgValue>
</bind>
</comp>

<comp id="232" class="1000" name="P_76_out">
<pin_list>
<pin id="233" dir="1" index="0" bw="1" slack="0"/>
</pin_list>
<bind>
<StgValue><ssdm name="P_76_out"/></StgValue>
</bind>
</comp>

<comp id="234" class="1000" name="P_75_out">
<pin_list>
<pin id="235" dir="1" index="0" bw="1" slack="0"/>
</pin_list>
<bind>
<StgValue><ssdm name="P_75_out"/></StgValue>
</bind>
</comp>

<comp id="236" class="1000" name="P_74_out">
<pin_list>
<pin id="237" dir="1" index="0" bw="1" slack="0"/>
</pin_list>
<bind>
<StgValue><ssdm name="P_74_out"/></StgValue>
</bind>
</comp>

<comp id="238" class="1000" name="P_73_out">
<pin_list>
<pin id="239" dir="1" index="0" bw="1" slack="0"/>
</pin_list>
<bind>
<StgValue><ssdm name="P_73_out"/></StgValue>
</bind>
</comp>

<comp id="240" class="1001" name="const_240">
<pin_list>
<pin id="241" dir="1" index="0" bw="1" slack="0"/>
</pin_list>
<bind>
<StgValue><ssdm name=""/></StgValue>
</bind>
</comp>

<comp id="242" class="1001" name="const_242">
<pin_list>
<pin id="243" dir="1" index="0" bw="1" slack="0"/>
</pin_list>
<bind>
<StgValue><ssdm name="_ssdm_op_Read.ap_auto.float"/></StgValue>
</bind>
</comp>

<comp id="244" class="1001" name="const_244">
<pin_list>
<pin id="245" dir="1" index="0" bw="1" slack="0"/>
</pin_list>
<bind>
<StgValue><ssdm name=""/></StgValue>
</bind>
</comp>

<comp id="246" class="1001" name="const_246">
<pin_list>
<pin id="247" dir="1" index="0" bw="1" slack="0"/>
</pin_list>
<bind>
<StgValue><ssdm name=""/></StgValue>
</bind>
</comp>

<comp id="248" class="1001" name="const_248">
<pin_list>
<pin id="249" dir="1" index="0" bw="1" slack="2147483647"/>
</pin_list>
<bind>
<StgValue><ssdm name="_ssdm_op_SpecPipeline"/></StgValue>
</bind>
</comp>

<comp id="250" class="1001" name="const_250">
<pin_list>
<pin id="251" dir="1" index="0" bw="1" slack="2147483647"/>
</pin_list>
<bind>
<StgValue><ssdm name=""/></StgValue>
</bind>
</comp>

<comp id="252" class="1001" name="const_252">
<pin_list>
<pin id="253" dir="1" index="0" bw="1" slack="2147483647"/>
</pin_list>
<bind>
<StgValue><ssdm name=""/></StgValue>
</bind>
</comp>

<comp id="254" class="1001" name="const_254">
<pin_list>
<pin id="255" dir="1" index="0" bw="1" slack="2147483647"/>
</pin_list>
<bind>
<StgValue><ssdm name="p_str"/></StgValue>
</bind>
</comp>

<comp id="256" class="1001" name="const_256">
<pin_list>
<pin id="257" dir="1" index="0" bw="1" slack="0"/>
</pin_list>
<bind>
<StgValue><ssdm name=""/></StgValue>
</bind>
</comp>

<comp id="258" class="1001" name="const_258">
<pin_list>
<pin id="259" dir="1" index="0" bw="1" slack="0"/>
</pin_list>
<bind>
<StgValue><ssdm name=""/></StgValue>
</bind>
</comp>

<comp id="260" class="1001" name="const_260">
<pin_list>
<pin id="261" dir="1" index="0" bw="1" slack="0"/>
</pin_list>
<bind>
<StgValue><ssdm name=""/></StgValue>
</bind>
</comp>

<comp id="262" class="1001" name="const_262">
<pin_list>
<pin id="263" dir="1" index="0" bw="1" slack="0"/>
</pin_list>
<bind>
<StgValue><ssdm name=""/></StgValue>
</bind>
</comp>

<comp id="264" class="1001" name="const_264">
<pin_list>
<pin id="265" dir="1" index="0" bw="1" slack="0"/>
</pin_list>
<bind>
<StgValue><ssdm name="_ssdm_op_Mux.ap_auto.6f32.i3"/></StgValue>
</bind>
</comp>

<comp id="266" class="1001" name="const_266">
<pin_list>
<pin id="267" dir="1" index="0" bw="1" slack="0"/>
</pin_list>
<bind>
<StgValue><ssdm name=""/></StgValue>
</bind>
</comp>

<comp id="268" class="1001" name="const_268">
<pin_list>
<pin id="269" dir="1" index="0" bw="1" slack="2147483647"/>
</pin_list>
<bind>
<StgValue><ssdm name=""/></StgValue>
</bind>
</comp>

<comp id="270" class="1001" name="const_270">
<pin_list>
<pin id="271" dir="1" index="0" bw="1" slack="2147483647"/>
</pin_list>
<bind>
<StgValue><ssdm name=""/></StgValue>
</bind>
</comp>

<comp id="272" class="1001" name="const_272">
<pin_list>
<pin id="273" dir="1" index="0" bw="1" slack="2147483647"/>
</pin_list>
<bind>
<StgValue><ssdm name=""/></StgValue>
</bind>
</comp>

<comp id="274" class="1001" name="const_274">
<pin_list>
<pin id="275" dir="1" index="0" bw="1" slack="2147483647"/>
</pin_list>
<bind>
<StgValue><ssdm name="_ssdm_op_SpecLoopName"/></StgValue>
</bind>
</comp>

<comp id="276" class="1001" name="const_276">
<pin_list>
<pin id="277" dir="1" index="0" bw="1" slack="2147483647"/>
</pin_list>
<bind>
<StgValue><ssdm name="VITIS_LOOP_73_4_VITIS_LOOP_74_5_str"/></StgValue>
</bind>
</comp>

<comp id="278" class="1001" name="const_278">
<pin_list>
<pin id="279" dir="1" index="0" bw="1" slack="2147483647"/>
</pin_list>
<bind>
<StgValue><ssdm name="_ssdm_op_SpecLoopTripCount"/></StgValue>
</bind>
</comp>

<comp id="280" class="1001" name="const_280">
<pin_list>
<pin id="281" dir="1" index="0" bw="1" slack="2147483647"/>
</pin_list>
<bind>
<StgValue><ssdm name=""/></StgValue>
</bind>
</comp>

<comp id="282" class="1001" name="const_282">
<pin_list>
<pin id="283" dir="1" index="0" bw="1" slack="2147483647"/>
</pin_list>
<bind>
<StgValue><ssdm name="empty_12"/></StgValue>
</bind>
</comp>

<comp id="284" class="1001" name="const_284">
<pin_list>
<pin id="285" dir="1" index="0" bw="1" slack="0"/>
</pin_list>
<bind>
<StgValue><ssdm name="_ssdm_op_Write.ap_auto.floatP0A"/></StgValue>
</bind>
</comp>

<comp id="286" class="1004" name="j_fu_286">
<pin_list>
<pin id="287" dir="0" index="0" bw="1" slack="0"/>
<pin id="288" dir="1" index="1" bw="3" slack="0"/>
</pin_list>
<bind>
<opcode="alloca(26) " fcode="alloca"/>
<opset="j/1 "/>
</bind>
</comp>

<comp id="290" class="1004" name="i_fu_290">
<pin_list>
<pin id="291" dir="0" index="0" bw="1" slack="0"/>
<pin id="292" dir="1" index="1" bw="3" slack="0"/>
</pin_list>
<bind>
<opcode="alloca(26) " fcode="alloca"/>
<opset="i/1 "/>
</bind>
</comp>

<comp id="294" class="1004" name="indvar_flatten27_fu_294">
<pin_list>
<pin id="295" dir="0" index="0" bw="1" slack="0"/>
<pin id="296" dir="1" index="1" bw="6" slack="0"/>
</pin_list>
<bind>
<opcode="alloca(26) " fcode="alloca"/>
<opset="indvar_flatten27/1 "/>
</bind>
</comp>

<comp id="298" class="1004" name="P_fu_298">
<pin_list>
<pin id="299" dir="0" index="0" bw="1" slack="0"/>
<pin id="300" dir="1" index="1" bw="32" slack="0"/>
</pin_list>
<bind>
<opcode="alloca(26) " fcode="alloca"/>
<opset="P/1 "/>
</bind>
</comp>

<comp id="302" class="1004" name="P_1_fu_302">
<pin_list>
<pin id="303" dir="0" index="0" bw="1" slack="0"/>
<pin id="304" dir="1" index="1" bw="32" slack="0"/>
</pin_list>
<bind>
<opcode="alloca(26) " fcode="alloca"/>
<opset="P_1/1 "/>
</bind>
</comp>

<comp id="306" class="1004" name="P_2_fu_306">
<pin_list>
<pin id="307" dir="0" index="0" bw="1" slack="0"/>
<pin id="308" dir="1" index="1" bw="32" slack="0"/>
</pin_list>
<bind>
<opcode="alloca(26) " fcode="alloca"/>
<opset="P_2/1 "/>
</bind>
</comp>

<comp id="310" class="1004" name="P_3_fu_310">
<pin_list>
<pin id="311" dir="0" index="0" bw="1" slack="0"/>
<pin id="312" dir="1" index="1" bw="32" slack="0"/>
</pin_list>
<bind>
<opcode="alloca(26) " fcode="alloca"/>
<opset="P_3/1 "/>
</bind>
</comp>

<comp id="314" class="1004" name="P_4_fu_314">
<pin_list>
<pin id="315" dir="0" index="0" bw="1" slack="0"/>
<pin id="316" dir="1" index="1" bw="32" slack="0"/>
</pin_list>
<bind>
<opcode="alloca(26) " fcode="alloca"/>
<opset="P_4/1 "/>
</bind>
</comp>

<comp id="318" class="1004" name="P_5_fu_318">
<pin_list>
<pin id="319" dir="0" index="0" bw="1" slack="0"/>
<pin id="320" dir="1" index="1" bw="32" slack="0"/>
</pin_list>
<bind>
<opcode="alloca(26) " fcode="alloca"/>
<opset="P_5/1 "/>
</bind>
</comp>

<comp id="322" class="1004" name="P_6_fu_322">
<pin_list>
<pin id="323" dir="0" index="0" bw="1" slack="0"/>
<pin id="324" dir="1" index="1" bw="32" slack="0"/>
</pin_list>
<bind>
<opcode="alloca(26) " fcode="alloca"/>
<opset="P_6/1 "/>
</bind>
</comp>

<comp id="326" class="1004" name="P_7_fu_326">
<pin_list>
<pin id="327" dir="0" index="0" bw="1" slack="0"/>
<pin id="328" dir="1" index="1" bw="32" slack="0"/>
</pin_list>
<bind>
<opcode="alloca(26) " fcode="alloca"/>
<opset="P_7/1 "/>
</bind>
</comp>

<comp id="330" class="1004" name="P_8_fu_330">
<pin_list>
<pin id="331" dir="0" index="0" bw="1" slack="0"/>
<pin id="332" dir="1" index="1" bw="32" slack="0"/>
</pin_list>
<bind>
<opcode="alloca(26) " fcode="alloca"/>
<opset="P_8/1 "/>
</bind>
</comp>

<comp id="334" class="1004" name="P_9_fu_334">
<pin_list>
<pin id="335" dir="0" index="0" bw="1" slack="0"/>
<pin id="336" dir="1" index="1" bw="32" slack="0"/>
</pin_list>
<bind>
<opcode="alloca(26) " fcode="alloca"/>
<opset="P_9/1 "/>
</bind>
</comp>

<comp id="338" class="1004" name="P_10_fu_338">
<pin_list>
<pin id="339" dir="0" index="0" bw="1" slack="0"/>
<pin id="340" dir="1" index="1" bw="32" slack="0"/>
</pin_list>
<bind>
<opcode="alloca(26) " fcode="alloca"/>
<opset="P_10/1 "/>
</bind>
</comp>

<comp id="342" class="1004" name="P_11_fu_342">
<pin_list>
<pin id="343" dir="0" index="0" bw="1" slack="0"/>
<pin id="344" dir="1" index="1" bw="32" slack="0"/>
</pin_list>
<bind>
<opcode="alloca(26) " fcode="alloca"/>
<opset="P_11/1 "/>
</bind>
</comp>

<comp id="346" class="1004" name="P_12_fu_346">
<pin_list>
<pin id="347" dir="0" index="0" bw="1" slack="0"/>
<pin id="348" dir="1" index="1" bw="32" slack="0"/>
</pin_list>
<bind>
<opcode="alloca(26) " fcode="alloca"/>
<opset="P_12/1 "/>
</bind>
</comp>

<comp id="350" class="1004" name="P_13_fu_350">
<pin_list>
<pin id="351" dir="0" index="0" bw="1" slack="0"/>
<pin id="352" dir="1" index="1" bw="32" slack="0"/>
</pin_list>
<bind>
<opcode="alloca(26) " fcode="alloca"/>
<opset="P_13/1 "/>
</bind>
</comp>

<comp id="354" class="1004" name="P_14_fu_354">
<pin_list>
<pin id="355" dir="0" index="0" bw="1" slack="0"/>
<pin id="356" dir="1" index="1" bw="32" slack="0"/>
</pin_list>
<bind>
<opcode="alloca(26) " fcode="alloca"/>
<opset="P_14/1 "/>
</bind>
</comp>

<comp id="358" class="1004" name="P_15_fu_358">
<pin_list>
<pin id="359" dir="0" index="0" bw="1" slack="0"/>
<pin id="360" dir="1" index="1" bw="32" slack="0"/>
</pin_list>
<bind>
<opcode="alloca(26) " fcode="alloca"/>
<opset="P_15/1 "/>
</bind>
</comp>

<comp id="362" class="1004" name="P_16_fu_362">
<pin_list>
<pin id="363" dir="0" index="0" bw="1" slack="0"/>
<pin id="364" dir="1" index="1" bw="32" slack="0"/>
</pin_list>
<bind>
<opcode="alloca(26) " fcode="alloca"/>
<opset="P_16/1 "/>
</bind>
</comp>

<comp id="366" class="1004" name="P_17_fu_366">
<pin_list>
<pin id="367" dir="0" index="0" bw="1" slack="0"/>
<pin id="368" dir="1" index="1" bw="32" slack="0"/>
</pin_list>
<bind>
<opcode="alloca(26) " fcode="alloca"/>
<opset="P_17/1 "/>
</bind>
</comp>

<comp id="370" class="1004" name="P_18_fu_370">
<pin_list>
<pin id="371" dir="0" index="0" bw="1" slack="0"/>
<pin id="372" dir="1" index="1" bw="32" slack="0"/>
</pin_list>
<bind>
<opcode="alloca(26) " fcode="alloca"/>
<opset="P_18/1 "/>
</bind>
</comp>

<comp id="374" class="1004" name="P_19_fu_374">
<pin_list>
<pin id="375" dir="0" index="0" bw="1" slack="0"/>
<pin id="376" dir="1" index="1" bw="32" slack="0"/>
</pin_list>
<bind>
<opcode="alloca(26) " fcode="alloca"/>
<opset="P_19/1 "/>
</bind>
</comp>

<comp id="378" class="1004" name="P_20_fu_378">
<pin_list>
<pin id="379" dir="0" index="0" bw="1" slack="0"/>
<pin id="380" dir="1" index="1" bw="32" slack="0"/>
</pin_list>
<bind>
<opcode="alloca(26) " fcode="alloca"/>
<opset="P_20/1 "/>
</bind>
</comp>

<comp id="382" class="1004" name="P_21_fu_382">
<pin_list>
<pin id="383" dir="0" index="0" bw="1" slack="0"/>
<pin id="384" dir="1" index="1" bw="32" slack="0"/>
</pin_list>
<bind>
<opcode="alloca(26) " fcode="alloca"/>
<opset="P_21/1 "/>
</bind>
</comp>

<comp id="386" class="1004" name="P_22_fu_386">
<pin_list>
<pin id="387" dir="0" index="0" bw="1" slack="0"/>
<pin id="388" dir="1" index="1" bw="32" slack="0"/>
</pin_list>
<bind>
<opcode="alloca(26) " fcode="alloca"/>
<opset="P_22/1 "/>
</bind>
</comp>

<comp id="390" class="1004" name="P_23_fu_390">
<pin_list>
<pin id="391" dir="0" index="0" bw="1" slack="0"/>
<pin id="392" dir="1" index="1" bw="32" slack="0"/>
</pin_list>
<bind>
<opcode="alloca(26) " fcode="alloca"/>
<opset="P_23/1 "/>
</bind>
</comp>

<comp id="394" class="1004" name="P_24_fu_394">
<pin_list>
<pin id="395" dir="0" index="0" bw="1" slack="0"/>
<pin id="396" dir="1" index="1" bw="32" slack="0"/>
</pin_list>
<bind>
<opcode="alloca(26) " fcode="alloca"/>
<opset="P_24/1 "/>
</bind>
</comp>

<comp id="398" class="1004" name="P_25_fu_398">
<pin_list>
<pin id="399" dir="0" index="0" bw="1" slack="0"/>
<pin id="400" dir="1" index="1" bw="32" slack="0"/>
</pin_list>
<bind>
<opcode="alloca(26) " fcode="alloca"/>
<opset="P_25/1 "/>
</bind>
</comp>

<comp id="402" class="1004" name="P_26_fu_402">
<pin_list>
<pin id="403" dir="0" index="0" bw="1" slack="0"/>
<pin id="404" dir="1" index="1" bw="32" slack="0"/>
</pin_list>
<bind>
<opcode="alloca(26) " fcode="alloca"/>
<opset="P_26/1 "/>
</bind>
</comp>

<comp id="406" class="1004" name="P_27_fu_406">
<pin_list>
<pin id="407" dir="0" index="0" bw="1" slack="0"/>
<pin id="408" dir="1" index="1" bw="32" slack="0"/>
</pin_list>
<bind>
<opcode="alloca(26) " fcode="alloca"/>
<opset="P_27/1 "/>
</bind>
</comp>

<comp id="410" class="1004" name="P_28_fu_410">
<pin_list>
<pin id="411" dir="0" index="0" bw="1" slack="0"/>
<pin id="412" dir="1" index="1" bw="32" slack="0"/>
</pin_list>
<bind>
<opcode="alloca(26) " fcode="alloca"/>
<opset="P_28/1 "/>
</bind>
</comp>

<comp id="414" class="1004" name="P_29_fu_414">
<pin_list>
<pin id="415" dir="0" index="0" bw="1" slack="0"/>
<pin id="416" dir="1" index="1" bw="32" slack="0"/>
</pin_list>
<bind>
<opcode="alloca(26) " fcode="alloca"/>
<opset="P_29/1 "/>
</bind>
</comp>

<comp id="418" class="1004" name="P_30_fu_418">
<pin_list>
<pin id="419" dir="0" index="0" bw="1" slack="0"/>
<pin id="420" dir="1" index="1" bw="32" slack="0"/>
</pin_list>
<bind>
<opcode="alloca(26) " fcode="alloca"/>
<opset="P_30/1 "/>
</bind>
</comp>

<comp id="422" class="1004" name="P_31_fu_422">
<pin_list>
<pin id="423" dir="0" index="0" bw="1" slack="0"/>
<pin id="424" dir="1" index="1" bw="32" slack="0"/>
</pin_list>
<bind>
<opcode="alloca(26) " fcode="alloca"/>
<opset="P_31/1 "/>
</bind>
</comp>

<comp id="426" class="1004" name="P_32_fu_426">
<pin_list>
<pin id="427" dir="0" index="0" bw="1" slack="0"/>
<pin id="428" dir="1" index="1" bw="32" slack="0"/>
</pin_list>
<bind>
<opcode="alloca(26) " fcode="alloca"/>
<opset="P_32/1 "/>
</bind>
</comp>

<comp id="430" class="1004" name="P_33_fu_430">
<pin_list>
<pin id="431" dir="0" index="0" bw="1" slack="0"/>
<pin id="432" dir="1" index="1" bw="32" slack="0"/>
</pin_list>
<bind>
<opcode="alloca(26) " fcode="alloca"/>
<opset="P_33/1 "/>
</bind>
</comp>

<comp id="434" class="1004" name="P_34_fu_434">
<pin_list>
<pin id="435" dir="0" index="0" bw="1" slack="0"/>
<pin id="436" dir="1" index="1" bw="32" slack="0"/>
</pin_list>
<bind>
<opcode="alloca(26) " fcode="alloca"/>
<opset="P_34/1 "/>
</bind>
</comp>

<comp id="438" class="1004" name="P_35_fu_438">
<pin_list>
<pin id="439" dir="0" index="0" bw="1" slack="0"/>
<pin id="440" dir="1" index="1" bw="32" slack="0"/>
</pin_list>
<bind>
<opcode="alloca(26) " fcode="alloca"/>
<opset="P_35/1 "/>
</bind>
</comp>

<comp id="442" class="1004" name="Q_11_reload_read_read_fu_442">
<pin_list>
<pin id="443" dir="0" index="0" bw="32" slack="0"/>
<pin id="444" dir="0" index="1" bw="32" slack="0"/>
<pin id="445" dir="1" index="2" bw="32" slack="0"/>
</pin_list>
<bind>
<opcode="read(1150) " fcode="read"/>
<opset="Q_11_reload_read/1 "/>
</bind>
</comp>

<comp id="448" class="1004" name="Q_10_reload_read_read_fu_448">
<pin_list>
<pin id="449" dir="0" index="0" bw="32" slack="0"/>
<pin id="450" dir="0" index="1" bw="32" slack="0"/>
<pin id="451" dir="1" index="2" bw="32" slack="0"/>
</pin_list>
<bind>
<opcode="read(1150) " fcode="read"/>
<opset="Q_10_reload_read/1 "/>
</bind>
</comp>

<comp id="454" class="1004" name="Q_9_reload_read_read_fu_454">
<pin_list>
<pin id="455" dir="0" index="0" bw="32" slack="0"/>
<pin id="456" dir="0" index="1" bw="32" slack="0"/>
<pin id="457" dir="1" index="2" bw="32" slack="0"/>
</pin_list>
<bind>
<opcode="read(1150) " fcode="read"/>
<opset="Q_9_reload_read/1 "/>
</bind>
</comp>

<comp id="460" class="1004" name="Q_8_reload_read_read_fu_460">
<pin_list>
<pin id="461" dir="0" index="0" bw="32" slack="0"/>
<pin id="462" dir="0" index="1" bw="32" slack="0"/>
<pin id="463" dir="1" index="2" bw="32" slack="0"/>
</pin_list>
<bind>
<opcode="read(1150) " fcode="read"/>
<opset="Q_8_reload_read/1 "/>
</bind>
</comp>

<comp id="466" class="1004" name="Q_7_reload_read_read_fu_466">
<pin_list>
<pin id="467" dir="0" index="0" bw="32" slack="0"/>
<pin id="468" dir="0" index="1" bw="32" slack="0"/>
<pin id="469" dir="1" index="2" bw="32" slack="0"/>
</pin_list>
<bind>
<opcode="read(1150) " fcode="read"/>
<opset="Q_7_reload_read/1 "/>
</bind>
</comp>

<comp id="472" class="1004" name="Q_6_reload_read_read_fu_472">
<pin_list>
<pin id="473" dir="0" index="0" bw="32" slack="0"/>
<pin id="474" dir="0" index="1" bw="32" slack="0"/>
<pin id="475" dir="1" index="2" bw="32" slack="0"/>
</pin_list>
<bind>
<opcode="read(1150) " fcode="read"/>
<opset="Q_6_reload_read/1 "/>
</bind>
</comp>

<comp id="478" class="1004" name="Q_5_reload_read_read_fu_478">
<pin_list>
<pin id="479" dir="0" index="0" bw="32" slack="0"/>
<pin id="480" dir="0" index="1" bw="32" slack="0"/>
<pin id="481" dir="1" index="2" bw="32" slack="0"/>
</pin_list>
<bind>
<opcode="read(1150) " fcode="read"/>
<opset="Q_5_reload_read/1 "/>
</bind>
</comp>

<comp id="484" class="1004" name="Q_4_reload_read_read_fu_484">
<pin_list>
<pin id="485" dir="0" index="0" bw="32" slack="0"/>
<pin id="486" dir="0" index="1" bw="32" slack="0"/>
<pin id="487" dir="1" index="2" bw="32" slack="0"/>
</pin_list>
<bind>
<opcode="read(1150) " fcode="read"/>
<opset="Q_4_reload_read/1 "/>
</bind>
</comp>

<comp id="490" class="1004" name="Q_3_reload_read_read_fu_490">
<pin_list>
<pin id="491" dir="0" index="0" bw="32" slack="0"/>
<pin id="492" dir="0" index="1" bw="32" slack="0"/>
<pin id="493" dir="1" index="2" bw="32" slack="0"/>
</pin_list>
<bind>
<opcode="read(1150) " fcode="read"/>
<opset="Q_3_reload_read/1 "/>
</bind>
</comp>

<comp id="496" class="1004" name="Q_2_reload_read_read_fu_496">
<pin_list>
<pin id="497" dir="0" index="0" bw="32" slack="0"/>
<pin id="498" dir="0" index="1" bw="32" slack="0"/>
<pin id="499" dir="1" index="2" bw="32" slack="0"/>
</pin_list>
<bind>
<opcode="read(1150) " fcode="read"/>
<opset="Q_2_reload_read/1 "/>
</bind>
</comp>

<comp id="502" class="1004" name="Q_1_reload_read_read_fu_502">
<pin_list>
<pin id="503" dir="0" index="0" bw="32" slack="0"/>
<pin id="504" dir="0" index="1" bw="32" slack="0"/>
<pin id="505" dir="1" index="2" bw="32" slack="0"/>
</pin_list>
<bind>
<opcode="read(1150) " fcode="read"/>
<opset="Q_1_reload_read/1 "/>
</bind>
</comp>

<comp id="508" class="1004" name="Q_reload_read_read_fu_508">
<pin_list>
<pin id="509" dir="0" index="0" bw="32" slack="0"/>
<pin id="510" dir="0" index="1" bw="32" slack="0"/>
<pin id="511" dir="1" index="2" bw="32" slack="0"/>
</pin_list>
<bind>
<opcode="read(1150) " fcode="read"/>
<opset="Q_reload_read/1 "/>
</bind>
</comp>

<comp id="514" class="1004" name="mux_case_511742997_reload_read_read_fu_514">
<pin_list>
<pin id="515" dir="0" index="0" bw="32" slack="0"/>
<pin id="516" dir="0" index="1" bw="32" slack="0"/>
<pin id="517" dir="1" index="2" bw="32" slack="0"/>
</pin_list>
<bind>
<opcode="read(1150) " fcode="read"/>
<opset="mux_case_511742997_reload_read/1 "/>
</bind>
</comp>

<comp id="520" class="1004" name="mux_case_411722991_reload_read_read_fu_520">
<pin_list>
<pin id="521" dir="0" index="0" bw="32" slack="0"/>
<pin id="522" dir="0" index="1" bw="32" slack="0"/>
<pin id="523" dir="1" index="2" bw="32" slack="0"/>
</pin_list>
<bind>
<opcode="read(1150) " fcode="read"/>
<opset="mux_case_411722991_reload_read/1 "/>
</bind>
</comp>

<comp id="526" class="1004" name="mux_case_311702985_reload_read_read_fu_526">
<pin_list>
<pin id="527" dir="0" index="0" bw="32" slack="0"/>
<pin id="528" dir="0" index="1" bw="32" slack="0"/>
<pin id="529" dir="1" index="2" bw="32" slack="0"/>
</pin_list>
<bind>
<opcode="read(1150) " fcode="read"/>
<opset="mux_case_311702985_reload_read/1 "/>
</bind>
</comp>

<comp id="532" class="1004" name="mux_case_211682979_reload_read_read_fu_532">
<pin_list>
<pin id="533" dir="0" index="0" bw="32" slack="0"/>
<pin id="534" dir="0" index="1" bw="32" slack="0"/>
<pin id="535" dir="1" index="2" bw="32" slack="0"/>
</pin_list>
<bind>
<opcode="read(1150) " fcode="read"/>
<opset="mux_case_211682979_reload_read/1 "/>
</bind>
</comp>

<comp id="538" class="1004" name="mux_case_111662973_reload_read_read_fu_538">
<pin_list>
<pin id="539" dir="0" index="0" bw="32" slack="0"/>
<pin id="540" dir="0" index="1" bw="32" slack="0"/>
<pin id="541" dir="1" index="2" bw="32" slack="0"/>
</pin_list>
<bind>
<opcode="read(1150) " fcode="read"/>
<opset="mux_case_111662973_reload_read/1 "/>
</bind>
</comp>

<comp id="544" class="1004" name="mux_case_011642967_reload_read_read_fu_544">
<pin_list>
<pin id="545" dir="0" index="0" bw="32" slack="0"/>
<pin id="546" dir="0" index="1" bw="32" slack="0"/>
<pin id="547" dir="1" index="2" bw="32" slack="0"/>
</pin_list>
<bind>
<opcode="read(1150) " fcode="read"/>
<opset="mux_case_011642967_reload_read/1 "/>
</bind>
</comp>

<comp id="550" class="1004" name="mux_case_511612961_reload_read_read_fu_550">
<pin_list>
<pin id="551" dir="0" index="0" bw="32" slack="0"/>
<pin id="552" dir="0" index="1" bw="32" slack="0"/>
<pin id="553" dir="1" index="2" bw="32" slack="0"/>
</pin_list>
<bind>
<opcode="read(1150) " fcode="read"/>
<opset="mux_case_511612961_reload_read/1 "/>
</bind>
</comp>

<comp id="556" class="1004" name="mux_case_411592955_reload_read_read_fu_556">
<pin_list>
<pin id="557" dir="0" index="0" bw="32" slack="0"/>
<pin id="558" dir="0" index="1" bw="32" slack="0"/>
<pin id="559" dir="1" index="2" bw="32" slack="0"/>
</pin_list>
<bind>
<opcode="read(1150) " fcode="read"/>
<opset="mux_case_411592955_reload_read/1 "/>
</bind>
</comp>

<comp id="562" class="1004" name="mux_case_311572949_reload_read_read_fu_562">
<pin_list>
<pin id="563" dir="0" index="0" bw="32" slack="0"/>
<pin id="564" dir="0" index="1" bw="32" slack="0"/>
<pin id="565" dir="1" index="2" bw="32" slack="0"/>
</pin_list>
<bind>
<opcode="read(1150) " fcode="read"/>
<opset="mux_case_311572949_reload_read/1 "/>
</bind>
</comp>

<comp id="568" class="1004" name="mux_case_211552943_reload_read_read_fu_568">
<pin_list>
<pin id="569" dir="0" index="0" bw="32" slack="0"/>
<pin id="570" dir="0" index="1" bw="32" slack="0"/>
<pin id="571" dir="1" index="2" bw="32" slack="0"/>
</pin_list>
<bind>
<opcode="read(1150) " fcode="read"/>
<opset="mux_case_211552943_reload_read/1 "/>
</bind>
</comp>

<comp id="574" class="1004" name="mux_case_111532937_reload_read_read_fu_574">
<pin_list>
<pin id="575" dir="0" index="0" bw="32" slack="0"/>
<pin id="576" dir="0" index="1" bw="32" slack="0"/>
<pin id="577" dir="1" index="2" bw="32" slack="0"/>
</pin_list>
<bind>
<opcode="read(1150) " fcode="read"/>
<opset="mux_case_111532937_reload_read/1 "/>
</bind>
</comp>

<comp id="580" class="1004" name="mux_case_011512931_reload_read_read_fu_580">
<pin_list>
<pin id="581" dir="0" index="0" bw="32" slack="0"/>
<pin id="582" dir="0" index="1" bw="32" slack="0"/>
<pin id="583" dir="1" index="2" bw="32" slack="0"/>
</pin_list>
<bind>
<opcode="read(1150) " fcode="read"/>
<opset="mux_case_011512931_reload_read/1 "/>
</bind>
</comp>

<comp id="586" class="1004" name="mux_case_511482925_reload_read_read_fu_586">
<pin_list>
<pin id="587" dir="0" index="0" bw="32" slack="0"/>
<pin id="588" dir="0" index="1" bw="32" slack="0"/>
<pin id="589" dir="1" index="2" bw="32" slack="0"/>
</pin_list>
<bind>
<opcode="read(1150) " fcode="read"/>
<opset="mux_case_511482925_reload_read/1 "/>
</bind>
</comp>

<comp id="592" class="1004" name="mux_case_411462919_reload_read_read_fu_592">
<pin_list>
<pin id="593" dir="0" index="0" bw="32" slack="0"/>
<pin id="594" dir="0" index="1" bw="32" slack="0"/>
<pin id="595" dir="1" index="2" bw="32" slack="0"/>
</pin_list>
<bind>
<opcode="read(1150) " fcode="read"/>
<opset="mux_case_411462919_reload_read/1 "/>
</bind>
</comp>

<comp id="598" class="1004" name="mux_case_311442913_reload_read_read_fu_598">
<pin_list>
<pin id="599" dir="0" index="0" bw="32" slack="0"/>
<pin id="600" dir="0" index="1" bw="32" slack="0"/>
<pin id="601" dir="1" index="2" bw="32" slack="0"/>
</pin_list>
<bind>
<opcode="read(1150) " fcode="read"/>
<opset="mux_case_311442913_reload_read/1 "/>
</bind>
</comp>

<comp id="604" class="1004" name="mux_case_211422907_reload_read_read_fu_604">
<pin_list>
<pin id="605" dir="0" index="0" bw="32" slack="0"/>
<pin id="606" dir="0" index="1" bw="32" slack="0"/>
<pin id="607" dir="1" index="2" bw="32" slack="0"/>
</pin_list>
<bind>
<opcode="read(1150) " fcode="read"/>
<opset="mux_case_211422907_reload_read/1 "/>
</bind>
</comp>

<comp id="610" class="1004" name="mux_case_111402901_reload_read_read_fu_610">
<pin_list>
<pin id="611" dir="0" index="0" bw="32" slack="0"/>
<pin id="612" dir="0" index="1" bw="32" slack="0"/>
<pin id="613" dir="1" index="2" bw="32" slack="0"/>
</pin_list>
<bind>
<opcode="read(1150) " fcode="read"/>
<opset="mux_case_111402901_reload_read/1 "/>
</bind>
</comp>

<comp id="616" class="1004" name="mux_case_011382895_reload_read_read_fu_616">
<pin_list>
<pin id="617" dir="0" index="0" bw="32" slack="0"/>
<pin id="618" dir="0" index="1" bw="32" slack="0"/>
<pin id="619" dir="1" index="2" bw="32" slack="0"/>
</pin_list>
<bind>
<opcode="read(1150) " fcode="read"/>
<opset="mux_case_011382895_reload_read/1 "/>
</bind>
</comp>

<comp id="622" class="1004" name="mux_case_511352889_reload_read_read_fu_622">
<pin_list>
<pin id="623" dir="0" index="0" bw="32" slack="0"/>
<pin id="624" dir="0" index="1" bw="32" slack="0"/>
<pin id="625" dir="1" index="2" bw="32" slack="0"/>
</pin_list>
<bind>
<opcode="read(1150) " fcode="read"/>
<opset="mux_case_511352889_reload_read/1 "/>
</bind>
</comp>

<comp id="628" class="1004" name="mux_case_411332883_reload_read_read_fu_628">
<pin_list>
<pin id="629" dir="0" index="0" bw="32" slack="0"/>
<pin id="630" dir="0" index="1" bw="32" slack="0"/>
<pin id="631" dir="1" index="2" bw="32" slack="0"/>
</pin_list>
<bind>
<opcode="read(1150) " fcode="read"/>
<opset="mux_case_411332883_reload_read/1 "/>
</bind>
</comp>

<comp id="634" class="1004" name="mux_case_311312877_reload_read_read_fu_634">
<pin_list>
<pin id="635" dir="0" index="0" bw="32" slack="0"/>
<pin id="636" dir="0" index="1" bw="32" slack="0"/>
<pin id="637" dir="1" index="2" bw="32" slack="0"/>
</pin_list>
<bind>
<opcode="read(1150) " fcode="read"/>
<opset="mux_case_311312877_reload_read/1 "/>
</bind>
</comp>

<comp id="640" class="1004" name="mux_case_211292871_reload_read_read_fu_640">
<pin_list>
<pin id="641" dir="0" index="0" bw="32" slack="0"/>
<pin id="642" dir="0" index="1" bw="32" slack="0"/>
<pin id="643" dir="1" index="2" bw="32" slack="0"/>
</pin_list>
<bind>
<opcode="read(1150) " fcode="read"/>
<opset="mux_case_211292871_reload_read/1 "/>
</bind>
</comp>

<comp id="646" class="1004" name="mux_case_111272865_reload_read_read_fu_646">
<pin_list>
<pin id="647" dir="0" index="0" bw="32" slack="0"/>
<pin id="648" dir="0" index="1" bw="32" slack="0"/>
<pin id="649" dir="1" index="2" bw="32" slack="0"/>
</pin_list>
<bind>
<opcode="read(1150) " fcode="read"/>
<opset="mux_case_111272865_reload_read/1 "/>
</bind>
</comp>

<comp id="652" class="1004" name="mux_case_011252859_reload_read_read_fu_652">
<pin_list>
<pin id="653" dir="0" index="0" bw="32" slack="0"/>
<pin id="654" dir="0" index="1" bw="32" slack="0"/>
<pin id="655" dir="1" index="2" bw="32" slack="0"/>
</pin_list>
<bind>
<opcode="read(1150) " fcode="read"/>
<opset="mux_case_011252859_reload_read/1 "/>
</bind>
</comp>

<comp id="658" class="1004" name="mux_case_511222853_reload_read_read_fu_658">
<pin_list>
<pin id="659" dir="0" index="0" bw="32" slack="0"/>
<pin id="660" dir="0" index="1" bw="32" slack="0"/>
<pin id="661" dir="1" index="2" bw="32" slack="0"/>
</pin_list>
<bind>
<opcode="read(1150) " fcode="read"/>
<opset="mux_case_511222853_reload_read/1 "/>
</bind>
</comp>

<comp id="664" class="1004" name="mux_case_411202847_reload_read_read_fu_664">
<pin_list>
<pin id="665" dir="0" index="0" bw="32" slack="0"/>
<pin id="666" dir="0" index="1" bw="32" slack="0"/>
<pin id="667" dir="1" index="2" bw="32" slack="0"/>
</pin_list>
<bind>
<opcode="read(1150) " fcode="read"/>
<opset="mux_case_411202847_reload_read/1 "/>
</bind>
</comp>

<comp id="670" class="1004" name="mux_case_311182841_reload_read_read_fu_670">
<pin_list>
<pin id="671" dir="0" index="0" bw="32" slack="0"/>
<pin id="672" dir="0" index="1" bw="32" slack="0"/>
<pin id="673" dir="1" index="2" bw="32" slack="0"/>
</pin_list>
<bind>
<opcode="read(1150) " fcode="read"/>
<opset="mux_case_311182841_reload_read/1 "/>
</bind>
</comp>

<comp id="676" class="1004" name="mux_case_211162835_reload_read_read_fu_676">
<pin_list>
<pin id="677" dir="0" index="0" bw="32" slack="0"/>
<pin id="678" dir="0" index="1" bw="32" slack="0"/>
<pin id="679" dir="1" index="2" bw="32" slack="0"/>
</pin_list>
<bind>
<opcode="read(1150) " fcode="read"/>
<opset="mux_case_211162835_reload_read/1 "/>
</bind>
</comp>

<comp id="682" class="1004" name="mux_case_111142829_reload_read_read_fu_682">
<pin_list>
<pin id="683" dir="0" index="0" bw="32" slack="0"/>
<pin id="684" dir="0" index="1" bw="32" slack="0"/>
<pin id="685" dir="1" index="2" bw="32" slack="0"/>
</pin_list>
<bind>
<opcode="read(1150) " fcode="read"/>
<opset="mux_case_111142829_reload_read/1 "/>
</bind>
</comp>

<comp id="688" class="1004" name="mux_case_011122823_reload_read_read_fu_688">
<pin_list>
<pin id="689" dir="0" index="0" bw="32" slack="0"/>
<pin id="690" dir="0" index="1" bw="32" slack="0"/>
<pin id="691" dir="1" index="2" bw="32" slack="0"/>
</pin_list>
<bind>
<opcode="read(1150) " fcode="read"/>
<opset="mux_case_011122823_reload_read/1 "/>
</bind>
</comp>

<comp id="694" class="1004" name="mux_case_511092816_reload_read_read_fu_694">
<pin_list>
<pin id="695" dir="0" index="0" bw="32" slack="0"/>
<pin id="696" dir="0" index="1" bw="32" slack="0"/>
<pin id="697" dir="1" index="2" bw="32" slack="0"/>
</pin_list>
<bind>
<opcode="read(1150) " fcode="read"/>
<opset="mux_case_511092816_reload_read/1 "/>
</bind>
</comp>

<comp id="700" class="1004" name="mux_case_411072810_reload_read_read_fu_700">
<pin_list>
<pin id="701" dir="0" index="0" bw="32" slack="0"/>
<pin id="702" dir="0" index="1" bw="32" slack="0"/>
<pin id="703" dir="1" index="2" bw="32" slack="0"/>
</pin_list>
<bind>
<opcode="read(1150) " fcode="read"/>
<opset="mux_case_411072810_reload_read/1 "/>
</bind>
</comp>

<comp id="706" class="1004" name="mux_case_311052804_reload_read_read_fu_706">
<pin_list>
<pin id="707" dir="0" index="0" bw="32" slack="0"/>
<pin id="708" dir="0" index="1" bw="32" slack="0"/>
<pin id="709" dir="1" index="2" bw="32" slack="0"/>
</pin_list>
<bind>
<opcode="read(1150) " fcode="read"/>
<opset="mux_case_311052804_reload_read/1 "/>
</bind>
</comp>

<comp id="712" class="1004" name="mux_case_211032798_reload_read_read_fu_712">
<pin_list>
<pin id="713" dir="0" index="0" bw="32" slack="0"/>
<pin id="714" dir="0" index="1" bw="32" slack="0"/>
<pin id="715" dir="1" index="2" bw="32" slack="0"/>
</pin_list>
<bind>
<opcode="read(1150) " fcode="read"/>
<opset="mux_case_211032798_reload_read/1 "/>
</bind>
</comp>

<comp id="718" class="1004" name="mux_case_111012792_reload_read_read_fu_718">
<pin_list>
<pin id="719" dir="0" index="0" bw="32" slack="0"/>
<pin id="720" dir="0" index="1" bw="32" slack="0"/>
<pin id="721" dir="1" index="2" bw="32" slack="0"/>
</pin_list>
<bind>
<opcode="read(1150) " fcode="read"/>
<opset="mux_case_111012792_reload_read/1 "/>
</bind>
</comp>

<comp id="724" class="1004" name="mux_case_010992786_reload_read_read_fu_724">
<pin_list>
<pin id="725" dir="0" index="0" bw="32" slack="0"/>
<pin id="726" dir="0" index="1" bw="32" slack="0"/>
<pin id="727" dir="1" index="2" bw="32" slack="0"/>
</pin_list>
<bind>
<opcode="read(1150) " fcode="read"/>
<opset="mux_case_010992786_reload_read/1 "/>
</bind>
</comp>

<comp id="730" class="1004" name="P_reload_read_read_fu_730">
<pin_list>
<pin id="731" dir="0" index="0" bw="32" slack="0"/>
<pin id="732" dir="0" index="1" bw="32" slack="0"/>
<pin id="733" dir="1" index="2" bw="32" slack="0"/>
</pin_list>
<bind>
<opcode="read(1150) " fcode="read"/>
<opset="P_reload_read/1 "/>
</bind>
</comp>

<comp id="736" class="1004" name="P_1_reload_read_read_fu_736">
<pin_list>
<pin id="737" dir="0" index="0" bw="32" slack="0"/>
<pin id="738" dir="0" index="1" bw="32" slack="0"/>
<pin id="739" dir="1" index="2" bw="32" slack="0"/>
</pin_list>
<bind>
<opcode="read(1150) " fcode="read"/>
<opset="P_1_reload_read/1 "/>
</bind>
</comp>

<comp id="742" class="1004" name="P_2_reload_read_read_fu_742">
<pin_list>
<pin id="743" dir="0" index="0" bw="32" slack="0"/>
<pin id="744" dir="0" index="1" bw="32" slack="0"/>
<pin id="745" dir="1" index="2" bw="32" slack="0"/>
</pin_list>
<bind>
<opcode="read(1150) " fcode="read"/>
<opset="P_2_reload_read/1 "/>
</bind>
</comp>

<comp id="748" class="1004" name="P_3_reload_read_read_fu_748">
<pin_list>
<pin id="749" dir="0" index="0" bw="32" slack="0"/>
<pin id="750" dir="0" index="1" bw="32" slack="0"/>
<pin id="751" dir="1" index="2" bw="32" slack="0"/>
</pin_list>
<bind>
<opcode="read(1150) " fcode="read"/>
<opset="P_3_reload_read/1 "/>
</bind>
</comp>

<comp id="754" class="1004" name="P_4_reload_read_read_fu_754">
<pin_list>
<pin id="755" dir="0" index="0" bw="32" slack="0"/>
<pin id="756" dir="0" index="1" bw="32" slack="0"/>
<pin id="757" dir="1" index="2" bw="32" slack="0"/>
</pin_list>
<bind>
<opcode="read(1150) " fcode="read"/>
<opset="P_4_reload_read/1 "/>
</bind>
</comp>

<comp id="760" class="1004" name="P_5_reload_read_read_fu_760">
<pin_list>
<pin id="761" dir="0" index="0" bw="32" slack="0"/>
<pin id="762" dir="0" index="1" bw="32" slack="0"/>
<pin id="763" dir="1" index="2" bw="32" slack="0"/>
</pin_list>
<bind>
<opcode="read(1150) " fcode="read"/>
<opset="P_5_reload_read/1 "/>
</bind>
</comp>

<comp id="766" class="1004" name="P_6_reload_read_read_fu_766">
<pin_list>
<pin id="767" dir="0" index="0" bw="32" slack="0"/>
<pin id="768" dir="0" index="1" bw="32" slack="0"/>
<pin id="769" dir="1" index="2" bw="32" slack="0"/>
</pin_list>
<bind>
<opcode="read(1150) " fcode="read"/>
<opset="P_6_reload_read/1 "/>
</bind>
</comp>

<comp id="772" class="1004" name="P_7_reload_read_read_fu_772">
<pin_list>
<pin id="773" dir="0" index="0" bw="32" slack="0"/>
<pin id="774" dir="0" index="1" bw="32" slack="0"/>
<pin id="775" dir="1" index="2" bw="32" slack="0"/>
</pin_list>
<bind>
<opcode="read(1150) " fcode="read"/>
<opset="P_7_reload_read/1 "/>
</bind>
</comp>

<comp id="778" class="1004" name="P_8_reload_read_read_fu_778">
<pin_list>
<pin id="779" dir="0" index="0" bw="32" slack="0"/>
<pin id="780" dir="0" index="1" bw="32" slack="0"/>
<pin id="781" dir="1" index="2" bw="32" slack="0"/>
</pin_list>
<bind>
<opcode="read(1150) " fcode="read"/>
<opset="P_8_reload_read/1 "/>
</bind>
</comp>

<comp id="784" class="1004" name="P_9_reload_read_read_fu_784">
<pin_list>
<pin id="785" dir="0" index="0" bw="32" slack="0"/>
<pin id="786" dir="0" index="1" bw="32" slack="0"/>
<pin id="787" dir="1" index="2" bw="32" slack="0"/>
</pin_list>
<bind>
<opcode="read(1150) " fcode="read"/>
<opset="P_9_reload_read/1 "/>
</bind>
</comp>

<comp id="790" class="1004" name="P_10_reload_read_read_fu_790">
<pin_list>
<pin id="791" dir="0" index="0" bw="32" slack="0"/>
<pin id="792" dir="0" index="1" bw="32" slack="0"/>
<pin id="793" dir="1" index="2" bw="32" slack="0"/>
</pin_list>
<bind>
<opcode="read(1150) " fcode="read"/>
<opset="P_10_reload_read/1 "/>
</bind>
</comp>

<comp id="796" class="1004" name="P_11_reload_read_read_fu_796">
<pin_list>
<pin id="797" dir="0" index="0" bw="32" slack="0"/>
<pin id="798" dir="0" index="1" bw="32" slack="0"/>
<pin id="799" dir="1" index="2" bw="32" slack="0"/>
</pin_list>
<bind>
<opcode="read(1150) " fcode="read"/>
<opset="P_11_reload_read/1 "/>
</bind>
</comp>

<comp id="802" class="1004" name="P_12_reload_read_read_fu_802">
<pin_list>
<pin id="803" dir="0" index="0" bw="32" slack="0"/>
<pin id="804" dir="0" index="1" bw="32" slack="0"/>
<pin id="805" dir="1" index="2" bw="32" slack="0"/>
</pin_list>
<bind>
<opcode="read(1150) " fcode="read"/>
<opset="P_12_reload_read/1 "/>
</bind>
</comp>

<comp id="808" class="1004" name="P_13_reload_read_read_fu_808">
<pin_list>
<pin id="809" dir="0" index="0" bw="32" slack="0"/>
<pin id="810" dir="0" index="1" bw="32" slack="0"/>
<pin id="811" dir="1" index="2" bw="32" slack="0"/>
</pin_list>
<bind>
<opcode="read(1150) " fcode="read"/>
<opset="P_13_reload_read/1 "/>
</bind>
</comp>

<comp id="814" class="1004" name="P_14_reload_read_read_fu_814">
<pin_list>
<pin id="815" dir="0" index="0" bw="32" slack="0"/>
<pin id="816" dir="0" index="1" bw="32" slack="0"/>
<pin id="817" dir="1" index="2" bw="32" slack="0"/>
</pin_list>
<bind>
<opcode="read(1150) " fcode="read"/>
<opset="P_14_reload_read/1 "/>
</bind>
</comp>

<comp id="820" class="1004" name="P_15_reload_read_read_fu_820">
<pin_list>
<pin id="821" dir="0" index="0" bw="32" slack="0"/>
<pin id="822" dir="0" index="1" bw="32" slack="0"/>
<pin id="823" dir="1" index="2" bw="32" slack="0"/>
</pin_list>
<bind>
<opcode="read(1150) " fcode="read"/>
<opset="P_15_reload_read/1 "/>
</bind>
</comp>

<comp id="826" class="1004" name="P_16_reload_read_read_fu_826">
<pin_list>
<pin id="827" dir="0" index="0" bw="32" slack="0"/>
<pin id="828" dir="0" index="1" bw="32" slack="0"/>
<pin id="829" dir="1" index="2" bw="32" slack="0"/>
</pin_list>
<bind>
<opcode="read(1150) " fcode="read"/>
<opset="P_16_reload_read/1 "/>
</bind>
</comp>

<comp id="832" class="1004" name="P_17_reload_read_read_fu_832">
<pin_list>
<pin id="833" dir="0" index="0" bw="32" slack="0"/>
<pin id="834" dir="0" index="1" bw="32" slack="0"/>
<pin id="835" dir="1" index="2" bw="32" slack="0"/>
</pin_list>
<bind>
<opcode="read(1150) " fcode="read"/>
<opset="P_17_reload_read/1 "/>
</bind>
</comp>

<comp id="838" class="1004" name="P_18_reload_read_read_fu_838">
<pin_list>
<pin id="839" dir="0" index="0" bw="32" slack="0"/>
<pin id="840" dir="0" index="1" bw="32" slack="0"/>
<pin id="841" dir="1" index="2" bw="32" slack="0"/>
</pin_list>
<bind>
<opcode="read(1150) " fcode="read"/>
<opset="P_18_reload_read/1 "/>
</bind>
</comp>

<comp id="844" class="1004" name="P_19_reload_read_read_fu_844">
<pin_list>
<pin id="845" dir="0" index="0" bw="32" slack="0"/>
<pin id="846" dir="0" index="1" bw="32" slack="0"/>
<pin id="847" dir="1" index="2" bw="32" slack="0"/>
</pin_list>
<bind>
<opcode="read(1150) " fcode="read"/>
<opset="P_19_reload_read/1 "/>
</bind>
</comp>

<comp id="850" class="1004" name="P_20_reload_read_read_fu_850">
<pin_list>
<pin id="851" dir="0" index="0" bw="32" slack="0"/>
<pin id="852" dir="0" index="1" bw="32" slack="0"/>
<pin id="853" dir="1" index="2" bw="32" slack="0"/>
</pin_list>
<bind>
<opcode="read(1150) " fcode="read"/>
<opset="P_20_reload_read/1 "/>
</bind>
</comp>

<comp id="856" class="1004" name="P_21_reload_read_read_fu_856">
<pin_list>
<pin id="857" dir="0" index="0" bw="32" slack="0"/>
<pin id="858" dir="0" index="1" bw="32" slack="0"/>
<pin id="859" dir="1" index="2" bw="32" slack="0"/>
</pin_list>
<bind>
<opcode="read(1150) " fcode="read"/>
<opset="P_21_reload_read/1 "/>
</bind>
</comp>

<comp id="862" class="1004" name="P_22_reload_read_read_fu_862">
<pin_list>
<pin id="863" dir="0" index="0" bw="32" slack="0"/>
<pin id="864" dir="0" index="1" bw="32" slack="0"/>
<pin id="865" dir="1" index="2" bw="32" slack="0"/>
</pin_list>
<bind>
<opcode="read(1150) " fcode="read"/>
<opset="P_22_reload_read/1 "/>
</bind>
</comp>

<comp id="868" class="1004" name="P_23_reload_read_read_fu_868">
<pin_list>
<pin id="869" dir="0" index="0" bw="32" slack="0"/>
<pin id="870" dir="0" index="1" bw="32" slack="0"/>
<pin id="871" dir="1" index="2" bw="32" slack="0"/>
</pin_list>
<bind>
<opcode="read(1150) " fcode="read"/>
<opset="P_23_reload_read/1 "/>
</bind>
</comp>

<comp id="874" class="1004" name="P_24_reload_read_read_fu_874">
<pin_list>
<pin id="875" dir="0" index="0" bw="32" slack="0"/>
<pin id="876" dir="0" index="1" bw="32" slack="0"/>
<pin id="877" dir="1" index="2" bw="32" slack="0"/>
</pin_list>
<bind>
<opcode="read(1150) " fcode="read"/>
<opset="P_24_reload_read/1 "/>
</bind>
</comp>

<comp id="880" class="1004" name="P_25_reload_read_read_fu_880">
<pin_list>
<pin id="881" dir="0" index="0" bw="32" slack="0"/>
<pin id="882" dir="0" index="1" bw="32" slack="0"/>
<pin id="883" dir="1" index="2" bw="32" slack="0"/>
</pin_list>
<bind>
<opcode="read(1150) " fcode="read"/>
<opset="P_25_reload_read/1 "/>
</bind>
</comp>

<comp id="886" class="1004" name="P_26_reload_read_read_fu_886">
<pin_list>
<pin id="887" dir="0" index="0" bw="32" slack="0"/>
<pin id="888" dir="0" index="1" bw="32" slack="0"/>
<pin id="889" dir="1" index="2" bw="32" slack="0"/>
</pin_list>
<bind>
<opcode="read(1150) " fcode="read"/>
<opset="P_26_reload_read/1 "/>
</bind>
</comp>

<comp id="892" class="1004" name="P_27_reload_read_read_fu_892">
<pin_list>
<pin id="893" dir="0" index="0" bw="32" slack="0"/>
<pin id="894" dir="0" index="1" bw="32" slack="0"/>
<pin id="895" dir="1" index="2" bw="32" slack="0"/>
</pin_list>
<bind>
<opcode="read(1150) " fcode="read"/>
<opset="P_27_reload_read/1 "/>
</bind>
</comp>

<comp id="898" class="1004" name="P_28_reload_read_read_fu_898">
<pin_list>
<pin id="899" dir="0" index="0" bw="32" slack="0"/>
<pin id="900" dir="0" index="1" bw="32" slack="0"/>
<pin id="901" dir="1" index="2" bw="32" slack="0"/>
</pin_list>
<bind>
<opcode="read(1150) " fcode="read"/>
<opset="P_28_reload_read/1 "/>
</bind>
</comp>

<comp id="904" class="1004" name="P_29_reload_read_read_fu_904">
<pin_list>
<pin id="905" dir="0" index="0" bw="32" slack="0"/>
<pin id="906" dir="0" index="1" bw="32" slack="0"/>
<pin id="907" dir="1" index="2" bw="32" slack="0"/>
</pin_list>
<bind>
<opcode="read(1150) " fcode="read"/>
<opset="P_29_reload_read/1 "/>
</bind>
</comp>

<comp id="910" class="1004" name="P_30_reload_read_read_fu_910">
<pin_list>
<pin id="911" dir="0" index="0" bw="32" slack="0"/>
<pin id="912" dir="0" index="1" bw="32" slack="0"/>
<pin id="913" dir="1" index="2" bw="32" slack="0"/>
</pin_list>
<bind>
<opcode="read(1150) " fcode="read"/>
<opset="P_30_reload_read/1 "/>
</bind>
</comp>

<comp id="916" class="1004" name="P_31_reload_read_read_fu_916">
<pin_list>
<pin id="917" dir="0" index="0" bw="32" slack="0"/>
<pin id="918" dir="0" index="1" bw="32" slack="0"/>
<pin id="919" dir="1" index="2" bw="32" slack="0"/>
</pin_list>
<bind>
<opcode="read(1150) " fcode="read"/>
<opset="P_31_reload_read/1 "/>
</bind>
</comp>

<comp id="922" class="1004" name="P_32_reload_read_read_fu_922">
<pin_list>
<pin id="923" dir="0" index="0" bw="32" slack="0"/>
<pin id="924" dir="0" index="1" bw="32" slack="0"/>
<pin id="925" dir="1" index="2" bw="32" slack="0"/>
</pin_list>
<bind>
<opcode="read(1150) " fcode="read"/>
<opset="P_32_reload_read/1 "/>
</bind>
</comp>

<comp id="928" class="1004" name="P_33_reload_read_read_fu_928">
<pin_list>
<pin id="929" dir="0" index="0" bw="32" slack="0"/>
<pin id="930" dir="0" index="1" bw="32" slack="0"/>
<pin id="931" dir="1" index="2" bw="32" slack="0"/>
</pin_list>
<bind>
<opcode="read(1150) " fcode="read"/>
<opset="P_33_reload_read/1 "/>
</bind>
</comp>

<comp id="934" class="1004" name="P_34_reload_read_read_fu_934">
<pin_list>
<pin id="935" dir="0" index="0" bw="32" slack="0"/>
<pin id="936" dir="0" index="1" bw="32" slack="0"/>
<pin id="937" dir="1" index="2" bw="32" slack="0"/>
</pin_list>
<bind>
<opcode="read(1150) " fcode="read"/>
<opset="P_34_reload_read/1 "/>
</bind>
</comp>

<comp id="940" class="1004" name="P_35_reload_read_read_fu_940">
<pin_list>
<pin id="941" dir="0" index="0" bw="32" slack="0"/>
<pin id="942" dir="0" index="1" bw="32" slack="0"/>
<pin id="943" dir="1" index="2" bw="32" slack="0"/>
</pin_list>
<bind>
<opcode="read(1150) " fcode="read"/>
<opset="P_35_reload_read/1 "/>
</bind>
</comp>

<comp id="946" class="1004" name="write_ln0_write_fu_946">
<pin_list>
<pin id="947" dir="0" index="0" bw="0" slack="0"/>
<pin id="948" dir="0" index="1" bw="32" slack="0"/>
<pin id="949" dir="0" index="2" bw="32" slack="0"/>
<pin id="950" dir="1" index="3" bw="0" slack="2147483647"/>
</pin_list>
<bind>
<opcode="write(1151) " fcode="write"/>
<opset="write_ln0/4 "/>
</bind>
</comp>

<comp id="953" class="1004" name="write_ln0_write_fu_953">
<pin_list>
<pin id="954" dir="0" index="0" bw="0" slack="0"/>
<pin id="955" dir="0" index="1" bw="32" slack="0"/>
<pin id="956" dir="0" index="2" bw="32" slack="0"/>
<pin id="957" dir="1" index="3" bw="0" slack="2147483647"/>
</pin_list>
<bind>
<opcode="write(1151) " fcode="write"/>
<opset="write_ln0/4 "/>
</bind>
</comp>

<comp id="960" class="1004" name="write_ln0_write_fu_960">
<pin_list>
<pin id="961" dir="0" index="0" bw="0" slack="0"/>
<pin id="962" dir="0" index="1" bw="32" slack="0"/>
<pin id="963" dir="0" index="2" bw="32" slack="0"/>
<pin id="964" dir="1" index="3" bw="0" slack="2147483647"/>
</pin_list>
<bind>
<opcode="write(1151) " fcode="write"/>
<opset="write_ln0/4 "/>
</bind>
</comp>

<comp id="967" class="1004" name="write_ln0_write_fu_967">
<pin_list>
<pin id="968" dir="0" index="0" bw="0" slack="0"/>
<pin id="969" dir="0" index="1" bw="32" slack="0"/>
<pin id="970" dir="0" index="2" bw="32" slack="0"/>
<pin id="971" dir="1" index="3" bw="0" slack="2147483647"/>
</pin_list>
<bind>
<opcode="write(1151) " fcode="write"/>
<opset="write_ln0/4 "/>
</bind>
</comp>

<comp id="974" class="1004" name="write_ln0_write_fu_974">
<pin_list>
<pin id="975" dir="0" index="0" bw="0" slack="0"/>
<pin id="976" dir="0" index="1" bw="32" slack="0"/>
<pin id="977" dir="0" index="2" bw="32" slack="0"/>
<pin id="978" dir="1" index="3" bw="0" slack="2147483647"/>
</pin_list>
<bind>
<opcode="write(1151) " fcode="write"/>
<opset="write_ln0/4 "/>
</bind>
</comp>

<comp id="981" class="1004" name="write_ln0_write_fu_981">
<pin_list>
<pin id="982" dir="0" index="0" bw="0" slack="0"/>
<pin id="983" dir="0" index="1" bw="32" slack="0"/>
<pin id="984" dir="0" index="2" bw="32" slack="0"/>
<pin id="985" dir="1" index="3" bw="0" slack="2147483647"/>
</pin_list>
<bind>
<opcode="write(1151) " fcode="write"/>
<opset="write_ln0/4 "/>
</bind>
</comp>

<comp id="988" class="1004" name="write_ln0_write_fu_988">
<pin_list>
<pin id="989" dir="0" index="0" bw="0" slack="0"/>
<pin id="990" dir="0" index="1" bw="32" slack="0"/>
<pin id="991" dir="0" index="2" bw="32" slack="0"/>
<pin id="992" dir="1" index="3" bw="0" slack="2147483647"/>
</pin_list>
<bind>
<opcode="write(1151) " fcode="write"/>
<opset="write_ln0/4 "/>
</bind>
</comp>

<comp id="995" class="1004" name="write_ln0_write_fu_995">
<pin_list>
<pin id="996" dir="0" index="0" bw="0" slack="0"/>
<pin id="997" dir="0" index="1" bw="32" slack="0"/>
<pin id="998" dir="0" index="2" bw="32" slack="0"/>
<pin id="999" dir="1" index="3" bw="0" slack="2147483647"/>
</pin_list>
<bind>
<opcode="write(1151) " fcode="write"/>
<opset="write_ln0/4 "/>
</bind>
</comp>

<comp id="1002" class="1004" name="write_ln0_write_fu_1002">
<pin_list>
<pin id="1003" dir="0" index="0" bw="0" slack="0"/>
<pin id="1004" dir="0" index="1" bw="32" slack="0"/>
<pin id="1005" dir="0" index="2" bw="32" slack="0"/>
<pin id="1006" dir="1" index="3" bw="0" slack="2147483647"/>
</pin_list>
<bind>
<opcode="write(1151) " fcode="write"/>
<opset="write_ln0/4 "/>
</bind>
</comp>

<comp id="1009" class="1004" name="write_ln0_write_fu_1009">
<pin_list>
<pin id="1010" dir="0" index="0" bw="0" slack="0"/>
<pin id="1011" dir="0" index="1" bw="32" slack="0"/>
<pin id="1012" dir="0" index="2" bw="32" slack="0"/>
<pin id="1013" dir="1" index="3" bw="0" slack="2147483647"/>
</pin_list>
<bind>
<opcode="write(1151) " fcode="write"/>
<opset="write_ln0/4 "/>
</bind>
</comp>

<comp id="1016" class="1004" name="write_ln0_write_fu_1016">
<pin_list>
<pin id="1017" dir="0" index="0" bw="0" slack="0"/>
<pin id="1018" dir="0" index="1" bw="32" slack="0"/>
<pin id="1019" dir="0" index="2" bw="32" slack="0"/>
<pin id="1020" dir="1" index="3" bw="0" slack="2147483647"/>
</pin_list>
<bind>
<opcode="write(1151) " fcode="write"/>
<opset="write_ln0/4 "/>
</bind>
</comp>

<comp id="1023" class="1004" name="write_ln0_write_fu_1023">
<pin_list>
<pin id="1024" dir="0" index="0" bw="0" slack="0"/>
<pin id="1025" dir="0" index="1" bw="32" slack="0"/>
<pin id="1026" dir="0" index="2" bw="32" slack="0"/>
<pin id="1027" dir="1" index="3" bw="0" slack="2147483647"/>
</pin_list>
<bind>
<opcode="write(1151) " fcode="write"/>
<opset="write_ln0/4 "/>
</bind>
</comp>

<comp id="1030" class="1004" name="write_ln0_write_fu_1030">
<pin_list>
<pin id="1031" dir="0" index="0" bw="0" slack="0"/>
<pin id="1032" dir="0" index="1" bw="32" slack="0"/>
<pin id="1033" dir="0" index="2" bw="32" slack="0"/>
<pin id="1034" dir="1" index="3" bw="0" slack="2147483647"/>
</pin_list>
<bind>
<opcode="write(1151) " fcode="write"/>
<opset="write_ln0/4 "/>
</bind>
</comp>

<comp id="1037" class="1004" name="write_ln0_write_fu_1037">
<pin_list>
<pin id="1038" dir="0" index="0" bw="0" slack="0"/>
<pin id="1039" dir="0" index="1" bw="32" slack="0"/>
<pin id="1040" dir="0" index="2" bw="32" slack="0"/>
<pin id="1041" dir="1" index="3" bw="0" slack="2147483647"/>
</pin_list>
<bind>
<opcode="write(1151) " fcode="write"/>
<opset="write_ln0/4 "/>
</bind>
</comp>

<comp id="1044" class="1004" name="write_ln0_write_fu_1044">
<pin_list>
<pin id="1045" dir="0" index="0" bw="0" slack="0"/>
<pin id="1046" dir="0" index="1" bw="32" slack="0"/>
<pin id="1047" dir="0" index="2" bw="32" slack="0"/>
<pin id="1048" dir="1" index="3" bw="0" slack="2147483647"/>
</pin_list>
<bind>
<opcode="write(1151) " fcode="write"/>
<opset="write_ln0/4 "/>
</bind>
</comp>

<comp id="1051" class="1004" name="write_ln0_write_fu_1051">
<pin_list>
<pin id="1052" dir="0" index="0" bw="0" slack="0"/>
<pin id="1053" dir="0" index="1" bw="32" slack="0"/>
<pin id="1054" dir="0" index="2" bw="32" slack="0"/>
<pin id="1055" dir="1" index="3" bw="0" slack="2147483647"/>
</pin_list>
<bind>
<opcode="write(1151) " fcode="write"/>
<opset="write_ln0/4 "/>
</bind>
</comp>

<comp id="1058" class="1004" name="write_ln0_write_fu_1058">
<pin_list>
<pin id="1059" dir="0" index="0" bw="0" slack="0"/>
<pin id="1060" dir="0" index="1" bw="32" slack="0"/>
<pin id="1061" dir="0" index="2" bw="32" slack="0"/>
<pin id="1062" dir="1" index="3" bw="0" slack="2147483647"/>
</pin_list>
<bind>
<opcode="write(1151) " fcode="write"/>
<opset="write_ln0/4 "/>
</bind>
</comp>

<comp id="1065" class="1004" name="write_ln0_write_fu_1065">
<pin_list>
<pin id="1066" dir="0" index="0" bw="0" slack="0"/>
<pin id="1067" dir="0" index="1" bw="32" slack="0"/>
<pin id="1068" dir="0" index="2" bw="32" slack="0"/>
<pin id="1069" dir="1" index="3" bw="0" slack="2147483647"/>
</pin_list>
<bind>
<opcode="write(1151) " fcode="write"/>
<opset="write_ln0/4 "/>
</bind>
</comp>

<comp id="1072" class="1004" name="write_ln0_write_fu_1072">
<pin_list>
<pin id="1073" dir="0" index="0" bw="0" slack="0"/>
<pin id="1074" dir="0" index="1" bw="32" slack="0"/>
<pin id="1075" dir="0" index="2" bw="32" slack="0"/>
<pin id="1076" dir="1" index="3" bw="0" slack="2147483647"/>
</pin_list>
<bind>
<opcode="write(1151) " fcode="write"/>
<opset="write_ln0/4 "/>
</bind>
</comp>

<comp id="1079" class="1004" name="write_ln0_write_fu_1079">
<pin_list>
<pin id="1080" dir="0" index="0" bw="0" slack="0"/>
<pin id="1081" dir="0" index="1" bw="32" slack="0"/>
<pin id="1082" dir="0" index="2" bw="32" slack="0"/>
<pin id="1083" dir="1" index="3" bw="0" slack="2147483647"/>
</pin_list>
<bind>
<opcode="write(1151) " fcode="write"/>
<opset="write_ln0/4 "/>
</bind>
</comp>

<comp id="1086" class="1004" name="write_ln0_write_fu_1086">
<pin_list>
<pin id="1087" dir="0" index="0" bw="0" slack="0"/>
<pin id="1088" dir="0" index="1" bw="32" slack="0"/>
<pin id="1089" dir="0" index="2" bw="32" slack="0"/>
<pin id="1090" dir="1" index="3" bw="0" slack="2147483647"/>
</pin_list>
<bind>
<opcode="write(1151) " fcode="write"/>
<opset="write_ln0/4 "/>
</bind>
</comp>

<comp id="1093" class="1004" name="write_ln0_write_fu_1093">
<pin_list>
<pin id="1094" dir="0" index="0" bw="0" slack="0"/>
<pin id="1095" dir="0" index="1" bw="32" slack="0"/>
<pin id="1096" dir="0" index="2" bw="32" slack="0"/>
<pin id="1097" dir="1" index="3" bw="0" slack="2147483647"/>
</pin_list>
<bind>
<opcode="write(1151) " fcode="write"/>
<opset="write_ln0/4 "/>
</bind>
</comp>

<comp id="1100" class="1004" name="write_ln0_write_fu_1100">
<pin_list>
<pin id="1101" dir="0" index="0" bw="0" slack="0"/>
<pin id="1102" dir="0" index="1" bw="32" slack="0"/>
<pin id="1103" dir="0" index="2" bw="32" slack="0"/>
<pin id="1104" dir="1" index="3" bw="0" slack="2147483647"/>
</pin_list>
<bind>
<opcode="write(1151) " fcode="write"/>
<opset="write_ln0/4 "/>
</bind>
</comp>

<comp id="1107" class="1004" name="write_ln0_write_fu_1107">
<pin_list>
<pin id="1108" dir="0" index="0" bw="0" slack="0"/>
<pin id="1109" dir="0" index="1" bw="32" slack="0"/>
<pin id="1110" dir="0" index="2" bw="32" slack="0"/>
<pin id="1111" dir="1" index="3" bw="0" slack="2147483647"/>
</pin_list>
<bind>
<opcode="write(1151) " fcode="write"/>
<opset="write_ln0/4 "/>
</bind>
</comp>

<comp id="1114" class="1004" name="write_ln0_write_fu_1114">
<pin_list>
<pin id="1115" dir="0" index="0" bw="0" slack="0"/>
<pin id="1116" dir="0" index="1" bw="32" slack="0"/>
<pin id="1117" dir="0" index="2" bw="32" slack="0"/>
<pin id="1118" dir="1" index="3" bw="0" slack="2147483647"/>
</pin_list>
<bind>
<opcode="write(1151) " fcode="write"/>
<opset="write_ln0/4 "/>
</bind>
</comp>

<comp id="1121" class="1004" name="write_ln0_write_fu_1121">
<pin_list>
<pin id="1122" dir="0" index="0" bw="0" slack="0"/>
<pin id="1123" dir="0" index="1" bw="32" slack="0"/>
<pin id="1124" dir="0" index="2" bw="32" slack="0"/>
<pin id="1125" dir="1" index="3" bw="0" slack="2147483647"/>
</pin_list>
<bind>
<opcode="write(1151) " fcode="write"/>
<opset="write_ln0/4 "/>
</bind>
</comp>

<comp id="1128" class="1004" name="write_ln0_write_fu_1128">
<pin_list>
<pin id="1129" dir="0" index="0" bw="0" slack="0"/>
<pin id="1130" dir="0" index="1" bw="32" slack="0"/>
<pin id="1131" dir="0" index="2" bw="32" slack="0"/>
<pin id="1132" dir="1" index="3" bw="0" slack="2147483647"/>
</pin_list>
<bind>
<opcode="write(1151) " fcode="write"/>
<opset="write_ln0/4 "/>
</bind>
</comp>

<comp id="1135" class="1004" name="write_ln0_write_fu_1135">
<pin_list>
<pin id="1136" dir="0" index="0" bw="0" slack="0"/>
<pin id="1137" dir="0" index="1" bw="32" slack="0"/>
<pin id="1138" dir="0" index="2" bw="32" slack="0"/>
<pin id="1139" dir="1" index="3" bw="0" slack="2147483647"/>
</pin_list>
<bind>
<opcode="write(1151) " fcode="write"/>
<opset="write_ln0/4 "/>
</bind>
</comp>

<comp id="1142" class="1004" name="write_ln0_write_fu_1142">
<pin_list>
<pin id="1143" dir="0" index="0" bw="0" slack="0"/>
<pin id="1144" dir="0" index="1" bw="32" slack="0"/>
<pin id="1145" dir="0" index="2" bw="32" slack="0"/>
<pin id="1146" dir="1" index="3" bw="0" slack="2147483647"/>
</pin_list>
<bind>
<opcode="write(1151) " fcode="write"/>
<opset="write_ln0/4 "/>
</bind>
</comp>

<comp id="1149" class="1004" name="write_ln0_write_fu_1149">
<pin_list>
<pin id="1150" dir="0" index="0" bw="0" slack="0"/>
<pin id="1151" dir="0" index="1" bw="32" slack="0"/>
<pin id="1152" dir="0" index="2" bw="32" slack="0"/>
<pin id="1153" dir="1" index="3" bw="0" slack="2147483647"/>
</pin_list>
<bind>
<opcode="write(1151) " fcode="write"/>
<opset="write_ln0/4 "/>
</bind>
</comp>

<comp id="1156" class="1004" name="write_ln0_write_fu_1156">
<pin_list>
<pin id="1157" dir="0" index="0" bw="0" slack="0"/>
<pin id="1158" dir="0" index="1" bw="32" slack="0"/>
<pin id="1159" dir="0" index="2" bw="32" slack="0"/>
<pin id="1160" dir="1" index="3" bw="0" slack="2147483647"/>
</pin_list>
<bind>
<opcode="write(1151) " fcode="write"/>
<opset="write_ln0/4 "/>
</bind>
</comp>

<comp id="1163" class="1004" name="write_ln0_write_fu_1163">
<pin_list>
<pin id="1164" dir="0" index="0" bw="0" slack="0"/>
<pin id="1165" dir="0" index="1" bw="32" slack="0"/>
<pin id="1166" dir="0" index="2" bw="32" slack="0"/>
<pin id="1167" dir="1" index="3" bw="0" slack="2147483647"/>
</pin_list>
<bind>
<opcode="write(1151) " fcode="write"/>
<opset="write_ln0/4 "/>
</bind>
</comp>

<comp id="1170" class="1004" name="write_ln0_write_fu_1170">
<pin_list>
<pin id="1171" dir="0" index="0" bw="0" slack="0"/>
<pin id="1172" dir="0" index="1" bw="32" slack="0"/>
<pin id="1173" dir="0" index="2" bw="32" slack="0"/>
<pin id="1174" dir="1" index="3" bw="0" slack="2147483647"/>
</pin_list>
<bind>
<opcode="write(1151) " fcode="write"/>
<opset="write_ln0/4 "/>
</bind>
</comp>

<comp id="1177" class="1004" name="write_ln0_write_fu_1177">
<pin_list>
<pin id="1178" dir="0" index="0" bw="0" slack="0"/>
<pin id="1179" dir="0" index="1" bw="32" slack="0"/>
<pin id="1180" dir="0" index="2" bw="32" slack="0"/>
<pin id="1181" dir="1" index="3" bw="0" slack="2147483647"/>
</pin_list>
<bind>
<opcode="write(1151) " fcode="write"/>
<opset="write_ln0/4 "/>
</bind>
</comp>

<comp id="1184" class="1004" name="write_ln0_write_fu_1184">
<pin_list>
<pin id="1185" dir="0" index="0" bw="0" slack="0"/>
<pin id="1186" dir="0" index="1" bw="32" slack="0"/>
<pin id="1187" dir="0" index="2" bw="32" slack="0"/>
<pin id="1188" dir="1" index="3" bw="0" slack="2147483647"/>
</pin_list>
<bind>
<opcode="write(1151) " fcode="write"/>
<opset="write_ln0/4 "/>
</bind>
</comp>

<comp id="1191" class="1004" name="write_ln0_write_fu_1191">
<pin_list>
<pin id="1192" dir="0" index="0" bw="0" slack="0"/>
<pin id="1193" dir="0" index="1" bw="32" slack="0"/>
<pin id="1194" dir="0" index="2" bw="32" slack="0"/>
<pin id="1195" dir="1" index="3" bw="0" slack="2147483647"/>
</pin_list>
<bind>
<opcode="write(1151) " fcode="write"/>
<opset="write_ln0/4 "/>
</bind>
</comp>

<comp id="1198" class="1004" name="grp_fu_1198">
<pin_list>
<pin id="1199" dir="0" index="0" bw="32" slack="1"/>
<pin id="1200" dir="0" index="1" bw="32" slack="1"/>
<pin id="1201" dir="1" index="2" bw="32" slack="0"/>
</pin_list>
<bind>
<opcode="fadd(9) " fcode="fadd"/>
<opset="P_36/2 "/>
</bind>
</comp>

<comp id="1202" class="1004" name="store_ln0_store_fu_1202">
<pin_list>
<pin id="1203" dir="0" index="0" bw="32" slack="0"/>
<pin id="1204" dir="0" index="1" bw="32" slack="0"/>
<pin id="1205" dir="1" index="2" bw="0" slack="2147483647"/>
</pin_list>
<bind>
<opcode="store(28) " fcode="store"/>
<opset="store_ln0/1 "/>
</bind>
</comp>

<comp id="1207" class="1004" name="store_ln0_store_fu_1207">
<pin_list>
<pin id="1208" dir="0" index="0" bw="32" slack="0"/>
<pin id="1209" dir="0" index="1" bw="32" slack="0"/>
<pin id="1210" dir="1" index="2" bw="0" slack="2147483647"/>
</pin_list>
<bind>
<opcode="store(28) " fcode="store"/>
<opset="store_ln0/1 "/>
</bind>
</comp>

<comp id="1212" class="1004" name="store_ln0_store_fu_1212">
<pin_list>
<pin id="1213" dir="0" index="0" bw="32" slack="0"/>
<pin id="1214" dir="0" index="1" bw="32" slack="0"/>
<pin id="1215" dir="1" index="2" bw="0" slack="2147483647"/>
</pin_list>
<bind>
<opcode="store(28) " fcode="store"/>
<opset="store_ln0/1 "/>
</bind>
</comp>

<comp id="1217" class="1004" name="store_ln0_store_fu_1217">
<pin_list>
<pin id="1218" dir="0" index="0" bw="32" slack="0"/>
<pin id="1219" dir="0" index="1" bw="32" slack="0"/>
<pin id="1220" dir="1" index="2" bw="0" slack="2147483647"/>
</pin_list>
<bind>
<opcode="store(28) " fcode="store"/>
<opset="store_ln0/1 "/>
</bind>
</comp>

<comp id="1222" class="1004" name="store_ln0_store_fu_1222">
<pin_list>
<pin id="1223" dir="0" index="0" bw="32" slack="0"/>
<pin id="1224" dir="0" index="1" bw="32" slack="0"/>
<pin id="1225" dir="1" index="2" bw="0" slack="2147483647"/>
</pin_list>
<bind>
<opcode="store(28) " fcode="store"/>
<opset="store_ln0/1 "/>
</bind>
</comp>

<comp id="1227" class="1004" name="store_ln0_store_fu_1227">
<pin_list>
<pin id="1228" dir="0" index="0" bw="32" slack="0"/>
<pin id="1229" dir="0" index="1" bw="32" slack="0"/>
<pin id="1230" dir="1" index="2" bw="0" slack="2147483647"/>
</pin_list>
<bind>
<opcode="store(28) " fcode="store"/>
<opset="store_ln0/1 "/>
</bind>
</comp>

<comp id="1232" class="1004" name="store_ln0_store_fu_1232">
<pin_list>
<pin id="1233" dir="0" index="0" bw="32" slack="0"/>
<pin id="1234" dir="0" index="1" bw="32" slack="0"/>
<pin id="1235" dir="1" index="2" bw="0" slack="2147483647"/>
</pin_list>
<bind>
<opcode="store(28) " fcode="store"/>
<opset="store_ln0/1 "/>
</bind>
</comp>

<comp id="1237" class="1004" name="store_ln0_store_fu_1237">
<pin_list>
<pin id="1238" dir="0" index="0" bw="32" slack="0"/>
<pin id="1239" dir="0" index="1" bw="32" slack="0"/>
<pin id="1240" dir="1" index="2" bw="0" slack="2147483647"/>
</pin_list>
<bind>
<opcode="store(28) " fcode="store"/>
<opset="store_ln0/1 "/>
</bind>
</comp>

<comp id="1242" class="1004" name="store_ln0_store_fu_1242">
<pin_list>
<pin id="1243" dir="0" index="0" bw="32" slack="0"/>
<pin id="1244" dir="0" index="1" bw="32" slack="0"/>
<pin id="1245" dir="1" index="2" bw="0" slack="2147483647"/>
</pin_list>
<bind>
<opcode="store(28) " fcode="store"/>
<opset="store_ln0/1 "/>
</bind>
</comp>

<comp id="1247" class="1004" name="store_ln0_store_fu_1247">
<pin_list>
<pin id="1248" dir="0" index="0" bw="32" slack="0"/>
<pin id="1249" dir="0" index="1" bw="32" slack="0"/>
<pin id="1250" dir="1" index="2" bw="0" slack="2147483647"/>
</pin_list>
<bind>
<opcode="store(28) " fcode="store"/>
<opset="store_ln0/1 "/>
</bind>
</comp>

<comp id="1252" class="1004" name="store_ln0_store_fu_1252">
<pin_list>
<pin id="1253" dir="0" index="0" bw="32" slack="0"/>
<pin id="1254" dir="0" index="1" bw="32" slack="0"/>
<pin id="1255" dir="1" index="2" bw="0" slack="2147483647"/>
</pin_list>
<bind>
<opcode="store(28) " fcode="store"/>
<opset="store_ln0/1 "/>
</bind>
</comp>

<comp id="1257" class="1004" name="store_ln0_store_fu_1257">
<pin_list>
<pin id="1258" dir="0" index="0" bw="32" slack="0"/>
<pin id="1259" dir="0" index="1" bw="32" slack="0"/>
<pin id="1260" dir="1" index="2" bw="0" slack="2147483647"/>
</pin_list>
<bind>
<opcode="store(28) " fcode="store"/>
<opset="store_ln0/1 "/>
</bind>
</comp>

<comp id="1262" class="1004" name="store_ln0_store_fu_1262">
<pin_list>
<pin id="1263" dir="0" index="0" bw="32" slack="0"/>
<pin id="1264" dir="0" index="1" bw="32" slack="0"/>
<pin id="1265" dir="1" index="2" bw="0" slack="2147483647"/>
</pin_list>
<bind>
<opcode="store(28) " fcode="store"/>
<opset="store_ln0/1 "/>
</bind>
</comp>

<comp id="1267" class="1004" name="store_ln0_store_fu_1267">
<pin_list>
<pin id="1268" dir="0" index="0" bw="32" slack="0"/>
<pin id="1269" dir="0" index="1" bw="32" slack="0"/>
<pin id="1270" dir="1" index="2" bw="0" slack="2147483647"/>
</pin_list>
<bind>
<opcode="store(28) " fcode="store"/>
<opset="store_ln0/1 "/>
</bind>
</comp>

<comp id="1272" class="1004" name="store_ln0_store_fu_1272">
<pin_list>
<pin id="1273" dir="0" index="0" bw="32" slack="0"/>
<pin id="1274" dir="0" index="1" bw="32" slack="0"/>
<pin id="1275" dir="1" index="2" bw="0" slack="2147483647"/>
</pin_list>
<bind>
<opcode="store(28) " fcode="store"/>
<opset="store_ln0/1 "/>
</bind>
</comp>

<comp id="1277" class="1004" name="store_ln0_store_fu_1277">
<pin_list>
<pin id="1278" dir="0" index="0" bw="32" slack="0"/>
<pin id="1279" dir="0" index="1" bw="32" slack="0"/>
<pin id="1280" dir="1" index="2" bw="0" slack="2147483647"/>
</pin_list>
<bind>
<opcode="store(28) " fcode="store"/>
<opset="store_ln0/1 "/>
</bind>
</comp>

<comp id="1282" class="1004" name="store_ln0_store_fu_1282">
<pin_list>
<pin id="1283" dir="0" index="0" bw="32" slack="0"/>
<pin id="1284" dir="0" index="1" bw="32" slack="0"/>
<pin id="1285" dir="1" index="2" bw="0" slack="2147483647"/>
</pin_list>
<bind>
<opcode="store(28) " fcode="store"/>
<opset="store_ln0/1 "/>
</bind>
</comp>

<comp id="1287" class="1004" name="store_ln0_store_fu_1287">
<pin_list>
<pin id="1288" dir="0" index="0" bw="32" slack="0"/>
<pin id="1289" dir="0" index="1" bw="32" slack="0"/>
<pin id="1290" dir="1" index="2" bw="0" slack="2147483647"/>
</pin_list>
<bind>
<opcode="store(28) " fcode="store"/>
<opset="store_ln0/1 "/>
</bind>
</comp>

<comp id="1292" class="1004" name="store_ln0_store_fu_1292">
<pin_list>
<pin id="1293" dir="0" index="0" bw="32" slack="0"/>
<pin id="1294" dir="0" index="1" bw="32" slack="0"/>
<pin id="1295" dir="1" index="2" bw="0" slack="2147483647"/>
</pin_list>
<bind>
<opcode="store(28) " fcode="store"/>
<opset="store_ln0/1 "/>
</bind>
</comp>

<comp id="1297" class="1004" name="store_ln0_store_fu_1297">
<pin_list>
<pin id="1298" dir="0" index="0" bw="32" slack="0"/>
<pin id="1299" dir="0" index="1" bw="32" slack="0"/>
<pin id="1300" dir="1" index="2" bw="0" slack="2147483647"/>
</pin_list>
<bind>
<opcode="store(28) " fcode="store"/>
<opset="store_ln0/1 "/>
</bind>
</comp>

<comp id="1302" class="1004" name="store_ln0_store_fu_1302">
<pin_list>
<pin id="1303" dir="0" index="0" bw="32" slack="0"/>
<pin id="1304" dir="0" index="1" bw="32" slack="0"/>
<pin id="1305" dir="1" index="2" bw="0" slack="2147483647"/>
</pin_list>
<bind>
<opcode="store(28) " fcode="store"/>
<opset="store_ln0/1 "/>
</bind>
</comp>

<comp id="1307" class="1004" name="store_ln0_store_fu_1307">
<pin_list>
<pin id="1308" dir="0" index="0" bw="32" slack="0"/>
<pin id="1309" dir="0" index="1" bw="32" slack="0"/>
<pin id="1310" dir="1" index="2" bw="0" slack="2147483647"/>
</pin_list>
<bind>
<opcode="store(28) " fcode="store"/>
<opset="store_ln0/1 "/>
</bind>
</comp>

<comp id="1312" class="1004" name="store_ln0_store_fu_1312">
<pin_list>
<pin id="1313" dir="0" index="0" bw="32" slack="0"/>
<pin id="1314" dir="0" index="1" bw="32" slack="0"/>
<pin id="1315" dir="1" index="2" bw="0" slack="2147483647"/>
</pin_list>
<bind>
<opcode="store(28) " fcode="store"/>
<opset="store_ln0/1 "/>
</bind>
</comp>

<comp id="1317" class="1004" name="store_ln0_store_fu_1317">
<pin_list>
<pin id="1318" dir="0" index="0" bw="32" slack="0"/>
<pin id="1319" dir="0" index="1" bw="32" slack="0"/>
<pin id="1320" dir="1" index="2" bw="0" slack="2147483647"/>
</pin_list>
<bind>
<opcode="store(28) " fcode="store"/>
<opset="store_ln0/1 "/>
</bind>
</comp>

<comp id="1322" class="1004" name="store_ln0_store_fu_1322">
<pin_list>
<pin id="1323" dir="0" index="0" bw="32" slack="0"/>
<pin id="1324" dir="0" index="1" bw="32" slack="0"/>
<pin id="1325" dir="1" index="2" bw="0" slack="2147483647"/>
</pin_list>
<bind>
<opcode="store(28) " fcode="store"/>
<opset="store_ln0/1 "/>
</bind>
</comp>

<comp id="1327" class="1004" name="store_ln0_store_fu_1327">
<pin_list>
<pin id="1328" dir="0" index="0" bw="32" slack="0"/>
<pin id="1329" dir="0" index="1" bw="32" slack="0"/>
<pin id="1330" dir="1" index="2" bw="0" slack="2147483647"/>
</pin_list>
<bind>
<opcode="store(28) " fcode="store"/>
<opset="store_ln0/1 "/>
</bind>
</comp>

<comp id="1332" class="1004" name="store_ln0_store_fu_1332">
<pin_list>
<pin id="1333" dir="0" index="0" bw="32" slack="0"/>
<pin id="1334" dir="0" index="1" bw="32" slack="0"/>
<pin id="1335" dir="1" index="2" bw="0" slack="2147483647"/>
</pin_list>
<bind>
<opcode="store(28) " fcode="store"/>
<opset="store_ln0/1 "/>
</bind>
</comp>

<comp id="1337" class="1004" name="store_ln0_store_fu_1337">
<pin_list>
<pin id="1338" dir="0" index="0" bw="32" slack="0"/>
<pin id="1339" dir="0" index="1" bw="32" slack="0"/>
<pin id="1340" dir="1" index="2" bw="0" slack="2147483647"/>
</pin_list>
<bind>
<opcode="store(28) " fcode="store"/>
<opset="store_ln0/1 "/>
</bind>
</comp>

<comp id="1342" class="1004" name="store_ln0_store_fu_1342">
<pin_list>
<pin id="1343" dir="0" index="0" bw="32" slack="0"/>
<pin id="1344" dir="0" index="1" bw="32" slack="0"/>
<pin id="1345" dir="1" index="2" bw="0" slack="2147483647"/>
</pin_list>
<bind>
<opcode="store(28) " fcode="store"/>
<opset="store_ln0/1 "/>
</bind>
</comp>

<comp id="1347" class="1004" name="store_ln0_store_fu_1347">
<pin_list>
<pin id="1348" dir="0" index="0" bw="32" slack="0"/>
<pin id="1349" dir="0" index="1" bw="32" slack="0"/>
<pin id="1350" dir="1" index="2" bw="0" slack="2147483647"/>
</pin_list>
<bind>
<opcode="store(28) " fcode="store"/>
<opset="store_ln0/1 "/>
</bind>
</comp>

<comp id="1352" class="1004" name="store_ln0_store_fu_1352">
<pin_list>
<pin id="1353" dir="0" index="0" bw="32" slack="0"/>
<pin id="1354" dir="0" index="1" bw="32" slack="0"/>
<pin id="1355" dir="1" index="2" bw="0" slack="2147483647"/>
</pin_list>
<bind>
<opcode="store(28) " fcode="store"/>
<opset="store_ln0/1 "/>
</bind>
</comp>

<comp id="1357" class="1004" name="store_ln0_store_fu_1357">
<pin_list>
<pin id="1358" dir="0" index="0" bw="32" slack="0"/>
<pin id="1359" dir="0" index="1" bw="32" slack="0"/>
<pin id="1360" dir="1" index="2" bw="0" slack="2147483647"/>
</pin_list>
<bind>
<opcode="store(28) " fcode="store"/>
<opset="store_ln0/1 "/>
</bind>
</comp>

<comp id="1362" class="1004" name="store_ln0_store_fu_1362">
<pin_list>
<pin id="1363" dir="0" index="0" bw="32" slack="0"/>
<pin id="1364" dir="0" index="1" bw="32" slack="0"/>
<pin id="1365" dir="1" index="2" bw="0" slack="2147483647"/>
</pin_list>
<bind>
<opcode="store(28) " fcode="store"/>
<opset="store_ln0/1 "/>
</bind>
</comp>

<comp id="1367" class="1004" name="store_ln0_store_fu_1367">
<pin_list>
<pin id="1368" dir="0" index="0" bw="32" slack="0"/>
<pin id="1369" dir="0" index="1" bw="32" slack="0"/>
<pin id="1370" dir="1" index="2" bw="0" slack="2147483647"/>
</pin_list>
<bind>
<opcode="store(28) " fcode="store"/>
<opset="store_ln0/1 "/>
</bind>
</comp>

<comp id="1372" class="1004" name="store_ln0_store_fu_1372">
<pin_list>
<pin id="1373" dir="0" index="0" bw="32" slack="0"/>
<pin id="1374" dir="0" index="1" bw="32" slack="0"/>
<pin id="1375" dir="1" index="2" bw="0" slack="2147483647"/>
</pin_list>
<bind>
<opcode="store(28) " fcode="store"/>
<opset="store_ln0/1 "/>
</bind>
</comp>

<comp id="1377" class="1004" name="store_ln0_store_fu_1377">
<pin_list>
<pin id="1378" dir="0" index="0" bw="32" slack="0"/>
<pin id="1379" dir="0" index="1" bw="32" slack="0"/>
<pin id="1380" dir="1" index="2" bw="0" slack="2147483647"/>
</pin_list>
<bind>
<opcode="store(28) " fcode="store"/>
<opset="store_ln0/1 "/>
</bind>
</comp>

<comp id="1382" class="1004" name="store_ln0_store_fu_1382">
<pin_list>
<pin id="1383" dir="0" index="0" bw="1" slack="0"/>
<pin id="1384" dir="0" index="1" bw="6" slack="0"/>
<pin id="1385" dir="1" index="2" bw="0" slack="2147483647"/>
</pin_list>
<bind>
<opcode="store(28) " fcode="store"/>
<opset="store_ln0/1 "/>
</bind>
</comp>

<comp id="1387" class="1004" name="store_ln0_store_fu_1387">
<pin_list>
<pin id="1388" dir="0" index="0" bw="1" slack="0"/>
<pin id="1389" dir="0" index="1" bw="3" slack="0"/>
<pin id="1390" dir="1" index="2" bw="0" slack="2147483647"/>
</pin_list>
<bind>
<opcode="store(28) " fcode="store"/>
<opset="store_ln0/1 "/>
</bind>
</comp>

<comp id="1392" class="1004" name="store_ln0_store_fu_1392">
<pin_list>
<pin id="1393" dir="0" index="0" bw="1" slack="0"/>
<pin id="1394" dir="0" index="1" bw="3" slack="0"/>
<pin id="1395" dir="1" index="2" bw="0" slack="2147483647"/>
</pin_list>
<bind>
<opcode="store(28) " fcode="store"/>
<opset="store_ln0/1 "/>
</bind>
</comp>

<comp id="1397" class="1004" name="indvar_flatten27_load_load_fu_1397">
<pin_list>
<pin id="1398" dir="0" index="0" bw="6" slack="0"/>
<pin id="1399" dir="1" index="1" bw="6" slack="0"/>
</pin_list>
<bind>
<opcode="load(27) " fcode="load"/>
<opset="indvar_flatten27_load/1 "/>
</bind>
</comp>

<comp id="1400" class="1004" name="icmp_ln73_fu_1400">
<pin_list>
<pin id="1401" dir="0" index="0" bw="6" slack="0"/>
<pin id="1402" dir="0" index="1" bw="6" slack="0"/>
<pin id="1403" dir="1" index="2" bw="1" slack="3"/>
</pin_list>
<bind>
<opcode="icmp(45) " fcode="icmp"/>
<opset="icmp_ln73/1 "/>
</bind>
</comp>

<comp id="1406" class="1004" name="add_ln73_fu_1406">
<pin_list>
<pin id="1407" dir="0" index="0" bw="6" slack="0"/>
<pin id="1408" dir="0" index="1" bw="1" slack="0"/>
<pin id="1409" dir="1" index="2" bw="6" slack="0"/>
</pin_list>
<bind>
<opcode="add(8) " fcode="add"/>
<opset="add_ln73/1 "/>
</bind>
</comp>

<comp id="1412" class="1004" name="j_load_load_fu_1412">
<pin_list>
<pin id="1413" dir="0" index="0" bw="3" slack="0"/>
<pin id="1414" dir="1" index="1" bw="3" slack="0"/>
</pin_list>
<bind>
<opcode="load(27) " fcode="load"/>
<opset="j_load/1 "/>
</bind>
</comp>

<comp id="1415" class="1004" name="i_load_load_fu_1415">
<pin_list>
<pin id="1416" dir="0" index="0" bw="3" slack="0"/>
<pin id="1417" dir="1" index="1" bw="3" slack="0"/>
</pin_list>
<bind>
<opcode="load(27) " fcode="load"/>
<opset="i_load/1 "/>
</bind>
</comp>

<comp id="1418" class="1004" name="icmp_ln74_fu_1418">
<pin_list>
<pin id="1419" dir="0" index="0" bw="3" slack="0"/>
<pin id="1420" dir="0" index="1" bw="2" slack="0"/>
<pin id="1421" dir="1" index="2" bw="1" slack="0"/>
</pin_list>
<bind>
<opcode="icmp(45) " fcode="icmp"/>
<opset="icmp_ln74/1 "/>
</bind>
</comp>

<comp id="1424" class="1004" name="select_ln154_fu_1424">
<pin_list>
<pin id="1425" dir="0" index="0" bw="1" slack="0"/>
<pin id="1426" dir="0" index="1" bw="1" slack="0"/>
<pin id="1427" dir="0" index="2" bw="3" slack="0"/>
<pin id="1428" dir="1" index="3" bw="3" slack="0"/>
</pin_list>
<bind>
<opcode="select(49) " fcode="select"/>
<opset="select_ln154/1 "/>
</bind>
</comp>

<comp id="1432" class="1004" name="add_ln73_1_fu_1432">
<pin_list>
<pin id="1433" dir="0" index="0" bw="3" slack="0"/>
<pin id="1434" dir="0" index="1" bw="1" slack="0"/>
<pin id="1435" dir="1" index="2" bw="3" slack="0"/>
</pin_list>
<bind>
<opcode="add(8) " fcode="add"/>
<opset="add_ln73_1/1 "/>
</bind>
</comp>

<comp id="1438" class="1004" name="select_ln73_fu_1438">
<pin_list>
<pin id="1439" dir="0" index="0" bw="1" slack="0"/>
<pin id="1440" dir="0" index="1" bw="3" slack="0"/>
<pin id="1441" dir="0" index="2" bw="3" slack="0"/>
<pin id="1442" dir="1" index="3" bw="3" slack="0"/>
</pin_list>
<bind>
<opcode="select(49) " fcode="select"/>
<opset="select_ln73/1 "/>
</bind>
</comp>

<comp id="1446" class="1004" name="tmp_s_fu_1446">
<pin_list>
<pin id="1447" dir="0" index="0" bw="32" slack="0"/>
<pin id="1448" dir="0" index="1" bw="32" slack="0"/>
<pin id="1449" dir="0" index="2" bw="32" slack="0"/>
<pin id="1450" dir="0" index="3" bw="32" slack="0"/>
<pin id="1451" dir="0" index="4" bw="32" slack="0"/>
<pin id="1452" dir="0" index="5" bw="32" slack="0"/>
<pin id="1453" dir="0" index="6" bw="32" slack="0"/>
<pin id="1454" dir="0" index="7" bw="3" slack="0"/>
<pin id="1455" dir="1" index="8" bw="32" slack="0"/>
</pin_list>
<bind>
<opcode="mux(1196) " fcode="mux"/>
<opset="tmp_s/1 "/>
</bind>
</comp>

<comp id="1464" class="1004" name="tmp_7_fu_1464">
<pin_list>
<pin id="1465" dir="0" index="0" bw="32" slack="0"/>
<pin id="1466" dir="0" index="1" bw="32" slack="0"/>
<pin id="1467" dir="0" index="2" bw="32" slack="0"/>
<pin id="1468" dir="0" index="3" bw="32" slack="0"/>
<pin id="1469" dir="0" index="4" bw="32" slack="0"/>
<pin id="1470" dir="0" index="5" bw="32" slack="0"/>
<pin id="1471" dir="0" index="6" bw="32" slack="0"/>
<pin id="1472" dir="0" index="7" bw="3" slack="0"/>
<pin id="1473" dir="1" index="8" bw="32" slack="0"/>
</pin_list>
<bind>
<opcode="mux(1196) " fcode="mux"/>
<opset="tmp_7/1 "/>
</bind>
</comp>

<comp id="1482" class="1004" name="tmp_8_fu_1482">
<pin_list>
<pin id="1483" dir="0" index="0" bw="32" slack="0"/>
<pin id="1484" dir="0" index="1" bw="32" slack="0"/>
<pin id="1485" dir="0" index="2" bw="32" slack="0"/>
<pin id="1486" dir="0" index="3" bw="32" slack="0"/>
<pin id="1487" dir="0" index="4" bw="32" slack="0"/>
<pin id="1488" dir="0" index="5" bw="32" slack="0"/>
<pin id="1489" dir="0" index="6" bw="32" slack="0"/>
<pin id="1490" dir="0" index="7" bw="3" slack="0"/>
<pin id="1491" dir="1" index="8" bw="32" slack="0"/>
</pin_list>
<bind>
<opcode="mux(1196) " fcode="mux"/>
<opset="tmp_8/1 "/>
</bind>
</comp>

<comp id="1500" class="1004" name="tmp_9_fu_1500">
<pin_list>
<pin id="1501" dir="0" index="0" bw="32" slack="0"/>
<pin id="1502" dir="0" index="1" bw="32" slack="0"/>
<pin id="1503" dir="0" index="2" bw="32" slack="0"/>
<pin id="1504" dir="0" index="3" bw="32" slack="0"/>
<pin id="1505" dir="0" index="4" bw="32" slack="0"/>
<pin id="1506" dir="0" index="5" bw="32" slack="0"/>
<pin id="1507" dir="0" index="6" bw="32" slack="0"/>
<pin id="1508" dir="0" index="7" bw="3" slack="0"/>
<pin id="1509" dir="1" index="8" bw="32" slack="0"/>
</pin_list>
<bind>
<opcode="mux(1196) " fcode="mux"/>
<opset="tmp_9/1 "/>
</bind>
</comp>

<comp id="1518" class="1004" name="tmp_10_fu_1518">
<pin_list>
<pin id="1519" dir="0" index="0" bw="32" slack="0"/>
<pin id="1520" dir="0" index="1" bw="32" slack="0"/>
<pin id="1521" dir="0" index="2" bw="32" slack="0"/>
<pin id="1522" dir="0" index="3" bw="32" slack="0"/>
<pin id="1523" dir="0" index="4" bw="32" slack="0"/>
<pin id="1524" dir="0" index="5" bw="32" slack="0"/>
<pin id="1525" dir="0" index="6" bw="32" slack="0"/>
<pin id="1526" dir="0" index="7" bw="3" slack="0"/>
<pin id="1527" dir="1" index="8" bw="32" slack="0"/>
</pin_list>
<bind>
<opcode="mux(1196) " fcode="mux"/>
<opset="tmp_10/1 "/>
</bind>
</comp>

<comp id="1536" class="1004" name="tmp_11_fu_1536">
<pin_list>
<pin id="1537" dir="0" index="0" bw="32" slack="0"/>
<pin id="1538" dir="0" index="1" bw="32" slack="0"/>
<pin id="1539" dir="0" index="2" bw="32" slack="0"/>
<pin id="1540" dir="0" index="3" bw="32" slack="0"/>
<pin id="1541" dir="0" index="4" bw="32" slack="0"/>
<pin id="1542" dir="0" index="5" bw="32" slack="0"/>
<pin id="1543" dir="0" index="6" bw="32" slack="0"/>
<pin id="1544" dir="0" index="7" bw="3" slack="0"/>
<pin id="1545" dir="1" index="8" bw="32" slack="0"/>
</pin_list>
<bind>
<opcode="mux(1196) " fcode="mux"/>
<opset="tmp_11/1 "/>
</bind>
</comp>

<comp id="1554" class="1004" name="tmp_12_fu_1554">
<pin_list>
<pin id="1555" dir="0" index="0" bw="32" slack="0"/>
<pin id="1556" dir="0" index="1" bw="32" slack="0"/>
<pin id="1557" dir="0" index="2" bw="32" slack="0"/>
<pin id="1558" dir="0" index="3" bw="32" slack="0"/>
<pin id="1559" dir="0" index="4" bw="32" slack="0"/>
<pin id="1560" dir="0" index="5" bw="32" slack="0"/>
<pin id="1561" dir="0" index="6" bw="32" slack="0"/>
<pin id="1562" dir="0" index="7" bw="3" slack="0"/>
<pin id="1563" dir="1" index="8" bw="32" slack="1"/>
</pin_list>
<bind>
<opcode="mux(1196) " fcode="mux"/>
<opset="tmp_12/1 "/>
</bind>
</comp>

<comp id="1572" class="1004" name="tmp_13_fu_1572">
<pin_list>
<pin id="1573" dir="0" index="0" bw="32" slack="0"/>
<pin id="1574" dir="0" index="1" bw="32" slack="0"/>
<pin id="1575" dir="0" index="2" bw="32" slack="0"/>
<pin id="1576" dir="0" index="3" bw="32" slack="0"/>
<pin id="1577" dir="0" index="4" bw="32" slack="0"/>
<pin id="1578" dir="0" index="5" bw="32" slack="0"/>
<pin id="1579" dir="0" index="6" bw="32" slack="0"/>
<pin id="1580" dir="0" index="7" bw="3" slack="0"/>
<pin id="1581" dir="1" index="8" bw="32" slack="0"/>
</pin_list>
<bind>
<opcode="mux(1196) " fcode="mux"/>
<opset="tmp_13/1 "/>
</bind>
</comp>

<comp id="1590" class="1004" name="tmp_14_fu_1590">
<pin_list>
<pin id="1591" dir="0" index="0" bw="32" slack="0"/>
<pin id="1592" dir="0" index="1" bw="32" slack="0"/>
<pin id="1593" dir="0" index="2" bw="32" slack="0"/>
<pin id="1594" dir="0" index="3" bw="32" slack="0"/>
<pin id="1595" dir="0" index="4" bw="32" slack="0"/>
<pin id="1596" dir="0" index="5" bw="32" slack="0"/>
<pin id="1597" dir="0" index="6" bw="32" slack="0"/>
<pin id="1598" dir="0" index="7" bw="3" slack="0"/>
<pin id="1599" dir="1" index="8" bw="32" slack="0"/>
</pin_list>
<bind>
<opcode="mux(1196) " fcode="mux"/>
<opset="tmp_14/1 "/>
</bind>
</comp>

<comp id="1608" class="1004" name="tmp_15_fu_1608">
<pin_list>
<pin id="1609" dir="0" index="0" bw="32" slack="0"/>
<pin id="1610" dir="0" index="1" bw="32" slack="0"/>
<pin id="1611" dir="0" index="2" bw="32" slack="0"/>
<pin id="1612" dir="0" index="3" bw="32" slack="0"/>
<pin id="1613" dir="0" index="4" bw="32" slack="0"/>
<pin id="1614" dir="0" index="5" bw="32" slack="0"/>
<pin id="1615" dir="0" index="6" bw="32" slack="0"/>
<pin id="1616" dir="0" index="7" bw="3" slack="0"/>
<pin id="1617" dir="1" index="8" bw="32" slack="0"/>
</pin_list>
<bind>
<opcode="mux(1196) " fcode="mux"/>
<opset="tmp_15/1 "/>
</bind>
</comp>

<comp id="1626" class="1004" name="tmp_16_fu_1626">
<pin_list>
<pin id="1627" dir="0" index="0" bw="32" slack="0"/>
<pin id="1628" dir="0" index="1" bw="32" slack="0"/>
<pin id="1629" dir="0" index="2" bw="32" slack="0"/>
<pin id="1630" dir="0" index="3" bw="32" slack="0"/>
<pin id="1631" dir="0" index="4" bw="32" slack="0"/>
<pin id="1632" dir="0" index="5" bw="32" slack="0"/>
<pin id="1633" dir="0" index="6" bw="32" slack="0"/>
<pin id="1634" dir="0" index="7" bw="3" slack="0"/>
<pin id="1635" dir="1" index="8" bw="32" slack="0"/>
</pin_list>
<bind>
<opcode="mux(1196) " fcode="mux"/>
<opset="tmp_16/1 "/>
</bind>
</comp>

<comp id="1644" class="1004" name="tmp_17_fu_1644">
<pin_list>
<pin id="1645" dir="0" index="0" bw="32" slack="0"/>
<pin id="1646" dir="0" index="1" bw="32" slack="0"/>
<pin id="1647" dir="0" index="2" bw="32" slack="0"/>
<pin id="1648" dir="0" index="3" bw="32" slack="0"/>
<pin id="1649" dir="0" index="4" bw="32" slack="0"/>
<pin id="1650" dir="0" index="5" bw="32" slack="0"/>
<pin id="1651" dir="0" index="6" bw="32" slack="0"/>
<pin id="1652" dir="0" index="7" bw="3" slack="0"/>
<pin id="1653" dir="1" index="8" bw="32" slack="0"/>
</pin_list>
<bind>
<opcode="mux(1196) " fcode="mux"/>
<opset="tmp_17/1 "/>
</bind>
</comp>

<comp id="1662" class="1004" name="tmp_18_fu_1662">
<pin_list>
<pin id="1663" dir="0" index="0" bw="32" slack="0"/>
<pin id="1664" dir="0" index="1" bw="32" slack="0"/>
<pin id="1665" dir="0" index="2" bw="32" slack="0"/>
<pin id="1666" dir="0" index="3" bw="32" slack="0"/>
<pin id="1667" dir="0" index="4" bw="32" slack="0"/>
<pin id="1668" dir="0" index="5" bw="32" slack="0"/>
<pin id="1669" dir="0" index="6" bw="32" slack="0"/>
<pin id="1670" dir="0" index="7" bw="3" slack="0"/>
<pin id="1671" dir="1" index="8" bw="32" slack="0"/>
</pin_list>
<bind>
<opcode="mux(1196) " fcode="mux"/>
<opset="tmp_18/1 "/>
</bind>
</comp>

<comp id="1680" class="1004" name="tmp_19_fu_1680">
<pin_list>
<pin id="1681" dir="0" index="0" bw="32" slack="0"/>
<pin id="1682" dir="0" index="1" bw="32" slack="0"/>
<pin id="1683" dir="0" index="2" bw="32" slack="0"/>
<pin id="1684" dir="0" index="3" bw="32" slack="0"/>
<pin id="1685" dir="0" index="4" bw="32" slack="0"/>
<pin id="1686" dir="0" index="5" bw="32" slack="0"/>
<pin id="1687" dir="0" index="6" bw="32" slack="0"/>
<pin id="1688" dir="0" index="7" bw="3" slack="0"/>
<pin id="1689" dir="1" index="8" bw="32" slack="1"/>
</pin_list>
<bind>
<opcode="mux(1196) " fcode="mux"/>
<opset="tmp_19/1 "/>
</bind>
</comp>

<comp id="1698" class="1004" name="add_ln74_fu_1698">
<pin_list>
<pin id="1699" dir="0" index="0" bw="3" slack="0"/>
<pin id="1700" dir="0" index="1" bw="1" slack="0"/>
<pin id="1701" dir="1" index="2" bw="3" slack="0"/>
</pin_list>
<bind>
<opcode="add(8) " fcode="add"/>
<opset="add_ln74/1 "/>
</bind>
</comp>

<comp id="1704" class="1004" name="store_ln74_store_fu_1704">
<pin_list>
<pin id="1705" dir="0" index="0" bw="6" slack="0"/>
<pin id="1706" dir="0" index="1" bw="6" slack="0"/>
<pin id="1707" dir="1" index="2" bw="0" slack="2147483647"/>
</pin_list>
<bind>
<opcode="store(28) " fcode="store"/>
<opset="store_ln74/1 "/>
</bind>
</comp>

<comp id="1709" class="1004" name="store_ln74_store_fu_1709">
<pin_list>
<pin id="1710" dir="0" index="0" bw="3" slack="0"/>
<pin id="1711" dir="0" index="1" bw="3" slack="0"/>
<pin id="1712" dir="1" index="2" bw="0" slack="2147483647"/>
</pin_list>
<bind>
<opcode="store(28) " fcode="store"/>
<opset="store_ln74/1 "/>
</bind>
</comp>

<comp id="1714" class="1004" name="store_ln74_store_fu_1714">
<pin_list>
<pin id="1715" dir="0" index="0" bw="3" slack="0"/>
<pin id="1716" dir="0" index="1" bw="3" slack="0"/>
<pin id="1717" dir="1" index="2" bw="0" slack="2147483647"/>
</pin_list>
<bind>
<opcode="store(28) " fcode="store"/>
<opset="store_ln74/1 "/>
</bind>
</comp>

<comp id="1719" class="1004" name="store_ln74_store_fu_1719">
<pin_list>
<pin id="1720" dir="0" index="0" bw="32" slack="0"/>
<pin id="1721" dir="0" index="1" bw="32" slack="4"/>
<pin id="1722" dir="1" index="2" bw="0" slack="2147483647"/>
</pin_list>
<bind>
<opcode="store(28) " fcode="store"/>
<opset="store_ln74/5 "/>
</bind>
</comp>

<comp id="1724" class="1004" name="store_ln74_store_fu_1724">
<pin_list>
<pin id="1725" dir="0" index="0" bw="32" slack="0"/>
<pin id="1726" dir="0" index="1" bw="32" slack="4"/>
<pin id="1727" dir="1" index="2" bw="0" slack="2147483647"/>
</pin_list>
<bind>
<opcode="store(28) " fcode="store"/>
<opset="store_ln74/5 "/>
</bind>
</comp>

<comp id="1729" class="1004" name="store_ln74_store_fu_1729">
<pin_list>
<pin id="1730" dir="0" index="0" bw="32" slack="0"/>
<pin id="1731" dir="0" index="1" bw="32" slack="4"/>
<pin id="1732" dir="1" index="2" bw="0" slack="2147483647"/>
</pin_list>
<bind>
<opcode="store(28) " fcode="store"/>
<opset="store_ln74/5 "/>
</bind>
</comp>

<comp id="1734" class="1004" name="store_ln74_store_fu_1734">
<pin_list>
<pin id="1735" dir="0" index="0" bw="32" slack="0"/>
<pin id="1736" dir="0" index="1" bw="32" slack="4"/>
<pin id="1737" dir="1" index="2" bw="0" slack="2147483647"/>
</pin_list>
<bind>
<opcode="store(28) " fcode="store"/>
<opset="store_ln74/5 "/>
</bind>
</comp>

<comp id="1739" class="1004" name="store_ln74_store_fu_1739">
<pin_list>
<pin id="1740" dir="0" index="0" bw="32" slack="0"/>
<pin id="1741" dir="0" index="1" bw="32" slack="4"/>
<pin id="1742" dir="1" index="2" bw="0" slack="2147483647"/>
</pin_list>
<bind>
<opcode="store(28) " fcode="store"/>
<opset="store_ln74/5 "/>
</bind>
</comp>

<comp id="1744" class="1004" name="store_ln74_store_fu_1744">
<pin_list>
<pin id="1745" dir="0" index="0" bw="32" slack="0"/>
<pin id="1746" dir="0" index="1" bw="32" slack="4"/>
<pin id="1747" dir="1" index="2" bw="0" slack="2147483647"/>
</pin_list>
<bind>
<opcode="store(28) " fcode="store"/>
<opset="store_ln74/5 "/>
</bind>
</comp>

<comp id="1749" class="1004" name="store_ln74_store_fu_1749">
<pin_list>
<pin id="1750" dir="0" index="0" bw="32" slack="0"/>
<pin id="1751" dir="0" index="1" bw="32" slack="4"/>
<pin id="1752" dir="1" index="2" bw="0" slack="2147483647"/>
</pin_list>
<bind>
<opcode="store(28) " fcode="store"/>
<opset="store_ln74/5 "/>
</bind>
</comp>

<comp id="1754" class="1004" name="store_ln74_store_fu_1754">
<pin_list>
<pin id="1755" dir="0" index="0" bw="32" slack="0"/>
<pin id="1756" dir="0" index="1" bw="32" slack="4"/>
<pin id="1757" dir="1" index="2" bw="0" slack="2147483647"/>
</pin_list>
<bind>
<opcode="store(28) " fcode="store"/>
<opset="store_ln74/5 "/>
</bind>
</comp>

<comp id="1759" class="1004" name="store_ln74_store_fu_1759">
<pin_list>
<pin id="1760" dir="0" index="0" bw="32" slack="0"/>
<pin id="1761" dir="0" index="1" bw="32" slack="4"/>
<pin id="1762" dir="1" index="2" bw="0" slack="2147483647"/>
</pin_list>
<bind>
<opcode="store(28) " fcode="store"/>
<opset="store_ln74/5 "/>
</bind>
</comp>

<comp id="1764" class="1004" name="store_ln74_store_fu_1764">
<pin_list>
<pin id="1765" dir="0" index="0" bw="32" slack="0"/>
<pin id="1766" dir="0" index="1" bw="32" slack="4"/>
<pin id="1767" dir="1" index="2" bw="0" slack="2147483647"/>
</pin_list>
<bind>
<opcode="store(28) " fcode="store"/>
<opset="store_ln74/5 "/>
</bind>
</comp>

<comp id="1769" class="1004" name="store_ln74_store_fu_1769">
<pin_list>
<pin id="1770" dir="0" index="0" bw="32" slack="0"/>
<pin id="1771" dir="0" index="1" bw="32" slack="4"/>
<pin id="1772" dir="1" index="2" bw="0" slack="2147483647"/>
</pin_list>
<bind>
<opcode="store(28) " fcode="store"/>
<opset="store_ln74/5 "/>
</bind>
</comp>

<comp id="1774" class="1004" name="store_ln74_store_fu_1774">
<pin_list>
<pin id="1775" dir="0" index="0" bw="32" slack="0"/>
<pin id="1776" dir="0" index="1" bw="32" slack="4"/>
<pin id="1777" dir="1" index="2" bw="0" slack="2147483647"/>
</pin_list>
<bind>
<opcode="store(28) " fcode="store"/>
<opset="store_ln74/5 "/>
</bind>
</comp>

<comp id="1779" class="1004" name="store_ln74_store_fu_1779">
<pin_list>
<pin id="1780" dir="0" index="0" bw="32" slack="0"/>
<pin id="1781" dir="0" index="1" bw="32" slack="4"/>
<pin id="1782" dir="1" index="2" bw="0" slack="2147483647"/>
</pin_list>
<bind>
<opcode="store(28) " fcode="store"/>
<opset="store_ln74/5 "/>
</bind>
</comp>

<comp id="1784" class="1004" name="store_ln74_store_fu_1784">
<pin_list>
<pin id="1785" dir="0" index="0" bw="32" slack="0"/>
<pin id="1786" dir="0" index="1" bw="32" slack="4"/>
<pin id="1787" dir="1" index="2" bw="0" slack="2147483647"/>
</pin_list>
<bind>
<opcode="store(28) " fcode="store"/>
<opset="store_ln74/5 "/>
</bind>
</comp>

<comp id="1789" class="1004" name="store_ln74_store_fu_1789">
<pin_list>
<pin id="1790" dir="0" index="0" bw="32" slack="0"/>
<pin id="1791" dir="0" index="1" bw="32" slack="4"/>
<pin id="1792" dir="1" index="2" bw="0" slack="2147483647"/>
</pin_list>
<bind>
<opcode="store(28) " fcode="store"/>
<opset="store_ln74/5 "/>
</bind>
</comp>

<comp id="1794" class="1004" name="store_ln74_store_fu_1794">
<pin_list>
<pin id="1795" dir="0" index="0" bw="32" slack="0"/>
<pin id="1796" dir="0" index="1" bw="32" slack="4"/>
<pin id="1797" dir="1" index="2" bw="0" slack="2147483647"/>
</pin_list>
<bind>
<opcode="store(28) " fcode="store"/>
<opset="store_ln74/5 "/>
</bind>
</comp>

<comp id="1799" class="1004" name="store_ln74_store_fu_1799">
<pin_list>
<pin id="1800" dir="0" index="0" bw="32" slack="0"/>
<pin id="1801" dir="0" index="1" bw="32" slack="4"/>
<pin id="1802" dir="1" index="2" bw="0" slack="2147483647"/>
</pin_list>
<bind>
<opcode="store(28) " fcode="store"/>
<opset="store_ln74/5 "/>
</bind>
</comp>

<comp id="1804" class="1004" name="store_ln74_store_fu_1804">
<pin_list>
<pin id="1805" dir="0" index="0" bw="32" slack="0"/>
<pin id="1806" dir="0" index="1" bw="32" slack="4"/>
<pin id="1807" dir="1" index="2" bw="0" slack="2147483647"/>
</pin_list>
<bind>
<opcode="store(28) " fcode="store"/>
<opset="store_ln74/5 "/>
</bind>
</comp>

<comp id="1809" class="1004" name="store_ln74_store_fu_1809">
<pin_list>
<pin id="1810" dir="0" index="0" bw="32" slack="0"/>
<pin id="1811" dir="0" index="1" bw="32" slack="4"/>
<pin id="1812" dir="1" index="2" bw="0" slack="2147483647"/>
</pin_list>
<bind>
<opcode="store(28) " fcode="store"/>
<opset="store_ln74/5 "/>
</bind>
</comp>

<comp id="1814" class="1004" name="store_ln74_store_fu_1814">
<pin_list>
<pin id="1815" dir="0" index="0" bw="32" slack="0"/>
<pin id="1816" dir="0" index="1" bw="32" slack="4"/>
<pin id="1817" dir="1" index="2" bw="0" slack="2147483647"/>
</pin_list>
<bind>
<opcode="store(28) " fcode="store"/>
<opset="store_ln74/5 "/>
</bind>
</comp>

<comp id="1819" class="1004" name="store_ln74_store_fu_1819">
<pin_list>
<pin id="1820" dir="0" index="0" bw="32" slack="0"/>
<pin id="1821" dir="0" index="1" bw="32" slack="4"/>
<pin id="1822" dir="1" index="2" bw="0" slack="2147483647"/>
</pin_list>
<bind>
<opcode="store(28) " fcode="store"/>
<opset="store_ln74/5 "/>
</bind>
</comp>

<comp id="1824" class="1004" name="store_ln74_store_fu_1824">
<pin_list>
<pin id="1825" dir="0" index="0" bw="32" slack="0"/>
<pin id="1826" dir="0" index="1" bw="32" slack="4"/>
<pin id="1827" dir="1" index="2" bw="0" slack="2147483647"/>
</pin_list>
<bind>
<opcode="store(28) " fcode="store"/>
<opset="store_ln74/5 "/>
</bind>
</comp>

<comp id="1829" class="1004" name="store_ln74_store_fu_1829">
<pin_list>
<pin id="1830" dir="0" index="0" bw="32" slack="0"/>
<pin id="1831" dir="0" index="1" bw="32" slack="4"/>
<pin id="1832" dir="1" index="2" bw="0" slack="2147483647"/>
</pin_list>
<bind>
<opcode="store(28) " fcode="store"/>
<opset="store_ln74/5 "/>
</bind>
</comp>

<comp id="1834" class="1004" name="store_ln74_store_fu_1834">
<pin_list>
<pin id="1835" dir="0" index="0" bw="32" slack="0"/>
<pin id="1836" dir="0" index="1" bw="32" slack="4"/>
<pin id="1837" dir="1" index="2" bw="0" slack="2147483647"/>
</pin_list>
<bind>
<opcode="store(28) " fcode="store"/>
<opset="store_ln74/5 "/>
</bind>
</comp>

<comp id="1839" class="1004" name="store_ln74_store_fu_1839">
<pin_list>
<pin id="1840" dir="0" index="0" bw="32" slack="0"/>
<pin id="1841" dir="0" index="1" bw="32" slack="4"/>
<pin id="1842" dir="1" index="2" bw="0" slack="2147483647"/>
</pin_list>
<bind>
<opcode="store(28) " fcode="store"/>
<opset="store_ln74/5 "/>
</bind>
</comp>

<comp id="1844" class="1004" name="store_ln74_store_fu_1844">
<pin_list>
<pin id="1845" dir="0" index="0" bw="32" slack="0"/>
<pin id="1846" dir="0" index="1" bw="32" slack="4"/>
<pin id="1847" dir="1" index="2" bw="0" slack="2147483647"/>
</pin_list>
<bind>
<opcode="store(28) " fcode="store"/>
<opset="store_ln74/5 "/>
</bind>
</comp>

<comp id="1849" class="1004" name="store_ln74_store_fu_1849">
<pin_list>
<pin id="1850" dir="0" index="0" bw="32" slack="0"/>
<pin id="1851" dir="0" index="1" bw="32" slack="4"/>
<pin id="1852" dir="1" index="2" bw="0" slack="2147483647"/>
</pin_list>
<bind>
<opcode="store(28) " fcode="store"/>
<opset="store_ln74/5 "/>
</bind>
</comp>

<comp id="1854" class="1004" name="store_ln74_store_fu_1854">
<pin_list>
<pin id="1855" dir="0" index="0" bw="32" slack="0"/>
<pin id="1856" dir="0" index="1" bw="32" slack="4"/>
<pin id="1857" dir="1" index="2" bw="0" slack="2147483647"/>
</pin_list>
<bind>
<opcode="store(28) " fcode="store"/>
<opset="store_ln74/5 "/>
</bind>
</comp>

<comp id="1859" class="1004" name="store_ln74_store_fu_1859">
<pin_list>
<pin id="1860" dir="0" index="0" bw="32" slack="0"/>
<pin id="1861" dir="0" index="1" bw="32" slack="4"/>
<pin id="1862" dir="1" index="2" bw="0" slack="2147483647"/>
</pin_list>
<bind>
<opcode="store(28) " fcode="store"/>
<opset="store_ln74/5 "/>
</bind>
</comp>

<comp id="1864" class="1004" name="store_ln74_store_fu_1864">
<pin_list>
<pin id="1865" dir="0" index="0" bw="32" slack="0"/>
<pin id="1866" dir="0" index="1" bw="32" slack="4"/>
<pin id="1867" dir="1" index="2" bw="0" slack="2147483647"/>
</pin_list>
<bind>
<opcode="store(28) " fcode="store"/>
<opset="store_ln74/5 "/>
</bind>
</comp>

<comp id="1869" class="1004" name="store_ln74_store_fu_1869">
<pin_list>
<pin id="1870" dir="0" index="0" bw="32" slack="0"/>
<pin id="1871" dir="0" index="1" bw="32" slack="4"/>
<pin id="1872" dir="1" index="2" bw="0" slack="2147483647"/>
</pin_list>
<bind>
<opcode="store(28) " fcode="store"/>
<opset="store_ln74/5 "/>
</bind>
</comp>

<comp id="1874" class="1004" name="store_ln74_store_fu_1874">
<pin_list>
<pin id="1875" dir="0" index="0" bw="32" slack="0"/>
<pin id="1876" dir="0" index="1" bw="32" slack="4"/>
<pin id="1877" dir="1" index="2" bw="0" slack="2147483647"/>
</pin_list>
<bind>
<opcode="store(28) " fcode="store"/>
<opset="store_ln74/5 "/>
</bind>
</comp>

<comp id="1879" class="1004" name="store_ln74_store_fu_1879">
<pin_list>
<pin id="1880" dir="0" index="0" bw="32" slack="0"/>
<pin id="1881" dir="0" index="1" bw="32" slack="4"/>
<pin id="1882" dir="1" index="2" bw="0" slack="2147483647"/>
</pin_list>
<bind>
<opcode="store(28) " fcode="store"/>
<opset="store_ln74/5 "/>
</bind>
</comp>

<comp id="1884" class="1004" name="store_ln74_store_fu_1884">
<pin_list>
<pin id="1885" dir="0" index="0" bw="32" slack="0"/>
<pin id="1886" dir="0" index="1" bw="32" slack="4"/>
<pin id="1887" dir="1" index="2" bw="0" slack="2147483647"/>
</pin_list>
<bind>
<opcode="store(28) " fcode="store"/>
<opset="store_ln74/5 "/>
</bind>
</comp>

<comp id="1889" class="1004" name="store_ln74_store_fu_1889">
<pin_list>
<pin id="1890" dir="0" index="0" bw="32" slack="0"/>
<pin id="1891" dir="0" index="1" bw="32" slack="4"/>
<pin id="1892" dir="1" index="2" bw="0" slack="2147483647"/>
</pin_list>
<bind>
<opcode="store(28) " fcode="store"/>
<opset="store_ln74/5 "/>
</bind>
</comp>

<comp id="1894" class="1004" name="store_ln74_store_fu_1894">
<pin_list>
<pin id="1895" dir="0" index="0" bw="32" slack="0"/>
<pin id="1896" dir="0" index="1" bw="32" slack="4"/>
<pin id="1897" dir="1" index="2" bw="0" slack="2147483647"/>
</pin_list>
<bind>
<opcode="store(28) " fcode="store"/>
<opset="store_ln74/5 "/>
</bind>
</comp>

<comp id="1899" class="1004" name="P_load_load_fu_1899">
<pin_list>
<pin id="1900" dir="0" index="0" bw="32" slack="3"/>
<pin id="1901" dir="1" index="1" bw="32" slack="0"/>
</pin_list>
<bind>
<opcode="load(27) " fcode="load"/>
<opset="P_load/4 "/>
</bind>
</comp>

<comp id="1903" class="1004" name="P_1_load_load_fu_1903">
<pin_list>
<pin id="1904" dir="0" index="0" bw="32" slack="3"/>
<pin id="1905" dir="1" index="1" bw="32" slack="0"/>
</pin_list>
<bind>
<opcode="load(27) " fcode="load"/>
<opset="P_1_load/4 "/>
</bind>
</comp>

<comp id="1907" class="1004" name="P_2_load_load_fu_1907">
<pin_list>
<pin id="1908" dir="0" index="0" bw="32" slack="3"/>
<pin id="1909" dir="1" index="1" bw="32" slack="0"/>
</pin_list>
<bind>
<opcode="load(27) " fcode="load"/>
<opset="P_2_load/4 "/>
</bind>
</comp>

<comp id="1911" class="1004" name="P_3_load_load_fu_1911">
<pin_list>
<pin id="1912" dir="0" index="0" bw="32" slack="3"/>
<pin id="1913" dir="1" index="1" bw="32" slack="0"/>
</pin_list>
<bind>
<opcode="load(27) " fcode="load"/>
<opset="P_3_load/4 "/>
</bind>
</comp>

<comp id="1915" class="1004" name="P_4_load_load_fu_1915">
<pin_list>
<pin id="1916" dir="0" index="0" bw="32" slack="3"/>
<pin id="1917" dir="1" index="1" bw="32" slack="0"/>
</pin_list>
<bind>
<opcode="load(27) " fcode="load"/>
<opset="P_4_load/4 "/>
</bind>
</comp>

<comp id="1919" class="1004" name="P_5_load_load_fu_1919">
<pin_list>
<pin id="1920" dir="0" index="0" bw="32" slack="3"/>
<pin id="1921" dir="1" index="1" bw="32" slack="0"/>
</pin_list>
<bind>
<opcode="load(27) " fcode="load"/>
<opset="P_5_load/4 "/>
</bind>
</comp>

<comp id="1923" class="1004" name="P_6_load_load_fu_1923">
<pin_list>
<pin id="1924" dir="0" index="0" bw="32" slack="3"/>
<pin id="1925" dir="1" index="1" bw="32" slack="0"/>
</pin_list>
<bind>
<opcode="load(27) " fcode="load"/>
<opset="P_6_load/4 "/>
</bind>
</comp>

<comp id="1927" class="1004" name="P_7_load_load_fu_1927">
<pin_list>
<pin id="1928" dir="0" index="0" bw="32" slack="3"/>
<pin id="1929" dir="1" index="1" bw="32" slack="0"/>
</pin_list>
<bind>
<opcode="load(27) " fcode="load"/>
<opset="P_7_load/4 "/>
</bind>
</comp>

<comp id="1931" class="1004" name="P_8_load_load_fu_1931">
<pin_list>
<pin id="1932" dir="0" index="0" bw="32" slack="3"/>
<pin id="1933" dir="1" index="1" bw="32" slack="0"/>
</pin_list>
<bind>
<opcode="load(27) " fcode="load"/>
<opset="P_8_load/4 "/>
</bind>
</comp>

<comp id="1935" class="1004" name="P_9_load_load_fu_1935">
<pin_list>
<pin id="1936" dir="0" index="0" bw="32" slack="3"/>
<pin id="1937" dir="1" index="1" bw="32" slack="0"/>
</pin_list>
<bind>
<opcode="load(27) " fcode="load"/>
<opset="P_9_load/4 "/>
</bind>
</comp>

<comp id="1939" class="1004" name="P_10_load_load_fu_1939">
<pin_list>
<pin id="1940" dir="0" index="0" bw="32" slack="3"/>
<pin id="1941" dir="1" index="1" bw="32" slack="0"/>
</pin_list>
<bind>
<opcode="load(27) " fcode="load"/>
<opset="P_10_load/4 "/>
</bind>
</comp>

<comp id="1943" class="1004" name="P_11_load_load_fu_1943">
<pin_list>
<pin id="1944" dir="0" index="0" bw="32" slack="3"/>
<pin id="1945" dir="1" index="1" bw="32" slack="0"/>
</pin_list>
<bind>
<opcode="load(27) " fcode="load"/>
<opset="P_11_load/4 "/>
</bind>
</comp>

<comp id="1947" class="1004" name="P_12_load_load_fu_1947">
<pin_list>
<pin id="1948" dir="0" index="0" bw="32" slack="3"/>
<pin id="1949" dir="1" index="1" bw="32" slack="0"/>
</pin_list>
<bind>
<opcode="load(27) " fcode="load"/>
<opset="P_12_load/4 "/>
</bind>
</comp>

<comp id="1951" class="1004" name="P_13_load_load_fu_1951">
<pin_list>
<pin id="1952" dir="0" index="0" bw="32" slack="3"/>
<pin id="1953" dir="1" index="1" bw="32" slack="0"/>
</pin_list>
<bind>
<opcode="load(27) " fcode="load"/>
<opset="P_13_load/4 "/>
</bind>
</comp>

<comp id="1955" class="1004" name="P_14_load_load_fu_1955">
<pin_list>
<pin id="1956" dir="0" index="0" bw="32" slack="3"/>
<pin id="1957" dir="1" index="1" bw="32" slack="0"/>
</pin_list>
<bind>
<opcode="load(27) " fcode="load"/>
<opset="P_14_load/4 "/>
</bind>
</comp>

<comp id="1959" class="1004" name="P_15_load_load_fu_1959">
<pin_list>
<pin id="1960" dir="0" index="0" bw="32" slack="3"/>
<pin id="1961" dir="1" index="1" bw="32" slack="0"/>
</pin_list>
<bind>
<opcode="load(27) " fcode="load"/>
<opset="P_15_load/4 "/>
</bind>
</comp>

<comp id="1963" class="1004" name="P_16_load_load_fu_1963">
<pin_list>
<pin id="1964" dir="0" index="0" bw="32" slack="3"/>
<pin id="1965" dir="1" index="1" bw="32" slack="0"/>
</pin_list>
<bind>
<opcode="load(27) " fcode="load"/>
<opset="P_16_load/4 "/>
</bind>
</comp>

<comp id="1967" class="1004" name="P_17_load_load_fu_1967">
<pin_list>
<pin id="1968" dir="0" index="0" bw="32" slack="3"/>
<pin id="1969" dir="1" index="1" bw="32" slack="0"/>
</pin_list>
<bind>
<opcode="load(27) " fcode="load"/>
<opset="P_17_load/4 "/>
</bind>
</comp>

<comp id="1971" class="1004" name="P_18_load_load_fu_1971">
<pin_list>
<pin id="1972" dir="0" index="0" bw="32" slack="3"/>
<pin id="1973" dir="1" index="1" bw="32" slack="0"/>
</pin_list>
<bind>
<opcode="load(27) " fcode="load"/>
<opset="P_18_load/4 "/>
</bind>
</comp>

<comp id="1975" class="1004" name="P_19_load_load_fu_1975">
<pin_list>
<pin id="1976" dir="0" index="0" bw="32" slack="3"/>
<pin id="1977" dir="1" index="1" bw="32" slack="0"/>
</pin_list>
<bind>
<opcode="load(27) " fcode="load"/>
<opset="P_19_load/4 "/>
</bind>
</comp>

<comp id="1979" class="1004" name="P_20_load_load_fu_1979">
<pin_list>
<pin id="1980" dir="0" index="0" bw="32" slack="3"/>
<pin id="1981" dir="1" index="1" bw="32" slack="0"/>
</pin_list>
<bind>
<opcode="load(27) " fcode="load"/>
<opset="P_20_load/4 "/>
</bind>
</comp>

<comp id="1983" class="1004" name="P_21_load_load_fu_1983">
<pin_list>
<pin id="1984" dir="0" index="0" bw="32" slack="3"/>
<pin id="1985" dir="1" index="1" bw="32" slack="0"/>
</pin_list>
<bind>
<opcode="load(27) " fcode="load"/>
<opset="P_21_load/4 "/>
</bind>
</comp>

<comp id="1987" class="1004" name="P_22_load_load_fu_1987">
<pin_list>
<pin id="1988" dir="0" index="0" bw="32" slack="3"/>
<pin id="1989" dir="1" index="1" bw="32" slack="0"/>
</pin_list>
<bind>
<opcode="load(27) " fcode="load"/>
<opset="P_22_load/4 "/>
</bind>
</comp>

<comp id="1991" class="1004" name="P_23_load_load_fu_1991">
<pin_list>
<pin id="1992" dir="0" index="0" bw="32" slack="3"/>
<pin id="1993" dir="1" index="1" bw="32" slack="0"/>
</pin_list>
<bind>
<opcode="load(27) " fcode="load"/>
<opset="P_23_load/4 "/>
</bind>
</comp>

<comp id="1995" class="1004" name="P_24_load_load_fu_1995">
<pin_list>
<pin id="1996" dir="0" index="0" bw="32" slack="3"/>
<pin id="1997" dir="1" index="1" bw="32" slack="0"/>
</pin_list>
<bind>
<opcode="load(27) " fcode="load"/>
<opset="P_24_load/4 "/>
</bind>
</comp>

<comp id="1999" class="1004" name="P_25_load_load_fu_1999">
<pin_list>
<pin id="2000" dir="0" index="0" bw="32" slack="3"/>
<pin id="2001" dir="1" index="1" bw="32" slack="0"/>
</pin_list>
<bind>
<opcode="load(27) " fcode="load"/>
<opset="P_25_load/4 "/>
</bind>
</comp>

<comp id="2003" class="1004" name="P_26_load_load_fu_2003">
<pin_list>
<pin id="2004" dir="0" index="0" bw="32" slack="3"/>
<pin id="2005" dir="1" index="1" bw="32" slack="0"/>
</pin_list>
<bind>
<opcode="load(27) " fcode="load"/>
<opset="P_26_load/4 "/>
</bind>
</comp>

<comp id="2007" class="1004" name="P_27_load_load_fu_2007">
<pin_list>
<pin id="2008" dir="0" index="0" bw="32" slack="3"/>
<pin id="2009" dir="1" index="1" bw="32" slack="0"/>
</pin_list>
<bind>
<opcode="load(27) " fcode="load"/>
<opset="P_27_load/4 "/>
</bind>
</comp>

<comp id="2011" class="1004" name="P_28_load_load_fu_2011">
<pin_list>
<pin id="2012" dir="0" index="0" bw="32" slack="3"/>
<pin id="2013" dir="1" index="1" bw="32" slack="0"/>
</pin_list>
<bind>
<opcode="load(27) " fcode="load"/>
<opset="P_28_load/4 "/>
</bind>
</comp>

<comp id="2015" class="1004" name="P_29_load_load_fu_2015">
<pin_list>
<pin id="2016" dir="0" index="0" bw="32" slack="3"/>
<pin id="2017" dir="1" index="1" bw="32" slack="0"/>
</pin_list>
<bind>
<opcode="load(27) " fcode="load"/>
<opset="P_29_load/4 "/>
</bind>
</comp>

<comp id="2019" class="1004" name="P_30_load_load_fu_2019">
<pin_list>
<pin id="2020" dir="0" index="0" bw="32" slack="3"/>
<pin id="2021" dir="1" index="1" bw="32" slack="0"/>
</pin_list>
<bind>
<opcode="load(27) " fcode="load"/>
<opset="P_30_load/4 "/>
</bind>
</comp>

<comp id="2023" class="1004" name="P_31_load_load_fu_2023">
<pin_list>
<pin id="2024" dir="0" index="0" bw="32" slack="3"/>
<pin id="2025" dir="1" index="1" bw="32" slack="0"/>
</pin_list>
<bind>
<opcode="load(27) " fcode="load"/>
<opset="P_31_load/4 "/>
</bind>
</comp>

<comp id="2027" class="1004" name="P_32_load_load_fu_2027">
<pin_list>
<pin id="2028" dir="0" index="0" bw="32" slack="3"/>
<pin id="2029" dir="1" index="1" bw="32" slack="0"/>
</pin_list>
<bind>
<opcode="load(27) " fcode="load"/>
<opset="P_32_load/4 "/>
</bind>
</comp>

<comp id="2031" class="1004" name="P_33_load_load_fu_2031">
<pin_list>
<pin id="2032" dir="0" index="0" bw="32" slack="3"/>
<pin id="2033" dir="1" index="1" bw="32" slack="0"/>
</pin_list>
<bind>
<opcode="load(27) " fcode="load"/>
<opset="P_33_load/4 "/>
</bind>
</comp>

<comp id="2035" class="1004" name="P_34_load_load_fu_2035">
<pin_list>
<pin id="2036" dir="0" index="0" bw="32" slack="3"/>
<pin id="2037" dir="1" index="1" bw="32" slack="0"/>
</pin_list>
<bind>
<opcode="load(27) " fcode="load"/>
<opset="P_34_load/4 "/>
</bind>
</comp>

<comp id="2039" class="1004" name="P_35_load_load_fu_2039">
<pin_list>
<pin id="2040" dir="0" index="0" bw="32" slack="3"/>
<pin id="2041" dir="1" index="1" bw="32" slack="0"/>
</pin_list>
<bind>
<opcode="load(27) " fcode="load"/>
<opset="P_35_load/4 "/>
</bind>
</comp>

<comp id="2043" class="1005" name="j_reg_2043">
<pin_list>
<pin id="2044" dir="0" index="0" bw="3" slack="0"/>
<pin id="2045" dir="1" index="1" bw="3" slack="0"/>
</pin_list>
<bind>
<opset="j "/>
</bind>
</comp>

<comp id="2050" class="1005" name="i_reg_2050">
<pin_list>
<pin id="2051" dir="0" index="0" bw="3" slack="0"/>
<pin id="2052" dir="1" index="1" bw="3" slack="0"/>
</pin_list>
<bind>
<opset="i "/>
</bind>
</comp>

<comp id="2057" class="1005" name="indvar_flatten27_reg_2057">
<pin_list>
<pin id="2058" dir="0" index="0" bw="6" slack="0"/>
<pin id="2059" dir="1" index="1" bw="6" slack="0"/>
</pin_list>
<bind>
<opset="indvar_flatten27 "/>
</bind>
</comp>

<comp id="2064" class="1005" name="P_reg_2064">
<pin_list>
<pin id="2065" dir="0" index="0" bw="32" slack="0"/>
<pin id="2066" dir="1" index="1" bw="32" slack="0"/>
</pin_list>
<bind>
<opset="P "/>
</bind>
</comp>

<comp id="2071" class="1005" name="P_1_reg_2071">
<pin_list>
<pin id="2072" dir="0" index="0" bw="32" slack="0"/>
<pin id="2073" dir="1" index="1" bw="32" slack="0"/>
</pin_list>
<bind>
<opset="P_1 "/>
</bind>
</comp>

<comp id="2078" class="1005" name="P_2_reg_2078">
<pin_list>
<pin id="2079" dir="0" index="0" bw="32" slack="0"/>
<pin id="2080" dir="1" index="1" bw="32" slack="0"/>
</pin_list>
<bind>
<opset="P_2 "/>
</bind>
</comp>

<comp id="2085" class="1005" name="P_3_reg_2085">
<pin_list>
<pin id="2086" dir="0" index="0" bw="32" slack="0"/>
<pin id="2087" dir="1" index="1" bw="32" slack="0"/>
</pin_list>
<bind>
<opset="P_3 "/>
</bind>
</comp>

<comp id="2092" class="1005" name="P_4_reg_2092">
<pin_list>
<pin id="2093" dir="0" index="0" bw="32" slack="0"/>
<pin id="2094" dir="1" index="1" bw="32" slack="0"/>
</pin_list>
<bind>
<opset="P_4 "/>
</bind>
</comp>

<comp id="2099" class="1005" name="P_5_reg_2099">
<pin_list>
<pin id="2100" dir="0" index="0" bw="32" slack="0"/>
<pin id="2101" dir="1" index="1" bw="32" slack="0"/>
</pin_list>
<bind>
<opset="P_5 "/>
</bind>
</comp>

<comp id="2106" class="1005" name="P_6_reg_2106">
<pin_list>
<pin id="2107" dir="0" index="0" bw="32" slack="0"/>
<pin id="2108" dir="1" index="1" bw="32" slack="0"/>
</pin_list>
<bind>
<opset="P_6 "/>
</bind>
</comp>

<comp id="2113" class="1005" name="P_7_reg_2113">
<pin_list>
<pin id="2114" dir="0" index="0" bw="32" slack="0"/>
<pin id="2115" dir="1" index="1" bw="32" slack="0"/>
</pin_list>
<bind>
<opset="P_7 "/>
</bind>
</comp>

<comp id="2120" class="1005" name="P_8_reg_2120">
<pin_list>
<pin id="2121" dir="0" index="0" bw="32" slack="0"/>
<pin id="2122" dir="1" index="1" bw="32" slack="0"/>
</pin_list>
<bind>
<opset="P_8 "/>
</bind>
</comp>

<comp id="2127" class="1005" name="P_9_reg_2127">
<pin_list>
<pin id="2128" dir="0" index="0" bw="32" slack="0"/>
<pin id="2129" dir="1" index="1" bw="32" slack="0"/>
</pin_list>
<bind>
<opset="P_9 "/>
</bind>
</comp>

<comp id="2134" class="1005" name="P_10_reg_2134">
<pin_list>
<pin id="2135" dir="0" index="0" bw="32" slack="0"/>
<pin id="2136" dir="1" index="1" bw="32" slack="0"/>
</pin_list>
<bind>
<opset="P_10 "/>
</bind>
</comp>

<comp id="2141" class="1005" name="P_11_reg_2141">
<pin_list>
<pin id="2142" dir="0" index="0" bw="32" slack="0"/>
<pin id="2143" dir="1" index="1" bw="32" slack="0"/>
</pin_list>
<bind>
<opset="P_11 "/>
</bind>
</comp>

<comp id="2148" class="1005" name="P_12_reg_2148">
<pin_list>
<pin id="2149" dir="0" index="0" bw="32" slack="0"/>
<pin id="2150" dir="1" index="1" bw="32" slack="0"/>
</pin_list>
<bind>
<opset="P_12 "/>
</bind>
</comp>

<comp id="2155" class="1005" name="P_13_reg_2155">
<pin_list>
<pin id="2156" dir="0" index="0" bw="32" slack="0"/>
<pin id="2157" dir="1" index="1" bw="32" slack="0"/>
</pin_list>
<bind>
<opset="P_13 "/>
</bind>
</comp>

<comp id="2162" class="1005" name="P_14_reg_2162">
<pin_list>
<pin id="2163" dir="0" index="0" bw="32" slack="0"/>
<pin id="2164" dir="1" index="1" bw="32" slack="0"/>
</pin_list>
<bind>
<opset="P_14 "/>
</bind>
</comp>

<comp id="2169" class="1005" name="P_15_reg_2169">
<pin_list>
<pin id="2170" dir="0" index="0" bw="32" slack="0"/>
<pin id="2171" dir="1" index="1" bw="32" slack="0"/>
</pin_list>
<bind>
<opset="P_15 "/>
</bind>
</comp>

<comp id="2176" class="1005" name="P_16_reg_2176">
<pin_list>
<pin id="2177" dir="0" index="0" bw="32" slack="0"/>
<pin id="2178" dir="1" index="1" bw="32" slack="0"/>
</pin_list>
<bind>
<opset="P_16 "/>
</bind>
</comp>

<comp id="2183" class="1005" name="P_17_reg_2183">
<pin_list>
<pin id="2184" dir="0" index="0" bw="32" slack="0"/>
<pin id="2185" dir="1" index="1" bw="32" slack="0"/>
</pin_list>
<bind>
<opset="P_17 "/>
</bind>
</comp>

<comp id="2190" class="1005" name="P_18_reg_2190">
<pin_list>
<pin id="2191" dir="0" index="0" bw="32" slack="0"/>
<pin id="2192" dir="1" index="1" bw="32" slack="0"/>
</pin_list>
<bind>
<opset="P_18 "/>
</bind>
</comp>

<comp id="2197" class="1005" name="P_19_reg_2197">
<pin_list>
<pin id="2198" dir="0" index="0" bw="32" slack="0"/>
<pin id="2199" dir="1" index="1" bw="32" slack="0"/>
</pin_list>
<bind>
<opset="P_19 "/>
</bind>
</comp>

<comp id="2204" class="1005" name="P_20_reg_2204">
<pin_list>
<pin id="2205" dir="0" index="0" bw="32" slack="0"/>
<pin id="2206" dir="1" index="1" bw="32" slack="0"/>
</pin_list>
<bind>
<opset="P_20 "/>
</bind>
</comp>

<comp id="2211" class="1005" name="P_21_reg_2211">
<pin_list>
<pin id="2212" dir="0" index="0" bw="32" slack="0"/>
<pin id="2213" dir="1" index="1" bw="32" slack="0"/>
</pin_list>
<bind>
<opset="P_21 "/>
</bind>
</comp>

<comp id="2218" class="1005" name="P_22_reg_2218">
<pin_list>
<pin id="2219" dir="0" index="0" bw="32" slack="0"/>
<pin id="2220" dir="1" index="1" bw="32" slack="0"/>
</pin_list>
<bind>
<opset="P_22 "/>
</bind>
</comp>

<comp id="2225" class="1005" name="P_23_reg_2225">
<pin_list>
<pin id="2226" dir="0" index="0" bw="32" slack="0"/>
<pin id="2227" dir="1" index="1" bw="32" slack="0"/>
</pin_list>
<bind>
<opset="P_23 "/>
</bind>
</comp>

<comp id="2232" class="1005" name="P_24_reg_2232">
<pin_list>
<pin id="2233" dir="0" index="0" bw="32" slack="0"/>
<pin id="2234" dir="1" index="1" bw="32" slack="0"/>
</pin_list>
<bind>
<opset="P_24 "/>
</bind>
</comp>

<comp id="2239" class="1005" name="P_25_reg_2239">
<pin_list>
<pin id="2240" dir="0" index="0" bw="32" slack="0"/>
<pin id="2241" dir="1" index="1" bw="32" slack="0"/>
</pin_list>
<bind>
<opset="P_25 "/>
</bind>
</comp>

<comp id="2246" class="1005" name="P_26_reg_2246">
<pin_list>
<pin id="2247" dir="0" index="0" bw="32" slack="0"/>
<pin id="2248" dir="1" index="1" bw="32" slack="0"/>
</pin_list>
<bind>
<opset="P_26 "/>
</bind>
</comp>

<comp id="2253" class="1005" name="P_27_reg_2253">
<pin_list>
<pin id="2254" dir="0" index="0" bw="32" slack="0"/>
<pin id="2255" dir="1" index="1" bw="32" slack="0"/>
</pin_list>
<bind>
<opset="P_27 "/>
</bind>
</comp>

<comp id="2260" class="1005" name="P_28_reg_2260">
<pin_list>
<pin id="2261" dir="0" index="0" bw="32" slack="0"/>
<pin id="2262" dir="1" index="1" bw="32" slack="0"/>
</pin_list>
<bind>
<opset="P_28 "/>
</bind>
</comp>

<comp id="2267" class="1005" name="P_29_reg_2267">
<pin_list>
<pin id="2268" dir="0" index="0" bw="32" slack="0"/>
<pin id="2269" dir="1" index="1" bw="32" slack="0"/>
</pin_list>
<bind>
<opset="P_29 "/>
</bind>
</comp>

<comp id="2274" class="1005" name="P_30_reg_2274">
<pin_list>
<pin id="2275" dir="0" index="0" bw="32" slack="0"/>
<pin id="2276" dir="1" index="1" bw="32" slack="0"/>
</pin_list>
<bind>
<opset="P_30 "/>
</bind>
</comp>

<comp id="2281" class="1005" name="P_31_reg_2281">
<pin_list>
<pin id="2282" dir="0" index="0" bw="32" slack="0"/>
<pin id="2283" dir="1" index="1" bw="32" slack="0"/>
</pin_list>
<bind>
<opset="P_31 "/>
</bind>
</comp>

<comp id="2288" class="1005" name="P_32_reg_2288">
<pin_list>
<pin id="2289" dir="0" index="0" bw="32" slack="0"/>
<pin id="2290" dir="1" index="1" bw="32" slack="0"/>
</pin_list>
<bind>
<opset="P_32 "/>
</bind>
</comp>

<comp id="2295" class="1005" name="P_33_reg_2295">
<pin_list>
<pin id="2296" dir="0" index="0" bw="32" slack="0"/>
<pin id="2297" dir="1" index="1" bw="32" slack="0"/>
</pin_list>
<bind>
<opset="P_33 "/>
</bind>
</comp>

<comp id="2302" class="1005" name="P_34_reg_2302">
<pin_list>
<pin id="2303" dir="0" index="0" bw="32" slack="0"/>
<pin id="2304" dir="1" index="1" bw="32" slack="0"/>
</pin_list>
<bind>
<opset="P_34 "/>
</bind>
</comp>

<comp id="2309" class="1005" name="P_35_reg_2309">
<pin_list>
<pin id="2310" dir="0" index="0" bw="32" slack="0"/>
<pin id="2311" dir="1" index="1" bw="32" slack="0"/>
</pin_list>
<bind>
<opset="P_35 "/>
</bind>
</comp>

<comp id="2316" class="1005" name="icmp_ln73_reg_2316">
<pin_list>
<pin id="2317" dir="0" index="0" bw="1" slack="3"/>
<pin id="2318" dir="1" index="1" bw="1" slack="2147483647"/>
</pin_list>
<bind>
<opset="icmp_ln73 "/>
</bind>
</comp>

<comp id="2320" class="1005" name="select_ln154_reg_2320">
<pin_list>
<pin id="2321" dir="0" index="0" bw="3" slack="4"/>
<pin id="2322" dir="1" index="1" bw="3" slack="2147483647"/>
</pin_list>
<bind>
<opset="select_ln154 "/>
</bind>
</comp>

<comp id="2324" class="1005" name="select_ln73_reg_2324">
<pin_list>
<pin id="2325" dir="0" index="0" bw="3" slack="4"/>
<pin id="2326" dir="1" index="1" bw="3" slack="2147483647"/>
</pin_list>
<bind>
<opset="select_ln73 "/>
</bind>
</comp>

<comp id="2328" class="1005" name="tmp_12_reg_2328">
<pin_list>
<pin id="2329" dir="0" index="0" bw="32" slack="1"/>
<pin id="2330" dir="1" index="1" bw="32" slack="1"/>
</pin_list>
<bind>
<opset="tmp_12 "/>
</bind>
</comp>

<comp id="2333" class="1005" name="tmp_19_reg_2333">
<pin_list>
<pin id="2334" dir="0" index="0" bw="32" slack="1"/>
<pin id="2335" dir="1" index="1" bw="32" slack="1"/>
</pin_list>
<bind>
<opset="tmp_19 "/>
</bind>
</comp>

</comp_list>

<net_list>
<net id="289"><net_src comp="240" pin="0"/><net_sink comp="286" pin=0"/></net>

<net id="293"><net_src comp="240" pin="0"/><net_sink comp="290" pin=0"/></net>

<net id="297"><net_src comp="240" pin="0"/><net_sink comp="294" pin=0"/></net>

<net id="301"><net_src comp="240" pin="0"/><net_sink comp="298" pin=0"/></net>

<net id="305"><net_src comp="240" pin="0"/><net_sink comp="302" pin=0"/></net>

<net id="309"><net_src comp="240" pin="0"/><net_sink comp="306" pin=0"/></net>

<net id="313"><net_src comp="240" pin="0"/><net_sink comp="310" pin=0"/></net>

<net id="317"><net_src comp="240" pin="0"/><net_sink comp="314" pin=0"/></net>

<net id="321"><net_src comp="240" pin="0"/><net_sink comp="318" pin=0"/></net>

<net id="325"><net_src comp="240" pin="0"/><net_sink comp="322" pin=0"/></net>

<net id="329"><net_src comp="240" pin="0"/><net_sink comp="326" pin=0"/></net>

<net id="333"><net_src comp="240" pin="0"/><net_sink comp="330" pin=0"/></net>

<net id="337"><net_src comp="240" pin="0"/><net_sink comp="334" pin=0"/></net>

<net id="341"><net_src comp="240" pin="0"/><net_sink comp="338" pin=0"/></net>

<net id="345"><net_src comp="240" pin="0"/><net_sink comp="342" pin=0"/></net>

<net id="349"><net_src comp="240" pin="0"/><net_sink comp="346" pin=0"/></net>

<net id="353"><net_src comp="240" pin="0"/><net_sink comp="350" pin=0"/></net>

<net id="357"><net_src comp="240" pin="0"/><net_sink comp="354" pin=0"/></net>

<net id="361"><net_src comp="240" pin="0"/><net_sink comp="358" pin=0"/></net>

<net id="365"><net_src comp="240" pin="0"/><net_sink comp="362" pin=0"/></net>

<net id="369"><net_src comp="240" pin="0"/><net_sink comp="366" pin=0"/></net>

<net id="373"><net_src comp="240" pin="0"/><net_sink comp="370" pin=0"/></net>

<net id="377"><net_src comp="240" pin="0"/><net_sink comp="374" pin=0"/></net>

<net id="381"><net_src comp="240" pin="0"/><net_sink comp="378" pin=0"/></net>

<net id="385"><net_src comp="240" pin="0"/><net_sink comp="382" pin=0"/></net>

<net id="389"><net_src comp="240" pin="0"/><net_sink comp="386" pin=0"/></net>

<net id="393"><net_src comp="240" pin="0"/><net_sink comp="390" pin=0"/></net>

<net id="397"><net_src comp="240" pin="0"/><net_sink comp="394" pin=0"/></net>

<net id="401"><net_src comp="240" pin="0"/><net_sink comp="398" pin=0"/></net>

<net id="405"><net_src comp="240" pin="0"/><net_sink comp="402" pin=0"/></net>

<net id="409"><net_src comp="240" pin="0"/><net_sink comp="406" pin=0"/></net>

<net id="413"><net_src comp="240" pin="0"/><net_sink comp="410" pin=0"/></net>

<net id="417"><net_src comp="240" pin="0"/><net_sink comp="414" pin=0"/></net>

<net id="421"><net_src comp="240" pin="0"/><net_sink comp="418" pin=0"/></net>

<net id="425"><net_src comp="240" pin="0"/><net_sink comp="422" pin=0"/></net>

<net id="429"><net_src comp="240" pin="0"/><net_sink comp="426" pin=0"/></net>

<net id="433"><net_src comp="240" pin="0"/><net_sink comp="430" pin=0"/></net>

<net id="437"><net_src comp="240" pin="0"/><net_sink comp="434" pin=0"/></net>

<net id="441"><net_src comp="240" pin="0"/><net_sink comp="438" pin=0"/></net>

<net id="446"><net_src comp="242" pin="0"/><net_sink comp="442" pin=0"/></net>

<net id="447"><net_src comp="166" pin="0"/><net_sink comp="442" pin=1"/></net>

<net id="452"><net_src comp="242" pin="0"/><net_sink comp="448" pin=0"/></net>

<net id="453"><net_src comp="164" pin="0"/><net_sink comp="448" pin=1"/></net>

<net id="458"><net_src comp="242" pin="0"/><net_sink comp="454" pin=0"/></net>

<net id="459"><net_src comp="162" pin="0"/><net_sink comp="454" pin=1"/></net>

<net id="464"><net_src comp="242" pin="0"/><net_sink comp="460" pin=0"/></net>

<net id="465"><net_src comp="160" pin="0"/><net_sink comp="460" pin=1"/></net>

<net id="470"><net_src comp="242" pin="0"/><net_sink comp="466" pin=0"/></net>

<net id="471"><net_src comp="158" pin="0"/><net_sink comp="466" pin=1"/></net>

<net id="476"><net_src comp="242" pin="0"/><net_sink comp="472" pin=0"/></net>

<net id="477"><net_src comp="156" pin="0"/><net_sink comp="472" pin=1"/></net>

<net id="482"><net_src comp="242" pin="0"/><net_sink comp="478" pin=0"/></net>

<net id="483"><net_src comp="154" pin="0"/><net_sink comp="478" pin=1"/></net>

<net id="488"><net_src comp="242" pin="0"/><net_sink comp="484" pin=0"/></net>

<net id="489"><net_src comp="152" pin="0"/><net_sink comp="484" pin=1"/></net>

<net id="494"><net_src comp="242" pin="0"/><net_sink comp="490" pin=0"/></net>

<net id="495"><net_src comp="150" pin="0"/><net_sink comp="490" pin=1"/></net>

<net id="500"><net_src comp="242" pin="0"/><net_sink comp="496" pin=0"/></net>

<net id="501"><net_src comp="148" pin="0"/><net_sink comp="496" pin=1"/></net>

<net id="506"><net_src comp="242" pin="0"/><net_sink comp="502" pin=0"/></net>

<net id="507"><net_src comp="146" pin="0"/><net_sink comp="502" pin=1"/></net>

<net id="512"><net_src comp="242" pin="0"/><net_sink comp="508" pin=0"/></net>

<net id="513"><net_src comp="144" pin="0"/><net_sink comp="508" pin=1"/></net>

<net id="518"><net_src comp="242" pin="0"/><net_sink comp="514" pin=0"/></net>

<net id="519"><net_src comp="142" pin="0"/><net_sink comp="514" pin=1"/></net>

<net id="524"><net_src comp="242" pin="0"/><net_sink comp="520" pin=0"/></net>

<net id="525"><net_src comp="140" pin="0"/><net_sink comp="520" pin=1"/></net>

<net id="530"><net_src comp="242" pin="0"/><net_sink comp="526" pin=0"/></net>

<net id="531"><net_src comp="138" pin="0"/><net_sink comp="526" pin=1"/></net>

<net id="536"><net_src comp="242" pin="0"/><net_sink comp="532" pin=0"/></net>

<net id="537"><net_src comp="136" pin="0"/><net_sink comp="532" pin=1"/></net>

<net id="542"><net_src comp="242" pin="0"/><net_sink comp="538" pin=0"/></net>

<net id="543"><net_src comp="134" pin="0"/><net_sink comp="538" pin=1"/></net>

<net id="548"><net_src comp="242" pin="0"/><net_sink comp="544" pin=0"/></net>

<net id="549"><net_src comp="132" pin="0"/><net_sink comp="544" pin=1"/></net>

<net id="554"><net_src comp="242" pin="0"/><net_sink comp="550" pin=0"/></net>

<net id="555"><net_src comp="130" pin="0"/><net_sink comp="550" pin=1"/></net>

<net id="560"><net_src comp="242" pin="0"/><net_sink comp="556" pin=0"/></net>

<net id="561"><net_src comp="128" pin="0"/><net_sink comp="556" pin=1"/></net>

<net id="566"><net_src comp="242" pin="0"/><net_sink comp="562" pin=0"/></net>

<net id="567"><net_src comp="126" pin="0"/><net_sink comp="562" pin=1"/></net>

<net id="572"><net_src comp="242" pin="0"/><net_sink comp="568" pin=0"/></net>

<net id="573"><net_src comp="124" pin="0"/><net_sink comp="568" pin=1"/></net>

<net id="578"><net_src comp="242" pin="0"/><net_sink comp="574" pin=0"/></net>

<net id="579"><net_src comp="122" pin="0"/><net_sink comp="574" pin=1"/></net>

<net id="584"><net_src comp="242" pin="0"/><net_sink comp="580" pin=0"/></net>

<net id="585"><net_src comp="120" pin="0"/><net_sink comp="580" pin=1"/></net>

<net id="590"><net_src comp="242" pin="0"/><net_sink comp="586" pin=0"/></net>

<net id="591"><net_src comp="118" pin="0"/><net_sink comp="586" pin=1"/></net>

<net id="596"><net_src comp="242" pin="0"/><net_sink comp="592" pin=0"/></net>

<net id="597"><net_src comp="116" pin="0"/><net_sink comp="592" pin=1"/></net>

<net id="602"><net_src comp="242" pin="0"/><net_sink comp="598" pin=0"/></net>

<net id="603"><net_src comp="114" pin="0"/><net_sink comp="598" pin=1"/></net>

<net id="608"><net_src comp="242" pin="0"/><net_sink comp="604" pin=0"/></net>

<net id="609"><net_src comp="112" pin="0"/><net_sink comp="604" pin=1"/></net>

<net id="614"><net_src comp="242" pin="0"/><net_sink comp="610" pin=0"/></net>

<net id="615"><net_src comp="110" pin="0"/><net_sink comp="610" pin=1"/></net>

<net id="620"><net_src comp="242" pin="0"/><net_sink comp="616" pin=0"/></net>

<net id="621"><net_src comp="108" pin="0"/><net_sink comp="616" pin=1"/></net>

<net id="626"><net_src comp="242" pin="0"/><net_sink comp="622" pin=0"/></net>

<net id="627"><net_src comp="106" pin="0"/><net_sink comp="622" pin=1"/></net>

<net id="632"><net_src comp="242" pin="0"/><net_sink comp="628" pin=0"/></net>

<net id="633"><net_src comp="104" pin="0"/><net_sink comp="628" pin=1"/></net>

<net id="638"><net_src comp="242" pin="0"/><net_sink comp="634" pin=0"/></net>

<net id="639"><net_src comp="102" pin="0"/><net_sink comp="634" pin=1"/></net>

<net id="644"><net_src comp="242" pin="0"/><net_sink comp="640" pin=0"/></net>

<net id="645"><net_src comp="100" pin="0"/><net_sink comp="640" pin=1"/></net>

<net id="650"><net_src comp="242" pin="0"/><net_sink comp="646" pin=0"/></net>

<net id="651"><net_src comp="98" pin="0"/><net_sink comp="646" pin=1"/></net>

<net id="656"><net_src comp="242" pin="0"/><net_sink comp="652" pin=0"/></net>

<net id="657"><net_src comp="96" pin="0"/><net_sink comp="652" pin=1"/></net>

<net id="662"><net_src comp="242" pin="0"/><net_sink comp="658" pin=0"/></net>

<net id="663"><net_src comp="94" pin="0"/><net_sink comp="658" pin=1"/></net>

<net id="668"><net_src comp="242" pin="0"/><net_sink comp="664" pin=0"/></net>

<net id="669"><net_src comp="92" pin="0"/><net_sink comp="664" pin=1"/></net>

<net id="674"><net_src comp="242" pin="0"/><net_sink comp="670" pin=0"/></net>

<net id="675"><net_src comp="90" pin="0"/><net_sink comp="670" pin=1"/></net>

<net id="680"><net_src comp="242" pin="0"/><net_sink comp="676" pin=0"/></net>

<net id="681"><net_src comp="88" pin="0"/><net_sink comp="676" pin=1"/></net>

<net id="686"><net_src comp="242" pin="0"/><net_sink comp="682" pin=0"/></net>

<net id="687"><net_src comp="86" pin="0"/><net_sink comp="682" pin=1"/></net>

<net id="692"><net_src comp="242" pin="0"/><net_sink comp="688" pin=0"/></net>

<net id="693"><net_src comp="84" pin="0"/><net_sink comp="688" pin=1"/></net>

<net id="698"><net_src comp="242" pin="0"/><net_sink comp="694" pin=0"/></net>

<net id="699"><net_src comp="82" pin="0"/><net_sink comp="694" pin=1"/></net>

<net id="704"><net_src comp="242" pin="0"/><net_sink comp="700" pin=0"/></net>

<net id="705"><net_src comp="80" pin="0"/><net_sink comp="700" pin=1"/></net>

<net id="710"><net_src comp="242" pin="0"/><net_sink comp="706" pin=0"/></net>

<net id="711"><net_src comp="78" pin="0"/><net_sink comp="706" pin=1"/></net>

<net id="716"><net_src comp="242" pin="0"/><net_sink comp="712" pin=0"/></net>

<net id="717"><net_src comp="76" pin="0"/><net_sink comp="712" pin=1"/></net>

<net id="722"><net_src comp="242" pin="0"/><net_sink comp="718" pin=0"/></net>

<net id="723"><net_src comp="74" pin="0"/><net_sink comp="718" pin=1"/></net>

<net id="728"><net_src comp="242" pin="0"/><net_sink comp="724" pin=0"/></net>

<net id="729"><net_src comp="72" pin="0"/><net_sink comp="724" pin=1"/></net>

<net id="734"><net_src comp="242" pin="0"/><net_sink comp="730" pin=0"/></net>

<net id="735"><net_src comp="70" pin="0"/><net_sink comp="730" pin=1"/></net>

<net id="740"><net_src comp="242" pin="0"/><net_sink comp="736" pin=0"/></net>

<net id="741"><net_src comp="68" pin="0"/><net_sink comp="736" pin=1"/></net>

<net id="746"><net_src comp="242" pin="0"/><net_sink comp="742" pin=0"/></net>

<net id="747"><net_src comp="66" pin="0"/><net_sink comp="742" pin=1"/></net>

<net id="752"><net_src comp="242" pin="0"/><net_sink comp="748" pin=0"/></net>

<net id="753"><net_src comp="64" pin="0"/><net_sink comp="748" pin=1"/></net>

<net id="758"><net_src comp="242" pin="0"/><net_sink comp="754" pin=0"/></net>

<net id="759"><net_src comp="62" pin="0"/><net_sink comp="754" pin=1"/></net>

<net id="764"><net_src comp="242" pin="0"/><net_sink comp="760" pin=0"/></net>

<net id="765"><net_src comp="60" pin="0"/><net_sink comp="760" pin=1"/></net>

<net id="770"><net_src comp="242" pin="0"/><net_sink comp="766" pin=0"/></net>

<net id="771"><net_src comp="58" pin="0"/><net_sink comp="766" pin=1"/></net>

<net id="776"><net_src comp="242" pin="0"/><net_sink comp="772" pin=0"/></net>

<net id="777"><net_src comp="56" pin="0"/><net_sink comp="772" pin=1"/></net>

<net id="782"><net_src comp="242" pin="0"/><net_sink comp="778" pin=0"/></net>

<net id="783"><net_src comp="54" pin="0"/><net_sink comp="778" pin=1"/></net>

<net id="788"><net_src comp="242" pin="0"/><net_sink comp="784" pin=0"/></net>

<net id="789"><net_src comp="52" pin="0"/><net_sink comp="784" pin=1"/></net>

<net id="794"><net_src comp="242" pin="0"/><net_sink comp="790" pin=0"/></net>

<net id="795"><net_src comp="50" pin="0"/><net_sink comp="790" pin=1"/></net>

<net id="800"><net_src comp="242" pin="0"/><net_sink comp="796" pin=0"/></net>

<net id="801"><net_src comp="48" pin="0"/><net_sink comp="796" pin=1"/></net>

<net id="806"><net_src comp="242" pin="0"/><net_sink comp="802" pin=0"/></net>

<net id="807"><net_src comp="46" pin="0"/><net_sink comp="802" pin=1"/></net>

<net id="812"><net_src comp="242" pin="0"/><net_sink comp="808" pin=0"/></net>

<net id="813"><net_src comp="44" pin="0"/><net_sink comp="808" pin=1"/></net>

<net id="818"><net_src comp="242" pin="0"/><net_sink comp="814" pin=0"/></net>

<net id="819"><net_src comp="42" pin="0"/><net_sink comp="814" pin=1"/></net>

<net id="824"><net_src comp="242" pin="0"/><net_sink comp="820" pin=0"/></net>

<net id="825"><net_src comp="40" pin="0"/><net_sink comp="820" pin=1"/></net>

<net id="830"><net_src comp="242" pin="0"/><net_sink comp="826" pin=0"/></net>

<net id="831"><net_src comp="38" pin="0"/><net_sink comp="826" pin=1"/></net>

<net id="836"><net_src comp="242" pin="0"/><net_sink comp="832" pin=0"/></net>

<net id="837"><net_src comp="36" pin="0"/><net_sink comp="832" pin=1"/></net>

<net id="842"><net_src comp="242" pin="0"/><net_sink comp="838" pin=0"/></net>

<net id="843"><net_src comp="34" pin="0"/><net_sink comp="838" pin=1"/></net>

<net id="848"><net_src comp="242" pin="0"/><net_sink comp="844" pin=0"/></net>

<net id="849"><net_src comp="32" pin="0"/><net_sink comp="844" pin=1"/></net>

<net id="854"><net_src comp="242" pin="0"/><net_sink comp="850" pin=0"/></net>

<net id="855"><net_src comp="30" pin="0"/><net_sink comp="850" pin=1"/></net>

<net id="860"><net_src comp="242" pin="0"/><net_sink comp="856" pin=0"/></net>

<net id="861"><net_src comp="28" pin="0"/><net_sink comp="856" pin=1"/></net>

<net id="866"><net_src comp="242" pin="0"/><net_sink comp="862" pin=0"/></net>

<net id="867"><net_src comp="26" pin="0"/><net_sink comp="862" pin=1"/></net>

<net id="872"><net_src comp="242" pin="0"/><net_sink comp="868" pin=0"/></net>

<net id="873"><net_src comp="24" pin="0"/><net_sink comp="868" pin=1"/></net>

<net id="878"><net_src comp="242" pin="0"/><net_sink comp="874" pin=0"/></net>

<net id="879"><net_src comp="22" pin="0"/><net_sink comp="874" pin=1"/></net>

<net id="884"><net_src comp="242" pin="0"/><net_sink comp="880" pin=0"/></net>

<net id="885"><net_src comp="20" pin="0"/><net_sink comp="880" pin=1"/></net>

<net id="890"><net_src comp="242" pin="0"/><net_sink comp="886" pin=0"/></net>

<net id="891"><net_src comp="18" pin="0"/><net_sink comp="886" pin=1"/></net>

<net id="896"><net_src comp="242" pin="0"/><net_sink comp="892" pin=0"/></net>

<net id="897"><net_src comp="16" pin="0"/><net_sink comp="892" pin=1"/></net>

<net id="902"><net_src comp="242" pin="0"/><net_sink comp="898" pin=0"/></net>

<net id="903"><net_src comp="14" pin="0"/><net_sink comp="898" pin=1"/></net>

<net id="908"><net_src comp="242" pin="0"/><net_sink comp="904" pin=0"/></net>

<net id="909"><net_src comp="12" pin="0"/><net_sink comp="904" pin=1"/></net>

<net id="914"><net_src comp="242" pin="0"/><net_sink comp="910" pin=0"/></net>

<net id="915"><net_src comp="10" pin="0"/><net_sink comp="910" pin=1"/></net>

<net id="920"><net_src comp="242" pin="0"/><net_sink comp="916" pin=0"/></net>

<net id="921"><net_src comp="8" pin="0"/><net_sink comp="916" pin=1"/></net>

<net id="926"><net_src comp="242" pin="0"/><net_sink comp="922" pin=0"/></net>

<net id="927"><net_src comp="6" pin="0"/><net_sink comp="922" pin=1"/></net>

<net id="932"><net_src comp="242" pin="0"/><net_sink comp="928" pin=0"/></net>

<net id="933"><net_src comp="4" pin="0"/><net_sink comp="928" pin=1"/></net>

<net id="938"><net_src comp="242" pin="0"/><net_sink comp="934" pin=0"/></net>

<net id="939"><net_src comp="2" pin="0"/><net_sink comp="934" pin=1"/></net>

<net id="944"><net_src comp="242" pin="0"/><net_sink comp="940" pin=0"/></net>

<net id="945"><net_src comp="0" pin="0"/><net_sink comp="940" pin=1"/></net>

<net id="951"><net_src comp="284" pin="0"/><net_sink comp="946" pin=0"/></net>

<net id="952"><net_src comp="168" pin="0"/><net_sink comp="946" pin=1"/></net>

<net id="958"><net_src comp="284" pin="0"/><net_sink comp="953" pin=0"/></net>

<net id="959"><net_src comp="170" pin="0"/><net_sink comp="953" pin=1"/></net>

<net id="965"><net_src comp="284" pin="0"/><net_sink comp="960" pin=0"/></net>

<net id="966"><net_src comp="172" pin="0"/><net_sink comp="960" pin=1"/></net>

<net id="972"><net_src comp="284" pin="0"/><net_sink comp="967" pin=0"/></net>

<net id="973"><net_src comp="174" pin="0"/><net_sink comp="967" pin=1"/></net>

<net id="979"><net_src comp="284" pin="0"/><net_sink comp="974" pin=0"/></net>

<net id="980"><net_src comp="176" pin="0"/><net_sink comp="974" pin=1"/></net>

<net id="986"><net_src comp="284" pin="0"/><net_sink comp="981" pin=0"/></net>

<net id="987"><net_src comp="178" pin="0"/><net_sink comp="981" pin=1"/></net>

<net id="993"><net_src comp="284" pin="0"/><net_sink comp="988" pin=0"/></net>

<net id="994"><net_src comp="180" pin="0"/><net_sink comp="988" pin=1"/></net>

<net id="1000"><net_src comp="284" pin="0"/><net_sink comp="995" pin=0"/></net>

<net id="1001"><net_src comp="182" pin="0"/><net_sink comp="995" pin=1"/></net>

<net id="1007"><net_src comp="284" pin="0"/><net_sink comp="1002" pin=0"/></net>

<net id="1008"><net_src comp="184" pin="0"/><net_sink comp="1002" pin=1"/></net>

<net id="1014"><net_src comp="284" pin="0"/><net_sink comp="1009" pin=0"/></net>

<net id="1015"><net_src comp="186" pin="0"/><net_sink comp="1009" pin=1"/></net>

<net id="1021"><net_src comp="284" pin="0"/><net_sink comp="1016" pin=0"/></net>

<net id="1022"><net_src comp="188" pin="0"/><net_sink comp="1016" pin=1"/></net>

<net id="1028"><net_src comp="284" pin="0"/><net_sink comp="1023" pin=0"/></net>

<net id="1029"><net_src comp="190" pin="0"/><net_sink comp="1023" pin=1"/></net>

<net id="1035"><net_src comp="284" pin="0"/><net_sink comp="1030" pin=0"/></net>

<net id="1036"><net_src comp="192" pin="0"/><net_sink comp="1030" pin=1"/></net>

<net id="1042"><net_src comp="284" pin="0"/><net_sink comp="1037" pin=0"/></net>

<net id="1043"><net_src comp="194" pin="0"/><net_sink comp="1037" pin=1"/></net>

<net id="1049"><net_src comp="284" pin="0"/><net_sink comp="1044" pin=0"/></net>

<net id="1050"><net_src comp="196" pin="0"/><net_sink comp="1044" pin=1"/></net>

<net id="1056"><net_src comp="284" pin="0"/><net_sink comp="1051" pin=0"/></net>

<net id="1057"><net_src comp="198" pin="0"/><net_sink comp="1051" pin=1"/></net>

<net id="1063"><net_src comp="284" pin="0"/><net_sink comp="1058" pin=0"/></net>

<net id="1064"><net_src comp="200" pin="0"/><net_sink comp="1058" pin=1"/></net>

<net id="1070"><net_src comp="284" pin="0"/><net_sink comp="1065" pin=0"/></net>

<net id="1071"><net_src comp="202" pin="0"/><net_sink comp="1065" pin=1"/></net>

<net id="1077"><net_src comp="284" pin="0"/><net_sink comp="1072" pin=0"/></net>

<net id="1078"><net_src comp="204" pin="0"/><net_sink comp="1072" pin=1"/></net>

<net id="1084"><net_src comp="284" pin="0"/><net_sink comp="1079" pin=0"/></net>

<net id="1085"><net_src comp="206" pin="0"/><net_sink comp="1079" pin=1"/></net>

<net id="1091"><net_src comp="284" pin="0"/><net_sink comp="1086" pin=0"/></net>

<net id="1092"><net_src comp="208" pin="0"/><net_sink comp="1086" pin=1"/></net>

<net id="1098"><net_src comp="284" pin="0"/><net_sink comp="1093" pin=0"/></net>

<net id="1099"><net_src comp="210" pin="0"/><net_sink comp="1093" pin=1"/></net>

<net id="1105"><net_src comp="284" pin="0"/><net_sink comp="1100" pin=0"/></net>

<net id="1106"><net_src comp="212" pin="0"/><net_sink comp="1100" pin=1"/></net>

<net id="1112"><net_src comp="284" pin="0"/><net_sink comp="1107" pin=0"/></net>

<net id="1113"><net_src comp="214" pin="0"/><net_sink comp="1107" pin=1"/></net>

<net id="1119"><net_src comp="284" pin="0"/><net_sink comp="1114" pin=0"/></net>

<net id="1120"><net_src comp="216" pin="0"/><net_sink comp="1114" pin=1"/></net>

<net id="1126"><net_src comp="284" pin="0"/><net_sink comp="1121" pin=0"/></net>

<net id="1127"><net_src comp="218" pin="0"/><net_sink comp="1121" pin=1"/></net>

<net id="1133"><net_src comp="284" pin="0"/><net_sink comp="1128" pin=0"/></net>

<net id="1134"><net_src comp="220" pin="0"/><net_sink comp="1128" pin=1"/></net>

<net id="1140"><net_src comp="284" pin="0"/><net_sink comp="1135" pin=0"/></net>

<net id="1141"><net_src comp="222" pin="0"/><net_sink comp="1135" pin=1"/></net>

<net id="1147"><net_src comp="284" pin="0"/><net_sink comp="1142" pin=0"/></net>

<net id="1148"><net_src comp="224" pin="0"/><net_sink comp="1142" pin=1"/></net>

<net id="1154"><net_src comp="284" pin="0"/><net_sink comp="1149" pin=0"/></net>

<net id="1155"><net_src comp="226" pin="0"/><net_sink comp="1149" pin=1"/></net>

<net id="1161"><net_src comp="284" pin="0"/><net_sink comp="1156" pin=0"/></net>

<net id="1162"><net_src comp="228" pin="0"/><net_sink comp="1156" pin=1"/></net>

<net id="1168"><net_src comp="284" pin="0"/><net_sink comp="1163" pin=0"/></net>

<net id="1169"><net_src comp="230" pin="0"/><net_sink comp="1163" pin=1"/></net>

<net id="1175"><net_src comp="284" pin="0"/><net_sink comp="1170" pin=0"/></net>

<net id="1176"><net_src comp="232" pin="0"/><net_sink comp="1170" pin=1"/></net>

<net id="1182"><net_src comp="284" pin="0"/><net_sink comp="1177" pin=0"/></net>

<net id="1183"><net_src comp="234" pin="0"/><net_sink comp="1177" pin=1"/></net>

<net id="1189"><net_src comp="284" pin="0"/><net_sink comp="1184" pin=0"/></net>

<net id="1190"><net_src comp="236" pin="0"/><net_sink comp="1184" pin=1"/></net>

<net id="1196"><net_src comp="284" pin="0"/><net_sink comp="1191" pin=0"/></net>

<net id="1197"><net_src comp="238" pin="0"/><net_sink comp="1191" pin=1"/></net>

<net id="1206"><net_src comp="940" pin="2"/><net_sink comp="1202" pin=0"/></net>

<net id="1211"><net_src comp="934" pin="2"/><net_sink comp="1207" pin=0"/></net>

<net id="1216"><net_src comp="928" pin="2"/><net_sink comp="1212" pin=0"/></net>

<net id="1221"><net_src comp="922" pin="2"/><net_sink comp="1217" pin=0"/></net>

<net id="1226"><net_src comp="916" pin="2"/><net_sink comp="1222" pin=0"/></net>

<net id="1231"><net_src comp="910" pin="2"/><net_sink comp="1227" pin=0"/></net>

<net id="1236"><net_src comp="904" pin="2"/><net_sink comp="1232" pin=0"/></net>

<net id="1241"><net_src comp="898" pin="2"/><net_sink comp="1237" pin=0"/></net>

<net id="1246"><net_src comp="892" pin="2"/><net_sink comp="1242" pin=0"/></net>

<net id="1251"><net_src comp="886" pin="2"/><net_sink comp="1247" pin=0"/></net>

<net id="1256"><net_src comp="880" pin="2"/><net_sink comp="1252" pin=0"/></net>

<net id="1261"><net_src comp="874" pin="2"/><net_sink comp="1257" pin=0"/></net>

<net id="1266"><net_src comp="868" pin="2"/><net_sink comp="1262" pin=0"/></net>

<net id="1271"><net_src comp="862" pin="2"/><net_sink comp="1267" pin=0"/></net>

<net id="1276"><net_src comp="856" pin="2"/><net_sink comp="1272" pin=0"/></net>

<net id="1281"><net_src comp="850" pin="2"/><net_sink comp="1277" pin=0"/></net>

<net id="1286"><net_src comp="844" pin="2"/><net_sink comp="1282" pin=0"/></net>

<net id="1291"><net_src comp="838" pin="2"/><net_sink comp="1287" pin=0"/></net>

<net id="1296"><net_src comp="832" pin="2"/><net_sink comp="1292" pin=0"/></net>

<net id="1301"><net_src comp="826" pin="2"/><net_sink comp="1297" pin=0"/></net>

<net id="1306"><net_src comp="820" pin="2"/><net_sink comp="1302" pin=0"/></net>

<net id="1311"><net_src comp="814" pin="2"/><net_sink comp="1307" pin=0"/></net>

<net id="1316"><net_src comp="808" pin="2"/><net_sink comp="1312" pin=0"/></net>

<net id="1321"><net_src comp="802" pin="2"/><net_sink comp="1317" pin=0"/></net>

<net id="1326"><net_src comp="796" pin="2"/><net_sink comp="1322" pin=0"/></net>

<net id="1331"><net_src comp="790" pin="2"/><net_sink comp="1327" pin=0"/></net>

<net id="1336"><net_src comp="784" pin="2"/><net_sink comp="1332" pin=0"/></net>

<net id="1341"><net_src comp="778" pin="2"/><net_sink comp="1337" pin=0"/></net>

<net id="1346"><net_src comp="772" pin="2"/><net_sink comp="1342" pin=0"/></net>

<net id="1351"><net_src comp="766" pin="2"/><net_sink comp="1347" pin=0"/></net>

<net id="1356"><net_src comp="760" pin="2"/><net_sink comp="1352" pin=0"/></net>

<net id="1361"><net_src comp="754" pin="2"/><net_sink comp="1357" pin=0"/></net>

<net id="1366"><net_src comp="748" pin="2"/><net_sink comp="1362" pin=0"/></net>

<net id="1371"><net_src comp="742" pin="2"/><net_sink comp="1367" pin=0"/></net>

<net id="1376"><net_src comp="736" pin="2"/><net_sink comp="1372" pin=0"/></net>

<net id="1381"><net_src comp="730" pin="2"/><net_sink comp="1377" pin=0"/></net>

<net id="1386"><net_src comp="244" pin="0"/><net_sink comp="1382" pin=0"/></net>

<net id="1391"><net_src comp="246" pin="0"/><net_sink comp="1387" pin=0"/></net>

<net id="1396"><net_src comp="246" pin="0"/><net_sink comp="1392" pin=0"/></net>

<net id="1404"><net_src comp="1397" pin="1"/><net_sink comp="1400" pin=0"/></net>

<net id="1405"><net_src comp="256" pin="0"/><net_sink comp="1400" pin=1"/></net>

<net id="1410"><net_src comp="1397" pin="1"/><net_sink comp="1406" pin=0"/></net>

<net id="1411"><net_src comp="258" pin="0"/><net_sink comp="1406" pin=1"/></net>

<net id="1422"><net_src comp="1412" pin="1"/><net_sink comp="1418" pin=0"/></net>

<net id="1423"><net_src comp="260" pin="0"/><net_sink comp="1418" pin=1"/></net>

<net id="1429"><net_src comp="1418" pin="2"/><net_sink comp="1424" pin=0"/></net>

<net id="1430"><net_src comp="246" pin="0"/><net_sink comp="1424" pin=1"/></net>

<net id="1431"><net_src comp="1412" pin="1"/><net_sink comp="1424" pin=2"/></net>

<net id="1436"><net_src comp="1415" pin="1"/><net_sink comp="1432" pin=0"/></net>

<net id="1437"><net_src comp="262" pin="0"/><net_sink comp="1432" pin=1"/></net>

<net id="1443"><net_src comp="1418" pin="2"/><net_sink comp="1438" pin=0"/></net>

<net id="1444"><net_src comp="1432" pin="2"/><net_sink comp="1438" pin=1"/></net>

<net id="1445"><net_src comp="1415" pin="1"/><net_sink comp="1438" pin=2"/></net>

<net id="1456"><net_src comp="264" pin="0"/><net_sink comp="1446" pin=0"/></net>

<net id="1457"><net_src comp="724" pin="2"/><net_sink comp="1446" pin=1"/></net>

<net id="1458"><net_src comp="718" pin="2"/><net_sink comp="1446" pin=2"/></net>

<net id="1459"><net_src comp="712" pin="2"/><net_sink comp="1446" pin=3"/></net>

<net id="1460"><net_src comp="706" pin="2"/><net_sink comp="1446" pin=4"/></net>

<net id="1461"><net_src comp="700" pin="2"/><net_sink comp="1446" pin=5"/></net>

<net id="1462"><net_src comp="694" pin="2"/><net_sink comp="1446" pin=6"/></net>

<net id="1463"><net_src comp="1424" pin="3"/><net_sink comp="1446" pin=7"/></net>

<net id="1474"><net_src comp="264" pin="0"/><net_sink comp="1464" pin=0"/></net>

<net id="1475"><net_src comp="688" pin="2"/><net_sink comp="1464" pin=1"/></net>

<net id="1476"><net_src comp="682" pin="2"/><net_sink comp="1464" pin=2"/></net>

<net id="1477"><net_src comp="676" pin="2"/><net_sink comp="1464" pin=3"/></net>

<net id="1478"><net_src comp="670" pin="2"/><net_sink comp="1464" pin=4"/></net>

<net id="1479"><net_src comp="664" pin="2"/><net_sink comp="1464" pin=5"/></net>

<net id="1480"><net_src comp="658" pin="2"/><net_sink comp="1464" pin=6"/></net>

<net id="1481"><net_src comp="1424" pin="3"/><net_sink comp="1464" pin=7"/></net>

<net id="1492"><net_src comp="264" pin="0"/><net_sink comp="1482" pin=0"/></net>

<net id="1493"><net_src comp="652" pin="2"/><net_sink comp="1482" pin=1"/></net>

<net id="1494"><net_src comp="646" pin="2"/><net_sink comp="1482" pin=2"/></net>

<net id="1495"><net_src comp="640" pin="2"/><net_sink comp="1482" pin=3"/></net>

<net id="1496"><net_src comp="634" pin="2"/><net_sink comp="1482" pin=4"/></net>

<net id="1497"><net_src comp="628" pin="2"/><net_sink comp="1482" pin=5"/></net>

<net id="1498"><net_src comp="622" pin="2"/><net_sink comp="1482" pin=6"/></net>

<net id="1499"><net_src comp="1424" pin="3"/><net_sink comp="1482" pin=7"/></net>

<net id="1510"><net_src comp="264" pin="0"/><net_sink comp="1500" pin=0"/></net>

<net id="1511"><net_src comp="616" pin="2"/><net_sink comp="1500" pin=1"/></net>

<net id="1512"><net_src comp="610" pin="2"/><net_sink comp="1500" pin=2"/></net>

<net id="1513"><net_src comp="604" pin="2"/><net_sink comp="1500" pin=3"/></net>

<net id="1514"><net_src comp="598" pin="2"/><net_sink comp="1500" pin=4"/></net>

<net id="1515"><net_src comp="592" pin="2"/><net_sink comp="1500" pin=5"/></net>

<net id="1516"><net_src comp="586" pin="2"/><net_sink comp="1500" pin=6"/></net>

<net id="1517"><net_src comp="1424" pin="3"/><net_sink comp="1500" pin=7"/></net>

<net id="1528"><net_src comp="264" pin="0"/><net_sink comp="1518" pin=0"/></net>

<net id="1529"><net_src comp="580" pin="2"/><net_sink comp="1518" pin=1"/></net>

<net id="1530"><net_src comp="574" pin="2"/><net_sink comp="1518" pin=2"/></net>

<net id="1531"><net_src comp="568" pin="2"/><net_sink comp="1518" pin=3"/></net>

<net id="1532"><net_src comp="562" pin="2"/><net_sink comp="1518" pin=4"/></net>

<net id="1533"><net_src comp="556" pin="2"/><net_sink comp="1518" pin=5"/></net>

<net id="1534"><net_src comp="550" pin="2"/><net_sink comp="1518" pin=6"/></net>

<net id="1535"><net_src comp="1424" pin="3"/><net_sink comp="1518" pin=7"/></net>

<net id="1546"><net_src comp="264" pin="0"/><net_sink comp="1536" pin=0"/></net>

<net id="1547"><net_src comp="544" pin="2"/><net_sink comp="1536" pin=1"/></net>

<net id="1548"><net_src comp="538" pin="2"/><net_sink comp="1536" pin=2"/></net>

<net id="1549"><net_src comp="532" pin="2"/><net_sink comp="1536" pin=3"/></net>

<net id="1550"><net_src comp="526" pin="2"/><net_sink comp="1536" pin=4"/></net>

<net id="1551"><net_src comp="520" pin="2"/><net_sink comp="1536" pin=5"/></net>

<net id="1552"><net_src comp="514" pin="2"/><net_sink comp="1536" pin=6"/></net>

<net id="1553"><net_src comp="1424" pin="3"/><net_sink comp="1536" pin=7"/></net>

<net id="1564"><net_src comp="264" pin="0"/><net_sink comp="1554" pin=0"/></net>

<net id="1565"><net_src comp="1446" pin="8"/><net_sink comp="1554" pin=1"/></net>

<net id="1566"><net_src comp="1464" pin="8"/><net_sink comp="1554" pin=2"/></net>

<net id="1567"><net_src comp="1482" pin="8"/><net_sink comp="1554" pin=3"/></net>

<net id="1568"><net_src comp="1500" pin="8"/><net_sink comp="1554" pin=4"/></net>

<net id="1569"><net_src comp="1518" pin="8"/><net_sink comp="1554" pin=5"/></net>

<net id="1570"><net_src comp="1536" pin="8"/><net_sink comp="1554" pin=6"/></net>

<net id="1571"><net_src comp="1438" pin="3"/><net_sink comp="1554" pin=7"/></net>

<net id="1582"><net_src comp="264" pin="0"/><net_sink comp="1572" pin=0"/></net>

<net id="1583"><net_src comp="508" pin="2"/><net_sink comp="1572" pin=1"/></net>

<net id="1584"><net_src comp="266" pin="0"/><net_sink comp="1572" pin=2"/></net>

<net id="1585"><net_src comp="266" pin="0"/><net_sink comp="1572" pin=3"/></net>

<net id="1586"><net_src comp="502" pin="2"/><net_sink comp="1572" pin=4"/></net>

<net id="1587"><net_src comp="266" pin="0"/><net_sink comp="1572" pin=5"/></net>

<net id="1588"><net_src comp="266" pin="0"/><net_sink comp="1572" pin=6"/></net>

<net id="1589"><net_src comp="1424" pin="3"/><net_sink comp="1572" pin=7"/></net>

<net id="1600"><net_src comp="264" pin="0"/><net_sink comp="1590" pin=0"/></net>

<net id="1601"><net_src comp="266" pin="0"/><net_sink comp="1590" pin=1"/></net>

<net id="1602"><net_src comp="496" pin="2"/><net_sink comp="1590" pin=2"/></net>

<net id="1603"><net_src comp="266" pin="0"/><net_sink comp="1590" pin=3"/></net>

<net id="1604"><net_src comp="266" pin="0"/><net_sink comp="1590" pin=4"/></net>

<net id="1605"><net_src comp="490" pin="2"/><net_sink comp="1590" pin=5"/></net>

<net id="1606"><net_src comp="266" pin="0"/><net_sink comp="1590" pin=6"/></net>

<net id="1607"><net_src comp="1424" pin="3"/><net_sink comp="1590" pin=7"/></net>

<net id="1618"><net_src comp="264" pin="0"/><net_sink comp="1608" pin=0"/></net>

<net id="1619"><net_src comp="266" pin="0"/><net_sink comp="1608" pin=1"/></net>

<net id="1620"><net_src comp="266" pin="0"/><net_sink comp="1608" pin=2"/></net>

<net id="1621"><net_src comp="484" pin="2"/><net_sink comp="1608" pin=3"/></net>

<net id="1622"><net_src comp="266" pin="0"/><net_sink comp="1608" pin=4"/></net>

<net id="1623"><net_src comp="266" pin="0"/><net_sink comp="1608" pin=5"/></net>

<net id="1624"><net_src comp="478" pin="2"/><net_sink comp="1608" pin=6"/></net>

<net id="1625"><net_src comp="1424" pin="3"/><net_sink comp="1608" pin=7"/></net>

<net id="1636"><net_src comp="264" pin="0"/><net_sink comp="1626" pin=0"/></net>

<net id="1637"><net_src comp="472" pin="2"/><net_sink comp="1626" pin=1"/></net>

<net id="1638"><net_src comp="266" pin="0"/><net_sink comp="1626" pin=2"/></net>

<net id="1639"><net_src comp="266" pin="0"/><net_sink comp="1626" pin=3"/></net>

<net id="1640"><net_src comp="466" pin="2"/><net_sink comp="1626" pin=4"/></net>

<net id="1641"><net_src comp="266" pin="0"/><net_sink comp="1626" pin=5"/></net>

<net id="1642"><net_src comp="266" pin="0"/><net_sink comp="1626" pin=6"/></net>

<net id="1643"><net_src comp="1424" pin="3"/><net_sink comp="1626" pin=7"/></net>

<net id="1654"><net_src comp="264" pin="0"/><net_sink comp="1644" pin=0"/></net>

<net id="1655"><net_src comp="266" pin="0"/><net_sink comp="1644" pin=1"/></net>

<net id="1656"><net_src comp="460" pin="2"/><net_sink comp="1644" pin=2"/></net>

<net id="1657"><net_src comp="266" pin="0"/><net_sink comp="1644" pin=3"/></net>

<net id="1658"><net_src comp="266" pin="0"/><net_sink comp="1644" pin=4"/></net>

<net id="1659"><net_src comp="454" pin="2"/><net_sink comp="1644" pin=5"/></net>

<net id="1660"><net_src comp="266" pin="0"/><net_sink comp="1644" pin=6"/></net>

<net id="1661"><net_src comp="1424" pin="3"/><net_sink comp="1644" pin=7"/></net>

<net id="1672"><net_src comp="264" pin="0"/><net_sink comp="1662" pin=0"/></net>

<net id="1673"><net_src comp="266" pin="0"/><net_sink comp="1662" pin=1"/></net>

<net id="1674"><net_src comp="266" pin="0"/><net_sink comp="1662" pin=2"/></net>

<net id="1675"><net_src comp="448" pin="2"/><net_sink comp="1662" pin=3"/></net>

<net id="1676"><net_src comp="266" pin="0"/><net_sink comp="1662" pin=4"/></net>

<net id="1677"><net_src comp="266" pin="0"/><net_sink comp="1662" pin=5"/></net>

<net id="1678"><net_src comp="442" pin="2"/><net_sink comp="1662" pin=6"/></net>

<net id="1679"><net_src comp="1424" pin="3"/><net_sink comp="1662" pin=7"/></net>

<net id="1690"><net_src comp="264" pin="0"/><net_sink comp="1680" pin=0"/></net>

<net id="1691"><net_src comp="1572" pin="8"/><net_sink comp="1680" pin=1"/></net>

<net id="1692"><net_src comp="1590" pin="8"/><net_sink comp="1680" pin=2"/></net>

<net id="1693"><net_src comp="1608" pin="8"/><net_sink comp="1680" pin=3"/></net>

<net id="1694"><net_src comp="1626" pin="8"/><net_sink comp="1680" pin=4"/></net>

<net id="1695"><net_src comp="1644" pin="8"/><net_sink comp="1680" pin=5"/></net>

<net id="1696"><net_src comp="1662" pin="8"/><net_sink comp="1680" pin=6"/></net>

<net id="1697"><net_src comp="1438" pin="3"/><net_sink comp="1680" pin=7"/></net>

<net id="1702"><net_src comp="1424" pin="3"/><net_sink comp="1698" pin=0"/></net>

<net id="1703"><net_src comp="262" pin="0"/><net_sink comp="1698" pin=1"/></net>

<net id="1708"><net_src comp="1406" pin="2"/><net_sink comp="1704" pin=0"/></net>

<net id="1713"><net_src comp="1438" pin="3"/><net_sink comp="1709" pin=0"/></net>

<net id="1718"><net_src comp="1698" pin="2"/><net_sink comp="1714" pin=0"/></net>

<net id="1723"><net_src comp="1198" pin="2"/><net_sink comp="1719" pin=0"/></net>

<net id="1728"><net_src comp="1198" pin="2"/><net_sink comp="1724" pin=0"/></net>

<net id="1733"><net_src comp="1198" pin="2"/><net_sink comp="1729" pin=0"/></net>

<net id="1738"><net_src comp="1198" pin="2"/><net_sink comp="1734" pin=0"/></net>

<net id="1743"><net_src comp="1198" pin="2"/><net_sink comp="1739" pin=0"/></net>

<net id="1748"><net_src comp="1198" pin="2"/><net_sink comp="1744" pin=0"/></net>

<net id="1753"><net_src comp="1198" pin="2"/><net_sink comp="1749" pin=0"/></net>

<net id="1758"><net_src comp="1198" pin="2"/><net_sink comp="1754" pin=0"/></net>

<net id="1763"><net_src comp="1198" pin="2"/><net_sink comp="1759" pin=0"/></net>

<net id="1768"><net_src comp="1198" pin="2"/><net_sink comp="1764" pin=0"/></net>

<net id="1773"><net_src comp="1198" pin="2"/><net_sink comp="1769" pin=0"/></net>

<net id="1778"><net_src comp="1198" pin="2"/><net_sink comp="1774" pin=0"/></net>

<net id="1783"><net_src comp="1198" pin="2"/><net_sink comp="1779" pin=0"/></net>

<net id="1788"><net_src comp="1198" pin="2"/><net_sink comp="1784" pin=0"/></net>

<net id="1793"><net_src comp="1198" pin="2"/><net_sink comp="1789" pin=0"/></net>

<net id="1798"><net_src comp="1198" pin="2"/><net_sink comp="1794" pin=0"/></net>

<net id="1803"><net_src comp="1198" pin="2"/><net_sink comp="1799" pin=0"/></net>

<net id="1808"><net_src comp="1198" pin="2"/><net_sink comp="1804" pin=0"/></net>

<net id="1813"><net_src comp="1198" pin="2"/><net_sink comp="1809" pin=0"/></net>

<net id="1818"><net_src comp="1198" pin="2"/><net_sink comp="1814" pin=0"/></net>

<net id="1823"><net_src comp="1198" pin="2"/><net_sink comp="1819" pin=0"/></net>

<net id="1828"><net_src comp="1198" pin="2"/><net_sink comp="1824" pin=0"/></net>

<net id="1833"><net_src comp="1198" pin="2"/><net_sink comp="1829" pin=0"/></net>

<net id="1838"><net_src comp="1198" pin="2"/><net_sink comp="1834" pin=0"/></net>

<net id="1843"><net_src comp="1198" pin="2"/><net_sink comp="1839" pin=0"/></net>

<net id="1848"><net_src comp="1198" pin="2"/><net_sink comp="1844" pin=0"/></net>

<net id="1853"><net_src comp="1198" pin="2"/><net_sink comp="1849" pin=0"/></net>

<net id="1858"><net_src comp="1198" pin="2"/><net_sink comp="1854" pin=0"/></net>

<net id="1863"><net_src comp="1198" pin="2"/><net_sink comp="1859" pin=0"/></net>

<net id="1868"><net_src comp="1198" pin="2"/><net_sink comp="1864" pin=0"/></net>

<net id="1873"><net_src comp="1198" pin="2"/><net_sink comp="1869" pin=0"/></net>

<net id="1878"><net_src comp="1198" pin="2"/><net_sink comp="1874" pin=0"/></net>

<net id="1883"><net_src comp="1198" pin="2"/><net_sink comp="1879" pin=0"/></net>

<net id="1888"><net_src comp="1198" pin="2"/><net_sink comp="1884" pin=0"/></net>

<net id="1893"><net_src comp="1198" pin="2"/><net_sink comp="1889" pin=0"/></net>

<net id="1898"><net_src comp="1198" pin="2"/><net_sink comp="1894" pin=0"/></net>

<net id="1902"><net_src comp="1899" pin="1"/><net_sink comp="1191" pin=2"/></net>

<net id="1906"><net_src comp="1903" pin="1"/><net_sink comp="1184" pin=2"/></net>

<net id="1910"><net_src comp="1907" pin="1"/><net_sink comp="1177" pin=2"/></net>

<net id="1914"><net_src comp="1911" pin="1"/><net_sink comp="1170" pin=2"/></net>

<net id="1918"><net_src comp="1915" pin="1"/><net_sink comp="1163" pin=2"/></net>

<net id="1922"><net_src comp="1919" pin="1"/><net_sink comp="1156" pin=2"/></net>

<net id="1926"><net_src comp="1923" pin="1"/><net_sink comp="1149" pin=2"/></net>

<net id="1930"><net_src comp="1927" pin="1"/><net_sink comp="1142" pin=2"/></net>

<net id="1934"><net_src comp="1931" pin="1"/><net_sink comp="1135" pin=2"/></net>

<net id="1938"><net_src comp="1935" pin="1"/><net_sink comp="1128" pin=2"/></net>

<net id="1942"><net_src comp="1939" pin="1"/><net_sink comp="1121" pin=2"/></net>

<net id="1946"><net_src comp="1943" pin="1"/><net_sink comp="1114" pin=2"/></net>

<net id="1950"><net_src comp="1947" pin="1"/><net_sink comp="1107" pin=2"/></net>

<net id="1954"><net_src comp="1951" pin="1"/><net_sink comp="1100" pin=2"/></net>

<net id="1958"><net_src comp="1955" pin="1"/><net_sink comp="1093" pin=2"/></net>

<net id="1962"><net_src comp="1959" pin="1"/><net_sink comp="1086" pin=2"/></net>

<net id="1966"><net_src comp="1963" pin="1"/><net_sink comp="1079" pin=2"/></net>

<net id="1970"><net_src comp="1967" pin="1"/><net_sink comp="1072" pin=2"/></net>

<net id="1974"><net_src comp="1971" pin="1"/><net_sink comp="1065" pin=2"/></net>

<net id="1978"><net_src comp="1975" pin="1"/><net_sink comp="1058" pin=2"/></net>

<net id="1982"><net_src comp="1979" pin="1"/><net_sink comp="1051" pin=2"/></net>

<net id="1986"><net_src comp="1983" pin="1"/><net_sink comp="1044" pin=2"/></net>

<net id="1990"><net_src comp="1987" pin="1"/><net_sink comp="1037" pin=2"/></net>

<net id="1994"><net_src comp="1991" pin="1"/><net_sink comp="1030" pin=2"/></net>

<net id="1998"><net_src comp="1995" pin="1"/><net_sink comp="1023" pin=2"/></net>

<net id="2002"><net_src comp="1999" pin="1"/><net_sink comp="1016" pin=2"/></net>

<net id="2006"><net_src comp="2003" pin="1"/><net_sink comp="1009" pin=2"/></net>

<net id="2010"><net_src comp="2007" pin="1"/><net_sink comp="1002" pin=2"/></net>

<net id="2014"><net_src comp="2011" pin="1"/><net_sink comp="995" pin=2"/></net>

<net id="2018"><net_src comp="2015" pin="1"/><net_sink comp="988" pin=2"/></net>

<net id="2022"><net_src comp="2019" pin="1"/><net_sink comp="981" pin=2"/></net>

<net id="2026"><net_src comp="2023" pin="1"/><net_sink comp="974" pin=2"/></net>

<net id="2030"><net_src comp="2027" pin="1"/><net_sink comp="967" pin=2"/></net>

<net id="2034"><net_src comp="2031" pin="1"/><net_sink comp="960" pin=2"/></net>

<net id="2038"><net_src comp="2035" pin="1"/><net_sink comp="953" pin=2"/></net>

<net id="2042"><net_src comp="2039" pin="1"/><net_sink comp="946" pin=2"/></net>

<net id="2046"><net_src comp="286" pin="1"/><net_sink comp="2043" pin=0"/></net>

<net id="2047"><net_src comp="2043" pin="1"/><net_sink comp="1392" pin=1"/></net>

<net id="2048"><net_src comp="2043" pin="1"/><net_sink comp="1412" pin=0"/></net>

<net id="2049"><net_src comp="2043" pin="1"/><net_sink comp="1714" pin=1"/></net>

<net id="2053"><net_src comp="290" pin="1"/><net_sink comp="2050" pin=0"/></net>

<net id="2054"><net_src comp="2050" pin="1"/><net_sink comp="1387" pin=1"/></net>

<net id="2055"><net_src comp="2050" pin="1"/><net_sink comp="1415" pin=0"/></net>

<net id="2056"><net_src comp="2050" pin="1"/><net_sink comp="1709" pin=1"/></net>

<net id="2060"><net_src comp="294" pin="1"/><net_sink comp="2057" pin=0"/></net>

<net id="2061"><net_src comp="2057" pin="1"/><net_sink comp="1382" pin=1"/></net>

<net id="2062"><net_src comp="2057" pin="1"/><net_sink comp="1397" pin=0"/></net>

<net id="2063"><net_src comp="2057" pin="1"/><net_sink comp="1704" pin=1"/></net>

<net id="2067"><net_src comp="298" pin="1"/><net_sink comp="2064" pin=0"/></net>

<net id="2068"><net_src comp="2064" pin="1"/><net_sink comp="1377" pin=1"/></net>

<net id="2069"><net_src comp="2064" pin="1"/><net_sink comp="1894" pin=1"/></net>

<net id="2070"><net_src comp="2064" pin="1"/><net_sink comp="1899" pin=0"/></net>

<net id="2074"><net_src comp="302" pin="1"/><net_sink comp="2071" pin=0"/></net>

<net id="2075"><net_src comp="2071" pin="1"/><net_sink comp="1372" pin=1"/></net>

<net id="2076"><net_src comp="2071" pin="1"/><net_sink comp="1869" pin=1"/></net>

<net id="2077"><net_src comp="2071" pin="1"/><net_sink comp="1903" pin=0"/></net>

<net id="2081"><net_src comp="306" pin="1"/><net_sink comp="2078" pin=0"/></net>

<net id="2082"><net_src comp="2078" pin="1"/><net_sink comp="1367" pin=1"/></net>

<net id="2083"><net_src comp="2078" pin="1"/><net_sink comp="1874" pin=1"/></net>

<net id="2084"><net_src comp="2078" pin="1"/><net_sink comp="1907" pin=0"/></net>

<net id="2088"><net_src comp="310" pin="1"/><net_sink comp="2085" pin=0"/></net>

<net id="2089"><net_src comp="2085" pin="1"/><net_sink comp="1362" pin=1"/></net>

<net id="2090"><net_src comp="2085" pin="1"/><net_sink comp="1879" pin=1"/></net>

<net id="2091"><net_src comp="2085" pin="1"/><net_sink comp="1911" pin=0"/></net>

<net id="2095"><net_src comp="314" pin="1"/><net_sink comp="2092" pin=0"/></net>

<net id="2096"><net_src comp="2092" pin="1"/><net_sink comp="1357" pin=1"/></net>

<net id="2097"><net_src comp="2092" pin="1"/><net_sink comp="1884" pin=1"/></net>

<net id="2098"><net_src comp="2092" pin="1"/><net_sink comp="1915" pin=0"/></net>

<net id="2102"><net_src comp="318" pin="1"/><net_sink comp="2099" pin=0"/></net>

<net id="2103"><net_src comp="2099" pin="1"/><net_sink comp="1352" pin=1"/></net>

<net id="2104"><net_src comp="2099" pin="1"/><net_sink comp="1889" pin=1"/></net>

<net id="2105"><net_src comp="2099" pin="1"/><net_sink comp="1919" pin=0"/></net>

<net id="2109"><net_src comp="322" pin="1"/><net_sink comp="2106" pin=0"/></net>

<net id="2110"><net_src comp="2106" pin="1"/><net_sink comp="1347" pin=1"/></net>

<net id="2111"><net_src comp="2106" pin="1"/><net_sink comp="1744" pin=1"/></net>

<net id="2112"><net_src comp="2106" pin="1"/><net_sink comp="1923" pin=0"/></net>

<net id="2116"><net_src comp="326" pin="1"/><net_sink comp="2113" pin=0"/></net>

<net id="2117"><net_src comp="2113" pin="1"/><net_sink comp="1342" pin=1"/></net>

<net id="2118"><net_src comp="2113" pin="1"/><net_sink comp="1719" pin=1"/></net>

<net id="2119"><net_src comp="2113" pin="1"/><net_sink comp="1927" pin=0"/></net>

<net id="2123"><net_src comp="330" pin="1"/><net_sink comp="2120" pin=0"/></net>

<net id="2124"><net_src comp="2120" pin="1"/><net_sink comp="1337" pin=1"/></net>

<net id="2125"><net_src comp="2120" pin="1"/><net_sink comp="1724" pin=1"/></net>

<net id="2126"><net_src comp="2120" pin="1"/><net_sink comp="1931" pin=0"/></net>

<net id="2130"><net_src comp="334" pin="1"/><net_sink comp="2127" pin=0"/></net>

<net id="2131"><net_src comp="2127" pin="1"/><net_sink comp="1332" pin=1"/></net>

<net id="2132"><net_src comp="2127" pin="1"/><net_sink comp="1729" pin=1"/></net>

<net id="2133"><net_src comp="2127" pin="1"/><net_sink comp="1935" pin=0"/></net>

<net id="2137"><net_src comp="338" pin="1"/><net_sink comp="2134" pin=0"/></net>

<net id="2138"><net_src comp="2134" pin="1"/><net_sink comp="1327" pin=1"/></net>

<net id="2139"><net_src comp="2134" pin="1"/><net_sink comp="1734" pin=1"/></net>

<net id="2140"><net_src comp="2134" pin="1"/><net_sink comp="1939" pin=0"/></net>

<net id="2144"><net_src comp="342" pin="1"/><net_sink comp="2141" pin=0"/></net>

<net id="2145"><net_src comp="2141" pin="1"/><net_sink comp="1322" pin=1"/></net>

<net id="2146"><net_src comp="2141" pin="1"/><net_sink comp="1739" pin=1"/></net>

<net id="2147"><net_src comp="2141" pin="1"/><net_sink comp="1943" pin=0"/></net>

<net id="2151"><net_src comp="346" pin="1"/><net_sink comp="2148" pin=0"/></net>

<net id="2152"><net_src comp="2148" pin="1"/><net_sink comp="1317" pin=1"/></net>

<net id="2153"><net_src comp="2148" pin="1"/><net_sink comp="1774" pin=1"/></net>

<net id="2154"><net_src comp="2148" pin="1"/><net_sink comp="1947" pin=0"/></net>

<net id="2158"><net_src comp="350" pin="1"/><net_sink comp="2155" pin=0"/></net>

<net id="2159"><net_src comp="2155" pin="1"/><net_sink comp="1312" pin=1"/></net>

<net id="2160"><net_src comp="2155" pin="1"/><net_sink comp="1749" pin=1"/></net>

<net id="2161"><net_src comp="2155" pin="1"/><net_sink comp="1951" pin=0"/></net>

<net id="2165"><net_src comp="354" pin="1"/><net_sink comp="2162" pin=0"/></net>

<net id="2166"><net_src comp="2162" pin="1"/><net_sink comp="1307" pin=1"/></net>

<net id="2167"><net_src comp="2162" pin="1"/><net_sink comp="1754" pin=1"/></net>

<net id="2168"><net_src comp="2162" pin="1"/><net_sink comp="1955" pin=0"/></net>

<net id="2172"><net_src comp="358" pin="1"/><net_sink comp="2169" pin=0"/></net>

<net id="2173"><net_src comp="2169" pin="1"/><net_sink comp="1302" pin=1"/></net>

<net id="2174"><net_src comp="2169" pin="1"/><net_sink comp="1759" pin=1"/></net>

<net id="2175"><net_src comp="2169" pin="1"/><net_sink comp="1959" pin=0"/></net>

<net id="2179"><net_src comp="362" pin="1"/><net_sink comp="2176" pin=0"/></net>

<net id="2180"><net_src comp="2176" pin="1"/><net_sink comp="1297" pin=1"/></net>

<net id="2181"><net_src comp="2176" pin="1"/><net_sink comp="1764" pin=1"/></net>

<net id="2182"><net_src comp="2176" pin="1"/><net_sink comp="1963" pin=0"/></net>

<net id="2186"><net_src comp="366" pin="1"/><net_sink comp="2183" pin=0"/></net>

<net id="2187"><net_src comp="2183" pin="1"/><net_sink comp="1292" pin=1"/></net>

<net id="2188"><net_src comp="2183" pin="1"/><net_sink comp="1769" pin=1"/></net>

<net id="2189"><net_src comp="2183" pin="1"/><net_sink comp="1967" pin=0"/></net>

<net id="2193"><net_src comp="370" pin="1"/><net_sink comp="2190" pin=0"/></net>

<net id="2194"><net_src comp="2190" pin="1"/><net_sink comp="1287" pin=1"/></net>

<net id="2195"><net_src comp="2190" pin="1"/><net_sink comp="1859" pin=1"/></net>

<net id="2196"><net_src comp="2190" pin="1"/><net_sink comp="1971" pin=0"/></net>

<net id="2200"><net_src comp="374" pin="1"/><net_sink comp="2197" pin=0"/></net>

<net id="2201"><net_src comp="2197" pin="1"/><net_sink comp="1282" pin=1"/></net>

<net id="2202"><net_src comp="2197" pin="1"/><net_sink comp="1854" pin=1"/></net>

<net id="2203"><net_src comp="2197" pin="1"/><net_sink comp="1975" pin=0"/></net>

<net id="2207"><net_src comp="378" pin="1"/><net_sink comp="2204" pin=0"/></net>

<net id="2208"><net_src comp="2204" pin="1"/><net_sink comp="1277" pin=1"/></net>

<net id="2209"><net_src comp="2204" pin="1"/><net_sink comp="1849" pin=1"/></net>

<net id="2210"><net_src comp="2204" pin="1"/><net_sink comp="1979" pin=0"/></net>

<net id="2214"><net_src comp="382" pin="1"/><net_sink comp="2211" pin=0"/></net>

<net id="2215"><net_src comp="2211" pin="1"/><net_sink comp="1272" pin=1"/></net>

<net id="2216"><net_src comp="2211" pin="1"/><net_sink comp="1844" pin=1"/></net>

<net id="2217"><net_src comp="2211" pin="1"/><net_sink comp="1983" pin=0"/></net>

<net id="2221"><net_src comp="386" pin="1"/><net_sink comp="2218" pin=0"/></net>

<net id="2222"><net_src comp="2218" pin="1"/><net_sink comp="1267" pin=1"/></net>

<net id="2223"><net_src comp="2218" pin="1"/><net_sink comp="1839" pin=1"/></net>

<net id="2224"><net_src comp="2218" pin="1"/><net_sink comp="1987" pin=0"/></net>

<net id="2228"><net_src comp="390" pin="1"/><net_sink comp="2225" pin=0"/></net>

<net id="2229"><net_src comp="2225" pin="1"/><net_sink comp="1262" pin=1"/></net>

<net id="2230"><net_src comp="2225" pin="1"/><net_sink comp="1864" pin=1"/></net>

<net id="2231"><net_src comp="2225" pin="1"/><net_sink comp="1991" pin=0"/></net>

<net id="2235"><net_src comp="394" pin="1"/><net_sink comp="2232" pin=0"/></net>

<net id="2236"><net_src comp="2232" pin="1"/><net_sink comp="1257" pin=1"/></net>

<net id="2237"><net_src comp="2232" pin="1"/><net_sink comp="1829" pin=1"/></net>

<net id="2238"><net_src comp="2232" pin="1"/><net_sink comp="1995" pin=0"/></net>

<net id="2242"><net_src comp="398" pin="1"/><net_sink comp="2239" pin=0"/></net>

<net id="2243"><net_src comp="2239" pin="1"/><net_sink comp="1252" pin=1"/></net>

<net id="2244"><net_src comp="2239" pin="1"/><net_sink comp="1824" pin=1"/></net>

<net id="2245"><net_src comp="2239" pin="1"/><net_sink comp="1999" pin=0"/></net>

<net id="2249"><net_src comp="402" pin="1"/><net_sink comp="2246" pin=0"/></net>

<net id="2250"><net_src comp="2246" pin="1"/><net_sink comp="1247" pin=1"/></net>

<net id="2251"><net_src comp="2246" pin="1"/><net_sink comp="1819" pin=1"/></net>

<net id="2252"><net_src comp="2246" pin="1"/><net_sink comp="2003" pin=0"/></net>

<net id="2256"><net_src comp="406" pin="1"/><net_sink comp="2253" pin=0"/></net>

<net id="2257"><net_src comp="2253" pin="1"/><net_sink comp="1242" pin=1"/></net>

<net id="2258"><net_src comp="2253" pin="1"/><net_sink comp="1814" pin=1"/></net>

<net id="2259"><net_src comp="2253" pin="1"/><net_sink comp="2007" pin=0"/></net>

<net id="2263"><net_src comp="410" pin="1"/><net_sink comp="2260" pin=0"/></net>

<net id="2264"><net_src comp="2260" pin="1"/><net_sink comp="1237" pin=1"/></net>

<net id="2265"><net_src comp="2260" pin="1"/><net_sink comp="1809" pin=1"/></net>

<net id="2266"><net_src comp="2260" pin="1"/><net_sink comp="2011" pin=0"/></net>

<net id="2270"><net_src comp="414" pin="1"/><net_sink comp="2267" pin=0"/></net>

<net id="2271"><net_src comp="2267" pin="1"/><net_sink comp="1232" pin=1"/></net>

<net id="2272"><net_src comp="2267" pin="1"/><net_sink comp="1834" pin=1"/></net>

<net id="2273"><net_src comp="2267" pin="1"/><net_sink comp="2015" pin=0"/></net>

<net id="2277"><net_src comp="418" pin="1"/><net_sink comp="2274" pin=0"/></net>

<net id="2278"><net_src comp="2274" pin="1"/><net_sink comp="1227" pin=1"/></net>

<net id="2279"><net_src comp="2274" pin="1"/><net_sink comp="1799" pin=1"/></net>

<net id="2280"><net_src comp="2274" pin="1"/><net_sink comp="2019" pin=0"/></net>

<net id="2284"><net_src comp="422" pin="1"/><net_sink comp="2281" pin=0"/></net>

<net id="2285"><net_src comp="2281" pin="1"/><net_sink comp="1222" pin=1"/></net>

<net id="2286"><net_src comp="2281" pin="1"/><net_sink comp="1794" pin=1"/></net>

<net id="2287"><net_src comp="2281" pin="1"/><net_sink comp="2023" pin=0"/></net>

<net id="2291"><net_src comp="426" pin="1"/><net_sink comp="2288" pin=0"/></net>

<net id="2292"><net_src comp="2288" pin="1"/><net_sink comp="1217" pin=1"/></net>

<net id="2293"><net_src comp="2288" pin="1"/><net_sink comp="1789" pin=1"/></net>

<net id="2294"><net_src comp="2288" pin="1"/><net_sink comp="2027" pin=0"/></net>

<net id="2298"><net_src comp="430" pin="1"/><net_sink comp="2295" pin=0"/></net>

<net id="2299"><net_src comp="2295" pin="1"/><net_sink comp="1212" pin=1"/></net>

<net id="2300"><net_src comp="2295" pin="1"/><net_sink comp="1784" pin=1"/></net>

<net id="2301"><net_src comp="2295" pin="1"/><net_sink comp="2031" pin=0"/></net>

<net id="2305"><net_src comp="434" pin="1"/><net_sink comp="2302" pin=0"/></net>

<net id="2306"><net_src comp="2302" pin="1"/><net_sink comp="1207" pin=1"/></net>

<net id="2307"><net_src comp="2302" pin="1"/><net_sink comp="1779" pin=1"/></net>

<net id="2308"><net_src comp="2302" pin="1"/><net_sink comp="2035" pin=0"/></net>

<net id="2312"><net_src comp="438" pin="1"/><net_sink comp="2309" pin=0"/></net>

<net id="2313"><net_src comp="2309" pin="1"/><net_sink comp="1202" pin=1"/></net>

<net id="2314"><net_src comp="2309" pin="1"/><net_sink comp="1804" pin=1"/></net>

<net id="2315"><net_src comp="2309" pin="1"/><net_sink comp="2039" pin=0"/></net>

<net id="2319"><net_src comp="1400" pin="2"/><net_sink comp="2316" pin=0"/></net>

<net id="2323"><net_src comp="1424" pin="3"/><net_sink comp="2320" pin=0"/></net>

<net id="2327"><net_src comp="1438" pin="3"/><net_sink comp="2324" pin=0"/></net>

<net id="2331"><net_src comp="1554" pin="8"/><net_sink comp="2328" pin=0"/></net>

<net id="2332"><net_src comp="2328" pin="1"/><net_sink comp="1198" pin=0"/></net>

<net id="2336"><net_src comp="1680" pin="8"/><net_sink comp="2333" pin=0"/></net>

<net id="2337"><net_src comp="2333" pin="1"/><net_sink comp="1198" pin=1"/></net>

</net_list>

</model> 
---------------- Datapath Model END ------------------

* FSMD analyzer results:
  - Output states:
	Port: P_108_out | {4 }
	Port: P_107_out | {4 }
	Port: P_106_out | {4 }
	Port: P_105_out | {4 }
	Port: P_104_out | {4 }
	Port: P_103_out | {4 }
	Port: P_102_out | {4 }
	Port: P_101_out | {4 }
	Port: P_100_out | {4 }
	Port: P_99_out | {4 }
	Port: P_98_out | {4 }
	Port: P_97_out | {4 }
	Port: P_96_out | {4 }
	Port: P_95_out | {4 }
	Port: P_94_out | {4 }
	Port: P_93_out | {4 }
	Port: P_92_out | {4 }
	Port: P_91_out | {4 }
	Port: P_90_out | {4 }
	Port: P_89_out | {4 }
	Port: P_88_out | {4 }
	Port: P_87_out | {4 }
	Port: P_86_out | {4 }
	Port: P_85_out | {4 }
	Port: P_84_out | {4 }
	Port: P_83_out | {4 }
	Port: P_82_out | {4 }
	Port: P_81_out | {4 }
	Port: P_80_out | {4 }
	Port: P_79_out | {4 }
	Port: P_78_out | {4 }
	Port: P_77_out | {4 }
	Port: P_76_out | {4 }
	Port: P_75_out | {4 }
	Port: P_74_out | {4 }
	Port: P_73_out | {4 }
 - Input state : 
	Port: ekf_batch_Pipeline_VITIS_LOOP_73_4_VITIS_LOOP_74_5 : P_35_reload | {1 }
	Port: ekf_batch_Pipeline_VITIS_LOOP_73_4_VITIS_LOOP_74_5 : P_34_reload | {1 }
	Port: ekf_batch_Pipeline_VITIS_LOOP_73_4_VITIS_LOOP_74_5 : P_33_reload | {1 }
	Port: ekf_batch_Pipeline_VITIS_LOOP_73_4_VITIS_LOOP_74_5 : P_32_reload | {1 }
	Port: ekf_batch_Pipeline_VITIS_LOOP_73_4_VITIS_LOOP_74_5 : P_31_reload | {1 }
	Port: ekf_batch_Pipeline_VITIS_LOOP_73_4_VITIS_LOOP_74_5 : P_30_reload | {1 }
	Port: ekf_batch_Pipeline_VITIS_LOOP_73_4_VITIS_LOOP_74_5 : P_29_reload | {1 }
	Port: ekf_batch_Pipeline_VITIS_LOOP_73_4_VITIS_LOOP_74_5 : P_28_reload | {1 }
	Port: ekf_batch_Pipeline_VITIS_LOOP_73_4_VITIS_LOOP_74_5 : P_27_reload | {1 }
	Port: ekf_batch_Pipeline_VITIS_LOOP_73_4_VITIS_LOOP_74_5 : P_26_reload | {1 }
	Port: ekf_batch_Pipeline_VITIS_LOOP_73_4_VITIS_LOOP_74_5 : P_25_reload | {1 }
	Port: ekf_batch_Pipeline_VITIS_LOOP_73_4_VITIS_LOOP_74_5 : P_24_reload | {1 }
	Port: ekf_batch_Pipeline_VITIS_LOOP_73_4_VITIS_LOOP_74_5 : P_23_reload | {1 }
	Port: ekf_batch_Pipeline_VITIS_LOOP_73_4_VITIS_LOOP_74_5 : P_22_reload | {1 }
	Port: ekf_batch_Pipeline_VITIS_LOOP_73_4_VITIS_LOOP_74_5 : P_21_reload | {1 }
	Port: ekf_batch_Pipeline_VITIS_LOOP_73_4_VITIS_LOOP_74_5 : P_20_reload | {1 }
	Port: ekf_batch_Pipeline_VITIS_LOOP_73_4_VITIS_LOOP_74_5 : P_19_reload | {1 }
	Port: ekf_batch_Pipeline_VITIS_LOOP_73_4_VITIS_LOOP_74_5 : P_18_reload | {1 }
	Port: ekf_batch_Pipeline_VITIS_LOOP_73_4_VITIS_LOOP_74_5 : P_17_reload | {1 }
	Port: ekf_batch_Pipeline_VITIS_LOOP_73_4_VITIS_LOOP_74_5 : P_16_reload | {1 }
	Port: ekf_batch_Pipeline_VITIS_LOOP_73_4_VITIS_LOOP_74_5 : P_15_reload | {1 }
	Port: ekf_batch_Pipeline_VITIS_LOOP_73_4_VITIS_LOOP_74_5 : P_14_reload | {1 }
	Port: ekf_batch_Pipeline_VITIS_LOOP_73_4_VITIS_LOOP_74_5 : P_13_reload | {1 }
	Port: ekf_batch_Pipeline_VITIS_LOOP_73_4_VITIS_LOOP_74_5 : P_12_reload | {1 }
	Port: ekf_batch_Pipeline_VITIS_LOOP_73_4_VITIS_LOOP_74_5 : P_11_reload | {1 }
	Port: ekf_batch_Pipeline_VITIS_LOOP_73_4_VITIS_LOOP_74_5 : P_10_reload | {1 }
	Port: ekf_batch_Pipeline_VITIS_LOOP_73_4_VITIS_LOOP_74_5 : P_9_reload | {1 }
	Port: ekf_batch_Pipeline_VITIS_LOOP_73_4_VITIS_LOOP_74_5 : P_8_reload | {1 }
	Port: ekf_batch_Pipeline_VITIS_LOOP_73_4_VITIS_LOOP_74_5 : P_7_reload | {1 }
	Port: ekf_batch_Pipeline_VITIS_LOOP_73_4_VITIS_LOOP_74_5 : P_6_reload | {1 }
	Port: ekf_batch_Pipeline_VITIS_LOOP_73_4_VITIS_LOOP_74_5 : P_5_reload | {1 }
	Port: ekf_batch_Pipeline_VITIS_LOOP_73_4_VITIS_LOOP_74_5 : P_4_reload | {1 }
	Port: ekf_batch_Pipeline_VITIS_LOOP_73_4_VITIS_LOOP_74_5 : P_3_reload | {1 }
	Port: ekf_batch_Pipeline_VITIS_LOOP_73_4_VITIS_LOOP_74_5 : P_2_reload | {1 }
	Port: ekf_batch_Pipeline_VITIS_LOOP_73_4_VITIS_LOOP_74_5 : P_1_reload | {1 }
	Port: ekf_batch_Pipeline_VITIS_LOOP_73_4_VITIS_LOOP_74_5 : P_reload | {1 }
	Port: ekf_batch_Pipeline_VITIS_LOOP_73_4_VITIS_LOOP_74_5 : mux_case_010992786_reload | {1 }
	Port: ekf_batch_Pipeline_VITIS_LOOP_73_4_VITIS_LOOP_74_5 : mux_case_111012792_reload | {1 }
	Port: ekf_batch_Pipeline_VITIS_LOOP_73_4_VITIS_LOOP_74_5 : mux_case_211032798_reload | {1 }
	Port: ekf_batch_Pipeline_VITIS_LOOP_73_4_VITIS_LOOP_74_5 : mux_case_311052804_reload | {1 }
	Port: ekf_batch_Pipeline_VITIS_LOOP_73_4_VITIS_LOOP_74_5 : mux_case_411072810_reload | {1 }
	Port: ekf_batch_Pipeline_VITIS_LOOP_73_4_VITIS_LOOP_74_5 : mux_case_511092816_reload | {1 }
	Port: ekf_batch_Pipeline_VITIS_LOOP_73_4_VITIS_LOOP_74_5 : mux_case_011122823_reload | {1 }
	Port: ekf_batch_Pipeline_VITIS_LOOP_73_4_VITIS_LOOP_74_5 : mux_case_111142829_reload | {1 }
	Port: ekf_batch_Pipeline_VITIS_LOOP_73_4_VITIS_LOOP_74_5 : mux_case_211162835_reload | {1 }
	Port: ekf_batch_Pipeline_VITIS_LOOP_73_4_VITIS_LOOP_74_5 : mux_case_311182841_reload | {1 }
	Port: ekf_batch_Pipeline_VITIS_LOOP_73_4_VITIS_LOOP_74_5 : mux_case_411202847_reload | {1 }
	Port: ekf_batch_Pipeline_VITIS_LOOP_73_4_VITIS_LOOP_74_5 : mux_case_511222853_reload | {1 }
	Port: ekf_batch_Pipeline_VITIS_LOOP_73_4_VITIS_LOOP_74_5 : mux_case_011252859_reload | {1 }
	Port: ekf_batch_Pipeline_VITIS_LOOP_73_4_VITIS_LOOP_74_5 : mux_case_111272865_reload | {1 }
	Port: ekf_batch_Pipeline_VITIS_LOOP_73_4_VITIS_LOOP_74_5 : mux_case_211292871_reload | {1 }
	Port: ekf_batch_Pipeline_VITIS_LOOP_73_4_VITIS_LOOP_74_5 : mux_case_311312877_reload | {1 }
	Port: ekf_batch_Pipeline_VITIS_LOOP_73_4_VITIS_LOOP_74_5 : mux_case_411332883_reload | {1 }
	Port: ekf_batch_Pipeline_VITIS_LOOP_73_4_VITIS_LOOP_74_5 : mux_case_511352889_reload | {1 }
	Port: ekf_batch_Pipeline_VITIS_LOOP_73_4_VITIS_LOOP_74_5 : mux_case_011382895_reload | {1 }
	Port: ekf_batch_Pipeline_VITIS_LOOP_73_4_VITIS_LOOP_74_5 : mux_case_111402901_reload | {1 }
	Port: ekf_batch_Pipeline_VITIS_LOOP_73_4_VITIS_LOOP_74_5 : mux_case_211422907_reload | {1 }
	Port: ekf_batch_Pipeline_VITIS_LOOP_73_4_VITIS_LOOP_74_5 : mux_case_311442913_reload | {1 }
	Port: ekf_batch_Pipeline_VITIS_LOOP_73_4_VITIS_LOOP_74_5 : mux_case_411462919_reload | {1 }
	Port: ekf_batch_Pipeline_VITIS_LOOP_73_4_VITIS_LOOP_74_5 : mux_case_511482925_reload | {1 }
	Port: ekf_batch_Pipeline_VITIS_LOOP_73_4_VITIS_LOOP_74_5 : mux_case_011512931_reload | {1 }
	Port: ekf_batch_Pipeline_VITIS_LOOP_73_4_VITIS_LOOP_74_5 : mux_case_111532937_reload | {1 }
	Port: ekf_batch_Pipeline_VITIS_LOOP_73_4_VITIS_LOOP_74_5 : mux_case_211552943_reload | {1 }
	Port: ekf_batch_Pipeline_VITIS_LOOP_73_4_VITIS_LOOP_74_5 : mux_case_311572949_reload | {1 }
	Port: ekf_batch_Pipeline_VITIS_LOOP_73_4_VITIS_LOOP_74_5 : mux_case_411592955_reload | {1 }
	Port: ekf_batch_Pipeline_VITIS_LOOP_73_4_VITIS_LOOP_74_5 : mux_case_511612961_reload | {1 }
	Port: ekf_batch_Pipeline_VITIS_LOOP_73_4_VITIS_LOOP_74_5 : mux_case_011642967_reload | {1 }
	Port: ekf_batch_Pipeline_VITIS_LOOP_73_4_VITIS_LOOP_74_5 : mux_case_111662973_reload | {1 }
	Port: ekf_batch_Pipeline_VITIS_LOOP_73_4_VITIS_LOOP_74_5 : mux_case_211682979_reload | {1 }
	Port: ekf_batch_Pipeline_VITIS_LOOP_73_4_VITIS_LOOP_74_5 : mux_case_311702985_reload | {1 }
	Port: ekf_batch_Pipeline_VITIS_LOOP_73_4_VITIS_LOOP_74_5 : mux_case_411722991_reload | {1 }
	Port: ekf_batch_Pipeline_VITIS_LOOP_73_4_VITIS_LOOP_74_5 : mux_case_511742997_reload | {1 }
	Port: ekf_batch_Pipeline_VITIS_LOOP_73_4_VITIS_LOOP_74_5 : Q_reload | {1 }
	Port: ekf_batch_Pipeline_VITIS_LOOP_73_4_VITIS_LOOP_74_5 : Q_1_reload | {1 }
	Port: ekf_batch_Pipeline_VITIS_LOOP_73_4_VITIS_LOOP_74_5 : Q_2_reload | {1 }
	Port: ekf_batch_Pipeline_VITIS_LOOP_73_4_VITIS_LOOP_74_5 : Q_3_reload | {1 }
	Port: ekf_batch_Pipeline_VITIS_LOOP_73_4_VITIS_LOOP_74_5 : Q_4_reload | {1 }
	Port: ekf_batch_Pipeline_VITIS_LOOP_73_4_VITIS_LOOP_74_5 : Q_5_reload | {1 }
	Port: ekf_batch_Pipeline_VITIS_LOOP_73_4_VITIS_LOOP_74_5 : Q_6_reload | {1 }
	Port: ekf_batch_Pipeline_VITIS_LOOP_73_4_VITIS_LOOP_74_5 : Q_7_reload | {1 }
	Port: ekf_batch_Pipeline_VITIS_LOOP_73_4_VITIS_LOOP_74_5 : Q_8_reload | {1 }
	Port: ekf_batch_Pipeline_VITIS_LOOP_73_4_VITIS_LOOP_74_5 : Q_9_reload | {1 }
	Port: ekf_batch_Pipeline_VITIS_LOOP_73_4_VITIS_LOOP_74_5 : Q_10_reload | {1 }
	Port: ekf_batch_Pipeline_VITIS_LOOP_73_4_VITIS_LOOP_74_5 : Q_11_reload | {1 }
  - Chain level:
	State 1
		store_ln0 : 1
		store_ln0 : 1
		store_ln0 : 1
		indvar_flatten27_load : 1
		icmp_ln73 : 2
		add_ln73 : 2
		br_ln73 : 3
		j_load : 1
		i_load : 1
		icmp_ln74 : 2
		select_ln154 : 3
		add_ln73_1 : 2
		select_ln73 : 3
		tmp_s : 4
		tmp_7 : 4
		tmp_8 : 4
		tmp_9 : 4
		tmp_10 : 4
		tmp_11 : 4
		tmp_12 : 5
		tmp_13 : 4
		tmp_14 : 4
		tmp_15 : 4
		tmp_16 : 4
		tmp_17 : 4
		tmp_18 : 4
		tmp_19 : 5
		switch_ln74 : 4
		switch_ln74 : 4
		switch_ln74 : 4
		switch_ln74 : 4
		switch_ln74 : 4
		switch_ln74 : 4
		switch_ln74 : 4
		add_ln74 : 4
		store_ln74 : 3
		store_ln74 : 4
		store_ln74 : 5
	State 2
	State 3
	State 4
		write_ln0 : 1
		write_ln0 : 1
		write_ln0 : 1
		write_ln0 : 1
		write_ln0 : 1
		write_ln0 : 1
		write_ln0 : 1
		write_ln0 : 1
		write_ln0 : 1
		write_ln0 : 1
		write_ln0 : 1
		write_ln0 : 1
		write_ln0 : 1
		write_ln0 : 1
		write_ln0 : 1
		write_ln0 : 1
		write_ln0 : 1
		write_ln0 : 1
		write_ln0 : 1
		write_ln0 : 1
		write_ln0 : 1
		write_ln0 : 1
		write_ln0 : 1
		write_ln0 : 1
		write_ln0 : 1
		write_ln0 : 1
		write_ln0 : 1
		write_ln0 : 1
		write_ln0 : 1
		write_ln0 : 1
		write_ln0 : 1
		write_ln0 : 1
		write_ln0 : 1
		write_ln0 : 1
		write_ln0 : 1
		write_ln0 : 1
	State 5
		store_ln74 : 1
		store_ln74 : 1
		store_ln74 : 1
		store_ln74 : 1
		store_ln74 : 1
		store_ln74 : 1
		store_ln74 : 1
		store_ln74 : 1
		store_ln74 : 1
		store_ln74 : 1
		store_ln74 : 1
		store_ln74 : 1
		store_ln74 : 1
		store_ln74 : 1
		store_ln74 : 1
		store_ln74 : 1
		store_ln74 : 1
		store_ln74 : 1
		store_ln74 : 1
		store_ln74 : 1
		store_ln74 : 1
		store_ln74 : 1
		store_ln74 : 1
		store_ln74 : 1
		store_ln74 : 1
		store_ln74 : 1
		store_ln74 : 1
		store_ln74 : 1
		store_ln74 : 1
		store_ln74 : 1
		store_ln74 : 1
		store_ln74 : 1
		store_ln74 : 1
		store_ln74 : 1
		store_ln74 : 1
		store_ln74 : 1


============================================================
+ Verbose Summary: Datapath Resource usage 
============================================================

* Functional unit list:
|----------|--------------------------------------------|---------|---------|---------|
| Operation|               Functional Unit              |   DSP   |    FF   |   LUT   |
|----------|--------------------------------------------|---------|---------|---------|
|   fadd   |                 grp_fu_1198                |    2    |   227   |   214   |
|----------|--------------------------------------------|---------|---------|---------|
|          |                tmp_s_fu_1446               |    0    |    0    |    31   |
|          |                tmp_7_fu_1464               |    0    |    0    |    31   |
|          |                tmp_8_fu_1482               |    0    |    0    |    31   |
|          |                tmp_9_fu_1500               |    0    |    0    |    31   |
|          |               tmp_10_fu_1518               |    0    |    0    |    31   |
|          |               tmp_11_fu_1536               |    0    |    0    |    31   |
|    mux   |               tmp_12_fu_1554               |    0    |    0    |    31   |
|          |               tmp_13_fu_1572               |    0    |    0    |    31   |
|          |               tmp_14_fu_1590               |    0    |    0    |    31   |
|          |               tmp_15_fu_1608               |    0    |    0    |    31   |
|          |               tmp_16_fu_1626               |    0    |    0    |    31   |
|          |               tmp_17_fu_1644               |    0    |    0    |    31   |
|          |               tmp_18_fu_1662               |    0    |    0    |    31   |
|          |               tmp_19_fu_1680               |    0    |    0    |    31   |
|----------|--------------------------------------------|---------|---------|---------|
|          |              add_ln73_fu_1406              |    0    |    0    |    13   |
|    add   |             add_ln73_1_fu_1432             |    0    |    0    |    10   |
|          |              add_ln74_fu_1698              |    0    |    0    |    10   |
|----------|--------------------------------------------|---------|---------|---------|
|   icmp   |              icmp_ln73_fu_1400             |    0    |    0    |    13   |
|          |              icmp_ln74_fu_1418             |    0    |    0    |    10   |
|----------|--------------------------------------------|---------|---------|---------|
|  select  |            select_ln154_fu_1424            |    0    |    0    |    3    |
|          |             select_ln73_fu_1438            |    0    |    0    |    3    |
|----------|--------------------------------------------|---------|---------|---------|
|          |        Q_11_reload_read_read_fu_442        |    0    |    0    |    0    |
|          |        Q_10_reload_read_read_fu_448        |    0    |    0    |    0    |
|          |         Q_9_reload_read_read_fu_454        |    0    |    0    |    0    |
|          |         Q_8_reload_read_read_fu_460        |    0    |    0    |    0    |
|          |         Q_7_reload_read_read_fu_466        |    0    |    0    |    0    |
|          |         Q_6_reload_read_read_fu_472        |    0    |    0    |    0    |
|          |         Q_5_reload_read_read_fu_478        |    0    |    0    |    0    |
|          |         Q_4_reload_read_read_fu_484        |    0    |    0    |    0    |
|          |         Q_3_reload_read_read_fu_490        |    0    |    0    |    0    |
|          |         Q_2_reload_read_read_fu_496        |    0    |    0    |    0    |
|          |         Q_1_reload_read_read_fu_502        |    0    |    0    |    0    |
|          |          Q_reload_read_read_fu_508         |    0    |    0    |    0    |
|          | mux_case_511742997_reload_read_read_fu_514 |    0    |    0    |    0    |
|          | mux_case_411722991_reload_read_read_fu_520 |    0    |    0    |    0    |
|          | mux_case_311702985_reload_read_read_fu_526 |    0    |    0    |    0    |
|          | mux_case_211682979_reload_read_read_fu_532 |    0    |    0    |    0    |
|          | mux_case_111662973_reload_read_read_fu_538 |    0    |    0    |    0    |
|          | mux_case_011642967_reload_read_read_fu_544 |    0    |    0    |    0    |
|          | mux_case_511612961_reload_read_read_fu_550 |    0    |    0    |    0    |
|          | mux_case_411592955_reload_read_read_fu_556 |    0    |    0    |    0    |
|          | mux_case_311572949_reload_read_read_fu_562 |    0    |    0    |    0    |
|          | mux_case_211552943_reload_read_read_fu_568 |    0    |    0    |    0    |
|          | mux_case_111532937_reload_read_read_fu_574 |    0    |    0    |    0    |
|          | mux_case_011512931_reload_read_read_fu_580 |    0    |    0    |    0    |
|          | mux_case_511482925_reload_read_read_fu_586 |    0    |    0    |    0    |
|          | mux_case_411462919_reload_read_read_fu_592 |    0    |    0    |    0    |
|          | mux_case_311442913_reload_read_read_fu_598 |    0    |    0    |    0    |
|          | mux_case_211422907_reload_read_read_fu_604 |    0    |    0    |    0    |
|          | mux_case_111402901_reload_read_read_fu_610 |    0    |    0    |    0    |
|          | mux_case_011382895_reload_read_read_fu_616 |    0    |    0    |    0    |
|          | mux_case_511352889_reload_read_read_fu_622 |    0    |    0    |    0    |
|          | mux_case_411332883_reload_read_read_fu_628 |    0    |    0    |    0    |
|          | mux_case_311312877_reload_read_read_fu_634 |    0    |    0    |    0    |
|          | mux_case_211292871_reload_read_read_fu_640 |    0    |    0    |    0    |
|          | mux_case_111272865_reload_read_read_fu_646 |    0    |    0    |    0    |
|          | mux_case_011252859_reload_read_read_fu_652 |    0    |    0    |    0    |
|          | mux_case_511222853_reload_read_read_fu_658 |    0    |    0    |    0    |
|          | mux_case_411202847_reload_read_read_fu_664 |    0    |    0    |    0    |
|          | mux_case_311182841_reload_read_read_fu_670 |    0    |    0    |    0    |
|          | mux_case_211162835_reload_read_read_fu_676 |    0    |    0    |    0    |
|          | mux_case_111142829_reload_read_read_fu_682 |    0    |    0    |    0    |
|   read   | mux_case_011122823_reload_read_read_fu_688 |    0    |    0    |    0    |
|          | mux_case_511092816_reload_read_read_fu_694 |    0    |    0    |    0    |
|          | mux_case_411072810_reload_read_read_fu_700 |    0    |    0    |    0    |
|          | mux_case_311052804_reload_read_read_fu_706 |    0    |    0    |    0    |
|          | mux_case_211032798_reload_read_read_fu_712 |    0    |    0    |    0    |
|          | mux_case_111012792_reload_read_read_fu_718 |    0    |    0    |    0    |
|          | mux_case_010992786_reload_read_read_fu_724 |    0    |    0    |    0    |
|          |          P_reload_read_read_fu_730         |    0    |    0    |    0    |
|          |         P_1_reload_read_read_fu_736        |    0    |    0    |    0    |
|          |         P_2_reload_read_read_fu_742        |    0    |    0    |    0    |
|          |         P_3_reload_read_read_fu_748        |    0    |    0    |    0    |
|          |         P_4_reload_read_read_fu_754        |    0    |    0    |    0    |
|          |         P_5_reload_read_read_fu_760        |    0    |    0    |    0    |
|          |         P_6_reload_read_read_fu_766        |    0    |    0    |    0    |
|          |         P_7_reload_read_read_fu_772        |    0    |    0    |    0    |
|          |         P_8_reload_read_read_fu_778        |    0    |    0    |    0    |
|          |         P_9_reload_read_read_fu_784        |    0    |    0    |    0    |
|          |        P_10_reload_read_read_fu_790        |    0    |    0    |    0    |
|          |        P_11_reload_read_read_fu_796        |    0    |    0    |    0    |
|          |        P_12_reload_read_read_fu_802        |    0    |    0    |    0    |
|          |        P_13_reload_read_read_fu_808        |    0    |    0    |    0    |
|          |        P_14_reload_read_read_fu_814        |    0    |    0    |    0    |
|          |        P_15_reload_read_read_fu_820        |    0    |    0    |    0    |
|          |        P_16_reload_read_read_fu_826        |    0    |    0    |    0    |
|          |        P_17_reload_read_read_fu_832        |    0    |    0    |    0    |
|          |        P_18_reload_read_read_fu_838        |    0    |    0    |    0    |
|          |        P_19_reload_read_read_fu_844        |    0    |    0    |    0    |
|          |        P_20_reload_read_read_fu_850        |    0    |    0    |    0    |
|          |        P_21_reload_read_read_fu_856        |    0    |    0    |    0    |
|          |        P_22_reload_read_read_fu_862        |    0    |    0    |    0    |
|          |        P_23_reload_read_read_fu_868        |    0    |    0    |    0    |
|          |        P_24_reload_read_read_fu_874        |    0    |    0    |    0    |
|          |        P_25_reload_read_read_fu_880        |    0    |    0    |    0    |
|          |        P_26_reload_read_read_fu_886        |    0    |    0    |    0    |
|          |        P_27_reload_read_read_fu_892        |    0    |    0    |    0    |
|          |        P_28_reload_read_read_fu_898        |    0    |    0    |    0    |
|          |        P_29_reload_read_read_fu_904        |    0    |    0    |    0    |
|          |        P_30_reload_read_read_fu_910        |    0    |    0    |    0    |
|          |        P_31_reload_read_read_fu_916        |    0    |    0    |    0    |
|          |        P_32_reload_read_read_fu_922        |    0    |    0    |    0    |
|          |        P_33_reload_read_read_fu_928        |    0    |    0    |    0    |
|          |        P_34_reload_read_read_fu_934        |    0    |    0    |    0    |
|          |        P_35_reload_read_read_fu_940        |    0    |    0    |    0    |
|----------|--------------------------------------------|---------|---------|---------|
|          |           write_ln0_write_fu_946           |    0    |    0    |    0    |
|          |           write_ln0_write_fu_953           |    0    |    0    |    0    |
|          |           write_ln0_write_fu_960           |    0    |    0    |    0    |
|          |           write_ln0_write_fu_967           |    0    |    0    |    0    |
|          |           write_ln0_write_fu_974           |    0    |    0    |    0    |
|          |           write_ln0_write_fu_981           |    0    |    0    |    0    |
|          |           write_ln0_write_fu_988           |    0    |    0    |    0    |
|          |           write_ln0_write_fu_995           |    0    |    0    |    0    |
|          |           write_ln0_write_fu_1002          |    0    |    0    |    0    |
|          |           write_ln0_write_fu_1009          |    0    |    0    |    0    |
|          |           write_ln0_write_fu_1016          |    0    |    0    |    0    |
|          |           write_ln0_write_fu_1023          |    0    |    0    |    0    |
|          |           write_ln0_write_fu_1030          |    0    |    0    |    0    |
|          |           write_ln0_write_fu_1037          |    0    |    0    |    0    |
|          |           write_ln0_write_fu_1044          |    0    |    0    |    0    |
|          |           write_ln0_write_fu_1051          |    0    |    0    |    0    |
|          |           write_ln0_write_fu_1058          |    0    |    0    |    0    |
|   write  |           write_ln0_write_fu_1065          |    0    |    0    |    0    |
|          |           write_ln0_write_fu_1072          |    0    |    0    |    0    |
|          |           write_ln0_write_fu_1079          |    0    |    0    |    0    |
|          |           write_ln0_write_fu_1086          |    0    |    0    |    0    |
|          |           write_ln0_write_fu_1093          |    0    |    0    |    0    |
|          |           write_ln0_write_fu_1100          |    0    |    0    |    0    |
|          |           write_ln0_write_fu_1107          |    0    |    0    |    0    |
|          |           write_ln0_write_fu_1114          |    0    |    0    |    0    |
|          |           write_ln0_write_fu_1121          |    0    |    0    |    0    |
|          |           write_ln0_write_fu_1128          |    0    |    0    |    0    |
|          |           write_ln0_write_fu_1135          |    0    |    0    |    0    |
|          |           write_ln0_write_fu_1142          |    0    |    0    |    0    |
|          |           write_ln0_write_fu_1149          |    0    |    0    |    0    |
|          |           write_ln0_write_fu_1156          |    0    |    0    |    0    |
|          |           write_ln0_write_fu_1163          |    0    |    0    |    0    |
|          |           write_ln0_write_fu_1170          |    0    |    0    |    0    |
|          |           write_ln0_write_fu_1177          |    0    |    0    |    0    |
|          |           write_ln0_write_fu_1184          |    0    |    0    |    0    |
|          |           write_ln0_write_fu_1191          |    0    |    0    |    0    |
|----------|--------------------------------------------|---------|---------|---------|
|   Total  |                                            |    2    |   227   |   710   |
|----------|--------------------------------------------|---------|---------|---------|

Memories:
N/A

* Register list:
+-------------------------+--------+
|                         |   FF   |
+-------------------------+--------+
|      P_10_reg_2134      |   32   |
|      P_11_reg_2141      |   32   |
|      P_12_reg_2148      |   32   |
|      P_13_reg_2155      |   32   |
|      P_14_reg_2162      |   32   |
|      P_15_reg_2169      |   32   |
|      P_16_reg_2176      |   32   |
|      P_17_reg_2183      |   32   |
|      P_18_reg_2190      |   32   |
|      P_19_reg_2197      |   32   |
|       P_1_reg_2071      |   32   |
|      P_20_reg_2204      |   32   |
|      P_21_reg_2211      |   32   |
|      P_22_reg_2218      |   32   |
|      P_23_reg_2225      |   32   |
|      P_24_reg_2232      |   32   |
|      P_25_reg_2239      |   32   |
|      P_26_reg_2246      |   32   |
|      P_27_reg_2253      |   32   |
|      P_28_reg_2260      |   32   |
|      P_29_reg_2267      |   32   |
|       P_2_reg_2078      |   32   |
|      P_30_reg_2274      |   32   |
|      P_31_reg_2281      |   32   |
|      P_32_reg_2288      |   32   |
|      P_33_reg_2295      |   32   |
|      P_34_reg_2302      |   32   |
|      P_35_reg_2309      |   32   |
|       P_3_reg_2085      |   32   |
|       P_4_reg_2092      |   32   |
|       P_5_reg_2099      |   32   |
|       P_6_reg_2106      |   32   |
|       P_7_reg_2113      |   32   |
|       P_8_reg_2120      |   32   |
|       P_9_reg_2127      |   32   |
|        P_reg_2064       |   32   |
|        i_reg_2050       |    3   |
|    icmp_ln73_reg_2316   |    1   |
|indvar_flatten27_reg_2057|    6   |
|        j_reg_2043       |    3   |
|  select_ln154_reg_2320  |    3   |
|   select_ln73_reg_2324  |    3   |
|     tmp_12_reg_2328     |   32   |
|     tmp_19_reg_2333     |   32   |
+-------------------------+--------+
|          Total          |  1235  |
+-------------------------+--------+

* Multiplexer (MUX) list: 
|--------|------|------|------|--------|
|  Comp  |  Pin | Size |  BW  | S x BW |
|--------|------|------|------|--------|
|  Total |      |      |      |    0   |
|--------|------|------|------|--------|



* Summary:
+-----------+--------+--------+--------+
|           |   DSP  |   FF   |   LUT  |
+-----------+--------+--------+--------+
|  Function |    2   |   227  |   710  |
|   Memory  |    -   |    -   |    -   |
|Multiplexer|    -   |    -   |    -   |
|  Register |    -   |  1235  |    -   |
+-----------+--------+--------+--------+
|   Total   |    2   |  1462  |   710  |
+-----------+--------+--------+--------+
