

================================================================
== Vitis HLS Report for 'ekf_batch_Pipeline_VITIS_LOOP_17_1_VITIS_LOOP_18_24'
================================================================
* Date:           Thu Sep  3 12:11:28 2026

* Version:        2023.1 (Build 3854077 on May  4 2023)
* Project:        EKF
* Solution:       solution1 (Vivado IP Flow Target)
* Product family: zynquplus
* Target device:  xczu9eg-ffvb1156-2-e


================================================================
== Performance Estimates
================================================================
+ Timing: 
    * Summary: 
    +--------+----------+----------+------------+
    |  Clock |  Target  | Estimated| Uncertainty|
    +--------+----------+----------+------------+
    |ap_clk  |  10.00 ns|  7.016 ns|     2.70 ns|
    +--------+----------+----------+------------+

+ Latency: 
    * Summary: 
    +---------+---------+----------+----------+-----+-----+---------+
    |  Latency (cycles) |  Latency (absolute) |  Interval | Pipeline|
    |   min   |   max   |    min   |    max   | min | max |   Type  |
    +---------+---------+----------+----------+-----+-----+---------+
    |       64|       64|  0.640 us|  0.640 us|   64|   64|       no|
    +---------+---------+----------+----------+-----+-----+---------+

    + Detail: 
        * Instance: 
        N/A

        * Loop: 
        +-----------------------------------+---------+---------+----------+-----------+-----------+------+----------+
        |                                   |  Latency (cycles) | Iteration|  Initiation Interval  | Trip |          |
        |             Loop Name             |   min   |   max   |  Latency |  achieved |   target  | Count| Pipelined|
        +-----------------------------------+---------+---------+----------+-----------+-----------+------+----------+
        |- VITIS_LOOP_17_1_VITIS_LOOP_18_2  |       62|       62|        28|          1|          1|    36|       yes|
        +-----------------------------------+---------+---------+----------+-----------+-----------+------+----------+

============================================================
+ Verbose Summary: Synthesis Manager
============================================================
InlineROM: 1
ExposeGlobal: 0
============================================================
+ Verbose Summary: CDFG Model
============================================================
IsTopModel: 0
ResetActiveHigh: 1
IsCombinational: 0
IsDatapathOnly: 0
HasWiredReturn: 1
HasMFsm: 2
HasVarLatency: 1
IsPipeline: 0
IsRtlPipelined: 0
IsInstanceOverlapped: 0
IsDontTouch: 0
HasImplIP: 0
IsGatedGlobalClock: 0

+ Individual pipeline summary: 
  * Pipeline-0: initiation interval (II) = 1, depth = 28


============================================================
+ Verbose Summary: Schedule
============================================================
* Number of FSM states : 28
* Pipeline : 1
  Pipeline-0 : II = 1, D = 28, States = { 1 2 3 4 5 6 7 8 9 10 11 12 13 14 15 16 17 18 19 20 21 22 23 24 25 26 27 28 }
* Dataflow Pipeline: 0

* FSM state transitions: 
1 --> 2 
2 --> 3 
3 --> 4 
4 --> 5 
5 --> 6 
6 --> 7 
7 --> 8 
8 --> 9 
9 --> 10 
10 --> 11 
11 --> 12 
12 --> 13 
13 --> 14 
14 --> 15 
15 --> 16 
16 --> 17 
17 --> 18 
18 --> 19 
19 --> 20 
20 --> 21 
21 --> 22 
22 --> 23 
23 --> 24 
24 --> 25 
25 --> 26 
26 --> 27 
27 --> 28 
28 --> 

* FSM state operations: 

State 1 <SV = 0> <Delay = 1.98>
ST_1 : Operation 31 [1/1] (0.00ns)   --->   "%j = alloca i32 1"   --->   Operation 31 'alloca' 'j' <Predicate = true> <Delay = 0.00>
ST_1 : Operation 32 [1/1] (0.00ns)   --->   "%i = alloca i32 1"   --->   Operation 32 'alloca' 'i' <Predicate = true> <Delay = 0.00>
ST_1 : Operation 33 [1/1] (0.00ns)   --->   "%indvar_flatten41 = alloca i32 1"   --->   Operation 33 'alloca' 'indvar_flatten41' <Predicate = true> <Delay = 0.00>
ST_1 : Operation 34 [1/1] (0.00ns)   --->   "%acc = alloca i32 1"   --->   Operation 34 'alloca' 'acc' <Predicate = true> <Delay = 0.00>
ST_1 : Operation 35 [1/1] (0.00ns)   --->   "%acc_7 = alloca i32 1"   --->   Operation 35 'alloca' 'acc_7' <Predicate = true> <Delay = 0.00>
ST_1 : Operation 36 [1/1] (0.00ns)   --->   "%acc_8 = alloca i32 1"   --->   Operation 36 'alloca' 'acc_8' <Predicate = true> <Delay = 0.00>
ST_1 : Operation 37 [1/1] (0.00ns)   --->   "%acc_9 = alloca i32 1"   --->   Operation 37 'alloca' 'acc_9' <Predicate = true> <Delay = 0.00>
ST_1 : Operation 38 [1/1] (0.00ns)   --->   "%acc_10 = alloca i32 1"   --->   Operation 38 'alloca' 'acc_10' <Predicate = true> <Delay = 0.00>
ST_1 : Operation 39 [1/1] (0.00ns)   --->   "%acc_11 = alloca i32 1"   --->   Operation 39 'alloca' 'acc_11' <Predicate = true> <Delay = 0.00>
ST_1 : Operation 40 [1/1] (0.00ns)   --->   "%acc_12 = alloca i32 1"   --->   Operation 40 'alloca' 'acc_12' <Predicate = true> <Delay = 0.00>
ST_1 : Operation 41 [1/1] (0.00ns)   --->   "%acc_13 = alloca i32 1"   --->   Operation 41 'alloca' 'acc_13' <Predicate = true> <Delay = 0.00>
ST_1 : Operation 42 [1/1] (0.00ns)   --->   "%acc_14 = alloca i32 1"   --->   Operation 42 'alloca' 'acc_14' <Predicate = true> <Delay = 0.00>
ST_1 : Operation 43 [1/1] (0.00ns)   --->   "%acc_15 = alloca i32 1"   --->   Operation 43 'alloca' 'acc_15' <Predicate = true> <Delay = 0.00>
ST_1 : Operation 44 [1/1] (0.00ns)   --->   "%acc_16 = alloca i32 1"   --->   Operation 44 'alloca' 'acc_16' <Predicate = true> <Delay = 0.00>
ST_1 : Operation 45 [1/1] (0.00ns)   --->   "%acc_17 = alloca i32 1"   --->   Operation 45 'alloca' 'acc_17' <Predicate = true> <Delay = 0.00>
ST_1 : Operation 46 [1/1] (0.00ns)   --->   "%acc_18 = alloca i32 1"   --->   Operation 46 'alloca' 'acc_18' <Predicate = true> <Delay = 0.00>
ST_1 : Operation 47 [1/1] (0.00ns)   --->   "%acc_19 = alloca i32 1"   --->   Operation 47 'alloca' 'acc_19' <Predicate = true> <Delay = 0.00>
ST_1 : Operation 48 [1/1] (0.00ns)   --->   "%acc_20 = alloca i32 1"   --->   Operation 48 'alloca' 'acc_20' <Predicate = true> <Delay = 0.00>
ST_1 : Operation 49 [1/1] (0.00ns)   --->   "%acc_21 = alloca i32 1"   --->   Operation 49 'alloca' 'acc_21' <Predicate = true> <Delay = 0.00>
ST_1 : Operation 50 [1/1] (0.00ns)   --->   "%acc_22 = alloca i32 1"   --->   Operation 50 'alloca' 'acc_22' <Predicate = true> <Delay = 0.00>
ST_1 : Operation 51 [1/1] (0.00ns)   --->   "%acc_23 = alloca i32 1"   --->   Operation 51 'alloca' 'acc_23' <Predicate = true> <Delay = 0.00>
ST_1 : Operation 52 [1/1] (0.00ns)   --->   "%acc_24 = alloca i32 1"   --->   Operation 52 'alloca' 'acc_24' <Predicate = true> <Delay = 0.00>
ST_1 : Operation 53 [1/1] (0.00ns)   --->   "%acc_25 = alloca i32 1"   --->   Operation 53 'alloca' 'acc_25' <Predicate = true> <Delay = 0.00>
ST_1 : Operation 54 [1/1] (0.00ns)   --->   "%acc_26 = alloca i32 1"   --->   Operation 54 'alloca' 'acc_26' <Predicate = true> <Delay = 0.00>
ST_1 : Operation 55 [1/1] (0.00ns)   --->   "%acc_27 = alloca i32 1"   --->   Operation 55 'alloca' 'acc_27' <Predicate = true> <Delay = 0.00>
ST_1 : Operation 56 [1/1] (0.00ns)   --->   "%acc_28 = alloca i32 1"   --->   Operation 56 'alloca' 'acc_28' <Predicate = true> <Delay = 0.00>
ST_1 : Operation 57 [1/1] (0.00ns)   --->   "%acc_29 = alloca i32 1"   --->   Operation 57 'alloca' 'acc_29' <Predicate = true> <Delay = 0.00>
ST_1 : Operation 58 [1/1] (0.00ns)   --->   "%acc_36 = alloca i32 1"   --->   Operation 58 'alloca' 'acc_36' <Predicate = true> <Delay = 0.00>
ST_1 : Operation 59 [1/1] (0.00ns)   --->   "%acc_37 = alloca i32 1"   --->   Operation 59 'alloca' 'acc_37' <Predicate = true> <Delay = 0.00>
ST_1 : Operation 60 [1/1] (0.00ns)   --->   "%acc_38 = alloca i32 1"   --->   Operation 60 'alloca' 'acc_38' <Predicate = true> <Delay = 0.00>
ST_1 : Operation 61 [1/1] (0.00ns)   --->   "%acc_39 = alloca i32 1"   --->   Operation 61 'alloca' 'acc_39' <Predicate = true> <Delay = 0.00>
ST_1 : Operation 62 [1/1] (0.00ns)   --->   "%acc_40 = alloca i32 1"   --->   Operation 62 'alloca' 'acc_40' <Predicate = true> <Delay = 0.00>
ST_1 : Operation 63 [1/1] (0.00ns)   --->   "%acc_41 = alloca i32 1"   --->   Operation 63 'alloca' 'acc_41' <Predicate = true> <Delay = 0.00>
ST_1 : Operation 64 [1/1] (0.00ns)   --->   "%acc_42 = alloca i32 1"   --->   Operation 64 'alloca' 'acc_42' <Predicate = true> <Delay = 0.00>
ST_1 : Operation 65 [1/1] (0.00ns)   --->   "%acc_43 = alloca i32 1"   --->   Operation 65 'alloca' 'acc_43' <Predicate = true> <Delay = 0.00>
ST_1 : Operation 66 [1/1] (0.00ns)   --->   "%acc_44 = alloca i32 1"   --->   Operation 66 'alloca' 'acc_44' <Predicate = true> <Delay = 0.00>
ST_1 : Operation 67 [1/1] (0.00ns)   --->   "%acc_45 = alloca i32 1"   --->   Operation 67 'alloca' 'acc_45' <Predicate = true> <Delay = 0.00>
ST_1 : Operation 68 [1/1] (0.00ns)   --->   "%acc_46 = alloca i32 1"   --->   Operation 68 'alloca' 'acc_46' <Predicate = true> <Delay = 0.00>
ST_1 : Operation 69 [1/1] (0.00ns)   --->   "%acc_47 = alloca i32 1"   --->   Operation 69 'alloca' 'acc_47' <Predicate = true> <Delay = 0.00>
ST_1 : Operation 70 [1/1] (0.00ns)   --->   "%At_35_reload_read = read i32 @_ssdm_op_Read.ap_auto.float, i32 %At_35_reload"   --->   Operation 70 'read' 'At_35_reload_read' <Predicate = true> <Delay = 0.00>
ST_1 : Operation 71 [1/1] (0.00ns)   --->   "%At_34_reload_read = read i32 @_ssdm_op_Read.ap_auto.float, i32 %At_34_reload"   --->   Operation 71 'read' 'At_34_reload_read' <Predicate = true> <Delay = 0.00>
ST_1 : Operation 72 [1/1] (0.00ns)   --->   "%At_33_reload_read = read i32 @_ssdm_op_Read.ap_auto.float, i32 %At_33_reload"   --->   Operation 72 'read' 'At_33_reload_read' <Predicate = true> <Delay = 0.00>
ST_1 : Operation 73 [1/1] (0.00ns)   --->   "%At_32_reload_read = read i32 @_ssdm_op_Read.ap_auto.float, i32 %At_32_reload"   --->   Operation 73 'read' 'At_32_reload_read' <Predicate = true> <Delay = 0.00>
ST_1 : Operation 74 [1/1] (0.00ns)   --->   "%At_31_reload_read = read i32 @_ssdm_op_Read.ap_auto.float, i32 %At_31_reload"   --->   Operation 74 'read' 'At_31_reload_read' <Predicate = true> <Delay = 0.00>
ST_1 : Operation 75 [1/1] (0.00ns)   --->   "%At_30_reload_read = read i32 @_ssdm_op_Read.ap_auto.float, i32 %At_30_reload"   --->   Operation 75 'read' 'At_30_reload_read' <Predicate = true> <Delay = 0.00>
ST_1 : Operation 76 [1/1] (0.00ns)   --->   "%At_29_reload_read = read i32 @_ssdm_op_Read.ap_auto.float, i32 %At_29_reload"   --->   Operation 76 'read' 'At_29_reload_read' <Predicate = true> <Delay = 0.00>
ST_1 : Operation 77 [1/1] (0.00ns)   --->   "%At_28_reload_read = read i32 @_ssdm_op_Read.ap_auto.float, i32 %At_28_reload"   --->   Operation 77 'read' 'At_28_reload_read' <Predicate = true> <Delay = 0.00>
ST_1 : Operation 78 [1/1] (0.00ns)   --->   "%At_27_reload_read = read i32 @_ssdm_op_Read.ap_auto.float, i32 %At_27_reload"   --->   Operation 78 'read' 'At_27_reload_read' <Predicate = true> <Delay = 0.00>
ST_1 : Operation 79 [1/1] (0.00ns)   --->   "%At_26_reload_read = read i32 @_ssdm_op_Read.ap_auto.float, i32 %At_26_reload"   --->   Operation 79 'read' 'At_26_reload_read' <Predicate = true> <Delay = 0.00>
ST_1 : Operation 80 [1/1] (0.00ns)   --->   "%At_25_reload_read = read i32 @_ssdm_op_Read.ap_auto.float, i32 %At_25_reload"   --->   Operation 80 'read' 'At_25_reload_read' <Predicate = true> <Delay = 0.00>
ST_1 : Operation 81 [1/1] (0.00ns)   --->   "%At_24_reload_read = read i32 @_ssdm_op_Read.ap_auto.float, i32 %At_24_reload"   --->   Operation 81 'read' 'At_24_reload_read' <Predicate = true> <Delay = 0.00>
ST_1 : Operation 82 [1/1] (0.00ns)   --->   "%At_23_reload_read = read i32 @_ssdm_op_Read.ap_auto.float, i32 %At_23_reload"   --->   Operation 82 'read' 'At_23_reload_read' <Predicate = true> <Delay = 0.00>
ST_1 : Operation 83 [1/1] (0.00ns)   --->   "%At_22_reload_read = read i32 @_ssdm_op_Read.ap_auto.float, i32 %At_22_reload"   --->   Operation 83 'read' 'At_22_reload_read' <Predicate = true> <Delay = 0.00>
ST_1 : Operation 84 [1/1] (0.00ns)   --->   "%At_21_reload_read = read i32 @_ssdm_op_Read.ap_auto.float, i32 %At_21_reload"   --->   Operation 84 'read' 'At_21_reload_read' <Predicate = true> <Delay = 0.00>
ST_1 : Operation 85 [1/1] (0.00ns)   --->   "%At_20_reload_read = read i32 @_ssdm_op_Read.ap_auto.float, i32 %At_20_reload"   --->   Operation 85 'read' 'At_20_reload_read' <Predicate = true> <Delay = 0.00>
ST_1 : Operation 86 [1/1] (0.00ns)   --->   "%At_19_reload_read = read i32 @_ssdm_op_Read.ap_auto.float, i32 %At_19_reload"   --->   Operation 86 'read' 'At_19_reload_read' <Predicate = true> <Delay = 0.00>
ST_1 : Operation 87 [1/1] (0.00ns)   --->   "%At_18_reload_read = read i32 @_ssdm_op_Read.ap_auto.float, i32 %At_18_reload"   --->   Operation 87 'read' 'At_18_reload_read' <Predicate = true> <Delay = 0.00>
ST_1 : Operation 88 [1/1] (0.00ns)   --->   "%At_17_reload_read = read i32 @_ssdm_op_Read.ap_auto.float, i32 %At_17_reload"   --->   Operation 88 'read' 'At_17_reload_read' <Predicate = true> <Delay = 0.00>
ST_1 : Operation 89 [1/1] (0.00ns)   --->   "%At_16_reload_read = read i32 @_ssdm_op_Read.ap_auto.float, i32 %At_16_reload"   --->   Operation 89 'read' 'At_16_reload_read' <Predicate = true> <Delay = 0.00>
ST_1 : Operation 90 [1/1] (0.00ns)   --->   "%At_15_reload_read = read i32 @_ssdm_op_Read.ap_auto.float, i32 %At_15_reload"   --->   Operation 90 'read' 'At_15_reload_read' <Predicate = true> <Delay = 0.00>
ST_1 : Operation 91 [1/1] (0.00ns)   --->   "%At_14_reload_read = read i32 @_ssdm_op_Read.ap_auto.float, i32 %At_14_reload"   --->   Operation 91 'read' 'At_14_reload_read' <Predicate = true> <Delay = 0.00>
ST_1 : Operation 92 [1/1] (0.00ns)   --->   "%At_13_reload_read = read i32 @_ssdm_op_Read.ap_auto.float, i32 %At_13_reload"   --->   Operation 92 'read' 'At_13_reload_read' <Predicate = true> <Delay = 0.00>
ST_1 : Operation 93 [1/1] (0.00ns)   --->   "%At_12_reload_read = read i32 @_ssdm_op_Read.ap_auto.float, i32 %At_12_reload"   --->   Operation 93 'read' 'At_12_reload_read' <Predicate = true> <Delay = 0.00>
ST_1 : Operation 94 [1/1] (0.00ns)   --->   "%At_11_reload_read = read i32 @_ssdm_op_Read.ap_auto.float, i32 %At_11_reload"   --->   Operation 94 'read' 'At_11_reload_read' <Predicate = true> <Delay = 0.00>
ST_1 : Operation 95 [1/1] (0.00ns)   --->   "%At_10_reload_read = read i32 @_ssdm_op_Read.ap_auto.float, i32 %At_10_reload"   --->   Operation 95 'read' 'At_10_reload_read' <Predicate = true> <Delay = 0.00>
ST_1 : Operation 96 [1/1] (0.00ns)   --->   "%At_9_reload_read = read i32 @_ssdm_op_Read.ap_auto.float, i32 %At_9_reload"   --->   Operation 96 'read' 'At_9_reload_read' <Predicate = true> <Delay = 0.00>
ST_1 : Operation 97 [1/1] (0.00ns)   --->   "%At_8_reload_read = read i32 @_ssdm_op_Read.ap_auto.float, i32 %At_8_reload"   --->   Operation 97 'read' 'At_8_reload_read' <Predicate = true> <Delay = 0.00>
ST_1 : Operation 98 [1/1] (0.00ns)   --->   "%At_7_reload_read = read i32 @_ssdm_op_Read.ap_auto.float, i32 %At_7_reload"   --->   Operation 98 'read' 'At_7_reload_read' <Predicate = true> <Delay = 0.00>
ST_1 : Operation 99 [1/1] (0.00ns)   --->   "%At_6_reload_read = read i32 @_ssdm_op_Read.ap_auto.float, i32 %At_6_reload"   --->   Operation 99 'read' 'At_6_reload_read' <Predicate = true> <Delay = 0.00>
ST_1 : Operation 100 [1/1] (0.00ns)   --->   "%At_5_reload_read = read i32 @_ssdm_op_Read.ap_auto.float, i32 %At_5_reload"   --->   Operation 100 'read' 'At_5_reload_read' <Predicate = true> <Delay = 0.00>
ST_1 : Operation 101 [1/1] (0.00ns)   --->   "%At_4_reload_read = read i32 @_ssdm_op_Read.ap_auto.float, i32 %At_4_reload"   --->   Operation 101 'read' 'At_4_reload_read' <Predicate = true> <Delay = 0.00>
ST_1 : Operation 102 [1/1] (0.00ns)   --->   "%At_3_reload_read = read i32 @_ssdm_op_Read.ap_auto.float, i32 %At_3_reload"   --->   Operation 102 'read' 'At_3_reload_read' <Predicate = true> <Delay = 0.00>
ST_1 : Operation 103 [1/1] (0.00ns)   --->   "%At_2_reload_read = read i32 @_ssdm_op_Read.ap_auto.float, i32 %At_2_reload"   --->   Operation 103 'read' 'At_2_reload_read' <Predicate = true> <Delay = 0.00>
ST_1 : Operation 104 [1/1] (0.00ns)   --->   "%At_1_reload_read = read i32 @_ssdm_op_Read.ap_auto.float, i32 %At_1_reload"   --->   Operation 104 'read' 'At_1_reload_read' <Predicate = true> <Delay = 0.00>
ST_1 : Operation 105 [1/1] (0.00ns)   --->   "%At_reload_read = read i32 @_ssdm_op_Read.ap_auto.float, i32 %At_reload"   --->   Operation 105 'read' 'At_reload_read' <Predicate = true> <Delay = 0.00>
ST_1 : Operation 106 [1/1] (0.00ns)   --->   "%mux_case_520153177_reload_read = read i32 @_ssdm_op_Read.ap_auto.float, i32 %mux_case_520153177_reload"   --->   Operation 106 'read' 'mux_case_520153177_reload_read' <Predicate = true> <Delay = 0.00>
ST_1 : Operation 107 [1/1] (0.00ns)   --->   "%mux_case_420133172_reload_read = read i32 @_ssdm_op_Read.ap_auto.float, i32 %mux_case_420133172_reload"   --->   Operation 107 'read' 'mux_case_420133172_reload_read' <Predicate = true> <Delay = 0.00>
ST_1 : Operation 108 [1/1] (0.00ns)   --->   "%mux_case_320113167_reload_read = read i32 @_ssdm_op_Read.ap_auto.float, i32 %mux_case_320113167_reload"   --->   Operation 108 'read' 'mux_case_320113167_reload_read' <Predicate = true> <Delay = 0.00>
ST_1 : Operation 109 [1/1] (0.00ns)   --->   "%mux_case_220093162_reload_read = read i32 @_ssdm_op_Read.ap_auto.float, i32 %mux_case_220093162_reload"   --->   Operation 109 'read' 'mux_case_220093162_reload_read' <Predicate = true> <Delay = 0.00>
ST_1 : Operation 110 [1/1] (0.00ns)   --->   "%mux_case_120073157_reload_read = read i32 @_ssdm_op_Read.ap_auto.float, i32 %mux_case_120073157_reload"   --->   Operation 110 'read' 'mux_case_120073157_reload_read' <Predicate = true> <Delay = 0.00>
ST_1 : Operation 111 [1/1] (0.00ns)   --->   "%mux_case_020053151_reload_read = read i32 @_ssdm_op_Read.ap_auto.float, i32 %mux_case_020053151_reload"   --->   Operation 111 'read' 'mux_case_020053151_reload_read' <Predicate = true> <Delay = 0.00>
ST_1 : Operation 112 [1/1] (0.00ns)   --->   "%mux_case_520033147_reload_read = read i32 @_ssdm_op_Read.ap_auto.float, i32 %mux_case_520033147_reload"   --->   Operation 112 'read' 'mux_case_520033147_reload_read' <Predicate = true> <Delay = 0.00>
ST_1 : Operation 113 [1/1] (0.00ns)   --->   "%mux_case_420013142_reload_read = read i32 @_ssdm_op_Read.ap_auto.float, i32 %mux_case_420013142_reload"   --->   Operation 113 'read' 'mux_case_420013142_reload_read' <Predicate = true> <Delay = 0.00>
ST_1 : Operation 114 [1/1] (0.00ns)   --->   "%mux_case_319993137_reload_read = read i32 @_ssdm_op_Read.ap_auto.float, i32 %mux_case_319993137_reload"   --->   Operation 114 'read' 'mux_case_319993137_reload_read' <Predicate = true> <Delay = 0.00>
ST_1 : Operation 115 [1/1] (0.00ns)   --->   "%mux_case_219973132_reload_read = read i32 @_ssdm_op_Read.ap_auto.float, i32 %mux_case_219973132_reload"   --->   Operation 115 'read' 'mux_case_219973132_reload_read' <Predicate = true> <Delay = 0.00>
ST_1 : Operation 116 [1/1] (0.00ns)   --->   "%mux_case_119953127_reload_read = read i32 @_ssdm_op_Read.ap_auto.float, i32 %mux_case_119953127_reload"   --->   Operation 116 'read' 'mux_case_119953127_reload_read' <Predicate = true> <Delay = 0.00>
ST_1 : Operation 117 [1/1] (0.00ns)   --->   "%mux_case_019933121_reload_read = read i32 @_ssdm_op_Read.ap_auto.float, i32 %mux_case_019933121_reload"   --->   Operation 117 'read' 'mux_case_019933121_reload_read' <Predicate = true> <Delay = 0.00>
ST_1 : Operation 118 [1/1] (0.00ns)   --->   "%mux_case_519913117_reload_read = read i32 @_ssdm_op_Read.ap_auto.float, i32 %mux_case_519913117_reload"   --->   Operation 118 'read' 'mux_case_519913117_reload_read' <Predicate = true> <Delay = 0.00>
ST_1 : Operation 119 [1/1] (0.00ns)   --->   "%mux_case_419893112_reload_read = read i32 @_ssdm_op_Read.ap_auto.float, i32 %mux_case_419893112_reload"   --->   Operation 119 'read' 'mux_case_419893112_reload_read' <Predicate = true> <Delay = 0.00>
ST_1 : Operation 120 [1/1] (0.00ns)   --->   "%mux_case_319873107_reload_read = read i32 @_ssdm_op_Read.ap_auto.float, i32 %mux_case_319873107_reload"   --->   Operation 120 'read' 'mux_case_319873107_reload_read' <Predicate = true> <Delay = 0.00>
ST_1 : Operation 121 [1/1] (0.00ns)   --->   "%mux_case_219853102_reload_read = read i32 @_ssdm_op_Read.ap_auto.float, i32 %mux_case_219853102_reload"   --->   Operation 121 'read' 'mux_case_219853102_reload_read' <Predicate = true> <Delay = 0.00>
ST_1 : Operation 122 [1/1] (0.00ns)   --->   "%mux_case_119833097_reload_read = read i32 @_ssdm_op_Read.ap_auto.float, i32 %mux_case_119833097_reload"   --->   Operation 122 'read' 'mux_case_119833097_reload_read' <Predicate = true> <Delay = 0.00>
ST_1 : Operation 123 [1/1] (0.00ns)   --->   "%mux_case_019813091_reload_read = read i32 @_ssdm_op_Read.ap_auto.float, i32 %mux_case_019813091_reload"   --->   Operation 123 'read' 'mux_case_019813091_reload_read' <Predicate = true> <Delay = 0.00>
ST_1 : Operation 124 [1/1] (0.00ns)   --->   "%mux_case_519793087_reload_read = read i32 @_ssdm_op_Read.ap_auto.float, i32 %mux_case_519793087_reload"   --->   Operation 124 'read' 'mux_case_519793087_reload_read' <Predicate = true> <Delay = 0.00>
ST_1 : Operation 125 [1/1] (0.00ns)   --->   "%mux_case_419773082_reload_read = read i32 @_ssdm_op_Read.ap_auto.float, i32 %mux_case_419773082_reload"   --->   Operation 125 'read' 'mux_case_419773082_reload_read' <Predicate = true> <Delay = 0.00>
ST_1 : Operation 126 [1/1] (0.00ns)   --->   "%mux_case_319753077_reload_read = read i32 @_ssdm_op_Read.ap_auto.float, i32 %mux_case_319753077_reload"   --->   Operation 126 'read' 'mux_case_319753077_reload_read' <Predicate = true> <Delay = 0.00>
ST_1 : Operation 127 [1/1] (0.00ns)   --->   "%mux_case_219733072_reload_read = read i32 @_ssdm_op_Read.ap_auto.float, i32 %mux_case_219733072_reload"   --->   Operation 127 'read' 'mux_case_219733072_reload_read' <Predicate = true> <Delay = 0.00>
ST_1 : Operation 128 [1/1] (0.00ns)   --->   "%mux_case_119713067_reload_read = read i32 @_ssdm_op_Read.ap_auto.float, i32 %mux_case_119713067_reload"   --->   Operation 128 'read' 'mux_case_119713067_reload_read' <Predicate = true> <Delay = 0.00>
ST_1 : Operation 129 [1/1] (0.00ns)   --->   "%mux_case_019693061_reload_read = read i32 @_ssdm_op_Read.ap_auto.float, i32 %mux_case_019693061_reload"   --->   Operation 129 'read' 'mux_case_019693061_reload_read' <Predicate = true> <Delay = 0.00>
ST_1 : Operation 130 [1/1] (0.00ns)   --->   "%mux_case_519673057_reload_read = read i32 @_ssdm_op_Read.ap_auto.float, i32 %mux_case_519673057_reload"   --->   Operation 130 'read' 'mux_case_519673057_reload_read' <Predicate = true> <Delay = 0.00>
ST_1 : Operation 131 [1/1] (0.00ns)   --->   "%mux_case_419653052_reload_read = read i32 @_ssdm_op_Read.ap_auto.float, i32 %mux_case_419653052_reload"   --->   Operation 131 'read' 'mux_case_419653052_reload_read' <Predicate = true> <Delay = 0.00>
ST_1 : Operation 132 [1/1] (0.00ns)   --->   "%mux_case_319633047_reload_read = read i32 @_ssdm_op_Read.ap_auto.float, i32 %mux_case_319633047_reload"   --->   Operation 132 'read' 'mux_case_319633047_reload_read' <Predicate = true> <Delay = 0.00>
ST_1 : Operation 133 [1/1] (0.00ns)   --->   "%mux_case_219613042_reload_read = read i32 @_ssdm_op_Read.ap_auto.float, i32 %mux_case_219613042_reload"   --->   Operation 133 'read' 'mux_case_219613042_reload_read' <Predicate = true> <Delay = 0.00>
ST_1 : Operation 134 [1/1] (0.00ns)   --->   "%mux_case_119593037_reload_read = read i32 @_ssdm_op_Read.ap_auto.float, i32 %mux_case_119593037_reload"   --->   Operation 134 'read' 'mux_case_119593037_reload_read' <Predicate = true> <Delay = 0.00>
ST_1 : Operation 135 [1/1] (0.00ns)   --->   "%mux_case_019573031_reload_read = read i32 @_ssdm_op_Read.ap_auto.float, i32 %mux_case_019573031_reload"   --->   Operation 135 'read' 'mux_case_019573031_reload_read' <Predicate = true> <Delay = 0.00>
ST_1 : Operation 136 [1/1] (0.00ns)   --->   "%mux_case_519553027_reload_read = read i32 @_ssdm_op_Read.ap_auto.float, i32 %mux_case_519553027_reload"   --->   Operation 136 'read' 'mux_case_519553027_reload_read' <Predicate = true> <Delay = 0.00>
ST_1 : Operation 137 [1/1] (0.00ns)   --->   "%mux_case_419533022_reload_read = read i32 @_ssdm_op_Read.ap_auto.float, i32 %mux_case_419533022_reload"   --->   Operation 137 'read' 'mux_case_419533022_reload_read' <Predicate = true> <Delay = 0.00>
ST_1 : Operation 138 [1/1] (0.00ns)   --->   "%mux_case_319513017_reload_read = read i32 @_ssdm_op_Read.ap_auto.float, i32 %mux_case_319513017_reload"   --->   Operation 138 'read' 'mux_case_319513017_reload_read' <Predicate = true> <Delay = 0.00>
ST_1 : Operation 139 [1/1] (0.00ns)   --->   "%mux_case_219493012_reload_read = read i32 @_ssdm_op_Read.ap_auto.float, i32 %mux_case_219493012_reload"   --->   Operation 139 'read' 'mux_case_219493012_reload_read' <Predicate = true> <Delay = 0.00>
ST_1 : Operation 140 [1/1] (0.00ns)   --->   "%mux_case_119473007_reload_read = read i32 @_ssdm_op_Read.ap_auto.float, i32 %mux_case_119473007_reload"   --->   Operation 140 'read' 'mux_case_119473007_reload_read' <Predicate = true> <Delay = 0.00>
ST_1 : Operation 141 [1/1] (0.00ns)   --->   "%mux_case_019453001_reload_read = read i32 @_ssdm_op_Read.ap_auto.float, i32 %mux_case_019453001_reload"   --->   Operation 141 'read' 'mux_case_019453001_reload_read' <Predicate = true> <Delay = 0.00>
ST_1 : Operation 142 [1/1] (0.42ns)   --->   "%store_ln0 = store i6 0, i6 %indvar_flatten41"   --->   Operation 142 'store' 'store_ln0' <Predicate = true> <Delay = 0.42>
ST_1 : Operation 143 [1/1] (0.42ns)   --->   "%store_ln0 = store i3 0, i3 %i"   --->   Operation 143 'store' 'store_ln0' <Predicate = true> <Delay = 0.42>
ST_1 : Operation 144 [1/1] (0.42ns)   --->   "%store_ln0 = store i3 0, i3 %j"   --->   Operation 144 'store' 'store_ln0' <Predicate = true> <Delay = 0.42>
ST_1 : Operation 145 [1/1] (0.00ns)   --->   "%br_ln0 = br void %for.body8.i32.i"   --->   Operation 145 'br' 'br_ln0' <Predicate = true> <Delay = 0.00>
ST_1 : Operation 146 [1/1] (0.00ns)   --->   "%indvar_flatten41_load = load i6 %indvar_flatten41" [ekf_core.cpp:17->ekf_core.cpp:116->ekf_core.cpp:169]   --->   Operation 146 'load' 'indvar_flatten41_load' <Predicate = true> <Delay = 0.00>
ST_1 : Operation 147 [1/1] (0.78ns)   --->   "%icmp_ln17 = icmp_eq  i6 %indvar_flatten41_load, i6 36" [ekf_core.cpp:17->ekf_core.cpp:116->ekf_core.cpp:169]   --->   Operation 147 'icmp' 'icmp_ln17' <Predicate = true> <Delay = 0.78> <CoreInst = "Cmp">   --->   Core 9 'Cmp' <Latency = 0> <II = 1> <Delay = 0.78> <FuncUnit> <Opcode : 'icmp'> <InPorts = 2> <OutPorts = 1>
ST_1 : Operation 148 [1/1] (0.78ns)   --->   "%add_ln17 = add i6 %indvar_flatten41_load, i6 1" [ekf_core.cpp:17->ekf_core.cpp:116->ekf_core.cpp:169]   --->   Operation 148 'add' 'add_ln17' <Predicate = true> <Delay = 0.78> <CoreInst = "Adder">   --->   Core 1 'Adder' <Latency = 0> <II = 1> <Delay = 0.78> <FuncUnit> <Opcode : 'add' 'sub'> <InPorts = 2> <OutPorts = 1>
ST_1 : Operation 149 [1/1] (0.00ns)   --->   "%br_ln17 = br i1 %icmp_ln17, void %for.cond.cleanup3.i17.i58, void %for.body90.i.preheader.exitStub" [ekf_core.cpp:17->ekf_core.cpp:116->ekf_core.cpp:169]   --->   Operation 149 'br' 'br_ln17' <Predicate = true> <Delay = 0.00>
ST_1 : Operation 150 [1/1] (0.00ns)   --->   "%j_load = load i3 %j" [ekf_core.cpp:18->ekf_core.cpp:116->ekf_core.cpp:169]   --->   Operation 150 'load' 'j_load' <Predicate = (!icmp_ln17)> <Delay = 0.00>
ST_1 : Operation 151 [1/1] (0.00ns)   --->   "%i_load = load i3 %i" [ekf_core.cpp:17->ekf_core.cpp:116->ekf_core.cpp:169]   --->   Operation 151 'load' 'i_load' <Predicate = (!icmp_ln17)> <Delay = 0.00>
ST_1 : Operation 152 [1/1] (0.67ns)   --->   "%icmp_ln18 = icmp_eq  i3 %j_load, i3 6" [ekf_core.cpp:18->ekf_core.cpp:116->ekf_core.cpp:169]   --->   Operation 152 'icmp' 'icmp_ln18' <Predicate = (!icmp_ln17)> <Delay = 0.67> <CoreInst = "Cmp">   --->   Core 9 'Cmp' <Latency = 0> <II = 1> <Delay = 0.67> <FuncUnit> <Opcode : 'icmp'> <InPorts = 2> <OutPorts = 1>
ST_1 : Operation 153 [1/1] (0.20ns)   --->   "%select_ln17 = select i1 %icmp_ln18, i3 0, i3 %j_load" [ekf_core.cpp:17->ekf_core.cpp:116->ekf_core.cpp:169]   --->   Operation 153 'select' 'select_ln17' <Predicate = (!icmp_ln17)> <Delay = 0.20> <CoreInst = "Sel">   --->   Core 73 'Sel' <Latency = 0> <II = 1> <Delay = 0.20> <FuncUnit> <Opcode : 'select'> <InPorts = 3> <OutPorts = 1>
ST_1 : Operation 154 [1/1] (0.67ns)   --->   "%add_ln17_1 = add i3 %i_load, i3 1" [ekf_core.cpp:17->ekf_core.cpp:116->ekf_core.cpp:169]   --->   Operation 154 'add' 'add_ln17_1' <Predicate = (!icmp_ln17)> <Delay = 0.67> <CoreInst = "Adder">   --->   Core 1 'Adder' <Latency = 0> <II = 1> <Delay = 0.67> <FuncUnit> <Opcode : 'add' 'sub'> <InPorts = 2> <OutPorts = 1>
ST_1 : Operation 155 [1/1] (0.62ns)   --->   "%tmp_89_mid1 = mux i32 @_ssdm_op_Mux.ap_auto.6f32.i3, i32 %mux_case_019453001_reload_read, i32 %mux_case_119473007_reload_read, i32 %mux_case_219493012_reload_read, i32 %mux_case_319513017_reload_read, i32 %mux_case_419533022_reload_read, i32 %mux_case_519553027_reload_read, i3 %add_ln17_1" [ekf_core.cpp:17->ekf_core.cpp:116->ekf_core.cpp:169]   --->   Operation 155 'mux' 'tmp_89_mid1' <Predicate = (!icmp_ln17)> <Delay = 0.62> <CoreInst = "Multiplexer">   --->   Core 76 'Multiplexer' <Latency = 0> <II = 1> <Delay = 0.62> <FuncUnit> <Opcode : 'mux'> <InPorts = 2> <OutPorts = 1>
ST_1 : Operation 156 [1/1] (0.62ns)   --->   "%tmp_s = mux i32 @_ssdm_op_Mux.ap_auto.6f32.i3, i32 %mux_case_019453001_reload_read, i32 %mux_case_119473007_reload_read, i32 %mux_case_219493012_reload_read, i32 %mux_case_319513017_reload_read, i32 %mux_case_419533022_reload_read, i32 %mux_case_519553027_reload_read, i3 %i_load" [ekf_core.cpp:17->ekf_core.cpp:116->ekf_core.cpp:169]   --->   Operation 156 'mux' 'tmp_s' <Predicate = (!icmp_ln17)> <Delay = 0.62> <CoreInst = "Multiplexer">   --->   Core 76 'Multiplexer' <Latency = 0> <II = 1> <Delay = 0.62> <FuncUnit> <Opcode : 'mux'> <InPorts = 2> <OutPorts = 1>
ST_1 : Operation 157 [1/1] (0.44ns)   --->   "%select_ln17_1 = select i1 %icmp_ln18, i32 %tmp_89_mid1, i32 %tmp_s" [ekf_core.cpp:17->ekf_core.cpp:116->ekf_core.cpp:169]   --->   Operation 157 'select' 'select_ln17_1' <Predicate = (!icmp_ln17)> <Delay = 0.44> <CoreInst = "Sel">   --->   Core 73 'Sel' <Latency = 0> <II = 1> <Delay = 0.44> <FuncUnit> <Opcode : 'select'> <InPorts = 3> <OutPorts = 1>
ST_1 : Operation 158 [1/1] (0.20ns)   --->   "%select_ln17_7 = select i1 %icmp_ln18, i3 %add_ln17_1, i3 %i_load" [ekf_core.cpp:17->ekf_core.cpp:116->ekf_core.cpp:169]   --->   Operation 158 'select' 'select_ln17_7' <Predicate = (!icmp_ln17)> <Delay = 0.20> <CoreInst = "Sel">   --->   Core 73 'Sel' <Latency = 0> <II = 1> <Delay = 0.20> <FuncUnit> <Opcode : 'select'> <InPorts = 3> <OutPorts = 1>
ST_1 : Operation 159 [1/1] (0.62ns)   --->   "%tmp_25 = mux i32 @_ssdm_op_Mux.ap_auto.6f32.i3, i32 %At_reload_read, i32 %At_1_reload_read, i32 %At_2_reload_read, i32 %At_3_reload_read, i32 %At_4_reload_read, i32 %At_5_reload_read, i3 %select_ln17" [ekf_core.cpp:23->ekf_core.cpp:116->ekf_core.cpp:169]   --->   Operation 159 'mux' 'tmp_25' <Predicate = (!icmp_ln17)> <Delay = 0.62> <CoreInst = "Multiplexer">   --->   Core 76 'Multiplexer' <Latency = 0> <II = 1> <Delay = 0.62> <FuncUnit> <Opcode : 'mux'> <InPorts = 2> <OutPorts = 1>
ST_1 : Operation 160 [1/1] (0.73ns)   --->   "%switch_ln25 = switch i3 %select_ln17_7, void %arrayidx181.i36.i68.case.5, i3 0, void %arrayidx181.i36.i68.case.0, i3 1, void %arrayidx181.i36.i68.case.1, i3 2, void %arrayidx181.i36.i68.case.2, i3 3, void %arrayidx181.i36.i68.case.3, i3 4, void %arrayidx181.i36.i68.case.4" [ekf_core.cpp:25->ekf_core.cpp:116->ekf_core.cpp:169]   --->   Operation 160 'switch' 'switch_ln25' <Predicate = (!icmp_ln17)> <Delay = 0.73>
ST_1 : Operation 161 [1/1] (0.73ns)   --->   "%switch_ln25 = switch i3 %select_ln17, void %arrayidx181.i36.i68.case.52127, i3 0, void %arrayidx181.i36.i68.case.4.arrayidx181.i36.i68.exit_crit_edge74, i3 1, void %arrayidx181.i36.i68.case.12123, i3 2, void %arrayidx181.i36.i68.case.22124, i3 3, void %arrayidx181.i36.i68.case.32125, i3 4, void %arrayidx181.i36.i68.case.4.arrayidx181.i36.i68.exit_crit_edge" [ekf_core.cpp:25->ekf_core.cpp:116->ekf_core.cpp:169]   --->   Operation 161 'switch' 'switch_ln25' <Predicate = (!icmp_ln17 & select_ln17_7 == 4)> <Delay = 0.73>
ST_1 : Operation 162 [1/1] (0.73ns)   --->   "%switch_ln25 = switch i3 %select_ln17, void %arrayidx181.i36.i68.case.52119, i3 0, void %arrayidx181.i36.i68.case.3.arrayidx181.i36.i68.exit_crit_edge75, i3 1, void %arrayidx181.i36.i68.case.12115, i3 2, void %arrayidx181.i36.i68.case.22116, i3 3, void %arrayidx181.i36.i68.case.32117, i3 4, void %arrayidx181.i36.i68.case.3.arrayidx181.i36.i68.exit_crit_edge" [ekf_core.cpp:25->ekf_core.cpp:116->ekf_core.cpp:169]   --->   Operation 162 'switch' 'switch_ln25' <Predicate = (!icmp_ln17 & select_ln17_7 == 3)> <Delay = 0.73>
ST_1 : Operation 163 [1/1] (0.73ns)   --->   "%switch_ln25 = switch i3 %select_ln17, void %arrayidx181.i36.i68.case.52111, i3 0, void %arrayidx181.i36.i68.case.2.arrayidx181.i36.i68.exit_crit_edge76, i3 1, void %arrayidx181.i36.i68.case.12107, i3 2, void %arrayidx181.i36.i68.case.22108, i3 3, void %arrayidx181.i36.i68.case.32109, i3 4, void %arrayidx181.i36.i68.case.2.arrayidx181.i36.i68.exit_crit_edge" [ekf_core.cpp:25->ekf_core.cpp:116->ekf_core.cpp:169]   --->   Operation 163 'switch' 'switch_ln25' <Predicate = (!icmp_ln17 & select_ln17_7 == 2)> <Delay = 0.73>
ST_1 : Operation 164 [1/1] (0.73ns)   --->   "%switch_ln25 = switch i3 %select_ln17, void %arrayidx181.i36.i68.case.52103, i3 0, void %arrayidx181.i36.i68.case.1.arrayidx181.i36.i68.exit_crit_edge77, i3 1, void %arrayidx181.i36.i68.case.12099, i3 2, void %arrayidx181.i36.i68.case.22100, i3 3, void %arrayidx181.i36.i68.case.32101, i3 4, void %arrayidx181.i36.i68.case.1.arrayidx181.i36.i68.exit_crit_edge" [ekf_core.cpp:25->ekf_core.cpp:116->ekf_core.cpp:169]   --->   Operation 164 'switch' 'switch_ln25' <Predicate = (!icmp_ln17 & select_ln17_7 == 1)> <Delay = 0.73>
ST_1 : Operation 165 [1/1] (0.73ns)   --->   "%switch_ln25 = switch i3 %select_ln17, void %arrayidx181.i36.i68.case.52095, i3 0, void %arrayidx181.i36.i68.case.0.arrayidx181.i36.i68.exit_crit_edge78, i3 1, void %arrayidx181.i36.i68.case.12091, i3 2, void %arrayidx181.i36.i68.case.22092, i3 3, void %arrayidx181.i36.i68.case.32093, i3 4, void %arrayidx181.i36.i68.case.0.arrayidx181.i36.i68.exit_crit_edge" [ekf_core.cpp:25->ekf_core.cpp:116->ekf_core.cpp:169]   --->   Operation 165 'switch' 'switch_ln25' <Predicate = (!icmp_ln17 & select_ln17_7 == 0)> <Delay = 0.73>
ST_1 : Operation 166 [1/1] (0.73ns)   --->   "%switch_ln25 = switch i3 %select_ln17, void %arrayidx181.i36.i68.case.52135, i3 0, void %arrayidx181.i36.i68.case.5.arrayidx181.i36.i68.exit_crit_edge73, i3 1, void %arrayidx181.i36.i68.case.12131, i3 2, void %arrayidx181.i36.i68.case.22132, i3 3, void %arrayidx181.i36.i68.case.32133, i3 4, void %arrayidx181.i36.i68.case.5.arrayidx181.i36.i68.exit_crit_edge" [ekf_core.cpp:25->ekf_core.cpp:116->ekf_core.cpp:169]   --->   Operation 166 'switch' 'switch_ln25' <Predicate = (!icmp_ln17 & select_ln17_7 != 0 & select_ln17_7 != 1 & select_ln17_7 != 2 & select_ln17_7 != 3 & select_ln17_7 != 4)> <Delay = 0.73>
ST_1 : Operation 167 [1/1] (0.67ns)   --->   "%add_ln18 = add i3 %select_ln17, i3 1" [ekf_core.cpp:18->ekf_core.cpp:116->ekf_core.cpp:169]   --->   Operation 167 'add' 'add_ln18' <Predicate = (!icmp_ln17)> <Delay = 0.67> <CoreInst = "Adder">   --->   Core 1 'Adder' <Latency = 0> <II = 1> <Delay = 0.67> <FuncUnit> <Opcode : 'add' 'sub'> <InPorts = 2> <OutPorts = 1>
ST_1 : Operation 168 [1/1] (0.42ns)   --->   "%store_ln18 = store i6 %add_ln17, i6 %indvar_flatten41" [ekf_core.cpp:18->ekf_core.cpp:116->ekf_core.cpp:169]   --->   Operation 168 'store' 'store_ln18' <Predicate = (!icmp_ln17)> <Delay = 0.42>
ST_1 : Operation 169 [1/1] (0.42ns)   --->   "%store_ln18 = store i3 %select_ln17_7, i3 %i" [ekf_core.cpp:18->ekf_core.cpp:116->ekf_core.cpp:169]   --->   Operation 169 'store' 'store_ln18' <Predicate = (!icmp_ln17)> <Delay = 0.42>
ST_1 : Operation 170 [1/1] (0.42ns)   --->   "%store_ln18 = store i3 %add_ln18, i3 %j" [ekf_core.cpp:18->ekf_core.cpp:116->ekf_core.cpp:169]   --->   Operation 170 'store' 'store_ln18' <Predicate = (!icmp_ln17)> <Delay = 0.42>
ST_1 : Operation 171 [1/1] (0.00ns)   --->   "%br_ln18 = br void %for.body8.i32.i" [ekf_core.cpp:18->ekf_core.cpp:116->ekf_core.cpp:169]   --->   Operation 171 'br' 'br_ln18' <Predicate = (!icmp_ln17)> <Delay = 0.00>

State 2 <SV = 1> <Delay = 7.01>
ST_2 : [1/1] (0.96ns)   --->   Input mux for Operation 172 '%mul_i30_i = fmul i32 %select_ln17_1, i32 %tmp_25'
ST_2 : Operation 172 [3/3] (6.04ns)   --->   "%mul_i30_i = fmul i32 %select_ln17_1, i32 %tmp_25" [ekf_core.cpp:23->ekf_core.cpp:116->ekf_core.cpp:169]   --->   Operation 172 'fmul' 'mul_i30_i' <Predicate = true> <Delay = 6.04> <CoreInst = "FMul_maxdsp">   --->   Core 30 'FMul_maxdsp' <Latency = 2> <II = 1> <Delay = 7.01> <FuncUnit> <Opcode : 'fmul'> <InPorts = 2> <OutPorts = 1>

State 3 <SV = 2> <Delay = 7.01>
ST_3 : Operation 173 [2/3] (7.01ns)   --->   "%mul_i30_i = fmul i32 %select_ln17_1, i32 %tmp_25" [ekf_core.cpp:23->ekf_core.cpp:116->ekf_core.cpp:169]   --->   Operation 173 'fmul' 'mul_i30_i' <Predicate = true> <Delay = 7.01> <CoreInst = "FMul_maxdsp">   --->   Core 30 'FMul_maxdsp' <Latency = 2> <II = 1> <Delay = 7.01> <FuncUnit> <Opcode : 'fmul'> <InPorts = 2> <OutPorts = 1>

State 4 <SV = 3> <Delay = 7.01>
ST_4 : Operation 174 [1/3] (7.01ns)   --->   "%mul_i30_i = fmul i32 %select_ln17_1, i32 %tmp_25" [ekf_core.cpp:23->ekf_core.cpp:116->ekf_core.cpp:169]   --->   Operation 174 'fmul' 'mul_i30_i' <Predicate = true> <Delay = 7.01> <CoreInst = "FMul_maxdsp">   --->   Core 30 'FMul_maxdsp' <Latency = 2> <II = 1> <Delay = 7.01> <FuncUnit> <Opcode : 'fmul'> <InPorts = 2> <OutPorts = 1>

State 5 <SV = 4> <Delay = 6.43>
ST_5 : Operation 175 [1/1] (0.62ns)   --->   "%tmp_90_mid1 = mux i32 @_ssdm_op_Mux.ap_auto.6f32.i3, i32 %mux_case_019573031_reload_read, i32 %mux_case_119593037_reload_read, i32 %mux_case_219613042_reload_read, i32 %mux_case_319633047_reload_read, i32 %mux_case_419653052_reload_read, i32 %mux_case_519673057_reload_read, i3 %add_ln17_1" [ekf_core.cpp:17->ekf_core.cpp:116->ekf_core.cpp:169]   --->   Operation 175 'mux' 'tmp_90_mid1' <Predicate = (icmp_ln18)> <Delay = 0.62> <CoreInst = "Multiplexer">   --->   Core 76 'Multiplexer' <Latency = 0> <II = 1> <Delay = 0.62> <FuncUnit> <Opcode : 'mux'> <InPorts = 2> <OutPorts = 1>
ST_5 : Operation 176 [1/1] (0.62ns)   --->   "%tmp_20 = mux i32 @_ssdm_op_Mux.ap_auto.6f32.i3, i32 %mux_case_019573031_reload_read, i32 %mux_case_119593037_reload_read, i32 %mux_case_219613042_reload_read, i32 %mux_case_319633047_reload_read, i32 %mux_case_419653052_reload_read, i32 %mux_case_519673057_reload_read, i3 %i_load" [ekf_core.cpp:17->ekf_core.cpp:116->ekf_core.cpp:169]   --->   Operation 176 'mux' 'tmp_20' <Predicate = (!icmp_ln18)> <Delay = 0.62> <CoreInst = "Multiplexer">   --->   Core 76 'Multiplexer' <Latency = 0> <II = 1> <Delay = 0.62> <FuncUnit> <Opcode : 'mux'> <InPorts = 2> <OutPorts = 1>
ST_5 : Operation 177 [1/1] (0.44ns)   --->   "%select_ln17_2 = select i1 %icmp_ln18, i32 %tmp_90_mid1, i32 %tmp_20" [ekf_core.cpp:17->ekf_core.cpp:116->ekf_core.cpp:169]   --->   Operation 177 'select' 'select_ln17_2' <Predicate = true> <Delay = 0.44> <CoreInst = "Sel">   --->   Core 73 'Sel' <Latency = 0> <II = 1> <Delay = 0.44> <FuncUnit> <Opcode : 'select'> <InPorts = 3> <OutPorts = 1>
ST_5 : [1/1] (1.04ns)   --->   Input mux for Operation 178 '%acc_48 = fadd i32 %mul_i30_i, i32 0'
ST_5 : Operation 178 [4/4] (5.38ns)   --->   "%acc_48 = fadd i32 %mul_i30_i, i32 0" [ekf_core.cpp:23->ekf_core.cpp:116->ekf_core.cpp:169]   --->   Operation 178 'fadd' 'acc_48' <Predicate = true> <Delay = 5.38> <CoreInst = "FAddSub_fulldsp">   --->   Core 18 'FAddSub_fulldsp' <Latency = 3> <II = 1> <Delay = 6.43> <FuncUnit> <Opcode : 'fadd' 'fsub'> <InPorts = 2> <OutPorts = 1>
ST_5 : Operation 179 [1/1] (0.62ns)   --->   "%tmp_26 = mux i32 @_ssdm_op_Mux.ap_auto.6f32.i3, i32 %At_6_reload_read, i32 %At_7_reload_read, i32 %At_8_reload_read, i32 %At_9_reload_read, i32 %At_10_reload_read, i32 %At_11_reload_read, i3 %select_ln17" [ekf_core.cpp:23->ekf_core.cpp:116->ekf_core.cpp:169]   --->   Operation 179 'mux' 'tmp_26' <Predicate = true> <Delay = 0.62> <CoreInst = "Multiplexer">   --->   Core 76 'Multiplexer' <Latency = 0> <II = 1> <Delay = 0.62> <FuncUnit> <Opcode : 'mux'> <InPorts = 2> <OutPorts = 1>

State 6 <SV = 5> <Delay = 7.01>
ST_6 : Operation 180 [3/4] (6.43ns)   --->   "%acc_48 = fadd i32 %mul_i30_i, i32 0" [ekf_core.cpp:23->ekf_core.cpp:116->ekf_core.cpp:169]   --->   Operation 180 'fadd' 'acc_48' <Predicate = true> <Delay = 6.43> <CoreInst = "FAddSub_fulldsp">   --->   Core 18 'FAddSub_fulldsp' <Latency = 3> <II = 1> <Delay = 6.43> <FuncUnit> <Opcode : 'fadd' 'fsub'> <InPorts = 2> <OutPorts = 1>
ST_6 : [1/1] (0.96ns)   --->   Input mux for Operation 181 '%mul_i30_i_1 = fmul i32 %select_ln17_2, i32 %tmp_26'
ST_6 : Operation 181 [3/3] (6.04ns)   --->   "%mul_i30_i_1 = fmul i32 %select_ln17_2, i32 %tmp_26" [ekf_core.cpp:23->ekf_core.cpp:116->ekf_core.cpp:169]   --->   Operation 181 'fmul' 'mul_i30_i_1' <Predicate = true> <Delay = 6.04> <CoreInst = "FMul_maxdsp">   --->   Core 30 'FMul_maxdsp' <Latency = 2> <II = 1> <Delay = 7.01> <FuncUnit> <Opcode : 'fmul'> <InPorts = 2> <OutPorts = 1>

State 7 <SV = 6> <Delay = 7.01>
ST_7 : Operation 182 [2/4] (6.43ns)   --->   "%acc_48 = fadd i32 %mul_i30_i, i32 0" [ekf_core.cpp:23->ekf_core.cpp:116->ekf_core.cpp:169]   --->   Operation 182 'fadd' 'acc_48' <Predicate = true> <Delay = 6.43> <CoreInst = "FAddSub_fulldsp">   --->   Core 18 'FAddSub_fulldsp' <Latency = 3> <II = 1> <Delay = 6.43> <FuncUnit> <Opcode : 'fadd' 'fsub'> <InPorts = 2> <OutPorts = 1>
ST_7 : Operation 183 [2/3] (7.01ns)   --->   "%mul_i30_i_1 = fmul i32 %select_ln17_2, i32 %tmp_26" [ekf_core.cpp:23->ekf_core.cpp:116->ekf_core.cpp:169]   --->   Operation 183 'fmul' 'mul_i30_i_1' <Predicate = true> <Delay = 7.01> <CoreInst = "FMul_maxdsp">   --->   Core 30 'FMul_maxdsp' <Latency = 2> <II = 1> <Delay = 7.01> <FuncUnit> <Opcode : 'fmul'> <InPorts = 2> <OutPorts = 1>

State 8 <SV = 7> <Delay = 7.01>
ST_8 : Operation 184 [1/4] (6.43ns)   --->   "%acc_48 = fadd i32 %mul_i30_i, i32 0" [ekf_core.cpp:23->ekf_core.cpp:116->ekf_core.cpp:169]   --->   Operation 184 'fadd' 'acc_48' <Predicate = true> <Delay = 6.43> <CoreInst = "FAddSub_fulldsp">   --->   Core 18 'FAddSub_fulldsp' <Latency = 3> <II = 1> <Delay = 6.43> <FuncUnit> <Opcode : 'fadd' 'fsub'> <InPorts = 2> <OutPorts = 1>
ST_8 : Operation 185 [1/3] (7.01ns)   --->   "%mul_i30_i_1 = fmul i32 %select_ln17_2, i32 %tmp_26" [ekf_core.cpp:23->ekf_core.cpp:116->ekf_core.cpp:169]   --->   Operation 185 'fmul' 'mul_i30_i_1' <Predicate = true> <Delay = 7.01> <CoreInst = "FMul_maxdsp">   --->   Core 30 'FMul_maxdsp' <Latency = 2> <II = 1> <Delay = 7.01> <FuncUnit> <Opcode : 'fmul'> <InPorts = 2> <OutPorts = 1>

State 9 <SV = 8> <Delay = 6.43>
ST_9 : Operation 186 [1/1] (0.62ns)   --->   "%tmp_91_mid1 = mux i32 @_ssdm_op_Mux.ap_auto.6f32.i3, i32 %mux_case_019693061_reload_read, i32 %mux_case_119713067_reload_read, i32 %mux_case_219733072_reload_read, i32 %mux_case_319753077_reload_read, i32 %mux_case_419773082_reload_read, i32 %mux_case_519793087_reload_read, i3 %add_ln17_1" [ekf_core.cpp:17->ekf_core.cpp:116->ekf_core.cpp:169]   --->   Operation 186 'mux' 'tmp_91_mid1' <Predicate = (icmp_ln18)> <Delay = 0.62> <CoreInst = "Multiplexer">   --->   Core 76 'Multiplexer' <Latency = 0> <II = 1> <Delay = 0.62> <FuncUnit> <Opcode : 'mux'> <InPorts = 2> <OutPorts = 1>
ST_9 : Operation 187 [1/1] (0.62ns)   --->   "%tmp_21 = mux i32 @_ssdm_op_Mux.ap_auto.6f32.i3, i32 %mux_case_019693061_reload_read, i32 %mux_case_119713067_reload_read, i32 %mux_case_219733072_reload_read, i32 %mux_case_319753077_reload_read, i32 %mux_case_419773082_reload_read, i32 %mux_case_519793087_reload_read, i3 %i_load" [ekf_core.cpp:17->ekf_core.cpp:116->ekf_core.cpp:169]   --->   Operation 187 'mux' 'tmp_21' <Predicate = (!icmp_ln18)> <Delay = 0.62> <CoreInst = "Multiplexer">   --->   Core 76 'Multiplexer' <Latency = 0> <II = 1> <Delay = 0.62> <FuncUnit> <Opcode : 'mux'> <InPorts = 2> <OutPorts = 1>
ST_9 : Operation 188 [1/1] (0.44ns)   --->   "%select_ln17_3 = select i1 %icmp_ln18, i32 %tmp_91_mid1, i32 %tmp_21" [ekf_core.cpp:17->ekf_core.cpp:116->ekf_core.cpp:169]   --->   Operation 188 'select' 'select_ln17_3' <Predicate = true> <Delay = 0.44> <CoreInst = "Sel">   --->   Core 73 'Sel' <Latency = 0> <II = 1> <Delay = 0.44> <FuncUnit> <Opcode : 'select'> <InPorts = 3> <OutPorts = 1>
ST_9 : [1/1] (1.04ns)   --->   Input mux for Operation 189 '%acc_49 = fadd i32 %acc_48, i32 %mul_i30_i_1'
ST_9 : Operation 189 [4/4] (5.38ns)   --->   "%acc_49 = fadd i32 %acc_48, i32 %mul_i30_i_1" [ekf_core.cpp:23->ekf_core.cpp:116->ekf_core.cpp:169]   --->   Operation 189 'fadd' 'acc_49' <Predicate = true> <Delay = 5.38> <CoreInst = "FAddSub_fulldsp">   --->   Core 18 'FAddSub_fulldsp' <Latency = 3> <II = 1> <Delay = 6.43> <FuncUnit> <Opcode : 'fadd' 'fsub'> <InPorts = 2> <OutPorts = 1>
ST_9 : Operation 190 [1/1] (0.62ns)   --->   "%tmp_27 = mux i32 @_ssdm_op_Mux.ap_auto.6f32.i3, i32 %At_12_reload_read, i32 %At_13_reload_read, i32 %At_14_reload_read, i32 %At_15_reload_read, i32 %At_16_reload_read, i32 %At_17_reload_read, i3 %select_ln17" [ekf_core.cpp:23->ekf_core.cpp:116->ekf_core.cpp:169]   --->   Operation 190 'mux' 'tmp_27' <Predicate = true> <Delay = 0.62> <CoreInst = "Multiplexer">   --->   Core 76 'Multiplexer' <Latency = 0> <II = 1> <Delay = 0.62> <FuncUnit> <Opcode : 'mux'> <InPorts = 2> <OutPorts = 1>

State 10 <SV = 9> <Delay = 7.01>
ST_10 : Operation 191 [3/4] (6.43ns)   --->   "%acc_49 = fadd i32 %acc_48, i32 %mul_i30_i_1" [ekf_core.cpp:23->ekf_core.cpp:116->ekf_core.cpp:169]   --->   Operation 191 'fadd' 'acc_49' <Predicate = true> <Delay = 6.43> <CoreInst = "FAddSub_fulldsp">   --->   Core 18 'FAddSub_fulldsp' <Latency = 3> <II = 1> <Delay = 6.43> <FuncUnit> <Opcode : 'fadd' 'fsub'> <InPorts = 2> <OutPorts = 1>
ST_10 : [1/1] (0.96ns)   --->   Input mux for Operation 192 '%mul_i30_i_2 = fmul i32 %select_ln17_3, i32 %tmp_27'
ST_10 : Operation 192 [3/3] (6.04ns)   --->   "%mul_i30_i_2 = fmul i32 %select_ln17_3, i32 %tmp_27" [ekf_core.cpp:23->ekf_core.cpp:116->ekf_core.cpp:169]   --->   Operation 192 'fmul' 'mul_i30_i_2' <Predicate = true> <Delay = 6.04> <CoreInst = "FMul_maxdsp">   --->   Core 30 'FMul_maxdsp' <Latency = 2> <II = 1> <Delay = 7.01> <FuncUnit> <Opcode : 'fmul'> <InPorts = 2> <OutPorts = 1>

State 11 <SV = 10> <Delay = 7.01>
ST_11 : Operation 193 [2/4] (6.43ns)   --->   "%acc_49 = fadd i32 %acc_48, i32 %mul_i30_i_1" [ekf_core.cpp:23->ekf_core.cpp:116->ekf_core.cpp:169]   --->   Operation 193 'fadd' 'acc_49' <Predicate = true> <Delay = 6.43> <CoreInst = "FAddSub_fulldsp">   --->   Core 18 'FAddSub_fulldsp' <Latency = 3> <II = 1> <Delay = 6.43> <FuncUnit> <Opcode : 'fadd' 'fsub'> <InPorts = 2> <OutPorts = 1>
ST_11 : Operation 194 [2/3] (7.01ns)   --->   "%mul_i30_i_2 = fmul i32 %select_ln17_3, i32 %tmp_27" [ekf_core.cpp:23->ekf_core.cpp:116->ekf_core.cpp:169]   --->   Operation 194 'fmul' 'mul_i30_i_2' <Predicate = true> <Delay = 7.01> <CoreInst = "FMul_maxdsp">   --->   Core 30 'FMul_maxdsp' <Latency = 2> <II = 1> <Delay = 7.01> <FuncUnit> <Opcode : 'fmul'> <InPorts = 2> <OutPorts = 1>

State 12 <SV = 11> <Delay = 7.01>
ST_12 : Operation 195 [1/4] (6.43ns)   --->   "%acc_49 = fadd i32 %acc_48, i32 %mul_i30_i_1" [ekf_core.cpp:23->ekf_core.cpp:116->ekf_core.cpp:169]   --->   Operation 195 'fadd' 'acc_49' <Predicate = true> <Delay = 6.43> <CoreInst = "FAddSub_fulldsp">   --->   Core 18 'FAddSub_fulldsp' <Latency = 3> <II = 1> <Delay = 6.43> <FuncUnit> <Opcode : 'fadd' 'fsub'> <InPorts = 2> <OutPorts = 1>
ST_12 : Operation 196 [1/3] (7.01ns)   --->   "%mul_i30_i_2 = fmul i32 %select_ln17_3, i32 %tmp_27" [ekf_core.cpp:23->ekf_core.cpp:116->ekf_core.cpp:169]   --->   Operation 196 'fmul' 'mul_i30_i_2' <Predicate = true> <Delay = 7.01> <CoreInst = "FMul_maxdsp">   --->   Core 30 'FMul_maxdsp' <Latency = 2> <II = 1> <Delay = 7.01> <FuncUnit> <Opcode : 'fmul'> <InPorts = 2> <OutPorts = 1>

State 13 <SV = 12> <Delay = 6.43>
ST_13 : Operation 197 [1/1] (0.62ns)   --->   "%tmp_92_mid1 = mux i32 @_ssdm_op_Mux.ap_auto.6f32.i3, i32 %mux_case_019813091_reload_read, i32 %mux_case_119833097_reload_read, i32 %mux_case_219853102_reload_read, i32 %mux_case_319873107_reload_read, i32 %mux_case_419893112_reload_read, i32 %mux_case_519913117_reload_read, i3 %add_ln17_1" [ekf_core.cpp:17->ekf_core.cpp:116->ekf_core.cpp:169]   --->   Operation 197 'mux' 'tmp_92_mid1' <Predicate = (icmp_ln18)> <Delay = 0.62> <CoreInst = "Multiplexer">   --->   Core 76 'Multiplexer' <Latency = 0> <II = 1> <Delay = 0.62> <FuncUnit> <Opcode : 'mux'> <InPorts = 2> <OutPorts = 1>
ST_13 : Operation 198 [1/1] (0.62ns)   --->   "%tmp_22 = mux i32 @_ssdm_op_Mux.ap_auto.6f32.i3, i32 %mux_case_019813091_reload_read, i32 %mux_case_119833097_reload_read, i32 %mux_case_219853102_reload_read, i32 %mux_case_319873107_reload_read, i32 %mux_case_419893112_reload_read, i32 %mux_case_519913117_reload_read, i3 %i_load" [ekf_core.cpp:17->ekf_core.cpp:116->ekf_core.cpp:169]   --->   Operation 198 'mux' 'tmp_22' <Predicate = (!icmp_ln18)> <Delay = 0.62> <CoreInst = "Multiplexer">   --->   Core 76 'Multiplexer' <Latency = 0> <II = 1> <Delay = 0.62> <FuncUnit> <Opcode : 'mux'> <InPorts = 2> <OutPorts = 1>
ST_13 : Operation 199 [1/1] (0.44ns)   --->   "%select_ln17_4 = select i1 %icmp_ln18, i32 %tmp_92_mid1, i32 %tmp_22" [ekf_core.cpp:17->ekf_core.cpp:116->ekf_core.cpp:169]   --->   Operation 199 'select' 'select_ln17_4' <Predicate = true> <Delay = 0.44> <CoreInst = "Sel">   --->   Core 73 'Sel' <Latency = 0> <II = 1> <Delay = 0.44> <FuncUnit> <Opcode : 'select'> <InPorts = 3> <OutPorts = 1>
ST_13 : [1/1] (1.04ns)   --->   Input mux for Operation 200 '%acc_50 = fadd i32 %acc_49, i32 %mul_i30_i_2'
ST_13 : Operation 200 [4/4] (5.38ns)   --->   "%acc_50 = fadd i32 %acc_49, i32 %mul_i30_i_2" [ekf_core.cpp:23->ekf_core.cpp:116->ekf_core.cpp:169]   --->   Operation 200 'fadd' 'acc_50' <Predicate = true> <Delay = 5.38> <CoreInst = "FAddSub_fulldsp">   --->   Core 18 'FAddSub_fulldsp' <Latency = 3> <II = 1> <Delay = 6.43> <FuncUnit> <Opcode : 'fadd' 'fsub'> <InPorts = 2> <OutPorts = 1>
ST_13 : Operation 201 [1/1] (0.62ns)   --->   "%tmp_28 = mux i32 @_ssdm_op_Mux.ap_auto.6f32.i3, i32 %At_18_reload_read, i32 %At_19_reload_read, i32 %At_20_reload_read, i32 %At_21_reload_read, i32 %At_22_reload_read, i32 %At_23_reload_read, i3 %select_ln17" [ekf_core.cpp:23->ekf_core.cpp:116->ekf_core.cpp:169]   --->   Operation 201 'mux' 'tmp_28' <Predicate = true> <Delay = 0.62> <CoreInst = "Multiplexer">   --->   Core 76 'Multiplexer' <Latency = 0> <II = 1> <Delay = 0.62> <FuncUnit> <Opcode : 'mux'> <InPorts = 2> <OutPorts = 1>

State 14 <SV = 13> <Delay = 7.01>
ST_14 : Operation 202 [3/4] (6.43ns)   --->   "%acc_50 = fadd i32 %acc_49, i32 %mul_i30_i_2" [ekf_core.cpp:23->ekf_core.cpp:116->ekf_core.cpp:169]   --->   Operation 202 'fadd' 'acc_50' <Predicate = true> <Delay = 6.43> <CoreInst = "FAddSub_fulldsp">   --->   Core 18 'FAddSub_fulldsp' <Latency = 3> <II = 1> <Delay = 6.43> <FuncUnit> <Opcode : 'fadd' 'fsub'> <InPorts = 2> <OutPorts = 1>
ST_14 : [1/1] (0.96ns)   --->   Input mux for Operation 203 '%mul_i30_i_3 = fmul i32 %select_ln17_4, i32 %tmp_28'
ST_14 : Operation 203 [3/3] (6.04ns)   --->   "%mul_i30_i_3 = fmul i32 %select_ln17_4, i32 %tmp_28" [ekf_core.cpp:23->ekf_core.cpp:116->ekf_core.cpp:169]   --->   Operation 203 'fmul' 'mul_i30_i_3' <Predicate = true> <Delay = 6.04> <CoreInst = "FMul_maxdsp">   --->   Core 30 'FMul_maxdsp' <Latency = 2> <II = 1> <Delay = 7.01> <FuncUnit> <Opcode : 'fmul'> <InPorts = 2> <OutPorts = 1>

State 15 <SV = 14> <Delay = 7.01>
ST_15 : Operation 204 [2/4] (6.43ns)   --->   "%acc_50 = fadd i32 %acc_49, i32 %mul_i30_i_2" [ekf_core.cpp:23->ekf_core.cpp:116->ekf_core.cpp:169]   --->   Operation 204 'fadd' 'acc_50' <Predicate = true> <Delay = 6.43> <CoreInst = "FAddSub_fulldsp">   --->   Core 18 'FAddSub_fulldsp' <Latency = 3> <II = 1> <Delay = 6.43> <FuncUnit> <Opcode : 'fadd' 'fsub'> <InPorts = 2> <OutPorts = 1>
ST_15 : Operation 205 [2/3] (7.01ns)   --->   "%mul_i30_i_3 = fmul i32 %select_ln17_4, i32 %tmp_28" [ekf_core.cpp:23->ekf_core.cpp:116->ekf_core.cpp:169]   --->   Operation 205 'fmul' 'mul_i30_i_3' <Predicate = true> <Delay = 7.01> <CoreInst = "FMul_maxdsp">   --->   Core 30 'FMul_maxdsp' <Latency = 2> <II = 1> <Delay = 7.01> <FuncUnit> <Opcode : 'fmul'> <InPorts = 2> <OutPorts = 1>

State 16 <SV = 15> <Delay = 7.01>
ST_16 : Operation 206 [1/4] (6.43ns)   --->   "%acc_50 = fadd i32 %acc_49, i32 %mul_i30_i_2" [ekf_core.cpp:23->ekf_core.cpp:116->ekf_core.cpp:169]   --->   Operation 206 'fadd' 'acc_50' <Predicate = true> <Delay = 6.43> <CoreInst = "FAddSub_fulldsp">   --->   Core 18 'FAddSub_fulldsp' <Latency = 3> <II = 1> <Delay = 6.43> <FuncUnit> <Opcode : 'fadd' 'fsub'> <InPorts = 2> <OutPorts = 1>
ST_16 : Operation 207 [1/3] (7.01ns)   --->   "%mul_i30_i_3 = fmul i32 %select_ln17_4, i32 %tmp_28" [ekf_core.cpp:23->ekf_core.cpp:116->ekf_core.cpp:169]   --->   Operation 207 'fmul' 'mul_i30_i_3' <Predicate = true> <Delay = 7.01> <CoreInst = "FMul_maxdsp">   --->   Core 30 'FMul_maxdsp' <Latency = 2> <II = 1> <Delay = 7.01> <FuncUnit> <Opcode : 'fmul'> <InPorts = 2> <OutPorts = 1>

State 17 <SV = 16> <Delay = 6.43>
ST_17 : Operation 208 [1/1] (0.62ns)   --->   "%tmp_93_mid1 = mux i32 @_ssdm_op_Mux.ap_auto.6f32.i3, i32 %mux_case_019933121_reload_read, i32 %mux_case_119953127_reload_read, i32 %mux_case_219973132_reload_read, i32 %mux_case_319993137_reload_read, i32 %mux_case_420013142_reload_read, i32 %mux_case_520033147_reload_read, i3 %add_ln17_1" [ekf_core.cpp:17->ekf_core.cpp:116->ekf_core.cpp:169]   --->   Operation 208 'mux' 'tmp_93_mid1' <Predicate = (icmp_ln18)> <Delay = 0.62> <CoreInst = "Multiplexer">   --->   Core 76 'Multiplexer' <Latency = 0> <II = 1> <Delay = 0.62> <FuncUnit> <Opcode : 'mux'> <InPorts = 2> <OutPorts = 1>
ST_17 : Operation 209 [1/1] (0.62ns)   --->   "%tmp_23 = mux i32 @_ssdm_op_Mux.ap_auto.6f32.i3, i32 %mux_case_019933121_reload_read, i32 %mux_case_119953127_reload_read, i32 %mux_case_219973132_reload_read, i32 %mux_case_319993137_reload_read, i32 %mux_case_420013142_reload_read, i32 %mux_case_520033147_reload_read, i3 %i_load" [ekf_core.cpp:17->ekf_core.cpp:116->ekf_core.cpp:169]   --->   Operation 209 'mux' 'tmp_23' <Predicate = (!icmp_ln18)> <Delay = 0.62> <CoreInst = "Multiplexer">   --->   Core 76 'Multiplexer' <Latency = 0> <II = 1> <Delay = 0.62> <FuncUnit> <Opcode : 'mux'> <InPorts = 2> <OutPorts = 1>
ST_17 : Operation 210 [1/1] (0.44ns)   --->   "%select_ln17_5 = select i1 %icmp_ln18, i32 %tmp_93_mid1, i32 %tmp_23" [ekf_core.cpp:17->ekf_core.cpp:116->ekf_core.cpp:169]   --->   Operation 210 'select' 'select_ln17_5' <Predicate = true> <Delay = 0.44> <CoreInst = "Sel">   --->   Core 73 'Sel' <Latency = 0> <II = 1> <Delay = 0.44> <FuncUnit> <Opcode : 'select'> <InPorts = 3> <OutPorts = 1>
ST_17 : [1/1] (1.04ns)   --->   Input mux for Operation 211 '%acc_51 = fadd i32 %acc_50, i32 %mul_i30_i_3'
ST_17 : Operation 211 [4/4] (5.38ns)   --->   "%acc_51 = fadd i32 %acc_50, i32 %mul_i30_i_3" [ekf_core.cpp:23->ekf_core.cpp:116->ekf_core.cpp:169]   --->   Operation 211 'fadd' 'acc_51' <Predicate = true> <Delay = 5.38> <CoreInst = "FAddSub_fulldsp">   --->   Core 18 'FAddSub_fulldsp' <Latency = 3> <II = 1> <Delay = 6.43> <FuncUnit> <Opcode : 'fadd' 'fsub'> <InPorts = 2> <OutPorts = 1>
ST_17 : Operation 212 [1/1] (0.62ns)   --->   "%tmp_29 = mux i32 @_ssdm_op_Mux.ap_auto.6f32.i3, i32 %At_24_reload_read, i32 %At_25_reload_read, i32 %At_26_reload_read, i32 %At_27_reload_read, i32 %At_28_reload_read, i32 %At_29_reload_read, i3 %select_ln17" [ekf_core.cpp:23->ekf_core.cpp:116->ekf_core.cpp:169]   --->   Operation 212 'mux' 'tmp_29' <Predicate = true> <Delay = 0.62> <CoreInst = "Multiplexer">   --->   Core 76 'Multiplexer' <Latency = 0> <II = 1> <Delay = 0.62> <FuncUnit> <Opcode : 'mux'> <InPorts = 2> <OutPorts = 1>

State 18 <SV = 17> <Delay = 7.01>
ST_18 : Operation 213 [3/4] (6.43ns)   --->   "%acc_51 = fadd i32 %acc_50, i32 %mul_i30_i_3" [ekf_core.cpp:23->ekf_core.cpp:116->ekf_core.cpp:169]   --->   Operation 213 'fadd' 'acc_51' <Predicate = true> <Delay = 6.43> <CoreInst = "FAddSub_fulldsp">   --->   Core 18 'FAddSub_fulldsp' <Latency = 3> <II = 1> <Delay = 6.43> <FuncUnit> <Opcode : 'fadd' 'fsub'> <InPorts = 2> <OutPorts = 1>
ST_18 : [1/1] (0.96ns)   --->   Input mux for Operation 214 '%mul_i30_i_4 = fmul i32 %select_ln17_5, i32 %tmp_29'
ST_18 : Operation 214 [3/3] (6.04ns)   --->   "%mul_i30_i_4 = fmul i32 %select_ln17_5, i32 %tmp_29" [ekf_core.cpp:23->ekf_core.cpp:116->ekf_core.cpp:169]   --->   Operation 214 'fmul' 'mul_i30_i_4' <Predicate = true> <Delay = 6.04> <CoreInst = "FMul_maxdsp">   --->   Core 30 'FMul_maxdsp' <Latency = 2> <II = 1> <Delay = 7.01> <FuncUnit> <Opcode : 'fmul'> <InPorts = 2> <OutPorts = 1>

State 19 <SV = 18> <Delay = 7.01>
ST_19 : Operation 215 [2/4] (6.43ns)   --->   "%acc_51 = fadd i32 %acc_50, i32 %mul_i30_i_3" [ekf_core.cpp:23->ekf_core.cpp:116->ekf_core.cpp:169]   --->   Operation 215 'fadd' 'acc_51' <Predicate = true> <Delay = 6.43> <CoreInst = "FAddSub_fulldsp">   --->   Core 18 'FAddSub_fulldsp' <Latency = 3> <II = 1> <Delay = 6.43> <FuncUnit> <Opcode : 'fadd' 'fsub'> <InPorts = 2> <OutPorts = 1>
ST_19 : Operation 216 [2/3] (7.01ns)   --->   "%mul_i30_i_4 = fmul i32 %select_ln17_5, i32 %tmp_29" [ekf_core.cpp:23->ekf_core.cpp:116->ekf_core.cpp:169]   --->   Operation 216 'fmul' 'mul_i30_i_4' <Predicate = true> <Delay = 7.01> <CoreInst = "FMul_maxdsp">   --->   Core 30 'FMul_maxdsp' <Latency = 2> <II = 1> <Delay = 7.01> <FuncUnit> <Opcode : 'fmul'> <InPorts = 2> <OutPorts = 1>

State 20 <SV = 19> <Delay = 7.01>
ST_20 : Operation 217 [1/4] (6.43ns)   --->   "%acc_51 = fadd i32 %acc_50, i32 %mul_i30_i_3" [ekf_core.cpp:23->ekf_core.cpp:116->ekf_core.cpp:169]   --->   Operation 217 'fadd' 'acc_51' <Predicate = true> <Delay = 6.43> <CoreInst = "FAddSub_fulldsp">   --->   Core 18 'FAddSub_fulldsp' <Latency = 3> <II = 1> <Delay = 6.43> <FuncUnit> <Opcode : 'fadd' 'fsub'> <InPorts = 2> <OutPorts = 1>
ST_20 : Operation 218 [1/3] (7.01ns)   --->   "%mul_i30_i_4 = fmul i32 %select_ln17_5, i32 %tmp_29" [ekf_core.cpp:23->ekf_core.cpp:116->ekf_core.cpp:169]   --->   Operation 218 'fmul' 'mul_i30_i_4' <Predicate = true> <Delay = 7.01> <CoreInst = "FMul_maxdsp">   --->   Core 30 'FMul_maxdsp' <Latency = 2> <II = 1> <Delay = 7.01> <FuncUnit> <Opcode : 'fmul'> <InPorts = 2> <OutPorts = 1>

State 21 <SV = 20> <Delay = 6.43>
ST_21 : Operation 219 [1/1] (0.62ns)   --->   "%tmp_94_mid1 = mux i32 @_ssdm_op_Mux.ap_auto.6f32.i3, i32 %mux_case_020053151_reload_read, i32 %mux_case_120073157_reload_read, i32 %mux_case_220093162_reload_read, i32 %mux_case_320113167_reload_read, i32 %mux_case_420133172_reload_read, i32 %mux_case_520153177_reload_read, i3 %add_ln17_1" [ekf_core.cpp:17->ekf_core.cpp:116->ekf_core.cpp:169]   --->   Operation 219 'mux' 'tmp_94_mid1' <Predicate = (icmp_ln18)> <Delay = 0.62> <CoreInst = "Multiplexer">   --->   Core 76 'Multiplexer' <Latency = 0> <II = 1> <Delay = 0.62> <FuncUnit> <Opcode : 'mux'> <InPorts = 2> <OutPorts = 1>
ST_21 : Operation 220 [1/1] (0.62ns)   --->   "%tmp_24 = mux i32 @_ssdm_op_Mux.ap_auto.6f32.i3, i32 %mux_case_020053151_reload_read, i32 %mux_case_120073157_reload_read, i32 %mux_case_220093162_reload_read, i32 %mux_case_320113167_reload_read, i32 %mux_case_420133172_reload_read, i32 %mux_case_520153177_reload_read, i3 %i_load" [ekf_core.cpp:17->ekf_core.cpp:116->ekf_core.cpp:169]   --->   Operation 220 'mux' 'tmp_24' <Predicate = (!icmp_ln18)> <Delay = 0.62> <CoreInst = "Multiplexer">   --->   Core 76 'Multiplexer' <Latency = 0> <II = 1> <Delay = 0.62> <FuncUnit> <Opcode : 'mux'> <InPorts = 2> <OutPorts = 1>
ST_21 : Operation 221 [1/1] (0.44ns)   --->   "%select_ln17_6 = select i1 %icmp_ln18, i32 %tmp_94_mid1, i32 %tmp_24" [ekf_core.cpp:17->ekf_core.cpp:116->ekf_core.cpp:169]   --->   Operation 221 'select' 'select_ln17_6' <Predicate = true> <Delay = 0.44> <CoreInst = "Sel">   --->   Core 73 'Sel' <Latency = 0> <II = 1> <Delay = 0.44> <FuncUnit> <Opcode : 'select'> <InPorts = 3> <OutPorts = 1>
ST_21 : [1/1] (1.04ns)   --->   Input mux for Operation 222 '%acc_52 = fadd i32 %acc_51, i32 %mul_i30_i_4'
ST_21 : Operation 222 [4/4] (5.38ns)   --->   "%acc_52 = fadd i32 %acc_51, i32 %mul_i30_i_4" [ekf_core.cpp:23->ekf_core.cpp:116->ekf_core.cpp:169]   --->   Operation 222 'fadd' 'acc_52' <Predicate = true> <Delay = 5.38> <CoreInst = "FAddSub_fulldsp">   --->   Core 18 'FAddSub_fulldsp' <Latency = 3> <II = 1> <Delay = 6.43> <FuncUnit> <Opcode : 'fadd' 'fsub'> <InPorts = 2> <OutPorts = 1>
ST_21 : Operation 223 [1/1] (0.62ns)   --->   "%tmp_30 = mux i32 @_ssdm_op_Mux.ap_auto.6f32.i3, i32 %At_30_reload_read, i32 %At_31_reload_read, i32 %At_32_reload_read, i32 %At_33_reload_read, i32 %At_34_reload_read, i32 %At_35_reload_read, i3 %select_ln17" [ekf_core.cpp:23->ekf_core.cpp:116->ekf_core.cpp:169]   --->   Operation 223 'mux' 'tmp_30' <Predicate = true> <Delay = 0.62> <CoreInst = "Multiplexer">   --->   Core 76 'Multiplexer' <Latency = 0> <II = 1> <Delay = 0.62> <FuncUnit> <Opcode : 'mux'> <InPorts = 2> <OutPorts = 1>

State 22 <SV = 21> <Delay = 7.01>
ST_22 : Operation 224 [3/4] (6.43ns)   --->   "%acc_52 = fadd i32 %acc_51, i32 %mul_i30_i_4" [ekf_core.cpp:23->ekf_core.cpp:116->ekf_core.cpp:169]   --->   Operation 224 'fadd' 'acc_52' <Predicate = true> <Delay = 6.43> <CoreInst = "FAddSub_fulldsp">   --->   Core 18 'FAddSub_fulldsp' <Latency = 3> <II = 1> <Delay = 6.43> <FuncUnit> <Opcode : 'fadd' 'fsub'> <InPorts = 2> <OutPorts = 1>
ST_22 : [1/1] (0.96ns)   --->   Input mux for Operation 225 '%mul_i30_i_5 = fmul i32 %select_ln17_6, i32 %tmp_30'
ST_22 : Operation 225 [3/3] (6.04ns)   --->   "%mul_i30_i_5 = fmul i32 %select_ln17_6, i32 %tmp_30" [ekf_core.cpp:23->ekf_core.cpp:116->ekf_core.cpp:169]   --->   Operation 225 'fmul' 'mul_i30_i_5' <Predicate = true> <Delay = 6.04> <CoreInst = "FMul_maxdsp">   --->   Core 30 'FMul_maxdsp' <Latency = 2> <II = 1> <Delay = 7.01> <FuncUnit> <Opcode : 'fmul'> <InPorts = 2> <OutPorts = 1>

State 23 <SV = 22> <Delay = 7.01>
ST_23 : Operation 226 [2/4] (6.43ns)   --->   "%acc_52 = fadd i32 %acc_51, i32 %mul_i30_i_4" [ekf_core.cpp:23->ekf_core.cpp:116->ekf_core.cpp:169]   --->   Operation 226 'fadd' 'acc_52' <Predicate = true> <Delay = 6.43> <CoreInst = "FAddSub_fulldsp">   --->   Core 18 'FAddSub_fulldsp' <Latency = 3> <II = 1> <Delay = 6.43> <FuncUnit> <Opcode : 'fadd' 'fsub'> <InPorts = 2> <OutPorts = 1>
ST_23 : Operation 227 [2/3] (7.01ns)   --->   "%mul_i30_i_5 = fmul i32 %select_ln17_6, i32 %tmp_30" [ekf_core.cpp:23->ekf_core.cpp:116->ekf_core.cpp:169]   --->   Operation 227 'fmul' 'mul_i30_i_5' <Predicate = true> <Delay = 7.01> <CoreInst = "FMul_maxdsp">   --->   Core 30 'FMul_maxdsp' <Latency = 2> <II = 1> <Delay = 7.01> <FuncUnit> <Opcode : 'fmul'> <InPorts = 2> <OutPorts = 1>

State 24 <SV = 23> <Delay = 7.01>
ST_24 : Operation 228 [1/4] (6.43ns)   --->   "%acc_52 = fadd i32 %acc_51, i32 %mul_i30_i_4" [ekf_core.cpp:23->ekf_core.cpp:116->ekf_core.cpp:169]   --->   Operation 228 'fadd' 'acc_52' <Predicate = true> <Delay = 6.43> <CoreInst = "FAddSub_fulldsp">   --->   Core 18 'FAddSub_fulldsp' <Latency = 3> <II = 1> <Delay = 6.43> <FuncUnit> <Opcode : 'fadd' 'fsub'> <InPorts = 2> <OutPorts = 1>
ST_24 : Operation 229 [1/3] (7.01ns)   --->   "%mul_i30_i_5 = fmul i32 %select_ln17_6, i32 %tmp_30" [ekf_core.cpp:23->ekf_core.cpp:116->ekf_core.cpp:169]   --->   Operation 229 'fmul' 'mul_i30_i_5' <Predicate = true> <Delay = 7.01> <CoreInst = "FMul_maxdsp">   --->   Core 30 'FMul_maxdsp' <Latency = 2> <II = 1> <Delay = 7.01> <FuncUnit> <Opcode : 'fmul'> <InPorts = 2> <OutPorts = 1>

State 25 <SV = 24> <Delay = 6.43>
ST_25 : [1/1] (1.04ns)   --->   Input mux for Operation 230 '%acc_53 = fadd i32 %acc_52, i32 %mul_i30_i_5'
ST_25 : Operation 230 [4/4] (5.38ns)   --->   "%acc_53 = fadd i32 %acc_52, i32 %mul_i30_i_5" [ekf_core.cpp:23->ekf_core.cpp:116->ekf_core.cpp:169]   --->   Operation 230 'fadd' 'acc_53' <Predicate = true> <Delay = 5.38> <CoreInst = "FAddSub_fulldsp">   --->   Core 18 'FAddSub_fulldsp' <Latency = 3> <II = 1> <Delay = 6.43> <FuncUnit> <Opcode : 'fadd' 'fsub'> <InPorts = 2> <OutPorts = 1>

State 26 <SV = 25> <Delay = 6.43>
ST_26 : Operation 231 [3/4] (6.43ns)   --->   "%acc_53 = fadd i32 %acc_52, i32 %mul_i30_i_5" [ekf_core.cpp:23->ekf_core.cpp:116->ekf_core.cpp:169]   --->   Operation 231 'fadd' 'acc_53' <Predicate = true> <Delay = 6.43> <CoreInst = "FAddSub_fulldsp">   --->   Core 18 'FAddSub_fulldsp' <Latency = 3> <II = 1> <Delay = 6.43> <FuncUnit> <Opcode : 'fadd' 'fsub'> <InPorts = 2> <OutPorts = 1>

State 27 <SV = 26> <Delay = 6.43>
ST_27 : Operation 232 [2/4] (6.43ns)   --->   "%acc_53 = fadd i32 %acc_52, i32 %mul_i30_i_5" [ekf_core.cpp:23->ekf_core.cpp:116->ekf_core.cpp:169]   --->   Operation 232 'fadd' 'acc_53' <Predicate = true> <Delay = 6.43> <CoreInst = "FAddSub_fulldsp">   --->   Core 18 'FAddSub_fulldsp' <Latency = 3> <II = 1> <Delay = 6.43> <FuncUnit> <Opcode : 'fadd' 'fsub'> <InPorts = 2> <OutPorts = 1>
ST_27 : Operation 310 [1/1] (0.00ns)   --->   "%acc_load = load i32 %acc"   --->   Operation 310 'load' 'acc_load' <Predicate = (icmp_ln17)> <Delay = 0.00>
ST_27 : Operation 311 [1/1] (0.00ns)   --->   "%acc_7_load = load i32 %acc_7"   --->   Operation 311 'load' 'acc_7_load' <Predicate = (icmp_ln17)> <Delay = 0.00>
ST_27 : Operation 312 [1/1] (0.00ns)   --->   "%acc_8_load = load i32 %acc_8"   --->   Operation 312 'load' 'acc_8_load' <Predicate = (icmp_ln17)> <Delay = 0.00>
ST_27 : Operation 313 [1/1] (0.00ns)   --->   "%acc_9_load = load i32 %acc_9"   --->   Operation 313 'load' 'acc_9_load' <Predicate = (icmp_ln17)> <Delay = 0.00>
ST_27 : Operation 314 [1/1] (0.00ns)   --->   "%acc_10_load = load i32 %acc_10"   --->   Operation 314 'load' 'acc_10_load' <Predicate = (icmp_ln17)> <Delay = 0.00>
ST_27 : Operation 315 [1/1] (0.00ns)   --->   "%acc_11_load = load i32 %acc_11"   --->   Operation 315 'load' 'acc_11_load' <Predicate = (icmp_ln17)> <Delay = 0.00>
ST_27 : Operation 316 [1/1] (0.00ns)   --->   "%acc_12_load = load i32 %acc_12"   --->   Operation 316 'load' 'acc_12_load' <Predicate = (icmp_ln17)> <Delay = 0.00>
ST_27 : Operation 317 [1/1] (0.00ns)   --->   "%acc_13_load = load i32 %acc_13"   --->   Operation 317 'load' 'acc_13_load' <Predicate = (icmp_ln17)> <Delay = 0.00>
ST_27 : Operation 318 [1/1] (0.00ns)   --->   "%acc_14_load = load i32 %acc_14"   --->   Operation 318 'load' 'acc_14_load' <Predicate = (icmp_ln17)> <Delay = 0.00>
ST_27 : Operation 319 [1/1] (0.00ns)   --->   "%acc_15_load = load i32 %acc_15"   --->   Operation 319 'load' 'acc_15_load' <Predicate = (icmp_ln17)> <Delay = 0.00>
ST_27 : Operation 320 [1/1] (0.00ns)   --->   "%acc_16_load = load i32 %acc_16"   --->   Operation 320 'load' 'acc_16_load' <Predicate = (icmp_ln17)> <Delay = 0.00>
ST_27 : Operation 321 [1/1] (0.00ns)   --->   "%acc_17_load = load i32 %acc_17"   --->   Operation 321 'load' 'acc_17_load' <Predicate = (icmp_ln17)> <Delay = 0.00>
ST_27 : Operation 322 [1/1] (0.00ns)   --->   "%acc_18_load = load i32 %acc_18"   --->   Operation 322 'load' 'acc_18_load' <Predicate = (icmp_ln17)> <Delay = 0.00>
ST_27 : Operation 323 [1/1] (0.00ns)   --->   "%acc_19_load = load i32 %acc_19"   --->   Operation 323 'load' 'acc_19_load' <Predicate = (icmp_ln17)> <Delay = 0.00>
ST_27 : Operation 324 [1/1] (0.00ns)   --->   "%acc_20_load = load i32 %acc_20"   --->   Operation 324 'load' 'acc_20_load' <Predicate = (icmp_ln17)> <Delay = 0.00>
ST_27 : Operation 325 [1/1] (0.00ns)   --->   "%acc_21_load = load i32 %acc_21"   --->   Operation 325 'load' 'acc_21_load' <Predicate = (icmp_ln17)> <Delay = 0.00>
ST_27 : Operation 326 [1/1] (0.00ns)   --->   "%acc_22_load = load i32 %acc_22"   --->   Operation 326 'load' 'acc_22_load' <Predicate = (icmp_ln17)> <Delay = 0.00>
ST_27 : Operation 327 [1/1] (0.00ns)   --->   "%acc_23_load = load i32 %acc_23"   --->   Operation 327 'load' 'acc_23_load' <Predicate = (icmp_ln17)> <Delay = 0.00>
ST_27 : Operation 328 [1/1] (0.00ns)   --->   "%acc_24_load = load i32 %acc_24"   --->   Operation 328 'load' 'acc_24_load' <Predicate = (icmp_ln17)> <Delay = 0.00>
ST_27 : Operation 329 [1/1] (0.00ns)   --->   "%acc_25_load = load i32 %acc_25"   --->   Operation 329 'load' 'acc_25_load' <Predicate = (icmp_ln17)> <Delay = 0.00>
ST_27 : Operation 330 [1/1] (0.00ns)   --->   "%acc_26_load = load i32 %acc_26"   --->   Operation 330 'load' 'acc_26_load' <Predicate = (icmp_ln17)> <Delay = 0.00>
ST_27 : Operation 331 [1/1] (0.00ns)   --->   "%acc_27_load = load i32 %acc_27"   --->   Operation 331 'load' 'acc_27_load' <Predicate = (icmp_ln17)> <Delay = 0.00>
ST_27 : Operation 332 [1/1] (0.00ns)   --->   "%acc_28_load = load i32 %acc_28"   --->   Operation 332 'load' 'acc_28_load' <Predicate = (icmp_ln17)> <Delay = 0.00>
ST_27 : Operation 333 [1/1] (0.00ns)   --->   "%acc_29_load = load i32 %acc_29"   --->   Operation 333 'load' 'acc_29_load' <Predicate = (icmp_ln17)> <Delay = 0.00>
ST_27 : Operation 334 [1/1] (0.00ns)   --->   "%acc_36_load = load i32 %acc_36"   --->   Operation 334 'load' 'acc_36_load' <Predicate = (icmp_ln17)> <Delay = 0.00>
ST_27 : Operation 335 [1/1] (0.00ns)   --->   "%acc_37_load = load i32 %acc_37"   --->   Operation 335 'load' 'acc_37_load' <Predicate = (icmp_ln17)> <Delay = 0.00>
ST_27 : Operation 336 [1/1] (0.00ns)   --->   "%acc_38_load = load i32 %acc_38"   --->   Operation 336 'load' 'acc_38_load' <Predicate = (icmp_ln17)> <Delay = 0.00>
ST_27 : Operation 337 [1/1] (0.00ns)   --->   "%acc_39_load = load i32 %acc_39"   --->   Operation 337 'load' 'acc_39_load' <Predicate = (icmp_ln17)> <Delay = 0.00>
ST_27 : Operation 338 [1/1] (0.00ns)   --->   "%acc_40_load = load i32 %acc_40"   --->   Operation 338 'load' 'acc_40_load' <Predicate = (icmp_ln17)> <Delay = 0.00>
ST_27 : Operation 339 [1/1] (0.00ns)   --->   "%acc_41_load = load i32 %acc_41"   --->   Operation 339 'load' 'acc_41_load' <Predicate = (icmp_ln17)> <Delay = 0.00>
ST_27 : Operation 340 [1/1] (0.00ns)   --->   "%acc_42_load = load i32 %acc_42"   --->   Operation 340 'load' 'acc_42_load' <Predicate = (icmp_ln17)> <Delay = 0.00>
ST_27 : Operation 341 [1/1] (0.00ns)   --->   "%acc_43_load = load i32 %acc_43"   --->   Operation 341 'load' 'acc_43_load' <Predicate = (icmp_ln17)> <Delay = 0.00>
ST_27 : Operation 342 [1/1] (0.00ns)   --->   "%acc_44_load = load i32 %acc_44"   --->   Operation 342 'load' 'acc_44_load' <Predicate = (icmp_ln17)> <Delay = 0.00>
ST_27 : Operation 343 [1/1] (0.00ns)   --->   "%acc_45_load = load i32 %acc_45"   --->   Operation 343 'load' 'acc_45_load' <Predicate = (icmp_ln17)> <Delay = 0.00>
ST_27 : Operation 344 [1/1] (0.00ns)   --->   "%acc_46_load = load i32 %acc_46"   --->   Operation 344 'load' 'acc_46_load' <Predicate = (icmp_ln17)> <Delay = 0.00>
ST_27 : Operation 345 [1/1] (0.00ns)   --->   "%acc_47_load = load i32 %acc_47"   --->   Operation 345 'load' 'acc_47_load' <Predicate = (icmp_ln17)> <Delay = 0.00>
ST_27 : Operation 346 [1/1] (0.00ns)   --->   "%write_ln0 = write void @_ssdm_op_Write.ap_auto.floatP0A, i32 %mux_case_522243393_out, i32 %acc_47_load"   --->   Operation 346 'write' 'write_ln0' <Predicate = (icmp_ln17)> <Delay = 0.00>
ST_27 : Operation 347 [1/1] (0.00ns)   --->   "%write_ln0 = write void @_ssdm_op_Write.ap_auto.floatP0A, i32 %mux_case_422223387_out, i32 %acc_46_load"   --->   Operation 347 'write' 'write_ln0' <Predicate = (icmp_ln17)> <Delay = 0.00>
ST_27 : Operation 348 [1/1] (0.00ns)   --->   "%write_ln0 = write void @_ssdm_op_Write.ap_auto.floatP0A, i32 %mux_case_322203381_out, i32 %acc_45_load"   --->   Operation 348 'write' 'write_ln0' <Predicate = (icmp_ln17)> <Delay = 0.00>
ST_27 : Operation 349 [1/1] (0.00ns)   --->   "%write_ln0 = write void @_ssdm_op_Write.ap_auto.floatP0A, i32 %mux_case_222183375_out, i32 %acc_44_load"   --->   Operation 349 'write' 'write_ln0' <Predicate = (icmp_ln17)> <Delay = 0.00>
ST_27 : Operation 350 [1/1] (0.00ns)   --->   "%write_ln0 = write void @_ssdm_op_Write.ap_auto.floatP0A, i32 %mux_case_122163369_out, i32 %acc_43_load"   --->   Operation 350 'write' 'write_ln0' <Predicate = (icmp_ln17)> <Delay = 0.00>
ST_27 : Operation 351 [1/1] (0.00ns)   --->   "%write_ln0 = write void @_ssdm_op_Write.ap_auto.floatP0A, i32 %mux_case_022143363_out, i32 %acc_42_load"   --->   Operation 351 'write' 'write_ln0' <Predicate = (icmp_ln17)> <Delay = 0.00>
ST_27 : Operation 352 [1/1] (0.00ns)   --->   "%write_ln0 = write void @_ssdm_op_Write.ap_auto.floatP0A, i32 %mux_case_522113357_out, i32 %acc_41_load"   --->   Operation 352 'write' 'write_ln0' <Predicate = (icmp_ln17)> <Delay = 0.00>
ST_27 : Operation 353 [1/1] (0.00ns)   --->   "%write_ln0 = write void @_ssdm_op_Write.ap_auto.floatP0A, i32 %mux_case_422093351_out, i32 %acc_40_load"   --->   Operation 353 'write' 'write_ln0' <Predicate = (icmp_ln17)> <Delay = 0.00>
ST_27 : Operation 354 [1/1] (0.00ns)   --->   "%write_ln0 = write void @_ssdm_op_Write.ap_auto.floatP0A, i32 %mux_case_322073345_out, i32 %acc_39_load"   --->   Operation 354 'write' 'write_ln0' <Predicate = (icmp_ln17)> <Delay = 0.00>
ST_27 : Operation 355 [1/1] (0.00ns)   --->   "%write_ln0 = write void @_ssdm_op_Write.ap_auto.floatP0A, i32 %mux_case_222053339_out, i32 %acc_38_load"   --->   Operation 355 'write' 'write_ln0' <Predicate = (icmp_ln17)> <Delay = 0.00>
ST_27 : Operation 356 [1/1] (0.00ns)   --->   "%write_ln0 = write void @_ssdm_op_Write.ap_auto.floatP0A, i32 %mux_case_122033333_out, i32 %acc_37_load"   --->   Operation 356 'write' 'write_ln0' <Predicate = (icmp_ln17)> <Delay = 0.00>
ST_27 : Operation 357 [1/1] (0.00ns)   --->   "%write_ln0 = write void @_ssdm_op_Write.ap_auto.floatP0A, i32 %mux_case_022013327_out, i32 %acc_36_load"   --->   Operation 357 'write' 'write_ln0' <Predicate = (icmp_ln17)> <Delay = 0.00>
ST_27 : Operation 358 [1/1] (0.00ns)   --->   "%write_ln0 = write void @_ssdm_op_Write.ap_auto.floatP0A, i32 %mux_case_521983321_out, i32 %acc_29_load"   --->   Operation 358 'write' 'write_ln0' <Predicate = (icmp_ln17)> <Delay = 0.00>
ST_27 : Operation 359 [1/1] (0.00ns)   --->   "%write_ln0 = write void @_ssdm_op_Write.ap_auto.floatP0A, i32 %mux_case_421963315_out, i32 %acc_28_load"   --->   Operation 359 'write' 'write_ln0' <Predicate = (icmp_ln17)> <Delay = 0.00>
ST_27 : Operation 360 [1/1] (0.00ns)   --->   "%write_ln0 = write void @_ssdm_op_Write.ap_auto.floatP0A, i32 %mux_case_321943309_out, i32 %acc_27_load"   --->   Operation 360 'write' 'write_ln0' <Predicate = (icmp_ln17)> <Delay = 0.00>
ST_27 : Operation 361 [1/1] (0.00ns)   --->   "%write_ln0 = write void @_ssdm_op_Write.ap_auto.floatP0A, i32 %mux_case_221923303_out, i32 %acc_26_load"   --->   Operation 361 'write' 'write_ln0' <Predicate = (icmp_ln17)> <Delay = 0.00>
ST_27 : Operation 362 [1/1] (0.00ns)   --->   "%write_ln0 = write void @_ssdm_op_Write.ap_auto.floatP0A, i32 %mux_case_121903297_out, i32 %acc_25_load"   --->   Operation 362 'write' 'write_ln0' <Predicate = (icmp_ln17)> <Delay = 0.00>
ST_27 : Operation 363 [1/1] (0.00ns)   --->   "%write_ln0 = write void @_ssdm_op_Write.ap_auto.floatP0A, i32 %mux_case_021883291_out, i32 %acc_24_load"   --->   Operation 363 'write' 'write_ln0' <Predicate = (icmp_ln17)> <Delay = 0.00>
ST_27 : Operation 364 [1/1] (0.00ns)   --->   "%write_ln0 = write void @_ssdm_op_Write.ap_auto.floatP0A, i32 %mux_case_521853285_out, i32 %acc_23_load"   --->   Operation 364 'write' 'write_ln0' <Predicate = (icmp_ln17)> <Delay = 0.00>
ST_27 : Operation 365 [1/1] (0.00ns)   --->   "%write_ln0 = write void @_ssdm_op_Write.ap_auto.floatP0A, i32 %mux_case_421833279_out, i32 %acc_22_load"   --->   Operation 365 'write' 'write_ln0' <Predicate = (icmp_ln17)> <Delay = 0.00>
ST_27 : Operation 366 [1/1] (0.00ns)   --->   "%write_ln0 = write void @_ssdm_op_Write.ap_auto.floatP0A, i32 %mux_case_321813273_out, i32 %acc_21_load"   --->   Operation 366 'write' 'write_ln0' <Predicate = (icmp_ln17)> <Delay = 0.00>
ST_27 : Operation 367 [1/1] (0.00ns)   --->   "%write_ln0 = write void @_ssdm_op_Write.ap_auto.floatP0A, i32 %mux_case_221793267_out, i32 %acc_20_load"   --->   Operation 367 'write' 'write_ln0' <Predicate = (icmp_ln17)> <Delay = 0.00>
ST_27 : Operation 368 [1/1] (0.00ns)   --->   "%write_ln0 = write void @_ssdm_op_Write.ap_auto.floatP0A, i32 %mux_case_121773261_out, i32 %acc_19_load"   --->   Operation 368 'write' 'write_ln0' <Predicate = (icmp_ln17)> <Delay = 0.00>
ST_27 : Operation 369 [1/1] (0.00ns)   --->   "%write_ln0 = write void @_ssdm_op_Write.ap_auto.floatP0A, i32 %mux_case_021753255_out, i32 %acc_18_load"   --->   Operation 369 'write' 'write_ln0' <Predicate = (icmp_ln17)> <Delay = 0.00>
ST_27 : Operation 370 [1/1] (0.00ns)   --->   "%write_ln0 = write void @_ssdm_op_Write.ap_auto.floatP0A, i32 %mux_case_521723249_out, i32 %acc_17_load"   --->   Operation 370 'write' 'write_ln0' <Predicate = (icmp_ln17)> <Delay = 0.00>
ST_27 : Operation 371 [1/1] (0.00ns)   --->   "%write_ln0 = write void @_ssdm_op_Write.ap_auto.floatP0A, i32 %mux_case_421703243_out, i32 %acc_16_load"   --->   Operation 371 'write' 'write_ln0' <Predicate = (icmp_ln17)> <Delay = 0.00>
ST_27 : Operation 372 [1/1] (0.00ns)   --->   "%write_ln0 = write void @_ssdm_op_Write.ap_auto.floatP0A, i32 %mux_case_321683237_out, i32 %acc_15_load"   --->   Operation 372 'write' 'write_ln0' <Predicate = (icmp_ln17)> <Delay = 0.00>
ST_27 : Operation 373 [1/1] (0.00ns)   --->   "%write_ln0 = write void @_ssdm_op_Write.ap_auto.floatP0A, i32 %mux_case_221663231_out, i32 %acc_14_load"   --->   Operation 373 'write' 'write_ln0' <Predicate = (icmp_ln17)> <Delay = 0.00>
ST_27 : Operation 374 [1/1] (0.00ns)   --->   "%write_ln0 = write void @_ssdm_op_Write.ap_auto.floatP0A, i32 %mux_case_121643225_out, i32 %acc_13_load"   --->   Operation 374 'write' 'write_ln0' <Predicate = (icmp_ln17)> <Delay = 0.00>
ST_27 : Operation 375 [1/1] (0.00ns)   --->   "%write_ln0 = write void @_ssdm_op_Write.ap_auto.floatP0A, i32 %mux_case_021623219_out, i32 %acc_12_load"   --->   Operation 375 'write' 'write_ln0' <Predicate = (icmp_ln17)> <Delay = 0.00>
ST_27 : Operation 376 [1/1] (0.00ns)   --->   "%write_ln0 = write void @_ssdm_op_Write.ap_auto.floatP0A, i32 %mux_case_521593212_out, i32 %acc_11_load"   --->   Operation 376 'write' 'write_ln0' <Predicate = (icmp_ln17)> <Delay = 0.00>
ST_27 : Operation 377 [1/1] (0.00ns)   --->   "%write_ln0 = write void @_ssdm_op_Write.ap_auto.floatP0A, i32 %mux_case_421573206_out, i32 %acc_10_load"   --->   Operation 377 'write' 'write_ln0' <Predicate = (icmp_ln17)> <Delay = 0.00>
ST_27 : Operation 378 [1/1] (0.00ns)   --->   "%write_ln0 = write void @_ssdm_op_Write.ap_auto.floatP0A, i32 %mux_case_321553200_out, i32 %acc_9_load"   --->   Operation 378 'write' 'write_ln0' <Predicate = (icmp_ln17)> <Delay = 0.00>
ST_27 : Operation 379 [1/1] (0.00ns)   --->   "%write_ln0 = write void @_ssdm_op_Write.ap_auto.floatP0A, i32 %mux_case_221533194_out, i32 %acc_8_load"   --->   Operation 379 'write' 'write_ln0' <Predicate = (icmp_ln17)> <Delay = 0.00>
ST_27 : Operation 380 [1/1] (0.00ns)   --->   "%write_ln0 = write void @_ssdm_op_Write.ap_auto.floatP0A, i32 %mux_case_121513188_out, i32 %acc_7_load"   --->   Operation 380 'write' 'write_ln0' <Predicate = (icmp_ln17)> <Delay = 0.00>
ST_27 : Operation 381 [1/1] (0.00ns)   --->   "%write_ln0 = write void @_ssdm_op_Write.ap_auto.floatP0A, i32 %mux_case_021493182_out, i32 %acc_load"   --->   Operation 381 'write' 'write_ln0' <Predicate = (icmp_ln17)> <Delay = 0.00>
ST_27 : Operation 382 [1/1] (0.00ns)   --->   "%ret_ln0 = ret"   --->   Operation 382 'ret' 'ret_ln0' <Predicate = (icmp_ln17)> <Delay = 0.00>

State 28 <SV = 27> <Delay = 6.43>
ST_28 : Operation 233 [1/1] (0.00ns)   --->   "%specloopname_ln0 = specloopname void @_ssdm_op_SpecLoopName, void @VITIS_LOOP_17_1_VITIS_LOOP_18_2_str"   --->   Operation 233 'specloopname' 'specloopname_ln0' <Predicate = true> <Delay = 0.00>
ST_28 : Operation 234 [1/1] (0.00ns)   --->   "%speclooptripcount_ln0 = speclooptripcount void @_ssdm_op_SpecLoopTripCount, i64 36, i64 36, i64 36"   --->   Operation 234 'speclooptripcount' 'speclooptripcount_ln0' <Predicate = true> <Delay = 0.00>
ST_28 : Operation 235 [1/1] (0.00ns)   --->   "%specpipeline_ln19 = specpipeline void @_ssdm_op_SpecPipeline, i32 1, i32 0, i32 0, i32 0, void @empty_30" [ekf_core.cpp:19->ekf_core.cpp:116->ekf_core.cpp:169]   --->   Operation 235 'specpipeline' 'specpipeline_ln19' <Predicate = true> <Delay = 0.00>
ST_28 : Operation 236 [1/1] (0.00ns)   --->   "%specloopname_ln18 = specloopname void @_ssdm_op_SpecLoopName, void @empty_10" [ekf_core.cpp:18->ekf_core.cpp:116->ekf_core.cpp:169]   --->   Operation 236 'specloopname' 'specloopname_ln18' <Predicate = true> <Delay = 0.00>
ST_28 : Operation 237 [1/4] (6.43ns)   --->   "%acc_53 = fadd i32 %acc_52, i32 %mul_i30_i_5" [ekf_core.cpp:23->ekf_core.cpp:116->ekf_core.cpp:169]   --->   Operation 237 'fadd' 'acc_53' <Predicate = true> <Delay = 6.43> <CoreInst = "FAddSub_fulldsp">   --->   Core 18 'FAddSub_fulldsp' <Latency = 3> <II = 1> <Delay = 6.43> <FuncUnit> <Opcode : 'fadd' 'fsub'> <InPorts = 2> <OutPorts = 1>
ST_28 : Operation 238 [1/1] (0.00ns)   --->   "%store_ln25 = store i32 %acc_53, i32 %acc_40" [ekf_core.cpp:25->ekf_core.cpp:116->ekf_core.cpp:169]   --->   Operation 238 'store' 'store_ln25' <Predicate = (select_ln17_7 == 4 & select_ln17 == 4)> <Delay = 0.00>
ST_28 : Operation 239 [1/1] (0.00ns)   --->   "%br_ln25 = br void %arrayidx181.i36.i68.exit" [ekf_core.cpp:25->ekf_core.cpp:116->ekf_core.cpp:169]   --->   Operation 239 'br' 'br_ln25' <Predicate = (select_ln17_7 == 4 & select_ln17 == 4)> <Delay = 0.00>
ST_28 : Operation 240 [1/1] (0.00ns)   --->   "%store_ln25 = store i32 %acc_53, i32 %acc_39" [ekf_core.cpp:25->ekf_core.cpp:116->ekf_core.cpp:169]   --->   Operation 240 'store' 'store_ln25' <Predicate = (select_ln17_7 == 4 & select_ln17 == 3)> <Delay = 0.00>
ST_28 : Operation 241 [1/1] (0.00ns)   --->   "%br_ln25 = br void %arrayidx181.i36.i68.exit" [ekf_core.cpp:25->ekf_core.cpp:116->ekf_core.cpp:169]   --->   Operation 241 'br' 'br_ln25' <Predicate = (select_ln17_7 == 4 & select_ln17 == 3)> <Delay = 0.00>
ST_28 : Operation 242 [1/1] (0.00ns)   --->   "%store_ln25 = store i32 %acc_53, i32 %acc_38" [ekf_core.cpp:25->ekf_core.cpp:116->ekf_core.cpp:169]   --->   Operation 242 'store' 'store_ln25' <Predicate = (select_ln17_7 == 4 & select_ln17 == 2)> <Delay = 0.00>
ST_28 : Operation 243 [1/1] (0.00ns)   --->   "%br_ln25 = br void %arrayidx181.i36.i68.exit" [ekf_core.cpp:25->ekf_core.cpp:116->ekf_core.cpp:169]   --->   Operation 243 'br' 'br_ln25' <Predicate = (select_ln17_7 == 4 & select_ln17 == 2)> <Delay = 0.00>
ST_28 : Operation 244 [1/1] (0.00ns)   --->   "%store_ln25 = store i32 %acc_53, i32 %acc_37" [ekf_core.cpp:25->ekf_core.cpp:116->ekf_core.cpp:169]   --->   Operation 244 'store' 'store_ln25' <Predicate = (select_ln17_7 == 4 & select_ln17 == 1)> <Delay = 0.00>
ST_28 : Operation 245 [1/1] (0.00ns)   --->   "%br_ln25 = br void %arrayidx181.i36.i68.exit" [ekf_core.cpp:25->ekf_core.cpp:116->ekf_core.cpp:169]   --->   Operation 245 'br' 'br_ln25' <Predicate = (select_ln17_7 == 4 & select_ln17 == 1)> <Delay = 0.00>
ST_28 : Operation 246 [1/1] (0.00ns)   --->   "%store_ln25 = store i32 %acc_53, i32 %acc_36" [ekf_core.cpp:25->ekf_core.cpp:116->ekf_core.cpp:169]   --->   Operation 246 'store' 'store_ln25' <Predicate = (select_ln17_7 == 4 & select_ln17 == 0)> <Delay = 0.00>
ST_28 : Operation 247 [1/1] (0.00ns)   --->   "%br_ln25 = br void %arrayidx181.i36.i68.exit" [ekf_core.cpp:25->ekf_core.cpp:116->ekf_core.cpp:169]   --->   Operation 247 'br' 'br_ln25' <Predicate = (select_ln17_7 == 4 & select_ln17 == 0)> <Delay = 0.00>
ST_28 : Operation 248 [1/1] (0.00ns)   --->   "%store_ln25 = store i32 %acc_53, i32 %acc_41" [ekf_core.cpp:25->ekf_core.cpp:116->ekf_core.cpp:169]   --->   Operation 248 'store' 'store_ln25' <Predicate = (select_ln17_7 == 4 & select_ln17 != 0 & select_ln17 != 1 & select_ln17 != 2 & select_ln17 != 3 & select_ln17 != 4)> <Delay = 0.00>
ST_28 : Operation 249 [1/1] (0.00ns)   --->   "%br_ln25 = br void %arrayidx181.i36.i68.exit" [ekf_core.cpp:25->ekf_core.cpp:116->ekf_core.cpp:169]   --->   Operation 249 'br' 'br_ln25' <Predicate = (select_ln17_7 == 4 & select_ln17 != 0 & select_ln17 != 1 & select_ln17 != 2 & select_ln17 != 3 & select_ln17 != 4)> <Delay = 0.00>
ST_28 : Operation 250 [1/1] (0.00ns)   --->   "%store_ln25 = store i32 %acc_53, i32 %acc_28" [ekf_core.cpp:25->ekf_core.cpp:116->ekf_core.cpp:169]   --->   Operation 250 'store' 'store_ln25' <Predicate = (select_ln17_7 == 3 & select_ln17 == 4)> <Delay = 0.00>
ST_28 : Operation 251 [1/1] (0.00ns)   --->   "%br_ln25 = br void %arrayidx181.i36.i68.exit" [ekf_core.cpp:25->ekf_core.cpp:116->ekf_core.cpp:169]   --->   Operation 251 'br' 'br_ln25' <Predicate = (select_ln17_7 == 3 & select_ln17 == 4)> <Delay = 0.00>
ST_28 : Operation 252 [1/1] (0.00ns)   --->   "%store_ln25 = store i32 %acc_53, i32 %acc_27" [ekf_core.cpp:25->ekf_core.cpp:116->ekf_core.cpp:169]   --->   Operation 252 'store' 'store_ln25' <Predicate = (select_ln17_7 == 3 & select_ln17 == 3)> <Delay = 0.00>
ST_28 : Operation 253 [1/1] (0.00ns)   --->   "%br_ln25 = br void %arrayidx181.i36.i68.exit" [ekf_core.cpp:25->ekf_core.cpp:116->ekf_core.cpp:169]   --->   Operation 253 'br' 'br_ln25' <Predicate = (select_ln17_7 == 3 & select_ln17 == 3)> <Delay = 0.00>
ST_28 : Operation 254 [1/1] (0.00ns)   --->   "%store_ln25 = store i32 %acc_53, i32 %acc_26" [ekf_core.cpp:25->ekf_core.cpp:116->ekf_core.cpp:169]   --->   Operation 254 'store' 'store_ln25' <Predicate = (select_ln17_7 == 3 & select_ln17 == 2)> <Delay = 0.00>
ST_28 : Operation 255 [1/1] (0.00ns)   --->   "%br_ln25 = br void %arrayidx181.i36.i68.exit" [ekf_core.cpp:25->ekf_core.cpp:116->ekf_core.cpp:169]   --->   Operation 255 'br' 'br_ln25' <Predicate = (select_ln17_7 == 3 & select_ln17 == 2)> <Delay = 0.00>
ST_28 : Operation 256 [1/1] (0.00ns)   --->   "%store_ln25 = store i32 %acc_53, i32 %acc_25" [ekf_core.cpp:25->ekf_core.cpp:116->ekf_core.cpp:169]   --->   Operation 256 'store' 'store_ln25' <Predicate = (select_ln17_7 == 3 & select_ln17 == 1)> <Delay = 0.00>
ST_28 : Operation 257 [1/1] (0.00ns)   --->   "%br_ln25 = br void %arrayidx181.i36.i68.exit" [ekf_core.cpp:25->ekf_core.cpp:116->ekf_core.cpp:169]   --->   Operation 257 'br' 'br_ln25' <Predicate = (select_ln17_7 == 3 & select_ln17 == 1)> <Delay = 0.00>
ST_28 : Operation 258 [1/1] (0.00ns)   --->   "%store_ln25 = store i32 %acc_53, i32 %acc_24" [ekf_core.cpp:25->ekf_core.cpp:116->ekf_core.cpp:169]   --->   Operation 258 'store' 'store_ln25' <Predicate = (select_ln17_7 == 3 & select_ln17 == 0)> <Delay = 0.00>
ST_28 : Operation 259 [1/1] (0.00ns)   --->   "%br_ln25 = br void %arrayidx181.i36.i68.exit" [ekf_core.cpp:25->ekf_core.cpp:116->ekf_core.cpp:169]   --->   Operation 259 'br' 'br_ln25' <Predicate = (select_ln17_7 == 3 & select_ln17 == 0)> <Delay = 0.00>
ST_28 : Operation 260 [1/1] (0.00ns)   --->   "%store_ln25 = store i32 %acc_53, i32 %acc_29" [ekf_core.cpp:25->ekf_core.cpp:116->ekf_core.cpp:169]   --->   Operation 260 'store' 'store_ln25' <Predicate = (select_ln17_7 == 3 & select_ln17 != 0 & select_ln17 != 1 & select_ln17 != 2 & select_ln17 != 3 & select_ln17 != 4)> <Delay = 0.00>
ST_28 : Operation 261 [1/1] (0.00ns)   --->   "%br_ln25 = br void %arrayidx181.i36.i68.exit" [ekf_core.cpp:25->ekf_core.cpp:116->ekf_core.cpp:169]   --->   Operation 261 'br' 'br_ln25' <Predicate = (select_ln17_7 == 3 & select_ln17 != 0 & select_ln17 != 1 & select_ln17 != 2 & select_ln17 != 3 & select_ln17 != 4)> <Delay = 0.00>
ST_28 : Operation 262 [1/1] (0.00ns)   --->   "%store_ln25 = store i32 %acc_53, i32 %acc_22" [ekf_core.cpp:25->ekf_core.cpp:116->ekf_core.cpp:169]   --->   Operation 262 'store' 'store_ln25' <Predicate = (select_ln17_7 == 2 & select_ln17 == 4)> <Delay = 0.00>
ST_28 : Operation 263 [1/1] (0.00ns)   --->   "%br_ln25 = br void %arrayidx181.i36.i68.exit" [ekf_core.cpp:25->ekf_core.cpp:116->ekf_core.cpp:169]   --->   Operation 263 'br' 'br_ln25' <Predicate = (select_ln17_7 == 2 & select_ln17 == 4)> <Delay = 0.00>
ST_28 : Operation 264 [1/1] (0.00ns)   --->   "%store_ln25 = store i32 %acc_53, i32 %acc_21" [ekf_core.cpp:25->ekf_core.cpp:116->ekf_core.cpp:169]   --->   Operation 264 'store' 'store_ln25' <Predicate = (select_ln17_7 == 2 & select_ln17 == 3)> <Delay = 0.00>
ST_28 : Operation 265 [1/1] (0.00ns)   --->   "%br_ln25 = br void %arrayidx181.i36.i68.exit" [ekf_core.cpp:25->ekf_core.cpp:116->ekf_core.cpp:169]   --->   Operation 265 'br' 'br_ln25' <Predicate = (select_ln17_7 == 2 & select_ln17 == 3)> <Delay = 0.00>
ST_28 : Operation 266 [1/1] (0.00ns)   --->   "%store_ln25 = store i32 %acc_53, i32 %acc_20" [ekf_core.cpp:25->ekf_core.cpp:116->ekf_core.cpp:169]   --->   Operation 266 'store' 'store_ln25' <Predicate = (select_ln17_7 == 2 & select_ln17 == 2)> <Delay = 0.00>
ST_28 : Operation 267 [1/1] (0.00ns)   --->   "%br_ln25 = br void %arrayidx181.i36.i68.exit" [ekf_core.cpp:25->ekf_core.cpp:116->ekf_core.cpp:169]   --->   Operation 267 'br' 'br_ln25' <Predicate = (select_ln17_7 == 2 & select_ln17 == 2)> <Delay = 0.00>
ST_28 : Operation 268 [1/1] (0.00ns)   --->   "%store_ln25 = store i32 %acc_53, i32 %acc_19" [ekf_core.cpp:25->ekf_core.cpp:116->ekf_core.cpp:169]   --->   Operation 268 'store' 'store_ln25' <Predicate = (select_ln17_7 == 2 & select_ln17 == 1)> <Delay = 0.00>
ST_28 : Operation 269 [1/1] (0.00ns)   --->   "%br_ln25 = br void %arrayidx181.i36.i68.exit" [ekf_core.cpp:25->ekf_core.cpp:116->ekf_core.cpp:169]   --->   Operation 269 'br' 'br_ln25' <Predicate = (select_ln17_7 == 2 & select_ln17 == 1)> <Delay = 0.00>
ST_28 : Operation 270 [1/1] (0.00ns)   --->   "%store_ln25 = store i32 %acc_53, i32 %acc_18" [ekf_core.cpp:25->ekf_core.cpp:116->ekf_core.cpp:169]   --->   Operation 270 'store' 'store_ln25' <Predicate = (select_ln17_7 == 2 & select_ln17 == 0)> <Delay = 0.00>
ST_28 : Operation 271 [1/1] (0.00ns)   --->   "%br_ln25 = br void %arrayidx181.i36.i68.exit" [ekf_core.cpp:25->ekf_core.cpp:116->ekf_core.cpp:169]   --->   Operation 271 'br' 'br_ln25' <Predicate = (select_ln17_7 == 2 & select_ln17 == 0)> <Delay = 0.00>
ST_28 : Operation 272 [1/1] (0.00ns)   --->   "%store_ln25 = store i32 %acc_53, i32 %acc_23" [ekf_core.cpp:25->ekf_core.cpp:116->ekf_core.cpp:169]   --->   Operation 272 'store' 'store_ln25' <Predicate = (select_ln17_7 == 2 & select_ln17 != 0 & select_ln17 != 1 & select_ln17 != 2 & select_ln17 != 3 & select_ln17 != 4)> <Delay = 0.00>
ST_28 : Operation 273 [1/1] (0.00ns)   --->   "%br_ln25 = br void %arrayidx181.i36.i68.exit" [ekf_core.cpp:25->ekf_core.cpp:116->ekf_core.cpp:169]   --->   Operation 273 'br' 'br_ln25' <Predicate = (select_ln17_7 == 2 & select_ln17 != 0 & select_ln17 != 1 & select_ln17 != 2 & select_ln17 != 3 & select_ln17 != 4)> <Delay = 0.00>
ST_28 : Operation 274 [1/1] (0.00ns)   --->   "%store_ln25 = store i32 %acc_53, i32 %acc_16" [ekf_core.cpp:25->ekf_core.cpp:116->ekf_core.cpp:169]   --->   Operation 274 'store' 'store_ln25' <Predicate = (select_ln17_7 == 1 & select_ln17 == 4)> <Delay = 0.00>
ST_28 : Operation 275 [1/1] (0.00ns)   --->   "%br_ln25 = br void %arrayidx181.i36.i68.exit" [ekf_core.cpp:25->ekf_core.cpp:116->ekf_core.cpp:169]   --->   Operation 275 'br' 'br_ln25' <Predicate = (select_ln17_7 == 1 & select_ln17 == 4)> <Delay = 0.00>
ST_28 : Operation 276 [1/1] (0.00ns)   --->   "%store_ln25 = store i32 %acc_53, i32 %acc_15" [ekf_core.cpp:25->ekf_core.cpp:116->ekf_core.cpp:169]   --->   Operation 276 'store' 'store_ln25' <Predicate = (select_ln17_7 == 1 & select_ln17 == 3)> <Delay = 0.00>
ST_28 : Operation 277 [1/1] (0.00ns)   --->   "%br_ln25 = br void %arrayidx181.i36.i68.exit" [ekf_core.cpp:25->ekf_core.cpp:116->ekf_core.cpp:169]   --->   Operation 277 'br' 'br_ln25' <Predicate = (select_ln17_7 == 1 & select_ln17 == 3)> <Delay = 0.00>
ST_28 : Operation 278 [1/1] (0.00ns)   --->   "%store_ln25 = store i32 %acc_53, i32 %acc_14" [ekf_core.cpp:25->ekf_core.cpp:116->ekf_core.cpp:169]   --->   Operation 278 'store' 'store_ln25' <Predicate = (select_ln17_7 == 1 & select_ln17 == 2)> <Delay = 0.00>
ST_28 : Operation 279 [1/1] (0.00ns)   --->   "%br_ln25 = br void %arrayidx181.i36.i68.exit" [ekf_core.cpp:25->ekf_core.cpp:116->ekf_core.cpp:169]   --->   Operation 279 'br' 'br_ln25' <Predicate = (select_ln17_7 == 1 & select_ln17 == 2)> <Delay = 0.00>
ST_28 : Operation 280 [1/1] (0.00ns)   --->   "%store_ln25 = store i32 %acc_53, i32 %acc_13" [ekf_core.cpp:25->ekf_core.cpp:116->ekf_core.cpp:169]   --->   Operation 280 'store' 'store_ln25' <Predicate = (select_ln17_7 == 1 & select_ln17 == 1)> <Delay = 0.00>
ST_28 : Operation 281 [1/1] (0.00ns)   --->   "%br_ln25 = br void %arrayidx181.i36.i68.exit" [ekf_core.cpp:25->ekf_core.cpp:116->ekf_core.cpp:169]   --->   Operation 281 'br' 'br_ln25' <Predicate = (select_ln17_7 == 1 & select_ln17 == 1)> <Delay = 0.00>
ST_28 : Operation 282 [1/1] (0.00ns)   --->   "%store_ln25 = store i32 %acc_53, i32 %acc_12" [ekf_core.cpp:25->ekf_core.cpp:116->ekf_core.cpp:169]   --->   Operation 282 'store' 'store_ln25' <Predicate = (select_ln17_7 == 1 & select_ln17 == 0)> <Delay = 0.00>
ST_28 : Operation 283 [1/1] (0.00ns)   --->   "%br_ln25 = br void %arrayidx181.i36.i68.exit" [ekf_core.cpp:25->ekf_core.cpp:116->ekf_core.cpp:169]   --->   Operation 283 'br' 'br_ln25' <Predicate = (select_ln17_7 == 1 & select_ln17 == 0)> <Delay = 0.00>
ST_28 : Operation 284 [1/1] (0.00ns)   --->   "%store_ln25 = store i32 %acc_53, i32 %acc_17" [ekf_core.cpp:25->ekf_core.cpp:116->ekf_core.cpp:169]   --->   Operation 284 'store' 'store_ln25' <Predicate = (select_ln17_7 == 1 & select_ln17 != 0 & select_ln17 != 1 & select_ln17 != 2 & select_ln17 != 3 & select_ln17 != 4)> <Delay = 0.00>
ST_28 : Operation 285 [1/1] (0.00ns)   --->   "%br_ln25 = br void %arrayidx181.i36.i68.exit" [ekf_core.cpp:25->ekf_core.cpp:116->ekf_core.cpp:169]   --->   Operation 285 'br' 'br_ln25' <Predicate = (select_ln17_7 == 1 & select_ln17 != 0 & select_ln17 != 1 & select_ln17 != 2 & select_ln17 != 3 & select_ln17 != 4)> <Delay = 0.00>
ST_28 : Operation 286 [1/1] (0.00ns)   --->   "%store_ln25 = store i32 %acc_53, i32 %acc_10" [ekf_core.cpp:25->ekf_core.cpp:116->ekf_core.cpp:169]   --->   Operation 286 'store' 'store_ln25' <Predicate = (select_ln17_7 == 0 & select_ln17 == 4)> <Delay = 0.00>
ST_28 : Operation 287 [1/1] (0.00ns)   --->   "%br_ln25 = br void %arrayidx181.i36.i68.exit" [ekf_core.cpp:25->ekf_core.cpp:116->ekf_core.cpp:169]   --->   Operation 287 'br' 'br_ln25' <Predicate = (select_ln17_7 == 0 & select_ln17 == 4)> <Delay = 0.00>
ST_28 : Operation 288 [1/1] (0.00ns)   --->   "%store_ln25 = store i32 %acc_53, i32 %acc_9" [ekf_core.cpp:25->ekf_core.cpp:116->ekf_core.cpp:169]   --->   Operation 288 'store' 'store_ln25' <Predicate = (select_ln17_7 == 0 & select_ln17 == 3)> <Delay = 0.00>
ST_28 : Operation 289 [1/1] (0.00ns)   --->   "%br_ln25 = br void %arrayidx181.i36.i68.exit" [ekf_core.cpp:25->ekf_core.cpp:116->ekf_core.cpp:169]   --->   Operation 289 'br' 'br_ln25' <Predicate = (select_ln17_7 == 0 & select_ln17 == 3)> <Delay = 0.00>
ST_28 : Operation 290 [1/1] (0.00ns)   --->   "%store_ln25 = store i32 %acc_53, i32 %acc_8" [ekf_core.cpp:25->ekf_core.cpp:116->ekf_core.cpp:169]   --->   Operation 290 'store' 'store_ln25' <Predicate = (select_ln17_7 == 0 & select_ln17 == 2)> <Delay = 0.00>
ST_28 : Operation 291 [1/1] (0.00ns)   --->   "%br_ln25 = br void %arrayidx181.i36.i68.exit" [ekf_core.cpp:25->ekf_core.cpp:116->ekf_core.cpp:169]   --->   Operation 291 'br' 'br_ln25' <Predicate = (select_ln17_7 == 0 & select_ln17 == 2)> <Delay = 0.00>
ST_28 : Operation 292 [1/1] (0.00ns)   --->   "%store_ln25 = store i32 %acc_53, i32 %acc_7" [ekf_core.cpp:25->ekf_core.cpp:116->ekf_core.cpp:169]   --->   Operation 292 'store' 'store_ln25' <Predicate = (select_ln17_7 == 0 & select_ln17 == 1)> <Delay = 0.00>
ST_28 : Operation 293 [1/1] (0.00ns)   --->   "%br_ln25 = br void %arrayidx181.i36.i68.exit" [ekf_core.cpp:25->ekf_core.cpp:116->ekf_core.cpp:169]   --->   Operation 293 'br' 'br_ln25' <Predicate = (select_ln17_7 == 0 & select_ln17 == 1)> <Delay = 0.00>
ST_28 : Operation 294 [1/1] (0.00ns)   --->   "%store_ln25 = store i32 %acc_53, i32 %acc" [ekf_core.cpp:25->ekf_core.cpp:116->ekf_core.cpp:169]   --->   Operation 294 'store' 'store_ln25' <Predicate = (select_ln17_7 == 0 & select_ln17 == 0)> <Delay = 0.00>
ST_28 : Operation 295 [1/1] (0.00ns)   --->   "%br_ln25 = br void %arrayidx181.i36.i68.exit" [ekf_core.cpp:25->ekf_core.cpp:116->ekf_core.cpp:169]   --->   Operation 295 'br' 'br_ln25' <Predicate = (select_ln17_7 == 0 & select_ln17 == 0)> <Delay = 0.00>
ST_28 : Operation 296 [1/1] (0.00ns)   --->   "%store_ln25 = store i32 %acc_53, i32 %acc_11" [ekf_core.cpp:25->ekf_core.cpp:116->ekf_core.cpp:169]   --->   Operation 296 'store' 'store_ln25' <Predicate = (select_ln17_7 == 0 & select_ln17 != 0 & select_ln17 != 1 & select_ln17 != 2 & select_ln17 != 3 & select_ln17 != 4)> <Delay = 0.00>
ST_28 : Operation 297 [1/1] (0.00ns)   --->   "%br_ln25 = br void %arrayidx181.i36.i68.exit" [ekf_core.cpp:25->ekf_core.cpp:116->ekf_core.cpp:169]   --->   Operation 297 'br' 'br_ln25' <Predicate = (select_ln17_7 == 0 & select_ln17 != 0 & select_ln17 != 1 & select_ln17 != 2 & select_ln17 != 3 & select_ln17 != 4)> <Delay = 0.00>
ST_28 : Operation 298 [1/1] (0.00ns)   --->   "%store_ln25 = store i32 %acc_53, i32 %acc_46" [ekf_core.cpp:25->ekf_core.cpp:116->ekf_core.cpp:169]   --->   Operation 298 'store' 'store_ln25' <Predicate = (select_ln17_7 != 0 & select_ln17_7 != 1 & select_ln17_7 != 2 & select_ln17_7 != 3 & select_ln17_7 != 4 & select_ln17 == 4)> <Delay = 0.00>
ST_28 : Operation 299 [1/1] (0.00ns)   --->   "%br_ln25 = br void %arrayidx181.i36.i68.exit" [ekf_core.cpp:25->ekf_core.cpp:116->ekf_core.cpp:169]   --->   Operation 299 'br' 'br_ln25' <Predicate = (select_ln17_7 != 0 & select_ln17_7 != 1 & select_ln17_7 != 2 & select_ln17_7 != 3 & select_ln17_7 != 4 & select_ln17 == 4)> <Delay = 0.00>
ST_28 : Operation 300 [1/1] (0.00ns)   --->   "%store_ln25 = store i32 %acc_53, i32 %acc_45" [ekf_core.cpp:25->ekf_core.cpp:116->ekf_core.cpp:169]   --->   Operation 300 'store' 'store_ln25' <Predicate = (select_ln17_7 != 0 & select_ln17_7 != 1 & select_ln17_7 != 2 & select_ln17_7 != 3 & select_ln17_7 != 4 & select_ln17 == 3)> <Delay = 0.00>
ST_28 : Operation 301 [1/1] (0.00ns)   --->   "%br_ln25 = br void %arrayidx181.i36.i68.exit" [ekf_core.cpp:25->ekf_core.cpp:116->ekf_core.cpp:169]   --->   Operation 301 'br' 'br_ln25' <Predicate = (select_ln17_7 != 0 & select_ln17_7 != 1 & select_ln17_7 != 2 & select_ln17_7 != 3 & select_ln17_7 != 4 & select_ln17 == 3)> <Delay = 0.00>
ST_28 : Operation 302 [1/1] (0.00ns)   --->   "%store_ln25 = store i32 %acc_53, i32 %acc_44" [ekf_core.cpp:25->ekf_core.cpp:116->ekf_core.cpp:169]   --->   Operation 302 'store' 'store_ln25' <Predicate = (select_ln17_7 != 0 & select_ln17_7 != 1 & select_ln17_7 != 2 & select_ln17_7 != 3 & select_ln17_7 != 4 & select_ln17 == 2)> <Delay = 0.00>
ST_28 : Operation 303 [1/1] (0.00ns)   --->   "%br_ln25 = br void %arrayidx181.i36.i68.exit" [ekf_core.cpp:25->ekf_core.cpp:116->ekf_core.cpp:169]   --->   Operation 303 'br' 'br_ln25' <Predicate = (select_ln17_7 != 0 & select_ln17_7 != 1 & select_ln17_7 != 2 & select_ln17_7 != 3 & select_ln17_7 != 4 & select_ln17 == 2)> <Delay = 0.00>
ST_28 : Operation 304 [1/1] (0.00ns)   --->   "%store_ln25 = store i32 %acc_53, i32 %acc_43" [ekf_core.cpp:25->ekf_core.cpp:116->ekf_core.cpp:169]   --->   Operation 304 'store' 'store_ln25' <Predicate = (select_ln17_7 != 0 & select_ln17_7 != 1 & select_ln17_7 != 2 & select_ln17_7 != 3 & select_ln17_7 != 4 & select_ln17 == 1)> <Delay = 0.00>
ST_28 : Operation 305 [1/1] (0.00ns)   --->   "%br_ln25 = br void %arrayidx181.i36.i68.exit" [ekf_core.cpp:25->ekf_core.cpp:116->ekf_core.cpp:169]   --->   Operation 305 'br' 'br_ln25' <Predicate = (select_ln17_7 != 0 & select_ln17_7 != 1 & select_ln17_7 != 2 & select_ln17_7 != 3 & select_ln17_7 != 4 & select_ln17 == 1)> <Delay = 0.00>
ST_28 : Operation 306 [1/1] (0.00ns)   --->   "%store_ln25 = store i32 %acc_53, i32 %acc_42" [ekf_core.cpp:25->ekf_core.cpp:116->ekf_core.cpp:169]   --->   Operation 306 'store' 'store_ln25' <Predicate = (select_ln17_7 != 0 & select_ln17_7 != 1 & select_ln17_7 != 2 & select_ln17_7 != 3 & select_ln17_7 != 4 & select_ln17 == 0)> <Delay = 0.00>
ST_28 : Operation 307 [1/1] (0.00ns)   --->   "%br_ln25 = br void %arrayidx181.i36.i68.exit" [ekf_core.cpp:25->ekf_core.cpp:116->ekf_core.cpp:169]   --->   Operation 307 'br' 'br_ln25' <Predicate = (select_ln17_7 != 0 & select_ln17_7 != 1 & select_ln17_7 != 2 & select_ln17_7 != 3 & select_ln17_7 != 4 & select_ln17 == 0)> <Delay = 0.00>
ST_28 : Operation 308 [1/1] (0.00ns)   --->   "%store_ln25 = store i32 %acc_53, i32 %acc_47" [ekf_core.cpp:25->ekf_core.cpp:116->ekf_core.cpp:169]   --->   Operation 308 'store' 'store_ln25' <Predicate = (select_ln17_7 != 0 & select_ln17_7 != 1 & select_ln17_7 != 2 & select_ln17_7 != 3 & select_ln17_7 != 4 & select_ln17 != 0 & select_ln17 != 1 & select_ln17 != 2 & select_ln17 != 3 & select_ln17 != 4)> <Delay = 0.00>
ST_28 : Operation 309 [1/1] (0.00ns)   --->   "%br_ln25 = br void %arrayidx181.i36.i68.exit" [ekf_core.cpp:25->ekf_core.cpp:116->ekf_core.cpp:169]   --->   Operation 309 'br' 'br_ln25' <Predicate = (select_ln17_7 != 0 & select_ln17_7 != 1 & select_ln17_7 != 2 & select_ln17_7 != 3 & select_ln17_7 != 4 & select_ln17 != 0 & select_ln17 != 1 & select_ln17 != 2 & select_ln17 != 3 & select_ln17 != 4)> <Delay = 0.00>


============================================================
+ Verbose Summary: Binding
============================================================
STG Binding: 
---------------- STG Properties BEGIN ----------------
- Is combinational: 0
- Is one-state seq: 0
- Is datapath-only: 0
- Is pipelined: 0
- Is top level: 0
Port [ Return ] is wired: 1; IO mode=ap_ctrl_hs:ce=0
Port [ mux_case_019453001_reload]:  wired=1; compound=0; hidden=0; nouse=0; global=0; static=0; extern=0; dir=0; type=0; pingpong=0; private_global=0; IO mode=ap_none:ce=0
Port [ mux_case_119473007_reload]:  wired=1; compound=0; hidden=0; nouse=0; global=0; static=0; extern=0; dir=0; type=0; pingpong=0; private_global=0; IO mode=ap_none:ce=0
Port [ mux_case_219493012_reload]:  wired=1; compound=0; hidden=0; nouse=0; global=0; static=0; extern=0; dir=0; type=0; pingpong=0; private_global=0; IO mode=ap_none:ce=0
Port [ mux_case_319513017_reload]:  wired=1; compound=0; hidden=0; nouse=0; global=0; static=0; extern=0; dir=0; type=0; pingpong=0; private_global=0; IO mode=ap_none:ce=0
Port [ mux_case_419533022_reload]:  wired=1; compound=0; hidden=0; nouse=0; global=0; static=0; extern=0; dir=0; type=0; pingpong=0; private_global=0; IO mode=ap_none:ce=0
Port [ mux_case_519553027_reload]:  wired=1; compound=0; hidden=0; nouse=0; global=0; static=0; extern=0; dir=0; type=0; pingpong=0; private_global=0; IO mode=ap_none:ce=0
Port [ mux_case_019573031_reload]:  wired=1; compound=0; hidden=0; nouse=0; global=0; static=0; extern=0; dir=0; type=0; pingpong=0; private_global=0; IO mode=ap_none:ce=0
Port [ mux_case_119593037_reload]:  wired=1; compound=0; hidden=0; nouse=0; global=0; static=0; extern=0; dir=0; type=0; pingpong=0; private_global=0; IO mode=ap_none:ce=0
Port [ mux_case_219613042_reload]:  wired=1; compound=0; hidden=0; nouse=0; global=0; static=0; extern=0; dir=0; type=0; pingpong=0; private_global=0; IO mode=ap_none:ce=0
Port [ mux_case_319633047_reload]:  wired=1; compound=0; hidden=0; nouse=0; global=0; static=0; extern=0; dir=0; type=0; pingpong=0; private_global=0; IO mode=ap_none:ce=0
Port [ mux_case_419653052_reload]:  wired=1; compound=0; hidden=0; nouse=0; global=0; static=0; extern=0; dir=0; type=0; pingpong=0; private_global=0; IO mode=ap_none:ce=0
Port [ mux_case_519673057_reload]:  wired=1; compound=0; hidden=0; nouse=0; global=0; static=0; extern=0; dir=0; type=0; pingpong=0; private_global=0; IO mode=ap_none:ce=0
Port [ mux_case_019693061_reload]:  wired=1; compound=0; hidden=0; nouse=0; global=0; static=0; extern=0; dir=0; type=0; pingpong=0; private_global=0; IO mode=ap_none:ce=0
Port [ mux_case_119713067_reload]:  wired=1; compound=0; hidden=0; nouse=0; global=0; static=0; extern=0; dir=0; type=0; pingpong=0; private_global=0; IO mode=ap_none:ce=0
Port [ mux_case_219733072_reload]:  wired=1; compound=0; hidden=0; nouse=0; global=0; static=0; extern=0; dir=0; type=0; pingpong=0; private_global=0; IO mode=ap_none:ce=0
Port [ mux_case_319753077_reload]:  wired=1; compound=0; hidden=0; nouse=0; global=0; static=0; extern=0; dir=0; type=0; pingpong=0; private_global=0; IO mode=ap_none:ce=0
Port [ mux_case_419773082_reload]:  wired=1; compound=0; hidden=0; nouse=0; global=0; static=0; extern=0; dir=0; type=0; pingpong=0; private_global=0; IO mode=ap_none:ce=0
Port [ mux_case_519793087_reload]:  wired=1; compound=0; hidden=0; nouse=0; global=0; static=0; extern=0; dir=0; type=0; pingpong=0; private_global=0; IO mode=ap_none:ce=0
Port [ mux_case_019813091_reload]:  wired=1; compound=0; hidden=0; nouse=0; global=0; static=0; extern=0; dir=0; type=0; pingpong=0; private_global=0; IO mode=ap_none:ce=0
Port [ mux_case_119833097_reload]:  wired=1; compound=0; hidden=0; nouse=0; global=0; static=0; extern=0; dir=0; type=0; pingpong=0; private_global=0; IO mode=ap_none:ce=0
Port [ mux_case_219853102_reload]:  wired=1; compound=0; hidden=0; nouse=0; global=0; static=0; extern=0; dir=0; type=0; pingpong=0; private_global=0; IO mode=ap_none:ce=0
Port [ mux_case_319873107_reload]:  wired=1; compound=0; hidden=0; nouse=0; global=0; static=0; extern=0; dir=0; type=0; pingpong=0; private_global=0; IO mode=ap_none:ce=0
Port [ mux_case_419893112_reload]:  wired=1; compound=0; hidden=0; nouse=0; global=0; static=0; extern=0; dir=0; type=0; pingpong=0; private_global=0; IO mode=ap_none:ce=0
Port [ mux_case_519913117_reload]:  wired=1; compound=0; hidden=0; nouse=0; global=0; static=0; extern=0; dir=0; type=0; pingpong=0; private_global=0; IO mode=ap_none:ce=0
Port [ mux_case_019933121_reload]:  wired=1; compound=0; hidden=0; nouse=0; global=0; static=0; extern=0; dir=0; type=0; pingpong=0; private_global=0; IO mode=ap_none:ce=0
Port [ mux_case_119953127_reload]:  wired=1; compound=0; hidden=0; nouse=0; global=0; static=0; extern=0; dir=0; type=0; pingpong=0; private_global=0; IO mode=ap_none:ce=0
Port [ mux_case_219973132_reload]:  wired=1; compound=0; hidden=0; nouse=0; global=0; static=0; extern=0; dir=0; type=0; pingpong=0; private_global=0; IO mode=ap_none:ce=0
Port [ mux_case_319993137_reload]:  wired=1; compound=0; hidden=0; nouse=0; global=0; static=0; extern=0; dir=0; type=0; pingpong=0; private_global=0; IO mode=ap_none:ce=0
Port [ mux_case_420013142_reload]:  wired=1; compound=0; hidden=0; nouse=0; global=0; static=0; extern=0; dir=0; type=0; pingpong=0; private_global=0; IO mode=ap_none:ce=0
Port [ mux_case_520033147_reload]:  wired=1; compound=0; hidden=0; nouse=0; global=0; static=0; extern=0; dir=0; type=0; pingpong=0; private_global=0; IO mode=ap_none:ce=0
Port [ mux_case_020053151_reload]:  wired=1; compound=0; hidden=0; nouse=0; global=0; static=0; extern=0; dir=0; type=0; pingpong=0; private_global=0; IO mode=ap_none:ce=0
Port [ mux_case_120073157_reload]:  wired=1; compound=0; hidden=0; nouse=0; global=0; static=0; extern=0; dir=0; type=0; pingpong=0; private_global=0; IO mode=ap_none:ce=0
Port [ mux_case_220093162_reload]:  wired=1; compound=0; hidden=0; nouse=0; global=0; static=0; extern=0; dir=0; type=0; pingpong=0; private_global=0; IO mode=ap_none:ce=0
Port [ mux_case_320113167_reload]:  wired=1; compound=0; hidden=0; nouse=0; global=0; static=0; extern=0; dir=0; type=0; pingpong=0; private_global=0; IO mode=ap_none:ce=0
Port [ mux_case_420133172_reload]:  wired=1; compound=0; hidden=0; nouse=0; global=0; static=0; extern=0; dir=0; type=0; pingpong=0; private_global=0; IO mode=ap_none:ce=0
Port [ mux_case_520153177_reload]:  wired=1; compound=0; hidden=0; nouse=0; global=0; static=0; extern=0; dir=0; type=0; pingpong=0; private_global=0; IO mode=ap_none:ce=0
Port [ At_reload]:  wired=1; compound=0; hidden=0; nouse=0; global=0; static=0; extern=0; dir=0; type=0; pingpong=0; private_global=0; IO mode=ap_none:ce=0
Port [ At_1_reload]:  wired=1; compound=0; hidden=0; nouse=0; global=0; static=0; extern=0; dir=0; type=0; pingpong=0; private_global=0; IO mode=ap_none:ce=0
Port [ At_2_reload]:  wired=1; compound=0; hidden=0; nouse=0; global=0; static=0; extern=0; dir=0; type=0; pingpong=0; private_global=0; IO mode=ap_none:ce=0
Port [ At_3_reload]:  wired=1; compound=0; hidden=0; nouse=0; global=0; static=0; extern=0; dir=0; type=0; pingpong=0; private_global=0; IO mode=ap_none:ce=0
Port [ At_4_reload]:  wired=1; compound=0; hidden=0; nouse=0; global=0; static=0; extern=0; dir=0; type=0; pingpong=0; private_global=0; IO mode=ap_none:ce=0
Port [ At_5_reload]:  wired=1; compound=0; hidden=0; nouse=0; global=0; static=0; extern=0; dir=0; type=0; pingpong=0; private_global=0; IO mode=ap_none:ce=0
Port [ At_6_reload]:  wired=1; compound=0; hidden=0; nouse=0; global=0; static=0; extern=0; dir=0; type=0; pingpong=0; private_global=0; IO mode=ap_none:ce=0
Port [ At_7_reload]:  wired=1; compound=0; hidden=0; nouse=0; global=0; static=0; extern=0; dir=0; type=0; pingpong=0; private_global=0; IO mode=ap_none:ce=0
Port [ At_8_reload]:  wired=1; compound=0; hidden=0; nouse=0; global=0; static=0; extern=0; dir=0; type=0; pingpong=0; private_global=0; IO mode=ap_none:ce=0
Port [ At_9_reload]:  wired=1; compound=0; hidden=0; nouse=0; global=0; static=0; extern=0; dir=0; type=0; pingpong=0; private_global=0; IO mode=ap_none:ce=0
Port [ At_10_reload]:  wired=1; compound=0; hidden=0; nouse=0; global=0; static=0; extern=0; dir=0; type=0; pingpong=0; private_global=0; IO mode=ap_none:ce=0
Port [ At_11_reload]:  wired=1; compound=0; hidden=0; nouse=0; global=0; static=0; extern=0; dir=0; type=0; pingpong=0; private_global=0; IO mode=ap_none:ce=0
Port [ At_12_reload]:  wired=1; compound=0; hidden=0; nouse=0; global=0; static=0; extern=0; dir=0; type=0; pingpong=0; private_global=0; IO mode=ap_none:ce=0
Port [ At_13_reload]:  wired=1; compound=0; hidden=0; nouse=0; global=0; static=0; extern=0; dir=0; type=0; pingpong=0; private_global=0; IO mode=ap_none:ce=0
Port [ At_14_reload]:  wired=1; compound=0; hidden=0; nouse=0; global=0; static=0; extern=0; dir=0; type=0; pingpong=0; private_global=0; IO mode=ap_none:ce=0
Port [ At_15_reload]:  wired=1; compound=0; hidden=0; nouse=0; global=0; static=0; extern=0; dir=0; type=0; pingpong=0; private_global=0; IO mode=ap_none:ce=0
Port [ At_16_reload]:  wired=1; compound=0; hidden=0; nouse=0; global=0; static=0; extern=0; dir=0; type=0; pingpong=0; private_global=0; IO mode=ap_none:ce=0
Port [ At_17_reload]:  wired=1; compound=0; hidden=0; nouse=0; global=0; static=0; extern=0; dir=0; type=0; pingpong=0; private_global=0; IO mode=ap_none:ce=0
Port [ At_18_reload]:  wired=1; compound=0; hidden=0; nouse=0; global=0; static=0; extern=0; dir=0; type=0; pingpong=0; private_global=0; IO mode=ap_none:ce=0
Port [ At_19_reload]:  wired=1; compound=0; hidden=0; nouse=0; global=0; static=0; extern=0; dir=0; type=0; pingpong=0; private_global=0; IO mode=ap_none:ce=0
Port [ At_20_reload]:  wired=1; compound=0; hidden=0; nouse=0; global=0; static=0; extern=0; dir=0; type=0; pingpong=0; private_global=0; IO mode=ap_none:ce=0
Port [ At_21_reload]:  wired=1; compound=0; hidden=0; nouse=0; global=0; static=0; extern=0; dir=0; type=0; pingpong=0; private_global=0; IO mode=ap_none:ce=0
Port [ At_22_reload]:  wired=1; compound=0; hidden=0; nouse=0; global=0; static=0; extern=0; dir=0; type=0; pingpong=0; private_global=0; IO mode=ap_none:ce=0
Port [ At_23_reload]:  wired=1; compound=0; hidden=0; nouse=0; global=0; static=0; extern=0; dir=0; type=0; pingpong=0; private_global=0; IO mode=ap_none:ce=0
Port [ At_24_reload]:  wired=1; compound=0; hidden=0; nouse=0; global=0; static=0; extern=0; dir=0; type=0; pingpong=0; private_global=0; IO mode=ap_none:ce=0
Port [ At_25_reload]:  wired=1; compound=0; hidden=0; nouse=0; global=0; static=0; extern=0; dir=0; type=0; pingpong=0; private_global=0; IO mode=ap_none:ce=0
Port [ At_26_reload]:  wired=1; compound=0; hidden=0; nouse=0; global=0; static=0; extern=0; dir=0; type=0; pingpong=0; private_global=0; IO mode=ap_none:ce=0
Port [ At_27_reload]:  wired=1; compound=0; hidden=0; nouse=0; global=0; static=0; extern=0; dir=0; type=0; pingpong=0; private_global=0; IO mode=ap_none:ce=0
Port [ At_28_reload]:  wired=1; compound=0; hidden=0; nouse=0; global=0; static=0; extern=0; dir=0; type=0; pingpong=0; private_global=0; IO mode=ap_none:ce=0
Port [ At_29_reload]:  wired=1; compound=0; hidden=0; nouse=0; global=0; static=0; extern=0; dir=0; type=0; pingpong=0; private_global=0; IO mode=ap_none:ce=0
Port [ At_30_reload]:  wired=1; compound=0; hidden=0; nouse=0; global=0; static=0; extern=0; dir=0; type=0; pingpong=0; private_global=0; IO mode=ap_none:ce=0
Port [ At_31_reload]:  wired=1; compound=0; hidden=0; nouse=0; global=0; static=0; extern=0; dir=0; type=0; pingpong=0; private_global=0; IO mode=ap_none:ce=0
Port [ At_32_reload]:  wired=1; compound=0; hidden=0; nouse=0; global=0; static=0; extern=0; dir=0; type=0; pingpong=0; private_global=0; IO mode=ap_none:ce=0
Port [ At_33_reload]:  wired=1; compound=0; hidden=0; nouse=0; global=0; static=0; extern=0; dir=0; type=0; pingpong=0; private_global=0; IO mode=ap_none:ce=0
Port [ At_34_reload]:  wired=1; compound=0; hidden=0; nouse=0; global=0; static=0; extern=0; dir=0; type=0; pingpong=0; private_global=0; IO mode=ap_none:ce=0
Port [ At_35_reload]:  wired=1; compound=0; hidden=0; nouse=0; global=0; static=0; extern=0; dir=0; type=0; pingpong=0; private_global=0; IO mode=ap_none:ce=0
Port [ mux_case_522243393_out]:  wired=1; compound=0; hidden=0; nouse=0; global=0; static=0; extern=0; dir=1; type=0; pingpong=0; private_global=0; IO mode=ap_vld:ce=0
Port [ mux_case_422223387_out]:  wired=1; compound=0; hidden=0; nouse=0; global=0; static=0; extern=0; dir=1; type=0; pingpong=0; private_global=0; IO mode=ap_vld:ce=0
Port [ mux_case_322203381_out]:  wired=1; compound=0; hidden=0; nouse=0; global=0; static=0; extern=0; dir=1; type=0; pingpong=0; private_global=0; IO mode=ap_vld:ce=0
Port [ mux_case_222183375_out]:  wired=1; compound=0; hidden=0; nouse=0; global=0; static=0; extern=0; dir=1; type=0; pingpong=0; private_global=0; IO mode=ap_vld:ce=0
Port [ mux_case_122163369_out]:  wired=1; compound=0; hidden=0; nouse=0; global=0; static=0; extern=0; dir=1; type=0; pingpong=0; private_global=0; IO mode=ap_vld:ce=0
Port [ mux_case_022143363_out]:  wired=1; compound=0; hidden=0; nouse=0; global=0; static=0; extern=0; dir=1; type=0; pingpong=0; private_global=0; IO mode=ap_vld:ce=0
Port [ mux_case_522113357_out]:  wired=1; compound=0; hidden=0; nouse=0; global=0; static=0; extern=0; dir=1; type=0; pingpong=0; private_global=0; IO mode=ap_vld:ce=0
Port [ mux_case_422093351_out]:  wired=1; compound=0; hidden=0; nouse=0; global=0; static=0; extern=0; dir=1; type=0; pingpong=0; private_global=0; IO mode=ap_vld:ce=0
Port [ mux_case_322073345_out]:  wired=1; compound=0; hidden=0; nouse=0; global=0; static=0; extern=0; dir=1; type=0; pingpong=0; private_global=0; IO mode=ap_vld:ce=0
Port [ mux_case_222053339_out]:  wired=1; compound=0; hidden=0; nouse=0; global=0; static=0; extern=0; dir=1; type=0; pingpong=0; private_global=0; IO mode=ap_vld:ce=0
Port [ mux_case_122033333_out]:  wired=1; compound=0; hidden=0; nouse=0; global=0; static=0; extern=0; dir=1; type=0; pingpong=0; private_global=0; IO mode=ap_vld:ce=0
Port [ mux_case_022013327_out]:  wired=1; compound=0; hidden=0; nouse=0; global=0; static=0; extern=0; dir=1; type=0; pingpong=0; private_global=0; IO mode=ap_vld:ce=0
Port [ mux_case_521983321_out]:  wired=1; compound=0; hidden=0; nouse=0; global=0; static=0; extern=0; dir=1; type=0; pingpong=0; private_global=0; IO mode=ap_vld:ce=0
Port [ mux_case_421963315_out]:  wired=1; compound=0; hidden=0; nouse=0; global=0; static=0; extern=0; dir=1; type=0; pingpong=0; private_global=0; IO mode=ap_vld:ce=0
Port [ mux_case_321943309_out]:  wired=1; compound=0; hidden=0; nouse=0; global=0; static=0; extern=0; dir=1; type=0; pingpong=0; private_global=0; IO mode=ap_vld:ce=0
Port [ mux_case_221923303_out]:  wired=1; compound=0; hidden=0; nouse=0; global=0; static=0; extern=0; dir=1; type=0; pingpong=0; private_global=0; IO mode=ap_vld:ce=0
Port [ mux_case_121903297_out]:  wired=1; compound=0; hidden=0; nouse=0; global=0; static=0; extern=0; dir=1; type=0; pingpong=0; private_global=0; IO mode=ap_vld:ce=0
Port [ mux_case_021883291_out]:  wired=1; compound=0; hidden=0; nouse=0; global=0; static=0; extern=0; dir=1; type=0; pingpong=0; private_global=0; IO mode=ap_vld:ce=0
Port [ mux_case_521853285_out]:  wired=1; compound=0; hidden=0; nouse=0; global=0; static=0; extern=0; dir=1; type=0; pingpong=0; private_global=0; IO mode=ap_vld:ce=0
Port [ mux_case_421833279_out]:  wired=1; compound=0; hidden=0; nouse=0; global=0; static=0; extern=0; dir=1; type=0; pingpong=0; private_global=0; IO mode=ap_vld:ce=0
Port [ mux_case_321813273_out]:  wired=1; compound=0; hidden=0; nouse=0; global=0; static=0; extern=0; dir=1; type=0; pingpong=0; private_global=0; IO mode=ap_vld:ce=0
Port [ mux_case_221793267_out]:  wired=1; compound=0; hidden=0; nouse=0; global=0; static=0; extern=0; dir=1; type=0; pingpong=0; private_global=0; IO mode=ap_vld:ce=0
Port [ mux_case_121773261_out]:  wired=1; compound=0; hidden=0; nouse=0; global=0; static=0; extern=0; dir=1; type=0; pingpong=0; private_global=0; IO mode=ap_vld:ce=0
Port [ mux_case_021753255_out]:  wired=1; compound=0; hidden=0; nouse=0; global=0; static=0; extern=0; dir=1; type=0; pingpong=0; private_global=0; IO mode=ap_vld:ce=0
Port [ mux_case_521723249_out]:  wired=1; compound=0; hidden=0; nouse=0; global=0; static=0; extern=0; dir=1; type=0; pingpong=0; private_global=0; IO mode=ap_vld:ce=0
Port [ mux_case_421703243_out]:  wired=1; compound=0; hidden=0; nouse=0; global=0; static=0; extern=0; dir=1; type=0; pingpong=0; private_global=0; IO mode=ap_vld:ce=0
Port [ mux_case_321683237_out]:  wired=1; compound=0; hidden=0; nouse=0; global=0; static=0; extern=0; dir=1; type=0; pingpong=0; private_global=0; IO mode=ap_vld:ce=0
Port [ mux_case_221663231_out]:  wired=1; compound=0; hidden=0; nouse=0; global=0; static=0; extern=0; dir=1; type=0; pingpong=0; private_global=0; IO mode=ap_vld:ce=0
Port [ mux_case_121643225_out]:  wired=1; compound=0; hidden=0; nouse=0; global=0; static=0; extern=0; dir=1; type=0; pingpong=0; private_global=0; IO mode=ap_vld:ce=0
Port [ mux_case_021623219_out]:  wired=1; compound=0; hidden=0; nouse=0; global=0; static=0; extern=0; dir=1; type=0; pingpong=0; private_global=0; IO mode=ap_vld:ce=0
Port [ mux_case_521593212_out]:  wired=1; compound=0; hidden=0; nouse=0; global=0; static=0; extern=0; dir=1; type=0; pingpong=0; private_global=0; IO mode=ap_vld:ce=0
Port [ mux_case_421573206_out]:  wired=1; compound=0; hidden=0; nouse=0; global=0; static=0; extern=0; dir=1; type=0; pingpong=0; private_global=0; IO mode=ap_vld:ce=0
Port [ mux_case_321553200_out]:  wired=1; compound=0; hidden=0; nouse=0; global=0; static=0; extern=0; dir=1; type=0; pingpong=0; private_global=0; IO mode=ap_vld:ce=0
Port [ mux_case_221533194_out]:  wired=1; compound=0; hidden=0; nouse=0; global=0; static=0; extern=0; dir=1; type=0; pingpong=0; private_global=0; IO mode=ap_vld:ce=0
Port [ mux_case_121513188_out]:  wired=1; compound=0; hidden=0; nouse=0; global=0; static=0; extern=0; dir=1; type=0; pingpong=0; private_global=0; IO mode=ap_vld:ce=0
Port [ mux_case_021493182_out]:  wired=1; compound=0; hidden=0; nouse=0; global=0; static=0; extern=0; dir=1; type=0; pingpong=0; private_global=0; IO mode=ap_vld:ce=0
---------------- STG Properties END ------------------

---------------- Datapath Model BEGIN ----------------

<LifeTime>
<method=bitvector/>
j                              (alloca           ) [ 01000000000000000000000000000]
i                              (alloca           ) [ 01000000000000000000000000000]
indvar_flatten41               (alloca           ) [ 01000000000000000000000000000]
acc                            (alloca           ) [ 01111111111111111111111111111]
acc_7                          (alloca           ) [ 01111111111111111111111111111]
acc_8                          (alloca           ) [ 01111111111111111111111111111]
acc_9                          (alloca           ) [ 01111111111111111111111111111]
acc_10                         (alloca           ) [ 01111111111111111111111111111]
acc_11                         (alloca           ) [ 01111111111111111111111111111]
acc_12                         (alloca           ) [ 01111111111111111111111111111]
acc_13                         (alloca           ) [ 01111111111111111111111111111]
acc_14                         (alloca           ) [ 01111111111111111111111111111]
acc_15                         (alloca           ) [ 01111111111111111111111111111]
acc_16                         (alloca           ) [ 01111111111111111111111111111]
acc_17                         (alloca           ) [ 01111111111111111111111111111]
acc_18                         (alloca           ) [ 01111111111111111111111111111]
acc_19                         (alloca           ) [ 01111111111111111111111111111]
acc_20                         (alloca           ) [ 01111111111111111111111111111]
acc_21                         (alloca           ) [ 01111111111111111111111111111]
acc_22                         (alloca           ) [ 01111111111111111111111111111]
acc_23                         (alloca           ) [ 01111111111111111111111111111]
acc_24                         (alloca           ) [ 01111111111111111111111111111]
acc_25                         (alloca           ) [ 01111111111111111111111111111]
acc_26                         (alloca           ) [ 01111111111111111111111111111]
acc_27                         (alloca           ) [ 01111111111111111111111111111]
acc_28                         (alloca           ) [ 01111111111111111111111111111]
acc_29                         (alloca           ) [ 01111111111111111111111111111]
acc_36                         (alloca           ) [ 01111111111111111111111111111]
acc_37                         (alloca           ) [ 01111111111111111111111111111]
acc_38                         (alloca           ) [ 01111111111111111111111111111]
acc_39                         (alloca           ) [ 01111111111111111111111111111]
acc_40                         (alloca           ) [ 01111111111111111111111111111]
acc_41                         (alloca           ) [ 01111111111111111111111111111]
acc_42                         (alloca           ) [ 01111111111111111111111111111]
acc_43                         (alloca           ) [ 01111111111111111111111111111]
acc_44                         (alloca           ) [ 01111111111111111111111111111]
acc_45                         (alloca           ) [ 01111111111111111111111111111]
acc_46                         (alloca           ) [ 01111111111111111111111111111]
acc_47                         (alloca           ) [ 01111111111111111111111111111]
At_35_reload_read              (read             ) [ 01111111111111111111110000000]
At_34_reload_read              (read             ) [ 01111111111111111111110000000]
At_33_reload_read              (read             ) [ 01111111111111111111110000000]
At_32_reload_read              (read             ) [ 01111111111111111111110000000]
At_31_reload_read              (read             ) [ 01111111111111111111110000000]
At_30_reload_read              (read             ) [ 01111111111111111111110000000]
At_29_reload_read              (read             ) [ 01111111111111111100000000000]
At_28_reload_read              (read             ) [ 01111111111111111100000000000]
At_27_reload_read              (read             ) [ 01111111111111111100000000000]
At_26_reload_read              (read             ) [ 01111111111111111100000000000]
At_25_reload_read              (read             ) [ 01111111111111111100000000000]
At_24_reload_read              (read             ) [ 01111111111111111100000000000]
At_23_reload_read              (read             ) [ 01111111111111000000000000000]
At_22_reload_read              (read             ) [ 01111111111111000000000000000]
At_21_reload_read              (read             ) [ 01111111111111000000000000000]
At_20_reload_read              (read             ) [ 01111111111111000000000000000]
At_19_reload_read              (read             ) [ 01111111111111000000000000000]
At_18_reload_read              (read             ) [ 01111111111111000000000000000]
At_17_reload_read              (read             ) [ 01111111110000000000000000000]
At_16_reload_read              (read             ) [ 01111111110000000000000000000]
At_15_reload_read              (read             ) [ 01111111110000000000000000000]
At_14_reload_read              (read             ) [ 01111111110000000000000000000]
At_13_reload_read              (read             ) [ 01111111110000000000000000000]
At_12_reload_read              (read             ) [ 01111111110000000000000000000]
At_11_reload_read              (read             ) [ 01111100000000000000000000000]
At_10_reload_read              (read             ) [ 01111100000000000000000000000]
At_9_reload_read               (read             ) [ 01111100000000000000000000000]
At_8_reload_read               (read             ) [ 01111100000000000000000000000]
At_7_reload_read               (read             ) [ 01111100000000000000000000000]
At_6_reload_read               (read             ) [ 01111100000000000000000000000]
At_5_reload_read               (read             ) [ 00000000000000000000000000000]
At_4_reload_read               (read             ) [ 00000000000000000000000000000]
At_3_reload_read               (read             ) [ 00000000000000000000000000000]
At_2_reload_read               (read             ) [ 00000000000000000000000000000]
At_1_reload_read               (read             ) [ 00000000000000000000000000000]
At_reload_read                 (read             ) [ 00000000000000000000000000000]
mux_case_520153177_reload_read (read             ) [ 01111111111111111111110000000]
mux_case_420133172_reload_read (read             ) [ 01111111111111111111110000000]
mux_case_320113167_reload_read (read             ) [ 01111111111111111111110000000]
mux_case_220093162_reload_read (read             ) [ 01111111111111111111110000000]
mux_case_120073157_reload_read (read             ) [ 01111111111111111111110000000]
mux_case_020053151_reload_read (read             ) [ 01111111111111111111110000000]
mux_case_520033147_reload_read (read             ) [ 01111111111111111100000000000]
mux_case_420013142_reload_read (read             ) [ 01111111111111111100000000000]
mux_case_319993137_reload_read (read             ) [ 01111111111111111100000000000]
mux_case_219973132_reload_read (read             ) [ 01111111111111111100000000000]
mux_case_119953127_reload_read (read             ) [ 01111111111111111100000000000]
mux_case_019933121_reload_read (read             ) [ 01111111111111111100000000000]
mux_case_519913117_reload_read (read             ) [ 01111111111111000000000000000]
mux_case_419893112_reload_read (read             ) [ 01111111111111000000000000000]
mux_case_319873107_reload_read (read             ) [ 01111111111111000000000000000]
mux_case_219853102_reload_read (read             ) [ 01111111111111000000000000000]
mux_case_119833097_reload_read (read             ) [ 01111111111111000000000000000]
mux_case_019813091_reload_read (read             ) [ 01111111111111000000000000000]
mux_case_519793087_reload_read (read             ) [ 01111111110000000000000000000]
mux_case_419773082_reload_read (read             ) [ 01111111110000000000000000000]
mux_case_319753077_reload_read (read             ) [ 01111111110000000000000000000]
mux_case_219733072_reload_read (read             ) [ 01111111110000000000000000000]
mux_case_119713067_reload_read (read             ) [ 01111111110000000000000000000]
mux_case_019693061_reload_read (read             ) [ 01111111110000000000000000000]
mux_case_519673057_reload_read (read             ) [ 01111100000000000000000000000]
mux_case_419653052_reload_read (read             ) [ 01111100000000000000000000000]
mux_case_319633047_reload_read (read             ) [ 01111100000000000000000000000]
mux_case_219613042_reload_read (read             ) [ 01111100000000000000000000000]
mux_case_119593037_reload_read (read             ) [ 01111100000000000000000000000]
mux_case_019573031_reload_read (read             ) [ 01111100000000000000000000000]
mux_case_519553027_reload_read (read             ) [ 00000000000000000000000000000]
mux_case_419533022_reload_read (read             ) [ 00000000000000000000000000000]
mux_case_319513017_reload_read (read             ) [ 00000000000000000000000000000]
mux_case_219493012_reload_read (read             ) [ 00000000000000000000000000000]
mux_case_119473007_reload_read (read             ) [ 00000000000000000000000000000]
mux_case_019453001_reload_read (read             ) [ 00000000000000000000000000000]
store_ln0                      (store            ) [ 00000000000000000000000000000]
store_ln0                      (store            ) [ 00000000000000000000000000000]
store_ln0                      (store            ) [ 00000000000000000000000000000]
br_ln0                         (br               ) [ 00000000000000000000000000000]
indvar_flatten41_load          (load             ) [ 00000000000000000000000000000]
icmp_ln17                      (icmp             ) [ 01111111111111111111111111110]
add_ln17                       (add              ) [ 00000000000000000000000000000]
br_ln17                        (br               ) [ 00000000000000000000000000000]
j_load                         (load             ) [ 00000000000000000000000000000]
i_load                         (load             ) [ 01111111111111111111110000000]
icmp_ln18                      (icmp             ) [ 01111111111111111111110000000]
select_ln17                    (select           ) [ 01111111111111111111111111111]
add_ln17_1                     (add              ) [ 01111111111111111111110000000]
tmp_89_mid1                    (mux              ) [ 00000000000000000000000000000]
tmp_s                          (mux              ) [ 00000000000000000000000000000]
select_ln17_1                  (select           ) [ 01111000000000000000000000000]
select_ln17_7                  (select           ) [ 01111111111111111111111111111]
tmp_25                         (mux              ) [ 01111000000000000000000000000]
switch_ln25                    (switch           ) [ 00000000000000000000000000000]
switch_ln25                    (switch           ) [ 00000000000000000000000000000]
switch_ln25                    (switch           ) [ 00000000000000000000000000000]
switch_ln25                    (switch           ) [ 00000000000000000000000000000]
switch_ln25                    (switch           ) [ 00000000000000000000000000000]
switch_ln25                    (switch           ) [ 00000000000000000000000000000]
switch_ln25                    (switch           ) [ 00000000000000000000000000000]
add_ln18                       (add              ) [ 00000000000000000000000000000]
store_ln18                     (store            ) [ 00000000000000000000000000000]
store_ln18                     (store            ) [ 00000000000000000000000000000]
store_ln18                     (store            ) [ 00000000000000000000000000000]
br_ln18                        (br               ) [ 00000000000000000000000000000]
mul_i30_i                      (fmul             ) [ 01000111100000000000000000000]
tmp_90_mid1                    (mux              ) [ 00000000000000000000000000000]
tmp_20                         (mux              ) [ 00000000000000000000000000000]
select_ln17_2                  (select           ) [ 01000011100000000000000000000]
tmp_26                         (mux              ) [ 01000011100000000000000000000]
acc_48                         (fadd             ) [ 01000000011110000000000000000]
mul_i30_i_1                    (fmul             ) [ 01000000011110000000000000000]
tmp_91_mid1                    (mux              ) [ 00000000000000000000000000000]
tmp_21                         (mux              ) [ 00000000000000000000000000000]
select_ln17_3                  (select           ) [ 01000000001110000000000000000]
tmp_27                         (mux              ) [ 01000000001110000000000000000]
acc_49                         (fadd             ) [ 01000000000001111000000000000]
mul_i30_i_2                    (fmul             ) [ 01000000000001111000000000000]
tmp_92_mid1                    (mux              ) [ 00000000000000000000000000000]
tmp_22                         (mux              ) [ 00000000000000000000000000000]
select_ln17_4                  (select           ) [ 01000000000000111000000000000]
tmp_28                         (mux              ) [ 01000000000000111000000000000]
acc_50                         (fadd             ) [ 01000000000000000111100000000]
mul_i30_i_3                    (fmul             ) [ 01000000000000000111100000000]
tmp_93_mid1                    (mux              ) [ 00000000000000000000000000000]
tmp_23                         (mux              ) [ 00000000000000000000000000000]
select_ln17_5                  (select           ) [ 01000000000000000011100000000]
tmp_29                         (mux              ) [ 01000000000000000011100000000]
acc_51                         (fadd             ) [ 01000000000000000000011110000]
mul_i30_i_4                    (fmul             ) [ 01000000000000000000011110000]
tmp_94_mid1                    (mux              ) [ 00000000000000000000000000000]
tmp_24                         (mux              ) [ 00000000000000000000000000000]
select_ln17_6                  (select           ) [ 01000000000000000000001110000]
tmp_30                         (mux              ) [ 01000000000000000000001110000]
acc_52                         (fadd             ) [ 01000000000000000000000001111]
mul_i30_i_5                    (fmul             ) [ 01000000000000000000000001111]
specloopname_ln0               (specloopname     ) [ 00000000000000000000000000000]
speclooptripcount_ln0          (speclooptripcount) [ 00000000000000000000000000000]
specpipeline_ln19              (specpipeline     ) [ 00000000000000000000000000000]
specloopname_ln18              (specloopname     ) [ 00000000000000000000000000000]
acc_53                         (fadd             ) [ 00000000000000000000000000000]
store_ln25                     (store            ) [ 00000000000000000000000000000]
br_ln25                        (br               ) [ 00000000000000000000000000000]
store_ln25                     (store            ) [ 00000000000000000000000000000]
br_ln25                        (br               ) [ 00000000000000000000000000000]
store_ln25                     (store            ) [ 00000000000000000000000000000]
br_ln25                        (br               ) [ 00000000000000000000000000000]
store_ln25                     (store            ) [ 00000000000000000000000000000]
br_ln25                        (br               ) [ 00000000000000000000000000000]
store_ln25                     (store            ) [ 00000000000000000000000000000]
br_ln25                        (br               ) [ 00000000000000000000000000000]
store_ln25                     (store            ) [ 00000000000000000000000000000]
br_ln25                        (br               ) [ 00000000000000000000000000000]
store_ln25                     (store            ) [ 00000000000000000000000000000]
br_ln25                        (br               ) [ 00000000000000000000000000000]
store_ln25                     (store            ) [ 00000000000000000000000000000]
br_ln25                        (br               ) [ 00000000000000000000000000000]
store_ln25                     (store            ) [ 00000000000000000000000000000]
br_ln25                        (br               ) [ 00000000000000000000000000000]
store_ln25                     (store            ) [ 00000000000000000000000000000]
br_ln25                        (br               ) [ 00000000000000000000000000000]
store_ln25                     (store            ) [ 00000000000000000000000000000]
br_ln25                        (br               ) [ 00000000000000000000000000000]
store_ln25                     (store            ) [ 00000000000000000000000000000]
br_ln25                        (br               ) [ 00000000000000000000000000000]
store_ln25                     (store            ) [ 00000000000000000000000000000]
br_ln25                        (br               ) [ 00000000000000000000000000000]
store_ln25                     (store            ) [ 00000000000000000000000000000]
br_ln25                        (br               ) [ 00000000000000000000000000000]
store_ln25                     (store            ) [ 00000000000000000000000000000]
br_ln25                        (br               ) [ 00000000000000000000000000000]
store_ln25                     (store            ) [ 00000000000000000000000000000]
br_ln25                        (br               ) [ 00000000000000000000000000000]
store_ln25                     (store            ) [ 00000000000000000000000000000]
br_ln25                        (br               ) [ 00000000000000000000000000000]
store_ln25                     (store            ) [ 00000000000000000000000000000]
br_ln25                        (br               ) [ 00000000000000000000000000000]
store_ln25                     (store            ) [ 00000000000000000000000000000]
br_ln25                        (br               ) [ 00000000000000000000000000000]
store_ln25                     (store            ) [ 00000000000000000000000000000]
br_ln25                        (br               ) [ 00000000000000000000000000000]
store_ln25                     (store            ) [ 00000000000000000000000000000]
br_ln25                        (br               ) [ 00000000000000000000000000000]
store_ln25                     (store            ) [ 00000000000000000000000000000]
br_ln25                        (br               ) [ 00000000000000000000000000000]
store_ln25                     (store            ) [ 00000000000000000000000000000]
br_ln25                        (br               ) [ 00000000000000000000000000000]
store_ln25                     (store            ) [ 00000000000000000000000000000]
br_ln25                        (br               ) [ 00000000000000000000000000000]
store_ln25                     (store            ) [ 00000000000000000000000000000]
br_ln25                        (br               ) [ 00000000000000000000000000000]
store_ln25                     (store            ) [ 00000000000000000000000000000]
br_ln25                        (br               ) [ 00000000000000000000000000000]
store_ln25                     (store            ) [ 00000000000000000000000000000]
br_ln25                        (br               ) [ 00000000000000000000000000000]
store_ln25                     (store            ) [ 00000000000000000000000000000]
br_ln25                        (br               ) [ 00000000000000000000000000000]
store_ln25                     (store            ) [ 00000000000000000000000000000]
br_ln25                        (br               ) [ 00000000000000000000000000000]
store_ln25                     (store            ) [ 00000000000000000000000000000]
br_ln25                        (br               ) [ 00000000000000000000000000000]
store_ln25                     (store            ) [ 00000000000000000000000000000]
br_ln25                        (br               ) [ 00000000000000000000000000000]
store_ln25                     (store            ) [ 00000000000000000000000000000]
br_ln25                        (br               ) [ 00000000000000000000000000000]
store_ln25                     (store            ) [ 00000000000000000000000000000]
br_ln25                        (br               ) [ 00000000000000000000000000000]
store_ln25                     (store            ) [ 00000000000000000000000000000]
br_ln25                        (br               ) [ 00000000000000000000000000000]
store_ln25                     (store            ) [ 00000000000000000000000000000]
br_ln25                        (br               ) [ 00000000000000000000000000000]
store_ln25                     (store            ) [ 00000000000000000000000000000]
br_ln25                        (br               ) [ 00000000000000000000000000000]
acc_load                       (load             ) [ 00000000000000000000000000000]
acc_7_load                     (load             ) [ 00000000000000000000000000000]
acc_8_load                     (load             ) [ 00000000000000000000000000000]
acc_9_load                     (load             ) [ 00000000000000000000000000000]
acc_10_load                    (load             ) [ 00000000000000000000000000000]
acc_11_load                    (load             ) [ 00000000000000000000000000000]
acc_12_load                    (load             ) [ 00000000000000000000000000000]
acc_13_load                    (load             ) [ 00000000000000000000000000000]
acc_14_load                    (load             ) [ 00000000000000000000000000000]
acc_15_load                    (load             ) [ 00000000000000000000000000000]
acc_16_load                    (load             ) [ 00000000000000000000000000000]
acc_17_load                    (load             ) [ 00000000000000000000000000000]
acc_18_load                    (load             ) [ 00000000000000000000000000000]
acc_19_load                    (load             ) [ 00000000000000000000000000000]
acc_20_load                    (load             ) [ 00000000000000000000000000000]
acc_21_load                    (load             ) [ 00000000000000000000000000000]
acc_22_load                    (load             ) [ 00000000000000000000000000000]
acc_23_load                    (load             ) [ 00000000000000000000000000000]
acc_24_load                    (load             ) [ 00000000000000000000000000000]
acc_25_load                    (load             ) [ 00000000000000000000000000000]
acc_26_load                    (load             ) [ 00000000000000000000000000000]
acc_27_load                    (load             ) [ 00000000000000000000000000000]
acc_28_load                    (load             ) [ 00000000000000000000000000000]
acc_29_load                    (load             ) [ 00000000000000000000000000000]
acc_36_load                    (load             ) [ 00000000000000000000000000000]
acc_37_load                    (load             ) [ 00000000000000000000000000000]
acc_38_load                    (load             ) [ 00000000000000000000000000000]
acc_39_load                    (load             ) [ 00000000000000000000000000000]
acc_40_load                    (load             ) [ 00000000000000000000000000000]
acc_41_load                    (load             ) [ 00000000000000000000000000000]
acc_42_load                    (load             ) [ 00000000000000000000000000000]
acc_43_load                    (load             ) [ 00000000000000000000000000000]
acc_44_load                    (load             ) [ 00000000000000000000000000000]
acc_45_load                    (load             ) [ 00000000000000000000000000000]
acc_46_load                    (load             ) [ 00000000000000000000000000000]
acc_47_load                    (load             ) [ 00000000000000000000000000000]
write_ln0                      (write            ) [ 00000000000000000000000000000]
write_ln0                      (write            ) [ 00000000000000000000000000000]
write_ln0                      (write            ) [ 00000000000000000000000000000]
write_ln0                      (write            ) [ 00000000000000000000000000000]
write_ln0                      (write            ) [ 00000000000000000000000000000]
write_ln0                      (write            ) [ 00000000000000000000000000000]
write_ln0                      (write            ) [ 00000000000000000000000000000]
write_ln0                      (write            ) [ 00000000000000000000000000000]
write_ln0                      (write            ) [ 00000000000000000000000000000]
write_ln0                      (write            ) [ 00000000000000000000000000000]
write_ln0                      (write            ) [ 00000000000000000000000000000]
write_ln0                      (write            ) [ 00000000000000000000000000000]
write_ln0                      (write            ) [ 00000000000000000000000000000]
write_ln0                      (write            ) [ 00000000000000000000000000000]
write_ln0                      (write            ) [ 00000000000000000000000000000]
write_ln0                      (write            ) [ 00000000000000000000000000000]
write_ln0                      (write            ) [ 00000000000000000000000000000]
write_ln0                      (write            ) [ 00000000000000000000000000000]
write_ln0                      (write            ) [ 00000000000000000000000000000]
write_ln0                      (write            ) [ 00000000000000000000000000000]
write_ln0                      (write            ) [ 00000000000000000000000000000]
write_ln0                      (write            ) [ 00000000000000000000000000000]
write_ln0                      (write            ) [ 00000000000000000000000000000]
write_ln0                      (write            ) [ 00000000000000000000000000000]
write_ln0                      (write            ) [ 00000000000000000000000000000]
write_ln0                      (write            ) [ 00000000000000000000000000000]
write_ln0                      (write            ) [ 00000000000000000000000000000]
write_ln0                      (write            ) [ 00000000000000000000000000000]
write_ln0                      (write            ) [ 00000000000000000000000000000]
write_ln0                      (write            ) [ 00000000000000000000000000000]
write_ln0                      (write            ) [ 00000000000000000000000000000]
write_ln0                      (write            ) [ 00000000000000000000000000000]
write_ln0                      (write            ) [ 00000000000000000000000000000]
write_ln0                      (write            ) [ 00000000000000000000000000000]
write_ln0                      (write            ) [ 00000000000000000000000000000]
write_ln0                      (write            ) [ 00000000000000000000000000000]
ret_ln0                        (ret              ) [ 00000000000000000000000000000]
</LifeTime>

<model>

<comp_list>
<comp id="0" class="1000" name="mux_case_019453001_reload">
<pin_list>
<pin id="1" dir="1" index="0" bw="1" slack="0"/>
</pin_list>
<bind>
<StgValue><ssdm name="mux_case_019453001_reload"/></StgValue>
</bind>
</comp>

<comp id="2" class="1000" name="mux_case_119473007_reload">
<pin_list>
<pin id="3" dir="1" index="0" bw="1" slack="0"/>
</pin_list>
<bind>
<StgValue><ssdm name="mux_case_119473007_reload"/></StgValue>
</bind>
</comp>

<comp id="4" class="1000" name="mux_case_219493012_reload">
<pin_list>
<pin id="5" dir="1" index="0" bw="1" slack="0"/>
</pin_list>
<bind>
<StgValue><ssdm name="mux_case_219493012_reload"/></StgValue>
</bind>
</comp>

<comp id="6" class="1000" name="mux_case_319513017_reload">
<pin_list>
<pin id="7" dir="1" index="0" bw="1" slack="0"/>
</pin_list>
<bind>
<StgValue><ssdm name="mux_case_319513017_reload"/></StgValue>
</bind>
</comp>

<comp id="8" class="1000" name="mux_case_419533022_reload">
<pin_list>
<pin id="9" dir="1" index="0" bw="1" slack="0"/>
</pin_list>
<bind>
<StgValue><ssdm name="mux_case_419533022_reload"/></StgValue>
</bind>
</comp>

<comp id="10" class="1000" name="mux_case_519553027_reload">
<pin_list>
<pin id="11" dir="1" index="0" bw="1" slack="0"/>
</pin_list>
<bind>
<StgValue><ssdm name="mux_case_519553027_reload"/></StgValue>
</bind>
</comp>

<comp id="12" class="1000" name="mux_case_019573031_reload">
<pin_list>
<pin id="13" dir="1" index="0" bw="1" slack="0"/>
</pin_list>
<bind>
<StgValue><ssdm name="mux_case_019573031_reload"/></StgValue>
</bind>
</comp>

<comp id="14" class="1000" name="mux_case_119593037_reload">
<pin_list>
<pin id="15" dir="1" index="0" bw="1" slack="0"/>
</pin_list>
<bind>
<StgValue><ssdm name="mux_case_119593037_reload"/></StgValue>
</bind>
</comp>

<comp id="16" class="1000" name="mux_case_219613042_reload">
<pin_list>
<pin id="17" dir="1" index="0" bw="1" slack="0"/>
</pin_list>
<bind>
<StgValue><ssdm name="mux_case_219613042_reload"/></StgValue>
</bind>
</comp>

<comp id="18" class="1000" name="mux_case_319633047_reload">
<pin_list>
<pin id="19" dir="1" index="0" bw="1" slack="0"/>
</pin_list>
<bind>
<StgValue><ssdm name="mux_case_319633047_reload"/></StgValue>
</bind>
</comp>

<comp id="20" class="1000" name="mux_case_419653052_reload">
<pin_list>
<pin id="21" dir="1" index="0" bw="1" slack="0"/>
</pin_list>
<bind>
<StgValue><ssdm name="mux_case_419653052_reload"/></StgValue>
</bind>
</comp>

<comp id="22" class="1000" name="mux_case_519673057_reload">
<pin_list>
<pin id="23" dir="1" index="0" bw="1" slack="0"/>
</pin_list>
<bind>
<StgValue><ssdm name="mux_case_519673057_reload"/></StgValue>
</bind>
</comp>

<comp id="24" class="1000" name="mux_case_019693061_reload">
<pin_list>
<pin id="25" dir="1" index="0" bw="1" slack="0"/>
</pin_list>
<bind>
<StgValue><ssdm name="mux_case_019693061_reload"/></StgValue>
</bind>
</comp>

<comp id="26" class="1000" name="mux_case_119713067_reload">
<pin_list>
<pin id="27" dir="1" index="0" bw="1" slack="0"/>
</pin_list>
<bind>
<StgValue><ssdm name="mux_case_119713067_reload"/></StgValue>
</bind>
</comp>

<comp id="28" class="1000" name="mux_case_219733072_reload">
<pin_list>
<pin id="29" dir="1" index="0" bw="1" slack="0"/>
</pin_list>
<bind>
<StgValue><ssdm name="mux_case_219733072_reload"/></StgValue>
</bind>
</comp>

<comp id="30" class="1000" name="mux_case_319753077_reload">
<pin_list>
<pin id="31" dir="1" index="0" bw="1" slack="0"/>
</pin_list>
<bind>
<StgValue><ssdm name="mux_case_319753077_reload"/></StgValue>
</bind>
</comp>

<comp id="32" class="1000" name="mux_case_419773082_reload">
<pin_list>
<pin id="33" dir="1" index="0" bw="1" slack="0"/>
</pin_list>
<bind>
<StgValue><ssdm name="mux_case_419773082_reload"/></StgValue>
</bind>
</comp>

<comp id="34" class="1000" name="mux_case_519793087_reload">
<pin_list>
<pin id="35" dir="1" index="0" bw="1" slack="0"/>
</pin_list>
<bind>
<StgValue><ssdm name="mux_case_519793087_reload"/></StgValue>
</bind>
</comp>

<comp id="36" class="1000" name="mux_case_019813091_reload">
<pin_list>
<pin id="37" dir="1" index="0" bw="1" slack="0"/>
</pin_list>
<bind>
<StgValue><ssdm name="mux_case_019813091_reload"/></StgValue>
</bind>
</comp>

<comp id="38" class="1000" name="mux_case_119833097_reload">
<pin_list>
<pin id="39" dir="1" index="0" bw="1" slack="0"/>
</pin_list>
<bind>
<StgValue><ssdm name="mux_case_119833097_reload"/></StgValue>
</bind>
</comp>

<comp id="40" class="1000" name="mux_case_219853102_reload">
<pin_list>
<pin id="41" dir="1" index="0" bw="1" slack="0"/>
</pin_list>
<bind>
<StgValue><ssdm name="mux_case_219853102_reload"/></StgValue>
</bind>
</comp>

<comp id="42" class="1000" name="mux_case_319873107_reload">
<pin_list>
<pin id="43" dir="1" index="0" bw="1" slack="0"/>
</pin_list>
<bind>
<StgValue><ssdm name="mux_case_319873107_reload"/></StgValue>
</bind>
</comp>

<comp id="44" class="1000" name="mux_case_419893112_reload">
<pin_list>
<pin id="45" dir="1" index="0" bw="1" slack="0"/>
</pin_list>
<bind>
<StgValue><ssdm name="mux_case_419893112_reload"/></StgValue>
</bind>
</comp>

<comp id="46" class="1000" name="mux_case_519913117_reload">
<pin_list>
<pin id="47" dir="1" index="0" bw="1" slack="0"/>
</pin_list>
<bind>
<StgValue><ssdm name="mux_case_519913117_reload"/></StgValue>
</bind>
</comp>

<comp id="48" class="1000" name="mux_case_019933121_reload">
<pin_list>
<pin id="49" dir="1" index="0" bw="1" slack="0"/>
</pin_list>
<bind>
<StgValue><ssdm name="mux_case_019933121_reload"/></StgValue>
</bind>
</comp>

<comp id="50" class="1000" name="mux_case_119953127_reload">
<pin_list>
<pin id="51" dir="1" index="0" bw="1" slack="0"/>
</pin_list>
<bind>
<StgValue><ssdm name="mux_case_119953127_reload"/></StgValue>
</bind>
</comp>

<comp id="52" class="1000" name="mux_case_219973132_reload">
<pin_list>
<pin id="53" dir="1" index="0" bw="1" slack="0"/>
</pin_list>
<bind>
<StgValue><ssdm name="mux_case_219973132_reload"/></StgValue>
</bind>
</comp>

<comp id="54" class="1000" name="mux_case_319993137_reload">
<pin_list>
<pin id="55" dir="1" index="0" bw="1" slack="0"/>
</pin_list>
<bind>
<StgValue><ssdm name="mux_case_319993137_reload"/></StgValue>
</bind>
</comp>

<comp id="56" class="1000" name="mux_case_420013142_reload">
<pin_list>
<pin id="57" dir="1" index="0" bw="1" slack="0"/>
</pin_list>
<bind>
<StgValue><ssdm name="mux_case_420013142_reload"/></StgValue>
</bind>
</comp>

<comp id="58" class="1000" name="mux_case_520033147_reload">
<pin_list>
<pin id="59" dir="1" index="0" bw="1" slack="0"/>
</pin_list>
<bind>
<StgValue><ssdm name="mux_case_520033147_reload"/></StgValue>
</bind>
</comp>

<comp id="60" class="1000" name="mux_case_020053151_reload">
<pin_list>
<pin id="61" dir="1" index="0" bw="1" slack="0"/>
</pin_list>
<bind>
<StgValue><ssdm name="mux_case_020053151_reload"/></StgValue>
</bind>
</comp>

<comp id="62" class="1000" name="mux_case_120073157_reload">
<pin_list>
<pin id="63" dir="1" index="0" bw="1" slack="0"/>
</pin_list>
<bind>
<StgValue><ssdm name="mux_case_120073157_reload"/></StgValue>
</bind>
</comp>

<comp id="64" class="1000" name="mux_case_220093162_reload">
<pin_list>
<pin id="65" dir="1" index="0" bw="1" slack="0"/>
</pin_list>
<bind>
<StgValue><ssdm name="mux_case_220093162_reload"/></StgValue>
</bind>
</comp>

<comp id="66" class="1000" name="mux_case_320113167_reload">
<pin_list>
<pin id="67" dir="1" index="0" bw="1" slack="0"/>
</pin_list>
<bind>
<StgValue><ssdm name="mux_case_320113167_reload"/></StgValue>
</bind>
</comp>

<comp id="68" class="1000" name="mux_case_420133172_reload">
<pin_list>
<pin id="69" dir="1" index="0" bw="1" slack="0"/>
</pin_list>
<bind>
<StgValue><ssdm name="mux_case_420133172_reload"/></StgValue>
</bind>
</comp>

<comp id="70" class="1000" name="mux_case_520153177_reload">
<pin_list>
<pin id="71" dir="1" index="0" bw="1" slack="0"/>
</pin_list>
<bind>
<StgValue><ssdm name="mux_case_520153177_reload"/></StgValue>
</bind>
</comp>

<comp id="72" class="1000" name="At_reload">
<pin_list>
<pin id="73" dir="1" index="0" bw="1" slack="0"/>
</pin_list>
<bind>
<StgValue><ssdm name="At_reload"/></StgValue>
</bind>
</comp>

<comp id="74" class="1000" name="At_1_reload">
<pin_list>
<pin id="75" dir="1" index="0" bw="1" slack="0"/>
</pin_list>
<bind>
<StgValue><ssdm name="At_1_reload"/></StgValue>
</bind>
</comp>

<comp id="76" class="1000" name="At_2_reload">
<pin_list>
<pin id="77" dir="1" index="0" bw="1" slack="0"/>
</pin_list>
<bind>
<StgValue><ssdm name="At_2_reload"/></StgValue>
</bind>
</comp>

<comp id="78" class="1000" name="At_3_reload">
<pin_list>
<pin id="79" dir="1" index="0" bw="1" slack="0"/>
</pin_list>
<bind>
<StgValue><ssdm name="At_3_reload"/></StgValue>
</bind>
</comp>

<comp id="80" class="1000" name="At_4_reload">
<pin_list>
<pin id="81" dir="1" index="0" bw="1" slack="0"/>
</pin_list>
<bind>
<StgValue><ssdm name="At_4_reload"/></StgValue>
</bind>
</comp>

<comp id="82" class="1000" name="At_5_reload">
<pin_list>
<pin id="83" dir="1" index="0" bw="1" slack="0"/>
</pin_list>
<bind>
<StgValue><ssdm name="At_5_reload"/></StgValue>
</bind>
</comp>

<comp id="84" class="1000" name="At_6_reload">
<pin_list>
<pin id="85" dir="1" index="0" bw="1" slack="0"/>
</pin_list>
<bind>
<StgValue><ssdm name="At_6_reload"/></StgValue>
</bind>
</comp>

<comp id="86" class="1000" name="At_7_reload">
<pin_list>
<pin id="87" dir="1" index="0" bw="1" slack="0"/>
</pin_list>
<bind>
<StgValue><ssdm name="At_7_reload"/></StgValue>
</bind>
</comp>

<comp id="88" class="1000" name="At_8_reload">
<pin_list>
<pin id="89" dir="1" index="0" bw="1" slack="0"/>
</pin_list>
<bind>
<StgValue><ssdm name="At_8_reload"/></StgValue>
</bind>
</comp>

<comp id="90" class="1000" name="At_9_reload">
<pin_list>
<pin id="91" dir="1" index="0" bw="1" slack="0"/>
</pin_list>
<bind>
<StgValue><ssdm name="At_9_reload"/></StgValue>
</bind>
</comp>

<comp id="92" class="1000" name="At_10_reload">
<pin_list>
<pin id="93" dir="1" index="0" bw="1" slack="0"/>
</pin_list>
<bind>
<StgValue><ssdm name="At_10_reload"/></StgValue>
</bind>
</comp>

<comp id="94" class="1000" name="At_11_reload">
<pin_list>
<pin id="95" dir="1" index="0" bw="1" slack="0"/>
</pin_list>
<bind>
<StgValue><ssdm name="At_11_reload"/></StgValue>
</bind>
</comp>

<comp id="96" class="1000" name="At_12_reload">
<pin_list>
<pin id="97" dir="1" index="0" bw="1" slack="0"/>
</pin_list>
<bind>
<StgValue><ssdm name="At_12_reload"/></StgValue>
</bind>
</comp>

<comp id="98" class="1000" name="At_13_reload">
<pin_list>
<pin id="99" dir="1" index="0" bw="1" slack="0"/>
</pin_list>
<bind>
<StgValue><ssdm name="At_13_reload"/></StgValue>
</bind>
</comp>

<comp id="100" class="1000" name="At_14_reload">
<pin_list>
<pin id="101" dir="1" index="0" bw="1" slack="0"/>
</pin_list>
<bind>
<StgValue><ssdm name="At_14_reload"/></StgValue>
</bind>
</comp>

<comp id="102" class="1000" name="At_15_reload">
<pin_list>
<pin id="103" dir="1" index="0" bw="1" slack="0"/>
</pin_list>
<bind>
<StgValue><ssdm name="At_15_reload"/></StgValue>
</bind>
</comp>

<comp id="104" class="1000" name="At_16_reload">
<pin_list>
<pin id="105" dir="1" index="0" bw="1" slack="0"/>
</pin_list>
<bind>
<StgValue><ssdm name="At_16_reload"/></StgValue>
</bind>
</comp>

<comp id="106" class="1000" name="At_17_reload">
<pin_list>
<pin id="107" dir="1" index="0" bw="1" slack="0"/>
</pin_list>
<bind>
<StgValue><ssdm name="At_17_reload"/></StgValue>
</bind>
</comp>

<comp id="108" class="1000" name="At_18_reload">
<pin_list>
<pin id="109" dir="1" index="0" bw="1" slack="0"/>
</pin_list>
<bind>
<StgValue><ssdm name="At_18_reload"/></StgValue>
</bind>
</comp>

<comp id="110" class="1000" name="At_19_reload">
<pin_list>
<pin id="111" dir="1" index="0" bw="1" slack="0"/>
</pin_list>
<bind>
<StgValue><ssdm name="At_19_reload"/></StgValue>
</bind>
</comp>

<comp id="112" class="1000" name="At_20_reload">
<pin_list>
<pin id="113" dir="1" index="0" bw="1" slack="0"/>
</pin_list>
<bind>
<StgValue><ssdm name="At_20_reload"/></StgValue>
</bind>
</comp>

<comp id="114" class="1000" name="At_21_reload">
<pin_list>
<pin id="115" dir="1" index="0" bw="1" slack="0"/>
</pin_list>
<bind>
<StgValue><ssdm name="At_21_reload"/></StgValue>
</bind>
</comp>

<comp id="116" class="1000" name="At_22_reload">
<pin_list>
<pin id="117" dir="1" index="0" bw="1" slack="0"/>
</pin_list>
<bind>
<StgValue><ssdm name="At_22_reload"/></StgValue>
</bind>
</comp>

<comp id="118" class="1000" name="At_23_reload">
<pin_list>
<pin id="119" dir="1" index="0" bw="1" slack="0"/>
</pin_list>
<bind>
<StgValue><ssdm name="At_23_reload"/></StgValue>
</bind>
</comp>

<comp id="120" class="1000" name="At_24_reload">
<pin_list>
<pin id="121" dir="1" index="0" bw="1" slack="0"/>
</pin_list>
<bind>
<StgValue><ssdm name="At_24_reload"/></StgValue>
</bind>
</comp>

<comp id="122" class="1000" name="At_25_reload">
<pin_list>
<pin id="123" dir="1" index="0" bw="1" slack="0"/>
</pin_list>
<bind>
<StgValue><ssdm name="At_25_reload"/></StgValue>
</bind>
</comp>

<comp id="124" class="1000" name="At_26_reload">
<pin_list>
<pin id="125" dir="1" index="0" bw="1" slack="0"/>
</pin_list>
<bind>
<StgValue><ssdm name="At_26_reload"/></StgValue>
</bind>
</comp>

<comp id="126" class="1000" name="At_27_reload">
<pin_list>
<pin id="127" dir="1" index="0" bw="1" slack="0"/>
</pin_list>
<bind>
<StgValue><ssdm name="At_27_reload"/></StgValue>
</bind>
</comp>

<comp id="128" class="1000" name="At_28_reload">
<pin_list>
<pin id="129" dir="1" index="0" bw="1" slack="0"/>
</pin_list>
<bind>
<StgValue><ssdm name="At_28_reload"/></StgValue>
</bind>
</comp>

<comp id="130" class="1000" name="At_29_reload">
<pin_list>
<pin id="131" dir="1" index="0" bw="1" slack="0"/>
</pin_list>
<bind>
<StgValue><ssdm name="At_29_reload"/></StgValue>
</bind>
</comp>

<comp id="132" class="1000" name="At_30_reload">
<pin_list>
<pin id="133" dir="1" index="0" bw="1" slack="0"/>
</pin_list>
<bind>
<StgValue><ssdm name="At_30_reload"/></StgValue>
</bind>
</comp>

<comp id="134" class="1000" name="At_31_reload">
<pin_list>
<pin id="135" dir="1" index="0" bw="1" slack="0"/>
</pin_list>
<bind>
<StgValue><ssdm name="At_31_reload"/></StgValue>
</bind>
</comp>

<comp id="136" class="1000" name="At_32_reload">
<pin_list>
<pin id="137" dir="1" index="0" bw="1" slack="0"/>
</pin_list>
<bind>
<StgValue><ssdm name="At_32_reload"/></StgValue>
</bind>
</comp>

<comp id="138" class="1000" name="At_33_reload">
<pin_list>
<pin id="139" dir="1" index="0" bw="1" slack="0"/>
</pin_list>
<bind>
<StgValue><ssdm name="At_33_reload"/></StgValue>
</bind>
</comp>

<comp id="140" class="1000" name="At_34_reload">
<pin_list>
<pin id="141" dir="1" index="0" bw="1" slack="0"/>
</pin_list>
<bind>
<StgValue><ssdm name="At_34_reload"/></StgValue>
</bind>
</comp>

<comp id="142" class="1000" name="At_35_reload">
<pin_list>
<pin id="143" dir="1" index="0" bw="1" slack="0"/>
</pin_list>
<bind>
<StgValue><ssdm name="At_35_reload"/></StgValue>
</bind>
</comp>

<comp id="144" class="1000" name="mux_case_522243393_out">
<pin_list>
<pin id="145" dir="1" index="0" bw="1" slack="0"/>
</pin_list>
<bind>
<StgValue><ssdm name="mux_case_522243393_out"/></StgValue>
</bind>
</comp>

<comp id="146" class="1000" name="mux_case_422223387_out">
<pin_list>
<pin id="147" dir="1" index="0" bw="1" slack="0"/>
</pin_list>
<bind>
<StgValue><ssdm name="mux_case_422223387_out"/></StgValue>
</bind>
</comp>

<comp id="148" class="1000" name="mux_case_322203381_out">
<pin_list>
<pin id="149" dir="1" index="0" bw="1" slack="0"/>
</pin_list>
<bind>
<StgValue><ssdm name="mux_case_322203381_out"/></StgValue>
</bind>
</comp>

<comp id="150" class="1000" name="mux_case_222183375_out">
<pin_list>
<pin id="151" dir="1" index="0" bw="1" slack="0"/>
</pin_list>
<bind>
<StgValue><ssdm name="mux_case_222183375_out"/></StgValue>
</bind>
</comp>

<comp id="152" class="1000" name="mux_case_122163369_out">
<pin_list>
<pin id="153" dir="1" index="0" bw="1" slack="0"/>
</pin_list>
<bind>
<StgValue><ssdm name="mux_case_122163369_out"/></StgValue>
</bind>
</comp>

<comp id="154" class="1000" name="mux_case_022143363_out">
<pin_list>
<pin id="155" dir="1" index="0" bw="1" slack="0"/>
</pin_list>
<bind>
<StgValue><ssdm name="mux_case_022143363_out"/></StgValue>
</bind>
</comp>

<comp id="156" class="1000" name="mux_case_522113357_out">
<pin_list>
<pin id="157" dir="1" index="0" bw="1" slack="0"/>
</pin_list>
<bind>
<StgValue><ssdm name="mux_case_522113357_out"/></StgValue>
</bind>
</comp>

<comp id="158" class="1000" name="mux_case_422093351_out">
<pin_list>
<pin id="159" dir="1" index="0" bw="1" slack="0"/>
</pin_list>
<bind>
<StgValue><ssdm name="mux_case_422093351_out"/></StgValue>
</bind>
</comp>

<comp id="160" class="1000" name="mux_case_322073345_out">
<pin_list>
<pin id="161" dir="1" index="0" bw="1" slack="0"/>
</pin_list>
<bind>
<StgValue><ssdm name="mux_case_322073345_out"/></StgValue>
</bind>
</comp>

<comp id="162" class="1000" name="mux_case_222053339_out">
<pin_list>
<pin id="163" dir="1" index="0" bw="1" slack="0"/>
</pin_list>
<bind>
<StgValue><ssdm name="mux_case_222053339_out"/></StgValue>
</bind>
</comp>

<comp id="164" class="1000" name="mux_case_122033333_out">
<pin_list>
<pin id="165" dir="1" index="0" bw="1" slack="0"/>
</pin_list>
<bind>
<StgValue><ssdm name="mux_case_122033333_out"/></StgValue>
</bind>
</comp>

<comp id="166" class="1000" name="mux_case_022013327_out">
<pin_list>
<pin id="167" dir="1" index="0" bw="1" slack="0"/>
</pin_list>
<bind>
<StgValue><ssdm name="mux_case_022013327_out"/></StgValue>
</bind>
</comp>

<comp id="168" class="1000" name="mux_case_521983321_out">
<pin_list>
<pin id="169" dir="1" index="0" bw="1" slack="0"/>
</pin_list>
<bind>
<StgValue><ssdm name="mux_case_521983321_out"/></StgValue>
</bind>
</comp>

<comp id="170" class="1000" name="mux_case_421963315_out">
<pin_list>
<pin id="171" dir="1" index="0" bw="1" slack="0"/>
</pin_list>
<bind>
<StgValue><ssdm name="mux_case_421963315_out"/></StgValue>
</bind>
</comp>

<comp id="172" class="1000" name="mux_case_321943309_out">
<pin_list>
<pin id="173" dir="1" index="0" bw="1" slack="0"/>
</pin_list>
<bind>
<StgValue><ssdm name="mux_case_321943309_out"/></StgValue>
</bind>
</comp>

<comp id="174" class="1000" name="mux_case_221923303_out">
<pin_list>
<pin id="175" dir="1" index="0" bw="1" slack="0"/>
</pin_list>
<bind>
<StgValue><ssdm name="mux_case_221923303_out"/></StgValue>
</bind>
</comp>

<comp id="176" class="1000" name="mux_case_121903297_out">
<pin_list>
<pin id="177" dir="1" index="0" bw="1" slack="0"/>
</pin_list>
<bind>
<StgValue><ssdm name="mux_case_121903297_out"/></StgValue>
</bind>
</comp>

<comp id="178" class="1000" name="mux_case_021883291_out">
<pin_list>
<pin id="179" dir="1" index="0" bw="1" slack="0"/>
</pin_list>
<bind>
<StgValue><ssdm name="mux_case_021883291_out"/></StgValue>
</bind>
</comp>

<comp id="180" class="1000" name="mux_case_521853285_out">
<pin_list>
<pin id="181" dir="1" index="0" bw="1" slack="0"/>
</pin_list>
<bind>
<StgValue><ssdm name="mux_case_521853285_out"/></StgValue>
</bind>
</comp>

<comp id="182" class="1000" name="mux_case_421833279_out">
<pin_list>
<pin id="183" dir="1" index="0" bw="1" slack="0"/>
</pin_list>
<bind>
<StgValue><ssdm name="mux_case_421833279_out"/></StgValue>
</bind>
</comp>

<comp id="184" class="1000" name="mux_case_321813273_out">
<pin_list>
<pin id="185" dir="1" index="0" bw="1" slack="0"/>
</pin_list>
<bind>
<StgValue><ssdm name="mux_case_321813273_out"/></StgValue>
</bind>
</comp>

<comp id="186" class="1000" name="mux_case_221793267_out">
<pin_list>
<pin id="187" dir="1" index="0" bw="1" slack="0"/>
</pin_list>
<bind>
<StgValue><ssdm name="mux_case_221793267_out"/></StgValue>
</bind>
</comp>

<comp id="188" class="1000" name="mux_case_121773261_out">
<pin_list>
<pin id="189" dir="1" index="0" bw="1" slack="0"/>
</pin_list>
<bind>
<StgValue><ssdm name="mux_case_121773261_out"/></StgValue>
</bind>
</comp>

<comp id="190" class="1000" name="mux_case_021753255_out">
<pin_list>
<pin id="191" dir="1" index="0" bw="1" slack="0"/>
</pin_list>
<bind>
<StgValue><ssdm name="mux_case_021753255_out"/></StgValue>
</bind>
</comp>

<comp id="192" class="1000" name="mux_case_521723249_out">
<pin_list>
<pin id="193" dir="1" index="0" bw="1" slack="0"/>
</pin_list>
<bind>
<StgValue><ssdm name="mux_case_521723249_out"/></StgValue>
</bind>
</comp>

<comp id="194" class="1000" name="mux_case_421703243_out">
<pin_list>
<pin id="195" dir="1" index="0" bw="1" slack="0"/>
</pin_list>
<bind>
<StgValue><ssdm name="mux_case_421703243_out"/></StgValue>
</bind>
</comp>

<comp id="196" class="1000" name="mux_case_321683237_out">
<pin_list>
<pin id="197" dir="1" index="0" bw="1" slack="0"/>
</pin_list>
<bind>
<StgValue><ssdm name="mux_case_321683237_out"/></StgValue>
</bind>
</comp>

<comp id="198" class="1000" name="mux_case_221663231_out">
<pin_list>
<pin id="199" dir="1" index="0" bw="1" slack="0"/>
</pin_list>
<bind>
<StgValue><ssdm name="mux_case_221663231_out"/></StgValue>
</bind>
</comp>

<comp id="200" class="1000" name="mux_case_121643225_out">
<pin_list>
<pin id="201" dir="1" index="0" bw="1" slack="0"/>
</pin_list>
<bind>
<StgValue><ssdm name="mux_case_121643225_out"/></StgValue>
</bind>
</comp>

<comp id="202" class="1000" name="mux_case_021623219_out">
<pin_list>
<pin id="203" dir="1" index="0" bw="1" slack="0"/>
</pin_list>
<bind>
<StgValue><ssdm name="mux_case_021623219_out"/></StgValue>
</bind>
</comp>

<comp id="204" class="1000" name="mux_case_521593212_out">
<pin_list>
<pin id="205" dir="1" index="0" bw="1" slack="0"/>
</pin_list>
<bind>
<StgValue><ssdm name="mux_case_521593212_out"/></StgValue>
</bind>
</comp>

<comp id="206" class="1000" name="mux_case_421573206_out">
<pin_list>
<pin id="207" dir="1" index="0" bw="1" slack="0"/>
</pin_list>
<bind>
<StgValue><ssdm name="mux_case_421573206_out"/></StgValue>
</bind>
</comp>

<comp id="208" class="1000" name="mux_case_321553200_out">
<pin_list>
<pin id="209" dir="1" index="0" bw="1" slack="0"/>
</pin_list>
<bind>
<StgValue><ssdm name="mux_case_321553200_out"/></StgValue>
</bind>
</comp>

<comp id="210" class="1000" name="mux_case_221533194_out">
<pin_list>
<pin id="211" dir="1" index="0" bw="1" slack="0"/>
</pin_list>
<bind>
<StgValue><ssdm name="mux_case_221533194_out"/></StgValue>
</bind>
</comp>

<comp id="212" class="1000" name="mux_case_121513188_out">
<pin_list>
<pin id="213" dir="1" index="0" bw="1" slack="0"/>
</pin_list>
<bind>
<StgValue><ssdm name="mux_case_121513188_out"/></StgValue>
</bind>
</comp>

<comp id="214" class="1000" name="mux_case_021493182_out">
<pin_list>
<pin id="215" dir="1" index="0" bw="1" slack="0"/>
</pin_list>
<bind>
<StgValue><ssdm name="mux_case_021493182_out"/></StgValue>
</bind>
</comp>

<comp id="216" class="1001" name="const_216">
<pin_list>
<pin id="217" dir="1" index="0" bw="1" slack="0"/>
</pin_list>
<bind>
<StgValue><ssdm name=""/></StgValue>
</bind>
</comp>

<comp id="218" class="1001" name="const_218">
<pin_list>
<pin id="219" dir="1" index="0" bw="1" slack="0"/>
</pin_list>
<bind>
<StgValue><ssdm name="_ssdm_op_Read.ap_auto.float"/></StgValue>
</bind>
</comp>

<comp id="220" class="1001" name="const_220">
<pin_list>
<pin id="221" dir="1" index="0" bw="1" slack="0"/>
</pin_list>
<bind>
<StgValue><ssdm name=""/></StgValue>
</bind>
</comp>

<comp id="222" class="1001" name="const_222">
<pin_list>
<pin id="223" dir="1" index="0" bw="1" slack="0"/>
</pin_list>
<bind>
<StgValue><ssdm name=""/></StgValue>
</bind>
</comp>

<comp id="224" class="1001" name="const_224">
<pin_list>
<pin id="225" dir="1" index="0" bw="1" slack="0"/>
</pin_list>
<bind>
<StgValue><ssdm name=""/></StgValue>
</bind>
</comp>

<comp id="226" class="1001" name="const_226">
<pin_list>
<pin id="227" dir="1" index="0" bw="1" slack="0"/>
</pin_list>
<bind>
<StgValue><ssdm name=""/></StgValue>
</bind>
</comp>

<comp id="228" class="1001" name="const_228">
<pin_list>
<pin id="229" dir="1" index="0" bw="1" slack="0"/>
</pin_list>
<bind>
<StgValue><ssdm name=""/></StgValue>
</bind>
</comp>

<comp id="230" class="1001" name="const_230">
<pin_list>
<pin id="231" dir="1" index="0" bw="1" slack="0"/>
</pin_list>
<bind>
<StgValue><ssdm name=""/></StgValue>
</bind>
</comp>

<comp id="232" class="1001" name="const_232">
<pin_list>
<pin id="233" dir="1" index="0" bw="1" slack="0"/>
</pin_list>
<bind>
<StgValue><ssdm name="_ssdm_op_Mux.ap_auto.6f32.i3"/></StgValue>
</bind>
</comp>

<comp id="234" class="1001" name="const_234">
<pin_list>
<pin id="235" dir="1" index="0" bw="1" slack="2147483647"/>
</pin_list>
<bind>
<StgValue><ssdm name=""/></StgValue>
</bind>
</comp>

<comp id="236" class="1001" name="const_236">
<pin_list>
<pin id="237" dir="1" index="0" bw="1" slack="2147483647"/>
</pin_list>
<bind>
<StgValue><ssdm name=""/></StgValue>
</bind>
</comp>

<comp id="238" class="1001" name="const_238">
<pin_list>
<pin id="239" dir="1" index="0" bw="1" slack="2147483647"/>
</pin_list>
<bind>
<StgValue><ssdm name=""/></StgValue>
</bind>
</comp>

<comp id="240" class="1001" name="const_240">
<pin_list>
<pin id="241" dir="1" index="0" bw="1" slack="0"/>
</pin_list>
<bind>
<StgValue><ssdm name=""/></StgValue>
</bind>
</comp>

<comp id="242" class="1001" name="const_242">
<pin_list>
<pin id="243" dir="1" index="0" bw="1" slack="2147483647"/>
</pin_list>
<bind>
<StgValue><ssdm name="_ssdm_op_SpecLoopName"/></StgValue>
</bind>
</comp>

<comp id="244" class="1001" name="const_244">
<pin_list>
<pin id="245" dir="1" index="0" bw="1" slack="2147483647"/>
</pin_list>
<bind>
<StgValue><ssdm name="VITIS_LOOP_17_1_VITIS_LOOP_18_2_str"/></StgValue>
</bind>
</comp>

<comp id="246" class="1001" name="const_246">
<pin_list>
<pin id="247" dir="1" index="0" bw="1" slack="2147483647"/>
</pin_list>
<bind>
<StgValue><ssdm name="_ssdm_op_SpecLoopTripCount"/></StgValue>
</bind>
</comp>

<comp id="248" class="1001" name="const_248">
<pin_list>
<pin id="249" dir="1" index="0" bw="1" slack="2147483647"/>
</pin_list>
<bind>
<StgValue><ssdm name=""/></StgValue>
</bind>
</comp>

<comp id="250" class="1001" name="const_250">
<pin_list>
<pin id="251" dir="1" index="0" bw="1" slack="2147483647"/>
</pin_list>
<bind>
<StgValue><ssdm name="_ssdm_op_SpecPipeline"/></StgValue>
</bind>
</comp>

<comp id="252" class="1001" name="const_252">
<pin_list>
<pin id="253" dir="1" index="0" bw="1" slack="2147483647"/>
</pin_list>
<bind>
<StgValue><ssdm name=""/></StgValue>
</bind>
</comp>

<comp id="254" class="1001" name="const_254">
<pin_list>
<pin id="255" dir="1" index="0" bw="1" slack="2147483647"/>
</pin_list>
<bind>
<StgValue><ssdm name="empty_30"/></StgValue>
</bind>
</comp>

<comp id="256" class="1001" name="const_256">
<pin_list>
<pin id="257" dir="1" index="0" bw="1" slack="2147483647"/>
</pin_list>
<bind>
<StgValue><ssdm name="empty_10"/></StgValue>
</bind>
</comp>

<comp id="258" class="1001" name="const_258">
<pin_list>
<pin id="259" dir="1" index="0" bw="1" slack="0"/>
</pin_list>
<bind>
<StgValue><ssdm name="_ssdm_op_Write.ap_auto.floatP0A"/></StgValue>
</bind>
</comp>

<comp id="260" class="1004" name="j_fu_260">
<pin_list>
<pin id="261" dir="0" index="0" bw="1" slack="0"/>
<pin id="262" dir="1" index="1" bw="3" slack="0"/>
</pin_list>
<bind>
<opcode="alloca(26) " fcode="alloca"/>
<opset="j/1 "/>
</bind>
</comp>

<comp id="264" class="1004" name="i_fu_264">
<pin_list>
<pin id="265" dir="0" index="0" bw="1" slack="0"/>
<pin id="266" dir="1" index="1" bw="3" slack="0"/>
</pin_list>
<bind>
<opcode="alloca(26) " fcode="alloca"/>
<opset="i/1 "/>
</bind>
</comp>

<comp id="268" class="1004" name="indvar_flatten41_fu_268">
<pin_list>
<pin id="269" dir="0" index="0" bw="1" slack="0"/>
<pin id="270" dir="1" index="1" bw="6" slack="0"/>
</pin_list>
<bind>
<opcode="alloca(26) " fcode="alloca"/>
<opset="indvar_flatten41/1 "/>
</bind>
</comp>

<comp id="272" class="1004" name="acc_fu_272">
<pin_list>
<pin id="273" dir="0" index="0" bw="1" slack="0"/>
<pin id="274" dir="1" index="1" bw="32" slack="26"/>
</pin_list>
<bind>
<opcode="alloca(26) " fcode="alloca"/>
<opset="acc/1 "/>
</bind>
</comp>

<comp id="276" class="1004" name="acc_7_fu_276">
<pin_list>
<pin id="277" dir="0" index="0" bw="1" slack="0"/>
<pin id="278" dir="1" index="1" bw="32" slack="26"/>
</pin_list>
<bind>
<opcode="alloca(26) " fcode="alloca"/>
<opset="acc_7/1 "/>
</bind>
</comp>

<comp id="280" class="1004" name="acc_8_fu_280">
<pin_list>
<pin id="281" dir="0" index="0" bw="1" slack="0"/>
<pin id="282" dir="1" index="1" bw="32" slack="26"/>
</pin_list>
<bind>
<opcode="alloca(26) " fcode="alloca"/>
<opset="acc_8/1 "/>
</bind>
</comp>

<comp id="284" class="1004" name="acc_9_fu_284">
<pin_list>
<pin id="285" dir="0" index="0" bw="1" slack="0"/>
<pin id="286" dir="1" index="1" bw="32" slack="26"/>
</pin_list>
<bind>
<opcode="alloca(26) " fcode="alloca"/>
<opset="acc_9/1 "/>
</bind>
</comp>

<comp id="288" class="1004" name="acc_10_fu_288">
<pin_list>
<pin id="289" dir="0" index="0" bw="1" slack="0"/>
<pin id="290" dir="1" index="1" bw="32" slack="26"/>
</pin_list>
<bind>
<opcode="alloca(26) " fcode="alloca"/>
<opset="acc_10/1 "/>
</bind>
</comp>

<comp id="292" class="1004" name="acc_11_fu_292">
<pin_list>
<pin id="293" dir="0" index="0" bw="1" slack="0"/>
<pin id="294" dir="1" index="1" bw="32" slack="26"/>
</pin_list>
<bind>
<opcode="alloca(26) " fcode="alloca"/>
<opset="acc_11/1 "/>
</bind>
</comp>

<comp id="296" class="1004" name="acc_12_fu_296">
<pin_list>
<pin id="297" dir="0" index="0" bw="1" slack="0"/>
<pin id="298" dir="1" index="1" bw="32" slack="26"/>
</pin_list>
<bind>
<opcode="alloca(26) " fcode="alloca"/>
<opset="acc_12/1 "/>
</bind>
</comp>

<comp id="300" class="1004" name="acc_13_fu_300">
<pin_list>
<pin id="301" dir="0" index="0" bw="1" slack="0"/>
<pin id="302" dir="1" index="1" bw="32" slack="26"/>
</pin_list>
<bind>
<opcode="alloca(26) " fcode="alloca"/>
<opset="acc_13/1 "/>
</bind>
</comp>

<comp id="304" class="1004" name="acc_14_fu_304">
<pin_list>
<pin id="305" dir="0" index="0" bw="1" slack="0"/>
<pin id="306" dir="1" index="1" bw="32" slack="26"/>
</pin_list>
<bind>
<opcode="alloca(26) " fcode="alloca"/>
<opset="acc_14/1 "/>
</bind>
</comp>

<comp id="308" class="1004" name="acc_15_fu_308">
<pin_list>
<pin id="309" dir="0" index="0" bw="1" slack="0"/>
<pin id="310" dir="1" index="1" bw="32" slack="26"/>
</pin_list>
<bind>
<opcode="alloca(26) " fcode="alloca"/>
<opset="acc_15/1 "/>
</bind>
</comp>

<comp id="312" class="1004" name="acc_16_fu_312">
<pin_list>
<pin id="313" dir="0" index="0" bw="1" slack="0"/>
<pin id="314" dir="1" index="1" bw="32" slack="26"/>
</pin_list>
<bind>
<opcode="alloca(26) " fcode="alloca"/>
<opset="acc_16/1 "/>
</bind>
</comp>

<comp id="316" class="1004" name="acc_17_fu_316">
<pin_list>
<pin id="317" dir="0" index="0" bw="1" slack="0"/>
<pin id="318" dir="1" index="1" bw="32" slack="26"/>
</pin_list>
<bind>
<opcode="alloca(26) " fcode="alloca"/>
<opset="acc_17/1 "/>
</bind>
</comp>

<comp id="320" class="1004" name="acc_18_fu_320">
<pin_list>
<pin id="321" dir="0" index="0" bw="1" slack="0"/>
<pin id="322" dir="1" index="1" bw="32" slack="26"/>
</pin_list>
<bind>
<opcode="alloca(26) " fcode="alloca"/>
<opset="acc_18/1 "/>
</bind>
</comp>

<comp id="324" class="1004" name="acc_19_fu_324">
<pin_list>
<pin id="325" dir="0" index="0" bw="1" slack="0"/>
<pin id="326" dir="1" index="1" bw="32" slack="26"/>
</pin_list>
<bind>
<opcode="alloca(26) " fcode="alloca"/>
<opset="acc_19/1 "/>
</bind>
</comp>

<comp id="328" class="1004" name="acc_20_fu_328">
<pin_list>
<pin id="329" dir="0" index="0" bw="1" slack="0"/>
<pin id="330" dir="1" index="1" bw="32" slack="26"/>
</pin_list>
<bind>
<opcode="alloca(26) " fcode="alloca"/>
<opset="acc_20/1 "/>
</bind>
</comp>

<comp id="332" class="1004" name="acc_21_fu_332">
<pin_list>
<pin id="333" dir="0" index="0" bw="1" slack="0"/>
<pin id="334" dir="1" index="1" bw="32" slack="26"/>
</pin_list>
<bind>
<opcode="alloca(26) " fcode="alloca"/>
<opset="acc_21/1 "/>
</bind>
</comp>

<comp id="336" class="1004" name="acc_22_fu_336">
<pin_list>
<pin id="337" dir="0" index="0" bw="1" slack="0"/>
<pin id="338" dir="1" index="1" bw="32" slack="26"/>
</pin_list>
<bind>
<opcode="alloca(26) " fcode="alloca"/>
<opset="acc_22/1 "/>
</bind>
</comp>

<comp id="340" class="1004" name="acc_23_fu_340">
<pin_list>
<pin id="341" dir="0" index="0" bw="1" slack="0"/>
<pin id="342" dir="1" index="1" bw="32" slack="26"/>
</pin_list>
<bind>
<opcode="alloca(26) " fcode="alloca"/>
<opset="acc_23/1 "/>
</bind>
</comp>

<comp id="344" class="1004" name="acc_24_fu_344">
<pin_list>
<pin id="345" dir="0" index="0" bw="1" slack="0"/>
<pin id="346" dir="1" index="1" bw="32" slack="26"/>
</pin_list>
<bind>
<opcode="alloca(26) " fcode="alloca"/>
<opset="acc_24/1 "/>
</bind>
</comp>

<comp id="348" class="1004" name="acc_25_fu_348">
<pin_list>
<pin id="349" dir="0" index="0" bw="1" slack="0"/>
<pin id="350" dir="1" index="1" bw="32" slack="26"/>
</pin_list>
<bind>
<opcode="alloca(26) " fcode="alloca"/>
<opset="acc_25/1 "/>
</bind>
</comp>

<comp id="352" class="1004" name="acc_26_fu_352">
<pin_list>
<pin id="353" dir="0" index="0" bw="1" slack="0"/>
<pin id="354" dir="1" index="1" bw="32" slack="26"/>
</pin_list>
<bind>
<opcode="alloca(26) " fcode="alloca"/>
<opset="acc_26/1 "/>
</bind>
</comp>

<comp id="356" class="1004" name="acc_27_fu_356">
<pin_list>
<pin id="357" dir="0" index="0" bw="1" slack="0"/>
<pin id="358" dir="1" index="1" bw="32" slack="26"/>
</pin_list>
<bind>
<opcode="alloca(26) " fcode="alloca"/>
<opset="acc_27/1 "/>
</bind>
</comp>

<comp id="360" class="1004" name="acc_28_fu_360">
<pin_list>
<pin id="361" dir="0" index="0" bw="1" slack="0"/>
<pin id="362" dir="1" index="1" bw="32" slack="26"/>
</pin_list>
<bind>
<opcode="alloca(26) " fcode="alloca"/>
<opset="acc_28/1 "/>
</bind>
</comp>

<comp id="364" class="1004" name="acc_29_fu_364">
<pin_list>
<pin id="365" dir="0" index="0" bw="1" slack="0"/>
<pin id="366" dir="1" index="1" bw="32" slack="26"/>
</pin_list>
<bind>
<opcode="alloca(26) " fcode="alloca"/>
<opset="acc_29/1 "/>
</bind>
</comp>

<comp id="368" class="1004" name="acc_36_fu_368">
<pin_list>
<pin id="369" dir="0" index="0" bw="1" slack="0"/>
<pin id="370" dir="1" index="1" bw="32" slack="26"/>
</pin_list>
<bind>
<opcode="alloca(26) " fcode="alloca"/>
<opset="acc_36/1 "/>
</bind>
</comp>

<comp id="372" class="1004" name="acc_37_fu_372">
<pin_list>
<pin id="373" dir="0" index="0" bw="1" slack="0"/>
<pin id="374" dir="1" index="1" bw="32" slack="26"/>
</pin_list>
<bind>
<opcode="alloca(26) " fcode="alloca"/>
<opset="acc_37/1 "/>
</bind>
</comp>

<comp id="376" class="1004" name="acc_38_fu_376">
<pin_list>
<pin id="377" dir="0" index="0" bw="1" slack="0"/>
<pin id="378" dir="1" index="1" bw="32" slack="26"/>
</pin_list>
<bind>
<opcode="alloca(26) " fcode="alloca"/>
<opset="acc_38/1 "/>
</bind>
</comp>

<comp id="380" class="1004" name="acc_39_fu_380">
<pin_list>
<pin id="381" dir="0" index="0" bw="1" slack="0"/>
<pin id="382" dir="1" index="1" bw="32" slack="26"/>
</pin_list>
<bind>
<opcode="alloca(26) " fcode="alloca"/>
<opset="acc_39/1 "/>
</bind>
</comp>

<comp id="384" class="1004" name="acc_40_fu_384">
<pin_list>
<pin id="385" dir="0" index="0" bw="1" slack="0"/>
<pin id="386" dir="1" index="1" bw="32" slack="26"/>
</pin_list>
<bind>
<opcode="alloca(26) " fcode="alloca"/>
<opset="acc_40/1 "/>
</bind>
</comp>

<comp id="388" class="1004" name="acc_41_fu_388">
<pin_list>
<pin id="389" dir="0" index="0" bw="1" slack="0"/>
<pin id="390" dir="1" index="1" bw="32" slack="26"/>
</pin_list>
<bind>
<opcode="alloca(26) " fcode="alloca"/>
<opset="acc_41/1 "/>
</bind>
</comp>

<comp id="392" class="1004" name="acc_42_fu_392">
<pin_list>
<pin id="393" dir="0" index="0" bw="1" slack="0"/>
<pin id="394" dir="1" index="1" bw="32" slack="26"/>
</pin_list>
<bind>
<opcode="alloca(26) " fcode="alloca"/>
<opset="acc_42/1 "/>
</bind>
</comp>

<comp id="396" class="1004" name="acc_43_fu_396">
<pin_list>
<pin id="397" dir="0" index="0" bw="1" slack="0"/>
<pin id="398" dir="1" index="1" bw="32" slack="26"/>
</pin_list>
<bind>
<opcode="alloca(26) " fcode="alloca"/>
<opset="acc_43/1 "/>
</bind>
</comp>

<comp id="400" class="1004" name="acc_44_fu_400">
<pin_list>
<pin id="401" dir="0" index="0" bw="1" slack="0"/>
<pin id="402" dir="1" index="1" bw="32" slack="26"/>
</pin_list>
<bind>
<opcode="alloca(26) " fcode="alloca"/>
<opset="acc_44/1 "/>
</bind>
</comp>

<comp id="404" class="1004" name="acc_45_fu_404">
<pin_list>
<pin id="405" dir="0" index="0" bw="1" slack="0"/>
<pin id="406" dir="1" index="1" bw="32" slack="26"/>
</pin_list>
<bind>
<opcode="alloca(26) " fcode="alloca"/>
<opset="acc_45/1 "/>
</bind>
</comp>

<comp id="408" class="1004" name="acc_46_fu_408">
<pin_list>
<pin id="409" dir="0" index="0" bw="1" slack="0"/>
<pin id="410" dir="1" index="1" bw="32" slack="26"/>
</pin_list>
<bind>
<opcode="alloca(26) " fcode="alloca"/>
<opset="acc_46/1 "/>
</bind>
</comp>

<comp id="412" class="1004" name="acc_47_fu_412">
<pin_list>
<pin id="413" dir="0" index="0" bw="1" slack="0"/>
<pin id="414" dir="1" index="1" bw="32" slack="26"/>
</pin_list>
<bind>
<opcode="alloca(26) " fcode="alloca"/>
<opset="acc_47/1 "/>
</bind>
</comp>

<comp id="416" class="1004" name="At_35_reload_read_read_fu_416">
<pin_list>
<pin id="417" dir="0" index="0" bw="32" slack="0"/>
<pin id="418" dir="0" index="1" bw="32" slack="0"/>
<pin id="419" dir="1" index="2" bw="32" slack="20"/>
</pin_list>
<bind>
<opcode="read(1150) " fcode="read"/>
<opset="At_35_reload_read/1 "/>
</bind>
</comp>

<comp id="422" class="1004" name="At_34_reload_read_read_fu_422">
<pin_list>
<pin id="423" dir="0" index="0" bw="32" slack="0"/>
<pin id="424" dir="0" index="1" bw="32" slack="0"/>
<pin id="425" dir="1" index="2" bw="32" slack="20"/>
</pin_list>
<bind>
<opcode="read(1150) " fcode="read"/>
<opset="At_34_reload_read/1 "/>
</bind>
</comp>

<comp id="428" class="1004" name="At_33_reload_read_read_fu_428">
<pin_list>
<pin id="429" dir="0" index="0" bw="32" slack="0"/>
<pin id="430" dir="0" index="1" bw="32" slack="0"/>
<pin id="431" dir="1" index="2" bw="32" slack="20"/>
</pin_list>
<bind>
<opcode="read(1150) " fcode="read"/>
<opset="At_33_reload_read/1 "/>
</bind>
</comp>

<comp id="434" class="1004" name="At_32_reload_read_read_fu_434">
<pin_list>
<pin id="435" dir="0" index="0" bw="32" slack="0"/>
<pin id="436" dir="0" index="1" bw="32" slack="0"/>
<pin id="437" dir="1" index="2" bw="32" slack="20"/>
</pin_list>
<bind>
<opcode="read(1150) " fcode="read"/>
<opset="At_32_reload_read/1 "/>
</bind>
</comp>

<comp id="440" class="1004" name="At_31_reload_read_read_fu_440">
<pin_list>
<pin id="441" dir="0" index="0" bw="32" slack="0"/>
<pin id="442" dir="0" index="1" bw="32" slack="0"/>
<pin id="443" dir="1" index="2" bw="32" slack="20"/>
</pin_list>
<bind>
<opcode="read(1150) " fcode="read"/>
<opset="At_31_reload_read/1 "/>
</bind>
</comp>

<comp id="446" class="1004" name="At_30_reload_read_read_fu_446">
<pin_list>
<pin id="447" dir="0" index="0" bw="32" slack="0"/>
<pin id="448" dir="0" index="1" bw="32" slack="0"/>
<pin id="449" dir="1" index="2" bw="32" slack="20"/>
</pin_list>
<bind>
<opcode="read(1150) " fcode="read"/>
<opset="At_30_reload_read/1 "/>
</bind>
</comp>

<comp id="452" class="1004" name="At_29_reload_read_read_fu_452">
<pin_list>
<pin id="453" dir="0" index="0" bw="32" slack="0"/>
<pin id="454" dir="0" index="1" bw="32" slack="0"/>
<pin id="455" dir="1" index="2" bw="32" slack="16"/>
</pin_list>
<bind>
<opcode="read(1150) " fcode="read"/>
<opset="At_29_reload_read/1 "/>
</bind>
</comp>

<comp id="458" class="1004" name="At_28_reload_read_read_fu_458">
<pin_list>
<pin id="459" dir="0" index="0" bw="32" slack="0"/>
<pin id="460" dir="0" index="1" bw="32" slack="0"/>
<pin id="461" dir="1" index="2" bw="32" slack="16"/>
</pin_list>
<bind>
<opcode="read(1150) " fcode="read"/>
<opset="At_28_reload_read/1 "/>
</bind>
</comp>

<comp id="464" class="1004" name="At_27_reload_read_read_fu_464">
<pin_list>
<pin id="465" dir="0" index="0" bw="32" slack="0"/>
<pin id="466" dir="0" index="1" bw="32" slack="0"/>
<pin id="467" dir="1" index="2" bw="32" slack="16"/>
</pin_list>
<bind>
<opcode="read(1150) " fcode="read"/>
<opset="At_27_reload_read/1 "/>
</bind>
</comp>

<comp id="470" class="1004" name="At_26_reload_read_read_fu_470">
<pin_list>
<pin id="471" dir="0" index="0" bw="32" slack="0"/>
<pin id="472" dir="0" index="1" bw="32" slack="0"/>
<pin id="473" dir="1" index="2" bw="32" slack="16"/>
</pin_list>
<bind>
<opcode="read(1150) " fcode="read"/>
<opset="At_26_reload_read/1 "/>
</bind>
</comp>

<comp id="476" class="1004" name="At_25_reload_read_read_fu_476">
<pin_list>
<pin id="477" dir="0" index="0" bw="32" slack="0"/>
<pin id="478" dir="0" index="1" bw="32" slack="0"/>
<pin id="479" dir="1" index="2" bw="32" slack="16"/>
</pin_list>
<bind>
<opcode="read(1150) " fcode="read"/>
<opset="At_25_reload_read/1 "/>
</bind>
</comp>

<comp id="482" class="1004" name="At_24_reload_read_read_fu_482">
<pin_list>
<pin id="483" dir="0" index="0" bw="32" slack="0"/>
<pin id="484" dir="0" index="1" bw="32" slack="0"/>
<pin id="485" dir="1" index="2" bw="32" slack="16"/>
</pin_list>
<bind>
<opcode="read(1150) " fcode="read"/>
<opset="At_24_reload_read/1 "/>
</bind>
</comp>

<comp id="488" class="1004" name="At_23_reload_read_read_fu_488">
<pin_list>
<pin id="489" dir="0" index="0" bw="32" slack="0"/>
<pin id="490" dir="0" index="1" bw="32" slack="0"/>
<pin id="491" dir="1" index="2" bw="32" slack="12"/>
</pin_list>
<bind>
<opcode="read(1150) " fcode="read"/>
<opset="At_23_reload_read/1 "/>
</bind>
</comp>

<comp id="494" class="1004" name="At_22_reload_read_read_fu_494">
<pin_list>
<pin id="495" dir="0" index="0" bw="32" slack="0"/>
<pin id="496" dir="0" index="1" bw="32" slack="0"/>
<pin id="497" dir="1" index="2" bw="32" slack="12"/>
</pin_list>
<bind>
<opcode="read(1150) " fcode="read"/>
<opset="At_22_reload_read/1 "/>
</bind>
</comp>

<comp id="500" class="1004" name="At_21_reload_read_read_fu_500">
<pin_list>
<pin id="501" dir="0" index="0" bw="32" slack="0"/>
<pin id="502" dir="0" index="1" bw="32" slack="0"/>
<pin id="503" dir="1" index="2" bw="32" slack="12"/>
</pin_list>
<bind>
<opcode="read(1150) " fcode="read"/>
<opset="At_21_reload_read/1 "/>
</bind>
</comp>

<comp id="506" class="1004" name="At_20_reload_read_read_fu_506">
<pin_list>
<pin id="507" dir="0" index="0" bw="32" slack="0"/>
<pin id="508" dir="0" index="1" bw="32" slack="0"/>
<pin id="509" dir="1" index="2" bw="32" slack="12"/>
</pin_list>
<bind>
<opcode="read(1150) " fcode="read"/>
<opset="At_20_reload_read/1 "/>
</bind>
</comp>

<comp id="512" class="1004" name="At_19_reload_read_read_fu_512">
<pin_list>
<pin id="513" dir="0" index="0" bw="32" slack="0"/>
<pin id="514" dir="0" index="1" bw="32" slack="0"/>
<pin id="515" dir="1" index="2" bw="32" slack="12"/>
</pin_list>
<bind>
<opcode="read(1150) " fcode="read"/>
<opset="At_19_reload_read/1 "/>
</bind>
</comp>

<comp id="518" class="1004" name="At_18_reload_read_read_fu_518">
<pin_list>
<pin id="519" dir="0" index="0" bw="32" slack="0"/>
<pin id="520" dir="0" index="1" bw="32" slack="0"/>
<pin id="521" dir="1" index="2" bw="32" slack="12"/>
</pin_list>
<bind>
<opcode="read(1150) " fcode="read"/>
<opset="At_18_reload_read/1 "/>
</bind>
</comp>

<comp id="524" class="1004" name="At_17_reload_read_read_fu_524">
<pin_list>
<pin id="525" dir="0" index="0" bw="32" slack="0"/>
<pin id="526" dir="0" index="1" bw="32" slack="0"/>
<pin id="527" dir="1" index="2" bw="32" slack="8"/>
</pin_list>
<bind>
<opcode="read(1150) " fcode="read"/>
<opset="At_17_reload_read/1 "/>
</bind>
</comp>

<comp id="530" class="1004" name="At_16_reload_read_read_fu_530">
<pin_list>
<pin id="531" dir="0" index="0" bw="32" slack="0"/>
<pin id="532" dir="0" index="1" bw="32" slack="0"/>
<pin id="533" dir="1" index="2" bw="32" slack="8"/>
</pin_list>
<bind>
<opcode="read(1150) " fcode="read"/>
<opset="At_16_reload_read/1 "/>
</bind>
</comp>

<comp id="536" class="1004" name="At_15_reload_read_read_fu_536">
<pin_list>
<pin id="537" dir="0" index="0" bw="32" slack="0"/>
<pin id="538" dir="0" index="1" bw="32" slack="0"/>
<pin id="539" dir="1" index="2" bw="32" slack="8"/>
</pin_list>
<bind>
<opcode="read(1150) " fcode="read"/>
<opset="At_15_reload_read/1 "/>
</bind>
</comp>

<comp id="542" class="1004" name="At_14_reload_read_read_fu_542">
<pin_list>
<pin id="543" dir="0" index="0" bw="32" slack="0"/>
<pin id="544" dir="0" index="1" bw="32" slack="0"/>
<pin id="545" dir="1" index="2" bw="32" slack="8"/>
</pin_list>
<bind>
<opcode="read(1150) " fcode="read"/>
<opset="At_14_reload_read/1 "/>
</bind>
</comp>

<comp id="548" class="1004" name="At_13_reload_read_read_fu_548">
<pin_list>
<pin id="549" dir="0" index="0" bw="32" slack="0"/>
<pin id="550" dir="0" index="1" bw="32" slack="0"/>
<pin id="551" dir="1" index="2" bw="32" slack="8"/>
</pin_list>
<bind>
<opcode="read(1150) " fcode="read"/>
<opset="At_13_reload_read/1 "/>
</bind>
</comp>

<comp id="554" class="1004" name="At_12_reload_read_read_fu_554">
<pin_list>
<pin id="555" dir="0" index="0" bw="32" slack="0"/>
<pin id="556" dir="0" index="1" bw="32" slack="0"/>
<pin id="557" dir="1" index="2" bw="32" slack="8"/>
</pin_list>
<bind>
<opcode="read(1150) " fcode="read"/>
<opset="At_12_reload_read/1 "/>
</bind>
</comp>

<comp id="560" class="1004" name="At_11_reload_read_read_fu_560">
<pin_list>
<pin id="561" dir="0" index="0" bw="32" slack="0"/>
<pin id="562" dir="0" index="1" bw="32" slack="0"/>
<pin id="563" dir="1" index="2" bw="32" slack="4"/>
</pin_list>
<bind>
<opcode="read(1150) " fcode="read"/>
<opset="At_11_reload_read/1 "/>
</bind>
</comp>

<comp id="566" class="1004" name="At_10_reload_read_read_fu_566">
<pin_list>
<pin id="567" dir="0" index="0" bw="32" slack="0"/>
<pin id="568" dir="0" index="1" bw="32" slack="0"/>
<pin id="569" dir="1" index="2" bw="32" slack="4"/>
</pin_list>
<bind>
<opcode="read(1150) " fcode="read"/>
<opset="At_10_reload_read/1 "/>
</bind>
</comp>

<comp id="572" class="1004" name="At_9_reload_read_read_fu_572">
<pin_list>
<pin id="573" dir="0" index="0" bw="32" slack="0"/>
<pin id="574" dir="0" index="1" bw="32" slack="0"/>
<pin id="575" dir="1" index="2" bw="32" slack="4"/>
</pin_list>
<bind>
<opcode="read(1150) " fcode="read"/>
<opset="At_9_reload_read/1 "/>
</bind>
</comp>

<comp id="578" class="1004" name="At_8_reload_read_read_fu_578">
<pin_list>
<pin id="579" dir="0" index="0" bw="32" slack="0"/>
<pin id="580" dir="0" index="1" bw="32" slack="0"/>
<pin id="581" dir="1" index="2" bw="32" slack="4"/>
</pin_list>
<bind>
<opcode="read(1150) " fcode="read"/>
<opset="At_8_reload_read/1 "/>
</bind>
</comp>

<comp id="584" class="1004" name="At_7_reload_read_read_fu_584">
<pin_list>
<pin id="585" dir="0" index="0" bw="32" slack="0"/>
<pin id="586" dir="0" index="1" bw="32" slack="0"/>
<pin id="587" dir="1" index="2" bw="32" slack="4"/>
</pin_list>
<bind>
<opcode="read(1150) " fcode="read"/>
<opset="At_7_reload_read/1 "/>
</bind>
</comp>

<comp id="590" class="1004" name="At_6_reload_read_read_fu_590">
<pin_list>
<pin id="591" dir="0" index="0" bw="32" slack="0"/>
<pin id="592" dir="0" index="1" bw="32" slack="0"/>
<pin id="593" dir="1" index="2" bw="32" slack="4"/>
</pin_list>
<bind>
<opcode="read(1150) " fcode="read"/>
<opset="At_6_reload_read/1 "/>
</bind>
</comp>

<comp id="596" class="1004" name="At_5_reload_read_read_fu_596">
<pin_list>
<pin id="597" dir="0" index="0" bw="32" slack="0"/>
<pin id="598" dir="0" index="1" bw="32" slack="0"/>
<pin id="599" dir="1" index="2" bw="32" slack="0"/>
</pin_list>
<bind>
<opcode="read(1150) " fcode="read"/>
<opset="At_5_reload_read/1 "/>
</bind>
</comp>

<comp id="602" class="1004" name="At_4_reload_read_read_fu_602">
<pin_list>
<pin id="603" dir="0" index="0" bw="32" slack="0"/>
<pin id="604" dir="0" index="1" bw="32" slack="0"/>
<pin id="605" dir="1" index="2" bw="32" slack="0"/>
</pin_list>
<bind>
<opcode="read(1150) " fcode="read"/>
<opset="At_4_reload_read/1 "/>
</bind>
</comp>

<comp id="608" class="1004" name="At_3_reload_read_read_fu_608">
<pin_list>
<pin id="609" dir="0" index="0" bw="32" slack="0"/>
<pin id="610" dir="0" index="1" bw="32" slack="0"/>
<pin id="611" dir="1" index="2" bw="32" slack="0"/>
</pin_list>
<bind>
<opcode="read(1150) " fcode="read"/>
<opset="At_3_reload_read/1 "/>
</bind>
</comp>

<comp id="614" class="1004" name="At_2_reload_read_read_fu_614">
<pin_list>
<pin id="615" dir="0" index="0" bw="32" slack="0"/>
<pin id="616" dir="0" index="1" bw="32" slack="0"/>
<pin id="617" dir="1" index="2" bw="32" slack="0"/>
</pin_list>
<bind>
<opcode="read(1150) " fcode="read"/>
<opset="At_2_reload_read/1 "/>
</bind>
</comp>

<comp id="620" class="1004" name="At_1_reload_read_read_fu_620">
<pin_list>
<pin id="621" dir="0" index="0" bw="32" slack="0"/>
<pin id="622" dir="0" index="1" bw="32" slack="0"/>
<pin id="623" dir="1" index="2" bw="32" slack="0"/>
</pin_list>
<bind>
<opcode="read(1150) " fcode="read"/>
<opset="At_1_reload_read/1 "/>
</bind>
</comp>

<comp id="626" class="1004" name="At_reload_read_read_fu_626">
<pin_list>
<pin id="627" dir="0" index="0" bw="32" slack="0"/>
<pin id="628" dir="0" index="1" bw="32" slack="0"/>
<pin id="629" dir="1" index="2" bw="32" slack="0"/>
</pin_list>
<bind>
<opcode="read(1150) " fcode="read"/>
<opset="At_reload_read/1 "/>
</bind>
</comp>

<comp id="632" class="1004" name="mux_case_520153177_reload_read_read_fu_632">
<pin_list>
<pin id="633" dir="0" index="0" bw="32" slack="0"/>
<pin id="634" dir="0" index="1" bw="32" slack="0"/>
<pin id="635" dir="1" index="2" bw="32" slack="20"/>
</pin_list>
<bind>
<opcode="read(1150) " fcode="read"/>
<opset="mux_case_520153177_reload_read/1 "/>
</bind>
</comp>

<comp id="638" class="1004" name="mux_case_420133172_reload_read_read_fu_638">
<pin_list>
<pin id="639" dir="0" index="0" bw="32" slack="0"/>
<pin id="640" dir="0" index="1" bw="32" slack="0"/>
<pin id="641" dir="1" index="2" bw="32" slack="20"/>
</pin_list>
<bind>
<opcode="read(1150) " fcode="read"/>
<opset="mux_case_420133172_reload_read/1 "/>
</bind>
</comp>

<comp id="644" class="1004" name="mux_case_320113167_reload_read_read_fu_644">
<pin_list>
<pin id="645" dir="0" index="0" bw="32" slack="0"/>
<pin id="646" dir="0" index="1" bw="32" slack="0"/>
<pin id="647" dir="1" index="2" bw="32" slack="20"/>
</pin_list>
<bind>
<opcode="read(1150) " fcode="read"/>
<opset="mux_case_320113167_reload_read/1 "/>
</bind>
</comp>

<comp id="650" class="1004" name="mux_case_220093162_reload_read_read_fu_650">
<pin_list>
<pin id="651" dir="0" index="0" bw="32" slack="0"/>
<pin id="652" dir="0" index="1" bw="32" slack="0"/>
<pin id="653" dir="1" index="2" bw="32" slack="20"/>
</pin_list>
<bind>
<opcode="read(1150) " fcode="read"/>
<opset="mux_case_220093162_reload_read/1 "/>
</bind>
</comp>

<comp id="656" class="1004" name="mux_case_120073157_reload_read_read_fu_656">
<pin_list>
<pin id="657" dir="0" index="0" bw="32" slack="0"/>
<pin id="658" dir="0" index="1" bw="32" slack="0"/>
<pin id="659" dir="1" index="2" bw="32" slack="20"/>
</pin_list>
<bind>
<opcode="read(1150) " fcode="read"/>
<opset="mux_case_120073157_reload_read/1 "/>
</bind>
</comp>

<comp id="662" class="1004" name="mux_case_020053151_reload_read_read_fu_662">
<pin_list>
<pin id="663" dir="0" index="0" bw="32" slack="0"/>
<pin id="664" dir="0" index="1" bw="32" slack="0"/>
<pin id="665" dir="1" index="2" bw="32" slack="20"/>
</pin_list>
<bind>
<opcode="read(1150) " fcode="read"/>
<opset="mux_case_020053151_reload_read/1 "/>
</bind>
</comp>

<comp id="668" class="1004" name="mux_case_520033147_reload_read_read_fu_668">
<pin_list>
<pin id="669" dir="0" index="0" bw="32" slack="0"/>
<pin id="670" dir="0" index="1" bw="32" slack="0"/>
<pin id="671" dir="1" index="2" bw="32" slack="16"/>
</pin_list>
<bind>
<opcode="read(1150) " fcode="read"/>
<opset="mux_case_520033147_reload_read/1 "/>
</bind>
</comp>

<comp id="674" class="1004" name="mux_case_420013142_reload_read_read_fu_674">
<pin_list>
<pin id="675" dir="0" index="0" bw="32" slack="0"/>
<pin id="676" dir="0" index="1" bw="32" slack="0"/>
<pin id="677" dir="1" index="2" bw="32" slack="16"/>
</pin_list>
<bind>
<opcode="read(1150) " fcode="read"/>
<opset="mux_case_420013142_reload_read/1 "/>
</bind>
</comp>

<comp id="680" class="1004" name="mux_case_319993137_reload_read_read_fu_680">
<pin_list>
<pin id="681" dir="0" index="0" bw="32" slack="0"/>
<pin id="682" dir="0" index="1" bw="32" slack="0"/>
<pin id="683" dir="1" index="2" bw="32" slack="16"/>
</pin_list>
<bind>
<opcode="read(1150) " fcode="read"/>
<opset="mux_case_319993137_reload_read/1 "/>
</bind>
</comp>

<comp id="686" class="1004" name="mux_case_219973132_reload_read_read_fu_686">
<pin_list>
<pin id="687" dir="0" index="0" bw="32" slack="0"/>
<pin id="688" dir="0" index="1" bw="32" slack="0"/>
<pin id="689" dir="1" index="2" bw="32" slack="16"/>
</pin_list>
<bind>
<opcode="read(1150) " fcode="read"/>
<opset="mux_case_219973132_reload_read/1 "/>
</bind>
</comp>

<comp id="692" class="1004" name="mux_case_119953127_reload_read_read_fu_692">
<pin_list>
<pin id="693" dir="0" index="0" bw="32" slack="0"/>
<pin id="694" dir="0" index="1" bw="32" slack="0"/>
<pin id="695" dir="1" index="2" bw="32" slack="16"/>
</pin_list>
<bind>
<opcode="read(1150) " fcode="read"/>
<opset="mux_case_119953127_reload_read/1 "/>
</bind>
</comp>

<comp id="698" class="1004" name="mux_case_019933121_reload_read_read_fu_698">
<pin_list>
<pin id="699" dir="0" index="0" bw="32" slack="0"/>
<pin id="700" dir="0" index="1" bw="32" slack="0"/>
<pin id="701" dir="1" index="2" bw="32" slack="16"/>
</pin_list>
<bind>
<opcode="read(1150) " fcode="read"/>
<opset="mux_case_019933121_reload_read/1 "/>
</bind>
</comp>

<comp id="704" class="1004" name="mux_case_519913117_reload_read_read_fu_704">
<pin_list>
<pin id="705" dir="0" index="0" bw="32" slack="0"/>
<pin id="706" dir="0" index="1" bw="32" slack="0"/>
<pin id="707" dir="1" index="2" bw="32" slack="12"/>
</pin_list>
<bind>
<opcode="read(1150) " fcode="read"/>
<opset="mux_case_519913117_reload_read/1 "/>
</bind>
</comp>

<comp id="710" class="1004" name="mux_case_419893112_reload_read_read_fu_710">
<pin_list>
<pin id="711" dir="0" index="0" bw="32" slack="0"/>
<pin id="712" dir="0" index="1" bw="32" slack="0"/>
<pin id="713" dir="1" index="2" bw="32" slack="12"/>
</pin_list>
<bind>
<opcode="read(1150) " fcode="read"/>
<opset="mux_case_419893112_reload_read/1 "/>
</bind>
</comp>

<comp id="716" class="1004" name="mux_case_319873107_reload_read_read_fu_716">
<pin_list>
<pin id="717" dir="0" index="0" bw="32" slack="0"/>
<pin id="718" dir="0" index="1" bw="32" slack="0"/>
<pin id="719" dir="1" index="2" bw="32" slack="12"/>
</pin_list>
<bind>
<opcode="read(1150) " fcode="read"/>
<opset="mux_case_319873107_reload_read/1 "/>
</bind>
</comp>

<comp id="722" class="1004" name="mux_case_219853102_reload_read_read_fu_722">
<pin_list>
<pin id="723" dir="0" index="0" bw="32" slack="0"/>
<pin id="724" dir="0" index="1" bw="32" slack="0"/>
<pin id="725" dir="1" index="2" bw="32" slack="12"/>
</pin_list>
<bind>
<opcode="read(1150) " fcode="read"/>
<opset="mux_case_219853102_reload_read/1 "/>
</bind>
</comp>

<comp id="728" class="1004" name="mux_case_119833097_reload_read_read_fu_728">
<pin_list>
<pin id="729" dir="0" index="0" bw="32" slack="0"/>
<pin id="730" dir="0" index="1" bw="32" slack="0"/>
<pin id="731" dir="1" index="2" bw="32" slack="12"/>
</pin_list>
<bind>
<opcode="read(1150) " fcode="read"/>
<opset="mux_case_119833097_reload_read/1 "/>
</bind>
</comp>

<comp id="734" class="1004" name="mux_case_019813091_reload_read_read_fu_734">
<pin_list>
<pin id="735" dir="0" index="0" bw="32" slack="0"/>
<pin id="736" dir="0" index="1" bw="32" slack="0"/>
<pin id="737" dir="1" index="2" bw="32" slack="12"/>
</pin_list>
<bind>
<opcode="read(1150) " fcode="read"/>
<opset="mux_case_019813091_reload_read/1 "/>
</bind>
</comp>

<comp id="740" class="1004" name="mux_case_519793087_reload_read_read_fu_740">
<pin_list>
<pin id="741" dir="0" index="0" bw="32" slack="0"/>
<pin id="742" dir="0" index="1" bw="32" slack="0"/>
<pin id="743" dir="1" index="2" bw="32" slack="8"/>
</pin_list>
<bind>
<opcode="read(1150) " fcode="read"/>
<opset="mux_case_519793087_reload_read/1 "/>
</bind>
</comp>

<comp id="746" class="1004" name="mux_case_419773082_reload_read_read_fu_746">
<pin_list>
<pin id="747" dir="0" index="0" bw="32" slack="0"/>
<pin id="748" dir="0" index="1" bw="32" slack="0"/>
<pin id="749" dir="1" index="2" bw="32" slack="8"/>
</pin_list>
<bind>
<opcode="read(1150) " fcode="read"/>
<opset="mux_case_419773082_reload_read/1 "/>
</bind>
</comp>

<comp id="752" class="1004" name="mux_case_319753077_reload_read_read_fu_752">
<pin_list>
<pin id="753" dir="0" index="0" bw="32" slack="0"/>
<pin id="754" dir="0" index="1" bw="32" slack="0"/>
<pin id="755" dir="1" index="2" bw="32" slack="8"/>
</pin_list>
<bind>
<opcode="read(1150) " fcode="read"/>
<opset="mux_case_319753077_reload_read/1 "/>
</bind>
</comp>

<comp id="758" class="1004" name="mux_case_219733072_reload_read_read_fu_758">
<pin_list>
<pin id="759" dir="0" index="0" bw="32" slack="0"/>
<pin id="760" dir="0" index="1" bw="32" slack="0"/>
<pin id="761" dir="1" index="2" bw="32" slack="8"/>
</pin_list>
<bind>
<opcode="read(1150) " fcode="read"/>
<opset="mux_case_219733072_reload_read/1 "/>
</bind>
</comp>

<comp id="764" class="1004" name="mux_case_119713067_reload_read_read_fu_764">
<pin_list>
<pin id="765" dir="0" index="0" bw="32" slack="0"/>
<pin id="766" dir="0" index="1" bw="32" slack="0"/>
<pin id="767" dir="1" index="2" bw="32" slack="8"/>
</pin_list>
<bind>
<opcode="read(1150) " fcode="read"/>
<opset="mux_case_119713067_reload_read/1 "/>
</bind>
</comp>

<comp id="770" class="1004" name="mux_case_019693061_reload_read_read_fu_770">
<pin_list>
<pin id="771" dir="0" index="0" bw="32" slack="0"/>
<pin id="772" dir="0" index="1" bw="32" slack="0"/>
<pin id="773" dir="1" index="2" bw="32" slack="8"/>
</pin_list>
<bind>
<opcode="read(1150) " fcode="read"/>
<opset="mux_case_019693061_reload_read/1 "/>
</bind>
</comp>

<comp id="776" class="1004" name="mux_case_519673057_reload_read_read_fu_776">
<pin_list>
<pin id="777" dir="0" index="0" bw="32" slack="0"/>
<pin id="778" dir="0" index="1" bw="32" slack="0"/>
<pin id="779" dir="1" index="2" bw="32" slack="4"/>
</pin_list>
<bind>
<opcode="read(1150) " fcode="read"/>
<opset="mux_case_519673057_reload_read/1 "/>
</bind>
</comp>

<comp id="782" class="1004" name="mux_case_419653052_reload_read_read_fu_782">
<pin_list>
<pin id="783" dir="0" index="0" bw="32" slack="0"/>
<pin id="784" dir="0" index="1" bw="32" slack="0"/>
<pin id="785" dir="1" index="2" bw="32" slack="4"/>
</pin_list>
<bind>
<opcode="read(1150) " fcode="read"/>
<opset="mux_case_419653052_reload_read/1 "/>
</bind>
</comp>

<comp id="788" class="1004" name="mux_case_319633047_reload_read_read_fu_788">
<pin_list>
<pin id="789" dir="0" index="0" bw="32" slack="0"/>
<pin id="790" dir="0" index="1" bw="32" slack="0"/>
<pin id="791" dir="1" index="2" bw="32" slack="4"/>
</pin_list>
<bind>
<opcode="read(1150) " fcode="read"/>
<opset="mux_case_319633047_reload_read/1 "/>
</bind>
</comp>

<comp id="794" class="1004" name="mux_case_219613042_reload_read_read_fu_794">
<pin_list>
<pin id="795" dir="0" index="0" bw="32" slack="0"/>
<pin id="796" dir="0" index="1" bw="32" slack="0"/>
<pin id="797" dir="1" index="2" bw="32" slack="4"/>
</pin_list>
<bind>
<opcode="read(1150) " fcode="read"/>
<opset="mux_case_219613042_reload_read/1 "/>
</bind>
</comp>

<comp id="800" class="1004" name="mux_case_119593037_reload_read_read_fu_800">
<pin_list>
<pin id="801" dir="0" index="0" bw="32" slack="0"/>
<pin id="802" dir="0" index="1" bw="32" slack="0"/>
<pin id="803" dir="1" index="2" bw="32" slack="4"/>
</pin_list>
<bind>
<opcode="read(1150) " fcode="read"/>
<opset="mux_case_119593037_reload_read/1 "/>
</bind>
</comp>

<comp id="806" class="1004" name="mux_case_019573031_reload_read_read_fu_806">
<pin_list>
<pin id="807" dir="0" index="0" bw="32" slack="0"/>
<pin id="808" dir="0" index="1" bw="32" slack="0"/>
<pin id="809" dir="1" index="2" bw="32" slack="4"/>
</pin_list>
<bind>
<opcode="read(1150) " fcode="read"/>
<opset="mux_case_019573031_reload_read/1 "/>
</bind>
</comp>

<comp id="812" class="1004" name="mux_case_519553027_reload_read_read_fu_812">
<pin_list>
<pin id="813" dir="0" index="0" bw="32" slack="0"/>
<pin id="814" dir="0" index="1" bw="32" slack="0"/>
<pin id="815" dir="1" index="2" bw="32" slack="0"/>
</pin_list>
<bind>
<opcode="read(1150) " fcode="read"/>
<opset="mux_case_519553027_reload_read/1 "/>
</bind>
</comp>

<comp id="818" class="1004" name="mux_case_419533022_reload_read_read_fu_818">
<pin_list>
<pin id="819" dir="0" index="0" bw="32" slack="0"/>
<pin id="820" dir="0" index="1" bw="32" slack="0"/>
<pin id="821" dir="1" index="2" bw="32" slack="0"/>
</pin_list>
<bind>
<opcode="read(1150) " fcode="read"/>
<opset="mux_case_419533022_reload_read/1 "/>
</bind>
</comp>

<comp id="824" class="1004" name="mux_case_319513017_reload_read_read_fu_824">
<pin_list>
<pin id="825" dir="0" index="0" bw="32" slack="0"/>
<pin id="826" dir="0" index="1" bw="32" slack="0"/>
<pin id="827" dir="1" index="2" bw="32" slack="0"/>
</pin_list>
<bind>
<opcode="read(1150) " fcode="read"/>
<opset="mux_case_319513017_reload_read/1 "/>
</bind>
</comp>

<comp id="830" class="1004" name="mux_case_219493012_reload_read_read_fu_830">
<pin_list>
<pin id="831" dir="0" index="0" bw="32" slack="0"/>
<pin id="832" dir="0" index="1" bw="32" slack="0"/>
<pin id="833" dir="1" index="2" bw="32" slack="0"/>
</pin_list>
<bind>
<opcode="read(1150) " fcode="read"/>
<opset="mux_case_219493012_reload_read/1 "/>
</bind>
</comp>

<comp id="836" class="1004" name="mux_case_119473007_reload_read_read_fu_836">
<pin_list>
<pin id="837" dir="0" index="0" bw="32" slack="0"/>
<pin id="838" dir="0" index="1" bw="32" slack="0"/>
<pin id="839" dir="1" index="2" bw="32" slack="0"/>
</pin_list>
<bind>
<opcode="read(1150) " fcode="read"/>
<opset="mux_case_119473007_reload_read/1 "/>
</bind>
</comp>

<comp id="842" class="1004" name="mux_case_019453001_reload_read_read_fu_842">
<pin_list>
<pin id="843" dir="0" index="0" bw="32" slack="0"/>
<pin id="844" dir="0" index="1" bw="32" slack="0"/>
<pin id="845" dir="1" index="2" bw="32" slack="0"/>
</pin_list>
<bind>
<opcode="read(1150) " fcode="read"/>
<opset="mux_case_019453001_reload_read/1 "/>
</bind>
</comp>

<comp id="848" class="1004" name="write_ln0_write_fu_848">
<pin_list>
<pin id="849" dir="0" index="0" bw="0" slack="0"/>
<pin id="850" dir="0" index="1" bw="32" slack="0"/>
<pin id="851" dir="0" index="2" bw="32" slack="0"/>
<pin id="852" dir="1" index="3" bw="0" slack="2147483647"/>
</pin_list>
<bind>
<opcode="write(1151) " fcode="write"/>
<opset="write_ln0/27 "/>
</bind>
</comp>

<comp id="855" class="1004" name="write_ln0_write_fu_855">
<pin_list>
<pin id="856" dir="0" index="0" bw="0" slack="0"/>
<pin id="857" dir="0" index="1" bw="32" slack="0"/>
<pin id="858" dir="0" index="2" bw="32" slack="0"/>
<pin id="859" dir="1" index="3" bw="0" slack="2147483647"/>
</pin_list>
<bind>
<opcode="write(1151) " fcode="write"/>
<opset="write_ln0/27 "/>
</bind>
</comp>

<comp id="862" class="1004" name="write_ln0_write_fu_862">
<pin_list>
<pin id="863" dir="0" index="0" bw="0" slack="0"/>
<pin id="864" dir="0" index="1" bw="32" slack="0"/>
<pin id="865" dir="0" index="2" bw="32" slack="0"/>
<pin id="866" dir="1" index="3" bw="0" slack="2147483647"/>
</pin_list>
<bind>
<opcode="write(1151) " fcode="write"/>
<opset="write_ln0/27 "/>
</bind>
</comp>

<comp id="869" class="1004" name="write_ln0_write_fu_869">
<pin_list>
<pin id="870" dir="0" index="0" bw="0" slack="0"/>
<pin id="871" dir="0" index="1" bw="32" slack="0"/>
<pin id="872" dir="0" index="2" bw="32" slack="0"/>
<pin id="873" dir="1" index="3" bw="0" slack="2147483647"/>
</pin_list>
<bind>
<opcode="write(1151) " fcode="write"/>
<opset="write_ln0/27 "/>
</bind>
</comp>

<comp id="876" class="1004" name="write_ln0_write_fu_876">
<pin_list>
<pin id="877" dir="0" index="0" bw="0" slack="0"/>
<pin id="878" dir="0" index="1" bw="32" slack="0"/>
<pin id="879" dir="0" index="2" bw="32" slack="0"/>
<pin id="880" dir="1" index="3" bw="0" slack="2147483647"/>
</pin_list>
<bind>
<opcode="write(1151) " fcode="write"/>
<opset="write_ln0/27 "/>
</bind>
</comp>

<comp id="883" class="1004" name="write_ln0_write_fu_883">
<pin_list>
<pin id="884" dir="0" index="0" bw="0" slack="0"/>
<pin id="885" dir="0" index="1" bw="32" slack="0"/>
<pin id="886" dir="0" index="2" bw="32" slack="0"/>
<pin id="887" dir="1" index="3" bw="0" slack="2147483647"/>
</pin_list>
<bind>
<opcode="write(1151) " fcode="write"/>
<opset="write_ln0/27 "/>
</bind>
</comp>

<comp id="890" class="1004" name="write_ln0_write_fu_890">
<pin_list>
<pin id="891" dir="0" index="0" bw="0" slack="0"/>
<pin id="892" dir="0" index="1" bw="32" slack="0"/>
<pin id="893" dir="0" index="2" bw="32" slack="0"/>
<pin id="894" dir="1" index="3" bw="0" slack="2147483647"/>
</pin_list>
<bind>
<opcode="write(1151) " fcode="write"/>
<opset="write_ln0/27 "/>
</bind>
</comp>

<comp id="897" class="1004" name="write_ln0_write_fu_897">
<pin_list>
<pin id="898" dir="0" index="0" bw="0" slack="0"/>
<pin id="899" dir="0" index="1" bw="32" slack="0"/>
<pin id="900" dir="0" index="2" bw="32" slack="0"/>
<pin id="901" dir="1" index="3" bw="0" slack="2147483647"/>
</pin_list>
<bind>
<opcode="write(1151) " fcode="write"/>
<opset="write_ln0/27 "/>
</bind>
</comp>

<comp id="904" class="1004" name="write_ln0_write_fu_904">
<pin_list>
<pin id="905" dir="0" index="0" bw="0" slack="0"/>
<pin id="906" dir="0" index="1" bw="32" slack="0"/>
<pin id="907" dir="0" index="2" bw="32" slack="0"/>
<pin id="908" dir="1" index="3" bw="0" slack="2147483647"/>
</pin_list>
<bind>
<opcode="write(1151) " fcode="write"/>
<opset="write_ln0/27 "/>
</bind>
</comp>

<comp id="911" class="1004" name="write_ln0_write_fu_911">
<pin_list>
<pin id="912" dir="0" index="0" bw="0" slack="0"/>
<pin id="913" dir="0" index="1" bw="32" slack="0"/>
<pin id="914" dir="0" index="2" bw="32" slack="0"/>
<pin id="915" dir="1" index="3" bw="0" slack="2147483647"/>
</pin_list>
<bind>
<opcode="write(1151) " fcode="write"/>
<opset="write_ln0/27 "/>
</bind>
</comp>

<comp id="918" class="1004" name="write_ln0_write_fu_918">
<pin_list>
<pin id="919" dir="0" index="0" bw="0" slack="0"/>
<pin id="920" dir="0" index="1" bw="32" slack="0"/>
<pin id="921" dir="0" index="2" bw="32" slack="0"/>
<pin id="922" dir="1" index="3" bw="0" slack="2147483647"/>
</pin_list>
<bind>
<opcode="write(1151) " fcode="write"/>
<opset="write_ln0/27 "/>
</bind>
</comp>

<comp id="925" class="1004" name="write_ln0_write_fu_925">
<pin_list>
<pin id="926" dir="0" index="0" bw="0" slack="0"/>
<pin id="927" dir="0" index="1" bw="32" slack="0"/>
<pin id="928" dir="0" index="2" bw="32" slack="0"/>
<pin id="929" dir="1" index="3" bw="0" slack="2147483647"/>
</pin_list>
<bind>
<opcode="write(1151) " fcode="write"/>
<opset="write_ln0/27 "/>
</bind>
</comp>

<comp id="932" class="1004" name="write_ln0_write_fu_932">
<pin_list>
<pin id="933" dir="0" index="0" bw="0" slack="0"/>
<pin id="934" dir="0" index="1" bw="32" slack="0"/>
<pin id="935" dir="0" index="2" bw="32" slack="0"/>
<pin id="936" dir="1" index="3" bw="0" slack="2147483647"/>
</pin_list>
<bind>
<opcode="write(1151) " fcode="write"/>
<opset="write_ln0/27 "/>
</bind>
</comp>

<comp id="939" class="1004" name="write_ln0_write_fu_939">
<pin_list>
<pin id="940" dir="0" index="0" bw="0" slack="0"/>
<pin id="941" dir="0" index="1" bw="32" slack="0"/>
<pin id="942" dir="0" index="2" bw="32" slack="0"/>
<pin id="943" dir="1" index="3" bw="0" slack="2147483647"/>
</pin_list>
<bind>
<opcode="write(1151) " fcode="write"/>
<opset="write_ln0/27 "/>
</bind>
</comp>

<comp id="946" class="1004" name="write_ln0_write_fu_946">
<pin_list>
<pin id="947" dir="0" index="0" bw="0" slack="0"/>
<pin id="948" dir="0" index="1" bw="32" slack="0"/>
<pin id="949" dir="0" index="2" bw="32" slack="0"/>
<pin id="950" dir="1" index="3" bw="0" slack="2147483647"/>
</pin_list>
<bind>
<opcode="write(1151) " fcode="write"/>
<opset="write_ln0/27 "/>
</bind>
</comp>

<comp id="953" class="1004" name="write_ln0_write_fu_953">
<pin_list>
<pin id="954" dir="0" index="0" bw="0" slack="0"/>
<pin id="955" dir="0" index="1" bw="32" slack="0"/>
<pin id="956" dir="0" index="2" bw="32" slack="0"/>
<pin id="957" dir="1" index="3" bw="0" slack="2147483647"/>
</pin_list>
<bind>
<opcode="write(1151) " fcode="write"/>
<opset="write_ln0/27 "/>
</bind>
</comp>

<comp id="960" class="1004" name="write_ln0_write_fu_960">
<pin_list>
<pin id="961" dir="0" index="0" bw="0" slack="0"/>
<pin id="962" dir="0" index="1" bw="32" slack="0"/>
<pin id="963" dir="0" index="2" bw="32" slack="0"/>
<pin id="964" dir="1" index="3" bw="0" slack="2147483647"/>
</pin_list>
<bind>
<opcode="write(1151) " fcode="write"/>
<opset="write_ln0/27 "/>
</bind>
</comp>

<comp id="967" class="1004" name="write_ln0_write_fu_967">
<pin_list>
<pin id="968" dir="0" index="0" bw="0" slack="0"/>
<pin id="969" dir="0" index="1" bw="32" slack="0"/>
<pin id="970" dir="0" index="2" bw="32" slack="0"/>
<pin id="971" dir="1" index="3" bw="0" slack="2147483647"/>
</pin_list>
<bind>
<opcode="write(1151) " fcode="write"/>
<opset="write_ln0/27 "/>
</bind>
</comp>

<comp id="974" class="1004" name="write_ln0_write_fu_974">
<pin_list>
<pin id="975" dir="0" index="0" bw="0" slack="0"/>
<pin id="976" dir="0" index="1" bw="32" slack="0"/>
<pin id="977" dir="0" index="2" bw="32" slack="0"/>
<pin id="978" dir="1" index="3" bw="0" slack="2147483647"/>
</pin_list>
<bind>
<opcode="write(1151) " fcode="write"/>
<opset="write_ln0/27 "/>
</bind>
</comp>

<comp id="981" class="1004" name="write_ln0_write_fu_981">
<pin_list>
<pin id="982" dir="0" index="0" bw="0" slack="0"/>
<pin id="983" dir="0" index="1" bw="32" slack="0"/>
<pin id="984" dir="0" index="2" bw="32" slack="0"/>
<pin id="985" dir="1" index="3" bw="0" slack="2147483647"/>
</pin_list>
<bind>
<opcode="write(1151) " fcode="write"/>
<opset="write_ln0/27 "/>
</bind>
</comp>

<comp id="988" class="1004" name="write_ln0_write_fu_988">
<pin_list>
<pin id="989" dir="0" index="0" bw="0" slack="0"/>
<pin id="990" dir="0" index="1" bw="32" slack="0"/>
<pin id="991" dir="0" index="2" bw="32" slack="0"/>
<pin id="992" dir="1" index="3" bw="0" slack="2147483647"/>
</pin_list>
<bind>
<opcode="write(1151) " fcode="write"/>
<opset="write_ln0/27 "/>
</bind>
</comp>

<comp id="995" class="1004" name="write_ln0_write_fu_995">
<pin_list>
<pin id="996" dir="0" index="0" bw="0" slack="0"/>
<pin id="997" dir="0" index="1" bw="32" slack="0"/>
<pin id="998" dir="0" index="2" bw="32" slack="0"/>
<pin id="999" dir="1" index="3" bw="0" slack="2147483647"/>
</pin_list>
<bind>
<opcode="write(1151) " fcode="write"/>
<opset="write_ln0/27 "/>
</bind>
</comp>

<comp id="1002" class="1004" name="write_ln0_write_fu_1002">
<pin_list>
<pin id="1003" dir="0" index="0" bw="0" slack="0"/>
<pin id="1004" dir="0" index="1" bw="32" slack="0"/>
<pin id="1005" dir="0" index="2" bw="32" slack="0"/>
<pin id="1006" dir="1" index="3" bw="0" slack="2147483647"/>
</pin_list>
<bind>
<opcode="write(1151) " fcode="write"/>
<opset="write_ln0/27 "/>
</bind>
</comp>

<comp id="1009" class="1004" name="write_ln0_write_fu_1009">
<pin_list>
<pin id="1010" dir="0" index="0" bw="0" slack="0"/>
<pin id="1011" dir="0" index="1" bw="32" slack="0"/>
<pin id="1012" dir="0" index="2" bw="32" slack="0"/>
<pin id="1013" dir="1" index="3" bw="0" slack="2147483647"/>
</pin_list>
<bind>
<opcode="write(1151) " fcode="write"/>
<opset="write_ln0/27 "/>
</bind>
</comp>

<comp id="1016" class="1004" name="write_ln0_write_fu_1016">
<pin_list>
<pin id="1017" dir="0" index="0" bw="0" slack="0"/>
<pin id="1018" dir="0" index="1" bw="32" slack="0"/>
<pin id="1019" dir="0" index="2" bw="32" slack="0"/>
<pin id="1020" dir="1" index="3" bw="0" slack="2147483647"/>
</pin_list>
<bind>
<opcode="write(1151) " fcode="write"/>
<opset="write_ln0/27 "/>
</bind>
</comp>

<comp id="1023" class="1004" name="write_ln0_write_fu_1023">
<pin_list>
<pin id="1024" dir="0" index="0" bw="0" slack="0"/>
<pin id="1025" dir="0" index="1" bw="32" slack="0"/>
<pin id="1026" dir="0" index="2" bw="32" slack="0"/>
<pin id="1027" dir="1" index="3" bw="0" slack="2147483647"/>
</pin_list>
<bind>
<opcode="write(1151) " fcode="write"/>
<opset="write_ln0/27 "/>
</bind>
</comp>

<comp id="1030" class="1004" name="write_ln0_write_fu_1030">
<pin_list>
<pin id="1031" dir="0" index="0" bw="0" slack="0"/>
<pin id="1032" dir="0" index="1" bw="32" slack="0"/>
<pin id="1033" dir="0" index="2" bw="32" slack="0"/>
<pin id="1034" dir="1" index="3" bw="0" slack="2147483647"/>
</pin_list>
<bind>
<opcode="write(1151) " fcode="write"/>
<opset="write_ln0/27 "/>
</bind>
</comp>

<comp id="1037" class="1004" name="write_ln0_write_fu_1037">
<pin_list>
<pin id="1038" dir="0" index="0" bw="0" slack="0"/>
<pin id="1039" dir="0" index="1" bw="32" slack="0"/>
<pin id="1040" dir="0" index="2" bw="32" slack="0"/>
<pin id="1041" dir="1" index="3" bw="0" slack="2147483647"/>
</pin_list>
<bind>
<opcode="write(1151) " fcode="write"/>
<opset="write_ln0/27 "/>
</bind>
</comp>

<comp id="1044" class="1004" name="write_ln0_write_fu_1044">
<pin_list>
<pin id="1045" dir="0" index="0" bw="0" slack="0"/>
<pin id="1046" dir="0" index="1" bw="32" slack="0"/>
<pin id="1047" dir="0" index="2" bw="32" slack="0"/>
<pin id="1048" dir="1" index="3" bw="0" slack="2147483647"/>
</pin_list>
<bind>
<opcode="write(1151) " fcode="write"/>
<opset="write_ln0/27 "/>
</bind>
</comp>

<comp id="1051" class="1004" name="write_ln0_write_fu_1051">
<pin_list>
<pin id="1052" dir="0" index="0" bw="0" slack="0"/>
<pin id="1053" dir="0" index="1" bw="32" slack="0"/>
<pin id="1054" dir="0" index="2" bw="32" slack="0"/>
<pin id="1055" dir="1" index="3" bw="0" slack="2147483647"/>
</pin_list>
<bind>
<opcode="write(1151) " fcode="write"/>
<opset="write_ln0/27 "/>
</bind>
</comp>

<comp id="1058" class="1004" name="write_ln0_write_fu_1058">
<pin_list>
<pin id="1059" dir="0" index="0" bw="0" slack="0"/>
<pin id="1060" dir="0" index="1" bw="32" slack="0"/>
<pin id="1061" dir="0" index="2" bw="32" slack="0"/>
<pin id="1062" dir="1" index="3" bw="0" slack="2147483647"/>
</pin_list>
<bind>
<opcode="write(1151) " fcode="write"/>
<opset="write_ln0/27 "/>
</bind>
</comp>

<comp id="1065" class="1004" name="write_ln0_write_fu_1065">
<pin_list>
<pin id="1066" dir="0" index="0" bw="0" slack="0"/>
<pin id="1067" dir="0" index="1" bw="32" slack="0"/>
<pin id="1068" dir="0" index="2" bw="32" slack="0"/>
<pin id="1069" dir="1" index="3" bw="0" slack="2147483647"/>
</pin_list>
<bind>
<opcode="write(1151) " fcode="write"/>
<opset="write_ln0/27 "/>
</bind>
</comp>

<comp id="1072" class="1004" name="write_ln0_write_fu_1072">
<pin_list>
<pin id="1073" dir="0" index="0" bw="0" slack="0"/>
<pin id="1074" dir="0" index="1" bw="32" slack="0"/>
<pin id="1075" dir="0" index="2" bw="32" slack="0"/>
<pin id="1076" dir="1" index="3" bw="0" slack="2147483647"/>
</pin_list>
<bind>
<opcode="write(1151) " fcode="write"/>
<opset="write_ln0/27 "/>
</bind>
</comp>

<comp id="1079" class="1004" name="write_ln0_write_fu_1079">
<pin_list>
<pin id="1080" dir="0" index="0" bw="0" slack="0"/>
<pin id="1081" dir="0" index="1" bw="32" slack="0"/>
<pin id="1082" dir="0" index="2" bw="32" slack="0"/>
<pin id="1083" dir="1" index="3" bw="0" slack="2147483647"/>
</pin_list>
<bind>
<opcode="write(1151) " fcode="write"/>
<opset="write_ln0/27 "/>
</bind>
</comp>

<comp id="1086" class="1004" name="write_ln0_write_fu_1086">
<pin_list>
<pin id="1087" dir="0" index="0" bw="0" slack="0"/>
<pin id="1088" dir="0" index="1" bw="32" slack="0"/>
<pin id="1089" dir="0" index="2" bw="32" slack="0"/>
<pin id="1090" dir="1" index="3" bw="0" slack="2147483647"/>
</pin_list>
<bind>
<opcode="write(1151) " fcode="write"/>
<opset="write_ln0/27 "/>
</bind>
</comp>

<comp id="1093" class="1004" name="write_ln0_write_fu_1093">
<pin_list>
<pin id="1094" dir="0" index="0" bw="0" slack="0"/>
<pin id="1095" dir="0" index="1" bw="32" slack="0"/>
<pin id="1096" dir="0" index="2" bw="32" slack="0"/>
<pin id="1097" dir="1" index="3" bw="0" slack="2147483647"/>
</pin_list>
<bind>
<opcode="write(1151) " fcode="write"/>
<opset="write_ln0/27 "/>
</bind>
</comp>

<comp id="1100" class="1004" name="grp_fu_1100">
<pin_list>
<pin id="1101" dir="0" index="0" bw="32" slack="1"/>
<pin id="1102" dir="0" index="1" bw="32" slack="0"/>
<pin id="1103" dir="1" index="2" bw="32" slack="1"/>
</pin_list>
<bind>
<opcode="fadd(9) " fcode="fadd"/>
<opset="acc_48/5 "/>
</bind>
</comp>

<comp id="1105" class="1004" name="grp_fu_1105">
<pin_list>
<pin id="1106" dir="0" index="0" bw="32" slack="1"/>
<pin id="1107" dir="0" index="1" bw="32" slack="1"/>
<pin id="1108" dir="1" index="2" bw="32" slack="1"/>
</pin_list>
<bind>
<opcode="fadd(9) " fcode="fadd"/>
<opset="acc_49/9 "/>
</bind>
</comp>

<comp id="1109" class="1004" name="grp_fu_1109">
<pin_list>
<pin id="1110" dir="0" index="0" bw="32" slack="1"/>
<pin id="1111" dir="0" index="1" bw="32" slack="1"/>
<pin id="1112" dir="1" index="2" bw="32" slack="1"/>
</pin_list>
<bind>
<opcode="fadd(9) " fcode="fadd"/>
<opset="acc_50/13 "/>
</bind>
</comp>

<comp id="1113" class="1004" name="grp_fu_1113">
<pin_list>
<pin id="1114" dir="0" index="0" bw="32" slack="1"/>
<pin id="1115" dir="0" index="1" bw="32" slack="1"/>
<pin id="1116" dir="1" index="2" bw="32" slack="1"/>
</pin_list>
<bind>
<opcode="fadd(9) " fcode="fadd"/>
<opset="acc_51/17 "/>
</bind>
</comp>

<comp id="1117" class="1004" name="grp_fu_1117">
<pin_list>
<pin id="1118" dir="0" index="0" bw="32" slack="1"/>
<pin id="1119" dir="0" index="1" bw="32" slack="1"/>
<pin id="1120" dir="1" index="2" bw="32" slack="1"/>
</pin_list>
<bind>
<opcode="fadd(9) " fcode="fadd"/>
<opset="acc_52/21 "/>
</bind>
</comp>

<comp id="1121" class="1004" name="grp_fu_1121">
<pin_list>
<pin id="1122" dir="0" index="0" bw="32" slack="1"/>
<pin id="1123" dir="0" index="1" bw="32" slack="1"/>
<pin id="1124" dir="1" index="2" bw="32" slack="0"/>
</pin_list>
<bind>
<opcode="fadd(9) " fcode="fadd"/>
<opset="acc_53/25 "/>
</bind>
</comp>

<comp id="1125" class="1004" name="grp_fu_1125">
<pin_list>
<pin id="1126" dir="0" index="0" bw="32" slack="1"/>
<pin id="1127" dir="0" index="1" bw="32" slack="1"/>
<pin id="1128" dir="1" index="2" bw="32" slack="1"/>
</pin_list>
<bind>
<opcode="fmul(13) " fcode="fmul"/>
<opset="mul_i30_i/2 "/>
</bind>
</comp>

<comp id="1129" class="1004" name="grp_fu_1129">
<pin_list>
<pin id="1130" dir="0" index="0" bw="32" slack="1"/>
<pin id="1131" dir="0" index="1" bw="32" slack="1"/>
<pin id="1132" dir="1" index="2" bw="32" slack="1"/>
</pin_list>
<bind>
<opcode="fmul(13) " fcode="fmul"/>
<opset="mul_i30_i_1/6 "/>
</bind>
</comp>

<comp id="1133" class="1004" name="grp_fu_1133">
<pin_list>
<pin id="1134" dir="0" index="0" bw="32" slack="1"/>
<pin id="1135" dir="0" index="1" bw="32" slack="1"/>
<pin id="1136" dir="1" index="2" bw="32" slack="1"/>
</pin_list>
<bind>
<opcode="fmul(13) " fcode="fmul"/>
<opset="mul_i30_i_2/10 "/>
</bind>
</comp>

<comp id="1137" class="1004" name="grp_fu_1137">
<pin_list>
<pin id="1138" dir="0" index="0" bw="32" slack="1"/>
<pin id="1139" dir="0" index="1" bw="32" slack="1"/>
<pin id="1140" dir="1" index="2" bw="32" slack="1"/>
</pin_list>
<bind>
<opcode="fmul(13) " fcode="fmul"/>
<opset="mul_i30_i_3/14 "/>
</bind>
</comp>

<comp id="1141" class="1004" name="grp_fu_1141">
<pin_list>
<pin id="1142" dir="0" index="0" bw="32" slack="1"/>
<pin id="1143" dir="0" index="1" bw="32" slack="1"/>
<pin id="1144" dir="1" index="2" bw="32" slack="1"/>
</pin_list>
<bind>
<opcode="fmul(13) " fcode="fmul"/>
<opset="mul_i30_i_4/18 "/>
</bind>
</comp>

<comp id="1145" class="1004" name="grp_fu_1145">
<pin_list>
<pin id="1146" dir="0" index="0" bw="32" slack="1"/>
<pin id="1147" dir="0" index="1" bw="32" slack="1"/>
<pin id="1148" dir="1" index="2" bw="32" slack="1"/>
</pin_list>
<bind>
<opcode="fmul(13) " fcode="fmul"/>
<opset="mul_i30_i_5/22 "/>
</bind>
</comp>

<comp id="1149" class="1004" name="store_ln0_store_fu_1149">
<pin_list>
<pin id="1150" dir="0" index="0" bw="1" slack="0"/>
<pin id="1151" dir="0" index="1" bw="6" slack="0"/>
<pin id="1152" dir="1" index="2" bw="0" slack="2147483647"/>
</pin_list>
<bind>
<opcode="store(28) " fcode="store"/>
<opset="store_ln0/1 "/>
</bind>
</comp>

<comp id="1154" class="1004" name="store_ln0_store_fu_1154">
<pin_list>
<pin id="1155" dir="0" index="0" bw="1" slack="0"/>
<pin id="1156" dir="0" index="1" bw="3" slack="0"/>
<pin id="1157" dir="1" index="2" bw="0" slack="2147483647"/>
</pin_list>
<bind>
<opcode="store(28) " fcode="store"/>
<opset="store_ln0/1 "/>
</bind>
</comp>

<comp id="1159" class="1004" name="store_ln0_store_fu_1159">
<pin_list>
<pin id="1160" dir="0" index="0" bw="1" slack="0"/>
<pin id="1161" dir="0" index="1" bw="3" slack="0"/>
<pin id="1162" dir="1" index="2" bw="0" slack="2147483647"/>
</pin_list>
<bind>
<opcode="store(28) " fcode="store"/>
<opset="store_ln0/1 "/>
</bind>
</comp>

<comp id="1164" class="1004" name="indvar_flatten41_load_load_fu_1164">
<pin_list>
<pin id="1165" dir="0" index="0" bw="6" slack="0"/>
<pin id="1166" dir="1" index="1" bw="6" slack="0"/>
</pin_list>
<bind>
<opcode="load(27) " fcode="load"/>
<opset="indvar_flatten41_load/1 "/>
</bind>
</comp>

<comp id="1167" class="1004" name="icmp_ln17_fu_1167">
<pin_list>
<pin id="1168" dir="0" index="0" bw="6" slack="0"/>
<pin id="1169" dir="0" index="1" bw="6" slack="0"/>
<pin id="1170" dir="1" index="2" bw="1" slack="26"/>
</pin_list>
<bind>
<opcode="icmp(45) " fcode="icmp"/>
<opset="icmp_ln17/1 "/>
</bind>
</comp>

<comp id="1173" class="1004" name="add_ln17_fu_1173">
<pin_list>
<pin id="1174" dir="0" index="0" bw="6" slack="0"/>
<pin id="1175" dir="0" index="1" bw="1" slack="0"/>
<pin id="1176" dir="1" index="2" bw="6" slack="0"/>
</pin_list>
<bind>
<opcode="add(8) " fcode="add"/>
<opset="add_ln17/1 "/>
</bind>
</comp>

<comp id="1179" class="1004" name="j_load_load_fu_1179">
<pin_list>
<pin id="1180" dir="0" index="0" bw="3" slack="0"/>
<pin id="1181" dir="1" index="1" bw="3" slack="0"/>
</pin_list>
<bind>
<opcode="load(27) " fcode="load"/>
<opset="j_load/1 "/>
</bind>
</comp>

<comp id="1182" class="1004" name="i_load_load_fu_1182">
<pin_list>
<pin id="1183" dir="0" index="0" bw="3" slack="0"/>
<pin id="1184" dir="1" index="1" bw="3" slack="0"/>
</pin_list>
<bind>
<opcode="load(27) " fcode="load"/>
<opset="i_load/1 "/>
</bind>
</comp>

<comp id="1185" class="1004" name="icmp_ln18_fu_1185">
<pin_list>
<pin id="1186" dir="0" index="0" bw="3" slack="0"/>
<pin id="1187" dir="0" index="1" bw="2" slack="0"/>
<pin id="1188" dir="1" index="2" bw="1" slack="0"/>
</pin_list>
<bind>
<opcode="icmp(45) " fcode="icmp"/>
<opset="icmp_ln18/1 "/>
</bind>
</comp>

<comp id="1191" class="1004" name="select_ln17_fu_1191">
<pin_list>
<pin id="1192" dir="0" index="0" bw="1" slack="0"/>
<pin id="1193" dir="0" index="1" bw="1" slack="0"/>
<pin id="1194" dir="0" index="2" bw="3" slack="0"/>
<pin id="1195" dir="1" index="3" bw="3" slack="0"/>
</pin_list>
<bind>
<opcode="select(49) " fcode="select"/>
<opset="select_ln17/1 "/>
</bind>
</comp>

<comp id="1199" class="1004" name="add_ln17_1_fu_1199">
<pin_list>
<pin id="1200" dir="0" index="0" bw="3" slack="0"/>
<pin id="1201" dir="0" index="1" bw="1" slack="0"/>
<pin id="1202" dir="1" index="2" bw="3" slack="0"/>
</pin_list>
<bind>
<opcode="add(8) " fcode="add"/>
<opset="add_ln17_1/1 "/>
</bind>
</comp>

<comp id="1205" class="1004" name="tmp_89_mid1_fu_1205">
<pin_list>
<pin id="1206" dir="0" index="0" bw="32" slack="0"/>
<pin id="1207" dir="0" index="1" bw="32" slack="0"/>
<pin id="1208" dir="0" index="2" bw="32" slack="0"/>
<pin id="1209" dir="0" index="3" bw="32" slack="0"/>
<pin id="1210" dir="0" index="4" bw="32" slack="0"/>
<pin id="1211" dir="0" index="5" bw="32" slack="0"/>
<pin id="1212" dir="0" index="6" bw="32" slack="0"/>
<pin id="1213" dir="0" index="7" bw="3" slack="0"/>
<pin id="1214" dir="1" index="8" bw="32" slack="0"/>
</pin_list>
<bind>
<opcode="mux(1196) " fcode="mux"/>
<opset="tmp_89_mid1/1 "/>
</bind>
</comp>

<comp id="1223" class="1004" name="tmp_s_fu_1223">
<pin_list>
<pin id="1224" dir="0" index="0" bw="32" slack="0"/>
<pin id="1225" dir="0" index="1" bw="32" slack="0"/>
<pin id="1226" dir="0" index="2" bw="32" slack="0"/>
<pin id="1227" dir="0" index="3" bw="32" slack="0"/>
<pin id="1228" dir="0" index="4" bw="32" slack="0"/>
<pin id="1229" dir="0" index="5" bw="32" slack="0"/>
<pin id="1230" dir="0" index="6" bw="32" slack="0"/>
<pin id="1231" dir="0" index="7" bw="3" slack="0"/>
<pin id="1232" dir="1" index="8" bw="32" slack="0"/>
</pin_list>
<bind>
<opcode="mux(1196) " fcode="mux"/>
<opset="tmp_s/1 "/>
</bind>
</comp>

<comp id="1241" class="1004" name="select_ln17_1_fu_1241">
<pin_list>
<pin id="1242" dir="0" index="0" bw="1" slack="0"/>
<pin id="1243" dir="0" index="1" bw="32" slack="0"/>
<pin id="1244" dir="0" index="2" bw="32" slack="0"/>
<pin id="1245" dir="1" index="3" bw="32" slack="1"/>
</pin_list>
<bind>
<opcode="select(49) " fcode="select"/>
<opset="select_ln17_1/1 "/>
</bind>
</comp>

<comp id="1249" class="1004" name="select_ln17_7_fu_1249">
<pin_list>
<pin id="1250" dir="0" index="0" bw="1" slack="0"/>
<pin id="1251" dir="0" index="1" bw="3" slack="0"/>
<pin id="1252" dir="0" index="2" bw="3" slack="0"/>
<pin id="1253" dir="1" index="3" bw="3" slack="0"/>
</pin_list>
<bind>
<opcode="select(49) " fcode="select"/>
<opset="select_ln17_7/1 "/>
</bind>
</comp>

<comp id="1257" class="1004" name="tmp_25_fu_1257">
<pin_list>
<pin id="1258" dir="0" index="0" bw="32" slack="0"/>
<pin id="1259" dir="0" index="1" bw="32" slack="0"/>
<pin id="1260" dir="0" index="2" bw="32" slack="0"/>
<pin id="1261" dir="0" index="3" bw="32" slack="0"/>
<pin id="1262" dir="0" index="4" bw="32" slack="0"/>
<pin id="1263" dir="0" index="5" bw="32" slack="0"/>
<pin id="1264" dir="0" index="6" bw="32" slack="0"/>
<pin id="1265" dir="0" index="7" bw="3" slack="0"/>
<pin id="1266" dir="1" index="8" bw="32" slack="1"/>
</pin_list>
<bind>
<opcode="mux(1196) " fcode="mux"/>
<opset="tmp_25/1 "/>
</bind>
</comp>

<comp id="1275" class="1004" name="add_ln18_fu_1275">
<pin_list>
<pin id="1276" dir="0" index="0" bw="3" slack="0"/>
<pin id="1277" dir="0" index="1" bw="1" slack="0"/>
<pin id="1278" dir="1" index="2" bw="3" slack="0"/>
</pin_list>
<bind>
<opcode="add(8) " fcode="add"/>
<opset="add_ln18/1 "/>
</bind>
</comp>

<comp id="1281" class="1004" name="store_ln18_store_fu_1281">
<pin_list>
<pin id="1282" dir="0" index="0" bw="6" slack="0"/>
<pin id="1283" dir="0" index="1" bw="6" slack="0"/>
<pin id="1284" dir="1" index="2" bw="0" slack="2147483647"/>
</pin_list>
<bind>
<opcode="store(28) " fcode="store"/>
<opset="store_ln18/1 "/>
</bind>
</comp>

<comp id="1286" class="1004" name="store_ln18_store_fu_1286">
<pin_list>
<pin id="1287" dir="0" index="0" bw="3" slack="0"/>
<pin id="1288" dir="0" index="1" bw="3" slack="0"/>
<pin id="1289" dir="1" index="2" bw="0" slack="2147483647"/>
</pin_list>
<bind>
<opcode="store(28) " fcode="store"/>
<opset="store_ln18/1 "/>
</bind>
</comp>

<comp id="1291" class="1004" name="store_ln18_store_fu_1291">
<pin_list>
<pin id="1292" dir="0" index="0" bw="3" slack="0"/>
<pin id="1293" dir="0" index="1" bw="3" slack="0"/>
<pin id="1294" dir="1" index="2" bw="0" slack="2147483647"/>
</pin_list>
<bind>
<opcode="store(28) " fcode="store"/>
<opset="store_ln18/1 "/>
</bind>
</comp>

<comp id="1296" class="1004" name="tmp_90_mid1_fu_1296">
<pin_list>
<pin id="1297" dir="0" index="0" bw="32" slack="0"/>
<pin id="1298" dir="0" index="1" bw="32" slack="4"/>
<pin id="1299" dir="0" index="2" bw="32" slack="4"/>
<pin id="1300" dir="0" index="3" bw="32" slack="4"/>
<pin id="1301" dir="0" index="4" bw="32" slack="4"/>
<pin id="1302" dir="0" index="5" bw="32" slack="4"/>
<pin id="1303" dir="0" index="6" bw="32" slack="4"/>
<pin id="1304" dir="0" index="7" bw="3" slack="4"/>
<pin id="1305" dir="1" index="8" bw="32" slack="0"/>
</pin_list>
<bind>
<opcode="mux(1196) " fcode="mux"/>
<opset="tmp_90_mid1/5 "/>
</bind>
</comp>

<comp id="1307" class="1004" name="tmp_20_fu_1307">
<pin_list>
<pin id="1308" dir="0" index="0" bw="32" slack="0"/>
<pin id="1309" dir="0" index="1" bw="32" slack="4"/>
<pin id="1310" dir="0" index="2" bw="32" slack="4"/>
<pin id="1311" dir="0" index="3" bw="32" slack="4"/>
<pin id="1312" dir="0" index="4" bw="32" slack="4"/>
<pin id="1313" dir="0" index="5" bw="32" slack="4"/>
<pin id="1314" dir="0" index="6" bw="32" slack="4"/>
<pin id="1315" dir="0" index="7" bw="3" slack="4"/>
<pin id="1316" dir="1" index="8" bw="32" slack="0"/>
</pin_list>
<bind>
<opcode="mux(1196) " fcode="mux"/>
<opset="tmp_20/5 "/>
</bind>
</comp>

<comp id="1318" class="1004" name="select_ln17_2_fu_1318">
<pin_list>
<pin id="1319" dir="0" index="0" bw="1" slack="4"/>
<pin id="1320" dir="0" index="1" bw="32" slack="0"/>
<pin id="1321" dir="0" index="2" bw="32" slack="0"/>
<pin id="1322" dir="1" index="3" bw="32" slack="1"/>
</pin_list>
<bind>
<opcode="select(49) " fcode="select"/>
<opset="select_ln17_2/5 "/>
</bind>
</comp>

<comp id="1325" class="1004" name="tmp_26_fu_1325">
<pin_list>
<pin id="1326" dir="0" index="0" bw="32" slack="0"/>
<pin id="1327" dir="0" index="1" bw="32" slack="4"/>
<pin id="1328" dir="0" index="2" bw="32" slack="4"/>
<pin id="1329" dir="0" index="3" bw="32" slack="4"/>
<pin id="1330" dir="0" index="4" bw="32" slack="4"/>
<pin id="1331" dir="0" index="5" bw="32" slack="4"/>
<pin id="1332" dir="0" index="6" bw="32" slack="4"/>
<pin id="1333" dir="0" index="7" bw="3" slack="4"/>
<pin id="1334" dir="1" index="8" bw="32" slack="1"/>
</pin_list>
<bind>
<opcode="mux(1196) " fcode="mux"/>
<opset="tmp_26/5 "/>
</bind>
</comp>

<comp id="1336" class="1004" name="tmp_91_mid1_fu_1336">
<pin_list>
<pin id="1337" dir="0" index="0" bw="32" slack="0"/>
<pin id="1338" dir="0" index="1" bw="32" slack="8"/>
<pin id="1339" dir="0" index="2" bw="32" slack="8"/>
<pin id="1340" dir="0" index="3" bw="32" slack="8"/>
<pin id="1341" dir="0" index="4" bw="32" slack="8"/>
<pin id="1342" dir="0" index="5" bw="32" slack="8"/>
<pin id="1343" dir="0" index="6" bw="32" slack="8"/>
<pin id="1344" dir="0" index="7" bw="3" slack="8"/>
<pin id="1345" dir="1" index="8" bw="32" slack="0"/>
</pin_list>
<bind>
<opcode="mux(1196) " fcode="mux"/>
<opset="tmp_91_mid1/9 "/>
</bind>
</comp>

<comp id="1347" class="1004" name="tmp_21_fu_1347">
<pin_list>
<pin id="1348" dir="0" index="0" bw="32" slack="0"/>
<pin id="1349" dir="0" index="1" bw="32" slack="8"/>
<pin id="1350" dir="0" index="2" bw="32" slack="8"/>
<pin id="1351" dir="0" index="3" bw="32" slack="8"/>
<pin id="1352" dir="0" index="4" bw="32" slack="8"/>
<pin id="1353" dir="0" index="5" bw="32" slack="8"/>
<pin id="1354" dir="0" index="6" bw="32" slack="8"/>
<pin id="1355" dir="0" index="7" bw="3" slack="8"/>
<pin id="1356" dir="1" index="8" bw="32" slack="0"/>
</pin_list>
<bind>
<opcode="mux(1196) " fcode="mux"/>
<opset="tmp_21/9 "/>
</bind>
</comp>

<comp id="1358" class="1004" name="select_ln17_3_fu_1358">
<pin_list>
<pin id="1359" dir="0" index="0" bw="1" slack="8"/>
<pin id="1360" dir="0" index="1" bw="32" slack="0"/>
<pin id="1361" dir="0" index="2" bw="32" slack="0"/>
<pin id="1362" dir="1" index="3" bw="32" slack="1"/>
</pin_list>
<bind>
<opcode="select(49) " fcode="select"/>
<opset="select_ln17_3/9 "/>
</bind>
</comp>

<comp id="1365" class="1004" name="tmp_27_fu_1365">
<pin_list>
<pin id="1366" dir="0" index="0" bw="32" slack="0"/>
<pin id="1367" dir="0" index="1" bw="32" slack="8"/>
<pin id="1368" dir="0" index="2" bw="32" slack="8"/>
<pin id="1369" dir="0" index="3" bw="32" slack="8"/>
<pin id="1370" dir="0" index="4" bw="32" slack="8"/>
<pin id="1371" dir="0" index="5" bw="32" slack="8"/>
<pin id="1372" dir="0" index="6" bw="32" slack="8"/>
<pin id="1373" dir="0" index="7" bw="3" slack="8"/>
<pin id="1374" dir="1" index="8" bw="32" slack="1"/>
</pin_list>
<bind>
<opcode="mux(1196) " fcode="mux"/>
<opset="tmp_27/9 "/>
</bind>
</comp>

<comp id="1376" class="1004" name="tmp_92_mid1_fu_1376">
<pin_list>
<pin id="1377" dir="0" index="0" bw="32" slack="0"/>
<pin id="1378" dir="0" index="1" bw="32" slack="12"/>
<pin id="1379" dir="0" index="2" bw="32" slack="12"/>
<pin id="1380" dir="0" index="3" bw="32" slack="12"/>
<pin id="1381" dir="0" index="4" bw="32" slack="12"/>
<pin id="1382" dir="0" index="5" bw="32" slack="12"/>
<pin id="1383" dir="0" index="6" bw="32" slack="12"/>
<pin id="1384" dir="0" index="7" bw="3" slack="12"/>
<pin id="1385" dir="1" index="8" bw="32" slack="0"/>
</pin_list>
<bind>
<opcode="mux(1196) " fcode="mux"/>
<opset="tmp_92_mid1/13 "/>
</bind>
</comp>

<comp id="1387" class="1004" name="tmp_22_fu_1387">
<pin_list>
<pin id="1388" dir="0" index="0" bw="32" slack="0"/>
<pin id="1389" dir="0" index="1" bw="32" slack="12"/>
<pin id="1390" dir="0" index="2" bw="32" slack="12"/>
<pin id="1391" dir="0" index="3" bw="32" slack="12"/>
<pin id="1392" dir="0" index="4" bw="32" slack="12"/>
<pin id="1393" dir="0" index="5" bw="32" slack="12"/>
<pin id="1394" dir="0" index="6" bw="32" slack="12"/>
<pin id="1395" dir="0" index="7" bw="3" slack="12"/>
<pin id="1396" dir="1" index="8" bw="32" slack="0"/>
</pin_list>
<bind>
<opcode="mux(1196) " fcode="mux"/>
<opset="tmp_22/13 "/>
</bind>
</comp>

<comp id="1398" class="1004" name="select_ln17_4_fu_1398">
<pin_list>
<pin id="1399" dir="0" index="0" bw="1" slack="12"/>
<pin id="1400" dir="0" index="1" bw="32" slack="0"/>
<pin id="1401" dir="0" index="2" bw="32" slack="0"/>
<pin id="1402" dir="1" index="3" bw="32" slack="1"/>
</pin_list>
<bind>
<opcode="select(49) " fcode="select"/>
<opset="select_ln17_4/13 "/>
</bind>
</comp>

<comp id="1405" class="1004" name="tmp_28_fu_1405">
<pin_list>
<pin id="1406" dir="0" index="0" bw="32" slack="0"/>
<pin id="1407" dir="0" index="1" bw="32" slack="12"/>
<pin id="1408" dir="0" index="2" bw="32" slack="12"/>
<pin id="1409" dir="0" index="3" bw="32" slack="12"/>
<pin id="1410" dir="0" index="4" bw="32" slack="12"/>
<pin id="1411" dir="0" index="5" bw="32" slack="12"/>
<pin id="1412" dir="0" index="6" bw="32" slack="12"/>
<pin id="1413" dir="0" index="7" bw="3" slack="12"/>
<pin id="1414" dir="1" index="8" bw="32" slack="1"/>
</pin_list>
<bind>
<opcode="mux(1196) " fcode="mux"/>
<opset="tmp_28/13 "/>
</bind>
</comp>

<comp id="1416" class="1004" name="tmp_93_mid1_fu_1416">
<pin_list>
<pin id="1417" dir="0" index="0" bw="32" slack="0"/>
<pin id="1418" dir="0" index="1" bw="32" slack="16"/>
<pin id="1419" dir="0" index="2" bw="32" slack="16"/>
<pin id="1420" dir="0" index="3" bw="32" slack="16"/>
<pin id="1421" dir="0" index="4" bw="32" slack="16"/>
<pin id="1422" dir="0" index="5" bw="32" slack="16"/>
<pin id="1423" dir="0" index="6" bw="32" slack="16"/>
<pin id="1424" dir="0" index="7" bw="3" slack="16"/>
<pin id="1425" dir="1" index="8" bw="32" slack="0"/>
</pin_list>
<bind>
<opcode="mux(1196) " fcode="mux"/>
<opset="tmp_93_mid1/17 "/>
</bind>
</comp>

<comp id="1427" class="1004" name="tmp_23_fu_1427">
<pin_list>
<pin id="1428" dir="0" index="0" bw="32" slack="0"/>
<pin id="1429" dir="0" index="1" bw="32" slack="16"/>
<pin id="1430" dir="0" index="2" bw="32" slack="16"/>
<pin id="1431" dir="0" index="3" bw="32" slack="16"/>
<pin id="1432" dir="0" index="4" bw="32" slack="16"/>
<pin id="1433" dir="0" index="5" bw="32" slack="16"/>
<pin id="1434" dir="0" index="6" bw="32" slack="16"/>
<pin id="1435" dir="0" index="7" bw="3" slack="16"/>
<pin id="1436" dir="1" index="8" bw="32" slack="0"/>
</pin_list>
<bind>
<opcode="mux(1196) " fcode="mux"/>
<opset="tmp_23/17 "/>
</bind>
</comp>

<comp id="1438" class="1004" name="select_ln17_5_fu_1438">
<pin_list>
<pin id="1439" dir="0" index="0" bw="1" slack="16"/>
<pin id="1440" dir="0" index="1" bw="32" slack="0"/>
<pin id="1441" dir="0" index="2" bw="32" slack="0"/>
<pin id="1442" dir="1" index="3" bw="32" slack="1"/>
</pin_list>
<bind>
<opcode="select(49) " fcode="select"/>
<opset="select_ln17_5/17 "/>
</bind>
</comp>

<comp id="1445" class="1004" name="tmp_29_fu_1445">
<pin_list>
<pin id="1446" dir="0" index="0" bw="32" slack="0"/>
<pin id="1447" dir="0" index="1" bw="32" slack="16"/>
<pin id="1448" dir="0" index="2" bw="32" slack="16"/>
<pin id="1449" dir="0" index="3" bw="32" slack="16"/>
<pin id="1450" dir="0" index="4" bw="32" slack="16"/>
<pin id="1451" dir="0" index="5" bw="32" slack="16"/>
<pin id="1452" dir="0" index="6" bw="32" slack="16"/>
<pin id="1453" dir="0" index="7" bw="3" slack="16"/>
<pin id="1454" dir="1" index="8" bw="32" slack="1"/>
</pin_list>
<bind>
<opcode="mux(1196) " fcode="mux"/>
<opset="tmp_29/17 "/>
</bind>
</comp>

<comp id="1456" class="1004" name="tmp_94_mid1_fu_1456">
<pin_list>
<pin id="1457" dir="0" index="0" bw="32" slack="0"/>
<pin id="1458" dir="0" index="1" bw="32" slack="20"/>
<pin id="1459" dir="0" index="2" bw="32" slack="20"/>
<pin id="1460" dir="0" index="3" bw="32" slack="20"/>
<pin id="1461" dir="0" index="4" bw="32" slack="20"/>
<pin id="1462" dir="0" index="5" bw="32" slack="20"/>
<pin id="1463" dir="0" index="6" bw="32" slack="20"/>
<pin id="1464" dir="0" index="7" bw="3" slack="20"/>
<pin id="1465" dir="1" index="8" bw="32" slack="0"/>
</pin_list>
<bind>
<opcode="mux(1196) " fcode="mux"/>
<opset="tmp_94_mid1/21 "/>
</bind>
</comp>

<comp id="1467" class="1004" name="tmp_24_fu_1467">
<pin_list>
<pin id="1468" dir="0" index="0" bw="32" slack="0"/>
<pin id="1469" dir="0" index="1" bw="32" slack="20"/>
<pin id="1470" dir="0" index="2" bw="32" slack="20"/>
<pin id="1471" dir="0" index="3" bw="32" slack="20"/>
<pin id="1472" dir="0" index="4" bw="32" slack="20"/>
<pin id="1473" dir="0" index="5" bw="32" slack="20"/>
<pin id="1474" dir="0" index="6" bw="32" slack="20"/>
<pin id="1475" dir="0" index="7" bw="3" slack="20"/>
<pin id="1476" dir="1" index="8" bw="32" slack="0"/>
</pin_list>
<bind>
<opcode="mux(1196) " fcode="mux"/>
<opset="tmp_24/21 "/>
</bind>
</comp>

<comp id="1478" class="1004" name="select_ln17_6_fu_1478">
<pin_list>
<pin id="1479" dir="0" index="0" bw="1" slack="20"/>
<pin id="1480" dir="0" index="1" bw="32" slack="0"/>
<pin id="1481" dir="0" index="2" bw="32" slack="0"/>
<pin id="1482" dir="1" index="3" bw="32" slack="1"/>
</pin_list>
<bind>
<opcode="select(49) " fcode="select"/>
<opset="select_ln17_6/21 "/>
</bind>
</comp>

<comp id="1485" class="1004" name="tmp_30_fu_1485">
<pin_list>
<pin id="1486" dir="0" index="0" bw="32" slack="0"/>
<pin id="1487" dir="0" index="1" bw="32" slack="20"/>
<pin id="1488" dir="0" index="2" bw="32" slack="20"/>
<pin id="1489" dir="0" index="3" bw="32" slack="20"/>
<pin id="1490" dir="0" index="4" bw="32" slack="20"/>
<pin id="1491" dir="0" index="5" bw="32" slack="20"/>
<pin id="1492" dir="0" index="6" bw="32" slack="20"/>
<pin id="1493" dir="0" index="7" bw="3" slack="20"/>
<pin id="1494" dir="1" index="8" bw="32" slack="1"/>
</pin_list>
<bind>
<opcode="mux(1196) " fcode="mux"/>
<opset="tmp_30/21 "/>
</bind>
</comp>

<comp id="1496" class="1004" name="store_ln25_store_fu_1496">
<pin_list>
<pin id="1497" dir="0" index="0" bw="32" slack="0"/>
<pin id="1498" dir="0" index="1" bw="32" slack="27"/>
<pin id="1499" dir="1" index="2" bw="0" slack="2147483647"/>
</pin_list>
<bind>
<opcode="store(28) " fcode="store"/>
<opset="store_ln25/28 "/>
</bind>
</comp>

<comp id="1501" class="1004" name="store_ln25_store_fu_1501">
<pin_list>
<pin id="1502" dir="0" index="0" bw="32" slack="0"/>
<pin id="1503" dir="0" index="1" bw="32" slack="27"/>
<pin id="1504" dir="1" index="2" bw="0" slack="2147483647"/>
</pin_list>
<bind>
<opcode="store(28) " fcode="store"/>
<opset="store_ln25/28 "/>
</bind>
</comp>

<comp id="1506" class="1004" name="store_ln25_store_fu_1506">
<pin_list>
<pin id="1507" dir="0" index="0" bw="32" slack="0"/>
<pin id="1508" dir="0" index="1" bw="32" slack="27"/>
<pin id="1509" dir="1" index="2" bw="0" slack="2147483647"/>
</pin_list>
<bind>
<opcode="store(28) " fcode="store"/>
<opset="store_ln25/28 "/>
</bind>
</comp>

<comp id="1511" class="1004" name="store_ln25_store_fu_1511">
<pin_list>
<pin id="1512" dir="0" index="0" bw="32" slack="0"/>
<pin id="1513" dir="0" index="1" bw="32" slack="27"/>
<pin id="1514" dir="1" index="2" bw="0" slack="2147483647"/>
</pin_list>
<bind>
<opcode="store(28) " fcode="store"/>
<opset="store_ln25/28 "/>
</bind>
</comp>

<comp id="1516" class="1004" name="store_ln25_store_fu_1516">
<pin_list>
<pin id="1517" dir="0" index="0" bw="32" slack="0"/>
<pin id="1518" dir="0" index="1" bw="32" slack="27"/>
<pin id="1519" dir="1" index="2" bw="0" slack="2147483647"/>
</pin_list>
<bind>
<opcode="store(28) " fcode="store"/>
<opset="store_ln25/28 "/>
</bind>
</comp>

<comp id="1521" class="1004" name="store_ln25_store_fu_1521">
<pin_list>
<pin id="1522" dir="0" index="0" bw="32" slack="0"/>
<pin id="1523" dir="0" index="1" bw="32" slack="27"/>
<pin id="1524" dir="1" index="2" bw="0" slack="2147483647"/>
</pin_list>
<bind>
<opcode="store(28) " fcode="store"/>
<opset="store_ln25/28 "/>
</bind>
</comp>

<comp id="1526" class="1004" name="store_ln25_store_fu_1526">
<pin_list>
<pin id="1527" dir="0" index="0" bw="32" slack="0"/>
<pin id="1528" dir="0" index="1" bw="32" slack="27"/>
<pin id="1529" dir="1" index="2" bw="0" slack="2147483647"/>
</pin_list>
<bind>
<opcode="store(28) " fcode="store"/>
<opset="store_ln25/28 "/>
</bind>
</comp>

<comp id="1531" class="1004" name="store_ln25_store_fu_1531">
<pin_list>
<pin id="1532" dir="0" index="0" bw="32" slack="0"/>
<pin id="1533" dir="0" index="1" bw="32" slack="27"/>
<pin id="1534" dir="1" index="2" bw="0" slack="2147483647"/>
</pin_list>
<bind>
<opcode="store(28) " fcode="store"/>
<opset="store_ln25/28 "/>
</bind>
</comp>

<comp id="1536" class="1004" name="store_ln25_store_fu_1536">
<pin_list>
<pin id="1537" dir="0" index="0" bw="32" slack="0"/>
<pin id="1538" dir="0" index="1" bw="32" slack="27"/>
<pin id="1539" dir="1" index="2" bw="0" slack="2147483647"/>
</pin_list>
<bind>
<opcode="store(28) " fcode="store"/>
<opset="store_ln25/28 "/>
</bind>
</comp>

<comp id="1541" class="1004" name="store_ln25_store_fu_1541">
<pin_list>
<pin id="1542" dir="0" index="0" bw="32" slack="0"/>
<pin id="1543" dir="0" index="1" bw="32" slack="27"/>
<pin id="1544" dir="1" index="2" bw="0" slack="2147483647"/>
</pin_list>
<bind>
<opcode="store(28) " fcode="store"/>
<opset="store_ln25/28 "/>
</bind>
</comp>

<comp id="1546" class="1004" name="store_ln25_store_fu_1546">
<pin_list>
<pin id="1547" dir="0" index="0" bw="32" slack="0"/>
<pin id="1548" dir="0" index="1" bw="32" slack="27"/>
<pin id="1549" dir="1" index="2" bw="0" slack="2147483647"/>
</pin_list>
<bind>
<opcode="store(28) " fcode="store"/>
<opset="store_ln25/28 "/>
</bind>
</comp>

<comp id="1551" class="1004" name="store_ln25_store_fu_1551">
<pin_list>
<pin id="1552" dir="0" index="0" bw="32" slack="0"/>
<pin id="1553" dir="0" index="1" bw="32" slack="27"/>
<pin id="1554" dir="1" index="2" bw="0" slack="2147483647"/>
</pin_list>
<bind>
<opcode="store(28) " fcode="store"/>
<opset="store_ln25/28 "/>
</bind>
</comp>

<comp id="1556" class="1004" name="store_ln25_store_fu_1556">
<pin_list>
<pin id="1557" dir="0" index="0" bw="32" slack="0"/>
<pin id="1558" dir="0" index="1" bw="32" slack="27"/>
<pin id="1559" dir="1" index="2" bw="0" slack="2147483647"/>
</pin_list>
<bind>
<opcode="store(28) " fcode="store"/>
<opset="store_ln25/28 "/>
</bind>
</comp>

<comp id="1561" class="1004" name="store_ln25_store_fu_1561">
<pin_list>
<pin id="1562" dir="0" index="0" bw="32" slack="0"/>
<pin id="1563" dir="0" index="1" bw="32" slack="27"/>
<pin id="1564" dir="1" index="2" bw="0" slack="2147483647"/>
</pin_list>
<bind>
<opcode="store(28) " fcode="store"/>
<opset="store_ln25/28 "/>
</bind>
</comp>

<comp id="1566" class="1004" name="store_ln25_store_fu_1566">
<pin_list>
<pin id="1567" dir="0" index="0" bw="32" slack="0"/>
<pin id="1568" dir="0" index="1" bw="32" slack="27"/>
<pin id="1569" dir="1" index="2" bw="0" slack="2147483647"/>
</pin_list>
<bind>
<opcode="store(28) " fcode="store"/>
<opset="store_ln25/28 "/>
</bind>
</comp>

<comp id="1571" class="1004" name="store_ln25_store_fu_1571">
<pin_list>
<pin id="1572" dir="0" index="0" bw="32" slack="0"/>
<pin id="1573" dir="0" index="1" bw="32" slack="27"/>
<pin id="1574" dir="1" index="2" bw="0" slack="2147483647"/>
</pin_list>
<bind>
<opcode="store(28) " fcode="store"/>
<opset="store_ln25/28 "/>
</bind>
</comp>

<comp id="1576" class="1004" name="store_ln25_store_fu_1576">
<pin_list>
<pin id="1577" dir="0" index="0" bw="32" slack="0"/>
<pin id="1578" dir="0" index="1" bw="32" slack="27"/>
<pin id="1579" dir="1" index="2" bw="0" slack="2147483647"/>
</pin_list>
<bind>
<opcode="store(28) " fcode="store"/>
<opset="store_ln25/28 "/>
</bind>
</comp>

<comp id="1581" class="1004" name="store_ln25_store_fu_1581">
<pin_list>
<pin id="1582" dir="0" index="0" bw="32" slack="0"/>
<pin id="1583" dir="0" index="1" bw="32" slack="27"/>
<pin id="1584" dir="1" index="2" bw="0" slack="2147483647"/>
</pin_list>
<bind>
<opcode="store(28) " fcode="store"/>
<opset="store_ln25/28 "/>
</bind>
</comp>

<comp id="1586" class="1004" name="store_ln25_store_fu_1586">
<pin_list>
<pin id="1587" dir="0" index="0" bw="32" slack="0"/>
<pin id="1588" dir="0" index="1" bw="32" slack="27"/>
<pin id="1589" dir="1" index="2" bw="0" slack="2147483647"/>
</pin_list>
<bind>
<opcode="store(28) " fcode="store"/>
<opset="store_ln25/28 "/>
</bind>
</comp>

<comp id="1591" class="1004" name="store_ln25_store_fu_1591">
<pin_list>
<pin id="1592" dir="0" index="0" bw="32" slack="0"/>
<pin id="1593" dir="0" index="1" bw="32" slack="27"/>
<pin id="1594" dir="1" index="2" bw="0" slack="2147483647"/>
</pin_list>
<bind>
<opcode="store(28) " fcode="store"/>
<opset="store_ln25/28 "/>
</bind>
</comp>

<comp id="1596" class="1004" name="store_ln25_store_fu_1596">
<pin_list>
<pin id="1597" dir="0" index="0" bw="32" slack="0"/>
<pin id="1598" dir="0" index="1" bw="32" slack="27"/>
<pin id="1599" dir="1" index="2" bw="0" slack="2147483647"/>
</pin_list>
<bind>
<opcode="store(28) " fcode="store"/>
<opset="store_ln25/28 "/>
</bind>
</comp>

<comp id="1601" class="1004" name="store_ln25_store_fu_1601">
<pin_list>
<pin id="1602" dir="0" index="0" bw="32" slack="0"/>
<pin id="1603" dir="0" index="1" bw="32" slack="27"/>
<pin id="1604" dir="1" index="2" bw="0" slack="2147483647"/>
</pin_list>
<bind>
<opcode="store(28) " fcode="store"/>
<opset="store_ln25/28 "/>
</bind>
</comp>

<comp id="1606" class="1004" name="store_ln25_store_fu_1606">
<pin_list>
<pin id="1607" dir="0" index="0" bw="32" slack="0"/>
<pin id="1608" dir="0" index="1" bw="32" slack="27"/>
<pin id="1609" dir="1" index="2" bw="0" slack="2147483647"/>
</pin_list>
<bind>
<opcode="store(28) " fcode="store"/>
<opset="store_ln25/28 "/>
</bind>
</comp>

<comp id="1611" class="1004" name="store_ln25_store_fu_1611">
<pin_list>
<pin id="1612" dir="0" index="0" bw="32" slack="0"/>
<pin id="1613" dir="0" index="1" bw="32" slack="27"/>
<pin id="1614" dir="1" index="2" bw="0" slack="2147483647"/>
</pin_list>
<bind>
<opcode="store(28) " fcode="store"/>
<opset="store_ln25/28 "/>
</bind>
</comp>

<comp id="1616" class="1004" name="store_ln25_store_fu_1616">
<pin_list>
<pin id="1617" dir="0" index="0" bw="32" slack="0"/>
<pin id="1618" dir="0" index="1" bw="32" slack="27"/>
<pin id="1619" dir="1" index="2" bw="0" slack="2147483647"/>
</pin_list>
<bind>
<opcode="store(28) " fcode="store"/>
<opset="store_ln25/28 "/>
</bind>
</comp>

<comp id="1621" class="1004" name="store_ln25_store_fu_1621">
<pin_list>
<pin id="1622" dir="0" index="0" bw="32" slack="0"/>
<pin id="1623" dir="0" index="1" bw="32" slack="27"/>
<pin id="1624" dir="1" index="2" bw="0" slack="2147483647"/>
</pin_list>
<bind>
<opcode="store(28) " fcode="store"/>
<opset="store_ln25/28 "/>
</bind>
</comp>

<comp id="1626" class="1004" name="store_ln25_store_fu_1626">
<pin_list>
<pin id="1627" dir="0" index="0" bw="32" slack="0"/>
<pin id="1628" dir="0" index="1" bw="32" slack="27"/>
<pin id="1629" dir="1" index="2" bw="0" slack="2147483647"/>
</pin_list>
<bind>
<opcode="store(28) " fcode="store"/>
<opset="store_ln25/28 "/>
</bind>
</comp>

<comp id="1631" class="1004" name="store_ln25_store_fu_1631">
<pin_list>
<pin id="1632" dir="0" index="0" bw="32" slack="0"/>
<pin id="1633" dir="0" index="1" bw="32" slack="27"/>
<pin id="1634" dir="1" index="2" bw="0" slack="2147483647"/>
</pin_list>
<bind>
<opcode="store(28) " fcode="store"/>
<opset="store_ln25/28 "/>
</bind>
</comp>

<comp id="1636" class="1004" name="store_ln25_store_fu_1636">
<pin_list>
<pin id="1637" dir="0" index="0" bw="32" slack="0"/>
<pin id="1638" dir="0" index="1" bw="32" slack="27"/>
<pin id="1639" dir="1" index="2" bw="0" slack="2147483647"/>
</pin_list>
<bind>
<opcode="store(28) " fcode="store"/>
<opset="store_ln25/28 "/>
</bind>
</comp>

<comp id="1641" class="1004" name="store_ln25_store_fu_1641">
<pin_list>
<pin id="1642" dir="0" index="0" bw="32" slack="0"/>
<pin id="1643" dir="0" index="1" bw="32" slack="27"/>
<pin id="1644" dir="1" index="2" bw="0" slack="2147483647"/>
</pin_list>
<bind>
<opcode="store(28) " fcode="store"/>
<opset="store_ln25/28 "/>
</bind>
</comp>

<comp id="1646" class="1004" name="store_ln25_store_fu_1646">
<pin_list>
<pin id="1647" dir="0" index="0" bw="32" slack="0"/>
<pin id="1648" dir="0" index="1" bw="32" slack="27"/>
<pin id="1649" dir="1" index="2" bw="0" slack="2147483647"/>
</pin_list>
<bind>
<opcode="store(28) " fcode="store"/>
<opset="store_ln25/28 "/>
</bind>
</comp>

<comp id="1651" class="1004" name="store_ln25_store_fu_1651">
<pin_list>
<pin id="1652" dir="0" index="0" bw="32" slack="0"/>
<pin id="1653" dir="0" index="1" bw="32" slack="27"/>
<pin id="1654" dir="1" index="2" bw="0" slack="2147483647"/>
</pin_list>
<bind>
<opcode="store(28) " fcode="store"/>
<opset="store_ln25/28 "/>
</bind>
</comp>

<comp id="1656" class="1004" name="store_ln25_store_fu_1656">
<pin_list>
<pin id="1657" dir="0" index="0" bw="32" slack="0"/>
<pin id="1658" dir="0" index="1" bw="32" slack="27"/>
<pin id="1659" dir="1" index="2" bw="0" slack="2147483647"/>
</pin_list>
<bind>
<opcode="store(28) " fcode="store"/>
<opset="store_ln25/28 "/>
</bind>
</comp>

<comp id="1661" class="1004" name="store_ln25_store_fu_1661">
<pin_list>
<pin id="1662" dir="0" index="0" bw="32" slack="0"/>
<pin id="1663" dir="0" index="1" bw="32" slack="27"/>
<pin id="1664" dir="1" index="2" bw="0" slack="2147483647"/>
</pin_list>
<bind>
<opcode="store(28) " fcode="store"/>
<opset="store_ln25/28 "/>
</bind>
</comp>

<comp id="1666" class="1004" name="store_ln25_store_fu_1666">
<pin_list>
<pin id="1667" dir="0" index="0" bw="32" slack="0"/>
<pin id="1668" dir="0" index="1" bw="32" slack="27"/>
<pin id="1669" dir="1" index="2" bw="0" slack="2147483647"/>
</pin_list>
<bind>
<opcode="store(28) " fcode="store"/>
<opset="store_ln25/28 "/>
</bind>
</comp>

<comp id="1671" class="1004" name="store_ln25_store_fu_1671">
<pin_list>
<pin id="1672" dir="0" index="0" bw="32" slack="0"/>
<pin id="1673" dir="0" index="1" bw="32" slack="27"/>
<pin id="1674" dir="1" index="2" bw="0" slack="2147483647"/>
</pin_list>
<bind>
<opcode="store(28) " fcode="store"/>
<opset="store_ln25/28 "/>
</bind>
</comp>

<comp id="1676" class="1004" name="acc_load_load_fu_1676">
<pin_list>
<pin id="1677" dir="0" index="0" bw="32" slack="26"/>
<pin id="1678" dir="1" index="1" bw="32" slack="0"/>
</pin_list>
<bind>
<opcode="load(27) " fcode="load"/>
<opset="acc_load/27 "/>
</bind>
</comp>

<comp id="1680" class="1004" name="acc_7_load_load_fu_1680">
<pin_list>
<pin id="1681" dir="0" index="0" bw="32" slack="26"/>
<pin id="1682" dir="1" index="1" bw="32" slack="0"/>
</pin_list>
<bind>
<opcode="load(27) " fcode="load"/>
<opset="acc_7_load/27 "/>
</bind>
</comp>

<comp id="1684" class="1004" name="acc_8_load_load_fu_1684">
<pin_list>
<pin id="1685" dir="0" index="0" bw="32" slack="26"/>
<pin id="1686" dir="1" index="1" bw="32" slack="0"/>
</pin_list>
<bind>
<opcode="load(27) " fcode="load"/>
<opset="acc_8_load/27 "/>
</bind>
</comp>

<comp id="1688" class="1004" name="acc_9_load_load_fu_1688">
<pin_list>
<pin id="1689" dir="0" index="0" bw="32" slack="26"/>
<pin id="1690" dir="1" index="1" bw="32" slack="0"/>
</pin_list>
<bind>
<opcode="load(27) " fcode="load"/>
<opset="acc_9_load/27 "/>
</bind>
</comp>

<comp id="1692" class="1004" name="acc_10_load_load_fu_1692">
<pin_list>
<pin id="1693" dir="0" index="0" bw="32" slack="26"/>
<pin id="1694" dir="1" index="1" bw="32" slack="0"/>
</pin_list>
<bind>
<opcode="load(27) " fcode="load"/>
<opset="acc_10_load/27 "/>
</bind>
</comp>

<comp id="1696" class="1004" name="acc_11_load_load_fu_1696">
<pin_list>
<pin id="1697" dir="0" index="0" bw="32" slack="26"/>
<pin id="1698" dir="1" index="1" bw="32" slack="0"/>
</pin_list>
<bind>
<opcode="load(27) " fcode="load"/>
<opset="acc_11_load/27 "/>
</bind>
</comp>

<comp id="1700" class="1004" name="acc_12_load_load_fu_1700">
<pin_list>
<pin id="1701" dir="0" index="0" bw="32" slack="26"/>
<pin id="1702" dir="1" index="1" bw="32" slack="0"/>
</pin_list>
<bind>
<opcode="load(27) " fcode="load"/>
<opset="acc_12_load/27 "/>
</bind>
</comp>

<comp id="1704" class="1004" name="acc_13_load_load_fu_1704">
<pin_list>
<pin id="1705" dir="0" index="0" bw="32" slack="26"/>
<pin id="1706" dir="1" index="1" bw="32" slack="0"/>
</pin_list>
<bind>
<opcode="load(27) " fcode="load"/>
<opset="acc_13_load/27 "/>
</bind>
</comp>

<comp id="1708" class="1004" name="acc_14_load_load_fu_1708">
<pin_list>
<pin id="1709" dir="0" index="0" bw="32" slack="26"/>
<pin id="1710" dir="1" index="1" bw="32" slack="0"/>
</pin_list>
<bind>
<opcode="load(27) " fcode="load"/>
<opset="acc_14_load/27 "/>
</bind>
</comp>

<comp id="1712" class="1004" name="acc_15_load_load_fu_1712">
<pin_list>
<pin id="1713" dir="0" index="0" bw="32" slack="26"/>
<pin id="1714" dir="1" index="1" bw="32" slack="0"/>
</pin_list>
<bind>
<opcode="load(27) " fcode="load"/>
<opset="acc_15_load/27 "/>
</bind>
</comp>

<comp id="1716" class="1004" name="acc_16_load_load_fu_1716">
<pin_list>
<pin id="1717" dir="0" index="0" bw="32" slack="26"/>
<pin id="1718" dir="1" index="1" bw="32" slack="0"/>
</pin_list>
<bind>
<opcode="load(27) " fcode="load"/>
<opset="acc_16_load/27 "/>
</bind>
</comp>

<comp id="1720" class="1004" name="acc_17_load_load_fu_1720">
<pin_list>
<pin id="1721" dir="0" index="0" bw="32" slack="26"/>
<pin id="1722" dir="1" index="1" bw="32" slack="0"/>
</pin_list>
<bind>
<opcode="load(27) " fcode="load"/>
<opset="acc_17_load/27 "/>
</bind>
</comp>

<comp id="1724" class="1004" name="acc_18_load_load_fu_1724">
<pin_list>
<pin id="1725" dir="0" index="0" bw="32" slack="26"/>
<pin id="1726" dir="1" index="1" bw="32" slack="0"/>
</pin_list>
<bind>
<opcode="load(27) " fcode="load"/>
<opset="acc_18_load/27 "/>
</bind>
</comp>

<comp id="1728" class="1004" name="acc_19_load_load_fu_1728">
<pin_list>
<pin id="1729" dir="0" index="0" bw="32" slack="26"/>
<pin id="1730" dir="1" index="1" bw="32" slack="0"/>
</pin_list>
<bind>
<opcode="load(27) " fcode="load"/>
<opset="acc_19_load/27 "/>
</bind>
</comp>

<comp id="1732" class="1004" name="acc_20_load_load_fu_1732">
<pin_list>
<pin id="1733" dir="0" index="0" bw="32" slack="26"/>
<pin id="1734" dir="1" index="1" bw="32" slack="0"/>
</pin_list>
<bind>
<opcode="load(27) " fcode="load"/>
<opset="acc_20_load/27 "/>
</bind>
</comp>

<comp id="1736" class="1004" name="acc_21_load_load_fu_1736">
<pin_list>
<pin id="1737" dir="0" index="0" bw="32" slack="26"/>
<pin id="1738" dir="1" index="1" bw="32" slack="0"/>
</pin_list>
<bind>
<opcode="load(27) " fcode="load"/>
<opset="acc_21_load/27 "/>
</bind>
</comp>

<comp id="1740" class="1004" name="acc_22_load_load_fu_1740">
<pin_list>
<pin id="1741" dir="0" index="0" bw="32" slack="26"/>
<pin id="1742" dir="1" index="1" bw="32" slack="0"/>
</pin_list>
<bind>
<opcode="load(27) " fcode="load"/>
<opset="acc_22_load/27 "/>
</bind>
</comp>

<comp id="1744" class="1004" name="acc_23_load_load_fu_1744">
<pin_list>
<pin id="1745" dir="0" index="0" bw="32" slack="26"/>
<pin id="1746" dir="1" index="1" bw="32" slack="0"/>
</pin_list>
<bind>
<opcode="load(27) " fcode="load"/>
<opset="acc_23_load/27 "/>
</bind>
</comp>

<comp id="1748" class="1004" name="acc_24_load_load_fu_1748">
<pin_list>
<pin id="1749" dir="0" index="0" bw="32" slack="26"/>
<pin id="1750" dir="1" index="1" bw="32" slack="0"/>
</pin_list>
<bind>
<opcode="load(27) " fcode="load"/>
<opset="acc_24_load/27 "/>
</bind>
</comp>

<comp id="1752" class="1004" name="acc_25_load_load_fu_1752">
<pin_list>
<pin id="1753" dir="0" index="0" bw="32" slack="26"/>
<pin id="1754" dir="1" index="1" bw="32" slack="0"/>
</pin_list>
<bind>
<opcode="load(27) " fcode="load"/>
<opset="acc_25_load/27 "/>
</bind>
</comp>

<comp id="1756" class="1004" name="acc_26_load_load_fu_1756">
<pin_list>
<pin id="1757" dir="0" index="0" bw="32" slack="26"/>
<pin id="1758" dir="1" index="1" bw="32" slack="0"/>
</pin_list>
<bind>
<opcode="load(27) " fcode="load"/>
<opset="acc_26_load/27 "/>
</bind>
</comp>

<comp id="1760" class="1004" name="acc_27_load_load_fu_1760">
<pin_list>
<pin id="1761" dir="0" index="0" bw="32" slack="26"/>
<pin id="1762" dir="1" index="1" bw="32" slack="0"/>
</pin_list>
<bind>
<opcode="load(27) " fcode="load"/>
<opset="acc_27_load/27 "/>
</bind>
</comp>

<comp id="1764" class="1004" name="acc_28_load_load_fu_1764">
<pin_list>
<pin id="1765" dir="0" index="0" bw="32" slack="26"/>
<pin id="1766" dir="1" index="1" bw="32" slack="0"/>
</pin_list>
<bind>
<opcode="load(27) " fcode="load"/>
<opset="acc_28_load/27 "/>
</bind>
</comp>

<comp id="1768" class="1004" name="acc_29_load_load_fu_1768">
<pin_list>
<pin id="1769" dir="0" index="0" bw="32" slack="26"/>
<pin id="1770" dir="1" index="1" bw="32" slack="0"/>
</pin_list>
<bind>
<opcode="load(27) " fcode="load"/>
<opset="acc_29_load/27 "/>
</bind>
</comp>

<comp id="1772" class="1004" name="acc_36_load_load_fu_1772">
<pin_list>
<pin id="1773" dir="0" index="0" bw="32" slack="26"/>
<pin id="1774" dir="1" index="1" bw="32" slack="0"/>
</pin_list>
<bind>
<opcode="load(27) " fcode="load"/>
<opset="acc_36_load/27 "/>
</bind>
</comp>

<comp id="1776" class="1004" name="acc_37_load_load_fu_1776">
<pin_list>
<pin id="1777" dir="0" index="0" bw="32" slack="26"/>
<pin id="1778" dir="1" index="1" bw="32" slack="0"/>
</pin_list>
<bind>
<opcode="load(27) " fcode="load"/>
<opset="acc_37_load/27 "/>
</bind>
</comp>

<comp id="1780" class="1004" name="acc_38_load_load_fu_1780">
<pin_list>
<pin id="1781" dir="0" index="0" bw="32" slack="26"/>
<pin id="1782" dir="1" index="1" bw="32" slack="0"/>
</pin_list>
<bind>
<opcode="load(27) " fcode="load"/>
<opset="acc_38_load/27 "/>
</bind>
</comp>

<comp id="1784" class="1004" name="acc_39_load_load_fu_1784">
<pin_list>
<pin id="1785" dir="0" index="0" bw="32" slack="26"/>
<pin id="1786" dir="1" index="1" bw="32" slack="0"/>
</pin_list>
<bind>
<opcode="load(27) " fcode="load"/>
<opset="acc_39_load/27 "/>
</bind>
</comp>

<comp id="1788" class="1004" name="acc_40_load_load_fu_1788">
<pin_list>
<pin id="1789" dir="0" index="0" bw="32" slack="26"/>
<pin id="1790" dir="1" index="1" bw="32" slack="0"/>
</pin_list>
<bind>
<opcode="load(27) " fcode="load"/>
<opset="acc_40_load/27 "/>
</bind>
</comp>

<comp id="1792" class="1004" name="acc_41_load_load_fu_1792">
<pin_list>
<pin id="1793" dir="0" index="0" bw="32" slack="26"/>
<pin id="1794" dir="1" index="1" bw="32" slack="0"/>
</pin_list>
<bind>
<opcode="load(27) " fcode="load"/>
<opset="acc_41_load/27 "/>
</bind>
</comp>

<comp id="1796" class="1004" name="acc_42_load_load_fu_1796">
<pin_list>
<pin id="1797" dir="0" index="0" bw="32" slack="26"/>
<pin id="1798" dir="1" index="1" bw="32" slack="0"/>
</pin_list>
<bind>
<opcode="load(27) " fcode="load"/>
<opset="acc_42_load/27 "/>
</bind>
</comp>

<comp id="1800" class="1004" name="acc_43_load_load_fu_1800">
<pin_list>
<pin id="1801" dir="0" index="0" bw="32" slack="26"/>
<pin id="1802" dir="1" index="1" bw="32" slack="0"/>
</pin_list>
<bind>
<opcode="load(27) " fcode="load"/>
<opset="acc_43_load/27 "/>
</bind>
</comp>

<comp id="1804" class="1004" name="acc_44_load_load_fu_1804">
<pin_list>
<pin id="1805" dir="0" index="0" bw="32" slack="26"/>
<pin id="1806" dir="1" index="1" bw="32" slack="0"/>
</pin_list>
<bind>
<opcode="load(27) " fcode="load"/>
<opset="acc_44_load/27 "/>
</bind>
</comp>

<comp id="1808" class="1004" name="acc_45_load_load_fu_1808">
<pin_list>
<pin id="1809" dir="0" index="0" bw="32" slack="26"/>
<pin id="1810" dir="1" index="1" bw="32" slack="0"/>
</pin_list>
<bind>
<opcode="load(27) " fcode="load"/>
<opset="acc_45_load/27 "/>
</bind>
</comp>

<comp id="1812" class="1004" name="acc_46_load_load_fu_1812">
<pin_list>
<pin id="1813" dir="0" index="0" bw="32" slack="26"/>
<pin id="1814" dir="1" index="1" bw="32" slack="0"/>
</pin_list>
<bind>
<opcode="load(27) " fcode="load"/>
<opset="acc_46_load/27 "/>
</bind>
</comp>

<comp id="1816" class="1004" name="acc_47_load_load_fu_1816">
<pin_list>
<pin id="1817" dir="0" index="0" bw="32" slack="26"/>
<pin id="1818" dir="1" index="1" bw="32" slack="0"/>
</pin_list>
<bind>
<opcode="load(27) " fcode="load"/>
<opset="acc_47_load/27 "/>
</bind>
</comp>

<comp id="1820" class="1005" name="j_reg_1820">
<pin_list>
<pin id="1821" dir="0" index="0" bw="3" slack="0"/>
<pin id="1822" dir="1" index="1" bw="3" slack="0"/>
</pin_list>
<bind>
<opset="j "/>
</bind>
</comp>

<comp id="1827" class="1005" name="i_reg_1827">
<pin_list>
<pin id="1828" dir="0" index="0" bw="3" slack="0"/>
<pin id="1829" dir="1" index="1" bw="3" slack="0"/>
</pin_list>
<bind>
<opset="i "/>
</bind>
</comp>

<comp id="1834" class="1005" name="indvar_flatten41_reg_1834">
<pin_list>
<pin id="1835" dir="0" index="0" bw="6" slack="0"/>
<pin id="1836" dir="1" index="1" bw="6" slack="0"/>
</pin_list>
<bind>
<opset="indvar_flatten41 "/>
</bind>
</comp>

<comp id="1841" class="1005" name="acc_reg_1841">
<pin_list>
<pin id="1842" dir="0" index="0" bw="32" slack="26"/>
<pin id="1843" dir="1" index="1" bw="32" slack="26"/>
</pin_list>
<bind>
<opset="acc "/>
</bind>
</comp>

<comp id="1847" class="1005" name="acc_7_reg_1847">
<pin_list>
<pin id="1848" dir="0" index="0" bw="32" slack="26"/>
<pin id="1849" dir="1" index="1" bw="32" slack="26"/>
</pin_list>
<bind>
<opset="acc_7 "/>
</bind>
</comp>

<comp id="1853" class="1005" name="acc_8_reg_1853">
<pin_list>
<pin id="1854" dir="0" index="0" bw="32" slack="26"/>
<pin id="1855" dir="1" index="1" bw="32" slack="26"/>
</pin_list>
<bind>
<opset="acc_8 "/>
</bind>
</comp>

<comp id="1859" class="1005" name="acc_9_reg_1859">
<pin_list>
<pin id="1860" dir="0" index="0" bw="32" slack="26"/>
<pin id="1861" dir="1" index="1" bw="32" slack="26"/>
</pin_list>
<bind>
<opset="acc_9 "/>
</bind>
</comp>

<comp id="1865" class="1005" name="acc_10_reg_1865">
<pin_list>
<pin id="1866" dir="0" index="0" bw="32" slack="26"/>
<pin id="1867" dir="1" index="1" bw="32" slack="26"/>
</pin_list>
<bind>
<opset="acc_10 "/>
</bind>
</comp>

<comp id="1871" class="1005" name="acc_11_reg_1871">
<pin_list>
<pin id="1872" dir="0" index="0" bw="32" slack="26"/>
<pin id="1873" dir="1" index="1" bw="32" slack="26"/>
</pin_list>
<bind>
<opset="acc_11 "/>
</bind>
</comp>

<comp id="1877" class="1005" name="acc_12_reg_1877">
<pin_list>
<pin id="1878" dir="0" index="0" bw="32" slack="26"/>
<pin id="1879" dir="1" index="1" bw="32" slack="26"/>
</pin_list>
<bind>
<opset="acc_12 "/>
</bind>
</comp>

<comp id="1883" class="1005" name="acc_13_reg_1883">
<pin_list>
<pin id="1884" dir="0" index="0" bw="32" slack="26"/>
<pin id="1885" dir="1" index="1" bw="32" slack="26"/>
</pin_list>
<bind>
<opset="acc_13 "/>
</bind>
</comp>

<comp id="1889" class="1005" name="acc_14_reg_1889">
<pin_list>
<pin id="1890" dir="0" index="0" bw="32" slack="26"/>
<pin id="1891" dir="1" index="1" bw="32" slack="26"/>
</pin_list>
<bind>
<opset="acc_14 "/>
</bind>
</comp>

<comp id="1895" class="1005" name="acc_15_reg_1895">
<pin_list>
<pin id="1896" dir="0" index="0" bw="32" slack="26"/>
<pin id="1897" dir="1" index="1" bw="32" slack="26"/>
</pin_list>
<bind>
<opset="acc_15 "/>
</bind>
</comp>

<comp id="1901" class="1005" name="acc_16_reg_1901">
<pin_list>
<pin id="1902" dir="0" index="0" bw="32" slack="26"/>
<pin id="1903" dir="1" index="1" bw="32" slack="26"/>
</pin_list>
<bind>
<opset="acc_16 "/>
</bind>
</comp>

<comp id="1907" class="1005" name="acc_17_reg_1907">
<pin_list>
<pin id="1908" dir="0" index="0" bw="32" slack="26"/>
<pin id="1909" dir="1" index="1" bw="32" slack="26"/>
</pin_list>
<bind>
<opset="acc_17 "/>
</bind>
</comp>

<comp id="1913" class="1005" name="acc_18_reg_1913">
<pin_list>
<pin id="1914" dir="0" index="0" bw="32" slack="26"/>
<pin id="1915" dir="1" index="1" bw="32" slack="26"/>
</pin_list>
<bind>
<opset="acc_18 "/>
</bind>
</comp>

<comp id="1919" class="1005" name="acc_19_reg_1919">
<pin_list>
<pin id="1920" dir="0" index="0" bw="32" slack="26"/>
<pin id="1921" dir="1" index="1" bw="32" slack="26"/>
</pin_list>
<bind>
<opset="acc_19 "/>
</bind>
</comp>

<comp id="1925" class="1005" name="acc_20_reg_1925">
<pin_list>
<pin id="1926" dir="0" index="0" bw="32" slack="26"/>
<pin id="1927" dir="1" index="1" bw="32" slack="26"/>
</pin_list>
<bind>
<opset="acc_20 "/>
</bind>
</comp>

<comp id="1931" class="1005" name="acc_21_reg_1931">
<pin_list>
<pin id="1932" dir="0" index="0" bw="32" slack="26"/>
<pin id="1933" dir="1" index="1" bw="32" slack="26"/>
</pin_list>
<bind>
<opset="acc_21 "/>
</bind>
</comp>

<comp id="1937" class="1005" name="acc_22_reg_1937">
<pin_list>
<pin id="1938" dir="0" index="0" bw="32" slack="26"/>
<pin id="1939" dir="1" index="1" bw="32" slack="26"/>
</pin_list>
<bind>
<opset="acc_22 "/>
</bind>
</comp>

<comp id="1943" class="1005" name="acc_23_reg_1943">
<pin_list>
<pin id="1944" dir="0" index="0" bw="32" slack="26"/>
<pin id="1945" dir="1" index="1" bw="32" slack="26"/>
</pin_list>
<bind>
<opset="acc_23 "/>
</bind>
</comp>

<comp id="1949" class="1005" name="acc_24_reg_1949">
<pin_list>
<pin id="1950" dir="0" index="0" bw="32" slack="26"/>
<pin id="1951" dir="1" index="1" bw="32" slack="26"/>
</pin_list>
<bind>
<opset="acc_24 "/>
</bind>
</comp>

<comp id="1955" class="1005" name="acc_25_reg_1955">
<pin_list>
<pin id="1956" dir="0" index="0" bw="32" slack="26"/>
<pin id="1957" dir="1" index="1" bw="32" slack="26"/>
</pin_list>
<bind>
<opset="acc_25 "/>
</bind>
</comp>

<comp id="1961" class="1005" name="acc_26_reg_1961">
<pin_list>
<pin id="1962" dir="0" index="0" bw="32" slack="26"/>
<pin id="1963" dir="1" index="1" bw="32" slack="26"/>
</pin_list>
<bind>
<opset="acc_26 "/>
</bind>
</comp>

<comp id="1967" class="1005" name="acc_27_reg_1967">
<pin_list>
<pin id="1968" dir="0" index="0" bw="32" slack="26"/>
<pin id="1969" dir="1" index="1" bw="32" slack="26"/>
</pin_list>
<bind>
<opset="acc_27 "/>
</bind>
</comp>

<comp id="1973" class="1005" name="acc_28_reg_1973">
<pin_list>
<pin id="1974" dir="0" index="0" bw="32" slack="26"/>
<pin id="1975" dir="1" index="1" bw="32" slack="26"/>
</pin_list>
<bind>
<opset="acc_28 "/>
</bind>
</comp>

<comp id="1979" class="1005" name="acc_29_reg_1979">
<pin_list>
<pin id="1980" dir="0" index="0" bw="32" slack="26"/>
<pin id="1981" dir="1" index="1" bw="32" slack="26"/>
</pin_list>
<bind>
<opset="acc_29 "/>
</bind>
</comp>

<comp id="1985" class="1005" name="acc_36_reg_1985">
<pin_list>
<pin id="1986" dir="0" index="0" bw="32" slack="26"/>
<pin id="1987" dir="1" index="1" bw="32" slack="26"/>
</pin_list>
<bind>
<opset="acc_36 "/>
</bind>
</comp>

<comp id="1991" class="1005" name="acc_37_reg_1991">
<pin_list>
<pin id="1992" dir="0" index="0" bw="32" slack="26"/>
<pin id="1993" dir="1" index="1" bw="32" slack="26"/>
</pin_list>
<bind>
<opset="acc_37 "/>
</bind>
</comp>

<comp id="1997" class="1005" name="acc_38_reg_1997">
<pin_list>
<pin id="1998" dir="0" index="0" bw="32" slack="26"/>
<pin id="1999" dir="1" index="1" bw="32" slack="26"/>
</pin_list>
<bind>
<opset="acc_38 "/>
</bind>
</comp>

<comp id="2003" class="1005" name="acc_39_reg_2003">
<pin_list>
<pin id="2004" dir="0" index="0" bw="32" slack="26"/>
<pin id="2005" dir="1" index="1" bw="32" slack="26"/>
</pin_list>
<bind>
<opset="acc_39 "/>
</bind>
</comp>

<comp id="2009" class="1005" name="acc_40_reg_2009">
<pin_list>
<pin id="2010" dir="0" index="0" bw="32" slack="26"/>
<pin id="2011" dir="1" index="1" bw="32" slack="26"/>
</pin_list>
<bind>
<opset="acc_40 "/>
</bind>
</comp>

<comp id="2015" class="1005" name="acc_41_reg_2015">
<pin_list>
<pin id="2016" dir="0" index="0" bw="32" slack="26"/>
<pin id="2017" dir="1" index="1" bw="32" slack="26"/>
</pin_list>
<bind>
<opset="acc_41 "/>
</bind>
</comp>

<comp id="2021" class="1005" name="acc_42_reg_2021">
<pin_list>
<pin id="2022" dir="0" index="0" bw="32" slack="26"/>
<pin id="2023" dir="1" index="1" bw="32" slack="26"/>
</pin_list>
<bind>
<opset="acc_42 "/>
</bind>
</comp>

<comp id="2027" class="1005" name="acc_43_reg_2027">
<pin_list>
<pin id="2028" dir="0" index="0" bw="32" slack="26"/>
<pin id="2029" dir="1" index="1" bw="32" slack="26"/>
</pin_list>
<bind>
<opset="acc_43 "/>
</bind>
</comp>

<comp id="2033" class="1005" name="acc_44_reg_2033">
<pin_list>
<pin id="2034" dir="0" index="0" bw="32" slack="26"/>
<pin id="2035" dir="1" index="1" bw="32" slack="26"/>
</pin_list>
<bind>
<opset="acc_44 "/>
</bind>
</comp>

<comp id="2039" class="1005" name="acc_45_reg_2039">
<pin_list>
<pin id="2040" dir="0" index="0" bw="32" slack="26"/>
<pin id="2041" dir="1" index="1" bw="32" slack="26"/>
</pin_list>
<bind>
<opset="acc_45 "/>
</bind>
</comp>

<comp id="2045" class="1005" name="acc_46_reg_2045">
<pin_list>
<pin id="2046" dir="0" index="0" bw="32" slack="26"/>
<pin id="2047" dir="1" index="1" bw="32" slack="26"/>
</pin_list>
<bind>
<opset="acc_46 "/>
</bind>
</comp>

<comp id="2051" class="1005" name="acc_47_reg_2051">
<pin_list>
<pin id="2052" dir="0" index="0" bw="32" slack="26"/>
<pin id="2053" dir="1" index="1" bw="32" slack="26"/>
</pin_list>
<bind>
<opset="acc_47 "/>
</bind>
</comp>

<comp id="2057" class="1005" name="At_35_reload_read_reg_2057">
<pin_list>
<pin id="2058" dir="0" index="0" bw="32" slack="20"/>
<pin id="2059" dir="1" index="1" bw="32" slack="20"/>
</pin_list>
<bind>
<opset="At_35_reload_read "/>
</bind>
</comp>

<comp id="2062" class="1005" name="At_34_reload_read_reg_2062">
<pin_list>
<pin id="2063" dir="0" index="0" bw="32" slack="20"/>
<pin id="2064" dir="1" index="1" bw="32" slack="20"/>
</pin_list>
<bind>
<opset="At_34_reload_read "/>
</bind>
</comp>

<comp id="2067" class="1005" name="At_33_reload_read_reg_2067">
<pin_list>
<pin id="2068" dir="0" index="0" bw="32" slack="20"/>
<pin id="2069" dir="1" index="1" bw="32" slack="20"/>
</pin_list>
<bind>
<opset="At_33_reload_read "/>
</bind>
</comp>

<comp id="2072" class="1005" name="At_32_reload_read_reg_2072">
<pin_list>
<pin id="2073" dir="0" index="0" bw="32" slack="20"/>
<pin id="2074" dir="1" index="1" bw="32" slack="20"/>
</pin_list>
<bind>
<opset="At_32_reload_read "/>
</bind>
</comp>

<comp id="2077" class="1005" name="At_31_reload_read_reg_2077">
<pin_list>
<pin id="2078" dir="0" index="0" bw="32" slack="20"/>
<pin id="2079" dir="1" index="1" bw="32" slack="20"/>
</pin_list>
<bind>
<opset="At_31_reload_read "/>
</bind>
</comp>

<comp id="2082" class="1005" name="At_30_reload_read_reg_2082">
<pin_list>
<pin id="2083" dir="0" index="0" bw="32" slack="20"/>
<pin id="2084" dir="1" index="1" bw="32" slack="20"/>
</pin_list>
<bind>
<opset="At_30_reload_read "/>
</bind>
</comp>

<comp id="2087" class="1005" name="At_29_reload_read_reg_2087">
<pin_list>
<pin id="2088" dir="0" index="0" bw="32" slack="16"/>
<pin id="2089" dir="1" index="1" bw="32" slack="16"/>
</pin_list>
<bind>
<opset="At_29_reload_read "/>
</bind>
</comp>

<comp id="2092" class="1005" name="At_28_reload_read_reg_2092">
<pin_list>
<pin id="2093" dir="0" index="0" bw="32" slack="16"/>
<pin id="2094" dir="1" index="1" bw="32" slack="16"/>
</pin_list>
<bind>
<opset="At_28_reload_read "/>
</bind>
</comp>

<comp id="2097" class="1005" name="At_27_reload_read_reg_2097">
<pin_list>
<pin id="2098" dir="0" index="0" bw="32" slack="16"/>
<pin id="2099" dir="1" index="1" bw="32" slack="16"/>
</pin_list>
<bind>
<opset="At_27_reload_read "/>
</bind>
</comp>

<comp id="2102" class="1005" name="At_26_reload_read_reg_2102">
<pin_list>
<pin id="2103" dir="0" index="0" bw="32" slack="16"/>
<pin id="2104" dir="1" index="1" bw="32" slack="16"/>
</pin_list>
<bind>
<opset="At_26_reload_read "/>
</bind>
</comp>

<comp id="2107" class="1005" name="At_25_reload_read_reg_2107">
<pin_list>
<pin id="2108" dir="0" index="0" bw="32" slack="16"/>
<pin id="2109" dir="1" index="1" bw="32" slack="16"/>
</pin_list>
<bind>
<opset="At_25_reload_read "/>
</bind>
</comp>

<comp id="2112" class="1005" name="At_24_reload_read_reg_2112">
<pin_list>
<pin id="2113" dir="0" index="0" bw="32" slack="16"/>
<pin id="2114" dir="1" index="1" bw="32" slack="16"/>
</pin_list>
<bind>
<opset="At_24_reload_read "/>
</bind>
</comp>

<comp id="2117" class="1005" name="At_23_reload_read_reg_2117">
<pin_list>
<pin id="2118" dir="0" index="0" bw="32" slack="12"/>
<pin id="2119" dir="1" index="1" bw="32" slack="12"/>
</pin_list>
<bind>
<opset="At_23_reload_read "/>
</bind>
</comp>

<comp id="2122" class="1005" name="At_22_reload_read_reg_2122">
<pin_list>
<pin id="2123" dir="0" index="0" bw="32" slack="12"/>
<pin id="2124" dir="1" index="1" bw="32" slack="12"/>
</pin_list>
<bind>
<opset="At_22_reload_read "/>
</bind>
</comp>

<comp id="2127" class="1005" name="At_21_reload_read_reg_2127">
<pin_list>
<pin id="2128" dir="0" index="0" bw="32" slack="12"/>
<pin id="2129" dir="1" index="1" bw="32" slack="12"/>
</pin_list>
<bind>
<opset="At_21_reload_read "/>
</bind>
</comp>

<comp id="2132" class="1005" name="At_20_reload_read_reg_2132">
<pin_list>
<pin id="2133" dir="0" index="0" bw="32" slack="12"/>
<pin id="2134" dir="1" index="1" bw="32" slack="12"/>
</pin_list>
<bind>
<opset="At_20_reload_read "/>
</bind>
</comp>

<comp id="2137" class="1005" name="At_19_reload_read_reg_2137">
<pin_list>
<pin id="2138" dir="0" index="0" bw="32" slack="12"/>
<pin id="2139" dir="1" index="1" bw="32" slack="12"/>
</pin_list>
<bind>
<opset="At_19_reload_read "/>
</bind>
</comp>

<comp id="2142" class="1005" name="At_18_reload_read_reg_2142">
<pin_list>
<pin id="2143" dir="0" index="0" bw="32" slack="12"/>
<pin id="2144" dir="1" index="1" bw="32" slack="12"/>
</pin_list>
<bind>
<opset="At_18_reload_read "/>
</bind>
</comp>

<comp id="2147" class="1005" name="At_17_reload_read_reg_2147">
<pin_list>
<pin id="2148" dir="0" index="0" bw="32" slack="8"/>
<pin id="2149" dir="1" index="1" bw="32" slack="8"/>
</pin_list>
<bind>
<opset="At_17_reload_read "/>
</bind>
</comp>

<comp id="2152" class="1005" name="At_16_reload_read_reg_2152">
<pin_list>
<pin id="2153" dir="0" index="0" bw="32" slack="8"/>
<pin id="2154" dir="1" index="1" bw="32" slack="8"/>
</pin_list>
<bind>
<opset="At_16_reload_read "/>
</bind>
</comp>

<comp id="2157" class="1005" name="At_15_reload_read_reg_2157">
<pin_list>
<pin id="2158" dir="0" index="0" bw="32" slack="8"/>
<pin id="2159" dir="1" index="1" bw="32" slack="8"/>
</pin_list>
<bind>
<opset="At_15_reload_read "/>
</bind>
</comp>

<comp id="2162" class="1005" name="At_14_reload_read_reg_2162">
<pin_list>
<pin id="2163" dir="0" index="0" bw="32" slack="8"/>
<pin id="2164" dir="1" index="1" bw="32" slack="8"/>
</pin_list>
<bind>
<opset="At_14_reload_read "/>
</bind>
</comp>

<comp id="2167" class="1005" name="At_13_reload_read_reg_2167">
<pin_list>
<pin id="2168" dir="0" index="0" bw="32" slack="8"/>
<pin id="2169" dir="1" index="1" bw="32" slack="8"/>
</pin_list>
<bind>
<opset="At_13_reload_read "/>
</bind>
</comp>

<comp id="2172" class="1005" name="At_12_reload_read_reg_2172">
<pin_list>
<pin id="2173" dir="0" index="0" bw="32" slack="8"/>
<pin id="2174" dir="1" index="1" bw="32" slack="8"/>
</pin_list>
<bind>
<opset="At_12_reload_read "/>
</bind>
</comp>

<comp id="2177" class="1005" name="At_11_reload_read_reg_2177">
<pin_list>
<pin id="2178" dir="0" index="0" bw="32" slack="4"/>
<pin id="2179" dir="1" index="1" bw="32" slack="4"/>
</pin_list>
<bind>
<opset="At_11_reload_read "/>
</bind>
</comp>

<comp id="2182" class="1005" name="At_10_reload_read_reg_2182">
<pin_list>
<pin id="2183" dir="0" index="0" bw="32" slack="4"/>
<pin id="2184" dir="1" index="1" bw="32" slack="4"/>
</pin_list>
<bind>
<opset="At_10_reload_read "/>
</bind>
</comp>

<comp id="2187" class="1005" name="At_9_reload_read_reg_2187">
<pin_list>
<pin id="2188" dir="0" index="0" bw="32" slack="4"/>
<pin id="2189" dir="1" index="1" bw="32" slack="4"/>
</pin_list>
<bind>
<opset="At_9_reload_read "/>
</bind>
</comp>

<comp id="2192" class="1005" name="At_8_reload_read_reg_2192">
<pin_list>
<pin id="2193" dir="0" index="0" bw="32" slack="4"/>
<pin id="2194" dir="1" index="1" bw="32" slack="4"/>
</pin_list>
<bind>
<opset="At_8_reload_read "/>
</bind>
</comp>

<comp id="2197" class="1005" name="At_7_reload_read_reg_2197">
<pin_list>
<pin id="2198" dir="0" index="0" bw="32" slack="4"/>
<pin id="2199" dir="1" index="1" bw="32" slack="4"/>
</pin_list>
<bind>
<opset="At_7_reload_read "/>
</bind>
</comp>

<comp id="2202" class="1005" name="At_6_reload_read_reg_2202">
<pin_list>
<pin id="2203" dir="0" index="0" bw="32" slack="4"/>
<pin id="2204" dir="1" index="1" bw="32" slack="4"/>
</pin_list>
<bind>
<opset="At_6_reload_read "/>
</bind>
</comp>

<comp id="2207" class="1005" name="mux_case_520153177_reload_read_reg_2207">
<pin_list>
<pin id="2208" dir="0" index="0" bw="32" slack="20"/>
<pin id="2209" dir="1" index="1" bw="32" slack="20"/>
</pin_list>
<bind>
<opset="mux_case_520153177_reload_read "/>
</bind>
</comp>

<comp id="2213" class="1005" name="mux_case_420133172_reload_read_reg_2213">
<pin_list>
<pin id="2214" dir="0" index="0" bw="32" slack="20"/>
<pin id="2215" dir="1" index="1" bw="32" slack="20"/>
</pin_list>
<bind>
<opset="mux_case_420133172_reload_read "/>
</bind>
</comp>

<comp id="2219" class="1005" name="mux_case_320113167_reload_read_reg_2219">
<pin_list>
<pin id="2220" dir="0" index="0" bw="32" slack="20"/>
<pin id="2221" dir="1" index="1" bw="32" slack="20"/>
</pin_list>
<bind>
<opset="mux_case_320113167_reload_read "/>
</bind>
</comp>

<comp id="2225" class="1005" name="mux_case_220093162_reload_read_reg_2225">
<pin_list>
<pin id="2226" dir="0" index="0" bw="32" slack="20"/>
<pin id="2227" dir="1" index="1" bw="32" slack="20"/>
</pin_list>
<bind>
<opset="mux_case_220093162_reload_read "/>
</bind>
</comp>

<comp id="2231" class="1005" name="mux_case_120073157_reload_read_reg_2231">
<pin_list>
<pin id="2232" dir="0" index="0" bw="32" slack="20"/>
<pin id="2233" dir="1" index="1" bw="32" slack="20"/>
</pin_list>
<bind>
<opset="mux_case_120073157_reload_read "/>
</bind>
</comp>

<comp id="2237" class="1005" name="mux_case_020053151_reload_read_reg_2237">
<pin_list>
<pin id="2238" dir="0" index="0" bw="32" slack="20"/>
<pin id="2239" dir="1" index="1" bw="32" slack="20"/>
</pin_list>
<bind>
<opset="mux_case_020053151_reload_read "/>
</bind>
</comp>

<comp id="2243" class="1005" name="mux_case_520033147_reload_read_reg_2243">
<pin_list>
<pin id="2244" dir="0" index="0" bw="32" slack="16"/>
<pin id="2245" dir="1" index="1" bw="32" slack="16"/>
</pin_list>
<bind>
<opset="mux_case_520033147_reload_read "/>
</bind>
</comp>

<comp id="2249" class="1005" name="mux_case_420013142_reload_read_reg_2249">
<pin_list>
<pin id="2250" dir="0" index="0" bw="32" slack="16"/>
<pin id="2251" dir="1" index="1" bw="32" slack="16"/>
</pin_list>
<bind>
<opset="mux_case_420013142_reload_read "/>
</bind>
</comp>

<comp id="2255" class="1005" name="mux_case_319993137_reload_read_reg_2255">
<pin_list>
<pin id="2256" dir="0" index="0" bw="32" slack="16"/>
<pin id="2257" dir="1" index="1" bw="32" slack="16"/>
</pin_list>
<bind>
<opset="mux_case_319993137_reload_read "/>
</bind>
</comp>

<comp id="2261" class="1005" name="mux_case_219973132_reload_read_reg_2261">
<pin_list>
<pin id="2262" dir="0" index="0" bw="32" slack="16"/>
<pin id="2263" dir="1" index="1" bw="32" slack="16"/>
</pin_list>
<bind>
<opset="mux_case_219973132_reload_read "/>
</bind>
</comp>

<comp id="2267" class="1005" name="mux_case_119953127_reload_read_reg_2267">
<pin_list>
<pin id="2268" dir="0" index="0" bw="32" slack="16"/>
<pin id="2269" dir="1" index="1" bw="32" slack="16"/>
</pin_list>
<bind>
<opset="mux_case_119953127_reload_read "/>
</bind>
</comp>

<comp id="2273" class="1005" name="mux_case_019933121_reload_read_reg_2273">
<pin_list>
<pin id="2274" dir="0" index="0" bw="32" slack="16"/>
<pin id="2275" dir="1" index="1" bw="32" slack="16"/>
</pin_list>
<bind>
<opset="mux_case_019933121_reload_read "/>
</bind>
</comp>

<comp id="2279" class="1005" name="mux_case_519913117_reload_read_reg_2279">
<pin_list>
<pin id="2280" dir="0" index="0" bw="32" slack="12"/>
<pin id="2281" dir="1" index="1" bw="32" slack="12"/>
</pin_list>
<bind>
<opset="mux_case_519913117_reload_read "/>
</bind>
</comp>

<comp id="2285" class="1005" name="mux_case_419893112_reload_read_reg_2285">
<pin_list>
<pin id="2286" dir="0" index="0" bw="32" slack="12"/>
<pin id="2287" dir="1" index="1" bw="32" slack="12"/>
</pin_list>
<bind>
<opset="mux_case_419893112_reload_read "/>
</bind>
</comp>

<comp id="2291" class="1005" name="mux_case_319873107_reload_read_reg_2291">
<pin_list>
<pin id="2292" dir="0" index="0" bw="32" slack="12"/>
<pin id="2293" dir="1" index="1" bw="32" slack="12"/>
</pin_list>
<bind>
<opset="mux_case_319873107_reload_read "/>
</bind>
</comp>

<comp id="2297" class="1005" name="mux_case_219853102_reload_read_reg_2297">
<pin_list>
<pin id="2298" dir="0" index="0" bw="32" slack="12"/>
<pin id="2299" dir="1" index="1" bw="32" slack="12"/>
</pin_list>
<bind>
<opset="mux_case_219853102_reload_read "/>
</bind>
</comp>

<comp id="2303" class="1005" name="mux_case_119833097_reload_read_reg_2303">
<pin_list>
<pin id="2304" dir="0" index="0" bw="32" slack="12"/>
<pin id="2305" dir="1" index="1" bw="32" slack="12"/>
</pin_list>
<bind>
<opset="mux_case_119833097_reload_read "/>
</bind>
</comp>

<comp id="2309" class="1005" name="mux_case_019813091_reload_read_reg_2309">
<pin_list>
<pin id="2310" dir="0" index="0" bw="32" slack="12"/>
<pin id="2311" dir="1" index="1" bw="32" slack="12"/>
</pin_list>
<bind>
<opset="mux_case_019813091_reload_read "/>
</bind>
</comp>

<comp id="2315" class="1005" name="mux_case_519793087_reload_read_reg_2315">
<pin_list>
<pin id="2316" dir="0" index="0" bw="32" slack="8"/>
<pin id="2317" dir="1" index="1" bw="32" slack="8"/>
</pin_list>
<bind>
<opset="mux_case_519793087_reload_read "/>
</bind>
</comp>

<comp id="2321" class="1005" name="mux_case_419773082_reload_read_reg_2321">
<pin_list>
<pin id="2322" dir="0" index="0" bw="32" slack="8"/>
<pin id="2323" dir="1" index="1" bw="32" slack="8"/>
</pin_list>
<bind>
<opset="mux_case_419773082_reload_read "/>
</bind>
</comp>

<comp id="2327" class="1005" name="mux_case_319753077_reload_read_reg_2327">
<pin_list>
<pin id="2328" dir="0" index="0" bw="32" slack="8"/>
<pin id="2329" dir="1" index="1" bw="32" slack="8"/>
</pin_list>
<bind>
<opset="mux_case_319753077_reload_read "/>
</bind>
</comp>

<comp id="2333" class="1005" name="mux_case_219733072_reload_read_reg_2333">
<pin_list>
<pin id="2334" dir="0" index="0" bw="32" slack="8"/>
<pin id="2335" dir="1" index="1" bw="32" slack="8"/>
</pin_list>
<bind>
<opset="mux_case_219733072_reload_read "/>
</bind>
</comp>

<comp id="2339" class="1005" name="mux_case_119713067_reload_read_reg_2339">
<pin_list>
<pin id="2340" dir="0" index="0" bw="32" slack="8"/>
<pin id="2341" dir="1" index="1" bw="32" slack="8"/>
</pin_list>
<bind>
<opset="mux_case_119713067_reload_read "/>
</bind>
</comp>

<comp id="2345" class="1005" name="mux_case_019693061_reload_read_reg_2345">
<pin_list>
<pin id="2346" dir="0" index="0" bw="32" slack="8"/>
<pin id="2347" dir="1" index="1" bw="32" slack="8"/>
</pin_list>
<bind>
<opset="mux_case_019693061_reload_read "/>
</bind>
</comp>

<comp id="2351" class="1005" name="mux_case_519673057_reload_read_reg_2351">
<pin_list>
<pin id="2352" dir="0" index="0" bw="32" slack="4"/>
<pin id="2353" dir="1" index="1" bw="32" slack="4"/>
</pin_list>
<bind>
<opset="mux_case_519673057_reload_read "/>
</bind>
</comp>

<comp id="2357" class="1005" name="mux_case_419653052_reload_read_reg_2357">
<pin_list>
<pin id="2358" dir="0" index="0" bw="32" slack="4"/>
<pin id="2359" dir="1" index="1" bw="32" slack="4"/>
</pin_list>
<bind>
<opset="mux_case_419653052_reload_read "/>
</bind>
</comp>

<comp id="2363" class="1005" name="mux_case_319633047_reload_read_reg_2363">
<pin_list>
<pin id="2364" dir="0" index="0" bw="32" slack="4"/>
<pin id="2365" dir="1" index="1" bw="32" slack="4"/>
</pin_list>
<bind>
<opset="mux_case_319633047_reload_read "/>
</bind>
</comp>

<comp id="2369" class="1005" name="mux_case_219613042_reload_read_reg_2369">
<pin_list>
<pin id="2370" dir="0" index="0" bw="32" slack="4"/>
<pin id="2371" dir="1" index="1" bw="32" slack="4"/>
</pin_list>
<bind>
<opset="mux_case_219613042_reload_read "/>
</bind>
</comp>

<comp id="2375" class="1005" name="mux_case_119593037_reload_read_reg_2375">
<pin_list>
<pin id="2376" dir="0" index="0" bw="32" slack="4"/>
<pin id="2377" dir="1" index="1" bw="32" slack="4"/>
</pin_list>
<bind>
<opset="mux_case_119593037_reload_read "/>
</bind>
</comp>

<comp id="2381" class="1005" name="mux_case_019573031_reload_read_reg_2381">
<pin_list>
<pin id="2382" dir="0" index="0" bw="32" slack="4"/>
<pin id="2383" dir="1" index="1" bw="32" slack="4"/>
</pin_list>
<bind>
<opset="mux_case_019573031_reload_read "/>
</bind>
</comp>

<comp id="2387" class="1005" name="icmp_ln17_reg_2387">
<pin_list>
<pin id="2388" dir="0" index="0" bw="1" slack="26"/>
<pin id="2389" dir="1" index="1" bw="1" slack="2147483647"/>
</pin_list>
<bind>
<opset="icmp_ln17 "/>
</bind>
</comp>

<comp id="2391" class="1005" name="i_load_reg_2391">
<pin_list>
<pin id="2392" dir="0" index="0" bw="3" slack="4"/>
<pin id="2393" dir="1" index="1" bw="3" slack="4"/>
</pin_list>
<bind>
<opset="i_load "/>
</bind>
</comp>

<comp id="2400" class="1005" name="icmp_ln18_reg_2400">
<pin_list>
<pin id="2401" dir="0" index="0" bw="1" slack="4"/>
<pin id="2402" dir="1" index="1" bw="1" slack="4"/>
</pin_list>
<bind>
<opset="icmp_ln18 "/>
</bind>
</comp>

<comp id="2409" class="1005" name="select_ln17_reg_2409">
<pin_list>
<pin id="2410" dir="0" index="0" bw="3" slack="4"/>
<pin id="2411" dir="1" index="1" bw="3" slack="4"/>
</pin_list>
<bind>
<opset="select_ln17 "/>
</bind>
</comp>

<comp id="2418" class="1005" name="add_ln17_1_reg_2418">
<pin_list>
<pin id="2419" dir="0" index="0" bw="3" slack="4"/>
<pin id="2420" dir="1" index="1" bw="3" slack="4"/>
</pin_list>
<bind>
<opset="add_ln17_1 "/>
</bind>
</comp>

<comp id="2427" class="1005" name="select_ln17_1_reg_2427">
<pin_list>
<pin id="2428" dir="0" index="0" bw="32" slack="1"/>
<pin id="2429" dir="1" index="1" bw="32" slack="1"/>
</pin_list>
<bind>
<opset="select_ln17_1 "/>
</bind>
</comp>

<comp id="2432" class="1005" name="select_ln17_7_reg_2432">
<pin_list>
<pin id="2433" dir="0" index="0" bw="3" slack="27"/>
<pin id="2434" dir="1" index="1" bw="3" slack="2147483647"/>
</pin_list>
<bind>
<opset="select_ln17_7 "/>
</bind>
</comp>

<comp id="2436" class="1005" name="tmp_25_reg_2436">
<pin_list>
<pin id="2437" dir="0" index="0" bw="32" slack="1"/>
<pin id="2438" dir="1" index="1" bw="32" slack="1"/>
</pin_list>
<bind>
<opset="tmp_25 "/>
</bind>
</comp>

<comp id="2441" class="1005" name="mul_i30_i_reg_2441">
<pin_list>
<pin id="2442" dir="0" index="0" bw="32" slack="1"/>
<pin id="2443" dir="1" index="1" bw="32" slack="1"/>
</pin_list>
<bind>
<opset="mul_i30_i "/>
</bind>
</comp>

<comp id="2446" class="1005" name="select_ln17_2_reg_2446">
<pin_list>
<pin id="2447" dir="0" index="0" bw="32" slack="1"/>
<pin id="2448" dir="1" index="1" bw="32" slack="1"/>
</pin_list>
<bind>
<opset="select_ln17_2 "/>
</bind>
</comp>

<comp id="2451" class="1005" name="tmp_26_reg_2451">
<pin_list>
<pin id="2452" dir="0" index="0" bw="32" slack="1"/>
<pin id="2453" dir="1" index="1" bw="32" slack="1"/>
</pin_list>
<bind>
<opset="tmp_26 "/>
</bind>
</comp>

<comp id="2456" class="1005" name="acc_48_reg_2456">
<pin_list>
<pin id="2457" dir="0" index="0" bw="32" slack="1"/>
<pin id="2458" dir="1" index="1" bw="32" slack="1"/>
</pin_list>
<bind>
<opset="acc_48 "/>
</bind>
</comp>

<comp id="2461" class="1005" name="mul_i30_i_1_reg_2461">
<pin_list>
<pin id="2462" dir="0" index="0" bw="32" slack="1"/>
<pin id="2463" dir="1" index="1" bw="32" slack="1"/>
</pin_list>
<bind>
<opset="mul_i30_i_1 "/>
</bind>
</comp>

<comp id="2466" class="1005" name="select_ln17_3_reg_2466">
<pin_list>
<pin id="2467" dir="0" index="0" bw="32" slack="1"/>
<pin id="2468" dir="1" index="1" bw="32" slack="1"/>
</pin_list>
<bind>
<opset="select_ln17_3 "/>
</bind>
</comp>

<comp id="2471" class="1005" name="tmp_27_reg_2471">
<pin_list>
<pin id="2472" dir="0" index="0" bw="32" slack="1"/>
<pin id="2473" dir="1" index="1" bw="32" slack="1"/>
</pin_list>
<bind>
<opset="tmp_27 "/>
</bind>
</comp>

<comp id="2476" class="1005" name="acc_49_reg_2476">
<pin_list>
<pin id="2477" dir="0" index="0" bw="32" slack="1"/>
<pin id="2478" dir="1" index="1" bw="32" slack="1"/>
</pin_list>
<bind>
<opset="acc_49 "/>
</bind>
</comp>

<comp id="2481" class="1005" name="mul_i30_i_2_reg_2481">
<pin_list>
<pin id="2482" dir="0" index="0" bw="32" slack="1"/>
<pin id="2483" dir="1" index="1" bw="32" slack="1"/>
</pin_list>
<bind>
<opset="mul_i30_i_2 "/>
</bind>
</comp>

<comp id="2486" class="1005" name="select_ln17_4_reg_2486">
<pin_list>
<pin id="2487" dir="0" index="0" bw="32" slack="1"/>
<pin id="2488" dir="1" index="1" bw="32" slack="1"/>
</pin_list>
<bind>
<opset="select_ln17_4 "/>
</bind>
</comp>

<comp id="2491" class="1005" name="tmp_28_reg_2491">
<pin_list>
<pin id="2492" dir="0" index="0" bw="32" slack="1"/>
<pin id="2493" dir="1" index="1" bw="32" slack="1"/>
</pin_list>
<bind>
<opset="tmp_28 "/>
</bind>
</comp>

<comp id="2496" class="1005" name="acc_50_reg_2496">
<pin_list>
<pin id="2497" dir="0" index="0" bw="32" slack="1"/>
<pin id="2498" dir="1" index="1" bw="32" slack="1"/>
</pin_list>
<bind>
<opset="acc_50 "/>
</bind>
</comp>

<comp id="2501" class="1005" name="mul_i30_i_3_reg_2501">
<pin_list>
<pin id="2502" dir="0" index="0" bw="32" slack="1"/>
<pin id="2503" dir="1" index="1" bw="32" slack="1"/>
</pin_list>
<bind>
<opset="mul_i30_i_3 "/>
</bind>
</comp>

<comp id="2506" class="1005" name="select_ln17_5_reg_2506">
<pin_list>
<pin id="2507" dir="0" index="0" bw="32" slack="1"/>
<pin id="2508" dir="1" index="1" bw="32" slack="1"/>
</pin_list>
<bind>
<opset="select_ln17_5 "/>
</bind>
</comp>

<comp id="2511" class="1005" name="tmp_29_reg_2511">
<pin_list>
<pin id="2512" dir="0" index="0" bw="32" slack="1"/>
<pin id="2513" dir="1" index="1" bw="32" slack="1"/>
</pin_list>
<bind>
<opset="tmp_29 "/>
</bind>
</comp>

<comp id="2516" class="1005" name="acc_51_reg_2516">
<pin_list>
<pin id="2517" dir="0" index="0" bw="32" slack="1"/>
<pin id="2518" dir="1" index="1" bw="32" slack="1"/>
</pin_list>
<bind>
<opset="acc_51 "/>
</bind>
</comp>

<comp id="2521" class="1005" name="mul_i30_i_4_reg_2521">
<pin_list>
<pin id="2522" dir="0" index="0" bw="32" slack="1"/>
<pin id="2523" dir="1" index="1" bw="32" slack="1"/>
</pin_list>
<bind>
<opset="mul_i30_i_4 "/>
</bind>
</comp>

<comp id="2526" class="1005" name="select_ln17_6_reg_2526">
<pin_list>
<pin id="2527" dir="0" index="0" bw="32" slack="1"/>
<pin id="2528" dir="1" index="1" bw="32" slack="1"/>
</pin_list>
<bind>
<opset="select_ln17_6 "/>
</bind>
</comp>

<comp id="2531" class="1005" name="tmp_30_reg_2531">
<pin_list>
<pin id="2532" dir="0" index="0" bw="32" slack="1"/>
<pin id="2533" dir="1" index="1" bw="32" slack="1"/>
</pin_list>
<bind>
<opset="tmp_30 "/>
</bind>
</comp>

<comp id="2536" class="1005" name="acc_52_reg_2536">
<pin_list>
<pin id="2537" dir="0" index="0" bw="32" slack="1"/>
<pin id="2538" dir="1" index="1" bw="32" slack="1"/>
</pin_list>
<bind>
<opset="acc_52 "/>
</bind>
</comp>

<comp id="2541" class="1005" name="mul_i30_i_5_reg_2541">
<pin_list>
<pin id="2542" dir="0" index="0" bw="32" slack="1"/>
<pin id="2543" dir="1" index="1" bw="32" slack="1"/>
</pin_list>
<bind>
<opset="mul_i30_i_5 "/>
</bind>
</comp>

</comp_list>

<net_list>
<net id="263"><net_src comp="216" pin="0"/><net_sink comp="260" pin=0"/></net>

<net id="267"><net_src comp="216" pin="0"/><net_sink comp="264" pin=0"/></net>

<net id="271"><net_src comp="216" pin="0"/><net_sink comp="268" pin=0"/></net>

<net id="275"><net_src comp="216" pin="0"/><net_sink comp="272" pin=0"/></net>

<net id="279"><net_src comp="216" pin="0"/><net_sink comp="276" pin=0"/></net>

<net id="283"><net_src comp="216" pin="0"/><net_sink comp="280" pin=0"/></net>

<net id="287"><net_src comp="216" pin="0"/><net_sink comp="284" pin=0"/></net>

<net id="291"><net_src comp="216" pin="0"/><net_sink comp="288" pin=0"/></net>

<net id="295"><net_src comp="216" pin="0"/><net_sink comp="292" pin=0"/></net>

<net id="299"><net_src comp="216" pin="0"/><net_sink comp="296" pin=0"/></net>

<net id="303"><net_src comp="216" pin="0"/><net_sink comp="300" pin=0"/></net>

<net id="307"><net_src comp="216" pin="0"/><net_sink comp="304" pin=0"/></net>

<net id="311"><net_src comp="216" pin="0"/><net_sink comp="308" pin=0"/></net>

<net id="315"><net_src comp="216" pin="0"/><net_sink comp="312" pin=0"/></net>

<net id="319"><net_src comp="216" pin="0"/><net_sink comp="316" pin=0"/></net>

<net id="323"><net_src comp="216" pin="0"/><net_sink comp="320" pin=0"/></net>

<net id="327"><net_src comp="216" pin="0"/><net_sink comp="324" pin=0"/></net>

<net id="331"><net_src comp="216" pin="0"/><net_sink comp="328" pin=0"/></net>

<net id="335"><net_src comp="216" pin="0"/><net_sink comp="332" pin=0"/></net>

<net id="339"><net_src comp="216" pin="0"/><net_sink comp="336" pin=0"/></net>

<net id="343"><net_src comp="216" pin="0"/><net_sink comp="340" pin=0"/></net>

<net id="347"><net_src comp="216" pin="0"/><net_sink comp="344" pin=0"/></net>

<net id="351"><net_src comp="216" pin="0"/><net_sink comp="348" pin=0"/></net>

<net id="355"><net_src comp="216" pin="0"/><net_sink comp="352" pin=0"/></net>

<net id="359"><net_src comp="216" pin="0"/><net_sink comp="356" pin=0"/></net>

<net id="363"><net_src comp="216" pin="0"/><net_sink comp="360" pin=0"/></net>

<net id="367"><net_src comp="216" pin="0"/><net_sink comp="364" pin=0"/></net>

<net id="371"><net_src comp="216" pin="0"/><net_sink comp="368" pin=0"/></net>

<net id="375"><net_src comp="216" pin="0"/><net_sink comp="372" pin=0"/></net>

<net id="379"><net_src comp="216" pin="0"/><net_sink comp="376" pin=0"/></net>

<net id="383"><net_src comp="216" pin="0"/><net_sink comp="380" pin=0"/></net>

<net id="387"><net_src comp="216" pin="0"/><net_sink comp="384" pin=0"/></net>

<net id="391"><net_src comp="216" pin="0"/><net_sink comp="388" pin=0"/></net>

<net id="395"><net_src comp="216" pin="0"/><net_sink comp="392" pin=0"/></net>

<net id="399"><net_src comp="216" pin="0"/><net_sink comp="396" pin=0"/></net>

<net id="403"><net_src comp="216" pin="0"/><net_sink comp="400" pin=0"/></net>

<net id="407"><net_src comp="216" pin="0"/><net_sink comp="404" pin=0"/></net>

<net id="411"><net_src comp="216" pin="0"/><net_sink comp="408" pin=0"/></net>

<net id="415"><net_src comp="216" pin="0"/><net_sink comp="412" pin=0"/></net>

<net id="420"><net_src comp="218" pin="0"/><net_sink comp="416" pin=0"/></net>

<net id="421"><net_src comp="142" pin="0"/><net_sink comp="416" pin=1"/></net>

<net id="426"><net_src comp="218" pin="0"/><net_sink comp="422" pin=0"/></net>

<net id="427"><net_src comp="140" pin="0"/><net_sink comp="422" pin=1"/></net>

<net id="432"><net_src comp="218" pin="0"/><net_sink comp="428" pin=0"/></net>

<net id="433"><net_src comp="138" pin="0"/><net_sink comp="428" pin=1"/></net>

<net id="438"><net_src comp="218" pin="0"/><net_sink comp="434" pin=0"/></net>

<net id="439"><net_src comp="136" pin="0"/><net_sink comp="434" pin=1"/></net>

<net id="444"><net_src comp="218" pin="0"/><net_sink comp="440" pin=0"/></net>

<net id="445"><net_src comp="134" pin="0"/><net_sink comp="440" pin=1"/></net>

<net id="450"><net_src comp="218" pin="0"/><net_sink comp="446" pin=0"/></net>

<net id="451"><net_src comp="132" pin="0"/><net_sink comp="446" pin=1"/></net>

<net id="456"><net_src comp="218" pin="0"/><net_sink comp="452" pin=0"/></net>

<net id="457"><net_src comp="130" pin="0"/><net_sink comp="452" pin=1"/></net>

<net id="462"><net_src comp="218" pin="0"/><net_sink comp="458" pin=0"/></net>

<net id="463"><net_src comp="128" pin="0"/><net_sink comp="458" pin=1"/></net>

<net id="468"><net_src comp="218" pin="0"/><net_sink comp="464" pin=0"/></net>

<net id="469"><net_src comp="126" pin="0"/><net_sink comp="464" pin=1"/></net>

<net id="474"><net_src comp="218" pin="0"/><net_sink comp="470" pin=0"/></net>

<net id="475"><net_src comp="124" pin="0"/><net_sink comp="470" pin=1"/></net>

<net id="480"><net_src comp="218" pin="0"/><net_sink comp="476" pin=0"/></net>

<net id="481"><net_src comp="122" pin="0"/><net_sink comp="476" pin=1"/></net>

<net id="486"><net_src comp="218" pin="0"/><net_sink comp="482" pin=0"/></net>

<net id="487"><net_src comp="120" pin="0"/><net_sink comp="482" pin=1"/></net>

<net id="492"><net_src comp="218" pin="0"/><net_sink comp="488" pin=0"/></net>

<net id="493"><net_src comp="118" pin="0"/><net_sink comp="488" pin=1"/></net>

<net id="498"><net_src comp="218" pin="0"/><net_sink comp="494" pin=0"/></net>

<net id="499"><net_src comp="116" pin="0"/><net_sink comp="494" pin=1"/></net>

<net id="504"><net_src comp="218" pin="0"/><net_sink comp="500" pin=0"/></net>

<net id="505"><net_src comp="114" pin="0"/><net_sink comp="500" pin=1"/></net>

<net id="510"><net_src comp="218" pin="0"/><net_sink comp="506" pin=0"/></net>

<net id="511"><net_src comp="112" pin="0"/><net_sink comp="506" pin=1"/></net>

<net id="516"><net_src comp="218" pin="0"/><net_sink comp="512" pin=0"/></net>

<net id="517"><net_src comp="110" pin="0"/><net_sink comp="512" pin=1"/></net>

<net id="522"><net_src comp="218" pin="0"/><net_sink comp="518" pin=0"/></net>

<net id="523"><net_src comp="108" pin="0"/><net_sink comp="518" pin=1"/></net>

<net id="528"><net_src comp="218" pin="0"/><net_sink comp="524" pin=0"/></net>

<net id="529"><net_src comp="106" pin="0"/><net_sink comp="524" pin=1"/></net>

<net id="534"><net_src comp="218" pin="0"/><net_sink comp="530" pin=0"/></net>

<net id="535"><net_src comp="104" pin="0"/><net_sink comp="530" pin=1"/></net>

<net id="540"><net_src comp="218" pin="0"/><net_sink comp="536" pin=0"/></net>

<net id="541"><net_src comp="102" pin="0"/><net_sink comp="536" pin=1"/></net>

<net id="546"><net_src comp="218" pin="0"/><net_sink comp="542" pin=0"/></net>

<net id="547"><net_src comp="100" pin="0"/><net_sink comp="542" pin=1"/></net>

<net id="552"><net_src comp="218" pin="0"/><net_sink comp="548" pin=0"/></net>

<net id="553"><net_src comp="98" pin="0"/><net_sink comp="548" pin=1"/></net>

<net id="558"><net_src comp="218" pin="0"/><net_sink comp="554" pin=0"/></net>

<net id="559"><net_src comp="96" pin="0"/><net_sink comp="554" pin=1"/></net>

<net id="564"><net_src comp="218" pin="0"/><net_sink comp="560" pin=0"/></net>

<net id="565"><net_src comp="94" pin="0"/><net_sink comp="560" pin=1"/></net>

<net id="570"><net_src comp="218" pin="0"/><net_sink comp="566" pin=0"/></net>

<net id="571"><net_src comp="92" pin="0"/><net_sink comp="566" pin=1"/></net>

<net id="576"><net_src comp="218" pin="0"/><net_sink comp="572" pin=0"/></net>

<net id="577"><net_src comp="90" pin="0"/><net_sink comp="572" pin=1"/></net>

<net id="582"><net_src comp="218" pin="0"/><net_sink comp="578" pin=0"/></net>

<net id="583"><net_src comp="88" pin="0"/><net_sink comp="578" pin=1"/></net>

<net id="588"><net_src comp="218" pin="0"/><net_sink comp="584" pin=0"/></net>

<net id="589"><net_src comp="86" pin="0"/><net_sink comp="584" pin=1"/></net>

<net id="594"><net_src comp="218" pin="0"/><net_sink comp="590" pin=0"/></net>

<net id="595"><net_src comp="84" pin="0"/><net_sink comp="590" pin=1"/></net>

<net id="600"><net_src comp="218" pin="0"/><net_sink comp="596" pin=0"/></net>

<net id="601"><net_src comp="82" pin="0"/><net_sink comp="596" pin=1"/></net>

<net id="606"><net_src comp="218" pin="0"/><net_sink comp="602" pin=0"/></net>

<net id="607"><net_src comp="80" pin="0"/><net_sink comp="602" pin=1"/></net>

<net id="612"><net_src comp="218" pin="0"/><net_sink comp="608" pin=0"/></net>

<net id="613"><net_src comp="78" pin="0"/><net_sink comp="608" pin=1"/></net>

<net id="618"><net_src comp="218" pin="0"/><net_sink comp="614" pin=0"/></net>

<net id="619"><net_src comp="76" pin="0"/><net_sink comp="614" pin=1"/></net>

<net id="624"><net_src comp="218" pin="0"/><net_sink comp="620" pin=0"/></net>

<net id="625"><net_src comp="74" pin="0"/><net_sink comp="620" pin=1"/></net>

<net id="630"><net_src comp="218" pin="0"/><net_sink comp="626" pin=0"/></net>

<net id="631"><net_src comp="72" pin="0"/><net_sink comp="626" pin=1"/></net>

<net id="636"><net_src comp="218" pin="0"/><net_sink comp="632" pin=0"/></net>

<net id="637"><net_src comp="70" pin="0"/><net_sink comp="632" pin=1"/></net>

<net id="642"><net_src comp="218" pin="0"/><net_sink comp="638" pin=0"/></net>

<net id="643"><net_src comp="68" pin="0"/><net_sink comp="638" pin=1"/></net>

<net id="648"><net_src comp="218" pin="0"/><net_sink comp="644" pin=0"/></net>

<net id="649"><net_src comp="66" pin="0"/><net_sink comp="644" pin=1"/></net>

<net id="654"><net_src comp="218" pin="0"/><net_sink comp="650" pin=0"/></net>

<net id="655"><net_src comp="64" pin="0"/><net_sink comp="650" pin=1"/></net>

<net id="660"><net_src comp="218" pin="0"/><net_sink comp="656" pin=0"/></net>

<net id="661"><net_src comp="62" pin="0"/><net_sink comp="656" pin=1"/></net>

<net id="666"><net_src comp="218" pin="0"/><net_sink comp="662" pin=0"/></net>

<net id="667"><net_src comp="60" pin="0"/><net_sink comp="662" pin=1"/></net>

<net id="672"><net_src comp="218" pin="0"/><net_sink comp="668" pin=0"/></net>

<net id="673"><net_src comp="58" pin="0"/><net_sink comp="668" pin=1"/></net>

<net id="678"><net_src comp="218" pin="0"/><net_sink comp="674" pin=0"/></net>

<net id="679"><net_src comp="56" pin="0"/><net_sink comp="674" pin=1"/></net>

<net id="684"><net_src comp="218" pin="0"/><net_sink comp="680" pin=0"/></net>

<net id="685"><net_src comp="54" pin="0"/><net_sink comp="680" pin=1"/></net>

<net id="690"><net_src comp="218" pin="0"/><net_sink comp="686" pin=0"/></net>

<net id="691"><net_src comp="52" pin="0"/><net_sink comp="686" pin=1"/></net>

<net id="696"><net_src comp="218" pin="0"/><net_sink comp="692" pin=0"/></net>

<net id="697"><net_src comp="50" pin="0"/><net_sink comp="692" pin=1"/></net>

<net id="702"><net_src comp="218" pin="0"/><net_sink comp="698" pin=0"/></net>

<net id="703"><net_src comp="48" pin="0"/><net_sink comp="698" pin=1"/></net>

<net id="708"><net_src comp="218" pin="0"/><net_sink comp="704" pin=0"/></net>

<net id="709"><net_src comp="46" pin="0"/><net_sink comp="704" pin=1"/></net>

<net id="714"><net_src comp="218" pin="0"/><net_sink comp="710" pin=0"/></net>

<net id="715"><net_src comp="44" pin="0"/><net_sink comp="710" pin=1"/></net>

<net id="720"><net_src comp="218" pin="0"/><net_sink comp="716" pin=0"/></net>

<net id="721"><net_src comp="42" pin="0"/><net_sink comp="716" pin=1"/></net>

<net id="726"><net_src comp="218" pin="0"/><net_sink comp="722" pin=0"/></net>

<net id="727"><net_src comp="40" pin="0"/><net_sink comp="722" pin=1"/></net>

<net id="732"><net_src comp="218" pin="0"/><net_sink comp="728" pin=0"/></net>

<net id="733"><net_src comp="38" pin="0"/><net_sink comp="728" pin=1"/></net>

<net id="738"><net_src comp="218" pin="0"/><net_sink comp="734" pin=0"/></net>

<net id="739"><net_src comp="36" pin="0"/><net_sink comp="734" pin=1"/></net>

<net id="744"><net_src comp="218" pin="0"/><net_sink comp="740" pin=0"/></net>

<net id="745"><net_src comp="34" pin="0"/><net_sink comp="740" pin=1"/></net>

<net id="750"><net_src comp="218" pin="0"/><net_sink comp="746" pin=0"/></net>

<net id="751"><net_src comp="32" pin="0"/><net_sink comp="746" pin=1"/></net>

<net id="756"><net_src comp="218" pin="0"/><net_sink comp="752" pin=0"/></net>

<net id="757"><net_src comp="30" pin="0"/><net_sink comp="752" pin=1"/></net>

<net id="762"><net_src comp="218" pin="0"/><net_sink comp="758" pin=0"/></net>

<net id="763"><net_src comp="28" pin="0"/><net_sink comp="758" pin=1"/></net>

<net id="768"><net_src comp="218" pin="0"/><net_sink comp="764" pin=0"/></net>

<net id="769"><net_src comp="26" pin="0"/><net_sink comp="764" pin=1"/></net>

<net id="774"><net_src comp="218" pin="0"/><net_sink comp="770" pin=0"/></net>

<net id="775"><net_src comp="24" pin="0"/><net_sink comp="770" pin=1"/></net>

<net id="780"><net_src comp="218" pin="0"/><net_sink comp="776" pin=0"/></net>

<net id="781"><net_src comp="22" pin="0"/><net_sink comp="776" pin=1"/></net>

<net id="786"><net_src comp="218" pin="0"/><net_sink comp="782" pin=0"/></net>

<net id="787"><net_src comp="20" pin="0"/><net_sink comp="782" pin=1"/></net>

<net id="792"><net_src comp="218" pin="0"/><net_sink comp="788" pin=0"/></net>

<net id="793"><net_src comp="18" pin="0"/><net_sink comp="788" pin=1"/></net>

<net id="798"><net_src comp="218" pin="0"/><net_sink comp="794" pin=0"/></net>

<net id="799"><net_src comp="16" pin="0"/><net_sink comp="794" pin=1"/></net>

<net id="804"><net_src comp="218" pin="0"/><net_sink comp="800" pin=0"/></net>

<net id="805"><net_src comp="14" pin="0"/><net_sink comp="800" pin=1"/></net>

<net id="810"><net_src comp="218" pin="0"/><net_sink comp="806" pin=0"/></net>

<net id="811"><net_src comp="12" pin="0"/><net_sink comp="806" pin=1"/></net>

<net id="816"><net_src comp="218" pin="0"/><net_sink comp="812" pin=0"/></net>

<net id="817"><net_src comp="10" pin="0"/><net_sink comp="812" pin=1"/></net>

<net id="822"><net_src comp="218" pin="0"/><net_sink comp="818" pin=0"/></net>

<net id="823"><net_src comp="8" pin="0"/><net_sink comp="818" pin=1"/></net>

<net id="828"><net_src comp="218" pin="0"/><net_sink comp="824" pin=0"/></net>

<net id="829"><net_src comp="6" pin="0"/><net_sink comp="824" pin=1"/></net>

<net id="834"><net_src comp="218" pin="0"/><net_sink comp="830" pin=0"/></net>

<net id="835"><net_src comp="4" pin="0"/><net_sink comp="830" pin=1"/></net>

<net id="840"><net_src comp="218" pin="0"/><net_sink comp="836" pin=0"/></net>

<net id="841"><net_src comp="2" pin="0"/><net_sink comp="836" pin=1"/></net>

<net id="846"><net_src comp="218" pin="0"/><net_sink comp="842" pin=0"/></net>

<net id="847"><net_src comp="0" pin="0"/><net_sink comp="842" pin=1"/></net>

<net id="853"><net_src comp="258" pin="0"/><net_sink comp="848" pin=0"/></net>

<net id="854"><net_src comp="144" pin="0"/><net_sink comp="848" pin=1"/></net>

<net id="860"><net_src comp="258" pin="0"/><net_sink comp="855" pin=0"/></net>

<net id="861"><net_src comp="146" pin="0"/><net_sink comp="855" pin=1"/></net>

<net id="867"><net_src comp="258" pin="0"/><net_sink comp="862" pin=0"/></net>

<net id="868"><net_src comp="148" pin="0"/><net_sink comp="862" pin=1"/></net>

<net id="874"><net_src comp="258" pin="0"/><net_sink comp="869" pin=0"/></net>

<net id="875"><net_src comp="150" pin="0"/><net_sink comp="869" pin=1"/></net>

<net id="881"><net_src comp="258" pin="0"/><net_sink comp="876" pin=0"/></net>

<net id="882"><net_src comp="152" pin="0"/><net_sink comp="876" pin=1"/></net>

<net id="888"><net_src comp="258" pin="0"/><net_sink comp="883" pin=0"/></net>

<net id="889"><net_src comp="154" pin="0"/><net_sink comp="883" pin=1"/></net>

<net id="895"><net_src comp="258" pin="0"/><net_sink comp="890" pin=0"/></net>

<net id="896"><net_src comp="156" pin="0"/><net_sink comp="890" pin=1"/></net>

<net id="902"><net_src comp="258" pin="0"/><net_sink comp="897" pin=0"/></net>

<net id="903"><net_src comp="158" pin="0"/><net_sink comp="897" pin=1"/></net>

<net id="909"><net_src comp="258" pin="0"/><net_sink comp="904" pin=0"/></net>

<net id="910"><net_src comp="160" pin="0"/><net_sink comp="904" pin=1"/></net>

<net id="916"><net_src comp="258" pin="0"/><net_sink comp="911" pin=0"/></net>

<net id="917"><net_src comp="162" pin="0"/><net_sink comp="911" pin=1"/></net>

<net id="923"><net_src comp="258" pin="0"/><net_sink comp="918" pin=0"/></net>

<net id="924"><net_src comp="164" pin="0"/><net_sink comp="918" pin=1"/></net>

<net id="930"><net_src comp="258" pin="0"/><net_sink comp="925" pin=0"/></net>

<net id="931"><net_src comp="166" pin="0"/><net_sink comp="925" pin=1"/></net>

<net id="937"><net_src comp="258" pin="0"/><net_sink comp="932" pin=0"/></net>

<net id="938"><net_src comp="168" pin="0"/><net_sink comp="932" pin=1"/></net>

<net id="944"><net_src comp="258" pin="0"/><net_sink comp="939" pin=0"/></net>

<net id="945"><net_src comp="170" pin="0"/><net_sink comp="939" pin=1"/></net>

<net id="951"><net_src comp="258" pin="0"/><net_sink comp="946" pin=0"/></net>

<net id="952"><net_src comp="172" pin="0"/><net_sink comp="946" pin=1"/></net>

<net id="958"><net_src comp="258" pin="0"/><net_sink comp="953" pin=0"/></net>

<net id="959"><net_src comp="174" pin="0"/><net_sink comp="953" pin=1"/></net>

<net id="965"><net_src comp="258" pin="0"/><net_sink comp="960" pin=0"/></net>

<net id="966"><net_src comp="176" pin="0"/><net_sink comp="960" pin=1"/></net>

<net id="972"><net_src comp="258" pin="0"/><net_sink comp="967" pin=0"/></net>

<net id="973"><net_src comp="178" pin="0"/><net_sink comp="967" pin=1"/></net>

<net id="979"><net_src comp="258" pin="0"/><net_sink comp="974" pin=0"/></net>

<net id="980"><net_src comp="180" pin="0"/><net_sink comp="974" pin=1"/></net>

<net id="986"><net_src comp="258" pin="0"/><net_sink comp="981" pin=0"/></net>

<net id="987"><net_src comp="182" pin="0"/><net_sink comp="981" pin=1"/></net>

<net id="993"><net_src comp="258" pin="0"/><net_sink comp="988" pin=0"/></net>

<net id="994"><net_src comp="184" pin="0"/><net_sink comp="988" pin=1"/></net>

<net id="1000"><net_src comp="258" pin="0"/><net_sink comp="995" pin=0"/></net>

<net id="1001"><net_src comp="186" pin="0"/><net_sink comp="995" pin=1"/></net>

<net id="1007"><net_src comp="258" pin="0"/><net_sink comp="1002" pin=0"/></net>

<net id="1008"><net_src comp="188" pin="0"/><net_sink comp="1002" pin=1"/></net>

<net id="1014"><net_src comp="258" pin="0"/><net_sink comp="1009" pin=0"/></net>

<net id="1015"><net_src comp="190" pin="0"/><net_sink comp="1009" pin=1"/></net>

<net id="1021"><net_src comp="258" pin="0"/><net_sink comp="1016" pin=0"/></net>

<net id="1022"><net_src comp="192" pin="0"/><net_sink comp="1016" pin=1"/></net>

<net id="1028"><net_src comp="258" pin="0"/><net_sink comp="1023" pin=0"/></net>

<net id="1029"><net_src comp="194" pin="0"/><net_sink comp="1023" pin=1"/></net>

<net id="1035"><net_src comp="258" pin="0"/><net_sink comp="1030" pin=0"/></net>

<net id="1036"><net_src comp="196" pin="0"/><net_sink comp="1030" pin=1"/></net>

<net id="1042"><net_src comp="258" pin="0"/><net_sink comp="1037" pin=0"/></net>

<net id="1043"><net_src comp="198" pin="0"/><net_sink comp="1037" pin=1"/></net>

<net id="1049"><net_src comp="258" pin="0"/><net_sink comp="1044" pin=0"/></net>

<net id="1050"><net_src comp="200" pin="0"/><net_sink comp="1044" pin=1"/></net>

<net id="1056"><net_src comp="258" pin="0"/><net_sink comp="1051" pin=0"/></net>

<net id="1057"><net_src comp="202" pin="0"/><net_sink comp="1051" pin=1"/></net>

<net id="1063"><net_src comp="258" pin="0"/><net_sink comp="1058" pin=0"/></net>

<net id="1064"><net_src comp="204" pin="0"/><net_sink comp="1058" pin=1"/></net>

<net id="1070"><net_src comp="258" pin="0"/><net_sink comp="1065" pin=0"/></net>

<net id="1071"><net_src comp="206" pin="0"/><net_sink comp="1065" pin=1"/></net>

<net id="1077"><net_src comp="258" pin="0"/><net_sink comp="1072" pin=0"/></net>

<net id="1078"><net_src comp="208" pin="0"/><net_sink comp="1072" pin=1"/></net>

<net id="1084"><net_src comp="258" pin="0"/><net_sink comp="1079" pin=0"/></net>

<net id="1085"><net_src comp="210" pin="0"/><net_sink comp="1079" pin=1"/></net>

<net id="1091"><net_src comp="258" pin="0"/><net_sink comp="1086" pin=0"/></net>

<net id="1092"><net_src comp="212" pin="0"/><net_sink comp="1086" pin=1"/></net>

<net id="1098"><net_src comp="258" pin="0"/><net_sink comp="1093" pin=0"/></net>

<net id="1099"><net_src comp="214" pin="0"/><net_sink comp="1093" pin=1"/></net>

<net id="1104"><net_src comp="240" pin="0"/><net_sink comp="1100" pin=1"/></net>

<net id="1153"><net_src comp="220" pin="0"/><net_sink comp="1149" pin=0"/></net>

<net id="1158"><net_src comp="222" pin="0"/><net_sink comp="1154" pin=0"/></net>

<net id="1163"><net_src comp="222" pin="0"/><net_sink comp="1159" pin=0"/></net>

<net id="1171"><net_src comp="1164" pin="1"/><net_sink comp="1167" pin=0"/></net>

<net id="1172"><net_src comp="224" pin="0"/><net_sink comp="1167" pin=1"/></net>

<net id="1177"><net_src comp="1164" pin="1"/><net_sink comp="1173" pin=0"/></net>

<net id="1178"><net_src comp="226" pin="0"/><net_sink comp="1173" pin=1"/></net>

<net id="1189"><net_src comp="1179" pin="1"/><net_sink comp="1185" pin=0"/></net>

<net id="1190"><net_src comp="228" pin="0"/><net_sink comp="1185" pin=1"/></net>

<net id="1196"><net_src comp="1185" pin="2"/><net_sink comp="1191" pin=0"/></net>

<net id="1197"><net_src comp="222" pin="0"/><net_sink comp="1191" pin=1"/></net>

<net id="1198"><net_src comp="1179" pin="1"/><net_sink comp="1191" pin=2"/></net>

<net id="1203"><net_src comp="1182" pin="1"/><net_sink comp="1199" pin=0"/></net>

<net id="1204"><net_src comp="230" pin="0"/><net_sink comp="1199" pin=1"/></net>

<net id="1215"><net_src comp="232" pin="0"/><net_sink comp="1205" pin=0"/></net>

<net id="1216"><net_src comp="842" pin="2"/><net_sink comp="1205" pin=1"/></net>

<net id="1217"><net_src comp="836" pin="2"/><net_sink comp="1205" pin=2"/></net>

<net id="1218"><net_src comp="830" pin="2"/><net_sink comp="1205" pin=3"/></net>

<net id="1219"><net_src comp="824" pin="2"/><net_sink comp="1205" pin=4"/></net>

<net id="1220"><net_src comp="818" pin="2"/><net_sink comp="1205" pin=5"/></net>

<net id="1221"><net_src comp="812" pin="2"/><net_sink comp="1205" pin=6"/></net>

<net id="1222"><net_src comp="1199" pin="2"/><net_sink comp="1205" pin=7"/></net>

<net id="1233"><net_src comp="232" pin="0"/><net_sink comp="1223" pin=0"/></net>

<net id="1234"><net_src comp="842" pin="2"/><net_sink comp="1223" pin=1"/></net>

<net id="1235"><net_src comp="836" pin="2"/><net_sink comp="1223" pin=2"/></net>

<net id="1236"><net_src comp="830" pin="2"/><net_sink comp="1223" pin=3"/></net>

<net id="1237"><net_src comp="824" pin="2"/><net_sink comp="1223" pin=4"/></net>

<net id="1238"><net_src comp="818" pin="2"/><net_sink comp="1223" pin=5"/></net>

<net id="1239"><net_src comp="812" pin="2"/><net_sink comp="1223" pin=6"/></net>

<net id="1240"><net_src comp="1182" pin="1"/><net_sink comp="1223" pin=7"/></net>

<net id="1246"><net_src comp="1185" pin="2"/><net_sink comp="1241" pin=0"/></net>

<net id="1247"><net_src comp="1205" pin="8"/><net_sink comp="1241" pin=1"/></net>

<net id="1248"><net_src comp="1223" pin="8"/><net_sink comp="1241" pin=2"/></net>

<net id="1254"><net_src comp="1185" pin="2"/><net_sink comp="1249" pin=0"/></net>

<net id="1255"><net_src comp="1199" pin="2"/><net_sink comp="1249" pin=1"/></net>

<net id="1256"><net_src comp="1182" pin="1"/><net_sink comp="1249" pin=2"/></net>

<net id="1267"><net_src comp="232" pin="0"/><net_sink comp="1257" pin=0"/></net>

<net id="1268"><net_src comp="626" pin="2"/><net_sink comp="1257" pin=1"/></net>

<net id="1269"><net_src comp="620" pin="2"/><net_sink comp="1257" pin=2"/></net>

<net id="1270"><net_src comp="614" pin="2"/><net_sink comp="1257" pin=3"/></net>

<net id="1271"><net_src comp="608" pin="2"/><net_sink comp="1257" pin=4"/></net>

<net id="1272"><net_src comp="602" pin="2"/><net_sink comp="1257" pin=5"/></net>

<net id="1273"><net_src comp="596" pin="2"/><net_sink comp="1257" pin=6"/></net>

<net id="1274"><net_src comp="1191" pin="3"/><net_sink comp="1257" pin=7"/></net>

<net id="1279"><net_src comp="1191" pin="3"/><net_sink comp="1275" pin=0"/></net>

<net id="1280"><net_src comp="230" pin="0"/><net_sink comp="1275" pin=1"/></net>

<net id="1285"><net_src comp="1173" pin="2"/><net_sink comp="1281" pin=0"/></net>

<net id="1290"><net_src comp="1249" pin="3"/><net_sink comp="1286" pin=0"/></net>

<net id="1295"><net_src comp="1275" pin="2"/><net_sink comp="1291" pin=0"/></net>

<net id="1306"><net_src comp="232" pin="0"/><net_sink comp="1296" pin=0"/></net>

<net id="1317"><net_src comp="232" pin="0"/><net_sink comp="1307" pin=0"/></net>

<net id="1323"><net_src comp="1296" pin="8"/><net_sink comp="1318" pin=1"/></net>

<net id="1324"><net_src comp="1307" pin="8"/><net_sink comp="1318" pin=2"/></net>

<net id="1335"><net_src comp="232" pin="0"/><net_sink comp="1325" pin=0"/></net>

<net id="1346"><net_src comp="232" pin="0"/><net_sink comp="1336" pin=0"/></net>

<net id="1357"><net_src comp="232" pin="0"/><net_sink comp="1347" pin=0"/></net>

<net id="1363"><net_src comp="1336" pin="8"/><net_sink comp="1358" pin=1"/></net>

<net id="1364"><net_src comp="1347" pin="8"/><net_sink comp="1358" pin=2"/></net>

<net id="1375"><net_src comp="232" pin="0"/><net_sink comp="1365" pin=0"/></net>

<net id="1386"><net_src comp="232" pin="0"/><net_sink comp="1376" pin=0"/></net>

<net id="1397"><net_src comp="232" pin="0"/><net_sink comp="1387" pin=0"/></net>

<net id="1403"><net_src comp="1376" pin="8"/><net_sink comp="1398" pin=1"/></net>

<net id="1404"><net_src comp="1387" pin="8"/><net_sink comp="1398" pin=2"/></net>

<net id="1415"><net_src comp="232" pin="0"/><net_sink comp="1405" pin=0"/></net>

<net id="1426"><net_src comp="232" pin="0"/><net_sink comp="1416" pin=0"/></net>

<net id="1437"><net_src comp="232" pin="0"/><net_sink comp="1427" pin=0"/></net>

<net id="1443"><net_src comp="1416" pin="8"/><net_sink comp="1438" pin=1"/></net>

<net id="1444"><net_src comp="1427" pin="8"/><net_sink comp="1438" pin=2"/></net>

<net id="1455"><net_src comp="232" pin="0"/><net_sink comp="1445" pin=0"/></net>

<net id="1466"><net_src comp="232" pin="0"/><net_sink comp="1456" pin=0"/></net>

<net id="1477"><net_src comp="232" pin="0"/><net_sink comp="1467" pin=0"/></net>

<net id="1483"><net_src comp="1456" pin="8"/><net_sink comp="1478" pin=1"/></net>

<net id="1484"><net_src comp="1467" pin="8"/><net_sink comp="1478" pin=2"/></net>

<net id="1495"><net_src comp="232" pin="0"/><net_sink comp="1485" pin=0"/></net>

<net id="1500"><net_src comp="1121" pin="2"/><net_sink comp="1496" pin=0"/></net>

<net id="1505"><net_src comp="1121" pin="2"/><net_sink comp="1501" pin=0"/></net>

<net id="1510"><net_src comp="1121" pin="2"/><net_sink comp="1506" pin=0"/></net>

<net id="1515"><net_src comp="1121" pin="2"/><net_sink comp="1511" pin=0"/></net>

<net id="1520"><net_src comp="1121" pin="2"/><net_sink comp="1516" pin=0"/></net>

<net id="1525"><net_src comp="1121" pin="2"/><net_sink comp="1521" pin=0"/></net>

<net id="1530"><net_src comp="1121" pin="2"/><net_sink comp="1526" pin=0"/></net>

<net id="1535"><net_src comp="1121" pin="2"/><net_sink comp="1531" pin=0"/></net>

<net id="1540"><net_src comp="1121" pin="2"/><net_sink comp="1536" pin=0"/></net>

<net id="1545"><net_src comp="1121" pin="2"/><net_sink comp="1541" pin=0"/></net>

<net id="1550"><net_src comp="1121" pin="2"/><net_sink comp="1546" pin=0"/></net>

<net id="1555"><net_src comp="1121" pin="2"/><net_sink comp="1551" pin=0"/></net>

<net id="1560"><net_src comp="1121" pin="2"/><net_sink comp="1556" pin=0"/></net>

<net id="1565"><net_src comp="1121" pin="2"/><net_sink comp="1561" pin=0"/></net>

<net id="1570"><net_src comp="1121" pin="2"/><net_sink comp="1566" pin=0"/></net>

<net id="1575"><net_src comp="1121" pin="2"/><net_sink comp="1571" pin=0"/></net>

<net id="1580"><net_src comp="1121" pin="2"/><net_sink comp="1576" pin=0"/></net>

<net id="1585"><net_src comp="1121" pin="2"/><net_sink comp="1581" pin=0"/></net>

<net id="1590"><net_src comp="1121" pin="2"/><net_sink comp="1586" pin=0"/></net>

<net id="1595"><net_src comp="1121" pin="2"/><net_sink comp="1591" pin=0"/></net>

<net id="1600"><net_src comp="1121" pin="2"/><net_sink comp="1596" pin=0"/></net>

<net id="1605"><net_src comp="1121" pin="2"/><net_sink comp="1601" pin=0"/></net>

<net id="1610"><net_src comp="1121" pin="2"/><net_sink comp="1606" pin=0"/></net>

<net id="1615"><net_src comp="1121" pin="2"/><net_sink comp="1611" pin=0"/></net>

<net id="1620"><net_src comp="1121" pin="2"/><net_sink comp="1616" pin=0"/></net>

<net id="1625"><net_src comp="1121" pin="2"/><net_sink comp="1621" pin=0"/></net>

<net id="1630"><net_src comp="1121" pin="2"/><net_sink comp="1626" pin=0"/></net>

<net id="1635"><net_src comp="1121" pin="2"/><net_sink comp="1631" pin=0"/></net>

<net id="1640"><net_src comp="1121" pin="2"/><net_sink comp="1636" pin=0"/></net>

<net id="1645"><net_src comp="1121" pin="2"/><net_sink comp="1641" pin=0"/></net>

<net id="1650"><net_src comp="1121" pin="2"/><net_sink comp="1646" pin=0"/></net>

<net id="1655"><net_src comp="1121" pin="2"/><net_sink comp="1651" pin=0"/></net>

<net id="1660"><net_src comp="1121" pin="2"/><net_sink comp="1656" pin=0"/></net>

<net id="1665"><net_src comp="1121" pin="2"/><net_sink comp="1661" pin=0"/></net>

<net id="1670"><net_src comp="1121" pin="2"/><net_sink comp="1666" pin=0"/></net>

<net id="1675"><net_src comp="1121" pin="2"/><net_sink comp="1671" pin=0"/></net>

<net id="1679"><net_src comp="1676" pin="1"/><net_sink comp="1093" pin=2"/></net>

<net id="1683"><net_src comp="1680" pin="1"/><net_sink comp="1086" pin=2"/></net>

<net id="1687"><net_src comp="1684" pin="1"/><net_sink comp="1079" pin=2"/></net>

<net id="1691"><net_src comp="1688" pin="1"/><net_sink comp="1072" pin=2"/></net>

<net id="1695"><net_src comp="1692" pin="1"/><net_sink comp="1065" pin=2"/></net>

<net id="1699"><net_src comp="1696" pin="1"/><net_sink comp="1058" pin=2"/></net>

<net id="1703"><net_src comp="1700" pin="1"/><net_sink comp="1051" pin=2"/></net>

<net id="1707"><net_src comp="1704" pin="1"/><net_sink comp="1044" pin=2"/></net>

<net id="1711"><net_src comp="1708" pin="1"/><net_sink comp="1037" pin=2"/></net>

<net id="1715"><net_src comp="1712" pin="1"/><net_sink comp="1030" pin=2"/></net>

<net id="1719"><net_src comp="1716" pin="1"/><net_sink comp="1023" pin=2"/></net>

<net id="1723"><net_src comp="1720" pin="1"/><net_sink comp="1016" pin=2"/></net>

<net id="1727"><net_src comp="1724" pin="1"/><net_sink comp="1009" pin=2"/></net>

<net id="1731"><net_src comp="1728" pin="1"/><net_sink comp="1002" pin=2"/></net>

<net id="1735"><net_src comp="1732" pin="1"/><net_sink comp="995" pin=2"/></net>

<net id="1739"><net_src comp="1736" pin="1"/><net_sink comp="988" pin=2"/></net>

<net id="1743"><net_src comp="1740" pin="1"/><net_sink comp="981" pin=2"/></net>

<net id="1747"><net_src comp="1744" pin="1"/><net_sink comp="974" pin=2"/></net>

<net id="1751"><net_src comp="1748" pin="1"/><net_sink comp="967" pin=2"/></net>

<net id="1755"><net_src comp="1752" pin="1"/><net_sink comp="960" pin=2"/></net>

<net id="1759"><net_src comp="1756" pin="1"/><net_sink comp="953" pin=2"/></net>

<net id="1763"><net_src comp="1760" pin="1"/><net_sink comp="946" pin=2"/></net>

<net id="1767"><net_src comp="1764" pin="1"/><net_sink comp="939" pin=2"/></net>

<net id="1771"><net_src comp="1768" pin="1"/><net_sink comp="932" pin=2"/></net>

<net id="1775"><net_src comp="1772" pin="1"/><net_sink comp="925" pin=2"/></net>

<net id="1779"><net_src comp="1776" pin="1"/><net_sink comp="918" pin=2"/></net>

<net id="1783"><net_src comp="1780" pin="1"/><net_sink comp="911" pin=2"/></net>

<net id="1787"><net_src comp="1784" pin="1"/><net_sink comp="904" pin=2"/></net>

<net id="1791"><net_src comp="1788" pin="1"/><net_sink comp="897" pin=2"/></net>

<net id="1795"><net_src comp="1792" pin="1"/><net_sink comp="890" pin=2"/></net>

<net id="1799"><net_src comp="1796" pin="1"/><net_sink comp="883" pin=2"/></net>

<net id="1803"><net_src comp="1800" pin="1"/><net_sink comp="876" pin=2"/></net>

<net id="1807"><net_src comp="1804" pin="1"/><net_sink comp="869" pin=2"/></net>

<net id="1811"><net_src comp="1808" pin="1"/><net_sink comp="862" pin=2"/></net>

<net id="1815"><net_src comp="1812" pin="1"/><net_sink comp="855" pin=2"/></net>

<net id="1819"><net_src comp="1816" pin="1"/><net_sink comp="848" pin=2"/></net>

<net id="1823"><net_src comp="260" pin="1"/><net_sink comp="1820" pin=0"/></net>

<net id="1824"><net_src comp="1820" pin="1"/><net_sink comp="1159" pin=1"/></net>

<net id="1825"><net_src comp="1820" pin="1"/><net_sink comp="1179" pin=0"/></net>

<net id="1826"><net_src comp="1820" pin="1"/><net_sink comp="1291" pin=1"/></net>

<net id="1830"><net_src comp="264" pin="1"/><net_sink comp="1827" pin=0"/></net>

<net id="1831"><net_src comp="1827" pin="1"/><net_sink comp="1154" pin=1"/></net>

<net id="1832"><net_src comp="1827" pin="1"/><net_sink comp="1182" pin=0"/></net>

<net id="1833"><net_src comp="1827" pin="1"/><net_sink comp="1286" pin=1"/></net>

<net id="1837"><net_src comp="268" pin="1"/><net_sink comp="1834" pin=0"/></net>

<net id="1838"><net_src comp="1834" pin="1"/><net_sink comp="1149" pin=1"/></net>

<net id="1839"><net_src comp="1834" pin="1"/><net_sink comp="1164" pin=0"/></net>

<net id="1840"><net_src comp="1834" pin="1"/><net_sink comp="1281" pin=1"/></net>

<net id="1844"><net_src comp="272" pin="1"/><net_sink comp="1841" pin=0"/></net>

<net id="1845"><net_src comp="1841" pin="1"/><net_sink comp="1636" pin=1"/></net>

<net id="1846"><net_src comp="1841" pin="1"/><net_sink comp="1676" pin=0"/></net>

<net id="1850"><net_src comp="276" pin="1"/><net_sink comp="1847" pin=0"/></net>

<net id="1851"><net_src comp="1847" pin="1"/><net_sink comp="1631" pin=1"/></net>

<net id="1852"><net_src comp="1847" pin="1"/><net_sink comp="1680" pin=0"/></net>

<net id="1856"><net_src comp="280" pin="1"/><net_sink comp="1853" pin=0"/></net>

<net id="1857"><net_src comp="1853" pin="1"/><net_sink comp="1626" pin=1"/></net>

<net id="1858"><net_src comp="1853" pin="1"/><net_sink comp="1684" pin=0"/></net>

<net id="1862"><net_src comp="284" pin="1"/><net_sink comp="1859" pin=0"/></net>

<net id="1863"><net_src comp="1859" pin="1"/><net_sink comp="1621" pin=1"/></net>

<net id="1864"><net_src comp="1859" pin="1"/><net_sink comp="1688" pin=0"/></net>

<net id="1868"><net_src comp="288" pin="1"/><net_sink comp="1865" pin=0"/></net>

<net id="1869"><net_src comp="1865" pin="1"/><net_sink comp="1616" pin=1"/></net>

<net id="1870"><net_src comp="1865" pin="1"/><net_sink comp="1692" pin=0"/></net>

<net id="1874"><net_src comp="292" pin="1"/><net_sink comp="1871" pin=0"/></net>

<net id="1875"><net_src comp="1871" pin="1"/><net_sink comp="1641" pin=1"/></net>

<net id="1876"><net_src comp="1871" pin="1"/><net_sink comp="1696" pin=0"/></net>

<net id="1880"><net_src comp="296" pin="1"/><net_sink comp="1877" pin=0"/></net>

<net id="1881"><net_src comp="1877" pin="1"/><net_sink comp="1606" pin=1"/></net>

<net id="1882"><net_src comp="1877" pin="1"/><net_sink comp="1700" pin=0"/></net>

<net id="1886"><net_src comp="300" pin="1"/><net_sink comp="1883" pin=0"/></net>

<net id="1887"><net_src comp="1883" pin="1"/><net_sink comp="1601" pin=1"/></net>

<net id="1888"><net_src comp="1883" pin="1"/><net_sink comp="1704" pin=0"/></net>

<net id="1892"><net_src comp="304" pin="1"/><net_sink comp="1889" pin=0"/></net>

<net id="1893"><net_src comp="1889" pin="1"/><net_sink comp="1596" pin=1"/></net>

<net id="1894"><net_src comp="1889" pin="1"/><net_sink comp="1708" pin=0"/></net>

<net id="1898"><net_src comp="308" pin="1"/><net_sink comp="1895" pin=0"/></net>

<net id="1899"><net_src comp="1895" pin="1"/><net_sink comp="1591" pin=1"/></net>

<net id="1900"><net_src comp="1895" pin="1"/><net_sink comp="1712" pin=0"/></net>

<net id="1904"><net_src comp="312" pin="1"/><net_sink comp="1901" pin=0"/></net>

<net id="1905"><net_src comp="1901" pin="1"/><net_sink comp="1586" pin=1"/></net>

<net id="1906"><net_src comp="1901" pin="1"/><net_sink comp="1716" pin=0"/></net>

<net id="1910"><net_src comp="316" pin="1"/><net_sink comp="1907" pin=0"/></net>

<net id="1911"><net_src comp="1907" pin="1"/><net_sink comp="1611" pin=1"/></net>

<net id="1912"><net_src comp="1907" pin="1"/><net_sink comp="1720" pin=0"/></net>

<net id="1916"><net_src comp="320" pin="1"/><net_sink comp="1913" pin=0"/></net>

<net id="1917"><net_src comp="1913" pin="1"/><net_sink comp="1576" pin=1"/></net>

<net id="1918"><net_src comp="1913" pin="1"/><net_sink comp="1724" pin=0"/></net>

<net id="1922"><net_src comp="324" pin="1"/><net_sink comp="1919" pin=0"/></net>

<net id="1923"><net_src comp="1919" pin="1"/><net_sink comp="1571" pin=1"/></net>

<net id="1924"><net_src comp="1919" pin="1"/><net_sink comp="1728" pin=0"/></net>

<net id="1928"><net_src comp="328" pin="1"/><net_sink comp="1925" pin=0"/></net>

<net id="1929"><net_src comp="1925" pin="1"/><net_sink comp="1566" pin=1"/></net>

<net id="1930"><net_src comp="1925" pin="1"/><net_sink comp="1732" pin=0"/></net>

<net id="1934"><net_src comp="332" pin="1"/><net_sink comp="1931" pin=0"/></net>

<net id="1935"><net_src comp="1931" pin="1"/><net_sink comp="1561" pin=1"/></net>

<net id="1936"><net_src comp="1931" pin="1"/><net_sink comp="1736" pin=0"/></net>

<net id="1940"><net_src comp="336" pin="1"/><net_sink comp="1937" pin=0"/></net>

<net id="1941"><net_src comp="1937" pin="1"/><net_sink comp="1556" pin=1"/></net>

<net id="1942"><net_src comp="1937" pin="1"/><net_sink comp="1740" pin=0"/></net>

<net id="1946"><net_src comp="340" pin="1"/><net_sink comp="1943" pin=0"/></net>

<net id="1947"><net_src comp="1943" pin="1"/><net_sink comp="1581" pin=1"/></net>

<net id="1948"><net_src comp="1943" pin="1"/><net_sink comp="1744" pin=0"/></net>

<net id="1952"><net_src comp="344" pin="1"/><net_sink comp="1949" pin=0"/></net>

<net id="1953"><net_src comp="1949" pin="1"/><net_sink comp="1546" pin=1"/></net>

<net id="1954"><net_src comp="1949" pin="1"/><net_sink comp="1748" pin=0"/></net>

<net id="1958"><net_src comp="348" pin="1"/><net_sink comp="1955" pin=0"/></net>

<net id="1959"><net_src comp="1955" pin="1"/><net_sink comp="1541" pin=1"/></net>

<net id="1960"><net_src comp="1955" pin="1"/><net_sink comp="1752" pin=0"/></net>

<net id="1964"><net_src comp="352" pin="1"/><net_sink comp="1961" pin=0"/></net>

<net id="1965"><net_src comp="1961" pin="1"/><net_sink comp="1536" pin=1"/></net>

<net id="1966"><net_src comp="1961" pin="1"/><net_sink comp="1756" pin=0"/></net>

<net id="1970"><net_src comp="356" pin="1"/><net_sink comp="1967" pin=0"/></net>

<net id="1971"><net_src comp="1967" pin="1"/><net_sink comp="1531" pin=1"/></net>

<net id="1972"><net_src comp="1967" pin="1"/><net_sink comp="1760" pin=0"/></net>

<net id="1976"><net_src comp="360" pin="1"/><net_sink comp="1973" pin=0"/></net>

<net id="1977"><net_src comp="1973" pin="1"/><net_sink comp="1526" pin=1"/></net>

<net id="1978"><net_src comp="1973" pin="1"/><net_sink comp="1764" pin=0"/></net>

<net id="1982"><net_src comp="364" pin="1"/><net_sink comp="1979" pin=0"/></net>

<net id="1983"><net_src comp="1979" pin="1"/><net_sink comp="1551" pin=1"/></net>

<net id="1984"><net_src comp="1979" pin="1"/><net_sink comp="1768" pin=0"/></net>

<net id="1988"><net_src comp="368" pin="1"/><net_sink comp="1985" pin=0"/></net>

<net id="1989"><net_src comp="1985" pin="1"/><net_sink comp="1516" pin=1"/></net>

<net id="1990"><net_src comp="1985" pin="1"/><net_sink comp="1772" pin=0"/></net>

<net id="1994"><net_src comp="372" pin="1"/><net_sink comp="1991" pin=0"/></net>

<net id="1995"><net_src comp="1991" pin="1"/><net_sink comp="1511" pin=1"/></net>

<net id="1996"><net_src comp="1991" pin="1"/><net_sink comp="1776" pin=0"/></net>

<net id="2000"><net_src comp="376" pin="1"/><net_sink comp="1997" pin=0"/></net>

<net id="2001"><net_src comp="1997" pin="1"/><net_sink comp="1506" pin=1"/></net>

<net id="2002"><net_src comp="1997" pin="1"/><net_sink comp="1780" pin=0"/></net>

<net id="2006"><net_src comp="380" pin="1"/><net_sink comp="2003" pin=0"/></net>

<net id="2007"><net_src comp="2003" pin="1"/><net_sink comp="1501" pin=1"/></net>

<net id="2008"><net_src comp="2003" pin="1"/><net_sink comp="1784" pin=0"/></net>

<net id="2012"><net_src comp="384" pin="1"/><net_sink comp="2009" pin=0"/></net>

<net id="2013"><net_src comp="2009" pin="1"/><net_sink comp="1496" pin=1"/></net>

<net id="2014"><net_src comp="2009" pin="1"/><net_sink comp="1788" pin=0"/></net>

<net id="2018"><net_src comp="388" pin="1"/><net_sink comp="2015" pin=0"/></net>

<net id="2019"><net_src comp="2015" pin="1"/><net_sink comp="1521" pin=1"/></net>

<net id="2020"><net_src comp="2015" pin="1"/><net_sink comp="1792" pin=0"/></net>

<net id="2024"><net_src comp="392" pin="1"/><net_sink comp="2021" pin=0"/></net>

<net id="2025"><net_src comp="2021" pin="1"/><net_sink comp="1666" pin=1"/></net>

<net id="2026"><net_src comp="2021" pin="1"/><net_sink comp="1796" pin=0"/></net>

<net id="2030"><net_src comp="396" pin="1"/><net_sink comp="2027" pin=0"/></net>

<net id="2031"><net_src comp="2027" pin="1"/><net_sink comp="1661" pin=1"/></net>

<net id="2032"><net_src comp="2027" pin="1"/><net_sink comp="1800" pin=0"/></net>

<net id="2036"><net_src comp="400" pin="1"/><net_sink comp="2033" pin=0"/></net>

<net id="2037"><net_src comp="2033" pin="1"/><net_sink comp="1656" pin=1"/></net>

<net id="2038"><net_src comp="2033" pin="1"/><net_sink comp="1804" pin=0"/></net>

<net id="2042"><net_src comp="404" pin="1"/><net_sink comp="2039" pin=0"/></net>

<net id="2043"><net_src comp="2039" pin="1"/><net_sink comp="1651" pin=1"/></net>

<net id="2044"><net_src comp="2039" pin="1"/><net_sink comp="1808" pin=0"/></net>

<net id="2048"><net_src comp="408" pin="1"/><net_sink comp="2045" pin=0"/></net>

<net id="2049"><net_src comp="2045" pin="1"/><net_sink comp="1646" pin=1"/></net>

<net id="2050"><net_src comp="2045" pin="1"/><net_sink comp="1812" pin=0"/></net>

<net id="2054"><net_src comp="412" pin="1"/><net_sink comp="2051" pin=0"/></net>

<net id="2055"><net_src comp="2051" pin="1"/><net_sink comp="1671" pin=1"/></net>

<net id="2056"><net_src comp="2051" pin="1"/><net_sink comp="1816" pin=0"/></net>

<net id="2060"><net_src comp="416" pin="2"/><net_sink comp="2057" pin=0"/></net>

<net id="2061"><net_src comp="2057" pin="1"/><net_sink comp="1485" pin=6"/></net>

<net id="2065"><net_src comp="422" pin="2"/><net_sink comp="2062" pin=0"/></net>

<net id="2066"><net_src comp="2062" pin="1"/><net_sink comp="1485" pin=5"/></net>

<net id="2070"><net_src comp="428" pin="2"/><net_sink comp="2067" pin=0"/></net>

<net id="2071"><net_src comp="2067" pin="1"/><net_sink comp="1485" pin=4"/></net>

<net id="2075"><net_src comp="434" pin="2"/><net_sink comp="2072" pin=0"/></net>

<net id="2076"><net_src comp="2072" pin="1"/><net_sink comp="1485" pin=3"/></net>

<net id="2080"><net_src comp="440" pin="2"/><net_sink comp="2077" pin=0"/></net>

<net id="2081"><net_src comp="2077" pin="1"/><net_sink comp="1485" pin=2"/></net>

<net id="2085"><net_src comp="446" pin="2"/><net_sink comp="2082" pin=0"/></net>

<net id="2086"><net_src comp="2082" pin="1"/><net_sink comp="1485" pin=1"/></net>

<net id="2090"><net_src comp="452" pin="2"/><net_sink comp="2087" pin=0"/></net>

<net id="2091"><net_src comp="2087" pin="1"/><net_sink comp="1445" pin=6"/></net>

<net id="2095"><net_src comp="458" pin="2"/><net_sink comp="2092" pin=0"/></net>

<net id="2096"><net_src comp="2092" pin="1"/><net_sink comp="1445" pin=5"/></net>

<net id="2100"><net_src comp="464" pin="2"/><net_sink comp="2097" pin=0"/></net>

<net id="2101"><net_src comp="2097" pin="1"/><net_sink comp="1445" pin=4"/></net>

<net id="2105"><net_src comp="470" pin="2"/><net_sink comp="2102" pin=0"/></net>

<net id="2106"><net_src comp="2102" pin="1"/><net_sink comp="1445" pin=3"/></net>

<net id="2110"><net_src comp="476" pin="2"/><net_sink comp="2107" pin=0"/></net>

<net id="2111"><net_src comp="2107" pin="1"/><net_sink comp="1445" pin=2"/></net>

<net id="2115"><net_src comp="482" pin="2"/><net_sink comp="2112" pin=0"/></net>

<net id="2116"><net_src comp="2112" pin="1"/><net_sink comp="1445" pin=1"/></net>

<net id="2120"><net_src comp="488" pin="2"/><net_sink comp="2117" pin=0"/></net>

<net id="2121"><net_src comp="2117" pin="1"/><net_sink comp="1405" pin=6"/></net>

<net id="2125"><net_src comp="494" pin="2"/><net_sink comp="2122" pin=0"/></net>

<net id="2126"><net_src comp="2122" pin="1"/><net_sink comp="1405" pin=5"/></net>

<net id="2130"><net_src comp="500" pin="2"/><net_sink comp="2127" pin=0"/></net>

<net id="2131"><net_src comp="2127" pin="1"/><net_sink comp="1405" pin=4"/></net>

<net id="2135"><net_src comp="506" pin="2"/><net_sink comp="2132" pin=0"/></net>

<net id="2136"><net_src comp="2132" pin="1"/><net_sink comp="1405" pin=3"/></net>

<net id="2140"><net_src comp="512" pin="2"/><net_sink comp="2137" pin=0"/></net>

<net id="2141"><net_src comp="2137" pin="1"/><net_sink comp="1405" pin=2"/></net>

<net id="2145"><net_src comp="518" pin="2"/><net_sink comp="2142" pin=0"/></net>

<net id="2146"><net_src comp="2142" pin="1"/><net_sink comp="1405" pin=1"/></net>

<net id="2150"><net_src comp="524" pin="2"/><net_sink comp="2147" pin=0"/></net>

<net id="2151"><net_src comp="2147" pin="1"/><net_sink comp="1365" pin=6"/></net>

<net id="2155"><net_src comp="530" pin="2"/><net_sink comp="2152" pin=0"/></net>

<net id="2156"><net_src comp="2152" pin="1"/><net_sink comp="1365" pin=5"/></net>

<net id="2160"><net_src comp="536" pin="2"/><net_sink comp="2157" pin=0"/></net>

<net id="2161"><net_src comp="2157" pin="1"/><net_sink comp="1365" pin=4"/></net>

<net id="2165"><net_src comp="542" pin="2"/><net_sink comp="2162" pin=0"/></net>

<net id="2166"><net_src comp="2162" pin="1"/><net_sink comp="1365" pin=3"/></net>

<net id="2170"><net_src comp="548" pin="2"/><net_sink comp="2167" pin=0"/></net>

<net id="2171"><net_src comp="2167" pin="1"/><net_sink comp="1365" pin=2"/></net>

<net id="2175"><net_src comp="554" pin="2"/><net_sink comp="2172" pin=0"/></net>

<net id="2176"><net_src comp="2172" pin="1"/><net_sink comp="1365" pin=1"/></net>

<net id="2180"><net_src comp="560" pin="2"/><net_sink comp="2177" pin=0"/></net>

<net id="2181"><net_src comp="2177" pin="1"/><net_sink comp="1325" pin=6"/></net>

<net id="2185"><net_src comp="566" pin="2"/><net_sink comp="2182" pin=0"/></net>

<net id="2186"><net_src comp="2182" pin="1"/><net_sink comp="1325" pin=5"/></net>

<net id="2190"><net_src comp="572" pin="2"/><net_sink comp="2187" pin=0"/></net>

<net id="2191"><net_src comp="2187" pin="1"/><net_sink comp="1325" pin=4"/></net>

<net id="2195"><net_src comp="578" pin="2"/><net_sink comp="2192" pin=0"/></net>

<net id="2196"><net_src comp="2192" pin="1"/><net_sink comp="1325" pin=3"/></net>

<net id="2200"><net_src comp="584" pin="2"/><net_sink comp="2197" pin=0"/></net>

<net id="2201"><net_src comp="2197" pin="1"/><net_sink comp="1325" pin=2"/></net>

<net id="2205"><net_src comp="590" pin="2"/><net_sink comp="2202" pin=0"/></net>

<net id="2206"><net_src comp="2202" pin="1"/><net_sink comp="1325" pin=1"/></net>

<net id="2210"><net_src comp="632" pin="2"/><net_sink comp="2207" pin=0"/></net>

<net id="2211"><net_src comp="2207" pin="1"/><net_sink comp="1456" pin=6"/></net>

<net id="2212"><net_src comp="2207" pin="1"/><net_sink comp="1467" pin=6"/></net>

<net id="2216"><net_src comp="638" pin="2"/><net_sink comp="2213" pin=0"/></net>

<net id="2217"><net_src comp="2213" pin="1"/><net_sink comp="1456" pin=5"/></net>

<net id="2218"><net_src comp="2213" pin="1"/><net_sink comp="1467" pin=5"/></net>

<net id="2222"><net_src comp="644" pin="2"/><net_sink comp="2219" pin=0"/></net>

<net id="2223"><net_src comp="2219" pin="1"/><net_sink comp="1456" pin=4"/></net>

<net id="2224"><net_src comp="2219" pin="1"/><net_sink comp="1467" pin=4"/></net>

<net id="2228"><net_src comp="650" pin="2"/><net_sink comp="2225" pin=0"/></net>

<net id="2229"><net_src comp="2225" pin="1"/><net_sink comp="1456" pin=3"/></net>

<net id="2230"><net_src comp="2225" pin="1"/><net_sink comp="1467" pin=3"/></net>

<net id="2234"><net_src comp="656" pin="2"/><net_sink comp="2231" pin=0"/></net>

<net id="2235"><net_src comp="2231" pin="1"/><net_sink comp="1456" pin=2"/></net>

<net id="2236"><net_src comp="2231" pin="1"/><net_sink comp="1467" pin=2"/></net>

<net id="2240"><net_src comp="662" pin="2"/><net_sink comp="2237" pin=0"/></net>

<net id="2241"><net_src comp="2237" pin="1"/><net_sink comp="1456" pin=1"/></net>

<net id="2242"><net_src comp="2237" pin="1"/><net_sink comp="1467" pin=1"/></net>

<net id="2246"><net_src comp="668" pin="2"/><net_sink comp="2243" pin=0"/></net>

<net id="2247"><net_src comp="2243" pin="1"/><net_sink comp="1416" pin=6"/></net>

<net id="2248"><net_src comp="2243" pin="1"/><net_sink comp="1427" pin=6"/></net>

<net id="2252"><net_src comp="674" pin="2"/><net_sink comp="2249" pin=0"/></net>

<net id="2253"><net_src comp="2249" pin="1"/><net_sink comp="1416" pin=5"/></net>

<net id="2254"><net_src comp="2249" pin="1"/><net_sink comp="1427" pin=5"/></net>

<net id="2258"><net_src comp="680" pin="2"/><net_sink comp="2255" pin=0"/></net>

<net id="2259"><net_src comp="2255" pin="1"/><net_sink comp="1416" pin=4"/></net>

<net id="2260"><net_src comp="2255" pin="1"/><net_sink comp="1427" pin=4"/></net>

<net id="2264"><net_src comp="686" pin="2"/><net_sink comp="2261" pin=0"/></net>

<net id="2265"><net_src comp="2261" pin="1"/><net_sink comp="1416" pin=3"/></net>

<net id="2266"><net_src comp="2261" pin="1"/><net_sink comp="1427" pin=3"/></net>

<net id="2270"><net_src comp="692" pin="2"/><net_sink comp="2267" pin=0"/></net>

<net id="2271"><net_src comp="2267" pin="1"/><net_sink comp="1416" pin=2"/></net>

<net id="2272"><net_src comp="2267" pin="1"/><net_sink comp="1427" pin=2"/></net>

<net id="2276"><net_src comp="698" pin="2"/><net_sink comp="2273" pin=0"/></net>

<net id="2277"><net_src comp="2273" pin="1"/><net_sink comp="1416" pin=1"/></net>

<net id="2278"><net_src comp="2273" pin="1"/><net_sink comp="1427" pin=1"/></net>

<net id="2282"><net_src comp="704" pin="2"/><net_sink comp="2279" pin=0"/></net>

<net id="2283"><net_src comp="2279" pin="1"/><net_sink comp="1376" pin=6"/></net>

<net id="2284"><net_src comp="2279" pin="1"/><net_sink comp="1387" pin=6"/></net>

<net id="2288"><net_src comp="710" pin="2"/><net_sink comp="2285" pin=0"/></net>

<net id="2289"><net_src comp="2285" pin="1"/><net_sink comp="1376" pin=5"/></net>

<net id="2290"><net_src comp="2285" pin="1"/><net_sink comp="1387" pin=5"/></net>

<net id="2294"><net_src comp="716" pin="2"/><net_sink comp="2291" pin=0"/></net>

<net id="2295"><net_src comp="2291" pin="1"/><net_sink comp="1376" pin=4"/></net>

<net id="2296"><net_src comp="2291" pin="1"/><net_sink comp="1387" pin=4"/></net>

<net id="2300"><net_src comp="722" pin="2"/><net_sink comp="2297" pin=0"/></net>

<net id="2301"><net_src comp="2297" pin="1"/><net_sink comp="1376" pin=3"/></net>

<net id="2302"><net_src comp="2297" pin="1"/><net_sink comp="1387" pin=3"/></net>

<net id="2306"><net_src comp="728" pin="2"/><net_sink comp="2303" pin=0"/></net>

<net id="2307"><net_src comp="2303" pin="1"/><net_sink comp="1376" pin=2"/></net>

<net id="2308"><net_src comp="2303" pin="1"/><net_sink comp="1387" pin=2"/></net>

<net id="2312"><net_src comp="734" pin="2"/><net_sink comp="2309" pin=0"/></net>

<net id="2313"><net_src comp="2309" pin="1"/><net_sink comp="1376" pin=1"/></net>

<net id="2314"><net_src comp="2309" pin="1"/><net_sink comp="1387" pin=1"/></net>

<net id="2318"><net_src comp="740" pin="2"/><net_sink comp="2315" pin=0"/></net>

<net id="2319"><net_src comp="2315" pin="1"/><net_sink comp="1336" pin=6"/></net>

<net id="2320"><net_src comp="2315" pin="1"/><net_sink comp="1347" pin=6"/></net>

<net id="2324"><net_src comp="746" pin="2"/><net_sink comp="2321" pin=0"/></net>

<net id="2325"><net_src comp="2321" pin="1"/><net_sink comp="1336" pin=5"/></net>

<net id="2326"><net_src comp="2321" pin="1"/><net_sink comp="1347" pin=5"/></net>

<net id="2330"><net_src comp="752" pin="2"/><net_sink comp="2327" pin=0"/></net>

<net id="2331"><net_src comp="2327" pin="1"/><net_sink comp="1336" pin=4"/></net>

<net id="2332"><net_src comp="2327" pin="1"/><net_sink comp="1347" pin=4"/></net>

<net id="2336"><net_src comp="758" pin="2"/><net_sink comp="2333" pin=0"/></net>

<net id="2337"><net_src comp="2333" pin="1"/><net_sink comp="1336" pin=3"/></net>

<net id="2338"><net_src comp="2333" pin="1"/><net_sink comp="1347" pin=3"/></net>

<net id="2342"><net_src comp="764" pin="2"/><net_sink comp="2339" pin=0"/></net>

<net id="2343"><net_src comp="2339" pin="1"/><net_sink comp="1336" pin=2"/></net>

<net id="2344"><net_src comp="2339" pin="1"/><net_sink comp="1347" pin=2"/></net>

<net id="2348"><net_src comp="770" pin="2"/><net_sink comp="2345" pin=0"/></net>

<net id="2349"><net_src comp="2345" pin="1"/><net_sink comp="1336" pin=1"/></net>

<net id="2350"><net_src comp="2345" pin="1"/><net_sink comp="1347" pin=1"/></net>

<net id="2354"><net_src comp="776" pin="2"/><net_sink comp="2351" pin=0"/></net>

<net id="2355"><net_src comp="2351" pin="1"/><net_sink comp="1296" pin=6"/></net>

<net id="2356"><net_src comp="2351" pin="1"/><net_sink comp="1307" pin=6"/></net>

<net id="2360"><net_src comp="782" pin="2"/><net_sink comp="2357" pin=0"/></net>

<net id="2361"><net_src comp="2357" pin="1"/><net_sink comp="1296" pin=5"/></net>

<net id="2362"><net_src comp="2357" pin="1"/><net_sink comp="1307" pin=5"/></net>

<net id="2366"><net_src comp="788" pin="2"/><net_sink comp="2363" pin=0"/></net>

<net id="2367"><net_src comp="2363" pin="1"/><net_sink comp="1296" pin=4"/></net>

<net id="2368"><net_src comp="2363" pin="1"/><net_sink comp="1307" pin=4"/></net>

<net id="2372"><net_src comp="794" pin="2"/><net_sink comp="2369" pin=0"/></net>

<net id="2373"><net_src comp="2369" pin="1"/><net_sink comp="1296" pin=3"/></net>

<net id="2374"><net_src comp="2369" pin="1"/><net_sink comp="1307" pin=3"/></net>

<net id="2378"><net_src comp="800" pin="2"/><net_sink comp="2375" pin=0"/></net>

<net id="2379"><net_src comp="2375" pin="1"/><net_sink comp="1296" pin=2"/></net>

<net id="2380"><net_src comp="2375" pin="1"/><net_sink comp="1307" pin=2"/></net>

<net id="2384"><net_src comp="806" pin="2"/><net_sink comp="2381" pin=0"/></net>

<net id="2385"><net_src comp="2381" pin="1"/><net_sink comp="1296" pin=1"/></net>

<net id="2386"><net_src comp="2381" pin="1"/><net_sink comp="1307" pin=1"/></net>

<net id="2390"><net_src comp="1167" pin="2"/><net_sink comp="2387" pin=0"/></net>

<net id="2394"><net_src comp="1182" pin="1"/><net_sink comp="2391" pin=0"/></net>

<net id="2395"><net_src comp="2391" pin="1"/><net_sink comp="1307" pin=7"/></net>

<net id="2396"><net_src comp="2391" pin="1"/><net_sink comp="1347" pin=7"/></net>

<net id="2397"><net_src comp="2391" pin="1"/><net_sink comp="1387" pin=7"/></net>

<net id="2398"><net_src comp="2391" pin="1"/><net_sink comp="1427" pin=7"/></net>

<net id="2399"><net_src comp="2391" pin="1"/><net_sink comp="1467" pin=7"/></net>

<net id="2403"><net_src comp="1185" pin="2"/><net_sink comp="2400" pin=0"/></net>

<net id="2404"><net_src comp="2400" pin="1"/><net_sink comp="1318" pin=0"/></net>

<net id="2405"><net_src comp="2400" pin="1"/><net_sink comp="1358" pin=0"/></net>

<net id="2406"><net_src comp="2400" pin="1"/><net_sink comp="1398" pin=0"/></net>

<net id="2407"><net_src comp="2400" pin="1"/><net_sink comp="1438" pin=0"/></net>

<net id="2408"><net_src comp="2400" pin="1"/><net_sink comp="1478" pin=0"/></net>

<net id="2412"><net_src comp="1191" pin="3"/><net_sink comp="2409" pin=0"/></net>

<net id="2413"><net_src comp="2409" pin="1"/><net_sink comp="1325" pin=7"/></net>

<net id="2414"><net_src comp="2409" pin="1"/><net_sink comp="1365" pin=7"/></net>

<net id="2415"><net_src comp="2409" pin="1"/><net_sink comp="1405" pin=7"/></net>

<net id="2416"><net_src comp="2409" pin="1"/><net_sink comp="1445" pin=7"/></net>

<net id="2417"><net_src comp="2409" pin="1"/><net_sink comp="1485" pin=7"/></net>

<net id="2421"><net_src comp="1199" pin="2"/><net_sink comp="2418" pin=0"/></net>

<net id="2422"><net_src comp="2418" pin="1"/><net_sink comp="1296" pin=7"/></net>

<net id="2423"><net_src comp="2418" pin="1"/><net_sink comp="1336" pin=7"/></net>

<net id="2424"><net_src comp="2418" pin="1"/><net_sink comp="1376" pin=7"/></net>

<net id="2425"><net_src comp="2418" pin="1"/><net_sink comp="1416" pin=7"/></net>

<net id="2426"><net_src comp="2418" pin="1"/><net_sink comp="1456" pin=7"/></net>

<net id="2430"><net_src comp="1241" pin="3"/><net_sink comp="2427" pin=0"/></net>

<net id="2431"><net_src comp="2427" pin="1"/><net_sink comp="1125" pin=0"/></net>

<net id="2435"><net_src comp="1249" pin="3"/><net_sink comp="2432" pin=0"/></net>

<net id="2439"><net_src comp="1257" pin="8"/><net_sink comp="2436" pin=0"/></net>

<net id="2440"><net_src comp="2436" pin="1"/><net_sink comp="1125" pin=1"/></net>

<net id="2444"><net_src comp="1125" pin="2"/><net_sink comp="2441" pin=0"/></net>

<net id="2445"><net_src comp="2441" pin="1"/><net_sink comp="1100" pin=0"/></net>

<net id="2449"><net_src comp="1318" pin="3"/><net_sink comp="2446" pin=0"/></net>

<net id="2450"><net_src comp="2446" pin="1"/><net_sink comp="1129" pin=0"/></net>

<net id="2454"><net_src comp="1325" pin="8"/><net_sink comp="2451" pin=0"/></net>

<net id="2455"><net_src comp="2451" pin="1"/><net_sink comp="1129" pin=1"/></net>

<net id="2459"><net_src comp="1100" pin="2"/><net_sink comp="2456" pin=0"/></net>

<net id="2460"><net_src comp="2456" pin="1"/><net_sink comp="1105" pin=0"/></net>

<net id="2464"><net_src comp="1129" pin="2"/><net_sink comp="2461" pin=0"/></net>

<net id="2465"><net_src comp="2461" pin="1"/><net_sink comp="1105" pin=1"/></net>

<net id="2469"><net_src comp="1358" pin="3"/><net_sink comp="2466" pin=0"/></net>

<net id="2470"><net_src comp="2466" pin="1"/><net_sink comp="1133" pin=0"/></net>

<net id="2474"><net_src comp="1365" pin="8"/><net_sink comp="2471" pin=0"/></net>

<net id="2475"><net_src comp="2471" pin="1"/><net_sink comp="1133" pin=1"/></net>

<net id="2479"><net_src comp="1105" pin="2"/><net_sink comp="2476" pin=0"/></net>

<net id="2480"><net_src comp="2476" pin="1"/><net_sink comp="1109" pin=0"/></net>

<net id="2484"><net_src comp="1133" pin="2"/><net_sink comp="2481" pin=0"/></net>

<net id="2485"><net_src comp="2481" pin="1"/><net_sink comp="1109" pin=1"/></net>

<net id="2489"><net_src comp="1398" pin="3"/><net_sink comp="2486" pin=0"/></net>

<net id="2490"><net_src comp="2486" pin="1"/><net_sink comp="1137" pin=0"/></net>

<net id="2494"><net_src comp="1405" pin="8"/><net_sink comp="2491" pin=0"/></net>

<net id="2495"><net_src comp="2491" pin="1"/><net_sink comp="1137" pin=1"/></net>

<net id="2499"><net_src comp="1109" pin="2"/><net_sink comp="2496" pin=0"/></net>

<net id="2500"><net_src comp="2496" pin="1"/><net_sink comp="1113" pin=0"/></net>

<net id="2504"><net_src comp="1137" pin="2"/><net_sink comp="2501" pin=0"/></net>

<net id="2505"><net_src comp="2501" pin="1"/><net_sink comp="1113" pin=1"/></net>

<net id="2509"><net_src comp="1438" pin="3"/><net_sink comp="2506" pin=0"/></net>

<net id="2510"><net_src comp="2506" pin="1"/><net_sink comp="1141" pin=0"/></net>

<net id="2514"><net_src comp="1445" pin="8"/><net_sink comp="2511" pin=0"/></net>

<net id="2515"><net_src comp="2511" pin="1"/><net_sink comp="1141" pin=1"/></net>

<net id="2519"><net_src comp="1113" pin="2"/><net_sink comp="2516" pin=0"/></net>

<net id="2520"><net_src comp="2516" pin="1"/><net_sink comp="1117" pin=0"/></net>

<net id="2524"><net_src comp="1141" pin="2"/><net_sink comp="2521" pin=0"/></net>

<net id="2525"><net_src comp="2521" pin="1"/><net_sink comp="1117" pin=1"/></net>

<net id="2529"><net_src comp="1478" pin="3"/><net_sink comp="2526" pin=0"/></net>

<net id="2530"><net_src comp="2526" pin="1"/><net_sink comp="1145" pin=0"/></net>

<net id="2534"><net_src comp="1485" pin="8"/><net_sink comp="2531" pin=0"/></net>

<net id="2535"><net_src comp="2531" pin="1"/><net_sink comp="1145" pin=1"/></net>

<net id="2539"><net_src comp="1117" pin="2"/><net_sink comp="2536" pin=0"/></net>

<net id="2540"><net_src comp="2536" pin="1"/><net_sink comp="1121" pin=0"/></net>

<net id="2544"><net_src comp="1145" pin="2"/><net_sink comp="2541" pin=0"/></net>

<net id="2545"><net_src comp="2541" pin="1"/><net_sink comp="1121" pin=1"/></net>

</net_list>

</model> 
---------------- Datapath Model END ------------------

* FSMD analyzer results:
  - Output states:
	Port: mux_case_522243393_out | {27 }
	Port: mux_case_422223387_out | {27 }
	Port: mux_case_322203381_out | {27 }
	Port: mux_case_222183375_out | {27 }
	Port: mux_case_122163369_out | {27 }
	Port: mux_case_022143363_out | {27 }
	Port: mux_case_522113357_out | {27 }
	Port: mux_case_422093351_out | {27 }
	Port: mux_case_322073345_out | {27 }
	Port: mux_case_222053339_out | {27 }
	Port: mux_case_122033333_out | {27 }
	Port: mux_case_022013327_out | {27 }
	Port: mux_case_521983321_out | {27 }
	Port: mux_case_421963315_out | {27 }
	Port: mux_case_321943309_out | {27 }
	Port: mux_case_221923303_out | {27 }
	Port: mux_case_121903297_out | {27 }
	Port: mux_case_021883291_out | {27 }
	Port: mux_case_521853285_out | {27 }
	Port: mux_case_421833279_out | {27 }
	Port: mux_case_321813273_out | {27 }
	Port: mux_case_221793267_out | {27 }
	Port: mux_case_121773261_out | {27 }
	Port: mux_case_021753255_out | {27 }
	Port: mux_case_521723249_out | {27 }
	Port: mux_case_421703243_out | {27 }
	Port: mux_case_321683237_out | {27 }
	Port: mux_case_221663231_out | {27 }
	Port: mux_case_121643225_out | {27 }
	Port: mux_case_021623219_out | {27 }
	Port: mux_case_521593212_out | {27 }
	Port: mux_case_421573206_out | {27 }
	Port: mux_case_321553200_out | {27 }
	Port: mux_case_221533194_out | {27 }
	Port: mux_case_121513188_out | {27 }
	Port: mux_case_021493182_out | {27 }
 - Input state : 
	Port: ekf_batch_Pipeline_VITIS_LOOP_17_1_VITIS_LOOP_18_24 : mux_case_019453001_reload | {1 }
	Port: ekf_batch_Pipeline_VITIS_LOOP_17_1_VITIS_LOOP_18_24 : mux_case_119473007_reload | {1 }
	Port: ekf_batch_Pipeline_VITIS_LOOP_17_1_VITIS_LOOP_18_24 : mux_case_219493012_reload | {1 }
	Port: ekf_batch_Pipeline_VITIS_LOOP_17_1_VITIS_LOOP_18_24 : mux_case_319513017_reload | {1 }
	Port: ekf_batch_Pipeline_VITIS_LOOP_17_1_VITIS_LOOP_18_24 : mux_case_419533022_reload | {1 }
	Port: ekf_batch_Pipeline_VITIS_LOOP_17_1_VITIS_LOOP_18_24 : mux_case_519553027_reload | {1 }
	Port: ekf_batch_Pipeline_VITIS_LOOP_17_1_VITIS_LOOP_18_24 : mux_case_019573031_reload | {1 }
	Port: ekf_batch_Pipeline_VITIS_LOOP_17_1_VITIS_LOOP_18_24 : mux_case_119593037_reload | {1 }
	Port: ekf_batch_Pipeline_VITIS_LOOP_17_1_VITIS_LOOP_18_24 : mux_case_219613042_reload | {1 }
	Port: ekf_batch_Pipeline_VITIS_LOOP_17_1_VITIS_LOOP_18_24 : mux_case_319633047_reload | {1 }
	Port: ekf_batch_Pipeline_VITIS_LOOP_17_1_VITIS_LOOP_18_24 : mux_case_419653052_reload | {1 }
	Port: ekf_batch_Pipeline_VITIS_LOOP_17_1_VITIS_LOOP_18_24 : mux_case_519673057_reload | {1 }
	Port: ekf_batch_Pipeline_VITIS_LOOP_17_1_VITIS_LOOP_18_24 : mux_case_019693061_reload | {1 }
	Port: ekf_batch_Pipeline_VITIS_LOOP_17_1_VITIS_LOOP_18_24 : mux_case_119713067_reload | {1 }
	Port: ekf_batch_Pipeline_VITIS_LOOP_17_1_VITIS_LOOP_18_24 : mux_case_219733072_reload | {1 }
	Port: ekf_batch_Pipeline_VITIS_LOOP_17_1_VITIS_LOOP_18_24 : mux_case_319753077_reload | {1 }
	Port: ekf_batch_Pipeline_VITIS_LOOP_17_1_VITIS_LOOP_18_24 : mux_case_419773082_reload | {1 }
	Port: ekf_batch_Pipeline_VITIS_LOOP_17_1_VITIS_LOOP_18_24 : mux_case_519793087_reload | {1 }
	Port: ekf_batch_Pipeline_VITIS_LOOP_17_1_VITIS_LOOP_18_24 : mux_case_019813091_reload | {1 }
	Port: ekf_batch_Pipeline_VITIS_LOOP_17_1_VITIS_LOOP_18_24 : mux_case_119833097_reload | {1 }
	Port: ekf_batch_Pipeline_VITIS_LOOP_17_1_VITIS_LOOP_18_24 : mux_case_219853102_reload | {1 }
	Port: ekf_batch_Pipeline_VITIS_LOOP_17_1_VITIS_LOOP_18_24 : mux_case_319873107_reload | {1 }
	Port: ekf_batch_Pipeline_VITIS_LOOP_17_1_VITIS_LOOP_18_24 : mux_case_419893112_reload | {1 }
	Port: ekf_batch_Pipeline_VITIS_LOOP_17_1_VITIS_LOOP_18_24 : mux_case_519913117_reload | {1 }
	Port: ekf_batch_Pipeline_VITIS_LOOP_17_1_VITIS_LOOP_18_24 : mux_case_019933121_reload | {1 }
	Port: ekf_batch_Pipeline_VITIS_LOOP_17_1_VITIS_LOOP_18_24 : mux_case_119953127_reload | {1 }
	Port: ekf_batch_Pipeline_VITIS_LOOP_17_1_VITIS_LOOP_18_24 : mux_case_219973132_reload | {1 }
	Port: ekf_batch_Pipeline_VITIS_LOOP_17_1_VITIS_LOOP_18_24 : mux_case_319993137_reload | {1 }
	Port: ekf_batch_Pipeline_VITIS_LOOP_17_1_VITIS_LOOP_18_24 : mux_case_420013142_reload | {1 }
	Port: ekf_batch_Pipeline_VITIS_LOOP_17_1_VITIS_LOOP_18_24 : mux_case_520033147_reload | {1 }
	Port: ekf_batch_Pipeline_VITIS_LOOP_17_1_VITIS_LOOP_18_24 : mux_case_020053151_reload | {1 }
	Port: ekf_batch_Pipeline_VITIS_LOOP_17_1_VITIS_LOOP_18_24 : mux_case_120073157_reload | {1 }
	Port: ekf_batch_Pipeline_VITIS_LOOP_17_1_VITIS_LOOP_18_24 : mux_case_220093162_reload | {1 }
	Port: ekf_batch_Pipeline_VITIS_LOOP_17_1_VITIS_LOOP_18_24 : mux_case_320113167_reload | {1 }
	Port: ekf_batch_Pipeline_VITIS_LOOP_17_1_VITIS_LOOP_18_24 : mux_case_420133172_reload | {1 }
	Port: ekf_batch_Pipeline_VITIS_LOOP_17_1_VITIS_LOOP_18_24 : mux_case_520153177_reload | {1 }
	Port: ekf_batch_Pipeline_VITIS_LOOP_17_1_VITIS_LOOP_18_24 : At_reload | {1 }
	Port: ekf_batch_Pipeline_VITIS_LOOP_17_1_VITIS_LOOP_18_24 : At_1_reload | {1 }
	Port: ekf_batch_Pipeline_VITIS_LOOP_17_1_VITIS_LOOP_18_24 : At_2_reload | {1 }
	Port: ekf_batch_Pipeline_VITIS_LOOP_17_1_VITIS_LOOP_18_24 : At_3_reload | {1 }
	Port: ekf_batch_Pipeline_VITIS_LOOP_17_1_VITIS_LOOP_18_24 : At_4_reload | {1 }
	Port: ekf_batch_Pipeline_VITIS_LOOP_17_1_VITIS_LOOP_18_24 : At_5_reload | {1 }
	Port: ekf_batch_Pipeline_VITIS_LOOP_17_1_VITIS_LOOP_18_24 : At_6_reload | {1 }
	Port: ekf_batch_Pipeline_VITIS_LOOP_17_1_VITIS_LOOP_18_24 : At_7_reload | {1 }
	Port: ekf_batch_Pipeline_VITIS_LOOP_17_1_VITIS_LOOP_18_24 : At_8_reload | {1 }
	Port: ekf_batch_Pipeline_VITIS_LOOP_17_1_VITIS_LOOP_18_24 : At_9_reload | {1 }
	Port: ekf_batch_Pipeline_VITIS_LOOP_17_1_VITIS_LOOP_18_24 : At_10_reload | {1 }
	Port: ekf_batch_Pipeline_VITIS_LOOP_17_1_VITIS_LOOP_18_24 : At_11_reload | {1 }
	Port: ekf_batch_Pipeline_VITIS_LOOP_17_1_VITIS_LOOP_18_24 : At_12_reload | {1 }
	Port: ekf_batch_Pipeline_VITIS_LOOP_17_1_VITIS_LOOP_18_24 : At_13_reload | {1 }
	Port: ekf_batch_Pipeline_VITIS_LOOP_17_1_VITIS_LOOP_18_24 : At_14_reload | {1 }
	Port: ekf_batch_Pipeline_VITIS_LOOP_17_1_VITIS_LOOP_18_24 : At_15_reload | {1 }
	Port: ekf_batch_Pipeline_VITIS_LOOP_17_1_VITIS_LOOP_18_24 : At_16_reload | {1 }
	Port: ekf_batch_Pipeline_VITIS_LOOP_17_1_VITIS_LOOP_18_24 : At_17_reload | {1 }
	Port: ekf_batch_Pipeline_VITIS_LOOP_17_1_VITIS_LOOP_18_24 : At_18_reload | {1 }
	Port: ekf_batch_Pipeline_VITIS_LOOP_17_1_VITIS_LOOP_18_24 : At_19_reload | {1 }
	Port: ekf_batch_Pipeline_VITIS_LOOP_17_1_VITIS_LOOP_18_24 : At_20_reload | {1 }
	Port: ekf_batch_Pipeline_VITIS_LOOP_17_1_VITIS_LOOP_18_24 : At_21_reload | {1 }
	Port: ekf_batch_Pipeline_VITIS_LOOP_17_1_VITIS_LOOP_18_24 : At_22_reload | {1 }
	Port: ekf_batch_Pipeline_VITIS_LOOP_17_1_VITIS_LOOP_18_24 : At_23_reload | {1 }
	Port: ekf_batch_Pipeline_VITIS_LOOP_17_1_VITIS_LOOP_18_24 : At_24_reload | {1 }
	Port: ekf_batch_Pipeline_VITIS_LOOP_17_1_VITIS_LOOP_18_24 : At_25_reload | {1 }
	Port: ekf_batch_Pipeline_VITIS_LOOP_17_1_VITIS_LOOP_18_24 : At_26_reload | {1 }
	Port: ekf_batch_Pipeline_VITIS_LOOP_17_1_VITIS_LOOP_18_24 : At_27_reload | {1 }
	Port: ekf_batch_Pipeline_VITIS_LOOP_17_1_VITIS_LOOP_18_24 : At_28_reload | {1 }
	Port: ekf_batch_Pipeline_VITIS_LOOP_17_1_VITIS_LOOP_18_24 : At_29_reload | {1 }
	Port: ekf_batch_Pipeline_VITIS_LOOP_17_1_VITIS_LOOP_18_24 : At_30_reload | {1 }
	Port: ekf_batch_Pipeline_VITIS_LOOP_17_1_VITIS_LOOP_18_24 : At_31_reload | {1 }
	Port: ekf_batch_Pipeline_VITIS_LOOP_17_1_VITIS_LOOP_18_24 : At_32_reload | {1 }
	Port: ekf_batch_Pipeline_VITIS_LOOP_17_1_VITIS_LOOP_18_24 : At_33_reload | {1 }
	Port: ekf_batch_Pipeline_VITIS_LOOP_17_1_VITIS_LOOP_18_24 : At_34_reload | {1 }
	Port: ekf_batch_Pipeline_VITIS_LOOP_17_1_VITIS_LOOP_18_24 : At_35_reload | {1 }
  - Chain level:
	State 1
		store_ln0 : 1
		store_ln0 : 1
		store_ln0 : 1
		indvar_flatten41_load : 1
		icmp_ln17 : 2
		add_ln17 : 2
		br_ln17 : 3
		j_load : 1
		i_load : 1
		icmp_ln18 : 2
		select_ln17 : 3
		add_ln17_1 : 2
		tmp_89_mid1 : 3
		tmp_s : 2
		select_ln17_1 : 4
		select_ln17_7 : 3
		tmp_25 : 4
		switch_ln25 : 4
		switch_ln25 : 4
		switch_ln25 : 4
		switch_ln25 : 4
		switch_ln25 : 4
		switch_ln25 : 4
		switch_ln25 : 4
		add_ln18 : 4
		store_ln18 : 3
		store_ln18 : 4
		store_ln18 : 5
	State 2
	State 3
	State 4
	State 5
		select_ln17_2 : 1
	State 6
	State 7
	State 8
	State 9
		select_ln17_3 : 1
	State 10
	State 11
	State 12
	State 13
		select_ln17_4 : 1
	State 14
	State 15
	State 16
	State 17
		select_ln17_5 : 1
	State 18
	State 19
	State 20
	State 21
		select_ln17_6 : 1
	State 22
	State 23
	State 24
	State 25
	State 26
	State 27
		write_ln0 : 1
		write_ln0 : 1
		write_ln0 : 1
		write_ln0 : 1
		write_ln0 : 1
		write_ln0 : 1
		write_ln0 : 1
		write_ln0 : 1
		write_ln0 : 1
		write_ln0 : 1
		write_ln0 : 1
		write_ln0 : 1
		write_ln0 : 1
		write_ln0 : 1
		write_ln0 : 1
		write_ln0 : 1
		write_ln0 : 1
		write_ln0 : 1
		write_ln0 : 1
		write_ln0 : 1
		write_ln0 : 1
		write_ln0 : 1
		write_ln0 : 1
		write_ln0 : 1
		write_ln0 : 1
		write_ln0 : 1
		write_ln0 : 1
		write_ln0 : 1
		write_ln0 : 1
		write_ln0 : 1
		write_ln0 : 1
		write_ln0 : 1
		write_ln0 : 1
		write_ln0 : 1
		write_ln0 : 1
		write_ln0 : 1
	State 28
		store_ln25 : 1
		store_ln25 : 1
		store_ln25 : 1
		store_ln25 : 1
		store_ln25 : 1
		store_ln25 : 1
		store_ln25 : 1
		store_ln25 : 1
		store_ln25 : 1
		store_ln25 : 1
		store_ln25 : 1
		store_ln25 : 1
		store_ln25 : 1
		store_ln25 : 1
		store_ln25 : 1
		store_ln25 : 1
		store_ln25 : 1
		store_ln25 : 1
		store_ln25 : 1
		store_ln25 : 1
		store_ln25 : 1
		store_ln25 : 1
		store_ln25 : 1
		store_ln25 : 1
		store_ln25 : 1
		store_ln25 : 1
		store_ln25 : 1
		store_ln25 : 1
		store_ln25 : 1
		store_ln25 : 1
		store_ln25 : 1
		store_ln25 : 1
		store_ln25 : 1
		store_ln25 : 1
		store_ln25 : 1
		store_ln25 : 1


============================================================
+ Verbose Summary: Datapath Resource usage 
============================================================

* Functional unit list:
|----------|--------------------------------------------|---------|---------|---------|
| Operation|               Functional Unit              |   DSP   |    FF   |   LUT   |
|----------|--------------------------------------------|---------|---------|---------|
|          |                 grp_fu_1100                |    2    |   227   |   214   |
|          |                 grp_fu_1105                |    2    |   227   |   214   |
|   fadd   |                 grp_fu_1109                |    2    |   227   |   214   |
|          |                 grp_fu_1113                |    2    |   227   |   214   |
|          |                 grp_fu_1117                |    2    |   227   |   214   |
|          |                 grp_fu_1121                |    2    |   227   |   214   |
|----------|--------------------------------------------|---------|---------|---------|
|          |                 grp_fu_1125                |    3    |   128   |   135   |
|          |                 grp_fu_1129                |    3    |   128   |   135   |
|   fmul   |                 grp_fu_1133                |    3    |   128   |   135   |
|          |                 grp_fu_1137                |    3    |   128   |   135   |
|          |                 grp_fu_1141                |    3    |   128   |   135   |
|          |                 grp_fu_1145                |    3    |   128   |   135   |
|----------|--------------------------------------------|---------|---------|---------|
|          |             tmp_89_mid1_fu_1205            |    0    |    0    |    31   |
|          |                tmp_s_fu_1223               |    0    |    0    |    31   |
|          |               tmp_25_fu_1257               |    0    |    0    |    31   |
|          |             tmp_90_mid1_fu_1296            |    0    |    0    |    31   |
|          |               tmp_20_fu_1307               |    0    |    0    |    31   |
|          |               tmp_26_fu_1325               |    0    |    0    |    31   |
|          |             tmp_91_mid1_fu_1336            |    0    |    0    |    31   |
|          |               tmp_21_fu_1347               |    0    |    0    |    31   |
|    mux   |               tmp_27_fu_1365               |    0    |    0    |    31   |
|          |             tmp_92_mid1_fu_1376            |    0    |    0    |    31   |
|          |               tmp_22_fu_1387               |    0    |    0    |    31   |
|          |               tmp_28_fu_1405               |    0    |    0    |    31   |
|          |             tmp_93_mid1_fu_1416            |    0    |    0    |    31   |
|          |               tmp_23_fu_1427               |    0    |    0    |    31   |
|          |               tmp_29_fu_1445               |    0    |    0    |    31   |
|          |             tmp_94_mid1_fu_1456            |    0    |    0    |    31   |
|          |               tmp_24_fu_1467               |    0    |    0    |    31   |
|          |               tmp_30_fu_1485               |    0    |    0    |    31   |
|----------|--------------------------------------------|---------|---------|---------|
|          |             select_ln17_fu_1191            |    0    |    0    |    3    |
|          |            select_ln17_1_fu_1241           |    0    |    0    |    32   |
|          |            select_ln17_7_fu_1249           |    0    |    0    |    3    |
|  select  |            select_ln17_2_fu_1318           |    0    |    0    |    32   |
|          |            select_ln17_3_fu_1358           |    0    |    0    |    32   |
|          |            select_ln17_4_fu_1398           |    0    |    0    |    32   |
|          |            select_ln17_5_fu_1438           |    0    |    0    |    32   |
|          |            select_ln17_6_fu_1478           |    0    |    0    |    32   |
|----------|--------------------------------------------|---------|---------|---------|
|          |              add_ln17_fu_1173              |    0    |    0    |    13   |
|    add   |             add_ln17_1_fu_1199             |    0    |    0    |    10   |
|          |              add_ln18_fu_1275              |    0    |    0    |    10   |
|----------|--------------------------------------------|---------|---------|---------|
|   icmp   |              icmp_ln17_fu_1167             |    0    |    0    |    13   |
|          |              icmp_ln18_fu_1185             |    0    |    0    |    10   |
|----------|--------------------------------------------|---------|---------|---------|
|          |        At_35_reload_read_read_fu_416       |    0    |    0    |    0    |
|          |        At_34_reload_read_read_fu_422       |    0    |    0    |    0    |
|          |        At_33_reload_read_read_fu_428       |    0    |    0    |    0    |
|          |        At_32_reload_read_read_fu_434       |    0    |    0    |    0    |
|          |        At_31_reload_read_read_fu_440       |    0    |    0    |    0    |
|          |        At_30_reload_read_read_fu_446       |    0    |    0    |    0    |
|          |        At_29_reload_read_read_fu_452       |    0    |    0    |    0    |
|          |        At_28_reload_read_read_fu_458       |    0    |    0    |    0    |
|          |        At_27_reload_read_read_fu_464       |    0    |    0    |    0    |
|          |        At_26_reload_read_read_fu_470       |    0    |    0    |    0    |
|          |        At_25_reload_read_read_fu_476       |    0    |    0    |    0    |
|          |        At_24_reload_read_read_fu_482       |    0    |    0    |    0    |
|          |        At_23_reload_read_read_fu_488       |    0    |    0    |    0    |
|          |        At_22_reload_read_read_fu_494       |    0    |    0    |    0    |
|          |        At_21_reload_read_read_fu_500       |    0    |    0    |    0    |
|          |        At_20_reload_read_read_fu_506       |    0    |    0    |    0    |
|          |        At_19_reload_read_read_fu_512       |    0    |    0    |    0    |
|          |        At_18_reload_read_read_fu_518       |    0    |    0    |    0    |
|          |        At_17_reload_read_read_fu_524       |    0    |    0    |    0    |
|          |        At_16_reload_read_read_fu_530       |    0    |    0    |    0    |
|          |        At_15_reload_read_read_fu_536       |    0    |    0    |    0    |
|          |        At_14_reload_read_read_fu_542       |    0    |    0    |    0    |
|          |        At_13_reload_read_read_fu_548       |    0    |    0    |    0    |
|          |        At_12_reload_read_read_fu_554       |    0    |    0    |    0    |
|          |        At_11_reload_read_read_fu_560       |    0    |    0    |    0    |
|          |        At_10_reload_read_read_fu_566       |    0    |    0    |    0    |
|          |        At_9_reload_read_read_fu_572        |    0    |    0    |    0    |
|          |        At_8_reload_read_read_fu_578        |    0    |    0    |    0    |
|          |        At_7_reload_read_read_fu_584        |    0    |    0    |    0    |
|          |        At_6_reload_read_read_fu_590        |    0    |    0    |    0    |
|          |        At_5_reload_read_read_fu_596        |    0    |    0    |    0    |
|          |        At_4_reload_read_read_fu_602        |    0    |    0    |    0    |
|          |        At_3_reload_read_read_fu_608        |    0    |    0    |    0    |
|          |        At_2_reload_read_read_fu_614        |    0    |    0    |    0    |
|          |        At_1_reload_read_read_fu_620        |    0    |    0    |    0    |
|   read   |         At_reload_read_read_fu_626         |    0    |    0    |    0    |
|          | mux_case_520153177_reload_read_read_fu_632 |    0    |    0    |    0    |
|          | mux_case_420133172_reload_read_read_fu_638 |    0    |    0    |    0    |
|          | mux_case_320113167_reload_read_read_fu_644 |    0    |    0    |    0    |
|          | mux_case_220093162_reload_read_read_fu_650 |    0    |    0    |    0    |
|          | mux_case_120073157_reload_read_read_fu_656 |    0    |    0    |    0    |
|          | mux_case_020053151_reload_read_read_fu_662 |    0    |    0    |    0    |
|          | mux_case_520033147_reload_read_read_fu_668 |    0    |    0    |    0    |
|          | mux_case_420013142_reload_read_read_fu_674 |    0    |    0    |    0    |
|          | mux_case_319993137_reload_read_read_fu_680 |    0    |    0    |    0    |
|          | mux_case_219973132_reload_read_read_fu_686 |    0    |    0    |    0    |
|          | mux_case_119953127_reload_read_read_fu_692 |    0    |    0    |    0    |
|          | mux_case_019933121_reload_read_read_fu_698 |    0    |    0    |    0    |
|          | mux_case_519913117_reload_read_read_fu_704 |    0    |    0    |    0    |
|          | mux_case_419893112_reload_read_read_fu_710 |    0    |    0    |    0    |
|          | mux_case_319873107_reload_read_read_fu_716 |    0    |    0    |    0    |
|          | mux_case_219853102_reload_read_read_fu_722 |    0    |    0    |    0    |
|          | mux_case_119833097_reload_read_read_fu_728 |    0    |    0    |    0    |
|          | mux_case_019813091_reload_read_read_fu_734 |    0    |    0    |    0    |
|          | mux_case_519793087_reload_read_read_fu_740 |    0    |    0    |    0    |
|          | mux_case_419773082_reload_read_read_fu_746 |    0    |    0    |    0    |
|          | mux_case_319753077_reload_read_read_fu_752 |    0    |    0    |    0    |
|          | mux_case_219733072_reload_read_read_fu_758 |    0    |    0    |    0    |
|          | mux_case_119713067_reload_read_read_fu_764 |    0    |    0    |    0    |
|          | mux_case_019693061_reload_read_read_fu_770 |    0    |    0    |    0    |
|          | mux_case_519673057_reload_read_read_fu_776 |    0    |    0    |    0    |
|          | mux_case_419653052_reload_read_read_fu_782 |    0    |    0    |    0    |
|          | mux_case_319633047_reload_read_read_fu_788 |    0    |    0    |    0    |
|          | mux_case_219613042_reload_read_read_fu_794 |    0    |    0    |    0    |
|          | mux_case_119593037_reload_read_read_fu_800 |    0    |    0    |    0    |
|          | mux_case_019573031_reload_read_read_fu_806 |    0    |    0    |    0    |
|          | mux_case_519553027_reload_read_read_fu_812 |    0    |    0    |    0    |
|          | mux_case_419533022_reload_read_read_fu_818 |    0    |    0    |    0    |
|          | mux_case_319513017_reload_read_read_fu_824 |    0    |    0    |    0    |
|          | mux_case_219493012_reload_read_read_fu_830 |    0    |    0    |    0    |
|          | mux_case_119473007_reload_read_read_fu_836 |    0    |    0    |    0    |
|          | mux_case_019453001_reload_read_read_fu_842 |    0    |    0    |    0    |
|----------|--------------------------------------------|---------|---------|---------|
|          |           write_ln0_write_fu_848           |    0    |    0    |    0    |
|          |           write_ln0_write_fu_855           |    0    |    0    |    0    |
|          |           write_ln0_write_fu_862           |    0    |    0    |    0    |
|          |           write_ln0_write_fu_869           |    0    |    0    |    0    |
|          |           write_ln0_write_fu_876           |    0    |    0    |    0    |
|          |           write_ln0_write_fu_883           |    0    |    0    |    0    |
|          |           write_ln0_write_fu_890           |    0    |    0    |    0    |
|          |           write_ln0_write_fu_897           |    0    |    0    |    0    |
|          |           write_ln0_write_fu_904           |    0    |    0    |    0    |
|          |           write_ln0_write_fu_911           |    0    |    0    |    0    |
|          |           write_ln0_write_fu_918           |    0    |    0    |    0    |
|          |           write_ln0_write_fu_925           |    0    |    0    |    0    |
|          |           write_ln0_write_fu_932           |    0    |    0    |    0    |
|          |           write_ln0_write_fu_939           |    0    |    0    |    0    |
|          |           write_ln0_write_fu_946           |    0    |    0    |    0    |
|          |           write_ln0_write_fu_953           |    0    |    0    |    0    |
|          |           write_ln0_write_fu_960           |    0    |    0    |    0    |
|   write  |           write_ln0_write_fu_967           |    0    |    0    |    0    |
|          |           write_ln0_write_fu_974           |    0    |    0    |    0    |
|          |           write_ln0_write_fu_981           |    0    |    0    |    0    |
|          |           write_ln0_write_fu_988           |    0    |    0    |    0    |
|          |           write_ln0_write_fu_995           |    0    |    0    |    0    |
|          |           write_ln0_write_fu_1002          |    0    |    0    |    0    |
|          |           write_ln0_write_fu_1009          |    0    |    0    |    0    |
|          |           write_ln0_write_fu_1016          |    0    |    0    |    0    |
|          |           write_ln0_write_fu_1023          |    0    |    0    |    0    |
|          |           write_ln0_write_fu_1030          |    0    |    0    |    0    |
|          |           write_ln0_write_fu_1037          |    0    |    0    |    0    |
|          |           write_ln0_write_fu_1044          |    0    |    0    |    0    |
|          |           write_ln0_write_fu_1051          |    0    |    0    |    0    |
|          |           write_ln0_write_fu_1058          |    0    |    0    |    0    |
|          |           write_ln0_write_fu_1065          |    0    |    0    |    0    |
|          |           write_ln0_write_fu_1072          |    0    |    0    |    0    |
|          |           write_ln0_write_fu_1079          |    0    |    0    |    0    |
|          |           write_ln0_write_fu_1086          |    0    |    0    |    0    |
|          |           write_ln0_write_fu_1093          |    0    |    0    |    0    |
|----------|--------------------------------------------|---------|---------|---------|
|   Total  |                                            |    30   |   2130  |   2906  |
|----------|--------------------------------------------|---------|---------|---------|

Memories:
N/A

* Register list:
+---------------------------------------+--------+
|                                       |   FF   |
+---------------------------------------+--------+
|       At_10_reload_read_reg_2182      |   32   |
|       At_11_reload_read_reg_2177      |   32   |
|       At_12_reload_read_reg_2172      |   32   |
|       At_13_reload_read_reg_2167      |   32   |
|       At_14_reload_read_reg_2162      |   32   |
|       At_15_reload_read_reg_2157      |   32   |
|       At_16_reload_read_reg_2152      |   32   |
|       At_17_reload_read_reg_2147      |   32   |
|       At_18_reload_read_reg_2142      |   32   |
|       At_19_reload_read_reg_2137      |   32   |
|       At_20_reload_read_reg_2132      |   32   |
|       At_21_reload_read_reg_2127      |   32   |
|       At_22_reload_read_reg_2122      |   32   |
|       At_23_reload_read_reg_2117      |   32   |
|       At_24_reload_read_reg_2112      |   32   |
|       At_25_reload_read_reg_2107      |   32   |
|       At_26_reload_read_reg_2102      |   32   |
|       At_27_reload_read_reg_2097      |   32   |
|       At_28_reload_read_reg_2092      |   32   |
|       At_29_reload_read_reg_2087      |   32   |
|       At_30_reload_read_reg_2082      |   32   |
|       At_31_reload_read_reg_2077      |   32   |
|       At_32_reload_read_reg_2072      |   32   |
|       At_33_reload_read_reg_2067      |   32   |
|       At_34_reload_read_reg_2062      |   32   |
|       At_35_reload_read_reg_2057      |   32   |
|       At_6_reload_read_reg_2202       |   32   |
|       At_7_reload_read_reg_2197       |   32   |
|       At_8_reload_read_reg_2192       |   32   |
|       At_9_reload_read_reg_2187       |   32   |
|            acc_10_reg_1865            |   32   |
|            acc_11_reg_1871            |   32   |
|            acc_12_reg_1877            |   32   |
|            acc_13_reg_1883            |   32   |
|            acc_14_reg_1889            |   32   |
|            acc_15_reg_1895            |   32   |
|            acc_16_reg_1901            |   32   |
|            acc_17_reg_1907            |   32   |
|            acc_18_reg_1913            |   32   |
|            acc_19_reg_1919            |   32   |
|            acc_20_reg_1925            |   32   |
|            acc_21_reg_1931            |   32   |
|            acc_22_reg_1937            |   32   |
|            acc_23_reg_1943            |   32   |
|            acc_24_reg_1949            |   32   |
|            acc_25_reg_1955            |   32   |
|            acc_26_reg_1961            |   32   |
|            acc_27_reg_1967            |   32   |
|            acc_28_reg_1973            |   32   |
|            acc_29_reg_1979            |   32   |
|            acc_36_reg_1985            |   32   |
|            acc_37_reg_1991            |   32   |
|            acc_38_reg_1997            |   32   |
|            acc_39_reg_2003            |   32   |
|            acc_40_reg_2009            |   32   |
|            acc_41_reg_2015            |   32   |
|            acc_42_reg_2021            |   32   |
|            acc_43_reg_2027            |   32   |
|            acc_44_reg_2033            |   32   |
|            acc_45_reg_2039            |   32   |
|            acc_46_reg_2045            |   32   |
|            acc_47_reg_2051            |   32   |
|            acc_48_reg_2456            |   32   |
|            acc_49_reg_2476            |   32   |
|            acc_50_reg_2496            |   32   |
|            acc_51_reg_2516            |   32   |
|            acc_52_reg_2536            |   32   |
|             acc_7_reg_1847            |   32   |
|             acc_8_reg_1853            |   32   |
|             acc_9_reg_1859            |   32   |
|              acc_reg_1841             |   32   |
|          add_ln17_1_reg_2418          |    3   |
|            i_load_reg_2391            |    3   |
|               i_reg_1827              |    3   |
|           icmp_ln17_reg_2387          |    1   |
|           icmp_ln18_reg_2400          |    1   |
|       indvar_flatten41_reg_1834       |    6   |
|               j_reg_1820              |    3   |
|          mul_i30_i_1_reg_2461         |   32   |
|          mul_i30_i_2_reg_2481         |   32   |
|          mul_i30_i_3_reg_2501         |   32   |
|          mul_i30_i_4_reg_2521         |   32   |
|          mul_i30_i_5_reg_2541         |   32   |
|           mul_i30_i_reg_2441          |   32   |
|mux_case_019573031_reload_read_reg_2381|   32   |
|mux_case_019693061_reload_read_reg_2345|   32   |
|mux_case_019813091_reload_read_reg_2309|   32   |
|mux_case_019933121_reload_read_reg_2273|   32   |
|mux_case_020053151_reload_read_reg_2237|   32   |
|mux_case_119593037_reload_read_reg_2375|   32   |
|mux_case_119713067_reload_read_reg_2339|   32   |
|mux_case_119833097_reload_read_reg_2303|   32   |
|mux_case_119953127_reload_read_reg_2267|   32   |
|mux_case_120073157_reload_read_reg_2231|   32   |
|mux_case_219613042_reload_read_reg_2369|   32   |
|mux_case_219733072_reload_read_reg_2333|   32   |
|mux_case_219853102_reload_read_reg_2297|   32   |
|mux_case_219973132_reload_read_reg_2261|   32   |
|mux_case_220093162_reload_read_reg_2225|   32   |
|mux_case_319633047_reload_read_reg_2363|   32   |
|mux_case_319753077_reload_read_reg_2327|   32   |
|mux_case_319873107_reload_read_reg_2291|   32   |
|mux_case_319993137_reload_read_reg_2255|   32   |
|mux_case_320113167_reload_read_reg_2219|   32   |
|mux_case_419653052_reload_read_reg_2357|   32   |
|mux_case_419773082_reload_read_reg_2321|   32   |
|mux_case_419893112_reload_read_reg_2285|   32   |
|mux_case_420013142_reload_read_reg_2249|   32   |
|mux_case_420133172_reload_read_reg_2213|   32   |
|mux_case_519673057_reload_read_reg_2351|   32   |
|mux_case_519793087_reload_read_reg_2315|   32   |
|mux_case_519913117_reload_read_reg_2279|   32   |
|mux_case_520033147_reload_read_reg_2243|   32   |
|mux_case_520153177_reload_read_reg_2207|   32   |
|         select_ln17_1_reg_2427        |   32   |
|         select_ln17_2_reg_2446        |   32   |
|         select_ln17_3_reg_2466        |   32   |
|         select_ln17_4_reg_2486        |   32   |
|         select_ln17_5_reg_2506        |   32   |
|         select_ln17_6_reg_2526        |   32   |
|         select_ln17_7_reg_2432        |    3   |
|          select_ln17_reg_2409         |    3   |
|            tmp_25_reg_2436            |   32   |
|            tmp_26_reg_2451            |   32   |
|            tmp_27_reg_2471            |   32   |
|            tmp_28_reg_2491            |   32   |
|            tmp_29_reg_2511            |   32   |
|            tmp_30_reg_2531            |   32   |
+---------------------------------------+--------+
|                 Total                 |  3834  |
+---------------------------------------+--------+

* Multiplexer (MUX) list: 
|--------|------|------|------|--------|
|  Comp  |  Pin | Size |  BW  | S x BW |
|--------|------|------|------|--------|
|  Total |      |      |      |    0   |
|--------|------|------|------|--------|



* Summary:
+-----------+--------+--------+--------+
|           |   DSP  |   FF   |   LUT  |
+-----------+--------+--------+--------+
|  Function |   30   |  2130  |  2906  |
|   Memory  |    -   |    -   |    -   |
|Multiplexer|    -   |    -   |    -   |
|  Register |    -   |  3834  |    -   |
+-----------+--------+--------+--------+
|   Total   |   30   |  5964  |  2906  |
+-----------+--------+--------+--------+
