

================================================================
== Vitis HLS Report for 'ekf_batch'
================================================================
* Date:           Thu Sep  3 12:11:33 2026

* Version:        2023.1 (Build 3854077 on May  4 2023)
* Project:        EKF
* Solution:       solution1 (Vivado IP Flow Target)
* Product family: zynquplus
* Target device:  xczu9eg-ffvb1156-2-e


================================================================
== Performance Estimates
================================================================
+ Timing: 
    * Summary: 
    +--------+----------+----------+------------+
    |  Clock |  Target  | Estimated| Uncertainty|
    +--------+----------+----------+------------+
    |ap_clk  |  10.00 ns|  7.300 ns|     2.70 ns|
    +--------+----------+----------+------------+

+ Latency: 
    * Summary: 
    +---------+---------+----------+----------+-----+-----+---------+
    |  Latency (cycles) |  Latency (absolute) |  Interval | Pipeline|
    |   min   |   max   |    min   |    max   | min | max |   Type  |
    +---------+---------+----------+----------+-----+-----+---------+
    |        ?|        ?|         ?|         ?|    ?|    ?|       no|
    +---------+---------+----------+----------+-----+-----+---------+

    + Detail: 
        * Instance: 
        N/A

        * Loop: 
        +--------------------------+---------+---------+------------+-----------+-----------+-------+----------+
        |                          |  Latency (cycles) |  Iteration |  Initiation Interval  |  Trip |          |
        |         Loop Name        |   min   |   max   |   Latency  |  achieved |   target  | Count | Pipelined|
        +--------------------------+---------+---------+------------+-----------+-----------+-------+----------+
        |- VITIS_LOOP_138_1        |        ?|        ?|  502 ~ 4336|          -|          -|      ?|        no|
        | + VITIS_LOOP_75_6        |       10|      260|      2 ~ 52|          -|          -|      5|        no|
        |  ++ VITIS_LOOP_76_7      |        0|       50|          10|          -|          -|  0 ~ 5|        no|
        | + VITIS_LOOP_164_7       |        0|     3584|   287 ~ 512|          -|          -|  0 ~ 7|        no|
        |  ++ VITIS_LOOP_119_10    |       10|      235|      2 ~ 47|          -|          -|      5|        no|
        |   +++ VITIS_LOOP_120_11  |        0|       45|           9|          -|          -|  0 ~ 5|        no|
        +--------------------------+---------+---------+------------+-----------+-----------+-------+----------+

============================================================
+ Verbose Summary: Synthesis Manager
============================================================
InlineROM: 1
ExposeGlobal: 0
============================================================
+ Verbose Summary: CDFG Model
============================================================
IsTopModel: 1
ResetActiveHigh: 1
IsCombinational: 0
IsDatapathOnly: 0
HasWiredReturn: 1
HasMFsm: 0
HasVarLatency: 1
IsPipeline: 0
IsRtlPipelined: 0
IsInstanceOverlapped: 0
IsDontTouch: 0
HasImplIP: 0
IsGatedGlobalClock: 0


============================================================
+ Verbose Summary: Schedule
============================================================
* Number of FSM states : 91
* Pipeline : 0
* Dataflow Pipeline: 0

* FSM state transitions: 
1 --> 2 
2 --> 3 
3 --> 4 
4 --> 5 
5 --> 6 
6 --> 7 
7 --> 8 
8 --> 9 
9 --> 10 
10 --> 11 
11 --> 12 
12 --> 13 
13 --> 14 
14 --> 15 
15 --> 16 
16 --> 17 
17 --> 18 
18 --> 19 
19 --> 20 
20 --> 21 
21 --> 22 
22 --> 23 
23 --> 24 
24 --> 25 
25 --> 26 
26 --> 27 
27 --> 28 
28 --> 29 
29 --> 30 
30 --> 31 
31 --> 32 
32 --> 43 33 
33 --> 34 32 
34 --> 35 
35 --> 36 
36 --> 37 
37 --> 38 
38 --> 39 
39 --> 40 
40 --> 41 
41 --> 42 
42 --> 33 
43 --> 44 
44 --> 45 
45 --> 46 81 
46 --> 47 
47 --> 48 
48 --> 49 
49 --> 50 
50 --> 51 
51 --> 52 
52 --> 53 
53 --> 54 
54 --> 55 
55 --> 56 
56 --> 57 
57 --> 58 
58 --> 59 
59 --> 60 
60 --> 61 
61 --> 62 
62 --> 63 
63 --> 64 
64 --> 65 
65 --> 66 
66 --> 67 
67 --> 68 
68 --> 69 
69 --> 70 
70 --> 71 
71 --> 72 45 
72 --> 73 71 
73 --> 74 
74 --> 75 
75 --> 76 
76 --> 77 
77 --> 78 
78 --> 79 
79 --> 80 
80 --> 72 
81 --> 82 
82 --> 83 
83 --> 84 
84 --> 85 
85 --> 86 
86 --> 87 
87 --> 88 
88 --> 89 
89 --> 90 
90 --> 91 
91 --> 10 

* FSM state operations: 

State 1 <SV = 0> <Delay = 2.43>
ST_1 : Operation 92 [1/1] (0.00ns)   --->   "%phi_mul = alloca i32 1"   --->   Operation 92 'alloca' 'phi_mul' <Predicate = true> <Delay = 0.00>
ST_1 : Operation 93 [1/1] (0.00ns)   --->   "%t = alloca i32 1"   --->   Operation 93 'alloca' 't' <Predicate = true> <Delay = 0.00>
ST_1 : Operation 94 [1/1] (1.00ns)   --->   "%num_tracks_read = read i32 @_ssdm_op_Read.s_axilite.i32, i32 %num_tracks"   --->   Operation 94 'read' 'num_tracks_read' <Predicate = true> <Delay = 1.00> <CoreInst = "s_axilite">   --->   Core 122 's_axilite' <Latency = 0> <II = 1> <Delay = 1.00> <Adapter> <Opcode : 'read' 'write'>
ST_1 : Operation 95 [1/1] (1.00ns)   --->   "%nmeas_read = read i64 @_ssdm_op_Read.s_axilite.i64, i64 %nmeas"   --->   Operation 95 'read' 'nmeas_read' <Predicate = true> <Delay = 1.00> <CoreInst = "s_axilite">   --->   Core 122 's_axilite' <Latency = 0> <II = 1> <Delay = 1.00> <Adapter> <Opcode : 'read' 'write'>
ST_1 : Operation 96 [1/1] (1.00ns)   --->   "%data_read = read i64 @_ssdm_op_Read.s_axilite.i64, i64 %data"   --->   Operation 96 'read' 'data_read' <Predicate = true> <Delay = 1.00> <CoreInst = "s_axilite">   --->   Core 122 's_axilite' <Latency = 0> <II = 1> <Delay = 1.00> <Adapter> <Opcode : 'read' 'write'>
ST_1 : Operation 97 [1/1] (0.00ns)   --->   "%p_loc225 = alloca i64 1"   --->   Operation 97 'alloca' 'p_loc225' <Predicate = true> <Delay = 0.00>
ST_1 : Operation 98 [1/1] (0.00ns)   --->   "%p_loc224 = alloca i64 1"   --->   Operation 98 'alloca' 'p_loc224' <Predicate = true> <Delay = 0.00>
ST_1 : Operation 99 [1/1] (0.00ns)   --->   "%p_loc223 = alloca i64 1"   --->   Operation 99 'alloca' 'p_loc223' <Predicate = true> <Delay = 0.00>
ST_1 : Operation 100 [1/1] (0.00ns)   --->   "%p_loc222 = alloca i64 1"   --->   Operation 100 'alloca' 'p_loc222' <Predicate = true> <Delay = 0.00>
ST_1 : Operation 101 [1/1] (0.00ns)   --->   "%p_loc221 = alloca i64 1"   --->   Operation 101 'alloca' 'p_loc221' <Predicate = true> <Delay = 0.00>
ST_1 : Operation 102 [1/1] (0.00ns)   --->   "%p_loc = alloca i64 1"   --->   Operation 102 'alloca' 'p_loc' <Predicate = true> <Delay = 0.00>
ST_1 : Operation 103 [1/1] (0.00ns)   --->   "%P_283_loc = alloca i64 1"   --->   Operation 103 'alloca' 'P_283_loc' <Predicate = true> <Delay = 0.00>
ST_1 : Operation 104 [1/1] (0.00ns)   --->   "%P_284_loc = alloca i64 1"   --->   Operation 104 'alloca' 'P_284_loc' <Predicate = true> <Delay = 0.00>
ST_1 : Operation 105 [1/1] (0.00ns)   --->   "%P_285_loc = alloca i64 1"   --->   Operation 105 'alloca' 'P_285_loc' <Predicate = true> <Delay = 0.00>
ST_1 : Operation 106 [1/1] (0.00ns)   --->   "%P_286_loc = alloca i64 1"   --->   Operation 106 'alloca' 'P_286_loc' <Predicate = true> <Delay = 0.00>
ST_1 : Operation 107 [1/1] (0.00ns)   --->   "%P_287_loc = alloca i64 1"   --->   Operation 107 'alloca' 'P_287_loc' <Predicate = true> <Delay = 0.00>
ST_1 : Operation 108 [1/1] (0.00ns)   --->   "%P_288_loc = alloca i64 1"   --->   Operation 108 'alloca' 'P_288_loc' <Predicate = true> <Delay = 0.00>
ST_1 : Operation 109 [1/1] (0.00ns)   --->   "%P_289_loc = alloca i64 1"   --->   Operation 109 'alloca' 'P_289_loc' <Predicate = true> <Delay = 0.00>
ST_1 : Operation 110 [1/1] (0.00ns)   --->   "%P_290_loc = alloca i64 1"   --->   Operation 110 'alloca' 'P_290_loc' <Predicate = true> <Delay = 0.00>
ST_1 : Operation 111 [1/1] (0.00ns)   --->   "%P_291_loc = alloca i64 1"   --->   Operation 111 'alloca' 'P_291_loc' <Predicate = true> <Delay = 0.00>
ST_1 : Operation 112 [1/1] (0.00ns)   --->   "%P_292_loc = alloca i64 1"   --->   Operation 112 'alloca' 'P_292_loc' <Predicate = true> <Delay = 0.00>
ST_1 : Operation 113 [1/1] (0.00ns)   --->   "%P_293_loc = alloca i64 1"   --->   Operation 113 'alloca' 'P_293_loc' <Predicate = true> <Delay = 0.00>
ST_1 : Operation 114 [1/1] (0.00ns)   --->   "%P_294_loc = alloca i64 1"   --->   Operation 114 'alloca' 'P_294_loc' <Predicate = true> <Delay = 0.00>
ST_1 : Operation 115 [1/1] (0.00ns)   --->   "%P_295_loc = alloca i64 1"   --->   Operation 115 'alloca' 'P_295_loc' <Predicate = true> <Delay = 0.00>
ST_1 : Operation 116 [1/1] (0.00ns)   --->   "%P_296_loc = alloca i64 1"   --->   Operation 116 'alloca' 'P_296_loc' <Predicate = true> <Delay = 0.00>
ST_1 : Operation 117 [1/1] (0.00ns)   --->   "%P_297_loc = alloca i64 1"   --->   Operation 117 'alloca' 'P_297_loc' <Predicate = true> <Delay = 0.00>
ST_1 : Operation 118 [1/1] (0.00ns)   --->   "%P_298_loc = alloca i64 1"   --->   Operation 118 'alloca' 'P_298_loc' <Predicate = true> <Delay = 0.00>
ST_1 : Operation 119 [1/1] (0.00ns)   --->   "%P_299_loc = alloca i64 1"   --->   Operation 119 'alloca' 'P_299_loc' <Predicate = true> <Delay = 0.00>
ST_1 : Operation 120 [1/1] (0.00ns)   --->   "%P_300_loc = alloca i64 1"   --->   Operation 120 'alloca' 'P_300_loc' <Predicate = true> <Delay = 0.00>
ST_1 : Operation 121 [1/1] (0.00ns)   --->   "%P_301_loc = alloca i64 1"   --->   Operation 121 'alloca' 'P_301_loc' <Predicate = true> <Delay = 0.00>
ST_1 : Operation 122 [1/1] (0.00ns)   --->   "%P_302_loc = alloca i64 1"   --->   Operation 122 'alloca' 'P_302_loc' <Predicate = true> <Delay = 0.00>
ST_1 : Operation 123 [1/1] (0.00ns)   --->   "%P_303_loc = alloca i64 1"   --->   Operation 123 'alloca' 'P_303_loc' <Predicate = true> <Delay = 0.00>
ST_1 : Operation 124 [1/1] (0.00ns)   --->   "%P_304_loc = alloca i64 1"   --->   Operation 124 'alloca' 'P_304_loc' <Predicate = true> <Delay = 0.00>
ST_1 : Operation 125 [1/1] (0.00ns)   --->   "%P_305_loc = alloca i64 1"   --->   Operation 125 'alloca' 'P_305_loc' <Predicate = true> <Delay = 0.00>
ST_1 : Operation 126 [1/1] (0.00ns)   --->   "%P_306_loc = alloca i64 1"   --->   Operation 126 'alloca' 'P_306_loc' <Predicate = true> <Delay = 0.00>
ST_1 : Operation 127 [1/1] (0.00ns)   --->   "%P_307_loc = alloca i64 1"   --->   Operation 127 'alloca' 'P_307_loc' <Predicate = true> <Delay = 0.00>
ST_1 : Operation 128 [1/1] (0.00ns)   --->   "%P_308_loc = alloca i64 1"   --->   Operation 128 'alloca' 'P_308_loc' <Predicate = true> <Delay = 0.00>
ST_1 : Operation 129 [1/1] (0.00ns)   --->   "%P_309_loc = alloca i64 1"   --->   Operation 129 'alloca' 'P_309_loc' <Predicate = true> <Delay = 0.00>
ST_1 : Operation 130 [1/1] (0.00ns)   --->   "%P_310_loc = alloca i64 1"   --->   Operation 130 'alloca' 'P_310_loc' <Predicate = true> <Delay = 0.00>
ST_1 : Operation 131 [1/1] (0.00ns)   --->   "%P_311_loc = alloca i64 1"   --->   Operation 131 'alloca' 'P_311_loc' <Predicate = true> <Delay = 0.00>
ST_1 : Operation 132 [1/1] (0.00ns)   --->   "%P_312_loc = alloca i64 1"   --->   Operation 132 'alloca' 'P_312_loc' <Predicate = true> <Delay = 0.00>
ST_1 : Operation 133 [1/1] (0.00ns)   --->   "%P_313_loc = alloca i64 1"   --->   Operation 133 'alloca' 'P_313_loc' <Predicate = true> <Delay = 0.00>
ST_1 : Operation 134 [1/1] (0.00ns)   --->   "%P_314_loc = alloca i64 1"   --->   Operation 134 'alloca' 'P_314_loc' <Predicate = true> <Delay = 0.00>
ST_1 : Operation 135 [1/1] (0.00ns)   --->   "%P_315_loc = alloca i64 1"   --->   Operation 135 'alloca' 'P_315_loc' <Predicate = true> <Delay = 0.00>
ST_1 : Operation 136 [1/1] (0.00ns)   --->   "%P_316_loc = alloca i64 1"   --->   Operation 136 'alloca' 'P_316_loc' <Predicate = true> <Delay = 0.00>
ST_1 : Operation 137 [1/1] (0.00ns)   --->   "%P_317_loc = alloca i64 1"   --->   Operation 137 'alloca' 'P_317_loc' <Predicate = true> <Delay = 0.00>
ST_1 : Operation 138 [1/1] (0.00ns)   --->   "%P_318_loc = alloca i64 1"   --->   Operation 138 'alloca' 'P_318_loc' <Predicate = true> <Delay = 0.00>
ST_1 : Operation 139 [1/1] (0.00ns)   --->   "%mux_case_021493182_loc = alloca i64 1"   --->   Operation 139 'alloca' 'mux_case_021493182_loc' <Predicate = true> <Delay = 0.00>
ST_1 : Operation 140 [1/1] (0.00ns)   --->   "%mux_case_121513188_loc = alloca i64 1"   --->   Operation 140 'alloca' 'mux_case_121513188_loc' <Predicate = true> <Delay = 0.00>
ST_1 : Operation 141 [1/1] (0.00ns)   --->   "%mux_case_221533194_loc = alloca i64 1"   --->   Operation 141 'alloca' 'mux_case_221533194_loc' <Predicate = true> <Delay = 0.00>
ST_1 : Operation 142 [1/1] (0.00ns)   --->   "%mux_case_321553200_loc = alloca i64 1"   --->   Operation 142 'alloca' 'mux_case_321553200_loc' <Predicate = true> <Delay = 0.00>
ST_1 : Operation 143 [1/1] (0.00ns)   --->   "%mux_case_421573206_loc = alloca i64 1"   --->   Operation 143 'alloca' 'mux_case_421573206_loc' <Predicate = true> <Delay = 0.00>
ST_1 : Operation 144 [1/1] (0.00ns)   --->   "%mux_case_521593212_loc = alloca i64 1"   --->   Operation 144 'alloca' 'mux_case_521593212_loc' <Predicate = true> <Delay = 0.00>
ST_1 : Operation 145 [1/1] (0.00ns)   --->   "%mux_case_021623219_loc = alloca i64 1"   --->   Operation 145 'alloca' 'mux_case_021623219_loc' <Predicate = true> <Delay = 0.00>
ST_1 : Operation 146 [1/1] (0.00ns)   --->   "%mux_case_121643225_loc = alloca i64 1"   --->   Operation 146 'alloca' 'mux_case_121643225_loc' <Predicate = true> <Delay = 0.00>
ST_1 : Operation 147 [1/1] (0.00ns)   --->   "%mux_case_221663231_loc = alloca i64 1"   --->   Operation 147 'alloca' 'mux_case_221663231_loc' <Predicate = true> <Delay = 0.00>
ST_1 : Operation 148 [1/1] (0.00ns)   --->   "%mux_case_321683237_loc = alloca i64 1"   --->   Operation 148 'alloca' 'mux_case_321683237_loc' <Predicate = true> <Delay = 0.00>
ST_1 : Operation 149 [1/1] (0.00ns)   --->   "%mux_case_421703243_loc = alloca i64 1"   --->   Operation 149 'alloca' 'mux_case_421703243_loc' <Predicate = true> <Delay = 0.00>
ST_1 : Operation 150 [1/1] (0.00ns)   --->   "%mux_case_521723249_loc = alloca i64 1"   --->   Operation 150 'alloca' 'mux_case_521723249_loc' <Predicate = true> <Delay = 0.00>
ST_1 : Operation 151 [1/1] (0.00ns)   --->   "%mux_case_021753255_loc = alloca i64 1"   --->   Operation 151 'alloca' 'mux_case_021753255_loc' <Predicate = true> <Delay = 0.00>
ST_1 : Operation 152 [1/1] (0.00ns)   --->   "%mux_case_121773261_loc = alloca i64 1"   --->   Operation 152 'alloca' 'mux_case_121773261_loc' <Predicate = true> <Delay = 0.00>
ST_1 : Operation 153 [1/1] (0.00ns)   --->   "%mux_case_221793267_loc = alloca i64 1"   --->   Operation 153 'alloca' 'mux_case_221793267_loc' <Predicate = true> <Delay = 0.00>
ST_1 : Operation 154 [1/1] (0.00ns)   --->   "%mux_case_321813273_loc = alloca i64 1"   --->   Operation 154 'alloca' 'mux_case_321813273_loc' <Predicate = true> <Delay = 0.00>
ST_1 : Operation 155 [1/1] (0.00ns)   --->   "%mux_case_421833279_loc = alloca i64 1"   --->   Operation 155 'alloca' 'mux_case_421833279_loc' <Predicate = true> <Delay = 0.00>
ST_1 : Operation 156 [1/1] (0.00ns)   --->   "%mux_case_521853285_loc = alloca i64 1"   --->   Operation 156 'alloca' 'mux_case_521853285_loc' <Predicate = true> <Delay = 0.00>
ST_1 : Operation 157 [1/1] (0.00ns)   --->   "%mux_case_021883291_loc = alloca i64 1"   --->   Operation 157 'alloca' 'mux_case_021883291_loc' <Predicate = true> <Delay = 0.00>
ST_1 : Operation 158 [1/1] (0.00ns)   --->   "%mux_case_121903297_loc = alloca i64 1"   --->   Operation 158 'alloca' 'mux_case_121903297_loc' <Predicate = true> <Delay = 0.00>
ST_1 : Operation 159 [1/1] (0.00ns)   --->   "%mux_case_221923303_loc = alloca i64 1"   --->   Operation 159 'alloca' 'mux_case_221923303_loc' <Predicate = true> <Delay = 0.00>
ST_1 : Operation 160 [1/1] (0.00ns)   --->   "%mux_case_321943309_loc = alloca i64 1"   --->   Operation 160 'alloca' 'mux_case_321943309_loc' <Predicate = true> <Delay = 0.00>
ST_1 : Operation 161 [1/1] (0.00ns)   --->   "%mux_case_421963315_loc = alloca i64 1"   --->   Operation 161 'alloca' 'mux_case_421963315_loc' <Predicate = true> <Delay = 0.00>
ST_1 : Operation 162 [1/1] (0.00ns)   --->   "%mux_case_521983321_loc = alloca i64 1"   --->   Operation 162 'alloca' 'mux_case_521983321_loc' <Predicate = true> <Delay = 0.00>
ST_1 : Operation 163 [1/1] (0.00ns)   --->   "%mux_case_022013327_loc = alloca i64 1"   --->   Operation 163 'alloca' 'mux_case_022013327_loc' <Predicate = true> <Delay = 0.00>
ST_1 : Operation 164 [1/1] (0.00ns)   --->   "%mux_case_122033333_loc = alloca i64 1"   --->   Operation 164 'alloca' 'mux_case_122033333_loc' <Predicate = true> <Delay = 0.00>
ST_1 : Operation 165 [1/1] (0.00ns)   --->   "%mux_case_222053339_loc = alloca i64 1"   --->   Operation 165 'alloca' 'mux_case_222053339_loc' <Predicate = true> <Delay = 0.00>
ST_1 : Operation 166 [1/1] (0.00ns)   --->   "%mux_case_322073345_loc = alloca i64 1"   --->   Operation 166 'alloca' 'mux_case_322073345_loc' <Predicate = true> <Delay = 0.00>
ST_1 : Operation 167 [1/1] (0.00ns)   --->   "%mux_case_422093351_loc = alloca i64 1"   --->   Operation 167 'alloca' 'mux_case_422093351_loc' <Predicate = true> <Delay = 0.00>
ST_1 : Operation 168 [1/1] (0.00ns)   --->   "%mux_case_522113357_loc = alloca i64 1"   --->   Operation 168 'alloca' 'mux_case_522113357_loc' <Predicate = true> <Delay = 0.00>
ST_1 : Operation 169 [1/1] (0.00ns)   --->   "%mux_case_022143363_loc = alloca i64 1"   --->   Operation 169 'alloca' 'mux_case_022143363_loc' <Predicate = true> <Delay = 0.00>
ST_1 : Operation 170 [1/1] (0.00ns)   --->   "%mux_case_122163369_loc = alloca i64 1"   --->   Operation 170 'alloca' 'mux_case_122163369_loc' <Predicate = true> <Delay = 0.00>
ST_1 : Operation 171 [1/1] (0.00ns)   --->   "%mux_case_222183375_loc = alloca i64 1"   --->   Operation 171 'alloca' 'mux_case_222183375_loc' <Predicate = true> <Delay = 0.00>
ST_1 : Operation 172 [1/1] (0.00ns)   --->   "%mux_case_322203381_loc = alloca i64 1"   --->   Operation 172 'alloca' 'mux_case_322203381_loc' <Predicate = true> <Delay = 0.00>
ST_1 : Operation 173 [1/1] (0.00ns)   --->   "%mux_case_422223387_loc = alloca i64 1"   --->   Operation 173 'alloca' 'mux_case_422223387_loc' <Predicate = true> <Delay = 0.00>
ST_1 : Operation 174 [1/1] (0.00ns)   --->   "%mux_case_522243393_loc = alloca i64 1"   --->   Operation 174 'alloca' 'mux_case_522243393_loc' <Predicate = true> <Delay = 0.00>
ST_1 : Operation 175 [1/1] (0.00ns)   --->   "%At_loc = alloca i64 1"   --->   Operation 175 'alloca' 'At_loc' <Predicate = true> <Delay = 0.00>
ST_1 : Operation 176 [1/1] (0.00ns)   --->   "%At_1_loc = alloca i64 1"   --->   Operation 176 'alloca' 'At_1_loc' <Predicate = true> <Delay = 0.00>
ST_1 : Operation 177 [1/1] (0.00ns)   --->   "%At_2_loc = alloca i64 1"   --->   Operation 177 'alloca' 'At_2_loc' <Predicate = true> <Delay = 0.00>
ST_1 : Operation 178 [1/1] (0.00ns)   --->   "%At_3_loc = alloca i64 1"   --->   Operation 178 'alloca' 'At_3_loc' <Predicate = true> <Delay = 0.00>
ST_1 : Operation 179 [1/1] (0.00ns)   --->   "%At_4_loc = alloca i64 1"   --->   Operation 179 'alloca' 'At_4_loc' <Predicate = true> <Delay = 0.00>
ST_1 : Operation 180 [1/1] (0.00ns)   --->   "%At_5_loc = alloca i64 1"   --->   Operation 180 'alloca' 'At_5_loc' <Predicate = true> <Delay = 0.00>
ST_1 : Operation 181 [1/1] (0.00ns)   --->   "%At_6_loc = alloca i64 1"   --->   Operation 181 'alloca' 'At_6_loc' <Predicate = true> <Delay = 0.00>
ST_1 : Operation 182 [1/1] (0.00ns)   --->   "%At_7_loc = alloca i64 1"   --->   Operation 182 'alloca' 'At_7_loc' <Predicate = true> <Delay = 0.00>
ST_1 : Operation 183 [1/1] (0.00ns)   --->   "%At_8_loc = alloca i64 1"   --->   Operation 183 'alloca' 'At_8_loc' <Predicate = true> <Delay = 0.00>
ST_1 : Operation 184 [1/1] (0.00ns)   --->   "%At_9_loc = alloca i64 1"   --->   Operation 184 'alloca' 'At_9_loc' <Predicate = true> <Delay = 0.00>
ST_1 : Operation 185 [1/1] (0.00ns)   --->   "%At_10_loc = alloca i64 1"   --->   Operation 185 'alloca' 'At_10_loc' <Predicate = true> <Delay = 0.00>
ST_1 : Operation 186 [1/1] (0.00ns)   --->   "%At_11_loc = alloca i64 1"   --->   Operation 186 'alloca' 'At_11_loc' <Predicate = true> <Delay = 0.00>
ST_1 : Operation 187 [1/1] (0.00ns)   --->   "%At_12_loc = alloca i64 1"   --->   Operation 187 'alloca' 'At_12_loc' <Predicate = true> <Delay = 0.00>
ST_1 : Operation 188 [1/1] (0.00ns)   --->   "%At_13_loc = alloca i64 1"   --->   Operation 188 'alloca' 'At_13_loc' <Predicate = true> <Delay = 0.00>
ST_1 : Operation 189 [1/1] (0.00ns)   --->   "%At_14_loc = alloca i64 1"   --->   Operation 189 'alloca' 'At_14_loc' <Predicate = true> <Delay = 0.00>
ST_1 : Operation 190 [1/1] (0.00ns)   --->   "%At_15_loc = alloca i64 1"   --->   Operation 190 'alloca' 'At_15_loc' <Predicate = true> <Delay = 0.00>
ST_1 : Operation 191 [1/1] (0.00ns)   --->   "%At_16_loc = alloca i64 1"   --->   Operation 191 'alloca' 'At_16_loc' <Predicate = true> <Delay = 0.00>
ST_1 : Operation 192 [1/1] (0.00ns)   --->   "%At_17_loc = alloca i64 1"   --->   Operation 192 'alloca' 'At_17_loc' <Predicate = true> <Delay = 0.00>
ST_1 : Operation 193 [1/1] (0.00ns)   --->   "%At_18_loc = alloca i64 1"   --->   Operation 193 'alloca' 'At_18_loc' <Predicate = true> <Delay = 0.00>
ST_1 : Operation 194 [1/1] (0.00ns)   --->   "%At_19_loc = alloca i64 1"   --->   Operation 194 'alloca' 'At_19_loc' <Predicate = true> <Delay = 0.00>
ST_1 : Operation 195 [1/1] (0.00ns)   --->   "%At_20_loc = alloca i64 1"   --->   Operation 195 'alloca' 'At_20_loc' <Predicate = true> <Delay = 0.00>
ST_1 : Operation 196 [1/1] (0.00ns)   --->   "%At_21_loc = alloca i64 1"   --->   Operation 196 'alloca' 'At_21_loc' <Predicate = true> <Delay = 0.00>
ST_1 : Operation 197 [1/1] (0.00ns)   --->   "%At_22_loc = alloca i64 1"   --->   Operation 197 'alloca' 'At_22_loc' <Predicate = true> <Delay = 0.00>
ST_1 : Operation 198 [1/1] (0.00ns)   --->   "%At_23_loc = alloca i64 1"   --->   Operation 198 'alloca' 'At_23_loc' <Predicate = true> <Delay = 0.00>
ST_1 : Operation 199 [1/1] (0.00ns)   --->   "%At_24_loc = alloca i64 1"   --->   Operation 199 'alloca' 'At_24_loc' <Predicate = true> <Delay = 0.00>
ST_1 : Operation 200 [1/1] (0.00ns)   --->   "%At_25_loc = alloca i64 1"   --->   Operation 200 'alloca' 'At_25_loc' <Predicate = true> <Delay = 0.00>
ST_1 : Operation 201 [1/1] (0.00ns)   --->   "%At_26_loc = alloca i64 1"   --->   Operation 201 'alloca' 'At_26_loc' <Predicate = true> <Delay = 0.00>
ST_1 : Operation 202 [1/1] (0.00ns)   --->   "%At_27_loc = alloca i64 1"   --->   Operation 202 'alloca' 'At_27_loc' <Predicate = true> <Delay = 0.00>
ST_1 : Operation 203 [1/1] (0.00ns)   --->   "%At_28_loc = alloca i64 1"   --->   Operation 203 'alloca' 'At_28_loc' <Predicate = true> <Delay = 0.00>
ST_1 : Operation 204 [1/1] (0.00ns)   --->   "%At_29_loc = alloca i64 1"   --->   Operation 204 'alloca' 'At_29_loc' <Predicate = true> <Delay = 0.00>
ST_1 : Operation 205 [1/1] (0.00ns)   --->   "%At_30_loc = alloca i64 1"   --->   Operation 205 'alloca' 'At_30_loc' <Predicate = true> <Delay = 0.00>
ST_1 : Operation 206 [1/1] (0.00ns)   --->   "%At_31_loc = alloca i64 1"   --->   Operation 206 'alloca' 'At_31_loc' <Predicate = true> <Delay = 0.00>
ST_1 : Operation 207 [1/1] (0.00ns)   --->   "%At_32_loc = alloca i64 1"   --->   Operation 207 'alloca' 'At_32_loc' <Predicate = true> <Delay = 0.00>
ST_1 : Operation 208 [1/1] (0.00ns)   --->   "%At_33_loc = alloca i64 1"   --->   Operation 208 'alloca' 'At_33_loc' <Predicate = true> <Delay = 0.00>
ST_1 : Operation 209 [1/1] (0.00ns)   --->   "%At_34_loc = alloca i64 1"   --->   Operation 209 'alloca' 'At_34_loc' <Predicate = true> <Delay = 0.00>
ST_1 : Operation 210 [1/1] (0.00ns)   --->   "%At_35_loc = alloca i64 1"   --->   Operation 210 'alloca' 'At_35_loc' <Predicate = true> <Delay = 0.00>
ST_1 : Operation 211 [1/1] (0.00ns)   --->   "%mux_case_019453001_loc = alloca i64 1"   --->   Operation 211 'alloca' 'mux_case_019453001_loc' <Predicate = true> <Delay = 0.00>
ST_1 : Operation 212 [1/1] (0.00ns)   --->   "%mux_case_119473007_loc = alloca i64 1"   --->   Operation 212 'alloca' 'mux_case_119473007_loc' <Predicate = true> <Delay = 0.00>
ST_1 : Operation 213 [1/1] (0.00ns)   --->   "%mux_case_219493012_loc = alloca i64 1"   --->   Operation 213 'alloca' 'mux_case_219493012_loc' <Predicate = true> <Delay = 0.00>
ST_1 : Operation 214 [1/1] (0.00ns)   --->   "%mux_case_319513017_loc = alloca i64 1"   --->   Operation 214 'alloca' 'mux_case_319513017_loc' <Predicate = true> <Delay = 0.00>
ST_1 : Operation 215 [1/1] (0.00ns)   --->   "%mux_case_419533022_loc = alloca i64 1"   --->   Operation 215 'alloca' 'mux_case_419533022_loc' <Predicate = true> <Delay = 0.00>
ST_1 : Operation 216 [1/1] (0.00ns)   --->   "%mux_case_519553027_loc = alloca i64 1"   --->   Operation 216 'alloca' 'mux_case_519553027_loc' <Predicate = true> <Delay = 0.00>
ST_1 : Operation 217 [1/1] (0.00ns)   --->   "%mux_case_019573031_loc = alloca i64 1"   --->   Operation 217 'alloca' 'mux_case_019573031_loc' <Predicate = true> <Delay = 0.00>
ST_1 : Operation 218 [1/1] (0.00ns)   --->   "%mux_case_119593037_loc = alloca i64 1"   --->   Operation 218 'alloca' 'mux_case_119593037_loc' <Predicate = true> <Delay = 0.00>
ST_1 : Operation 219 [1/1] (0.00ns)   --->   "%mux_case_219613042_loc = alloca i64 1"   --->   Operation 219 'alloca' 'mux_case_219613042_loc' <Predicate = true> <Delay = 0.00>
ST_1 : Operation 220 [1/1] (0.00ns)   --->   "%mux_case_319633047_loc = alloca i64 1"   --->   Operation 220 'alloca' 'mux_case_319633047_loc' <Predicate = true> <Delay = 0.00>
ST_1 : Operation 221 [1/1] (0.00ns)   --->   "%mux_case_419653052_loc = alloca i64 1"   --->   Operation 221 'alloca' 'mux_case_419653052_loc' <Predicate = true> <Delay = 0.00>
ST_1 : Operation 222 [1/1] (0.00ns)   --->   "%mux_case_519673057_loc = alloca i64 1"   --->   Operation 222 'alloca' 'mux_case_519673057_loc' <Predicate = true> <Delay = 0.00>
ST_1 : Operation 223 [1/1] (0.00ns)   --->   "%mux_case_019693061_loc = alloca i64 1"   --->   Operation 223 'alloca' 'mux_case_019693061_loc' <Predicate = true> <Delay = 0.00>
ST_1 : Operation 224 [1/1] (0.00ns)   --->   "%mux_case_119713067_loc = alloca i64 1"   --->   Operation 224 'alloca' 'mux_case_119713067_loc' <Predicate = true> <Delay = 0.00>
ST_1 : Operation 225 [1/1] (0.00ns)   --->   "%mux_case_219733072_loc = alloca i64 1"   --->   Operation 225 'alloca' 'mux_case_219733072_loc' <Predicate = true> <Delay = 0.00>
ST_1 : Operation 226 [1/1] (0.00ns)   --->   "%mux_case_319753077_loc = alloca i64 1"   --->   Operation 226 'alloca' 'mux_case_319753077_loc' <Predicate = true> <Delay = 0.00>
ST_1 : Operation 227 [1/1] (0.00ns)   --->   "%mux_case_419773082_loc = alloca i64 1"   --->   Operation 227 'alloca' 'mux_case_419773082_loc' <Predicate = true> <Delay = 0.00>
ST_1 : Operation 228 [1/1] (0.00ns)   --->   "%mux_case_519793087_loc = alloca i64 1"   --->   Operation 228 'alloca' 'mux_case_519793087_loc' <Predicate = true> <Delay = 0.00>
ST_1 : Operation 229 [1/1] (0.00ns)   --->   "%mux_case_019813091_loc = alloca i64 1"   --->   Operation 229 'alloca' 'mux_case_019813091_loc' <Predicate = true> <Delay = 0.00>
ST_1 : Operation 230 [1/1] (0.00ns)   --->   "%mux_case_119833097_loc = alloca i64 1"   --->   Operation 230 'alloca' 'mux_case_119833097_loc' <Predicate = true> <Delay = 0.00>
ST_1 : Operation 231 [1/1] (0.00ns)   --->   "%mux_case_219853102_loc = alloca i64 1"   --->   Operation 231 'alloca' 'mux_case_219853102_loc' <Predicate = true> <Delay = 0.00>
ST_1 : Operation 232 [1/1] (0.00ns)   --->   "%mux_case_319873107_loc = alloca i64 1"   --->   Operation 232 'alloca' 'mux_case_319873107_loc' <Predicate = true> <Delay = 0.00>
ST_1 : Operation 233 [1/1] (0.00ns)   --->   "%mux_case_419893112_loc = alloca i64 1"   --->   Operation 233 'alloca' 'mux_case_419893112_loc' <Predicate = true> <Delay = 0.00>
ST_1 : Operation 234 [1/1] (0.00ns)   --->   "%mux_case_519913117_loc = alloca i64 1"   --->   Operation 234 'alloca' 'mux_case_519913117_loc' <Predicate = true> <Delay = 0.00>
ST_1 : Operation 235 [1/1] (0.00ns)   --->   "%mux_case_019933121_loc = alloca i64 1"   --->   Operation 235 'alloca' 'mux_case_019933121_loc' <Predicate = true> <Delay = 0.00>
ST_1 : Operation 236 [1/1] (0.00ns)   --->   "%mux_case_119953127_loc = alloca i64 1"   --->   Operation 236 'alloca' 'mux_case_119953127_loc' <Predicate = true> <Delay = 0.00>
ST_1 : Operation 237 [1/1] (0.00ns)   --->   "%mux_case_219973132_loc = alloca i64 1"   --->   Operation 237 'alloca' 'mux_case_219973132_loc' <Predicate = true> <Delay = 0.00>
ST_1 : Operation 238 [1/1] (0.00ns)   --->   "%mux_case_319993137_loc = alloca i64 1"   --->   Operation 238 'alloca' 'mux_case_319993137_loc' <Predicate = true> <Delay = 0.00>
ST_1 : Operation 239 [1/1] (0.00ns)   --->   "%mux_case_420013142_loc = alloca i64 1"   --->   Operation 239 'alloca' 'mux_case_420013142_loc' <Predicate = true> <Delay = 0.00>
ST_1 : Operation 240 [1/1] (0.00ns)   --->   "%mux_case_520033147_loc = alloca i64 1"   --->   Operation 240 'alloca' 'mux_case_520033147_loc' <Predicate = true> <Delay = 0.00>
ST_1 : Operation 241 [1/1] (0.00ns)   --->   "%mux_case_020053151_loc = alloca i64 1"   --->   Operation 241 'alloca' 'mux_case_020053151_loc' <Predicate = true> <Delay = 0.00>
ST_1 : Operation 242 [1/1] (0.00ns)   --->   "%mux_case_120073157_loc = alloca i64 1"   --->   Operation 242 'alloca' 'mux_case_120073157_loc' <Predicate = true> <Delay = 0.00>
ST_1 : Operation 243 [1/1] (0.00ns)   --->   "%mux_case_220093162_loc = alloca i64 1"   --->   Operation 243 'alloca' 'mux_case_220093162_loc' <Predicate = true> <Delay = 0.00>
ST_1 : Operation 244 [1/1] (0.00ns)   --->   "%mux_case_320113167_loc = alloca i64 1"   --->   Operation 244 'alloca' 'mux_case_320113167_loc' <Predicate = true> <Delay = 0.00>
ST_1 : Operation 245 [1/1] (0.00ns)   --->   "%mux_case_420133172_loc = alloca i64 1"   --->   Operation 245 'alloca' 'mux_case_420133172_loc' <Predicate = true> <Delay = 0.00>
ST_1 : Operation 246 [1/1] (0.00ns)   --->   "%mux_case_520153177_loc = alloca i64 1"   --->   Operation 246 'alloca' 'mux_case_520153177_loc' <Predicate = true> <Delay = 0.00>
ST_1 : Operation 247 [1/1] (0.00ns)   --->   "%A_loc = alloca i64 1"   --->   Operation 247 'alloca' 'A_loc' <Predicate = true> <Delay = 0.00>
ST_1 : Operation 248 [1/1] (0.00ns)   --->   "%A_1_loc = alloca i64 1"   --->   Operation 248 'alloca' 'A_1_loc' <Predicate = true> <Delay = 0.00>
ST_1 : Operation 249 [1/1] (0.00ns)   --->   "%A_2_loc = alloca i64 1"   --->   Operation 249 'alloca' 'A_2_loc' <Predicate = true> <Delay = 0.00>
ST_1 : Operation 250 [1/1] (0.00ns)   --->   "%A_3_loc = alloca i64 1"   --->   Operation 250 'alloca' 'A_3_loc' <Predicate = true> <Delay = 0.00>
ST_1 : Operation 251 [1/1] (0.00ns)   --->   "%A_4_loc = alloca i64 1"   --->   Operation 251 'alloca' 'A_4_loc' <Predicate = true> <Delay = 0.00>
ST_1 : Operation 252 [1/1] (0.00ns)   --->   "%A_5_loc = alloca i64 1"   --->   Operation 252 'alloca' 'A_5_loc' <Predicate = true> <Delay = 0.00>
ST_1 : Operation 253 [1/1] (0.00ns)   --->   "%A_6_loc = alloca i64 1"   --->   Operation 253 'alloca' 'A_6_loc' <Predicate = true> <Delay = 0.00>
ST_1 : Operation 254 [1/1] (0.00ns)   --->   "%A_7_loc = alloca i64 1"   --->   Operation 254 'alloca' 'A_7_loc' <Predicate = true> <Delay = 0.00>
ST_1 : Operation 255 [1/1] (0.00ns)   --->   "%A_8_loc = alloca i64 1"   --->   Operation 255 'alloca' 'A_8_loc' <Predicate = true> <Delay = 0.00>
ST_1 : Operation 256 [1/1] (0.00ns)   --->   "%A_9_loc = alloca i64 1"   --->   Operation 256 'alloca' 'A_9_loc' <Predicate = true> <Delay = 0.00>
ST_1 : Operation 257 [1/1] (0.00ns)   --->   "%A_10_loc = alloca i64 1"   --->   Operation 257 'alloca' 'A_10_loc' <Predicate = true> <Delay = 0.00>
ST_1 : Operation 258 [1/1] (0.00ns)   --->   "%A_11_loc = alloca i64 1"   --->   Operation 258 'alloca' 'A_11_loc' <Predicate = true> <Delay = 0.00>
ST_1 : Operation 259 [1/1] (0.00ns)   --->   "%A_12_loc = alloca i64 1"   --->   Operation 259 'alloca' 'A_12_loc' <Predicate = true> <Delay = 0.00>
ST_1 : Operation 260 [1/1] (0.00ns)   --->   "%A_13_loc = alloca i64 1"   --->   Operation 260 'alloca' 'A_13_loc' <Predicate = true> <Delay = 0.00>
ST_1 : Operation 261 [1/1] (0.00ns)   --->   "%A_14_loc = alloca i64 1"   --->   Operation 261 'alloca' 'A_14_loc' <Predicate = true> <Delay = 0.00>
ST_1 : Operation 262 [1/1] (0.00ns)   --->   "%A_15_loc = alloca i64 1"   --->   Operation 262 'alloca' 'A_15_loc' <Predicate = true> <Delay = 0.00>
ST_1 : Operation 263 [1/1] (0.00ns)   --->   "%A_16_loc = alloca i64 1"   --->   Operation 263 'alloca' 'A_16_loc' <Predicate = true> <Delay = 0.00>
ST_1 : Operation 264 [1/1] (0.00ns)   --->   "%A_17_loc = alloca i64 1"   --->   Operation 264 'alloca' 'A_17_loc' <Predicate = true> <Delay = 0.00>
ST_1 : Operation 265 [1/1] (0.00ns)   --->   "%A_18_loc = alloca i64 1"   --->   Operation 265 'alloca' 'A_18_loc' <Predicate = true> <Delay = 0.00>
ST_1 : Operation 266 [1/1] (0.00ns)   --->   "%A_19_loc = alloca i64 1"   --->   Operation 266 'alloca' 'A_19_loc' <Predicate = true> <Delay = 0.00>
ST_1 : Operation 267 [1/1] (0.00ns)   --->   "%A_20_loc = alloca i64 1"   --->   Operation 267 'alloca' 'A_20_loc' <Predicate = true> <Delay = 0.00>
ST_1 : Operation 268 [1/1] (0.00ns)   --->   "%A_21_loc = alloca i64 1"   --->   Operation 268 'alloca' 'A_21_loc' <Predicate = true> <Delay = 0.00>
ST_1 : Operation 269 [1/1] (0.00ns)   --->   "%A_22_loc = alloca i64 1"   --->   Operation 269 'alloca' 'A_22_loc' <Predicate = true> <Delay = 0.00>
ST_1 : Operation 270 [1/1] (0.00ns)   --->   "%A_23_loc = alloca i64 1"   --->   Operation 270 'alloca' 'A_23_loc' <Predicate = true> <Delay = 0.00>
ST_1 : Operation 271 [1/1] (0.00ns)   --->   "%A_24_loc = alloca i64 1"   --->   Operation 271 'alloca' 'A_24_loc' <Predicate = true> <Delay = 0.00>
ST_1 : Operation 272 [1/1] (0.00ns)   --->   "%A_25_loc = alloca i64 1"   --->   Operation 272 'alloca' 'A_25_loc' <Predicate = true> <Delay = 0.00>
ST_1 : Operation 273 [1/1] (0.00ns)   --->   "%A_26_loc = alloca i64 1"   --->   Operation 273 'alloca' 'A_26_loc' <Predicate = true> <Delay = 0.00>
ST_1 : Operation 274 [1/1] (0.00ns)   --->   "%A_27_loc = alloca i64 1"   --->   Operation 274 'alloca' 'A_27_loc' <Predicate = true> <Delay = 0.00>
ST_1 : Operation 275 [1/1] (0.00ns)   --->   "%A_28_loc = alloca i64 1"   --->   Operation 275 'alloca' 'A_28_loc' <Predicate = true> <Delay = 0.00>
ST_1 : Operation 276 [1/1] (0.00ns)   --->   "%A_29_loc = alloca i64 1"   --->   Operation 276 'alloca' 'A_29_loc' <Predicate = true> <Delay = 0.00>
ST_1 : Operation 277 [1/1] (0.00ns)   --->   "%A_30_loc = alloca i64 1"   --->   Operation 277 'alloca' 'A_30_loc' <Predicate = true> <Delay = 0.00>
ST_1 : Operation 278 [1/1] (0.00ns)   --->   "%A_31_loc = alloca i64 1"   --->   Operation 278 'alloca' 'A_31_loc' <Predicate = true> <Delay = 0.00>
ST_1 : Operation 279 [1/1] (0.00ns)   --->   "%A_32_loc = alloca i64 1"   --->   Operation 279 'alloca' 'A_32_loc' <Predicate = true> <Delay = 0.00>
ST_1 : Operation 280 [1/1] (0.00ns)   --->   "%A_33_loc = alloca i64 1"   --->   Operation 280 'alloca' 'A_33_loc' <Predicate = true> <Delay = 0.00>
ST_1 : Operation 281 [1/1] (0.00ns)   --->   "%A_34_loc = alloca i64 1"   --->   Operation 281 'alloca' 'A_34_loc' <Predicate = true> <Delay = 0.00>
ST_1 : Operation 282 [1/1] (0.00ns)   --->   "%A_35_loc = alloca i64 1"   --->   Operation 282 'alloca' 'A_35_loc' <Predicate = true> <Delay = 0.00>
ST_1 : Operation 283 [1/1] (0.00ns)   --->   "%x_32_loc = alloca i64 1"   --->   Operation 283 'alloca' 'x_32_loc' <Predicate = true> <Delay = 0.00>
ST_1 : Operation 284 [1/1] (0.00ns)   --->   "%x_33_loc = alloca i64 1"   --->   Operation 284 'alloca' 'x_33_loc' <Predicate = true> <Delay = 0.00>
ST_1 : Operation 285 [1/1] (0.00ns)   --->   "%x_34_loc = alloca i64 1"   --->   Operation 285 'alloca' 'x_34_loc' <Predicate = true> <Delay = 0.00>
ST_1 : Operation 286 [1/1] (0.00ns)   --->   "%x_35_loc = alloca i64 1"   --->   Operation 286 'alloca' 'x_35_loc' <Predicate = true> <Delay = 0.00>
ST_1 : Operation 287 [1/1] (0.00ns)   --->   "%x_36_loc = alloca i64 1"   --->   Operation 287 'alloca' 'x_36_loc' <Predicate = true> <Delay = 0.00>
ST_1 : Operation 288 [1/1] (0.00ns)   --->   "%x_37_loc = alloca i64 1"   --->   Operation 288 'alloca' 'x_37_loc' <Predicate = true> <Delay = 0.00>
ST_1 : Operation 289 [1/1] (0.00ns)   --->   "%K_loc = alloca i64 1"   --->   Operation 289 'alloca' 'K_loc' <Predicate = true> <Delay = 0.00>
ST_1 : Operation 290 [1/1] (0.00ns)   --->   "%K_1_loc = alloca i64 1"   --->   Operation 290 'alloca' 'K_1_loc' <Predicate = true> <Delay = 0.00>
ST_1 : Operation 291 [1/1] (0.00ns)   --->   "%K_2_loc = alloca i64 1"   --->   Operation 291 'alloca' 'K_2_loc' <Predicate = true> <Delay = 0.00>
ST_1 : Operation 292 [1/1] (0.00ns)   --->   "%K_3_loc = alloca i64 1"   --->   Operation 292 'alloca' 'K_3_loc' <Predicate = true> <Delay = 0.00>
ST_1 : Operation 293 [1/1] (0.00ns)   --->   "%K_4_loc = alloca i64 1"   --->   Operation 293 'alloca' 'K_4_loc' <Predicate = true> <Delay = 0.00>
ST_1 : Operation 294 [1/1] (0.00ns)   --->   "%K_5_loc = alloca i64 1"   --->   Operation 294 'alloca' 'K_5_loc' <Predicate = true> <Delay = 0.00>
ST_1 : Operation 295 [1/1] (0.00ns)   --->   "%s_loc = alloca i64 1"   --->   Operation 295 'alloca' 's_loc' <Predicate = true> <Delay = 0.00>
ST_1 : Operation 296 [1/1] (0.00ns)   --->   "%Ph_loc = alloca i64 1"   --->   Operation 296 'alloca' 'Ph_loc' <Predicate = true> <Delay = 0.00>
ST_1 : Operation 297 [1/1] (0.00ns)   --->   "%Ph_1_loc = alloca i64 1"   --->   Operation 297 'alloca' 'Ph_1_loc' <Predicate = true> <Delay = 0.00>
ST_1 : Operation 298 [1/1] (0.00ns)   --->   "%Ph_2_loc = alloca i64 1"   --->   Operation 298 'alloca' 'Ph_2_loc' <Predicate = true> <Delay = 0.00>
ST_1 : Operation 299 [1/1] (0.00ns)   --->   "%Ph_3_loc = alloca i64 1"   --->   Operation 299 'alloca' 'Ph_3_loc' <Predicate = true> <Delay = 0.00>
ST_1 : Operation 300 [1/1] (0.00ns)   --->   "%Ph_4_loc = alloca i64 1"   --->   Operation 300 'alloca' 'Ph_4_loc' <Predicate = true> <Delay = 0.00>
ST_1 : Operation 301 [1/1] (0.00ns)   --->   "%Ph_5_loc = alloca i64 1"   --->   Operation 301 'alloca' 'Ph_5_loc' <Predicate = true> <Delay = 0.00>
ST_1 : Operation 302 [1/1] (0.00ns)   --->   "%H_loc = alloca i64 1"   --->   Operation 302 'alloca' 'H_loc' <Predicate = true> <Delay = 0.00>
ST_1 : Operation 303 [1/1] (0.00ns)   --->   "%H_1_loc = alloca i64 1"   --->   Operation 303 'alloca' 'H_1_loc' <Predicate = true> <Delay = 0.00>
ST_1 : Operation 304 [1/1] (0.00ns)   --->   "%H_2_loc = alloca i64 1"   --->   Operation 304 'alloca' 'H_2_loc' <Predicate = true> <Delay = 0.00>
ST_1 : Operation 305 [1/1] (0.00ns)   --->   "%H_3_loc = alloca i64 1"   --->   Operation 305 'alloca' 'H_3_loc' <Predicate = true> <Delay = 0.00>
ST_1 : Operation 306 [1/1] (0.00ns)   --->   "%H_4_loc = alloca i64 1"   --->   Operation 306 'alloca' 'H_4_loc' <Predicate = true> <Delay = 0.00>
ST_1 : Operation 307 [1/1] (0.00ns)   --->   "%H_5_loc = alloca i64 1"   --->   Operation 307 'alloca' 'H_5_loc' <Predicate = true> <Delay = 0.00>
ST_1 : Operation 308 [1/1] (0.00ns)   --->   "%P_73_loc = alloca i64 1"   --->   Operation 308 'alloca' 'P_73_loc' <Predicate = true> <Delay = 0.00>
ST_1 : Operation 309 [1/1] (0.00ns)   --->   "%P_74_loc = alloca i64 1"   --->   Operation 309 'alloca' 'P_74_loc' <Predicate = true> <Delay = 0.00>
ST_1 : Operation 310 [1/1] (0.00ns)   --->   "%P_75_loc = alloca i64 1"   --->   Operation 310 'alloca' 'P_75_loc' <Predicate = true> <Delay = 0.00>
ST_1 : Operation 311 [1/1] (0.00ns)   --->   "%P_76_loc = alloca i64 1"   --->   Operation 311 'alloca' 'P_76_loc' <Predicate = true> <Delay = 0.00>
ST_1 : Operation 312 [1/1] (0.00ns)   --->   "%P_77_loc = alloca i64 1"   --->   Operation 312 'alloca' 'P_77_loc' <Predicate = true> <Delay = 0.00>
ST_1 : Operation 313 [1/1] (0.00ns)   --->   "%P_78_loc = alloca i64 1"   --->   Operation 313 'alloca' 'P_78_loc' <Predicate = true> <Delay = 0.00>
ST_1 : Operation 314 [1/1] (0.00ns)   --->   "%P_79_loc = alloca i64 1"   --->   Operation 314 'alloca' 'P_79_loc' <Predicate = true> <Delay = 0.00>
ST_1 : Operation 315 [1/1] (0.00ns)   --->   "%P_80_loc = alloca i64 1"   --->   Operation 315 'alloca' 'P_80_loc' <Predicate = true> <Delay = 0.00>
ST_1 : Operation 316 [1/1] (0.00ns)   --->   "%P_81_loc = alloca i64 1"   --->   Operation 316 'alloca' 'P_81_loc' <Predicate = true> <Delay = 0.00>
ST_1 : Operation 317 [1/1] (0.00ns)   --->   "%P_82_loc = alloca i64 1"   --->   Operation 317 'alloca' 'P_82_loc' <Predicate = true> <Delay = 0.00>
ST_1 : Operation 318 [1/1] (0.00ns)   --->   "%P_83_loc = alloca i64 1"   --->   Operation 318 'alloca' 'P_83_loc' <Predicate = true> <Delay = 0.00>
ST_1 : Operation 319 [1/1] (0.00ns)   --->   "%P_84_loc = alloca i64 1"   --->   Operation 319 'alloca' 'P_84_loc' <Predicate = true> <Delay = 0.00>
ST_1 : Operation 320 [1/1] (0.00ns)   --->   "%P_85_loc = alloca i64 1"   --->   Operation 320 'alloca' 'P_85_loc' <Predicate = true> <Delay = 0.00>
ST_1 : Operation 321 [1/1] (0.00ns)   --->   "%P_86_loc = alloca i64 1"   --->   Operation 321 'alloca' 'P_86_loc' <Predicate = true> <Delay = 0.00>
ST_1 : Operation 322 [1/1] (0.00ns)   --->   "%P_87_loc = alloca i64 1"   --->   Operation 322 'alloca' 'P_87_loc' <Predicate = true> <Delay = 0.00>
ST_1 : Operation 323 [1/1] (0.00ns)   --->   "%P_88_loc = alloca i64 1"   --->   Operation 323 'alloca' 'P_88_loc' <Predicate = true> <Delay = 0.00>
ST_1 : Operation 324 [1/1] (0.00ns)   --->   "%P_89_loc = alloca i64 1"   --->   Operation 324 'alloca' 'P_89_loc' <Predicate = true> <Delay = 0.00>
ST_1 : Operation 325 [1/1] (0.00ns)   --->   "%P_90_loc = alloca i64 1"   --->   Operation 325 'alloca' 'P_90_loc' <Predicate = true> <Delay = 0.00>
ST_1 : Operation 326 [1/1] (0.00ns)   --->   "%P_91_loc = alloca i64 1"   --->   Operation 326 'alloca' 'P_91_loc' <Predicate = true> <Delay = 0.00>
ST_1 : Operation 327 [1/1] (0.00ns)   --->   "%P_92_loc = alloca i64 1"   --->   Operation 327 'alloca' 'P_92_loc' <Predicate = true> <Delay = 0.00>
ST_1 : Operation 328 [1/1] (0.00ns)   --->   "%P_93_loc = alloca i64 1"   --->   Operation 328 'alloca' 'P_93_loc' <Predicate = true> <Delay = 0.00>
ST_1 : Operation 329 [1/1] (0.00ns)   --->   "%P_94_loc = alloca i64 1"   --->   Operation 329 'alloca' 'P_94_loc' <Predicate = true> <Delay = 0.00>
ST_1 : Operation 330 [1/1] (0.00ns)   --->   "%P_95_loc = alloca i64 1"   --->   Operation 330 'alloca' 'P_95_loc' <Predicate = true> <Delay = 0.00>
ST_1 : Operation 331 [1/1] (0.00ns)   --->   "%P_96_loc = alloca i64 1"   --->   Operation 331 'alloca' 'P_96_loc' <Predicate = true> <Delay = 0.00>
ST_1 : Operation 332 [1/1] (0.00ns)   --->   "%P_97_loc = alloca i64 1"   --->   Operation 332 'alloca' 'P_97_loc' <Predicate = true> <Delay = 0.00>
ST_1 : Operation 333 [1/1] (0.00ns)   --->   "%P_98_loc = alloca i64 1"   --->   Operation 333 'alloca' 'P_98_loc' <Predicate = true> <Delay = 0.00>
ST_1 : Operation 334 [1/1] (0.00ns)   --->   "%P_99_loc = alloca i64 1"   --->   Operation 334 'alloca' 'P_99_loc' <Predicate = true> <Delay = 0.00>
ST_1 : Operation 335 [1/1] (0.00ns)   --->   "%P_100_loc = alloca i64 1"   --->   Operation 335 'alloca' 'P_100_loc' <Predicate = true> <Delay = 0.00>
ST_1 : Operation 336 [1/1] (0.00ns)   --->   "%P_101_loc = alloca i64 1"   --->   Operation 336 'alloca' 'P_101_loc' <Predicate = true> <Delay = 0.00>
ST_1 : Operation 337 [1/1] (0.00ns)   --->   "%P_102_loc = alloca i64 1"   --->   Operation 337 'alloca' 'P_102_loc' <Predicate = true> <Delay = 0.00>
ST_1 : Operation 338 [1/1] (0.00ns)   --->   "%P_103_loc = alloca i64 1"   --->   Operation 338 'alloca' 'P_103_loc' <Predicate = true> <Delay = 0.00>
ST_1 : Operation 339 [1/1] (0.00ns)   --->   "%P_104_loc = alloca i64 1"   --->   Operation 339 'alloca' 'P_104_loc' <Predicate = true> <Delay = 0.00>
ST_1 : Operation 340 [1/1] (0.00ns)   --->   "%P_105_loc = alloca i64 1"   --->   Operation 340 'alloca' 'P_105_loc' <Predicate = true> <Delay = 0.00>
ST_1 : Operation 341 [1/1] (0.00ns)   --->   "%P_106_loc = alloca i64 1"   --->   Operation 341 'alloca' 'P_106_loc' <Predicate = true> <Delay = 0.00>
ST_1 : Operation 342 [1/1] (0.00ns)   --->   "%P_107_loc = alloca i64 1"   --->   Operation 342 'alloca' 'P_107_loc' <Predicate = true> <Delay = 0.00>
ST_1 : Operation 343 [1/1] (0.00ns)   --->   "%P_108_loc = alloca i64 1"   --->   Operation 343 'alloca' 'P_108_loc' <Predicate = true> <Delay = 0.00>
ST_1 : Operation 344 [1/1] (0.00ns)   --->   "%mux_case_010992786_loc = alloca i64 1"   --->   Operation 344 'alloca' 'mux_case_010992786_loc' <Predicate = true> <Delay = 0.00>
ST_1 : Operation 345 [1/1] (0.00ns)   --->   "%mux_case_111012792_loc = alloca i64 1"   --->   Operation 345 'alloca' 'mux_case_111012792_loc' <Predicate = true> <Delay = 0.00>
ST_1 : Operation 346 [1/1] (0.00ns)   --->   "%mux_case_211032798_loc = alloca i64 1"   --->   Operation 346 'alloca' 'mux_case_211032798_loc' <Predicate = true> <Delay = 0.00>
ST_1 : Operation 347 [1/1] (0.00ns)   --->   "%mux_case_311052804_loc = alloca i64 1"   --->   Operation 347 'alloca' 'mux_case_311052804_loc' <Predicate = true> <Delay = 0.00>
ST_1 : Operation 348 [1/1] (0.00ns)   --->   "%mux_case_411072810_loc = alloca i64 1"   --->   Operation 348 'alloca' 'mux_case_411072810_loc' <Predicate = true> <Delay = 0.00>
ST_1 : Operation 349 [1/1] (0.00ns)   --->   "%mux_case_511092816_loc = alloca i64 1"   --->   Operation 349 'alloca' 'mux_case_511092816_loc' <Predicate = true> <Delay = 0.00>
ST_1 : Operation 350 [1/1] (0.00ns)   --->   "%mux_case_011122823_loc = alloca i64 1"   --->   Operation 350 'alloca' 'mux_case_011122823_loc' <Predicate = true> <Delay = 0.00>
ST_1 : Operation 351 [1/1] (0.00ns)   --->   "%mux_case_111142829_loc = alloca i64 1"   --->   Operation 351 'alloca' 'mux_case_111142829_loc' <Predicate = true> <Delay = 0.00>
ST_1 : Operation 352 [1/1] (0.00ns)   --->   "%mux_case_211162835_loc = alloca i64 1"   --->   Operation 352 'alloca' 'mux_case_211162835_loc' <Predicate = true> <Delay = 0.00>
ST_1 : Operation 353 [1/1] (0.00ns)   --->   "%mux_case_311182841_loc = alloca i64 1"   --->   Operation 353 'alloca' 'mux_case_311182841_loc' <Predicate = true> <Delay = 0.00>
ST_1 : Operation 354 [1/1] (0.00ns)   --->   "%mux_case_411202847_loc = alloca i64 1"   --->   Operation 354 'alloca' 'mux_case_411202847_loc' <Predicate = true> <Delay = 0.00>
ST_1 : Operation 355 [1/1] (0.00ns)   --->   "%mux_case_511222853_loc = alloca i64 1"   --->   Operation 355 'alloca' 'mux_case_511222853_loc' <Predicate = true> <Delay = 0.00>
ST_1 : Operation 356 [1/1] (0.00ns)   --->   "%mux_case_011252859_loc = alloca i64 1"   --->   Operation 356 'alloca' 'mux_case_011252859_loc' <Predicate = true> <Delay = 0.00>
ST_1 : Operation 357 [1/1] (0.00ns)   --->   "%mux_case_111272865_loc = alloca i64 1"   --->   Operation 357 'alloca' 'mux_case_111272865_loc' <Predicate = true> <Delay = 0.00>
ST_1 : Operation 358 [1/1] (0.00ns)   --->   "%mux_case_211292871_loc = alloca i64 1"   --->   Operation 358 'alloca' 'mux_case_211292871_loc' <Predicate = true> <Delay = 0.00>
ST_1 : Operation 359 [1/1] (0.00ns)   --->   "%mux_case_311312877_loc = alloca i64 1"   --->   Operation 359 'alloca' 'mux_case_311312877_loc' <Predicate = true> <Delay = 0.00>
ST_1 : Operation 360 [1/1] (0.00ns)   --->   "%mux_case_411332883_loc = alloca i64 1"   --->   Operation 360 'alloca' 'mux_case_411332883_loc' <Predicate = true> <Delay = 0.00>
ST_1 : Operation 361 [1/1] (0.00ns)   --->   "%mux_case_511352889_loc = alloca i64 1"   --->   Operation 361 'alloca' 'mux_case_511352889_loc' <Predicate = true> <Delay = 0.00>
ST_1 : Operation 362 [1/1] (0.00ns)   --->   "%mux_case_011382895_loc = alloca i64 1"   --->   Operation 362 'alloca' 'mux_case_011382895_loc' <Predicate = true> <Delay = 0.00>
ST_1 : Operation 363 [1/1] (0.00ns)   --->   "%mux_case_111402901_loc = alloca i64 1"   --->   Operation 363 'alloca' 'mux_case_111402901_loc' <Predicate = true> <Delay = 0.00>
ST_1 : Operation 364 [1/1] (0.00ns)   --->   "%mux_case_211422907_loc = alloca i64 1"   --->   Operation 364 'alloca' 'mux_case_211422907_loc' <Predicate = true> <Delay = 0.00>
ST_1 : Operation 365 [1/1] (0.00ns)   --->   "%mux_case_311442913_loc = alloca i64 1"   --->   Operation 365 'alloca' 'mux_case_311442913_loc' <Predicate = true> <Delay = 0.00>
ST_1 : Operation 366 [1/1] (0.00ns)   --->   "%mux_case_411462919_loc = alloca i64 1"   --->   Operation 366 'alloca' 'mux_case_411462919_loc' <Predicate = true> <Delay = 0.00>
ST_1 : Operation 367 [1/1] (0.00ns)   --->   "%mux_case_511482925_loc = alloca i64 1"   --->   Operation 367 'alloca' 'mux_case_511482925_loc' <Predicate = true> <Delay = 0.00>
ST_1 : Operation 368 [1/1] (0.00ns)   --->   "%mux_case_011512931_loc = alloca i64 1"   --->   Operation 368 'alloca' 'mux_case_011512931_loc' <Predicate = true> <Delay = 0.00>
ST_1 : Operation 369 [1/1] (0.00ns)   --->   "%mux_case_111532937_loc = alloca i64 1"   --->   Operation 369 'alloca' 'mux_case_111532937_loc' <Predicate = true> <Delay = 0.00>
ST_1 : Operation 370 [1/1] (0.00ns)   --->   "%mux_case_211552943_loc = alloca i64 1"   --->   Operation 370 'alloca' 'mux_case_211552943_loc' <Predicate = true> <Delay = 0.00>
ST_1 : Operation 371 [1/1] (0.00ns)   --->   "%mux_case_311572949_loc = alloca i64 1"   --->   Operation 371 'alloca' 'mux_case_311572949_loc' <Predicate = true> <Delay = 0.00>
ST_1 : Operation 372 [1/1] (0.00ns)   --->   "%mux_case_411592955_loc = alloca i64 1"   --->   Operation 372 'alloca' 'mux_case_411592955_loc' <Predicate = true> <Delay = 0.00>
ST_1 : Operation 373 [1/1] (0.00ns)   --->   "%mux_case_511612961_loc = alloca i64 1"   --->   Operation 373 'alloca' 'mux_case_511612961_loc' <Predicate = true> <Delay = 0.00>
ST_1 : Operation 374 [1/1] (0.00ns)   --->   "%mux_case_011642967_loc = alloca i64 1"   --->   Operation 374 'alloca' 'mux_case_011642967_loc' <Predicate = true> <Delay = 0.00>
ST_1 : Operation 375 [1/1] (0.00ns)   --->   "%mux_case_111662973_loc = alloca i64 1"   --->   Operation 375 'alloca' 'mux_case_111662973_loc' <Predicate = true> <Delay = 0.00>
ST_1 : Operation 376 [1/1] (0.00ns)   --->   "%mux_case_211682979_loc = alloca i64 1"   --->   Operation 376 'alloca' 'mux_case_211682979_loc' <Predicate = true> <Delay = 0.00>
ST_1 : Operation 377 [1/1] (0.00ns)   --->   "%mux_case_311702985_loc = alloca i64 1"   --->   Operation 377 'alloca' 'mux_case_311702985_loc' <Predicate = true> <Delay = 0.00>
ST_1 : Operation 378 [1/1] (0.00ns)   --->   "%mux_case_411722991_loc = alloca i64 1"   --->   Operation 378 'alloca' 'mux_case_411722991_loc' <Predicate = true> <Delay = 0.00>
ST_1 : Operation 379 [1/1] (0.00ns)   --->   "%mux_case_511742997_loc = alloca i64 1"   --->   Operation 379 'alloca' 'mux_case_511742997_loc' <Predicate = true> <Delay = 0.00>
ST_1 : Operation 380 [1/1] (0.00ns)   --->   "%Ft_loc = alloca i64 1"   --->   Operation 380 'alloca' 'Ft_loc' <Predicate = true> <Delay = 0.00>
ST_1 : Operation 381 [1/1] (0.00ns)   --->   "%Ft_1_loc = alloca i64 1"   --->   Operation 381 'alloca' 'Ft_1_loc' <Predicate = true> <Delay = 0.00>
ST_1 : Operation 382 [1/1] (0.00ns)   --->   "%Ft_2_loc = alloca i64 1"   --->   Operation 382 'alloca' 'Ft_2_loc' <Predicate = true> <Delay = 0.00>
ST_1 : Operation 383 [1/1] (0.00ns)   --->   "%Ft_3_loc = alloca i64 1"   --->   Operation 383 'alloca' 'Ft_3_loc' <Predicate = true> <Delay = 0.00>
ST_1 : Operation 384 [1/1] (0.00ns)   --->   "%Ft_4_loc = alloca i64 1"   --->   Operation 384 'alloca' 'Ft_4_loc' <Predicate = true> <Delay = 0.00>
ST_1 : Operation 385 [1/1] (0.00ns)   --->   "%Ft_5_loc = alloca i64 1"   --->   Operation 385 'alloca' 'Ft_5_loc' <Predicate = true> <Delay = 0.00>
ST_1 : Operation 386 [1/1] (0.00ns)   --->   "%Ft_6_loc = alloca i64 1"   --->   Operation 386 'alloca' 'Ft_6_loc' <Predicate = true> <Delay = 0.00>
ST_1 : Operation 387 [1/1] (0.00ns)   --->   "%Ft_7_loc = alloca i64 1"   --->   Operation 387 'alloca' 'Ft_7_loc' <Predicate = true> <Delay = 0.00>
ST_1 : Operation 388 [1/1] (0.00ns)   --->   "%Ft_8_loc = alloca i64 1"   --->   Operation 388 'alloca' 'Ft_8_loc' <Predicate = true> <Delay = 0.00>
ST_1 : Operation 389 [1/1] (0.00ns)   --->   "%Ft_9_loc = alloca i64 1"   --->   Operation 389 'alloca' 'Ft_9_loc' <Predicate = true> <Delay = 0.00>
ST_1 : Operation 390 [1/1] (0.00ns)   --->   "%Ft_10_loc = alloca i64 1"   --->   Operation 390 'alloca' 'Ft_10_loc' <Predicate = true> <Delay = 0.00>
ST_1 : Operation 391 [1/1] (0.00ns)   --->   "%Ft_11_loc = alloca i64 1"   --->   Operation 391 'alloca' 'Ft_11_loc' <Predicate = true> <Delay = 0.00>
ST_1 : Operation 392 [1/1] (0.00ns)   --->   "%Ft_12_loc = alloca i64 1"   --->   Operation 392 'alloca' 'Ft_12_loc' <Predicate = true> <Delay = 0.00>
ST_1 : Operation 393 [1/1] (0.00ns)   --->   "%Ft_13_loc = alloca i64 1"   --->   Operation 393 'alloca' 'Ft_13_loc' <Predicate = true> <Delay = 0.00>
ST_1 : Operation 394 [1/1] (0.00ns)   --->   "%Ft_14_loc = alloca i64 1"   --->   Operation 394 'alloca' 'Ft_14_loc' <Predicate = true> <Delay = 0.00>
ST_1 : Operation 395 [1/1] (0.00ns)   --->   "%Ft_15_loc = alloca i64 1"   --->   Operation 395 'alloca' 'Ft_15_loc' <Predicate = true> <Delay = 0.00>
ST_1 : Operation 396 [1/1] (0.00ns)   --->   "%Ft_16_loc = alloca i64 1"   --->   Operation 396 'alloca' 'Ft_16_loc' <Predicate = true> <Delay = 0.00>
ST_1 : Operation 397 [1/1] (0.00ns)   --->   "%Ft_17_loc = alloca i64 1"   --->   Operation 397 'alloca' 'Ft_17_loc' <Predicate = true> <Delay = 0.00>
ST_1 : Operation 398 [1/1] (0.00ns)   --->   "%Ft_18_loc = alloca i64 1"   --->   Operation 398 'alloca' 'Ft_18_loc' <Predicate = true> <Delay = 0.00>
ST_1 : Operation 399 [1/1] (0.00ns)   --->   "%Ft_19_loc = alloca i64 1"   --->   Operation 399 'alloca' 'Ft_19_loc' <Predicate = true> <Delay = 0.00>
ST_1 : Operation 400 [1/1] (0.00ns)   --->   "%Ft_20_loc = alloca i64 1"   --->   Operation 400 'alloca' 'Ft_20_loc' <Predicate = true> <Delay = 0.00>
ST_1 : Operation 401 [1/1] (0.00ns)   --->   "%Ft_21_loc = alloca i64 1"   --->   Operation 401 'alloca' 'Ft_21_loc' <Predicate = true> <Delay = 0.00>
ST_1 : Operation 402 [1/1] (0.00ns)   --->   "%Ft_22_loc = alloca i64 1"   --->   Operation 402 'alloca' 'Ft_22_loc' <Predicate = true> <Delay = 0.00>
ST_1 : Operation 403 [1/1] (0.00ns)   --->   "%Ft_23_loc = alloca i64 1"   --->   Operation 403 'alloca' 'Ft_23_loc' <Predicate = true> <Delay = 0.00>
ST_1 : Operation 404 [1/1] (0.00ns)   --->   "%Ft_24_loc = alloca i64 1"   --->   Operation 404 'alloca' 'Ft_24_loc' <Predicate = true> <Delay = 0.00>
ST_1 : Operation 405 [1/1] (0.00ns)   --->   "%Ft_25_loc = alloca i64 1"   --->   Operation 405 'alloca' 'Ft_25_loc' <Predicate = true> <Delay = 0.00>
ST_1 : Operation 406 [1/1] (0.00ns)   --->   "%Ft_26_loc = alloca i64 1"   --->   Operation 406 'alloca' 'Ft_26_loc' <Predicate = true> <Delay = 0.00>
ST_1 : Operation 407 [1/1] (0.00ns)   --->   "%Ft_27_loc = alloca i64 1"   --->   Operation 407 'alloca' 'Ft_27_loc' <Predicate = true> <Delay = 0.00>
ST_1 : Operation 408 [1/1] (0.00ns)   --->   "%Ft_28_loc = alloca i64 1"   --->   Operation 408 'alloca' 'Ft_28_loc' <Predicate = true> <Delay = 0.00>
ST_1 : Operation 409 [1/1] (0.00ns)   --->   "%Ft_29_loc = alloca i64 1"   --->   Operation 409 'alloca' 'Ft_29_loc' <Predicate = true> <Delay = 0.00>
ST_1 : Operation 410 [1/1] (0.00ns)   --->   "%Ft_30_loc = alloca i64 1"   --->   Operation 410 'alloca' 'Ft_30_loc' <Predicate = true> <Delay = 0.00>
ST_1 : Operation 411 [1/1] (0.00ns)   --->   "%Ft_31_loc = alloca i64 1"   --->   Operation 411 'alloca' 'Ft_31_loc' <Predicate = true> <Delay = 0.00>
ST_1 : Operation 412 [1/1] (0.00ns)   --->   "%Ft_32_loc = alloca i64 1"   --->   Operation 412 'alloca' 'Ft_32_loc' <Predicate = true> <Delay = 0.00>
ST_1 : Operation 413 [1/1] (0.00ns)   --->   "%Ft_33_loc = alloca i64 1"   --->   Operation 413 'alloca' 'Ft_33_loc' <Predicate = true> <Delay = 0.00>
ST_1 : Operation 414 [1/1] (0.00ns)   --->   "%Ft_34_loc = alloca i64 1"   --->   Operation 414 'alloca' 'Ft_34_loc' <Predicate = true> <Delay = 0.00>
ST_1 : Operation 415 [1/1] (0.00ns)   --->   "%Ft_35_loc = alloca i64 1"   --->   Operation 415 'alloca' 'Ft_35_loc' <Predicate = true> <Delay = 0.00>
ST_1 : Operation 416 [1/1] (0.00ns)   --->   "%mux_case_09072605_loc = alloca i64 1"   --->   Operation 416 'alloca' 'mux_case_09072605_loc' <Predicate = true> <Delay = 0.00>
ST_1 : Operation 417 [1/1] (0.00ns)   --->   "%mux_case_19092611_loc = alloca i64 1"   --->   Operation 417 'alloca' 'mux_case_19092611_loc' <Predicate = true> <Delay = 0.00>
ST_1 : Operation 418 [1/1] (0.00ns)   --->   "%mux_case_29112616_loc = alloca i64 1"   --->   Operation 418 'alloca' 'mux_case_29112616_loc' <Predicate = true> <Delay = 0.00>
ST_1 : Operation 419 [1/1] (0.00ns)   --->   "%mux_case_39132621_loc = alloca i64 1"   --->   Operation 419 'alloca' 'mux_case_39132621_loc' <Predicate = true> <Delay = 0.00>
ST_1 : Operation 420 [1/1] (0.00ns)   --->   "%mux_case_49152626_loc = alloca i64 1"   --->   Operation 420 'alloca' 'mux_case_49152626_loc' <Predicate = true> <Delay = 0.00>
ST_1 : Operation 421 [1/1] (0.00ns)   --->   "%mux_case_59172631_loc = alloca i64 1"   --->   Operation 421 'alloca' 'mux_case_59172631_loc' <Predicate = true> <Delay = 0.00>
ST_1 : Operation 422 [1/1] (0.00ns)   --->   "%mux_case_09192635_loc = alloca i64 1"   --->   Operation 422 'alloca' 'mux_case_09192635_loc' <Predicate = true> <Delay = 0.00>
ST_1 : Operation 423 [1/1] (0.00ns)   --->   "%mux_case_19212641_loc = alloca i64 1"   --->   Operation 423 'alloca' 'mux_case_19212641_loc' <Predicate = true> <Delay = 0.00>
ST_1 : Operation 424 [1/1] (0.00ns)   --->   "%mux_case_29232646_loc = alloca i64 1"   --->   Operation 424 'alloca' 'mux_case_29232646_loc' <Predicate = true> <Delay = 0.00>
ST_1 : Operation 425 [1/1] (0.00ns)   --->   "%mux_case_39252651_loc = alloca i64 1"   --->   Operation 425 'alloca' 'mux_case_39252651_loc' <Predicate = true> <Delay = 0.00>
ST_1 : Operation 426 [1/1] (0.00ns)   --->   "%mux_case_49272656_loc = alloca i64 1"   --->   Operation 426 'alloca' 'mux_case_49272656_loc' <Predicate = true> <Delay = 0.00>
ST_1 : Operation 427 [1/1] (0.00ns)   --->   "%mux_case_59292661_loc = alloca i64 1"   --->   Operation 427 'alloca' 'mux_case_59292661_loc' <Predicate = true> <Delay = 0.00>
ST_1 : Operation 428 [1/1] (0.00ns)   --->   "%mux_case_09312665_loc = alloca i64 1"   --->   Operation 428 'alloca' 'mux_case_09312665_loc' <Predicate = true> <Delay = 0.00>
ST_1 : Operation 429 [1/1] (0.00ns)   --->   "%mux_case_19332671_loc = alloca i64 1"   --->   Operation 429 'alloca' 'mux_case_19332671_loc' <Predicate = true> <Delay = 0.00>
ST_1 : Operation 430 [1/1] (0.00ns)   --->   "%mux_case_29352676_loc = alloca i64 1"   --->   Operation 430 'alloca' 'mux_case_29352676_loc' <Predicate = true> <Delay = 0.00>
ST_1 : Operation 431 [1/1] (0.00ns)   --->   "%mux_case_39372681_loc = alloca i64 1"   --->   Operation 431 'alloca' 'mux_case_39372681_loc' <Predicate = true> <Delay = 0.00>
ST_1 : Operation 432 [1/1] (0.00ns)   --->   "%mux_case_49392686_loc = alloca i64 1"   --->   Operation 432 'alloca' 'mux_case_49392686_loc' <Predicate = true> <Delay = 0.00>
ST_1 : Operation 433 [1/1] (0.00ns)   --->   "%mux_case_59412691_loc = alloca i64 1"   --->   Operation 433 'alloca' 'mux_case_59412691_loc' <Predicate = true> <Delay = 0.00>
ST_1 : Operation 434 [1/1] (0.00ns)   --->   "%mux_case_09432695_loc = alloca i64 1"   --->   Operation 434 'alloca' 'mux_case_09432695_loc' <Predicate = true> <Delay = 0.00>
ST_1 : Operation 435 [1/1] (0.00ns)   --->   "%mux_case_19452701_loc = alloca i64 1"   --->   Operation 435 'alloca' 'mux_case_19452701_loc' <Predicate = true> <Delay = 0.00>
ST_1 : Operation 436 [1/1] (0.00ns)   --->   "%mux_case_29472706_loc = alloca i64 1"   --->   Operation 436 'alloca' 'mux_case_29472706_loc' <Predicate = true> <Delay = 0.00>
ST_1 : Operation 437 [1/1] (0.00ns)   --->   "%mux_case_39492711_loc = alloca i64 1"   --->   Operation 437 'alloca' 'mux_case_39492711_loc' <Predicate = true> <Delay = 0.00>
ST_1 : Operation 438 [1/1] (0.00ns)   --->   "%mux_case_49512716_loc = alloca i64 1"   --->   Operation 438 'alloca' 'mux_case_49512716_loc' <Predicate = true> <Delay = 0.00>
ST_1 : Operation 439 [1/1] (0.00ns)   --->   "%mux_case_59532721_loc = alloca i64 1"   --->   Operation 439 'alloca' 'mux_case_59532721_loc' <Predicate = true> <Delay = 0.00>
ST_1 : Operation 440 [1/1] (0.00ns)   --->   "%mux_case_09552725_loc = alloca i64 1"   --->   Operation 440 'alloca' 'mux_case_09552725_loc' <Predicate = true> <Delay = 0.00>
ST_1 : Operation 441 [1/1] (0.00ns)   --->   "%mux_case_19572731_loc = alloca i64 1"   --->   Operation 441 'alloca' 'mux_case_19572731_loc' <Predicate = true> <Delay = 0.00>
ST_1 : Operation 442 [1/1] (0.00ns)   --->   "%mux_case_29592736_loc = alloca i64 1"   --->   Operation 442 'alloca' 'mux_case_29592736_loc' <Predicate = true> <Delay = 0.00>
ST_1 : Operation 443 [1/1] (0.00ns)   --->   "%mux_case_39612741_loc = alloca i64 1"   --->   Operation 443 'alloca' 'mux_case_39612741_loc' <Predicate = true> <Delay = 0.00>
ST_1 : Operation 444 [1/1] (0.00ns)   --->   "%mux_case_49632746_loc = alloca i64 1"   --->   Operation 444 'alloca' 'mux_case_49632746_loc' <Predicate = true> <Delay = 0.00>
ST_1 : Operation 445 [1/1] (0.00ns)   --->   "%mux_case_59652751_loc = alloca i64 1"   --->   Operation 445 'alloca' 'mux_case_59652751_loc' <Predicate = true> <Delay = 0.00>
ST_1 : Operation 446 [1/1] (0.00ns)   --->   "%mux_case_09672755_loc = alloca i64 1"   --->   Operation 446 'alloca' 'mux_case_09672755_loc' <Predicate = true> <Delay = 0.00>
ST_1 : Operation 447 [1/1] (0.00ns)   --->   "%mux_case_19692761_loc = alloca i64 1"   --->   Operation 447 'alloca' 'mux_case_19692761_loc' <Predicate = true> <Delay = 0.00>
ST_1 : Operation 448 [1/1] (0.00ns)   --->   "%mux_case_29712766_loc = alloca i64 1"   --->   Operation 448 'alloca' 'mux_case_29712766_loc' <Predicate = true> <Delay = 0.00>
ST_1 : Operation 449 [1/1] (0.00ns)   --->   "%mux_case_39732771_loc = alloca i64 1"   --->   Operation 449 'alloca' 'mux_case_39732771_loc' <Predicate = true> <Delay = 0.00>
ST_1 : Operation 450 [1/1] (0.00ns)   --->   "%mux_case_49752776_loc = alloca i64 1"   --->   Operation 450 'alloca' 'mux_case_49752776_loc' <Predicate = true> <Delay = 0.00>
ST_1 : Operation 451 [1/1] (0.00ns)   --->   "%mux_case_59772781_loc = alloca i64 1"   --->   Operation 451 'alloca' 'mux_case_59772781_loc' <Predicate = true> <Delay = 0.00>
ST_1 : Operation 452 [1/1] (0.00ns)   --->   "%x_13_loc = alloca i64 1"   --->   Operation 452 'alloca' 'x_13_loc' <Predicate = true> <Delay = 0.00>
ST_1 : Operation 453 [1/1] (0.00ns)   --->   "%x_14_loc = alloca i64 1"   --->   Operation 453 'alloca' 'x_14_loc' <Predicate = true> <Delay = 0.00>
ST_1 : Operation 454 [1/1] (0.00ns)   --->   "%x_15_loc = alloca i64 1"   --->   Operation 454 'alloca' 'x_15_loc' <Predicate = true> <Delay = 0.00>
ST_1 : Operation 455 [1/1] (0.00ns)   --->   "%x_16_loc = alloca i64 1"   --->   Operation 455 'alloca' 'x_16_loc' <Predicate = true> <Delay = 0.00>
ST_1 : Operation 456 [1/1] (0.00ns)   --->   "%x_17_loc = alloca i64 1"   --->   Operation 456 'alloca' 'x_17_loc' <Predicate = true> <Delay = 0.00>
ST_1 : Operation 457 [1/1] (0.00ns)   --->   "%x_18_loc = alloca i64 1"   --->   Operation 457 'alloca' 'x_18_loc' <Predicate = true> <Delay = 0.00>
ST_1 : Operation 458 [1/1] (0.00ns)   --->   "%xp_loc = alloca i64 1"   --->   Operation 458 'alloca' 'xp_loc' <Predicate = true> <Delay = 0.00>
ST_1 : Operation 459 [1/1] (0.00ns)   --->   "%xp_1_loc = alloca i64 1"   --->   Operation 459 'alloca' 'xp_1_loc' <Predicate = true> <Delay = 0.00>
ST_1 : Operation 460 [1/1] (0.00ns)   --->   "%xp_2_loc = alloca i64 1"   --->   Operation 460 'alloca' 'xp_2_loc' <Predicate = true> <Delay = 0.00>
ST_1 : Operation 461 [1/1] (0.00ns)   --->   "%xp_3_loc = alloca i64 1"   --->   Operation 461 'alloca' 'xp_3_loc' <Predicate = true> <Delay = 0.00>
ST_1 : Operation 462 [1/1] (0.00ns)   --->   "%xp_4_loc = alloca i64 1"   --->   Operation 462 'alloca' 'xp_4_loc' <Predicate = true> <Delay = 0.00>
ST_1 : Operation 463 [1/1] (0.00ns)   --->   "%xp_5_loc = alloca i64 1"   --->   Operation 463 'alloca' 'xp_5_loc' <Predicate = true> <Delay = 0.00>
ST_1 : Operation 464 [1/1] (0.00ns)   --->   "%Q_loc = alloca i64 1"   --->   Operation 464 'alloca' 'Q_loc' <Predicate = true> <Delay = 0.00>
ST_1 : Operation 465 [1/1] (0.00ns)   --->   "%Q_1_loc = alloca i64 1"   --->   Operation 465 'alloca' 'Q_1_loc' <Predicate = true> <Delay = 0.00>
ST_1 : Operation 466 [1/1] (0.00ns)   --->   "%Q_2_loc = alloca i64 1"   --->   Operation 466 'alloca' 'Q_2_loc' <Predicate = true> <Delay = 0.00>
ST_1 : Operation 467 [1/1] (0.00ns)   --->   "%Q_3_loc = alloca i64 1"   --->   Operation 467 'alloca' 'Q_3_loc' <Predicate = true> <Delay = 0.00>
ST_1 : Operation 468 [1/1] (0.00ns)   --->   "%Q_4_loc = alloca i64 1"   --->   Operation 468 'alloca' 'Q_4_loc' <Predicate = true> <Delay = 0.00>
ST_1 : Operation 469 [1/1] (0.00ns)   --->   "%Q_5_loc = alloca i64 1"   --->   Operation 469 'alloca' 'Q_5_loc' <Predicate = true> <Delay = 0.00>
ST_1 : Operation 470 [1/1] (0.00ns)   --->   "%Q_6_loc = alloca i64 1"   --->   Operation 470 'alloca' 'Q_6_loc' <Predicate = true> <Delay = 0.00>
ST_1 : Operation 471 [1/1] (0.00ns)   --->   "%Q_7_loc = alloca i64 1"   --->   Operation 471 'alloca' 'Q_7_loc' <Predicate = true> <Delay = 0.00>
ST_1 : Operation 472 [1/1] (0.00ns)   --->   "%Q_8_loc = alloca i64 1"   --->   Operation 472 'alloca' 'Q_8_loc' <Predicate = true> <Delay = 0.00>
ST_1 : Operation 473 [1/1] (0.00ns)   --->   "%Q_9_loc = alloca i64 1"   --->   Operation 473 'alloca' 'Q_9_loc' <Predicate = true> <Delay = 0.00>
ST_1 : Operation 474 [1/1] (0.00ns)   --->   "%Q_10_loc = alloca i64 1"   --->   Operation 474 'alloca' 'Q_10_loc' <Predicate = true> <Delay = 0.00>
ST_1 : Operation 475 [1/1] (0.00ns)   --->   "%Q_11_loc = alloca i64 1"   --->   Operation 475 'alloca' 'Q_11_loc' <Predicate = true> <Delay = 0.00>
ST_1 : Operation 476 [1/1] (0.00ns)   --->   "%F_loc = alloca i64 1"   --->   Operation 476 'alloca' 'F_loc' <Predicate = true> <Delay = 0.00>
ST_1 : Operation 477 [1/1] (0.00ns)   --->   "%F_1_loc = alloca i64 1"   --->   Operation 477 'alloca' 'F_1_loc' <Predicate = true> <Delay = 0.00>
ST_1 : Operation 478 [1/1] (0.00ns)   --->   "%F_2_loc = alloca i64 1"   --->   Operation 478 'alloca' 'F_2_loc' <Predicate = true> <Delay = 0.00>
ST_1 : Operation 479 [1/1] (0.00ns)   --->   "%F_3_loc = alloca i64 1"   --->   Operation 479 'alloca' 'F_3_loc' <Predicate = true> <Delay = 0.00>
ST_1 : Operation 480 [1/1] (0.00ns)   --->   "%F_4_loc = alloca i64 1"   --->   Operation 480 'alloca' 'F_4_loc' <Predicate = true> <Delay = 0.00>
ST_1 : Operation 481 [1/1] (0.00ns)   --->   "%F_5_loc = alloca i64 1"   --->   Operation 481 'alloca' 'F_5_loc' <Predicate = true> <Delay = 0.00>
ST_1 : Operation 482 [1/1] (0.00ns)   --->   "%F_6_loc = alloca i64 1"   --->   Operation 482 'alloca' 'F_6_loc' <Predicate = true> <Delay = 0.00>
ST_1 : Operation 483 [1/1] (0.00ns)   --->   "%F_7_loc = alloca i64 1"   --->   Operation 483 'alloca' 'F_7_loc' <Predicate = true> <Delay = 0.00>
ST_1 : Operation 484 [1/1] (0.00ns)   --->   "%F_8_loc = alloca i64 1"   --->   Operation 484 'alloca' 'F_8_loc' <Predicate = true> <Delay = 0.00>
ST_1 : Operation 485 [1/1] (0.00ns)   --->   "%F_9_loc = alloca i64 1"   --->   Operation 485 'alloca' 'F_9_loc' <Predicate = true> <Delay = 0.00>
ST_1 : Operation 486 [1/1] (0.00ns)   --->   "%F_10_loc = alloca i64 1"   --->   Operation 486 'alloca' 'F_10_loc' <Predicate = true> <Delay = 0.00>
ST_1 : Operation 487 [1/1] (0.00ns)   --->   "%F_11_loc = alloca i64 1"   --->   Operation 487 'alloca' 'F_11_loc' <Predicate = true> <Delay = 0.00>
ST_1 : Operation 488 [1/1] (0.00ns)   --->   "%F_12_loc = alloca i64 1"   --->   Operation 488 'alloca' 'F_12_loc' <Predicate = true> <Delay = 0.00>
ST_1 : Operation 489 [1/1] (0.00ns)   --->   "%F_13_loc = alloca i64 1"   --->   Operation 489 'alloca' 'F_13_loc' <Predicate = true> <Delay = 0.00>
ST_1 : Operation 490 [1/1] (0.00ns)   --->   "%F_14_loc = alloca i64 1"   --->   Operation 490 'alloca' 'F_14_loc' <Predicate = true> <Delay = 0.00>
ST_1 : Operation 491 [1/1] (0.00ns)   --->   "%F_15_loc = alloca i64 1"   --->   Operation 491 'alloca' 'F_15_loc' <Predicate = true> <Delay = 0.00>
ST_1 : Operation 492 [1/1] (0.00ns)   --->   "%F_16_loc = alloca i64 1"   --->   Operation 492 'alloca' 'F_16_loc' <Predicate = true> <Delay = 0.00>
ST_1 : Operation 493 [1/1] (0.00ns)   --->   "%F_17_loc = alloca i64 1"   --->   Operation 493 'alloca' 'F_17_loc' <Predicate = true> <Delay = 0.00>
ST_1 : Operation 494 [1/1] (0.00ns)   --->   "%F_18_loc = alloca i64 1"   --->   Operation 494 'alloca' 'F_18_loc' <Predicate = true> <Delay = 0.00>
ST_1 : Operation 495 [1/1] (0.00ns)   --->   "%F_19_loc = alloca i64 1"   --->   Operation 495 'alloca' 'F_19_loc' <Predicate = true> <Delay = 0.00>
ST_1 : Operation 496 [1/1] (0.00ns)   --->   "%F_20_loc = alloca i64 1"   --->   Operation 496 'alloca' 'F_20_loc' <Predicate = true> <Delay = 0.00>
ST_1 : Operation 497 [1/1] (0.00ns)   --->   "%F_21_loc = alloca i64 1"   --->   Operation 497 'alloca' 'F_21_loc' <Predicate = true> <Delay = 0.00>
ST_1 : Operation 498 [1/1] (0.00ns)   --->   "%F_22_loc = alloca i64 1"   --->   Operation 498 'alloca' 'F_22_loc' <Predicate = true> <Delay = 0.00>
ST_1 : Operation 499 [1/1] (0.00ns)   --->   "%F_23_loc = alloca i64 1"   --->   Operation 499 'alloca' 'F_23_loc' <Predicate = true> <Delay = 0.00>
ST_1 : Operation 500 [1/1] (0.00ns)   --->   "%F_24_loc = alloca i64 1"   --->   Operation 500 'alloca' 'F_24_loc' <Predicate = true> <Delay = 0.00>
ST_1 : Operation 501 [1/1] (0.00ns)   --->   "%F_25_loc = alloca i64 1"   --->   Operation 501 'alloca' 'F_25_loc' <Predicate = true> <Delay = 0.00>
ST_1 : Operation 502 [1/1] (0.00ns)   --->   "%F_26_loc = alloca i64 1"   --->   Operation 502 'alloca' 'F_26_loc' <Predicate = true> <Delay = 0.00>
ST_1 : Operation 503 [1/1] (0.00ns)   --->   "%F_27_loc = alloca i64 1"   --->   Operation 503 'alloca' 'F_27_loc' <Predicate = true> <Delay = 0.00>
ST_1 : Operation 504 [1/1] (0.00ns)   --->   "%F_28_loc = alloca i64 1"   --->   Operation 504 'alloca' 'F_28_loc' <Predicate = true> <Delay = 0.00>
ST_1 : Operation 505 [1/1] (0.00ns)   --->   "%F_29_loc = alloca i64 1"   --->   Operation 505 'alloca' 'F_29_loc' <Predicate = true> <Delay = 0.00>
ST_1 : Operation 506 [1/1] (0.00ns)   --->   "%F_30_loc = alloca i64 1"   --->   Operation 506 'alloca' 'F_30_loc' <Predicate = true> <Delay = 0.00>
ST_1 : Operation 507 [1/1] (0.00ns)   --->   "%F_31_loc = alloca i64 1"   --->   Operation 507 'alloca' 'F_31_loc' <Predicate = true> <Delay = 0.00>
ST_1 : Operation 508 [1/1] (0.00ns)   --->   "%F_32_loc = alloca i64 1"   --->   Operation 508 'alloca' 'F_32_loc' <Predicate = true> <Delay = 0.00>
ST_1 : Operation 509 [1/1] (0.00ns)   --->   "%P_loc = alloca i64 1"   --->   Operation 509 'alloca' 'P_loc' <Predicate = true> <Delay = 0.00>
ST_1 : Operation 510 [1/1] (0.00ns)   --->   "%P_1_loc = alloca i64 1"   --->   Operation 510 'alloca' 'P_1_loc' <Predicate = true> <Delay = 0.00>
ST_1 : Operation 511 [1/1] (0.00ns)   --->   "%P_2_loc = alloca i64 1"   --->   Operation 511 'alloca' 'P_2_loc' <Predicate = true> <Delay = 0.00>
ST_1 : Operation 512 [1/1] (0.00ns)   --->   "%P_3_loc = alloca i64 1"   --->   Operation 512 'alloca' 'P_3_loc' <Predicate = true> <Delay = 0.00>
ST_1 : Operation 513 [1/1] (0.00ns)   --->   "%P_4_loc = alloca i64 1"   --->   Operation 513 'alloca' 'P_4_loc' <Predicate = true> <Delay = 0.00>
ST_1 : Operation 514 [1/1] (0.00ns)   --->   "%P_5_loc = alloca i64 1"   --->   Operation 514 'alloca' 'P_5_loc' <Predicate = true> <Delay = 0.00>
ST_1 : Operation 515 [1/1] (0.00ns)   --->   "%P_6_loc = alloca i64 1"   --->   Operation 515 'alloca' 'P_6_loc' <Predicate = true> <Delay = 0.00>
ST_1 : Operation 516 [1/1] (0.00ns)   --->   "%P_7_loc = alloca i64 1"   --->   Operation 516 'alloca' 'P_7_loc' <Predicate = true> <Delay = 0.00>
ST_1 : Operation 517 [1/1] (0.00ns)   --->   "%P_8_loc = alloca i64 1"   --->   Operation 517 'alloca' 'P_8_loc' <Predicate = true> <Delay = 0.00>
ST_1 : Operation 518 [1/1] (0.00ns)   --->   "%P_9_loc = alloca i64 1"   --->   Operation 518 'alloca' 'P_9_loc' <Predicate = true> <Delay = 0.00>
ST_1 : Operation 519 [1/1] (0.00ns)   --->   "%P_10_loc = alloca i64 1"   --->   Operation 519 'alloca' 'P_10_loc' <Predicate = true> <Delay = 0.00>
ST_1 : Operation 520 [1/1] (0.00ns)   --->   "%P_11_loc = alloca i64 1"   --->   Operation 520 'alloca' 'P_11_loc' <Predicate = true> <Delay = 0.00>
ST_1 : Operation 521 [1/1] (0.00ns)   --->   "%P_12_loc = alloca i64 1"   --->   Operation 521 'alloca' 'P_12_loc' <Predicate = true> <Delay = 0.00>
ST_1 : Operation 522 [1/1] (0.00ns)   --->   "%P_13_loc = alloca i64 1"   --->   Operation 522 'alloca' 'P_13_loc' <Predicate = true> <Delay = 0.00>
ST_1 : Operation 523 [1/1] (0.00ns)   --->   "%P_14_loc = alloca i64 1"   --->   Operation 523 'alloca' 'P_14_loc' <Predicate = true> <Delay = 0.00>
ST_1 : Operation 524 [1/1] (0.00ns)   --->   "%P_15_loc = alloca i64 1"   --->   Operation 524 'alloca' 'P_15_loc' <Predicate = true> <Delay = 0.00>
ST_1 : Operation 525 [1/1] (0.00ns)   --->   "%P_16_loc = alloca i64 1"   --->   Operation 525 'alloca' 'P_16_loc' <Predicate = true> <Delay = 0.00>
ST_1 : Operation 526 [1/1] (0.00ns)   --->   "%P_17_loc = alloca i64 1"   --->   Operation 526 'alloca' 'P_17_loc' <Predicate = true> <Delay = 0.00>
ST_1 : Operation 527 [1/1] (0.00ns)   --->   "%P_18_loc = alloca i64 1"   --->   Operation 527 'alloca' 'P_18_loc' <Predicate = true> <Delay = 0.00>
ST_1 : Operation 528 [1/1] (0.00ns)   --->   "%P_19_loc = alloca i64 1"   --->   Operation 528 'alloca' 'P_19_loc' <Predicate = true> <Delay = 0.00>
ST_1 : Operation 529 [1/1] (0.00ns)   --->   "%P_20_loc = alloca i64 1"   --->   Operation 529 'alloca' 'P_20_loc' <Predicate = true> <Delay = 0.00>
ST_1 : Operation 530 [1/1] (0.00ns)   --->   "%P_21_loc = alloca i64 1"   --->   Operation 530 'alloca' 'P_21_loc' <Predicate = true> <Delay = 0.00>
ST_1 : Operation 531 [1/1] (0.00ns)   --->   "%P_22_loc = alloca i64 1"   --->   Operation 531 'alloca' 'P_22_loc' <Predicate = true> <Delay = 0.00>
ST_1 : Operation 532 [1/1] (0.00ns)   --->   "%P_23_loc = alloca i64 1"   --->   Operation 532 'alloca' 'P_23_loc' <Predicate = true> <Delay = 0.00>
ST_1 : Operation 533 [1/1] (0.00ns)   --->   "%P_24_loc = alloca i64 1"   --->   Operation 533 'alloca' 'P_24_loc' <Predicate = true> <Delay = 0.00>
ST_1 : Operation 534 [1/1] (0.00ns)   --->   "%P_25_loc = alloca i64 1"   --->   Operation 534 'alloca' 'P_25_loc' <Predicate = true> <Delay = 0.00>
ST_1 : Operation 535 [1/1] (0.00ns)   --->   "%P_26_loc = alloca i64 1"   --->   Operation 535 'alloca' 'P_26_loc' <Predicate = true> <Delay = 0.00>
ST_1 : Operation 536 [1/1] (0.00ns)   --->   "%P_27_loc = alloca i64 1"   --->   Operation 536 'alloca' 'P_27_loc' <Predicate = true> <Delay = 0.00>
ST_1 : Operation 537 [1/1] (0.00ns)   --->   "%P_28_loc = alloca i64 1"   --->   Operation 537 'alloca' 'P_28_loc' <Predicate = true> <Delay = 0.00>
ST_1 : Operation 538 [1/1] (0.00ns)   --->   "%P_29_loc = alloca i64 1"   --->   Operation 538 'alloca' 'P_29_loc' <Predicate = true> <Delay = 0.00>
ST_1 : Operation 539 [1/1] (0.00ns)   --->   "%P_30_loc = alloca i64 1"   --->   Operation 539 'alloca' 'P_30_loc' <Predicate = true> <Delay = 0.00>
ST_1 : Operation 540 [1/1] (0.00ns)   --->   "%P_31_loc = alloca i64 1"   --->   Operation 540 'alloca' 'P_31_loc' <Predicate = true> <Delay = 0.00>
ST_1 : Operation 541 [1/1] (0.00ns)   --->   "%P_32_loc = alloca i64 1"   --->   Operation 541 'alloca' 'P_32_loc' <Predicate = true> <Delay = 0.00>
ST_1 : Operation 542 [1/1] (0.00ns)   --->   "%P_33_loc = alloca i64 1"   --->   Operation 542 'alloca' 'P_33_loc' <Predicate = true> <Delay = 0.00>
ST_1 : Operation 543 [1/1] (0.00ns)   --->   "%P_34_loc = alloca i64 1"   --->   Operation 543 'alloca' 'P_34_loc' <Predicate = true> <Delay = 0.00>
ST_1 : Operation 544 [1/1] (0.00ns)   --->   "%P_35_loc = alloca i64 1"   --->   Operation 544 'alloca' 'P_35_loc' <Predicate = true> <Delay = 0.00>
ST_1 : Operation 545 [1/1] (0.00ns)   --->   "%x_loc = alloca i64 1"   --->   Operation 545 'alloca' 'x_loc' <Predicate = true> <Delay = 0.00>
ST_1 : Operation 546 [1/1] (0.00ns)   --->   "%x_1_loc = alloca i64 1"   --->   Operation 546 'alloca' 'x_1_loc' <Predicate = true> <Delay = 0.00>
ST_1 : Operation 547 [1/1] (0.00ns)   --->   "%x_2_loc = alloca i64 1"   --->   Operation 547 'alloca' 'x_2_loc' <Predicate = true> <Delay = 0.00>
ST_1 : Operation 548 [1/1] (0.00ns)   --->   "%x_3_loc = alloca i64 1"   --->   Operation 548 'alloca' 'x_3_loc' <Predicate = true> <Delay = 0.00>
ST_1 : Operation 549 [1/1] (0.00ns)   --->   "%x_4_loc = alloca i64 1"   --->   Operation 549 'alloca' 'x_4_loc' <Predicate = true> <Delay = 0.00>
ST_1 : Operation 550 [1/1] (0.00ns)   --->   "%x_5_loc = alloca i64 1"   --->   Operation 550 'alloca' 'x_5_loc' <Predicate = true> <Delay = 0.00>
ST_1 : Operation 551 [1/1] (0.00ns)   --->   "%trunc_ln128 = trunc i32 %num_tracks_read" [ekf_core.cpp:128]   --->   Operation 551 'trunc' 'trunc_ln128' <Predicate = true> <Delay = 0.00>
ST_1 : Operation 552 [1/1] (0.00ns)   --->   "%local = alloca i64 1" [ekf_core.cpp:146]   --->   Operation 552 'alloca' 'local' <Predicate = true> <Delay = 0.00> <CoreInst = "RAM">   --->   Core 83 'RAM' <Latency = 1> <II = 1> <Delay = 0.67> <Storage> <Opcode : 'load' 'store'> <Ports = 2> <Width = 32> <Depth = 13> <RAM>
ST_1 : Operation 553 [1/1] (0.00ns)   --->   "%local_1 = alloca i64 1" [ekf_core.cpp:146]   --->   Operation 553 'alloca' 'local_1' <Predicate = true> <Delay = 0.00> <CoreInst = "RAM">   --->   Core 83 'RAM' <Latency = 1> <II = 1> <Delay = 0.67> <Storage> <Opcode : 'load' 'store'> <Ports = 2> <Width = 32> <Depth = 13> <RAM>
ST_1 : Operation 554 [1/1] (0.00ns)   --->   "%local_2 = alloca i64 1" [ekf_core.cpp:146]   --->   Operation 554 'alloca' 'local_2' <Predicate = true> <Delay = 0.00> <CoreInst = "RAM">   --->   Core 83 'RAM' <Latency = 1> <II = 1> <Delay = 0.67> <Storage> <Opcode : 'load' 'store'> <Ports = 2> <Width = 32> <Depth = 13> <RAM>
ST_1 : Operation 555 [1/1] (0.00ns)   --->   "%local_3 = alloca i64 1" [ekf_core.cpp:146]   --->   Operation 555 'alloca' 'local_3' <Predicate = true> <Delay = 0.00> <CoreInst = "RAM">   --->   Core 83 'RAM' <Latency = 1> <II = 1> <Delay = 0.67> <Storage> <Opcode : 'load' 'store'> <Ports = 2> <Width = 32> <Depth = 13> <RAM>
ST_1 : Operation 556 [1/1] (0.00ns)   --->   "%local_4 = alloca i64 1" [ekf_core.cpp:146]   --->   Operation 556 'alloca' 'local_4' <Predicate = true> <Delay = 0.00> <CoreInst = "RAM">   --->   Core 83 'RAM' <Latency = 1> <II = 1> <Delay = 0.67> <Storage> <Opcode : 'load' 'store'> <Ports = 2> <Width = 32> <Depth = 13> <RAM>
ST_1 : Operation 557 [1/1] (0.00ns)   --->   "%local_5 = alloca i64 1" [ekf_core.cpp:146]   --->   Operation 557 'alloca' 'local_5' <Predicate = true> <Delay = 0.00> <CoreInst = "RAM">   --->   Core 83 'RAM' <Latency = 1> <II = 1> <Delay = 0.67> <Storage> <Opcode : 'load' 'store'> <Ports = 2> <Width = 32> <Depth = 13> <RAM>
ST_1 : Operation 558 [1/1] (0.00ns)   --->   "%local_6 = alloca i64 1" [ekf_core.cpp:146]   --->   Operation 558 'alloca' 'local_6' <Predicate = true> <Delay = 0.00>
ST_1 : Operation 559 [1/1] (0.00ns)   --->   "%local_7 = alloca i64 1" [ekf_core.cpp:146]   --->   Operation 559 'alloca' 'local_7' <Predicate = true> <Delay = 0.00>
ST_1 : Operation 560 [1/1] (1.01ns)   --->   "%icmp_ln138 = icmp_sgt  i32 %num_tracks_read, i32 0" [ekf_core.cpp:138]   --->   Operation 560 'icmp' 'icmp_ln138' <Predicate = true> <Delay = 1.01> <CoreInst = "Cmp">   --->   Core 9 'Cmp' <Latency = 0> <II = 1> <Delay = 1.01> <FuncUnit> <Opcode : 'icmp'> <InPorts = 2> <OutPorts = 1>
ST_1 : Operation 561 [1/1] (0.00ns)   --->   "%trunc_ln1 = partselect i62 @_ssdm_op_PartSelect.i62.i64.i32.i32, i64 %nmeas_read, i32 2, i32 63" [ekf_core.cpp:138]   --->   Operation 561 'partselect' 'trunc_ln1' <Predicate = true> <Delay = 0.00>
ST_1 : Operation 562 [1/1] (0.00ns)   --->   "%sext_ln138 = sext i62 %trunc_ln1" [ekf_core.cpp:138]   --->   Operation 562 'sext' 'sext_ln138' <Predicate = true> <Delay = 0.00>
ST_1 : Operation 563 [1/1] (0.00ns)   --->   "%gmem1_addr = getelementptr i32 %gmem1, i64 %sext_ln138" [ekf_core.cpp:138]   --->   Operation 563 'getelementptr' 'gmem1_addr' <Predicate = true> <Delay = 0.00>
ST_1 : Operation 564 [1/1] (0.41ns)   --->   "%empty = select i1 %icmp_ln138, i31 %trunc_ln128, i31 0" [ekf_core.cpp:138]   --->   Operation 564 'select' 'empty' <Predicate = true> <Delay = 0.41> <CoreInst = "Sel">   --->   Core 73 'Sel' <Latency = 0> <II = 1> <Delay = 0.41> <FuncUnit> <Opcode : 'select'> <InPorts = 3> <OutPorts = 1>
ST_1 : Operation 565 [1/1] (0.42ns)   --->   "%store_ln138 = store i31 0, i31 %t" [ekf_core.cpp:138]   --->   Operation 565 'store' 'store_ln138' <Predicate = true> <Delay = 0.42>
ST_1 : Operation 566 [1/1] (0.42ns)   --->   "%store_ln138 = store i40 0, i40 %phi_mul" [ekf_core.cpp:138]   --->   Operation 566 'store' 'store_ln138' <Predicate = true> <Delay = 0.42>

State 2 <SV = 1> <Delay = 7.30>
ST_2 : Operation 567 [1/1] (0.00ns)   --->   "%zext_ln138 = zext i31 %empty" [ekf_core.cpp:138]   --->   Operation 567 'zext' 'zext_ln138' <Predicate = true> <Delay = 0.00>
ST_2 : Operation 568 [8/8] (7.30ns)   --->   "%empty_52 = readreq i1 @_ssdm_op_ReadReq.m_axi.p1i32, i32 %gmem1_addr, i32 %zext_ln138" [ekf_core.cpp:138]   --->   Operation 568 'readreq' 'empty_52' <Predicate = true> <Delay = 7.30> <CoreInst = "m_axi">   --->   Core 121 'm_axi' <Latency = 0> <II = 1> <Delay = 1.00> <Adapter> <Opcode : 'read' 'write' 'readreq' 'writereq' 'writeresp'>

State 3 <SV = 2> <Delay = 7.30>
ST_3 : Operation 569 [7/8] (7.30ns)   --->   "%empty_52 = readreq i1 @_ssdm_op_ReadReq.m_axi.p1i32, i32 %gmem1_addr, i32 %zext_ln138" [ekf_core.cpp:138]   --->   Operation 569 'readreq' 'empty_52' <Predicate = true> <Delay = 7.30> <CoreInst = "m_axi">   --->   Core 121 'm_axi' <Latency = 0> <II = 1> <Delay = 1.00> <Adapter> <Opcode : 'read' 'write' 'readreq' 'writereq' 'writeresp'>

State 4 <SV = 3> <Delay = 7.30>
ST_4 : Operation 570 [6/8] (7.30ns)   --->   "%empty_52 = readreq i1 @_ssdm_op_ReadReq.m_axi.p1i32, i32 %gmem1_addr, i32 %zext_ln138" [ekf_core.cpp:138]   --->   Operation 570 'readreq' 'empty_52' <Predicate = true> <Delay = 7.30> <CoreInst = "m_axi">   --->   Core 121 'm_axi' <Latency = 0> <II = 1> <Delay = 1.00> <Adapter> <Opcode : 'read' 'write' 'readreq' 'writereq' 'writeresp'>

State 5 <SV = 4> <Delay = 7.30>
ST_5 : Operation 571 [5/8] (7.30ns)   --->   "%empty_52 = readreq i1 @_ssdm_op_ReadReq.m_axi.p1i32, i32 %gmem1_addr, i32 %zext_ln138" [ekf_core.cpp:138]   --->   Operation 571 'readreq' 'empty_52' <Predicate = true> <Delay = 7.30> <CoreInst = "m_axi">   --->   Core 121 'm_axi' <Latency = 0> <II = 1> <Delay = 1.00> <Adapter> <Opcode : 'read' 'write' 'readreq' 'writereq' 'writeresp'>

State 6 <SV = 5> <Delay = 7.30>
ST_6 : Operation 572 [4/8] (7.30ns)   --->   "%empty_52 = readreq i1 @_ssdm_op_ReadReq.m_axi.p1i32, i32 %gmem1_addr, i32 %zext_ln138" [ekf_core.cpp:138]   --->   Operation 572 'readreq' 'empty_52' <Predicate = true> <Delay = 7.30> <CoreInst = "m_axi">   --->   Core 121 'm_axi' <Latency = 0> <II = 1> <Delay = 1.00> <Adapter> <Opcode : 'read' 'write' 'readreq' 'writereq' 'writeresp'>

State 7 <SV = 6> <Delay = 7.30>
ST_7 : Operation 573 [3/8] (7.30ns)   --->   "%empty_52 = readreq i1 @_ssdm_op_ReadReq.m_axi.p1i32, i32 %gmem1_addr, i32 %zext_ln138" [ekf_core.cpp:138]   --->   Operation 573 'readreq' 'empty_52' <Predicate = true> <Delay = 7.30> <CoreInst = "m_axi">   --->   Core 121 'm_axi' <Latency = 0> <II = 1> <Delay = 1.00> <Adapter> <Opcode : 'read' 'write' 'readreq' 'writereq' 'writeresp'>

State 8 <SV = 7> <Delay = 7.30>
ST_8 : Operation 574 [2/8] (7.30ns)   --->   "%empty_52 = readreq i1 @_ssdm_op_ReadReq.m_axi.p1i32, i32 %gmem1_addr, i32 %zext_ln138" [ekf_core.cpp:138]   --->   Operation 574 'readreq' 'empty_52' <Predicate = true> <Delay = 7.30> <CoreInst = "m_axi">   --->   Core 121 'm_axi' <Latency = 0> <II = 1> <Delay = 1.00> <Adapter> <Opcode : 'read' 'write' 'readreq' 'writereq' 'writeresp'>

State 9 <SV = 8> <Delay = 7.30>
ST_9 : Operation 575 [1/1] (0.00ns)   --->   "%spectopmodule_ln128 = spectopmodule void @_ssdm_op_SpecTopModule, void @empty_37" [ekf_core.cpp:128]   --->   Operation 575 'spectopmodule' 'spectopmodule_ln128' <Predicate = true> <Delay = 0.00>
ST_9 : Operation 576 [1/1] (0.00ns)   --->   "%specinterface_ln0 = specinterface void @_ssdm_op_SpecInterface, i32 %gmem0, void @empty_20, i32 0, i32 0, void @empty_30, i32 0, i32 9800, void @empty_31, void @empty_33, void @empty_30, i32 16, i32 16, i32 16, i32 16, void @empty_30, void @empty_30, i32 4294967295, i32 0"   --->   Operation 576 'specinterface' 'specinterface_ln0' <Predicate = true> <Delay = 0.00>
ST_9 : Operation 577 [1/1] (0.00ns)   --->   "%specbitsmap_ln0 = specbitsmap void @_ssdm_op_SpecBitsMap, i32 %gmem0"   --->   Operation 577 'specbitsmap' 'specbitsmap_ln0' <Predicate = true> <Delay = 0.00>
ST_9 : Operation 578 [1/1] (0.00ns)   --->   "%specinterface_ln0 = specinterface void @_ssdm_op_SpecInterface, i32 %gmem1, void @empty_20, i32 0, i32 0, void @empty_30, i32 0, i32 100, void @empty_34, void @empty_33, void @empty_30, i32 16, i32 16, i32 16, i32 16, void @empty_30, void @empty_30, i32 4294967295, i32 0"   --->   Operation 578 'specinterface' 'specinterface_ln0' <Predicate = true> <Delay = 0.00>
ST_9 : Operation 579 [1/1] (0.00ns)   --->   "%specbitsmap_ln0 = specbitsmap void @_ssdm_op_SpecBitsMap, i32 %gmem1"   --->   Operation 579 'specbitsmap' 'specbitsmap_ln0' <Predicate = true> <Delay = 0.00>
ST_9 : Operation 580 [1/1] (0.00ns)   --->   "%specinterface_ln0 = specinterface void @_ssdm_op_SpecInterface, i64 %data, void @empty_3, i32 0, i32 0, void @empty_30, i32 0, i32 0, void @empty_36, void @empty_22, void @empty_30, i32 0, i32 0, i32 0, i32 0, void @empty_30, void @empty, i32 4294967295, i32 0"   --->   Operation 580 'specinterface' 'specinterface_ln0' <Predicate = true> <Delay = 0.00>
ST_9 : Operation 581 [1/1] (0.00ns)   --->   "%specinterface_ln0 = specinterface void @_ssdm_op_SpecInterface, i64 %data, void @empty_0, i32 0, i32 0, void @empty_30, i32 0, i32 0, void @empty_30, void @empty_30, void @empty_30, i32 0, i32 0, i32 0, i32 0, void @empty_30, void @empty, i32 4294967295, i32 0"   --->   Operation 581 'specinterface' 'specinterface_ln0' <Predicate = true> <Delay = 0.00>
ST_9 : Operation 582 [1/1] (0.00ns)   --->   "%specinterface_ln0 = specinterface void @_ssdm_op_SpecInterface, i64 %nmeas, void @empty_3, i32 0, i32 0, void @empty_30, i32 0, i32 0, void @empty_36, void @empty_35, void @empty_30, i32 0, i32 0, i32 0, i32 0, void @empty_30, void @empty, i32 4294967295, i32 0"   --->   Operation 582 'specinterface' 'specinterface_ln0' <Predicate = true> <Delay = 0.00>
ST_9 : Operation 583 [1/1] (0.00ns)   --->   "%specinterface_ln0 = specinterface void @_ssdm_op_SpecInterface, i64 %nmeas, void @empty_0, i32 0, i32 0, void @empty_30, i32 0, i32 0, void @empty_30, void @empty_30, void @empty_30, i32 0, i32 0, i32 0, i32 0, void @empty_30, void @empty, i32 4294967295, i32 0"   --->   Operation 583 'specinterface' 'specinterface_ln0' <Predicate = true> <Delay = 0.00>
ST_9 : Operation 584 [1/1] (0.00ns)   --->   "%specbitsmap_ln0 = specbitsmap void @_ssdm_op_SpecBitsMap, i32 %num_tracks"   --->   Operation 584 'specbitsmap' 'specbitsmap_ln0' <Predicate = true> <Delay = 0.00>
ST_9 : Operation 585 [1/1] (0.00ns)   --->   "%specinterface_ln0 = specinterface void @_ssdm_op_SpecInterface, i32 %num_tracks, void @empty_3, i32 0, i32 0, void @empty_30, i32 0, i32 0, void @empty_36, void @empty_2, void @empty_30, i32 0, i32 0, i32 0, i32 0, void @empty_30, void @empty_30, i32 4294967295, i32 0"   --->   Operation 585 'specinterface' 'specinterface_ln0' <Predicate = true> <Delay = 0.00>
ST_9 : Operation 586 [1/1] (0.00ns)   --->   "%specinterface_ln0 = specinterface void @_ssdm_op_SpecInterface, i32 %num_tracks, void @empty_0, i32 0, i32 0, void @empty_30, i32 0, i32 0, void @empty_30, void @empty_30, void @empty_30, i32 0, i32 0, i32 0, i32 0, void @empty_30, void @empty_30, i32 4294967295, i32 0"   --->   Operation 586 'specinterface' 'specinterface_ln0' <Predicate = true> <Delay = 0.00>
ST_9 : Operation 587 [1/1] (0.00ns)   --->   "%specinterface_ln0 = specinterface void @_ssdm_op_SpecInterface, i32 0, void @empty_3, i32 0, i32 0, void @empty_30, i32 0, i32 0, void @empty_36, void @empty_30, void @empty_30, i32 0, i32 0, i32 0, i32 0, void @empty_30, void @empty_30, i32 4294967295, i32 0"   --->   Operation 587 'specinterface' 'specinterface_ln0' <Predicate = true> <Delay = 0.00>
ST_9 : Operation 588 [1/8] (7.30ns)   --->   "%empty_52 = readreq i1 @_ssdm_op_ReadReq.m_axi.p1i32, i32 %gmem1_addr, i32 %zext_ln138" [ekf_core.cpp:138]   --->   Operation 588 'readreq' 'empty_52' <Predicate = true> <Delay = 7.30> <CoreInst = "m_axi">   --->   Core 121 'm_axi' <Latency = 0> <II = 1> <Delay = 1.00> <Adapter> <Opcode : 'read' 'write' 'readreq' 'writereq' 'writeresp'>
ST_9 : Operation 589 [1/1] (0.00ns)   --->   "%local_addr = getelementptr i32 %local, i64 0, i64 0"   --->   Operation 589 'getelementptr' 'local_addr' <Predicate = true> <Delay = 0.00>
ST_9 : Operation 590 [1/1] (0.00ns)   --->   "%local_1_addr = getelementptr i32 %local_1, i64 0, i64 0"   --->   Operation 590 'getelementptr' 'local_1_addr' <Predicate = true> <Delay = 0.00>
ST_9 : Operation 591 [1/1] (0.00ns)   --->   "%local_2_addr = getelementptr i32 %local_2, i64 0, i64 0"   --->   Operation 591 'getelementptr' 'local_2_addr' <Predicate = true> <Delay = 0.00>
ST_9 : Operation 592 [1/1] (0.00ns)   --->   "%local_3_addr = getelementptr i32 %local_3, i64 0, i64 0"   --->   Operation 592 'getelementptr' 'local_3_addr' <Predicate = true> <Delay = 0.00>
ST_9 : Operation 593 [1/1] (0.00ns)   --->   "%local_4_addr = getelementptr i32 %local_4, i64 0, i64 0"   --->   Operation 593 'getelementptr' 'local_4_addr' <Predicate = true> <Delay = 0.00>
ST_9 : Operation 594 [1/1] (0.00ns)   --->   "%local_5_addr = getelementptr i32 %local_5, i64 0, i64 0"   --->   Operation 594 'getelementptr' 'local_5_addr' <Predicate = true> <Delay = 0.00>
ST_9 : Operation 595 [1/1] (0.00ns)   --->   "%br_ln138 = br void %VITIS_LOOP_148_3" [ekf_core.cpp:138]   --->   Operation 595 'br' 'br_ln138' <Predicate = true> <Delay = 0.00>

State 10 <SV = 9> <Delay = 1.08>
ST_10 : Operation 596 [1/1] (0.00ns)   --->   "%phi_mul_load = load i40 %phi_mul" [ekf_core.cpp:138]   --->   Operation 596 'load' 'phi_mul_load' <Predicate = true> <Delay = 0.00>
ST_10 : Operation 597 [1/1] (0.00ns)   --->   "%t0 = load i31 %t" [ekf_core.cpp:138]   --->   Operation 597 'load' 't0' <Predicate = true> <Delay = 0.00>
ST_10 : Operation 598 [1/1] (1.03ns)   --->   "%add_ln138_1 = add i40 %phi_mul_load, i40 392" [ekf_core.cpp:138]   --->   Operation 598 'add' 'add_ln138_1' <Predicate = true> <Delay = 1.03> <CoreInst = "Adder">   --->   Core 1 'Adder' <Latency = 0> <II = 1> <Delay = 1.03> <FuncUnit> <Opcode : 'add' 'sub'> <InPorts = 2> <OutPorts = 1>
ST_10 : Operation 599 [1/1] (0.00ns)   --->   "%zext_ln138_1 = zext i31 %t0" [ekf_core.cpp:138]   --->   Operation 599 'zext' 'zext_ln138_1' <Predicate = true> <Delay = 0.00>
ST_10 : Operation 600 [1/1] (1.01ns)   --->   "%icmp_ln138_1 = icmp_slt  i32 %zext_ln138_1, i32 %num_tracks_read" [ekf_core.cpp:138]   --->   Operation 600 'icmp' 'icmp_ln138_1' <Predicate = true> <Delay = 1.01> <CoreInst = "Cmp">   --->   Core 9 'Cmp' <Latency = 0> <II = 1> <Delay = 1.01> <FuncUnit> <Opcode : 'icmp'> <InPorts = 2> <OutPorts = 1>
ST_10 : Operation 601 [1/1] (1.00ns)   --->   "%add_ln138 = add i31 %t0, i31 1" [ekf_core.cpp:138]   --->   Operation 601 'add' 'add_ln138' <Predicate = true> <Delay = 1.00> <CoreInst = "Adder">   --->   Core 1 'Adder' <Latency = 0> <II = 1> <Delay = 1.00> <FuncUnit> <Opcode : 'add' 'sub'> <InPorts = 2> <OutPorts = 1>
ST_10 : Operation 602 [1/1] (0.00ns)   --->   "%br_ln138 = br i1 %icmp_ln138_1, void %for.end146.loopexit, void %VITIS_LOOP_148_3.split" [ekf_core.cpp:138]   --->   Operation 602 'br' 'br_ln138' <Predicate = true> <Delay = 0.00>
ST_10 : Operation 603 [1/1] (0.00ns)   --->   "%zext_ln143 = zext i40 %phi_mul_load" [ekf_core.cpp:143]   --->   Operation 603 'zext' 'zext_ln143' <Predicate = (icmp_ln138_1)> <Delay = 0.00>
ST_10 : Operation 604 [1/1] (1.08ns)   --->   "%add_ln143 = add i64 %zext_ln143, i64 %data_read" [ekf_core.cpp:143]   --->   Operation 604 'add' 'add_ln143' <Predicate = (icmp_ln138_1)> <Delay = 1.08> <CoreInst = "Adder">   --->   Core 1 'Adder' <Latency = 0> <II = 1> <Delay = 1.08> <FuncUnit> <Opcode : 'add' 'sub'> <InPorts = 2> <OutPorts = 1>
ST_10 : Operation 605 [1/1] (0.00ns)   --->   "%trunc_ln2 = partselect i62 @_ssdm_op_PartSelect.i62.i64.i32.i32, i64 %add_ln143, i32 2, i32 63" [ekf_core.cpp:148]   --->   Operation 605 'partselect' 'trunc_ln2' <Predicate = (icmp_ln138_1)> <Delay = 0.00>
ST_10 : Operation 606 [1/1] (0.00ns)   --->   "%ret_ln182 = ret" [ekf_core.cpp:182]   --->   Operation 606 'ret' 'ret_ln182' <Predicate = (!icmp_ln138_1)> <Delay = 0.00>

State 11 <SV = 10> <Delay = 7.30>
ST_11 : Operation 607 [1/1] (0.00ns)   --->   "%sext_ln148 = sext i62 %trunc_ln2" [ekf_core.cpp:148]   --->   Operation 607 'sext' 'sext_ln148' <Predicate = true> <Delay = 0.00>
ST_11 : Operation 608 [1/1] (0.00ns)   --->   "%gmem0_addr = getelementptr i32 %gmem0, i64 %sext_ln148" [ekf_core.cpp:148]   --->   Operation 608 'getelementptr' 'gmem0_addr' <Predicate = true> <Delay = 0.00>
ST_11 : Operation 609 [8/8] (7.30ns)   --->   "%empty_53 = readreq i1 @_ssdm_op_ReadReq.m_axi.p1i32, i32 %gmem0_addr, i32 98" [ekf_core.cpp:148]   --->   Operation 609 'readreq' 'empty_53' <Predicate = true> <Delay = 7.30> <CoreInst = "m_axi">   --->   Core 121 'm_axi' <Latency = 0> <II = 1> <Delay = 1.00> <Adapter> <Opcode : 'read' 'write' 'readreq' 'writereq' 'writeresp'>

State 12 <SV = 11> <Delay = 7.30>
ST_12 : Operation 610 [7/8] (7.30ns)   --->   "%empty_53 = readreq i1 @_ssdm_op_ReadReq.m_axi.p1i32, i32 %gmem0_addr, i32 98" [ekf_core.cpp:148]   --->   Operation 610 'readreq' 'empty_53' <Predicate = true> <Delay = 7.30> <CoreInst = "m_axi">   --->   Core 121 'm_axi' <Latency = 0> <II = 1> <Delay = 1.00> <Adapter> <Opcode : 'read' 'write' 'readreq' 'writereq' 'writeresp'>

State 13 <SV = 12> <Delay = 7.30>
ST_13 : Operation 611 [6/8] (7.30ns)   --->   "%empty_53 = readreq i1 @_ssdm_op_ReadReq.m_axi.p1i32, i32 %gmem0_addr, i32 98" [ekf_core.cpp:148]   --->   Operation 611 'readreq' 'empty_53' <Predicate = true> <Delay = 7.30> <CoreInst = "m_axi">   --->   Core 121 'm_axi' <Latency = 0> <II = 1> <Delay = 1.00> <Adapter> <Opcode : 'read' 'write' 'readreq' 'writereq' 'writeresp'>

State 14 <SV = 13> <Delay = 7.30>
ST_14 : Operation 612 [5/8] (7.30ns)   --->   "%empty_53 = readreq i1 @_ssdm_op_ReadReq.m_axi.p1i32, i32 %gmem0_addr, i32 98" [ekf_core.cpp:148]   --->   Operation 612 'readreq' 'empty_53' <Predicate = true> <Delay = 7.30> <CoreInst = "m_axi">   --->   Core 121 'm_axi' <Latency = 0> <II = 1> <Delay = 1.00> <Adapter> <Opcode : 'read' 'write' 'readreq' 'writereq' 'writeresp'>

State 15 <SV = 14> <Delay = 7.30>
ST_15 : Operation 613 [4/8] (7.30ns)   --->   "%empty_53 = readreq i1 @_ssdm_op_ReadReq.m_axi.p1i32, i32 %gmem0_addr, i32 98" [ekf_core.cpp:148]   --->   Operation 613 'readreq' 'empty_53' <Predicate = true> <Delay = 7.30> <CoreInst = "m_axi">   --->   Core 121 'm_axi' <Latency = 0> <II = 1> <Delay = 1.00> <Adapter> <Opcode : 'read' 'write' 'readreq' 'writereq' 'writeresp'>

State 16 <SV = 15> <Delay = 7.30>
ST_16 : Operation 614 [3/8] (7.30ns)   --->   "%empty_53 = readreq i1 @_ssdm_op_ReadReq.m_axi.p1i32, i32 %gmem0_addr, i32 98" [ekf_core.cpp:148]   --->   Operation 614 'readreq' 'empty_53' <Predicate = true> <Delay = 7.30> <CoreInst = "m_axi">   --->   Core 121 'm_axi' <Latency = 0> <II = 1> <Delay = 1.00> <Adapter> <Opcode : 'read' 'write' 'readreq' 'writereq' 'writeresp'>

State 17 <SV = 16> <Delay = 7.30>
ST_17 : Operation 615 [2/8] (7.30ns)   --->   "%empty_53 = readreq i1 @_ssdm_op_ReadReq.m_axi.p1i32, i32 %gmem0_addr, i32 98" [ekf_core.cpp:148]   --->   Operation 615 'readreq' 'empty_53' <Predicate = true> <Delay = 7.30> <CoreInst = "m_axi">   --->   Core 121 'm_axi' <Latency = 0> <II = 1> <Delay = 1.00> <Adapter> <Opcode : 'read' 'write' 'readreq' 'writereq' 'writeresp'>

State 18 <SV = 17> <Delay = 7.30>
ST_18 : Operation 616 [1/8] (7.30ns)   --->   "%empty_53 = readreq i1 @_ssdm_op_ReadReq.m_axi.p1i32, i32 %gmem0_addr, i32 98" [ekf_core.cpp:148]   --->   Operation 616 'readreq' 'empty_53' <Predicate = true> <Delay = 7.30> <CoreInst = "m_axi">   --->   Core 121 'm_axi' <Latency = 0> <II = 1> <Delay = 1.00> <Adapter> <Opcode : 'read' 'write' 'readreq' 'writereq' 'writeresp'>

State 19 <SV = 18> <Delay = 0.00>
ST_19 : Operation 617 [2/2] (0.00ns)   --->   "%call_ln148 = call void @ekf_batch_Pipeline_VITIS_LOOP_148_3, i32 %gmem0, i62 %trunc_ln2, i32 %local_7, i32 %local_6, i32 %local_5, i32 %local_4, i32 %local_3, i32 %local_2, i32 %local_1, i32 %local" [ekf_core.cpp:148]   --->   Operation 617 'call' 'call_ln148' <Predicate = true> <Delay = 0.00> <CoreType = "Generic">   --->   Core 0 '' <Latency = 0> <II = 1> <Delay = 1.00> <Generic> <Opcode : >
ST_19 : Operation 618 [2/2] (0.00ns)   --->   "%call_ln0 = call void @ekf_batch_Pipeline_VITIS_LOOP_41_1_VITIS_LOOP_42_2, i32 %F_32_loc, i32 %F_31_loc, i32 %F_30_loc, i32 %F_29_loc, i32 %F_28_loc, i32 %F_27_loc, i32 %F_26_loc, i32 %F_25_loc, i32 %F_24_loc, i32 %F_23_loc, i32 %F_22_loc, i32 %F_21_loc, i32 %F_20_loc, i32 %F_19_loc, i32 %F_18_loc, i32 %F_17_loc, i32 %F_16_loc, i32 %F_15_loc, i32 %F_14_loc, i32 %F_13_loc, i32 %F_12_loc, i32 %F_11_loc, i32 %F_10_loc, i32 %F_9_loc, i32 %F_8_loc, i32 %F_7_loc, i32 %F_6_loc, i32 %F_5_loc, i32 %F_4_loc, i32 %F_3_loc, i32 %F_2_loc, i32 %F_1_loc, i32 %F_loc"   --->   Operation 618 'call' 'call_ln0' <Predicate = true> <Delay = 0.00> <CoreType = "Generic">   --->   Core 0 '' <Latency = 0> <II = 1> <Delay = 1.00> <Generic> <Opcode : >
ST_19 : Operation 619 [2/2] (0.00ns)   --->   "%call_ln0 = call void @ekf_batch_Pipeline_VITIS_LOOP_45_3, i32 %Q_11_loc, i32 %Q_10_loc, i32 %Q_9_loc, i32 %Q_8_loc, i32 %Q_7_loc, i32 %Q_6_loc, i32 %Q_5_loc, i32 %Q_4_loc, i32 %Q_3_loc, i32 %Q_2_loc, i32 %Q_1_loc, i32 %Q_loc"   --->   Operation 619 'call' 'call_ln0' <Predicate = true> <Delay = 0.00> <CoreType = "Generic">   --->   Core 0 '' <Latency = 0> <II = 1> <Delay = 1.00> <Generic> <Opcode : >

State 20 <SV = 19> <Delay = 1.20>
ST_20 : Operation 620 [1/2] (0.00ns)   --->   "%call_ln148 = call void @ekf_batch_Pipeline_VITIS_LOOP_148_3, i32 %gmem0, i62 %trunc_ln2, i32 %local_7, i32 %local_6, i32 %local_5, i32 %local_4, i32 %local_3, i32 %local_2, i32 %local_1, i32 %local" [ekf_core.cpp:148]   --->   Operation 620 'call' 'call_ln148' <Predicate = true> <Delay = 0.00> <CoreType = "Generic">   --->   Core 0 '' <Latency = 0> <II = 1> <Delay = 1.00> <Generic> <Opcode : >
ST_20 : Operation 621 [1/2] (1.20ns)   --->   "%call_ln0 = call void @ekf_batch_Pipeline_VITIS_LOOP_41_1_VITIS_LOOP_42_2, i32 %F_32_loc, i32 %F_31_loc, i32 %F_30_loc, i32 %F_29_loc, i32 %F_28_loc, i32 %F_27_loc, i32 %F_26_loc, i32 %F_25_loc, i32 %F_24_loc, i32 %F_23_loc, i32 %F_22_loc, i32 %F_21_loc, i32 %F_20_loc, i32 %F_19_loc, i32 %F_18_loc, i32 %F_17_loc, i32 %F_16_loc, i32 %F_15_loc, i32 %F_14_loc, i32 %F_13_loc, i32 %F_12_loc, i32 %F_11_loc, i32 %F_10_loc, i32 %F_9_loc, i32 %F_8_loc, i32 %F_7_loc, i32 %F_6_loc, i32 %F_5_loc, i32 %F_4_loc, i32 %F_3_loc, i32 %F_2_loc, i32 %F_1_loc, i32 %F_loc"   --->   Operation 621 'call' 'call_ln0' <Predicate = true> <Delay = 1.20> <CoreType = "Generic">   --->   Core 0 '' <Latency = 0> <II = 1> <Delay = 1.00> <Generic> <Opcode : >
ST_20 : Operation 622 [1/2] (0.97ns)   --->   "%call_ln0 = call void @ekf_batch_Pipeline_VITIS_LOOP_45_3, i32 %Q_11_loc, i32 %Q_10_loc, i32 %Q_9_loc, i32 %Q_8_loc, i32 %Q_7_loc, i32 %Q_6_loc, i32 %Q_5_loc, i32 %Q_4_loc, i32 %Q_3_loc, i32 %Q_2_loc, i32 %Q_1_loc, i32 %Q_loc"   --->   Operation 622 'call' 'call_ln0' <Predicate = true> <Delay = 0.97> <CoreType = "Generic">   --->   Core 0 '' <Latency = 0> <II = 1> <Delay = 1.00> <Generic> <Opcode : >

State 21 <SV = 20> <Delay = 0.67>
ST_21 : Operation 623 [2/2] (0.67ns)   --->   "%local_load = load i4 %local_addr"   --->   Operation 623 'load' 'local_load' <Predicate = true> <Delay = 0.67> <CoreInst = "RAM">   --->   Core 83 'RAM' <Latency = 1> <II = 1> <Delay = 0.67> <Storage> <Opcode : 'load' 'store'> <Ports = 2> <Width = 32> <Depth = 13> <RAM>
ST_21 : Operation 624 [2/2] (0.67ns)   --->   "%local_1_load = load i4 %local_1_addr"   --->   Operation 624 'load' 'local_1_load' <Predicate = true> <Delay = 0.67> <CoreInst = "RAM">   --->   Core 83 'RAM' <Latency = 1> <II = 1> <Delay = 0.67> <Storage> <Opcode : 'load' 'store'> <Ports = 2> <Width = 32> <Depth = 13> <RAM>
ST_21 : Operation 625 [2/2] (0.67ns)   --->   "%local_2_load = load i4 %local_2_addr"   --->   Operation 625 'load' 'local_2_load' <Predicate = true> <Delay = 0.67> <CoreInst = "RAM">   --->   Core 83 'RAM' <Latency = 1> <II = 1> <Delay = 0.67> <Storage> <Opcode : 'load' 'store'> <Ports = 2> <Width = 32> <Depth = 13> <RAM>
ST_21 : Operation 626 [2/2] (0.67ns)   --->   "%local_3_load = load i4 %local_3_addr"   --->   Operation 626 'load' 'local_3_load' <Predicate = true> <Delay = 0.67> <CoreInst = "RAM">   --->   Core 83 'RAM' <Latency = 1> <II = 1> <Delay = 0.67> <Storage> <Opcode : 'load' 'store'> <Ports = 2> <Width = 32> <Depth = 13> <RAM>
ST_21 : Operation 627 [2/2] (0.67ns)   --->   "%local_4_load = load i4 %local_4_addr"   --->   Operation 627 'load' 'local_4_load' <Predicate = true> <Delay = 0.67> <CoreInst = "RAM">   --->   Core 83 'RAM' <Latency = 1> <II = 1> <Delay = 0.67> <Storage> <Opcode : 'load' 'store'> <Ports = 2> <Width = 32> <Depth = 13> <RAM>
ST_21 : Operation 628 [2/2] (0.67ns)   --->   "%local_5_load = load i4 %local_5_addr"   --->   Operation 628 'load' 'local_5_load' <Predicate = true> <Delay = 0.67> <CoreInst = "RAM">   --->   Core 83 'RAM' <Latency = 1> <II = 1> <Delay = 0.67> <Storage> <Opcode : 'load' 'store'> <Ports = 2> <Width = 32> <Depth = 13> <RAM>

State 22 <SV = 21> <Delay = 0.67>
ST_22 : Operation 629 [1/2] (0.67ns)   --->   "%local_load = load i4 %local_addr"   --->   Operation 629 'load' 'local_load' <Predicate = true> <Delay = 0.67> <CoreInst = "RAM">   --->   Core 83 'RAM' <Latency = 1> <II = 1> <Delay = 0.67> <Storage> <Opcode : 'load' 'store'> <Ports = 2> <Width = 32> <Depth = 13> <RAM>
ST_22 : Operation 630 [1/2] (0.67ns)   --->   "%local_1_load = load i4 %local_1_addr"   --->   Operation 630 'load' 'local_1_load' <Predicate = true> <Delay = 0.67> <CoreInst = "RAM">   --->   Core 83 'RAM' <Latency = 1> <II = 1> <Delay = 0.67> <Storage> <Opcode : 'load' 'store'> <Ports = 2> <Width = 32> <Depth = 13> <RAM>
ST_22 : Operation 631 [1/2] (0.67ns)   --->   "%local_2_load = load i4 %local_2_addr"   --->   Operation 631 'load' 'local_2_load' <Predicate = true> <Delay = 0.67> <CoreInst = "RAM">   --->   Core 83 'RAM' <Latency = 1> <II = 1> <Delay = 0.67> <Storage> <Opcode : 'load' 'store'> <Ports = 2> <Width = 32> <Depth = 13> <RAM>
ST_22 : Operation 632 [1/2] (0.67ns)   --->   "%local_3_load = load i4 %local_3_addr"   --->   Operation 632 'load' 'local_3_load' <Predicate = true> <Delay = 0.67> <CoreInst = "RAM">   --->   Core 83 'RAM' <Latency = 1> <II = 1> <Delay = 0.67> <Storage> <Opcode : 'load' 'store'> <Ports = 2> <Width = 32> <Depth = 13> <RAM>
ST_22 : Operation 633 [1/2] (0.67ns)   --->   "%local_4_load = load i4 %local_4_addr"   --->   Operation 633 'load' 'local_4_load' <Predicate = true> <Delay = 0.67> <CoreInst = "RAM">   --->   Core 83 'RAM' <Latency = 1> <II = 1> <Delay = 0.67> <Storage> <Opcode : 'load' 'store'> <Ports = 2> <Width = 32> <Depth = 13> <RAM>
ST_22 : Operation 634 [1/2] (0.67ns)   --->   "%local_5_load = load i4 %local_5_addr"   --->   Operation 634 'load' 'local_5_load' <Predicate = true> <Delay = 0.67> <CoreInst = "RAM">   --->   Core 83 'RAM' <Latency = 1> <II = 1> <Delay = 0.67> <Storage> <Opcode : 'load' 'store'> <Ports = 2> <Width = 32> <Depth = 13> <RAM>

State 23 <SV = 22> <Delay = 0.62>
ST_23 : Operation 635 [2/2] (0.62ns)   --->   "%call_ln0 = call void @ekf_batch_Pipeline_VITIS_LOOP_157_4, i32 %local_load, i32 %local_1_load, i32 %local_2_load, i32 %local_3_load, i32 %local_4_load, i32 %local_5_load, i32 %x_5_loc, i32 %x_4_loc, i32 %x_3_loc, i32 %x_2_loc, i32 %x_1_loc, i32 %x_loc"   --->   Operation 635 'call' 'call_ln0' <Predicate = true> <Delay = 0.62> <CoreType = "Generic">   --->   Core 0 '' <Latency = 0> <II = 1> <Delay = 1.00> <Generic> <Opcode : >
ST_23 : Operation 636 [2/2] (0.00ns)   --->   "%call_ln0 = call void @ekf_batch_Pipeline_VITIS_LOOP_158_5_VITIS_LOOP_159_6, i32 %local, i32 %local_1, i32 %local_2, i32 %local_3, i32 %local_4, i32 %local_5, i32 %local_6, i32 %local_7, i32 %P_35_loc, i32 %P_34_loc, i32 %P_33_loc, i32 %P_32_loc, i32 %P_31_loc, i32 %P_30_loc, i32 %P_29_loc, i32 %P_28_loc, i32 %P_27_loc, i32 %P_26_loc, i32 %P_25_loc, i32 %P_24_loc, i32 %P_23_loc, i32 %P_22_loc, i32 %P_21_loc, i32 %P_20_loc, i32 %P_19_loc, i32 %P_18_loc, i32 %P_17_loc, i32 %P_16_loc, i32 %P_15_loc, i32 %P_14_loc, i32 %P_13_loc, i32 %P_12_loc, i32 %P_11_loc, i32 %P_10_loc, i32 %P_9_loc, i32 %P_8_loc, i32 %P_7_loc, i32 %P_6_loc, i32 %P_5_loc, i32 %P_4_loc, i32 %P_3_loc, i32 %P_2_loc, i32 %P_1_loc, i32 %P_loc"   --->   Operation 636 'call' 'call_ln0' <Predicate = true> <Delay = 0.00> <CoreType = "Generic">   --->   Core 0 '' <Latency = 0> <II = 1> <Delay = 1.00> <Generic> <Opcode : >
ST_23 : Operation 637 [1/1] (0.00ns)   --->   "%F_32_loc_load = load i32 %F_32_loc"   --->   Operation 637 'load' 'F_32_loc_load' <Predicate = true> <Delay = 0.00>
ST_23 : Operation 638 [1/1] (0.00ns)   --->   "%F_31_loc_load = load i32 %F_31_loc"   --->   Operation 638 'load' 'F_31_loc_load' <Predicate = true> <Delay = 0.00>
ST_23 : Operation 639 [1/1] (0.00ns)   --->   "%F_30_loc_load = load i32 %F_30_loc"   --->   Operation 639 'load' 'F_30_loc_load' <Predicate = true> <Delay = 0.00>
ST_23 : Operation 640 [1/1] (0.00ns)   --->   "%F_29_loc_load = load i32 %F_29_loc"   --->   Operation 640 'load' 'F_29_loc_load' <Predicate = true> <Delay = 0.00>
ST_23 : Operation 641 [1/1] (0.00ns)   --->   "%F_28_loc_load = load i32 %F_28_loc"   --->   Operation 641 'load' 'F_28_loc_load' <Predicate = true> <Delay = 0.00>
ST_23 : Operation 642 [1/1] (0.00ns)   --->   "%F_27_loc_load = load i32 %F_27_loc"   --->   Operation 642 'load' 'F_27_loc_load' <Predicate = true> <Delay = 0.00>
ST_23 : Operation 643 [1/1] (0.00ns)   --->   "%F_26_loc_load = load i32 %F_26_loc"   --->   Operation 643 'load' 'F_26_loc_load' <Predicate = true> <Delay = 0.00>
ST_23 : Operation 644 [1/1] (0.00ns)   --->   "%F_25_loc_load = load i32 %F_25_loc"   --->   Operation 644 'load' 'F_25_loc_load' <Predicate = true> <Delay = 0.00>
ST_23 : Operation 645 [1/1] (0.00ns)   --->   "%F_24_loc_load = load i32 %F_24_loc"   --->   Operation 645 'load' 'F_24_loc_load' <Predicate = true> <Delay = 0.00>
ST_23 : Operation 646 [1/1] (0.00ns)   --->   "%F_23_loc_load = load i32 %F_23_loc"   --->   Operation 646 'load' 'F_23_loc_load' <Predicate = true> <Delay = 0.00>
ST_23 : Operation 647 [1/1] (0.00ns)   --->   "%F_22_loc_load = load i32 %F_22_loc"   --->   Operation 647 'load' 'F_22_loc_load' <Predicate = true> <Delay = 0.00>
ST_23 : Operation 648 [1/1] (0.00ns)   --->   "%F_21_loc_load = load i32 %F_21_loc"   --->   Operation 648 'load' 'F_21_loc_load' <Predicate = true> <Delay = 0.00>
ST_23 : Operation 649 [1/1] (0.00ns)   --->   "%F_20_loc_load = load i32 %F_20_loc"   --->   Operation 649 'load' 'F_20_loc_load' <Predicate = true> <Delay = 0.00>
ST_23 : Operation 650 [1/1] (0.00ns)   --->   "%F_19_loc_load = load i32 %F_19_loc"   --->   Operation 650 'load' 'F_19_loc_load' <Predicate = true> <Delay = 0.00>
ST_23 : Operation 651 [1/1] (0.00ns)   --->   "%F_18_loc_load = load i32 %F_18_loc"   --->   Operation 651 'load' 'F_18_loc_load' <Predicate = true> <Delay = 0.00>
ST_23 : Operation 652 [1/1] (0.00ns)   --->   "%F_17_loc_load = load i32 %F_17_loc"   --->   Operation 652 'load' 'F_17_loc_load' <Predicate = true> <Delay = 0.00>
ST_23 : Operation 653 [1/1] (0.00ns)   --->   "%F_16_loc_load = load i32 %F_16_loc"   --->   Operation 653 'load' 'F_16_loc_load' <Predicate = true> <Delay = 0.00>
ST_23 : Operation 654 [1/1] (0.00ns)   --->   "%F_15_loc_load = load i32 %F_15_loc"   --->   Operation 654 'load' 'F_15_loc_load' <Predicate = true> <Delay = 0.00>
ST_23 : Operation 655 [1/1] (0.00ns)   --->   "%F_14_loc_load = load i32 %F_14_loc"   --->   Operation 655 'load' 'F_14_loc_load' <Predicate = true> <Delay = 0.00>
ST_23 : Operation 656 [1/1] (0.00ns)   --->   "%F_13_loc_load = load i32 %F_13_loc"   --->   Operation 656 'load' 'F_13_loc_load' <Predicate = true> <Delay = 0.00>
ST_23 : Operation 657 [1/1] (0.00ns)   --->   "%F_12_loc_load = load i32 %F_12_loc"   --->   Operation 657 'load' 'F_12_loc_load' <Predicate = true> <Delay = 0.00>
ST_23 : Operation 658 [1/1] (0.00ns)   --->   "%F_11_loc_load = load i32 %F_11_loc"   --->   Operation 658 'load' 'F_11_loc_load' <Predicate = true> <Delay = 0.00>
ST_23 : Operation 659 [1/1] (0.00ns)   --->   "%F_10_loc_load = load i32 %F_10_loc"   --->   Operation 659 'load' 'F_10_loc_load' <Predicate = true> <Delay = 0.00>
ST_23 : Operation 660 [1/1] (0.00ns)   --->   "%F_9_loc_load = load i32 %F_9_loc"   --->   Operation 660 'load' 'F_9_loc_load' <Predicate = true> <Delay = 0.00>
ST_23 : Operation 661 [1/1] (0.00ns)   --->   "%F_8_loc_load = load i32 %F_8_loc"   --->   Operation 661 'load' 'F_8_loc_load' <Predicate = true> <Delay = 0.00>
ST_23 : Operation 662 [1/1] (0.00ns)   --->   "%F_7_loc_load = load i32 %F_7_loc"   --->   Operation 662 'load' 'F_7_loc_load' <Predicate = true> <Delay = 0.00>
ST_23 : Operation 663 [1/1] (0.00ns)   --->   "%F_6_loc_load = load i32 %F_6_loc"   --->   Operation 663 'load' 'F_6_loc_load' <Predicate = true> <Delay = 0.00>
ST_23 : Operation 664 [1/1] (0.00ns)   --->   "%F_5_loc_load = load i32 %F_5_loc"   --->   Operation 664 'load' 'F_5_loc_load' <Predicate = true> <Delay = 0.00>
ST_23 : Operation 665 [1/1] (0.00ns)   --->   "%F_4_loc_load = load i32 %F_4_loc"   --->   Operation 665 'load' 'F_4_loc_load' <Predicate = true> <Delay = 0.00>
ST_23 : Operation 666 [1/1] (0.00ns)   --->   "%F_3_loc_load = load i32 %F_3_loc"   --->   Operation 666 'load' 'F_3_loc_load' <Predicate = true> <Delay = 0.00>
ST_23 : Operation 667 [1/1] (0.00ns)   --->   "%F_2_loc_load = load i32 %F_2_loc"   --->   Operation 667 'load' 'F_2_loc_load' <Predicate = true> <Delay = 0.00>
ST_23 : Operation 668 [1/1] (0.00ns)   --->   "%F_1_loc_load = load i32 %F_1_loc"   --->   Operation 668 'load' 'F_1_loc_load' <Predicate = true> <Delay = 0.00>
ST_23 : Operation 669 [1/1] (0.00ns)   --->   "%F_loc_load = load i32 %F_loc"   --->   Operation 669 'load' 'F_loc_load' <Predicate = true> <Delay = 0.00>
ST_23 : Operation 670 [2/2] (0.62ns)   --->   "%call_ln0 = call void @ekf_batch_Pipeline_VITIS_LOOP_30_1, i32 %F_loc_load, i32 %F_5_loc_load, i32 %F_10_loc_load, i32 %F_15_loc_load, i32 %F_21_loc_load, i32 %F_27_loc_load, i32 %F_1_loc_load, i32 %F_6_loc_load, i32 %F_11_loc_load, i32 %F_16_loc_load, i32 %F_22_loc_load, i32 %F_28_loc_load, i32 %F_2_loc_load, i32 %F_7_loc_load, i32 %F_12_loc_load, i32 %F_17_loc_load, i32 %F_23_loc_load, i32 %F_29_loc_load, i32 %F_8_loc_load, i32 %F_13_loc_load, i32 %F_18_loc_load, i32 %F_24_loc_load, i32 %F_30_loc_load, i32 %F_3_loc_load, i32 %F_14_loc_load, i32 %F_19_loc_load, i32 %F_25_loc_load, i32 %F_31_loc_load, i32 %F_4_loc_load, i32 %F_9_loc_load, i32 %F_20_loc_load, i32 %F_26_loc_load, i32 %F_32_loc_load, i32 %Ft_35_loc, i32 %Ft_34_loc, i32 %Ft_33_loc, i32 %Ft_32_loc, i32 %Ft_31_loc, i32 %Ft_30_loc, i32 %Ft_29_loc, i32 %Ft_28_loc, i32 %Ft_27_loc, i32 %Ft_26_loc, i32 %Ft_25_loc, i32 %Ft_24_loc, i32 %Ft_23_loc, i32 %Ft_22_loc, i32 %Ft_21_loc, i32 %Ft_20_loc, i32 %Ft_19_loc, i32 %Ft_18_loc, i32 %Ft_17_loc, i32 %Ft_16_loc, i32 %Ft_15_loc, i32 %Ft_14_loc, i32 %Ft_13_loc, i32 %Ft_12_loc, i32 %Ft_11_loc, i32 %Ft_10_loc, i32 %Ft_9_loc, i32 %Ft_8_loc, i32 %Ft_7_loc, i32 %Ft_6_loc, i32 %Ft_5_loc, i32 %Ft_4_loc, i32 %Ft_3_loc, i32 %Ft_2_loc, i32 %Ft_1_loc, i32 %Ft_loc"   --->   Operation 670 'call' 'call_ln0' <Predicate = true> <Delay = 0.62> <CoreType = "Generic">   --->   Core 0 '' <Latency = 0> <II = 1> <Delay = 1.00> <Generic> <Opcode : >

State 24 <SV = 23> <Delay = 1.20>
ST_24 : Operation 671 [1/2] (1.09ns)   --->   "%call_ln0 = call void @ekf_batch_Pipeline_VITIS_LOOP_157_4, i32 %local_load, i32 %local_1_load, i32 %local_2_load, i32 %local_3_load, i32 %local_4_load, i32 %local_5_load, i32 %x_5_loc, i32 %x_4_loc, i32 %x_3_loc, i32 %x_2_loc, i32 %x_1_loc, i32 %x_loc"   --->   Operation 671 'call' 'call_ln0' <Predicate = true> <Delay = 1.09> <CoreType = "Generic">   --->   Core 0 '' <Latency = 0> <II = 1> <Delay = 1.00> <Generic> <Opcode : >
ST_24 : Operation 672 [1/2] (1.20ns)   --->   "%call_ln0 = call void @ekf_batch_Pipeline_VITIS_LOOP_158_5_VITIS_LOOP_159_6, i32 %local, i32 %local_1, i32 %local_2, i32 %local_3, i32 %local_4, i32 %local_5, i32 %local_6, i32 %local_7, i32 %P_35_loc, i32 %P_34_loc, i32 %P_33_loc, i32 %P_32_loc, i32 %P_31_loc, i32 %P_30_loc, i32 %P_29_loc, i32 %P_28_loc, i32 %P_27_loc, i32 %P_26_loc, i32 %P_25_loc, i32 %P_24_loc, i32 %P_23_loc, i32 %P_22_loc, i32 %P_21_loc, i32 %P_20_loc, i32 %P_19_loc, i32 %P_18_loc, i32 %P_17_loc, i32 %P_16_loc, i32 %P_15_loc, i32 %P_14_loc, i32 %P_13_loc, i32 %P_12_loc, i32 %P_11_loc, i32 %P_10_loc, i32 %P_9_loc, i32 %P_8_loc, i32 %P_7_loc, i32 %P_6_loc, i32 %P_5_loc, i32 %P_4_loc, i32 %P_3_loc, i32 %P_2_loc, i32 %P_1_loc, i32 %P_loc"   --->   Operation 672 'call' 'call_ln0' <Predicate = true> <Delay = 1.20> <CoreType = "Generic">   --->   Core 0 '' <Latency = 0> <II = 1> <Delay = 1.00> <Generic> <Opcode : >
ST_24 : Operation 673 [1/2] (1.09ns)   --->   "%call_ln0 = call void @ekf_batch_Pipeline_VITIS_LOOP_30_1, i32 %F_loc_load, i32 %F_5_loc_load, i32 %F_10_loc_load, i32 %F_15_loc_load, i32 %F_21_loc_load, i32 %F_27_loc_load, i32 %F_1_loc_load, i32 %F_6_loc_load, i32 %F_11_loc_load, i32 %F_16_loc_load, i32 %F_22_loc_load, i32 %F_28_loc_load, i32 %F_2_loc_load, i32 %F_7_loc_load, i32 %F_12_loc_load, i32 %F_17_loc_load, i32 %F_23_loc_load, i32 %F_29_loc_load, i32 %F_8_loc_load, i32 %F_13_loc_load, i32 %F_18_loc_load, i32 %F_24_loc_load, i32 %F_30_loc_load, i32 %F_3_loc_load, i32 %F_14_loc_load, i32 %F_19_loc_load, i32 %F_25_loc_load, i32 %F_31_loc_load, i32 %F_4_loc_load, i32 %F_9_loc_load, i32 %F_20_loc_load, i32 %F_26_loc_load, i32 %F_32_loc_load, i32 %Ft_35_loc, i32 %Ft_34_loc, i32 %Ft_33_loc, i32 %Ft_32_loc, i32 %Ft_31_loc, i32 %Ft_30_loc, i32 %Ft_29_loc, i32 %Ft_28_loc, i32 %Ft_27_loc, i32 %Ft_26_loc, i32 %Ft_25_loc, i32 %Ft_24_loc, i32 %Ft_23_loc, i32 %Ft_22_loc, i32 %Ft_21_loc, i32 %Ft_20_loc, i32 %Ft_19_loc, i32 %Ft_18_loc, i32 %Ft_17_loc, i32 %Ft_16_loc, i32 %Ft_15_loc, i32 %Ft_14_loc, i32 %Ft_13_loc, i32 %Ft_12_loc, i32 %Ft_11_loc, i32 %Ft_10_loc, i32 %Ft_9_loc, i32 %Ft_8_loc, i32 %Ft_7_loc, i32 %Ft_6_loc, i32 %Ft_5_loc, i32 %Ft_4_loc, i32 %Ft_3_loc, i32 %Ft_2_loc, i32 %Ft_1_loc, i32 %Ft_loc"   --->   Operation 673 'call' 'call_ln0' <Predicate = true> <Delay = 1.09> <CoreType = "Generic">   --->   Core 0 '' <Latency = 0> <II = 1> <Delay = 1.00> <Generic> <Opcode : >

State 25 <SV = 24> <Delay = 1.07>
ST_25 : Operation 674 [1/1] (0.00ns)   --->   "%x_5_loc_load = load i32 %x_5_loc"   --->   Operation 674 'load' 'x_5_loc_load' <Predicate = true> <Delay = 0.00>
ST_25 : Operation 675 [1/1] (0.00ns)   --->   "%x_4_loc_load = load i32 %x_4_loc"   --->   Operation 675 'load' 'x_4_loc_load' <Predicate = true> <Delay = 0.00>
ST_25 : Operation 676 [1/1] (0.00ns)   --->   "%x_3_loc_load = load i32 %x_3_loc"   --->   Operation 676 'load' 'x_3_loc_load' <Predicate = true> <Delay = 0.00>
ST_25 : Operation 677 [1/1] (0.00ns)   --->   "%x_2_loc_load = load i32 %x_2_loc"   --->   Operation 677 'load' 'x_2_loc_load' <Predicate = true> <Delay = 0.00>
ST_25 : Operation 678 [1/1] (0.00ns)   --->   "%x_1_loc_load = load i32 %x_1_loc"   --->   Operation 678 'load' 'x_1_loc_load' <Predicate = true> <Delay = 0.00>
ST_25 : Operation 679 [1/1] (0.00ns)   --->   "%x_loc_load = load i32 %x_loc"   --->   Operation 679 'load' 'x_loc_load' <Predicate = true> <Delay = 0.00>
ST_25 : Operation 680 [1/1] (0.00ns)   --->   "%P_35_loc_load = load i32 %P_35_loc"   --->   Operation 680 'load' 'P_35_loc_load' <Predicate = true> <Delay = 0.00>
ST_25 : Operation 681 [1/1] (0.00ns)   --->   "%P_34_loc_load = load i32 %P_34_loc"   --->   Operation 681 'load' 'P_34_loc_load' <Predicate = true> <Delay = 0.00>
ST_25 : Operation 682 [1/1] (0.00ns)   --->   "%P_33_loc_load = load i32 %P_33_loc"   --->   Operation 682 'load' 'P_33_loc_load' <Predicate = true> <Delay = 0.00>
ST_25 : Operation 683 [1/1] (0.00ns)   --->   "%P_32_loc_load = load i32 %P_32_loc"   --->   Operation 683 'load' 'P_32_loc_load' <Predicate = true> <Delay = 0.00>
ST_25 : Operation 684 [1/1] (0.00ns)   --->   "%P_31_loc_load = load i32 %P_31_loc"   --->   Operation 684 'load' 'P_31_loc_load' <Predicate = true> <Delay = 0.00>
ST_25 : Operation 685 [1/1] (0.00ns)   --->   "%P_30_loc_load = load i32 %P_30_loc"   --->   Operation 685 'load' 'P_30_loc_load' <Predicate = true> <Delay = 0.00>
ST_25 : Operation 686 [1/1] (0.00ns)   --->   "%P_29_loc_load = load i32 %P_29_loc"   --->   Operation 686 'load' 'P_29_loc_load' <Predicate = true> <Delay = 0.00>
ST_25 : Operation 687 [1/1] (0.00ns)   --->   "%P_28_loc_load = load i32 %P_28_loc"   --->   Operation 687 'load' 'P_28_loc_load' <Predicate = true> <Delay = 0.00>
ST_25 : Operation 688 [1/1] (0.00ns)   --->   "%P_27_loc_load = load i32 %P_27_loc"   --->   Operation 688 'load' 'P_27_loc_load' <Predicate = true> <Delay = 0.00>
ST_25 : Operation 689 [1/1] (0.00ns)   --->   "%P_26_loc_load = load i32 %P_26_loc"   --->   Operation 689 'load' 'P_26_loc_load' <Predicate = true> <Delay = 0.00>
ST_25 : Operation 690 [1/1] (0.00ns)   --->   "%P_25_loc_load = load i32 %P_25_loc"   --->   Operation 690 'load' 'P_25_loc_load' <Predicate = true> <Delay = 0.00>
ST_25 : Operation 691 [1/1] (0.00ns)   --->   "%P_24_loc_load = load i32 %P_24_loc"   --->   Operation 691 'load' 'P_24_loc_load' <Predicate = true> <Delay = 0.00>
ST_25 : Operation 692 [1/1] (0.00ns)   --->   "%P_23_loc_load = load i32 %P_23_loc"   --->   Operation 692 'load' 'P_23_loc_load' <Predicate = true> <Delay = 0.00>
ST_25 : Operation 693 [1/1] (0.00ns)   --->   "%P_22_loc_load = load i32 %P_22_loc"   --->   Operation 693 'load' 'P_22_loc_load' <Predicate = true> <Delay = 0.00>
ST_25 : Operation 694 [1/1] (0.00ns)   --->   "%P_21_loc_load = load i32 %P_21_loc"   --->   Operation 694 'load' 'P_21_loc_load' <Predicate = true> <Delay = 0.00>
ST_25 : Operation 695 [1/1] (0.00ns)   --->   "%P_20_loc_load = load i32 %P_20_loc"   --->   Operation 695 'load' 'P_20_loc_load' <Predicate = true> <Delay = 0.00>
ST_25 : Operation 696 [1/1] (0.00ns)   --->   "%P_19_loc_load = load i32 %P_19_loc"   --->   Operation 696 'load' 'P_19_loc_load' <Predicate = true> <Delay = 0.00>
ST_25 : Operation 697 [1/1] (0.00ns)   --->   "%P_18_loc_load = load i32 %P_18_loc"   --->   Operation 697 'load' 'P_18_loc_load' <Predicate = true> <Delay = 0.00>
ST_25 : Operation 698 [1/1] (0.00ns)   --->   "%P_17_loc_load = load i32 %P_17_loc"   --->   Operation 698 'load' 'P_17_loc_load' <Predicate = true> <Delay = 0.00>
ST_25 : Operation 699 [1/1] (0.00ns)   --->   "%P_16_loc_load = load i32 %P_16_loc"   --->   Operation 699 'load' 'P_16_loc_load' <Predicate = true> <Delay = 0.00>
ST_25 : Operation 700 [1/1] (0.00ns)   --->   "%P_15_loc_load = load i32 %P_15_loc"   --->   Operation 700 'load' 'P_15_loc_load' <Predicate = true> <Delay = 0.00>
ST_25 : Operation 701 [1/1] (0.00ns)   --->   "%P_14_loc_load = load i32 %P_14_loc"   --->   Operation 701 'load' 'P_14_loc_load' <Predicate = true> <Delay = 0.00>
ST_25 : Operation 702 [1/1] (0.00ns)   --->   "%P_13_loc_load = load i32 %P_13_loc"   --->   Operation 702 'load' 'P_13_loc_load' <Predicate = true> <Delay = 0.00>
ST_25 : Operation 703 [1/1] (0.00ns)   --->   "%P_12_loc_load = load i32 %P_12_loc"   --->   Operation 703 'load' 'P_12_loc_load' <Predicate = true> <Delay = 0.00>
ST_25 : Operation 704 [1/1] (0.00ns)   --->   "%P_11_loc_load = load i32 %P_11_loc"   --->   Operation 704 'load' 'P_11_loc_load' <Predicate = true> <Delay = 0.00>
ST_25 : Operation 705 [1/1] (0.00ns)   --->   "%P_10_loc_load = load i32 %P_10_loc"   --->   Operation 705 'load' 'P_10_loc_load' <Predicate = true> <Delay = 0.00>
ST_25 : Operation 706 [1/1] (0.00ns)   --->   "%P_9_loc_load = load i32 %P_9_loc"   --->   Operation 706 'load' 'P_9_loc_load' <Predicate = true> <Delay = 0.00>
ST_25 : Operation 707 [1/1] (0.00ns)   --->   "%P_8_loc_load = load i32 %P_8_loc"   --->   Operation 707 'load' 'P_8_loc_load' <Predicate = true> <Delay = 0.00>
ST_25 : Operation 708 [1/1] (0.00ns)   --->   "%P_7_loc_load = load i32 %P_7_loc"   --->   Operation 708 'load' 'P_7_loc_load' <Predicate = true> <Delay = 0.00>
ST_25 : Operation 709 [1/1] (0.00ns)   --->   "%P_6_loc_load = load i32 %P_6_loc"   --->   Operation 709 'load' 'P_6_loc_load' <Predicate = true> <Delay = 0.00>
ST_25 : Operation 710 [1/1] (0.00ns)   --->   "%P_5_loc_load = load i32 %P_5_loc"   --->   Operation 710 'load' 'P_5_loc_load' <Predicate = true> <Delay = 0.00>
ST_25 : Operation 711 [1/1] (0.00ns)   --->   "%P_4_loc_load = load i32 %P_4_loc"   --->   Operation 711 'load' 'P_4_loc_load' <Predicate = true> <Delay = 0.00>
ST_25 : Operation 712 [1/1] (0.00ns)   --->   "%P_3_loc_load = load i32 %P_3_loc"   --->   Operation 712 'load' 'P_3_loc_load' <Predicate = true> <Delay = 0.00>
ST_25 : Operation 713 [1/1] (0.00ns)   --->   "%P_2_loc_load = load i32 %P_2_loc"   --->   Operation 713 'load' 'P_2_loc_load' <Predicate = true> <Delay = 0.00>
ST_25 : Operation 714 [1/1] (0.00ns)   --->   "%P_1_loc_load = load i32 %P_1_loc"   --->   Operation 714 'load' 'P_1_loc_load' <Predicate = true> <Delay = 0.00>
ST_25 : Operation 715 [1/1] (0.00ns)   --->   "%P_loc_load = load i32 %P_loc"   --->   Operation 715 'load' 'P_loc_load' <Predicate = true> <Delay = 0.00>
ST_25 : Operation 716 [2/2] (0.62ns)   --->   "%call_ln0 = call void @ekf_batch_Pipeline_VITIS_LOOP_58_1, i32 %F_loc_load, i32 %F_5_loc_load, i32 %F_10_loc_load, i32 %F_15_loc_load, i32 %F_21_loc_load, i32 %F_27_loc_load, i32 %x_loc_load, i32 %F_1_loc_load, i32 %F_6_loc_load, i32 %F_11_loc_load, i32 %F_16_loc_load, i32 %F_22_loc_load, i32 %F_28_loc_load, i32 %x_1_loc_load, i32 %F_2_loc_load, i32 %F_7_loc_load, i32 %F_12_loc_load, i32 %F_17_loc_load, i32 %F_23_loc_load, i32 %F_29_loc_load, i32 %x_2_loc_load, i32 %F_8_loc_load, i32 %F_13_loc_load, i32 %F_18_loc_load, i32 %F_24_loc_load, i32 %F_30_loc_load, i32 %x_3_loc_load, i32 %F_3_loc_load, i32 %F_14_loc_load, i32 %F_19_loc_load, i32 %F_25_loc_load, i32 %F_31_loc_load, i32 %x_4_loc_load, i32 %F_4_loc_load, i32 %F_9_loc_load, i32 %F_20_loc_load, i32 %F_26_loc_load, i32 %F_32_loc_load, i32 %x_5_loc_load, i32 %xp_5_loc, i32 %xp_4_loc, i32 %xp_3_loc, i32 %xp_2_loc, i32 %xp_1_loc, i32 %xp_loc"   --->   Operation 716 'call' 'call_ln0' <Predicate = true> <Delay = 0.62> <CoreType = "Generic">   --->   Core 0 '' <Latency = 0> <II = 1> <Delay = 1.00> <Generic> <Opcode : >
ST_25 : Operation 717 [2/2] (1.07ns)   --->   "%call_ln0 = call void @ekf_batch_Pipeline_VITIS_LOOP_17_1_VITIS_LOOP_18_2, i32 %F_loc_load, i32 %F_5_loc_load, i32 %F_10_loc_load, i32 %F_15_loc_load, i32 %F_21_loc_load, i32 %F_27_loc_load, i32 %F_1_loc_load, i32 %F_6_loc_load, i32 %F_11_loc_load, i32 %F_16_loc_load, i32 %F_22_loc_load, i32 %F_28_loc_load, i32 %F_2_loc_load, i32 %F_7_loc_load, i32 %F_12_loc_load, i32 %F_17_loc_load, i32 %F_23_loc_load, i32 %F_29_loc_load, i32 %F_8_loc_load, i32 %F_13_loc_load, i32 %F_18_loc_load, i32 %F_24_loc_load, i32 %F_30_loc_load, i32 %F_3_loc_load, i32 %F_14_loc_load, i32 %F_19_loc_load, i32 %F_25_loc_load, i32 %F_31_loc_load, i32 %F_4_loc_load, i32 %F_9_loc_load, i32 %F_20_loc_load, i32 %F_26_loc_load, i32 %F_32_loc_load, i32 %P_18_loc_load, i32 %P_19_loc_load, i32 %P_20_loc_load, i32 %P_21_loc_load, i32 %P_22_loc_load, i32 %P_23_loc_load, i32 %P_24_loc_load, i32 %P_25_loc_load, i32 %P_26_loc_load, i32 %P_27_loc_load, i32 %P_28_loc_load, i32 %P_29_loc_load, i32 %P_30_loc_load, i32 %P_31_loc_load, i32 %P_32_loc_load, i32 %P_33_loc_load, i32 %P_34_loc_load, i32 %P_35_loc_load, i32 %P_17_loc_load, i32 %P_16_loc_load, i32 %P_15_loc_load, i32 %P_14_loc_load, i32 %P_13_loc_load, i32 %P_12_loc_load, i32 %P_11_loc_load, i32 %P_10_loc_load, i32 %P_9_loc_load, i32 %P_8_loc_load, i32 %P_7_loc_load, i32 %P_6_loc_load, i32 %P_5_loc_load, i32 %P_4_loc_load, i32 %P_3_loc_load, i32 %P_2_loc_load, i32 %P_1_loc_load, i32 %P_loc_load, i32 %mux_case_59772781_loc, i32 %mux_case_49752776_loc, i32 %mux_case_39732771_loc, i32 %mux_case_29712766_loc, i32 %mux_case_19692761_loc, i32 %mux_case_09672755_loc, i32 %mux_case_59652751_loc, i32 %mux_case_49632746_loc, i32 %mux_case_39612741_loc, i32 %mux_case_29592736_loc, i32 %mux_case_19572731_loc, i32 %mux_case_09552725_loc, i32 %mux_case_59532721_loc, i32 %mux_case_49512716_loc, i32 %mux_case_39492711_loc, i32 %mux_case_29472706_loc, i32 %mux_case_19452701_loc, i32 %mux_case_09432695_loc, i32 %mux_case_59412691_loc, i32 %mux_case_49392686_loc, i32 %mux_case_39372681_loc, i32 %mux_case_29352676_loc, i32 %mux_case_19332671_loc, i32 %mux_case_09312665_loc, i32 %mux_case_59292661_loc, i32 %mux_case_49272656_loc, i32 %mux_case_39252651_loc, i32 %mux_case_29232646_loc, i32 %mux_case_19212641_loc, i32 %mux_case_09192635_loc, i32 %mux_case_59172631_loc, i32 %mux_case_49152626_loc, i32 %mux_case_39132621_loc, i32 %mux_case_29112616_loc, i32 %mux_case_19092611_loc, i32 %mux_case_09072605_loc"   --->   Operation 717 'call' 'call_ln0' <Predicate = true> <Delay = 1.07> <CoreType = "Generic">   --->   Core 0 '' <Latency = 0> <II = 1> <Delay = 1.00> <Generic> <Opcode : >

State 26 <SV = 25> <Delay = 0.00>
ST_26 : Operation 718 [1/2] (0.00ns)   --->   "%call_ln0 = call void @ekf_batch_Pipeline_VITIS_LOOP_58_1, i32 %F_loc_load, i32 %F_5_loc_load, i32 %F_10_loc_load, i32 %F_15_loc_load, i32 %F_21_loc_load, i32 %F_27_loc_load, i32 %x_loc_load, i32 %F_1_loc_load, i32 %F_6_loc_load, i32 %F_11_loc_load, i32 %F_16_loc_load, i32 %F_22_loc_load, i32 %F_28_loc_load, i32 %x_1_loc_load, i32 %F_2_loc_load, i32 %F_7_loc_load, i32 %F_12_loc_load, i32 %F_17_loc_load, i32 %F_23_loc_load, i32 %F_29_loc_load, i32 %x_2_loc_load, i32 %F_8_loc_load, i32 %F_13_loc_load, i32 %F_18_loc_load, i32 %F_24_loc_load, i32 %F_30_loc_load, i32 %x_3_loc_load, i32 %F_3_loc_load, i32 %F_14_loc_load, i32 %F_19_loc_load, i32 %F_25_loc_load, i32 %F_31_loc_load, i32 %x_4_loc_load, i32 %F_4_loc_load, i32 %F_9_loc_load, i32 %F_20_loc_load, i32 %F_26_loc_load, i32 %F_32_loc_load, i32 %x_5_loc_load, i32 %xp_5_loc, i32 %xp_4_loc, i32 %xp_3_loc, i32 %xp_2_loc, i32 %xp_1_loc, i32 %xp_loc"   --->   Operation 718 'call' 'call_ln0' <Predicate = true> <Delay = 0.00> <CoreType = "Generic">   --->   Core 0 '' <Latency = 0> <II = 1> <Delay = 1.00> <Generic> <Opcode : >
ST_26 : Operation 719 [1/2] (0.00ns)   --->   "%call_ln0 = call void @ekf_batch_Pipeline_VITIS_LOOP_17_1_VITIS_LOOP_18_2, i32 %F_loc_load, i32 %F_5_loc_load, i32 %F_10_loc_load, i32 %F_15_loc_load, i32 %F_21_loc_load, i32 %F_27_loc_load, i32 %F_1_loc_load, i32 %F_6_loc_load, i32 %F_11_loc_load, i32 %F_16_loc_load, i32 %F_22_loc_load, i32 %F_28_loc_load, i32 %F_2_loc_load, i32 %F_7_loc_load, i32 %F_12_loc_load, i32 %F_17_loc_load, i32 %F_23_loc_load, i32 %F_29_loc_load, i32 %F_8_loc_load, i32 %F_13_loc_load, i32 %F_18_loc_load, i32 %F_24_loc_load, i32 %F_30_loc_load, i32 %F_3_loc_load, i32 %F_14_loc_load, i32 %F_19_loc_load, i32 %F_25_loc_load, i32 %F_31_loc_load, i32 %F_4_loc_load, i32 %F_9_loc_load, i32 %F_20_loc_load, i32 %F_26_loc_load, i32 %F_32_loc_load, i32 %P_18_loc_load, i32 %P_19_loc_load, i32 %P_20_loc_load, i32 %P_21_loc_load, i32 %P_22_loc_load, i32 %P_23_loc_load, i32 %P_24_loc_load, i32 %P_25_loc_load, i32 %P_26_loc_load, i32 %P_27_loc_load, i32 %P_28_loc_load, i32 %P_29_loc_load, i32 %P_30_loc_load, i32 %P_31_loc_load, i32 %P_32_loc_load, i32 %P_33_loc_load, i32 %P_34_loc_load, i32 %P_35_loc_load, i32 %P_17_loc_load, i32 %P_16_loc_load, i32 %P_15_loc_load, i32 %P_14_loc_load, i32 %P_13_loc_load, i32 %P_12_loc_load, i32 %P_11_loc_load, i32 %P_10_loc_load, i32 %P_9_loc_load, i32 %P_8_loc_load, i32 %P_7_loc_load, i32 %P_6_loc_load, i32 %P_5_loc_load, i32 %P_4_loc_load, i32 %P_3_loc_load, i32 %P_2_loc_load, i32 %P_1_loc_load, i32 %P_loc_load, i32 %mux_case_59772781_loc, i32 %mux_case_49752776_loc, i32 %mux_case_39732771_loc, i32 %mux_case_29712766_loc, i32 %mux_case_19692761_loc, i32 %mux_case_09672755_loc, i32 %mux_case_59652751_loc, i32 %mux_case_49632746_loc, i32 %mux_case_39612741_loc, i32 %mux_case_29592736_loc, i32 %mux_case_19572731_loc, i32 %mux_case_09552725_loc, i32 %mux_case_59532721_loc, i32 %mux_case_49512716_loc, i32 %mux_case_39492711_loc, i32 %mux_case_29472706_loc, i32 %mux_case_19452701_loc, i32 %mux_case_09432695_loc, i32 %mux_case_59412691_loc, i32 %mux_case_49392686_loc, i32 %mux_case_39372681_loc, i32 %mux_case_29352676_loc, i32 %mux_case_19332671_loc, i32 %mux_case_09312665_loc, i32 %mux_case_59292661_loc, i32 %mux_case_49272656_loc, i32 %mux_case_39252651_loc, i32 %mux_case_29232646_loc, i32 %mux_case_19212641_loc, i32 %mux_case_09192635_loc, i32 %mux_case_59172631_loc, i32 %mux_case_49152626_loc, i32 %mux_case_39132621_loc, i32 %mux_case_29112616_loc, i32 %mux_case_19092611_loc, i32 %mux_case_09072605_loc"   --->   Operation 719 'call' 'call_ln0' <Predicate = true> <Delay = 0.00> <CoreType = "Generic">   --->   Core 0 '' <Latency = 0> <II = 1> <Delay = 1.00> <Generic> <Opcode : >

State 27 <SV = 26> <Delay = 1.07>
ST_27 : Operation 720 [1/1] (0.00ns)   --->   "%xp_5_loc_load = load i32 %xp_5_loc"   --->   Operation 720 'load' 'xp_5_loc_load' <Predicate = true> <Delay = 0.00>
ST_27 : Operation 721 [1/1] (0.00ns)   --->   "%xp_4_loc_load = load i32 %xp_4_loc"   --->   Operation 721 'load' 'xp_4_loc_load' <Predicate = true> <Delay = 0.00>
ST_27 : Operation 722 [1/1] (0.00ns)   --->   "%xp_3_loc_load = load i32 %xp_3_loc"   --->   Operation 722 'load' 'xp_3_loc_load' <Predicate = true> <Delay = 0.00>
ST_27 : Operation 723 [1/1] (0.00ns)   --->   "%xp_2_loc_load = load i32 %xp_2_loc"   --->   Operation 723 'load' 'xp_2_loc_load' <Predicate = true> <Delay = 0.00>
ST_27 : Operation 724 [1/1] (0.00ns)   --->   "%xp_1_loc_load = load i32 %xp_1_loc"   --->   Operation 724 'load' 'xp_1_loc_load' <Predicate = true> <Delay = 0.00>
ST_27 : Operation 725 [1/1] (0.00ns)   --->   "%xp_loc_load = load i32 %xp_loc"   --->   Operation 725 'load' 'xp_loc_load' <Predicate = true> <Delay = 0.00>
ST_27 : Operation 726 [2/2] (1.05ns)   --->   "%call_ln0 = call void @ekf_batch_Pipeline_VITIS_LOOP_64_3, i32 %x_5_loc_load, i32 %x_4_loc_load, i32 %x_3_loc_load, i32 %x_2_loc_load, i32 %x_1_loc_load, i32 %x_loc_load, i32 %xp_loc_load, i32 %xp_1_loc_load, i32 %xp_2_loc_load, i32 %xp_3_loc_load, i32 %xp_4_loc_load, i32 %xp_5_loc_load, i32 %x_18_loc, i32 %x_17_loc, i32 %x_16_loc, i32 %x_15_loc, i32 %x_14_loc, i32 %x_13_loc"   --->   Operation 726 'call' 'call_ln0' <Predicate = true> <Delay = 1.05> <CoreType = "Generic">   --->   Core 0 '' <Latency = 0> <II = 1> <Delay = 1.00> <Generic> <Opcode : >
ST_27 : Operation 727 [1/1] (0.00ns)   --->   "%mux_case_59772781_loc_load = load i32 %mux_case_59772781_loc"   --->   Operation 727 'load' 'mux_case_59772781_loc_load' <Predicate = true> <Delay = 0.00>
ST_27 : Operation 728 [1/1] (0.00ns)   --->   "%mux_case_49752776_loc_load = load i32 %mux_case_49752776_loc"   --->   Operation 728 'load' 'mux_case_49752776_loc_load' <Predicate = true> <Delay = 0.00>
ST_27 : Operation 729 [1/1] (0.00ns)   --->   "%mux_case_39732771_loc_load = load i32 %mux_case_39732771_loc"   --->   Operation 729 'load' 'mux_case_39732771_loc_load' <Predicate = true> <Delay = 0.00>
ST_27 : Operation 730 [1/1] (0.00ns)   --->   "%mux_case_29712766_loc_load = load i32 %mux_case_29712766_loc"   --->   Operation 730 'load' 'mux_case_29712766_loc_load' <Predicate = true> <Delay = 0.00>
ST_27 : Operation 731 [1/1] (0.00ns)   --->   "%mux_case_19692761_loc_load = load i32 %mux_case_19692761_loc"   --->   Operation 731 'load' 'mux_case_19692761_loc_load' <Predicate = true> <Delay = 0.00>
ST_27 : Operation 732 [1/1] (0.00ns)   --->   "%mux_case_09672755_loc_load = load i32 %mux_case_09672755_loc"   --->   Operation 732 'load' 'mux_case_09672755_loc_load' <Predicate = true> <Delay = 0.00>
ST_27 : Operation 733 [1/1] (0.00ns)   --->   "%mux_case_59652751_loc_load = load i32 %mux_case_59652751_loc"   --->   Operation 733 'load' 'mux_case_59652751_loc_load' <Predicate = true> <Delay = 0.00>
ST_27 : Operation 734 [1/1] (0.00ns)   --->   "%mux_case_49632746_loc_load = load i32 %mux_case_49632746_loc"   --->   Operation 734 'load' 'mux_case_49632746_loc_load' <Predicate = true> <Delay = 0.00>
ST_27 : Operation 735 [1/1] (0.00ns)   --->   "%mux_case_39612741_loc_load = load i32 %mux_case_39612741_loc"   --->   Operation 735 'load' 'mux_case_39612741_loc_load' <Predicate = true> <Delay = 0.00>
ST_27 : Operation 736 [1/1] (0.00ns)   --->   "%mux_case_29592736_loc_load = load i32 %mux_case_29592736_loc"   --->   Operation 736 'load' 'mux_case_29592736_loc_load' <Predicate = true> <Delay = 0.00>
ST_27 : Operation 737 [1/1] (0.00ns)   --->   "%mux_case_19572731_loc_load = load i32 %mux_case_19572731_loc"   --->   Operation 737 'load' 'mux_case_19572731_loc_load' <Predicate = true> <Delay = 0.00>
ST_27 : Operation 738 [1/1] (0.00ns)   --->   "%mux_case_09552725_loc_load = load i32 %mux_case_09552725_loc"   --->   Operation 738 'load' 'mux_case_09552725_loc_load' <Predicate = true> <Delay = 0.00>
ST_27 : Operation 739 [1/1] (0.00ns)   --->   "%mux_case_59532721_loc_load = load i32 %mux_case_59532721_loc"   --->   Operation 739 'load' 'mux_case_59532721_loc_load' <Predicate = true> <Delay = 0.00>
ST_27 : Operation 740 [1/1] (0.00ns)   --->   "%mux_case_49512716_loc_load = load i32 %mux_case_49512716_loc"   --->   Operation 740 'load' 'mux_case_49512716_loc_load' <Predicate = true> <Delay = 0.00>
ST_27 : Operation 741 [1/1] (0.00ns)   --->   "%mux_case_39492711_loc_load = load i32 %mux_case_39492711_loc"   --->   Operation 741 'load' 'mux_case_39492711_loc_load' <Predicate = true> <Delay = 0.00>
ST_27 : Operation 742 [1/1] (0.00ns)   --->   "%mux_case_29472706_loc_load = load i32 %mux_case_29472706_loc"   --->   Operation 742 'load' 'mux_case_29472706_loc_load' <Predicate = true> <Delay = 0.00>
ST_27 : Operation 743 [1/1] (0.00ns)   --->   "%mux_case_19452701_loc_load = load i32 %mux_case_19452701_loc"   --->   Operation 743 'load' 'mux_case_19452701_loc_load' <Predicate = true> <Delay = 0.00>
ST_27 : Operation 744 [1/1] (0.00ns)   --->   "%mux_case_09432695_loc_load = load i32 %mux_case_09432695_loc"   --->   Operation 744 'load' 'mux_case_09432695_loc_load' <Predicate = true> <Delay = 0.00>
ST_27 : Operation 745 [1/1] (0.00ns)   --->   "%mux_case_59412691_loc_load = load i32 %mux_case_59412691_loc"   --->   Operation 745 'load' 'mux_case_59412691_loc_load' <Predicate = true> <Delay = 0.00>
ST_27 : Operation 746 [1/1] (0.00ns)   --->   "%mux_case_49392686_loc_load = load i32 %mux_case_49392686_loc"   --->   Operation 746 'load' 'mux_case_49392686_loc_load' <Predicate = true> <Delay = 0.00>
ST_27 : Operation 747 [1/1] (0.00ns)   --->   "%mux_case_39372681_loc_load = load i32 %mux_case_39372681_loc"   --->   Operation 747 'load' 'mux_case_39372681_loc_load' <Predicate = true> <Delay = 0.00>
ST_27 : Operation 748 [1/1] (0.00ns)   --->   "%mux_case_29352676_loc_load = load i32 %mux_case_29352676_loc"   --->   Operation 748 'load' 'mux_case_29352676_loc_load' <Predicate = true> <Delay = 0.00>
ST_27 : Operation 749 [1/1] (0.00ns)   --->   "%mux_case_19332671_loc_load = load i32 %mux_case_19332671_loc"   --->   Operation 749 'load' 'mux_case_19332671_loc_load' <Predicate = true> <Delay = 0.00>
ST_27 : Operation 750 [1/1] (0.00ns)   --->   "%mux_case_09312665_loc_load = load i32 %mux_case_09312665_loc"   --->   Operation 750 'load' 'mux_case_09312665_loc_load' <Predicate = true> <Delay = 0.00>
ST_27 : Operation 751 [1/1] (0.00ns)   --->   "%mux_case_59292661_loc_load = load i32 %mux_case_59292661_loc"   --->   Operation 751 'load' 'mux_case_59292661_loc_load' <Predicate = true> <Delay = 0.00>
ST_27 : Operation 752 [1/1] (0.00ns)   --->   "%mux_case_49272656_loc_load = load i32 %mux_case_49272656_loc"   --->   Operation 752 'load' 'mux_case_49272656_loc_load' <Predicate = true> <Delay = 0.00>
ST_27 : Operation 753 [1/1] (0.00ns)   --->   "%mux_case_39252651_loc_load = load i32 %mux_case_39252651_loc"   --->   Operation 753 'load' 'mux_case_39252651_loc_load' <Predicate = true> <Delay = 0.00>
ST_27 : Operation 754 [1/1] (0.00ns)   --->   "%mux_case_29232646_loc_load = load i32 %mux_case_29232646_loc"   --->   Operation 754 'load' 'mux_case_29232646_loc_load' <Predicate = true> <Delay = 0.00>
ST_27 : Operation 755 [1/1] (0.00ns)   --->   "%mux_case_19212641_loc_load = load i32 %mux_case_19212641_loc"   --->   Operation 755 'load' 'mux_case_19212641_loc_load' <Predicate = true> <Delay = 0.00>
ST_27 : Operation 756 [1/1] (0.00ns)   --->   "%mux_case_09192635_loc_load = load i32 %mux_case_09192635_loc"   --->   Operation 756 'load' 'mux_case_09192635_loc_load' <Predicate = true> <Delay = 0.00>
ST_27 : Operation 757 [1/1] (0.00ns)   --->   "%mux_case_59172631_loc_load = load i32 %mux_case_59172631_loc"   --->   Operation 757 'load' 'mux_case_59172631_loc_load' <Predicate = true> <Delay = 0.00>
ST_27 : Operation 758 [1/1] (0.00ns)   --->   "%mux_case_49152626_loc_load = load i32 %mux_case_49152626_loc"   --->   Operation 758 'load' 'mux_case_49152626_loc_load' <Predicate = true> <Delay = 0.00>
ST_27 : Operation 759 [1/1] (0.00ns)   --->   "%mux_case_39132621_loc_load = load i32 %mux_case_39132621_loc"   --->   Operation 759 'load' 'mux_case_39132621_loc_load' <Predicate = true> <Delay = 0.00>
ST_27 : Operation 760 [1/1] (0.00ns)   --->   "%mux_case_29112616_loc_load = load i32 %mux_case_29112616_loc"   --->   Operation 760 'load' 'mux_case_29112616_loc_load' <Predicate = true> <Delay = 0.00>
ST_27 : Operation 761 [1/1] (0.00ns)   --->   "%mux_case_19092611_loc_load = load i32 %mux_case_19092611_loc"   --->   Operation 761 'load' 'mux_case_19092611_loc_load' <Predicate = true> <Delay = 0.00>
ST_27 : Operation 762 [1/1] (0.00ns)   --->   "%mux_case_09072605_loc_load = load i32 %mux_case_09072605_loc"   --->   Operation 762 'load' 'mux_case_09072605_loc_load' <Predicate = true> <Delay = 0.00>
ST_27 : Operation 763 [1/1] (0.00ns)   --->   "%Ft_35_loc_load = load i32 %Ft_35_loc"   --->   Operation 763 'load' 'Ft_35_loc_load' <Predicate = true> <Delay = 0.00>
ST_27 : Operation 764 [1/1] (0.00ns)   --->   "%Ft_34_loc_load = load i32 %Ft_34_loc"   --->   Operation 764 'load' 'Ft_34_loc_load' <Predicate = true> <Delay = 0.00>
ST_27 : Operation 765 [1/1] (0.00ns)   --->   "%Ft_33_loc_load = load i32 %Ft_33_loc"   --->   Operation 765 'load' 'Ft_33_loc_load' <Predicate = true> <Delay = 0.00>
ST_27 : Operation 766 [1/1] (0.00ns)   --->   "%Ft_32_loc_load = load i32 %Ft_32_loc"   --->   Operation 766 'load' 'Ft_32_loc_load' <Predicate = true> <Delay = 0.00>
ST_27 : Operation 767 [1/1] (0.00ns)   --->   "%Ft_31_loc_load = load i32 %Ft_31_loc"   --->   Operation 767 'load' 'Ft_31_loc_load' <Predicate = true> <Delay = 0.00>
ST_27 : Operation 768 [1/1] (0.00ns)   --->   "%Ft_30_loc_load = load i32 %Ft_30_loc"   --->   Operation 768 'load' 'Ft_30_loc_load' <Predicate = true> <Delay = 0.00>
ST_27 : Operation 769 [1/1] (0.00ns)   --->   "%Ft_29_loc_load = load i32 %Ft_29_loc"   --->   Operation 769 'load' 'Ft_29_loc_load' <Predicate = true> <Delay = 0.00>
ST_27 : Operation 770 [1/1] (0.00ns)   --->   "%Ft_28_loc_load = load i32 %Ft_28_loc"   --->   Operation 770 'load' 'Ft_28_loc_load' <Predicate = true> <Delay = 0.00>
ST_27 : Operation 771 [1/1] (0.00ns)   --->   "%Ft_27_loc_load = load i32 %Ft_27_loc"   --->   Operation 771 'load' 'Ft_27_loc_load' <Predicate = true> <Delay = 0.00>
ST_27 : Operation 772 [1/1] (0.00ns)   --->   "%Ft_26_loc_load = load i32 %Ft_26_loc"   --->   Operation 772 'load' 'Ft_26_loc_load' <Predicate = true> <Delay = 0.00>
ST_27 : Operation 773 [1/1] (0.00ns)   --->   "%Ft_25_loc_load = load i32 %Ft_25_loc"   --->   Operation 773 'load' 'Ft_25_loc_load' <Predicate = true> <Delay = 0.00>
ST_27 : Operation 774 [1/1] (0.00ns)   --->   "%Ft_24_loc_load = load i32 %Ft_24_loc"   --->   Operation 774 'load' 'Ft_24_loc_load' <Predicate = true> <Delay = 0.00>
ST_27 : Operation 775 [1/1] (0.00ns)   --->   "%Ft_23_loc_load = load i32 %Ft_23_loc"   --->   Operation 775 'load' 'Ft_23_loc_load' <Predicate = true> <Delay = 0.00>
ST_27 : Operation 776 [1/1] (0.00ns)   --->   "%Ft_22_loc_load = load i32 %Ft_22_loc"   --->   Operation 776 'load' 'Ft_22_loc_load' <Predicate = true> <Delay = 0.00>
ST_27 : Operation 777 [1/1] (0.00ns)   --->   "%Ft_21_loc_load = load i32 %Ft_21_loc"   --->   Operation 777 'load' 'Ft_21_loc_load' <Predicate = true> <Delay = 0.00>
ST_27 : Operation 778 [1/1] (0.00ns)   --->   "%Ft_20_loc_load = load i32 %Ft_20_loc"   --->   Operation 778 'load' 'Ft_20_loc_load' <Predicate = true> <Delay = 0.00>
ST_27 : Operation 779 [1/1] (0.00ns)   --->   "%Ft_19_loc_load = load i32 %Ft_19_loc"   --->   Operation 779 'load' 'Ft_19_loc_load' <Predicate = true> <Delay = 0.00>
ST_27 : Operation 780 [1/1] (0.00ns)   --->   "%Ft_18_loc_load = load i32 %Ft_18_loc"   --->   Operation 780 'load' 'Ft_18_loc_load' <Predicate = true> <Delay = 0.00>
ST_27 : Operation 781 [1/1] (0.00ns)   --->   "%Ft_17_loc_load = load i32 %Ft_17_loc"   --->   Operation 781 'load' 'Ft_17_loc_load' <Predicate = true> <Delay = 0.00>
ST_27 : Operation 782 [1/1] (0.00ns)   --->   "%Ft_16_loc_load = load i32 %Ft_16_loc"   --->   Operation 782 'load' 'Ft_16_loc_load' <Predicate = true> <Delay = 0.00>
ST_27 : Operation 783 [1/1] (0.00ns)   --->   "%Ft_15_loc_load = load i32 %Ft_15_loc"   --->   Operation 783 'load' 'Ft_15_loc_load' <Predicate = true> <Delay = 0.00>
ST_27 : Operation 784 [1/1] (0.00ns)   --->   "%Ft_14_loc_load = load i32 %Ft_14_loc"   --->   Operation 784 'load' 'Ft_14_loc_load' <Predicate = true> <Delay = 0.00>
ST_27 : Operation 785 [1/1] (0.00ns)   --->   "%Ft_13_loc_load = load i32 %Ft_13_loc"   --->   Operation 785 'load' 'Ft_13_loc_load' <Predicate = true> <Delay = 0.00>
ST_27 : Operation 786 [1/1] (0.00ns)   --->   "%Ft_12_loc_load = load i32 %Ft_12_loc"   --->   Operation 786 'load' 'Ft_12_loc_load' <Predicate = true> <Delay = 0.00>
ST_27 : Operation 787 [1/1] (0.00ns)   --->   "%Ft_11_loc_load = load i32 %Ft_11_loc"   --->   Operation 787 'load' 'Ft_11_loc_load' <Predicate = true> <Delay = 0.00>
ST_27 : Operation 788 [1/1] (0.00ns)   --->   "%Ft_10_loc_load = load i32 %Ft_10_loc"   --->   Operation 788 'load' 'Ft_10_loc_load' <Predicate = true> <Delay = 0.00>
ST_27 : Operation 789 [1/1] (0.00ns)   --->   "%Ft_9_loc_load = load i32 %Ft_9_loc"   --->   Operation 789 'load' 'Ft_9_loc_load' <Predicate = true> <Delay = 0.00>
ST_27 : Operation 790 [1/1] (0.00ns)   --->   "%Ft_8_loc_load = load i32 %Ft_8_loc"   --->   Operation 790 'load' 'Ft_8_loc_load' <Predicate = true> <Delay = 0.00>
ST_27 : Operation 791 [1/1] (0.00ns)   --->   "%Ft_7_loc_load = load i32 %Ft_7_loc"   --->   Operation 791 'load' 'Ft_7_loc_load' <Predicate = true> <Delay = 0.00>
ST_27 : Operation 792 [1/1] (0.00ns)   --->   "%Ft_6_loc_load = load i32 %Ft_6_loc"   --->   Operation 792 'load' 'Ft_6_loc_load' <Predicate = true> <Delay = 0.00>
ST_27 : Operation 793 [1/1] (0.00ns)   --->   "%Ft_5_loc_load = load i32 %Ft_5_loc"   --->   Operation 793 'load' 'Ft_5_loc_load' <Predicate = true> <Delay = 0.00>
ST_27 : Operation 794 [1/1] (0.00ns)   --->   "%Ft_4_loc_load = load i32 %Ft_4_loc"   --->   Operation 794 'load' 'Ft_4_loc_load' <Predicate = true> <Delay = 0.00>
ST_27 : Operation 795 [1/1] (0.00ns)   --->   "%Ft_3_loc_load = load i32 %Ft_3_loc"   --->   Operation 795 'load' 'Ft_3_loc_load' <Predicate = true> <Delay = 0.00>
ST_27 : Operation 796 [1/1] (0.00ns)   --->   "%Ft_2_loc_load = load i32 %Ft_2_loc"   --->   Operation 796 'load' 'Ft_2_loc_load' <Predicate = true> <Delay = 0.00>
ST_27 : Operation 797 [1/1] (0.00ns)   --->   "%Ft_1_loc_load = load i32 %Ft_1_loc"   --->   Operation 797 'load' 'Ft_1_loc_load' <Predicate = true> <Delay = 0.00>
ST_27 : Operation 798 [1/1] (0.00ns)   --->   "%Ft_loc_load = load i32 %Ft_loc"   --->   Operation 798 'load' 'Ft_loc_load' <Predicate = true> <Delay = 0.00>
ST_27 : Operation 799 [2/2] (1.07ns)   --->   "%call_ln0 = call void @ekf_batch_Pipeline_VITIS_LOOP_17_1_VITIS_LOOP_18_21, i32 %mux_case_09072605_loc_load, i32 %mux_case_19092611_loc_load, i32 %mux_case_29112616_loc_load, i32 %mux_case_39132621_loc_load, i32 %mux_case_49152626_loc_load, i32 %mux_case_59172631_loc_load, i32 %mux_case_09192635_loc_load, i32 %mux_case_19212641_loc_load, i32 %mux_case_29232646_loc_load, i32 %mux_case_39252651_loc_load, i32 %mux_case_49272656_loc_load, i32 %mux_case_59292661_loc_load, i32 %mux_case_09312665_loc_load, i32 %mux_case_19332671_loc_load, i32 %mux_case_29352676_loc_load, i32 %mux_case_39372681_loc_load, i32 %mux_case_49392686_loc_load, i32 %mux_case_59412691_loc_load, i32 %mux_case_09432695_loc_load, i32 %mux_case_19452701_loc_load, i32 %mux_case_29472706_loc_load, i32 %mux_case_39492711_loc_load, i32 %mux_case_49512716_loc_load, i32 %mux_case_59532721_loc_load, i32 %mux_case_09552725_loc_load, i32 %mux_case_19572731_loc_load, i32 %mux_case_29592736_loc_load, i32 %mux_case_39612741_loc_load, i32 %mux_case_49632746_loc_load, i32 %mux_case_59652751_loc_load, i32 %mux_case_09672755_loc_load, i32 %mux_case_19692761_loc_load, i32 %mux_case_29712766_loc_load, i32 %mux_case_39732771_loc_load, i32 %mux_case_49752776_loc_load, i32 %mux_case_59772781_loc_load, i32 %Ft_loc_load, i32 %Ft_1_loc_load, i32 %Ft_2_loc_load, i32 %Ft_3_loc_load, i32 %Ft_4_loc_load, i32 %Ft_5_loc_load, i32 %Ft_6_loc_load, i32 %Ft_7_loc_load, i32 %Ft_8_loc_load, i32 %Ft_9_loc_load, i32 %Ft_10_loc_load, i32 %Ft_11_loc_load, i32 %Ft_12_loc_load, i32 %Ft_13_loc_load, i32 %Ft_14_loc_load, i32 %Ft_15_loc_load, i32 %Ft_16_loc_load, i32 %Ft_17_loc_load, i32 %Ft_18_loc_load, i32 %Ft_19_loc_load, i32 %Ft_20_loc_load, i32 %Ft_21_loc_load, i32 %Ft_22_loc_load, i32 %Ft_23_loc_load, i32 %Ft_24_loc_load, i32 %Ft_25_loc_load, i32 %Ft_26_loc_load, i32 %Ft_27_loc_load, i32 %Ft_28_loc_load, i32 %Ft_29_loc_load, i32 %Ft_30_loc_load, i32 %Ft_31_loc_load, i32 %Ft_32_loc_load, i32 %Ft_33_loc_load, i32 %Ft_34_loc_load, i32 %Ft_35_loc_load, i32 %mux_case_511742997_loc, i32 %mux_case_411722991_loc, i32 %mux_case_311702985_loc, i32 %mux_case_211682979_loc, i32 %mux_case_111662973_loc, i32 %mux_case_011642967_loc, i32 %mux_case_511612961_loc, i32 %mux_case_411592955_loc, i32 %mux_case_311572949_loc, i32 %mux_case_211552943_loc, i32 %mux_case_111532937_loc, i32 %mux_case_011512931_loc, i32 %mux_case_511482925_loc, i32 %mux_case_411462919_loc, i32 %mux_case_311442913_loc, i32 %mux_case_211422907_loc, i32 %mux_case_111402901_loc, i32 %mux_case_011382895_loc, i32 %mux_case_511352889_loc, i32 %mux_case_411332883_loc, i32 %mux_case_311312877_loc, i32 %mux_case_211292871_loc, i32 %mux_case_111272865_loc, i32 %mux_case_011252859_loc, i32 %mux_case_511222853_loc, i32 %mux_case_411202847_loc, i32 %mux_case_311182841_loc, i32 %mux_case_211162835_loc, i32 %mux_case_111142829_loc, i32 %mux_case_011122823_loc, i32 %mux_case_511092816_loc, i32 %mux_case_411072810_loc, i32 %mux_case_311052804_loc, i32 %mux_case_211032798_loc, i32 %mux_case_111012792_loc, i32 %mux_case_010992786_loc"   --->   Operation 799 'call' 'call_ln0' <Predicate = true> <Delay = 1.07> <CoreType = "Generic">   --->   Core 0 '' <Latency = 0> <II = 1> <Delay = 1.00> <Generic> <Opcode : >

State 28 <SV = 27> <Delay = 1.09>
ST_28 : Operation 800 [1/2] (1.09ns)   --->   "%call_ln0 = call void @ekf_batch_Pipeline_VITIS_LOOP_64_3, i32 %x_5_loc_load, i32 %x_4_loc_load, i32 %x_3_loc_load, i32 %x_2_loc_load, i32 %x_1_loc_load, i32 %x_loc_load, i32 %xp_loc_load, i32 %xp_1_loc_load, i32 %xp_2_loc_load, i32 %xp_3_loc_load, i32 %xp_4_loc_load, i32 %xp_5_loc_load, i32 %x_18_loc, i32 %x_17_loc, i32 %x_16_loc, i32 %x_15_loc, i32 %x_14_loc, i32 %x_13_loc"   --->   Operation 800 'call' 'call_ln0' <Predicate = true> <Delay = 1.09> <CoreType = "Generic">   --->   Core 0 '' <Latency = 0> <II = 1> <Delay = 1.00> <Generic> <Opcode : >
ST_28 : Operation 801 [1/2] (0.00ns)   --->   "%call_ln0 = call void @ekf_batch_Pipeline_VITIS_LOOP_17_1_VITIS_LOOP_18_21, i32 %mux_case_09072605_loc_load, i32 %mux_case_19092611_loc_load, i32 %mux_case_29112616_loc_load, i32 %mux_case_39132621_loc_load, i32 %mux_case_49152626_loc_load, i32 %mux_case_59172631_loc_load, i32 %mux_case_09192635_loc_load, i32 %mux_case_19212641_loc_load, i32 %mux_case_29232646_loc_load, i32 %mux_case_39252651_loc_load, i32 %mux_case_49272656_loc_load, i32 %mux_case_59292661_loc_load, i32 %mux_case_09312665_loc_load, i32 %mux_case_19332671_loc_load, i32 %mux_case_29352676_loc_load, i32 %mux_case_39372681_loc_load, i32 %mux_case_49392686_loc_load, i32 %mux_case_59412691_loc_load, i32 %mux_case_09432695_loc_load, i32 %mux_case_19452701_loc_load, i32 %mux_case_29472706_loc_load, i32 %mux_case_39492711_loc_load, i32 %mux_case_49512716_loc_load, i32 %mux_case_59532721_loc_load, i32 %mux_case_09552725_loc_load, i32 %mux_case_19572731_loc_load, i32 %mux_case_29592736_loc_load, i32 %mux_case_39612741_loc_load, i32 %mux_case_49632746_loc_load, i32 %mux_case_59652751_loc_load, i32 %mux_case_09672755_loc_load, i32 %mux_case_19692761_loc_load, i32 %mux_case_29712766_loc_load, i32 %mux_case_39732771_loc_load, i32 %mux_case_49752776_loc_load, i32 %mux_case_59772781_loc_load, i32 %Ft_loc_load, i32 %Ft_1_loc_load, i32 %Ft_2_loc_load, i32 %Ft_3_loc_load, i32 %Ft_4_loc_load, i32 %Ft_5_loc_load, i32 %Ft_6_loc_load, i32 %Ft_7_loc_load, i32 %Ft_8_loc_load, i32 %Ft_9_loc_load, i32 %Ft_10_loc_load, i32 %Ft_11_loc_load, i32 %Ft_12_loc_load, i32 %Ft_13_loc_load, i32 %Ft_14_loc_load, i32 %Ft_15_loc_load, i32 %Ft_16_loc_load, i32 %Ft_17_loc_load, i32 %Ft_18_loc_load, i32 %Ft_19_loc_load, i32 %Ft_20_loc_load, i32 %Ft_21_loc_load, i32 %Ft_22_loc_load, i32 %Ft_23_loc_load, i32 %Ft_24_loc_load, i32 %Ft_25_loc_load, i32 %Ft_26_loc_load, i32 %Ft_27_loc_load, i32 %Ft_28_loc_load, i32 %Ft_29_loc_load, i32 %Ft_30_loc_load, i32 %Ft_31_loc_load, i32 %Ft_32_loc_load, i32 %Ft_33_loc_load, i32 %Ft_34_loc_load, i32 %Ft_35_loc_load, i32 %mux_case_511742997_loc, i32 %mux_case_411722991_loc, i32 %mux_case_311702985_loc, i32 %mux_case_211682979_loc, i32 %mux_case_111662973_loc, i32 %mux_case_011642967_loc, i32 %mux_case_511612961_loc, i32 %mux_case_411592955_loc, i32 %mux_case_311572949_loc, i32 %mux_case_211552943_loc, i32 %mux_case_111532937_loc, i32 %mux_case_011512931_loc, i32 %mux_case_511482925_loc, i32 %mux_case_411462919_loc, i32 %mux_case_311442913_loc, i32 %mux_case_211422907_loc, i32 %mux_case_111402901_loc, i32 %mux_case_011382895_loc, i32 %mux_case_511352889_loc, i32 %mux_case_411332883_loc, i32 %mux_case_311312877_loc, i32 %mux_case_211292871_loc, i32 %mux_case_111272865_loc, i32 %mux_case_011252859_loc, i32 %mux_case_511222853_loc, i32 %mux_case_411202847_loc, i32 %mux_case_311182841_loc, i32 %mux_case_211162835_loc, i32 %mux_case_111142829_loc, i32 %mux_case_011122823_loc, i32 %mux_case_511092816_loc, i32 %mux_case_411072810_loc, i32 %mux_case_311052804_loc, i32 %mux_case_211032798_loc, i32 %mux_case_111012792_loc, i32 %mux_case_010992786_loc"   --->   Operation 801 'call' 'call_ln0' <Predicate = true> <Delay = 0.00> <CoreType = "Generic">   --->   Core 0 '' <Latency = 0> <II = 1> <Delay = 1.00> <Generic> <Opcode : >

State 29 <SV = 28> <Delay = 1.24>
ST_29 : Operation 802 [1/1] (0.00ns)   --->   "%Q_11_loc_load = load i32 %Q_11_loc"   --->   Operation 802 'load' 'Q_11_loc_load' <Predicate = true> <Delay = 0.00>
ST_29 : Operation 803 [1/1] (0.00ns)   --->   "%Q_10_loc_load = load i32 %Q_10_loc"   --->   Operation 803 'load' 'Q_10_loc_load' <Predicate = true> <Delay = 0.00>
ST_29 : Operation 804 [1/1] (0.00ns)   --->   "%Q_9_loc_load = load i32 %Q_9_loc"   --->   Operation 804 'load' 'Q_9_loc_load' <Predicate = true> <Delay = 0.00>
ST_29 : Operation 805 [1/1] (0.00ns)   --->   "%Q_8_loc_load = load i32 %Q_8_loc"   --->   Operation 805 'load' 'Q_8_loc_load' <Predicate = true> <Delay = 0.00>
ST_29 : Operation 806 [1/1] (0.00ns)   --->   "%Q_7_loc_load = load i32 %Q_7_loc"   --->   Operation 806 'load' 'Q_7_loc_load' <Predicate = true> <Delay = 0.00>
ST_29 : Operation 807 [1/1] (0.00ns)   --->   "%Q_6_loc_load = load i32 %Q_6_loc"   --->   Operation 807 'load' 'Q_6_loc_load' <Predicate = true> <Delay = 0.00>
ST_29 : Operation 808 [1/1] (0.00ns)   --->   "%Q_5_loc_load = load i32 %Q_5_loc"   --->   Operation 808 'load' 'Q_5_loc_load' <Predicate = true> <Delay = 0.00>
ST_29 : Operation 809 [1/1] (0.00ns)   --->   "%Q_4_loc_load = load i32 %Q_4_loc"   --->   Operation 809 'load' 'Q_4_loc_load' <Predicate = true> <Delay = 0.00>
ST_29 : Operation 810 [1/1] (0.00ns)   --->   "%Q_3_loc_load = load i32 %Q_3_loc"   --->   Operation 810 'load' 'Q_3_loc_load' <Predicate = true> <Delay = 0.00>
ST_29 : Operation 811 [1/1] (0.00ns)   --->   "%Q_2_loc_load = load i32 %Q_2_loc"   --->   Operation 811 'load' 'Q_2_loc_load' <Predicate = true> <Delay = 0.00>
ST_29 : Operation 812 [1/1] (0.00ns)   --->   "%Q_1_loc_load = load i32 %Q_1_loc"   --->   Operation 812 'load' 'Q_1_loc_load' <Predicate = true> <Delay = 0.00>
ST_29 : Operation 813 [1/1] (0.00ns)   --->   "%Q_loc_load = load i32 %Q_loc"   --->   Operation 813 'load' 'Q_loc_load' <Predicate = true> <Delay = 0.00>
ST_29 : Operation 814 [1/1] (0.00ns)   --->   "%mux_case_511742997_loc_load = load i32 %mux_case_511742997_loc"   --->   Operation 814 'load' 'mux_case_511742997_loc_load' <Predicate = true> <Delay = 0.00>
ST_29 : Operation 815 [1/1] (0.00ns)   --->   "%mux_case_411722991_loc_load = load i32 %mux_case_411722991_loc"   --->   Operation 815 'load' 'mux_case_411722991_loc_load' <Predicate = true> <Delay = 0.00>
ST_29 : Operation 816 [1/1] (0.00ns)   --->   "%mux_case_311702985_loc_load = load i32 %mux_case_311702985_loc"   --->   Operation 816 'load' 'mux_case_311702985_loc_load' <Predicate = true> <Delay = 0.00>
ST_29 : Operation 817 [1/1] (0.00ns)   --->   "%mux_case_211682979_loc_load = load i32 %mux_case_211682979_loc"   --->   Operation 817 'load' 'mux_case_211682979_loc_load' <Predicate = true> <Delay = 0.00>
ST_29 : Operation 818 [1/1] (0.00ns)   --->   "%mux_case_111662973_loc_load = load i32 %mux_case_111662973_loc"   --->   Operation 818 'load' 'mux_case_111662973_loc_load' <Predicate = true> <Delay = 0.00>
ST_29 : Operation 819 [1/1] (0.00ns)   --->   "%mux_case_011642967_loc_load = load i32 %mux_case_011642967_loc"   --->   Operation 819 'load' 'mux_case_011642967_loc_load' <Predicate = true> <Delay = 0.00>
ST_29 : Operation 820 [1/1] (0.00ns)   --->   "%mux_case_511612961_loc_load = load i32 %mux_case_511612961_loc"   --->   Operation 820 'load' 'mux_case_511612961_loc_load' <Predicate = true> <Delay = 0.00>
ST_29 : Operation 821 [1/1] (0.00ns)   --->   "%mux_case_411592955_loc_load = load i32 %mux_case_411592955_loc"   --->   Operation 821 'load' 'mux_case_411592955_loc_load' <Predicate = true> <Delay = 0.00>
ST_29 : Operation 822 [1/1] (0.00ns)   --->   "%mux_case_311572949_loc_load = load i32 %mux_case_311572949_loc"   --->   Operation 822 'load' 'mux_case_311572949_loc_load' <Predicate = true> <Delay = 0.00>
ST_29 : Operation 823 [1/1] (0.00ns)   --->   "%mux_case_211552943_loc_load = load i32 %mux_case_211552943_loc"   --->   Operation 823 'load' 'mux_case_211552943_loc_load' <Predicate = true> <Delay = 0.00>
ST_29 : Operation 824 [1/1] (0.00ns)   --->   "%mux_case_111532937_loc_load = load i32 %mux_case_111532937_loc"   --->   Operation 824 'load' 'mux_case_111532937_loc_load' <Predicate = true> <Delay = 0.00>
ST_29 : Operation 825 [1/1] (0.00ns)   --->   "%mux_case_011512931_loc_load = load i32 %mux_case_011512931_loc"   --->   Operation 825 'load' 'mux_case_011512931_loc_load' <Predicate = true> <Delay = 0.00>
ST_29 : Operation 826 [1/1] (0.00ns)   --->   "%mux_case_511482925_loc_load = load i32 %mux_case_511482925_loc"   --->   Operation 826 'load' 'mux_case_511482925_loc_load' <Predicate = true> <Delay = 0.00>
ST_29 : Operation 827 [1/1] (0.00ns)   --->   "%mux_case_411462919_loc_load = load i32 %mux_case_411462919_loc"   --->   Operation 827 'load' 'mux_case_411462919_loc_load' <Predicate = true> <Delay = 0.00>
ST_29 : Operation 828 [1/1] (0.00ns)   --->   "%mux_case_311442913_loc_load = load i32 %mux_case_311442913_loc"   --->   Operation 828 'load' 'mux_case_311442913_loc_load' <Predicate = true> <Delay = 0.00>
ST_29 : Operation 829 [1/1] (0.00ns)   --->   "%mux_case_211422907_loc_load = load i32 %mux_case_211422907_loc"   --->   Operation 829 'load' 'mux_case_211422907_loc_load' <Predicate = true> <Delay = 0.00>
ST_29 : Operation 830 [1/1] (0.00ns)   --->   "%mux_case_111402901_loc_load = load i32 %mux_case_111402901_loc"   --->   Operation 830 'load' 'mux_case_111402901_loc_load' <Predicate = true> <Delay = 0.00>
ST_29 : Operation 831 [1/1] (0.00ns)   --->   "%mux_case_011382895_loc_load = load i32 %mux_case_011382895_loc"   --->   Operation 831 'load' 'mux_case_011382895_loc_load' <Predicate = true> <Delay = 0.00>
ST_29 : Operation 832 [1/1] (0.00ns)   --->   "%mux_case_511352889_loc_load = load i32 %mux_case_511352889_loc"   --->   Operation 832 'load' 'mux_case_511352889_loc_load' <Predicate = true> <Delay = 0.00>
ST_29 : Operation 833 [1/1] (0.00ns)   --->   "%mux_case_411332883_loc_load = load i32 %mux_case_411332883_loc"   --->   Operation 833 'load' 'mux_case_411332883_loc_load' <Predicate = true> <Delay = 0.00>
ST_29 : Operation 834 [1/1] (0.00ns)   --->   "%mux_case_311312877_loc_load = load i32 %mux_case_311312877_loc"   --->   Operation 834 'load' 'mux_case_311312877_loc_load' <Predicate = true> <Delay = 0.00>
ST_29 : Operation 835 [1/1] (0.00ns)   --->   "%mux_case_211292871_loc_load = load i32 %mux_case_211292871_loc"   --->   Operation 835 'load' 'mux_case_211292871_loc_load' <Predicate = true> <Delay = 0.00>
ST_29 : Operation 836 [1/1] (0.00ns)   --->   "%mux_case_111272865_loc_load = load i32 %mux_case_111272865_loc"   --->   Operation 836 'load' 'mux_case_111272865_loc_load' <Predicate = true> <Delay = 0.00>
ST_29 : Operation 837 [1/1] (0.00ns)   --->   "%mux_case_011252859_loc_load = load i32 %mux_case_011252859_loc"   --->   Operation 837 'load' 'mux_case_011252859_loc_load' <Predicate = true> <Delay = 0.00>
ST_29 : Operation 838 [1/1] (0.00ns)   --->   "%mux_case_511222853_loc_load = load i32 %mux_case_511222853_loc"   --->   Operation 838 'load' 'mux_case_511222853_loc_load' <Predicate = true> <Delay = 0.00>
ST_29 : Operation 839 [1/1] (0.00ns)   --->   "%mux_case_411202847_loc_load = load i32 %mux_case_411202847_loc"   --->   Operation 839 'load' 'mux_case_411202847_loc_load' <Predicate = true> <Delay = 0.00>
ST_29 : Operation 840 [1/1] (0.00ns)   --->   "%mux_case_311182841_loc_load = load i32 %mux_case_311182841_loc"   --->   Operation 840 'load' 'mux_case_311182841_loc_load' <Predicate = true> <Delay = 0.00>
ST_29 : Operation 841 [1/1] (0.00ns)   --->   "%mux_case_211162835_loc_load = load i32 %mux_case_211162835_loc"   --->   Operation 841 'load' 'mux_case_211162835_loc_load' <Predicate = true> <Delay = 0.00>
ST_29 : Operation 842 [1/1] (0.00ns)   --->   "%mux_case_111142829_loc_load = load i32 %mux_case_111142829_loc"   --->   Operation 842 'load' 'mux_case_111142829_loc_load' <Predicate = true> <Delay = 0.00>
ST_29 : Operation 843 [1/1] (0.00ns)   --->   "%mux_case_011122823_loc_load = load i32 %mux_case_011122823_loc"   --->   Operation 843 'load' 'mux_case_011122823_loc_load' <Predicate = true> <Delay = 0.00>
ST_29 : Operation 844 [1/1] (0.00ns)   --->   "%mux_case_511092816_loc_load = load i32 %mux_case_511092816_loc"   --->   Operation 844 'load' 'mux_case_511092816_loc_load' <Predicate = true> <Delay = 0.00>
ST_29 : Operation 845 [1/1] (0.00ns)   --->   "%mux_case_411072810_loc_load = load i32 %mux_case_411072810_loc"   --->   Operation 845 'load' 'mux_case_411072810_loc_load' <Predicate = true> <Delay = 0.00>
ST_29 : Operation 846 [1/1] (0.00ns)   --->   "%mux_case_311052804_loc_load = load i32 %mux_case_311052804_loc"   --->   Operation 846 'load' 'mux_case_311052804_loc_load' <Predicate = true> <Delay = 0.00>
ST_29 : Operation 847 [1/1] (0.00ns)   --->   "%mux_case_211032798_loc_load = load i32 %mux_case_211032798_loc"   --->   Operation 847 'load' 'mux_case_211032798_loc_load' <Predicate = true> <Delay = 0.00>
ST_29 : Operation 848 [1/1] (0.00ns)   --->   "%mux_case_111012792_loc_load = load i32 %mux_case_111012792_loc"   --->   Operation 848 'load' 'mux_case_111012792_loc_load' <Predicate = true> <Delay = 0.00>
ST_29 : Operation 849 [1/1] (0.00ns)   --->   "%mux_case_010992786_loc_load = load i32 %mux_case_010992786_loc"   --->   Operation 849 'load' 'mux_case_010992786_loc_load' <Predicate = true> <Delay = 0.00>
ST_29 : Operation 850 [2/2] (1.24ns)   --->   "%call_ln0 = call void @ekf_batch_Pipeline_VITIS_LOOP_73_4_VITIS_LOOP_74_5, i32 %P_35_loc_load, i32 %P_34_loc_load, i32 %P_33_loc_load, i32 %P_32_loc_load, i32 %P_31_loc_load, i32 %P_30_loc_load, i32 %P_29_loc_load, i32 %P_28_loc_load, i32 %P_27_loc_load, i32 %P_26_loc_load, i32 %P_25_loc_load, i32 %P_24_loc_load, i32 %P_23_loc_load, i32 %P_22_loc_load, i32 %P_21_loc_load, i32 %P_20_loc_load, i32 %P_19_loc_load, i32 %P_18_loc_load, i32 %P_17_loc_load, i32 %P_16_loc_load, i32 %P_15_loc_load, i32 %P_14_loc_load, i32 %P_13_loc_load, i32 %P_12_loc_load, i32 %P_11_loc_load, i32 %P_10_loc_load, i32 %P_9_loc_load, i32 %P_8_loc_load, i32 %P_7_loc_load, i32 %P_6_loc_load, i32 %P_5_loc_load, i32 %P_4_loc_load, i32 %P_3_loc_load, i32 %P_2_loc_load, i32 %P_1_loc_load, i32 %P_loc_load, i32 %mux_case_010992786_loc_load, i32 %mux_case_111012792_loc_load, i32 %mux_case_211032798_loc_load, i32 %mux_case_311052804_loc_load, i32 %mux_case_411072810_loc_load, i32 %mux_case_511092816_loc_load, i32 %mux_case_011122823_loc_load, i32 %mux_case_111142829_loc_load, i32 %mux_case_211162835_loc_load, i32 %mux_case_311182841_loc_load, i32 %mux_case_411202847_loc_load, i32 %mux_case_511222853_loc_load, i32 %mux_case_011252859_loc_load, i32 %mux_case_111272865_loc_load, i32 %mux_case_211292871_loc_load, i32 %mux_case_311312877_loc_load, i32 %mux_case_411332883_loc_load, i32 %mux_case_511352889_loc_load, i32 %mux_case_011382895_loc_load, i32 %mux_case_111402901_loc_load, i32 %mux_case_211422907_loc_load, i32 %mux_case_311442913_loc_load, i32 %mux_case_411462919_loc_load, i32 %mux_case_511482925_loc_load, i32 %mux_case_011512931_loc_load, i32 %mux_case_111532937_loc_load, i32 %mux_case_211552943_loc_load, i32 %mux_case_311572949_loc_load, i32 %mux_case_411592955_loc_load, i32 %mux_case_511612961_loc_load, i32 %mux_case_011642967_loc_load, i32 %mux_case_111662973_loc_load, i32 %mux_case_211682979_loc_load, i32 %mux_case_311702985_loc_load, i32 %mux_case_411722991_loc_load, i32 %mux_case_511742997_loc_load, i32 %Q_loc_load, i32 %Q_1_loc_load, i32 %Q_2_loc_load, i32 %Q_3_loc_load, i32 %Q_4_loc_load, i32 %Q_5_loc_load, i32 %Q_6_loc_load, i32 %Q_7_loc_load, i32 %Q_8_loc_load, i32 %Q_9_loc_load, i32 %Q_10_loc_load, i32 %Q_11_loc_load, i32 %P_108_loc, i32 %P_107_loc, i32 %P_106_loc, i32 %P_105_loc, i32 %P_104_loc, i32 %P_103_loc, i32 %P_102_loc, i32 %P_101_loc, i32 %P_100_loc, i32 %P_99_loc, i32 %P_98_loc, i32 %P_97_loc, i32 %P_96_loc, i32 %P_95_loc, i32 %P_94_loc, i32 %P_93_loc, i32 %P_92_loc, i32 %P_91_loc, i32 %P_90_loc, i32 %P_89_loc, i32 %P_88_loc, i32 %P_87_loc, i32 %P_86_loc, i32 %P_85_loc, i32 %P_84_loc, i32 %P_83_loc, i32 %P_82_loc, i32 %P_81_loc, i32 %P_80_loc, i32 %P_79_loc, i32 %P_78_loc, i32 %P_77_loc, i32 %P_76_loc, i32 %P_75_loc, i32 %P_74_loc, i32 %P_73_loc"   --->   Operation 850 'call' 'call_ln0' <Predicate = true> <Delay = 1.24> <CoreType = "Generic">   --->   Core 0 '' <Latency = 0> <II = 1> <Delay = 1.00> <Generic> <Opcode : >

State 30 <SV = 29> <Delay = 0.00>
ST_30 : Operation 851 [1/2] (0.00ns)   --->   "%call_ln0 = call void @ekf_batch_Pipeline_VITIS_LOOP_73_4_VITIS_LOOP_74_5, i32 %P_35_loc_load, i32 %P_34_loc_load, i32 %P_33_loc_load, i32 %P_32_loc_load, i32 %P_31_loc_load, i32 %P_30_loc_load, i32 %P_29_loc_load, i32 %P_28_loc_load, i32 %P_27_loc_load, i32 %P_26_loc_load, i32 %P_25_loc_load, i32 %P_24_loc_load, i32 %P_23_loc_load, i32 %P_22_loc_load, i32 %P_21_loc_load, i32 %P_20_loc_load, i32 %P_19_loc_load, i32 %P_18_loc_load, i32 %P_17_loc_load, i32 %P_16_loc_load, i32 %P_15_loc_load, i32 %P_14_loc_load, i32 %P_13_loc_load, i32 %P_12_loc_load, i32 %P_11_loc_load, i32 %P_10_loc_load, i32 %P_9_loc_load, i32 %P_8_loc_load, i32 %P_7_loc_load, i32 %P_6_loc_load, i32 %P_5_loc_load, i32 %P_4_loc_load, i32 %P_3_loc_load, i32 %P_2_loc_load, i32 %P_1_loc_load, i32 %P_loc_load, i32 %mux_case_010992786_loc_load, i32 %mux_case_111012792_loc_load, i32 %mux_case_211032798_loc_load, i32 %mux_case_311052804_loc_load, i32 %mux_case_411072810_loc_load, i32 %mux_case_511092816_loc_load, i32 %mux_case_011122823_loc_load, i32 %mux_case_111142829_loc_load, i32 %mux_case_211162835_loc_load, i32 %mux_case_311182841_loc_load, i32 %mux_case_411202847_loc_load, i32 %mux_case_511222853_loc_load, i32 %mux_case_011252859_loc_load, i32 %mux_case_111272865_loc_load, i32 %mux_case_211292871_loc_load, i32 %mux_case_311312877_loc_load, i32 %mux_case_411332883_loc_load, i32 %mux_case_511352889_loc_load, i32 %mux_case_011382895_loc_load, i32 %mux_case_111402901_loc_load, i32 %mux_case_211422907_loc_load, i32 %mux_case_311442913_loc_load, i32 %mux_case_411462919_loc_load, i32 %mux_case_511482925_loc_load, i32 %mux_case_011512931_loc_load, i32 %mux_case_111532937_loc_load, i32 %mux_case_211552943_loc_load, i32 %mux_case_311572949_loc_load, i32 %mux_case_411592955_loc_load, i32 %mux_case_511612961_loc_load, i32 %mux_case_011642967_loc_load, i32 %mux_case_111662973_loc_load, i32 %mux_case_211682979_loc_load, i32 %mux_case_311702985_loc_load, i32 %mux_case_411722991_loc_load, i32 %mux_case_511742997_loc_load, i32 %Q_loc_load, i32 %Q_1_loc_load, i32 %Q_2_loc_load, i32 %Q_3_loc_load, i32 %Q_4_loc_load, i32 %Q_5_loc_load, i32 %Q_6_loc_load, i32 %Q_7_loc_load, i32 %Q_8_loc_load, i32 %Q_9_loc_load, i32 %Q_10_loc_load, i32 %Q_11_loc_load, i32 %P_108_loc, i32 %P_107_loc, i32 %P_106_loc, i32 %P_105_loc, i32 %P_104_loc, i32 %P_103_loc, i32 %P_102_loc, i32 %P_101_loc, i32 %P_100_loc, i32 %P_99_loc, i32 %P_98_loc, i32 %P_97_loc, i32 %P_96_loc, i32 %P_95_loc, i32 %P_94_loc, i32 %P_93_loc, i32 %P_92_loc, i32 %P_91_loc, i32 %P_90_loc, i32 %P_89_loc, i32 %P_88_loc, i32 %P_87_loc, i32 %P_86_loc, i32 %P_85_loc, i32 %P_84_loc, i32 %P_83_loc, i32 %P_82_loc, i32 %P_81_loc, i32 %P_80_loc, i32 %P_79_loc, i32 %P_78_loc, i32 %P_77_loc, i32 %P_76_loc, i32 %P_75_loc, i32 %P_74_loc, i32 %P_73_loc"   --->   Operation 851 'call' 'call_ln0' <Predicate = true> <Delay = 0.00> <CoreType = "Generic">   --->   Core 0 '' <Latency = 0> <II = 1> <Delay = 1.00> <Generic> <Opcode : >

State 31 <SV = 30> <Delay = 0.42>
ST_31 : Operation 852 [1/1] (0.00ns)   --->   "%specloopname_ln138 = specloopname void @_ssdm_op_SpecLoopName, void @empty_29" [ekf_core.cpp:138]   --->   Operation 852 'specloopname' 'specloopname_ln138' <Predicate = true> <Delay = 0.00>
ST_31 : Operation 853 [1/1] (0.00ns)   --->   "%x_18_loc_load = load i32 %x_18_loc"   --->   Operation 853 'load' 'x_18_loc_load' <Predicate = true> <Delay = 0.00>
ST_31 : Operation 854 [1/1] (0.00ns)   --->   "%x_17_loc_load = load i32 %x_17_loc"   --->   Operation 854 'load' 'x_17_loc_load' <Predicate = true> <Delay = 0.00>
ST_31 : Operation 855 [1/1] (0.00ns)   --->   "%x_16_loc_load = load i32 %x_16_loc"   --->   Operation 855 'load' 'x_16_loc_load' <Predicate = true> <Delay = 0.00>
ST_31 : Operation 856 [1/1] (0.00ns)   --->   "%x_15_loc_load = load i32 %x_15_loc"   --->   Operation 856 'load' 'x_15_loc_load' <Predicate = true> <Delay = 0.00>
ST_31 : Operation 857 [1/1] (0.00ns)   --->   "%x_14_loc_load = load i32 %x_14_loc"   --->   Operation 857 'load' 'x_14_loc_load' <Predicate = true> <Delay = 0.00>
ST_31 : Operation 858 [1/1] (0.00ns)   --->   "%x_13_loc_load = load i32 %x_13_loc"   --->   Operation 858 'load' 'x_13_loc_load' <Predicate = true> <Delay = 0.00>
ST_31 : Operation 859 [1/1] (0.00ns)   --->   "%P_108_loc_load = load i32 %P_108_loc"   --->   Operation 859 'load' 'P_108_loc_load' <Predicate = true> <Delay = 0.00>
ST_31 : Operation 860 [1/1] (0.00ns)   --->   "%P_107_loc_load = load i32 %P_107_loc"   --->   Operation 860 'load' 'P_107_loc_load' <Predicate = true> <Delay = 0.00>
ST_31 : Operation 861 [1/1] (0.00ns)   --->   "%P_106_loc_load = load i32 %P_106_loc"   --->   Operation 861 'load' 'P_106_loc_load' <Predicate = true> <Delay = 0.00>
ST_31 : Operation 862 [1/1] (0.00ns)   --->   "%P_105_loc_load = load i32 %P_105_loc"   --->   Operation 862 'load' 'P_105_loc_load' <Predicate = true> <Delay = 0.00>
ST_31 : Operation 863 [1/1] (0.00ns)   --->   "%P_104_loc_load = load i32 %P_104_loc"   --->   Operation 863 'load' 'P_104_loc_load' <Predicate = true> <Delay = 0.00>
ST_31 : Operation 864 [1/1] (0.00ns)   --->   "%P_103_loc_load = load i32 %P_103_loc"   --->   Operation 864 'load' 'P_103_loc_load' <Predicate = true> <Delay = 0.00>
ST_31 : Operation 865 [1/1] (0.00ns)   --->   "%P_102_loc_load = load i32 %P_102_loc"   --->   Operation 865 'load' 'P_102_loc_load' <Predicate = true> <Delay = 0.00>
ST_31 : Operation 866 [1/1] (0.00ns)   --->   "%P_101_loc_load = load i32 %P_101_loc"   --->   Operation 866 'load' 'P_101_loc_load' <Predicate = true> <Delay = 0.00>
ST_31 : Operation 867 [1/1] (0.00ns)   --->   "%P_100_loc_load = load i32 %P_100_loc"   --->   Operation 867 'load' 'P_100_loc_load' <Predicate = true> <Delay = 0.00>
ST_31 : Operation 868 [1/1] (0.00ns)   --->   "%P_99_loc_load = load i32 %P_99_loc"   --->   Operation 868 'load' 'P_99_loc_load' <Predicate = true> <Delay = 0.00>
ST_31 : Operation 869 [1/1] (0.00ns)   --->   "%P_98_loc_load = load i32 %P_98_loc"   --->   Operation 869 'load' 'P_98_loc_load' <Predicate = true> <Delay = 0.00>
ST_31 : Operation 870 [1/1] (0.00ns)   --->   "%P_97_loc_load = load i32 %P_97_loc"   --->   Operation 870 'load' 'P_97_loc_load' <Predicate = true> <Delay = 0.00>
ST_31 : Operation 871 [1/1] (0.00ns)   --->   "%P_96_loc_load = load i32 %P_96_loc"   --->   Operation 871 'load' 'P_96_loc_load' <Predicate = true> <Delay = 0.00>
ST_31 : Operation 872 [1/1] (0.00ns)   --->   "%P_95_loc_load = load i32 %P_95_loc"   --->   Operation 872 'load' 'P_95_loc_load' <Predicate = true> <Delay = 0.00>
ST_31 : Operation 873 [1/1] (0.00ns)   --->   "%P_94_loc_load = load i32 %P_94_loc"   --->   Operation 873 'load' 'P_94_loc_load' <Predicate = true> <Delay = 0.00>
ST_31 : Operation 874 [1/1] (0.00ns)   --->   "%P_93_loc_load = load i32 %P_93_loc"   --->   Operation 874 'load' 'P_93_loc_load' <Predicate = true> <Delay = 0.00>
ST_31 : Operation 875 [1/1] (0.00ns)   --->   "%P_92_loc_load = load i32 %P_92_loc"   --->   Operation 875 'load' 'P_92_loc_load' <Predicate = true> <Delay = 0.00>
ST_31 : Operation 876 [1/1] (0.00ns)   --->   "%P_91_loc_load = load i32 %P_91_loc"   --->   Operation 876 'load' 'P_91_loc_load' <Predicate = true> <Delay = 0.00>
ST_31 : Operation 877 [1/1] (0.00ns)   --->   "%P_90_loc_load = load i32 %P_90_loc"   --->   Operation 877 'load' 'P_90_loc_load' <Predicate = true> <Delay = 0.00>
ST_31 : Operation 878 [1/1] (0.00ns)   --->   "%P_89_loc_load = load i32 %P_89_loc"   --->   Operation 878 'load' 'P_89_loc_load' <Predicate = true> <Delay = 0.00>
ST_31 : Operation 879 [1/1] (0.00ns)   --->   "%P_88_loc_load = load i32 %P_88_loc"   --->   Operation 879 'load' 'P_88_loc_load' <Predicate = true> <Delay = 0.00>
ST_31 : Operation 880 [1/1] (0.00ns)   --->   "%P_87_loc_load = load i32 %P_87_loc"   --->   Operation 880 'load' 'P_87_loc_load' <Predicate = true> <Delay = 0.00>
ST_31 : Operation 881 [1/1] (0.00ns)   --->   "%P_86_loc_load = load i32 %P_86_loc"   --->   Operation 881 'load' 'P_86_loc_load' <Predicate = true> <Delay = 0.00>
ST_31 : Operation 882 [1/1] (0.00ns)   --->   "%P_85_loc_load = load i32 %P_85_loc"   --->   Operation 882 'load' 'P_85_loc_load' <Predicate = true> <Delay = 0.00>
ST_31 : Operation 883 [1/1] (0.00ns)   --->   "%P_84_loc_load = load i32 %P_84_loc"   --->   Operation 883 'load' 'P_84_loc_load' <Predicate = true> <Delay = 0.00>
ST_31 : Operation 884 [1/1] (0.00ns)   --->   "%P_83_loc_load = load i32 %P_83_loc"   --->   Operation 884 'load' 'P_83_loc_load' <Predicate = true> <Delay = 0.00>
ST_31 : Operation 885 [1/1] (0.00ns)   --->   "%P_82_loc_load = load i32 %P_82_loc"   --->   Operation 885 'load' 'P_82_loc_load' <Predicate = true> <Delay = 0.00>
ST_31 : Operation 886 [1/1] (0.00ns)   --->   "%P_81_loc_load = load i32 %P_81_loc"   --->   Operation 886 'load' 'P_81_loc_load' <Predicate = true> <Delay = 0.00>
ST_31 : Operation 887 [1/1] (0.00ns)   --->   "%P_80_loc_load = load i32 %P_80_loc"   --->   Operation 887 'load' 'P_80_loc_load' <Predicate = true> <Delay = 0.00>
ST_31 : Operation 888 [1/1] (0.00ns)   --->   "%P_79_loc_load = load i32 %P_79_loc"   --->   Operation 888 'load' 'P_79_loc_load' <Predicate = true> <Delay = 0.00>
ST_31 : Operation 889 [1/1] (0.00ns)   --->   "%P_78_loc_load = load i32 %P_78_loc"   --->   Operation 889 'load' 'P_78_loc_load' <Predicate = true> <Delay = 0.00>
ST_31 : Operation 890 [1/1] (0.00ns)   --->   "%P_77_loc_load = load i32 %P_77_loc"   --->   Operation 890 'load' 'P_77_loc_load' <Predicate = true> <Delay = 0.00>
ST_31 : Operation 891 [1/1] (0.00ns)   --->   "%P_76_loc_load = load i32 %P_76_loc"   --->   Operation 891 'load' 'P_76_loc_load' <Predicate = true> <Delay = 0.00>
ST_31 : Operation 892 [1/1] (0.00ns)   --->   "%P_75_loc_load = load i32 %P_75_loc"   --->   Operation 892 'load' 'P_75_loc_load' <Predicate = true> <Delay = 0.00>
ST_31 : Operation 893 [1/1] (0.00ns)   --->   "%P_74_loc_load = load i32 %P_74_loc"   --->   Operation 893 'load' 'P_74_loc_load' <Predicate = true> <Delay = 0.00>
ST_31 : Operation 894 [1/1] (0.00ns)   --->   "%P_73_loc_load = load i32 %P_73_loc"   --->   Operation 894 'load' 'P_73_loc_load' <Predicate = true> <Delay = 0.00>
ST_31 : Operation 895 [1/1] (0.42ns)   --->   "%br_ln0 = br void %for.body72.i.lr.ph"   --->   Operation 895 'br' 'br_ln0' <Predicate = true> <Delay = 0.42>

State 32 <SV = 31> <Delay = 0.67>
ST_32 : Operation 896 [1/1] (0.00ns)   --->   "%P_106 = phi i32 %P_177, void %for.cond.cleanup71.i, i32 %P_108_loc_load, void %VITIS_LOOP_148_3.split"   --->   Operation 896 'phi' 'P_106' <Predicate = true> <Delay = 0.00>
ST_32 : Operation 897 [1/1] (0.00ns)   --->   "%P_105 = phi i32 %P_176, void %for.cond.cleanup71.i, i32 %P_107_loc_load, void %VITIS_LOOP_148_3.split"   --->   Operation 897 'phi' 'P_105' <Predicate = true> <Delay = 0.00>
ST_32 : Operation 898 [1/1] (0.00ns)   --->   "%P_104 = phi i32 %P_175, void %for.cond.cleanup71.i, i32 %P_106_loc_load, void %VITIS_LOOP_148_3.split"   --->   Operation 898 'phi' 'P_104' <Predicate = true> <Delay = 0.00>
ST_32 : Operation 899 [1/1] (0.00ns)   --->   "%P_103 = phi i32 %P_174, void %for.cond.cleanup71.i, i32 %P_105_loc_load, void %VITIS_LOOP_148_3.split"   --->   Operation 899 'phi' 'P_103' <Predicate = true> <Delay = 0.00>
ST_32 : Operation 900 [1/1] (0.00ns)   --->   "%P_102 = phi i32 %P_173, void %for.cond.cleanup71.i, i32 %P_104_loc_load, void %VITIS_LOOP_148_3.split"   --->   Operation 900 'phi' 'P_102' <Predicate = true> <Delay = 0.00>
ST_32 : Operation 901 [1/1] (0.00ns)   --->   "%P_101 = phi i32 %P_172, void %for.cond.cleanup71.i, i32 %P_103_loc_load, void %VITIS_LOOP_148_3.split"   --->   Operation 901 'phi' 'P_101' <Predicate = true> <Delay = 0.00>
ST_32 : Operation 902 [1/1] (0.00ns)   --->   "%P_100 = phi i32 %P_171, void %for.cond.cleanup71.i, i32 %P_102_loc_load, void %VITIS_LOOP_148_3.split"   --->   Operation 902 'phi' 'P_100' <Predicate = true> <Delay = 0.00>
ST_32 : Operation 903 [1/1] (0.00ns)   --->   "%P_99 = phi i32 %P_170, void %for.cond.cleanup71.i, i32 %P_101_loc_load, void %VITIS_LOOP_148_3.split"   --->   Operation 903 'phi' 'P_99' <Predicate = true> <Delay = 0.00>
ST_32 : Operation 904 [1/1] (0.00ns)   --->   "%P_98 = phi i32 %P_169, void %for.cond.cleanup71.i, i32 %P_100_loc_load, void %VITIS_LOOP_148_3.split"   --->   Operation 904 'phi' 'P_98' <Predicate = true> <Delay = 0.00>
ST_32 : Operation 905 [1/1] (0.00ns)   --->   "%P_97 = phi i32 %P_168, void %for.cond.cleanup71.i, i32 %P_99_loc_load, void %VITIS_LOOP_148_3.split"   --->   Operation 905 'phi' 'P_97' <Predicate = true> <Delay = 0.00>
ST_32 : Operation 906 [1/1] (0.00ns)   --->   "%P_96 = phi i32 %P_167, void %for.cond.cleanup71.i, i32 %P_98_loc_load, void %VITIS_LOOP_148_3.split"   --->   Operation 906 'phi' 'P_96' <Predicate = true> <Delay = 0.00>
ST_32 : Operation 907 [1/1] (0.00ns)   --->   "%P_95 = phi i32 %P_166, void %for.cond.cleanup71.i, i32 %P_97_loc_load, void %VITIS_LOOP_148_3.split"   --->   Operation 907 'phi' 'P_95' <Predicate = true> <Delay = 0.00>
ST_32 : Operation 908 [1/1] (0.00ns)   --->   "%P_94 = phi i32 %P_165, void %for.cond.cleanup71.i, i32 %P_96_loc_load, void %VITIS_LOOP_148_3.split"   --->   Operation 908 'phi' 'P_94' <Predicate = true> <Delay = 0.00>
ST_32 : Operation 909 [1/1] (0.00ns)   --->   "%P_93 = phi i32 %P_164, void %for.cond.cleanup71.i, i32 %P_95_loc_load, void %VITIS_LOOP_148_3.split"   --->   Operation 909 'phi' 'P_93' <Predicate = true> <Delay = 0.00>
ST_32 : Operation 910 [1/1] (0.00ns)   --->   "%P_92 = phi i32 %P_163, void %for.cond.cleanup71.i, i32 %P_94_loc_load, void %VITIS_LOOP_148_3.split"   --->   Operation 910 'phi' 'P_92' <Predicate = true> <Delay = 0.00>
ST_32 : Operation 911 [1/1] (0.00ns)   --->   "%P_91 = phi i32 %P_162, void %for.cond.cleanup71.i, i32 %P_93_loc_load, void %VITIS_LOOP_148_3.split"   --->   Operation 911 'phi' 'P_91' <Predicate = true> <Delay = 0.00>
ST_32 : Operation 912 [1/1] (0.00ns)   --->   "%P_90 = phi i32 %P_161, void %for.cond.cleanup71.i, i32 %P_92_loc_load, void %VITIS_LOOP_148_3.split"   --->   Operation 912 'phi' 'P_90' <Predicate = true> <Delay = 0.00>
ST_32 : Operation 913 [1/1] (0.00ns)   --->   "%P_89 = phi i32 %P_160, void %for.cond.cleanup71.i, i32 %P_91_loc_load, void %VITIS_LOOP_148_3.split"   --->   Operation 913 'phi' 'P_89' <Predicate = true> <Delay = 0.00>
ST_32 : Operation 914 [1/1] (0.00ns)   --->   "%P_88 = phi i32 %P_159, void %for.cond.cleanup71.i, i32 %P_90_loc_load, void %VITIS_LOOP_148_3.split"   --->   Operation 914 'phi' 'P_88' <Predicate = true> <Delay = 0.00>
ST_32 : Operation 915 [1/1] (0.00ns)   --->   "%P_87 = phi i32 %P_158, void %for.cond.cleanup71.i, i32 %P_89_loc_load, void %VITIS_LOOP_148_3.split"   --->   Operation 915 'phi' 'P_87' <Predicate = true> <Delay = 0.00>
ST_32 : Operation 916 [1/1] (0.00ns)   --->   "%P_86 = phi i32 %P_157, void %for.cond.cleanup71.i, i32 %P_88_loc_load, void %VITIS_LOOP_148_3.split"   --->   Operation 916 'phi' 'P_86' <Predicate = true> <Delay = 0.00>
ST_32 : Operation 917 [1/1] (0.00ns)   --->   "%P_85 = phi i32 %P_156, void %for.cond.cleanup71.i, i32 %P_87_loc_load, void %VITIS_LOOP_148_3.split"   --->   Operation 917 'phi' 'P_85' <Predicate = true> <Delay = 0.00>
ST_32 : Operation 918 [1/1] (0.00ns)   --->   "%P_84 = phi i32 %P_155, void %for.cond.cleanup71.i, i32 %P_86_loc_load, void %VITIS_LOOP_148_3.split"   --->   Operation 918 'phi' 'P_84' <Predicate = true> <Delay = 0.00>
ST_32 : Operation 919 [1/1] (0.00ns)   --->   "%P_83 = phi i32 %P_154, void %for.cond.cleanup71.i, i32 %P_85_loc_load, void %VITIS_LOOP_148_3.split"   --->   Operation 919 'phi' 'P_83' <Predicate = true> <Delay = 0.00>
ST_32 : Operation 920 [1/1] (0.00ns)   --->   "%P_82 = phi i32 %P_153, void %for.cond.cleanup71.i, i32 %P_84_loc_load, void %VITIS_LOOP_148_3.split"   --->   Operation 920 'phi' 'P_82' <Predicate = true> <Delay = 0.00>
ST_32 : Operation 921 [1/1] (0.00ns)   --->   "%P_81 = phi i32 %P_152, void %for.cond.cleanup71.i, i32 %P_83_loc_load, void %VITIS_LOOP_148_3.split"   --->   Operation 921 'phi' 'P_81' <Predicate = true> <Delay = 0.00>
ST_32 : Operation 922 [1/1] (0.00ns)   --->   "%P_80 = phi i32 %P_151, void %for.cond.cleanup71.i, i32 %P_82_loc_load, void %VITIS_LOOP_148_3.split"   --->   Operation 922 'phi' 'P_80' <Predicate = true> <Delay = 0.00>
ST_32 : Operation 923 [1/1] (0.00ns)   --->   "%P_79 = phi i32 %P_150, void %for.cond.cleanup71.i, i32 %P_81_loc_load, void %VITIS_LOOP_148_3.split"   --->   Operation 923 'phi' 'P_79' <Predicate = true> <Delay = 0.00>
ST_32 : Operation 924 [1/1] (0.00ns)   --->   "%P_78 = phi i32 %P_149, void %for.cond.cleanup71.i, i32 %P_80_loc_load, void %VITIS_LOOP_148_3.split"   --->   Operation 924 'phi' 'P_78' <Predicate = true> <Delay = 0.00>
ST_32 : Operation 925 [1/1] (0.00ns)   --->   "%P_77 = phi i32 %P_148, void %for.cond.cleanup71.i, i32 %P_79_loc_load, void %VITIS_LOOP_148_3.split"   --->   Operation 925 'phi' 'P_77' <Predicate = true> <Delay = 0.00>
ST_32 : Operation 926 [1/1] (0.00ns)   --->   "%P_76 = phi i32 %P_147, void %for.cond.cleanup71.i, i32 %P_78_loc_load, void %VITIS_LOOP_148_3.split"   --->   Operation 926 'phi' 'P_76' <Predicate = true> <Delay = 0.00>
ST_32 : Operation 927 [1/1] (0.00ns)   --->   "%P_75 = phi i32 %P_146, void %for.cond.cleanup71.i, i32 %P_77_loc_load, void %VITIS_LOOP_148_3.split"   --->   Operation 927 'phi' 'P_75' <Predicate = true> <Delay = 0.00>
ST_32 : Operation 928 [1/1] (0.00ns)   --->   "%P_74 = phi i32 %P_145, void %for.cond.cleanup71.i, i32 %P_76_loc_load, void %VITIS_LOOP_148_3.split"   --->   Operation 928 'phi' 'P_74' <Predicate = true> <Delay = 0.00>
ST_32 : Operation 929 [1/1] (0.00ns)   --->   "%P_73 = phi i32 %P_144, void %for.cond.cleanup71.i, i32 %P_75_loc_load, void %VITIS_LOOP_148_3.split"   --->   Operation 929 'phi' 'P_73' <Predicate = true> <Delay = 0.00>
ST_32 : Operation 930 [1/1] (0.00ns)   --->   "%P = phi i32 %P_143, void %for.cond.cleanup71.i, i32 %P_74_loc_load, void %VITIS_LOOP_148_3.split"   --->   Operation 930 'phi' 'P' <Predicate = true> <Delay = 0.00>
ST_32 : Operation 931 [1/1] (0.00ns)   --->   "%i_11 = phi i3 %add_ln76, void %for.cond.cleanup71.i, i3 1, void %VITIS_LOOP_148_3.split" [ekf_core.cpp:76->ekf_core.cpp:162]   --->   Operation 931 'phi' 'i_11' <Predicate = true> <Delay = 0.00>
ST_32 : Operation 932 [1/1] (0.00ns)   --->   "%phi_ln76 = phi i3 %i_11, void %for.cond.cleanup71.i, i3 0, void %VITIS_LOOP_148_3.split"   --->   Operation 932 'phi' 'phi_ln76' <Predicate = true> <Delay = 0.00>
ST_32 : Operation 933 [1/1] (0.00ns)   --->   "%specpipeline_ln0 = specpipeline void @_ssdm_op_SpecPipeline, i32 4294967295, i32 0, i32 1, i32 0, void @p_str"   --->   Operation 933 'specpipeline' 'specpipeline_ln0' <Predicate = true> <Delay = 0.00>
ST_32 : Operation 934 [1/1] (0.67ns)   --->   "%icmp_ln76 = icmp_eq  i3 %i_11, i3 6" [ekf_core.cpp:76->ekf_core.cpp:162]   --->   Operation 934 'icmp' 'icmp_ln76' <Predicate = true> <Delay = 0.67> <CoreInst = "Cmp">   --->   Core 9 'Cmp' <Latency = 0> <II = 1> <Delay = 0.67> <FuncUnit> <Opcode : 'icmp'> <InPorts = 2> <OutPorts = 1>
ST_32 : Operation 935 [1/1] (0.00ns)   --->   "%speclooptripcount_ln0 = speclooptripcount void @_ssdm_op_SpecLoopTripCount, i64 5, i64 5, i64 5"   --->   Operation 935 'speclooptripcount' 'speclooptripcount_ln0' <Predicate = true> <Delay = 0.00>
ST_32 : Operation 936 [1/1] (0.00ns)   --->   "%br_ln76 = br i1 %icmp_ln76, void %for.body72.i.lr.ph.split, void %_ZL7predictPfPA6_f.exit" [ekf_core.cpp:76->ekf_core.cpp:162]   --->   Operation 936 'br' 'br_ln76' <Predicate = true> <Delay = 0.00>
ST_32 : Operation 937 [1/1] (0.00ns)   --->   "%i_11_cast = zext i3 %i_11" [ekf_core.cpp:76->ekf_core.cpp:162]   --->   Operation 937 'zext' 'i_11_cast' <Predicate = (!icmp_ln76)> <Delay = 0.00>
ST_32 : Operation 938 [1/1] (0.00ns)   --->   "%specloopname_ln75 = specloopname void @_ssdm_op_SpecLoopName, void @empty_14" [ekf_core.cpp:75->ekf_core.cpp:162]   --->   Operation 938 'specloopname' 'specloopname_ln75' <Predicate = (!icmp_ln76)> <Delay = 0.00>
ST_32 : Operation 939 [1/1] (0.42ns)   --->   "%br_ln76 = br void %for.body72.i" [ekf_core.cpp:76->ekf_core.cpp:162]   --->   Operation 939 'br' 'br_ln76' <Predicate = (!icmp_ln76)> <Delay = 0.42>

State 33 <SV = 32> <Delay = 1.19>
ST_33 : Operation 940 [1/1] (0.00ns)   --->   "%P_177 = phi i32 %P_106, void %for.body72.i.lr.ph.split, i32 %P_2_5_114458, void %arrayidx802.i82.exit"   --->   Operation 940 'phi' 'P_177' <Predicate = true> <Delay = 0.00>
ST_33 : Operation 941 [1/1] (0.00ns)   --->   "%P_176 = phi i32 %P_105, void %for.body72.i.lr.ph.split, i32 %P_243, void %arrayidx802.i82.exit"   --->   Operation 941 'phi' 'P_176' <Predicate = true> <Delay = 0.00>
ST_33 : Operation 942 [1/1] (0.00ns)   --->   "%P_175 = phi i32 %P_104, void %for.body72.i.lr.ph.split, i32 %P_242, void %arrayidx802.i82.exit"   --->   Operation 942 'phi' 'P_175' <Predicate = true> <Delay = 0.00>
ST_33 : Operation 943 [1/1] (0.00ns)   --->   "%P_174 = phi i32 %P_103, void %for.body72.i.lr.ph.split, i32 %P_241, void %arrayidx802.i82.exit"   --->   Operation 943 'phi' 'P_174' <Predicate = true> <Delay = 0.00>
ST_33 : Operation 944 [1/1] (0.00ns)   --->   "%P_173 = phi i32 %P_102, void %for.body72.i.lr.ph.split, i32 %P_240, void %arrayidx802.i82.exit"   --->   Operation 944 'phi' 'P_173' <Predicate = true> <Delay = 0.00>
ST_33 : Operation 945 [1/1] (0.00ns)   --->   "%P_172 = phi i32 %P_101, void %for.body72.i.lr.ph.split, i32 %P_239, void %arrayidx802.i82.exit"   --->   Operation 945 'phi' 'P_172' <Predicate = true> <Delay = 0.00>
ST_33 : Operation 946 [1/1] (0.00ns)   --->   "%P_171 = phi i32 %P_100, void %for.body72.i.lr.ph.split, i32 %P_1_5_114465, void %arrayidx802.i82.exit"   --->   Operation 946 'phi' 'P_171' <Predicate = true> <Delay = 0.00>
ST_33 : Operation 947 [1/1] (0.00ns)   --->   "%P_170 = phi i32 %P_99, void %for.body72.i.lr.ph.split, i32 %P_238, void %arrayidx802.i82.exit"   --->   Operation 947 'phi' 'P_170' <Predicate = true> <Delay = 0.00>
ST_33 : Operation 948 [1/1] (0.00ns)   --->   "%P_169 = phi i32 %P_98, void %for.body72.i.lr.ph.split, i32 %P_237, void %arrayidx802.i82.exit"   --->   Operation 948 'phi' 'P_169' <Predicate = true> <Delay = 0.00>
ST_33 : Operation 949 [1/1] (0.00ns)   --->   "%P_168 = phi i32 %P_97, void %for.body72.i.lr.ph.split, i32 %P_236, void %arrayidx802.i82.exit"   --->   Operation 949 'phi' 'P_168' <Predicate = true> <Delay = 0.00>
ST_33 : Operation 950 [1/1] (0.00ns)   --->   "%P_167 = phi i32 %P_96, void %for.body72.i.lr.ph.split, i32 %P_235, void %arrayidx802.i82.exit"   --->   Operation 950 'phi' 'P_167' <Predicate = true> <Delay = 0.00>
ST_33 : Operation 951 [1/1] (0.00ns)   --->   "%P_166 = phi i32 %P_95, void %for.body72.i.lr.ph.split, i32 %P_234, void %arrayidx802.i82.exit"   --->   Operation 951 'phi' 'P_166' <Predicate = true> <Delay = 0.00>
ST_33 : Operation 952 [1/1] (0.00ns)   --->   "%P_165 = phi i32 %P_94, void %for.body72.i.lr.ph.split, i32 %P_0_5_114472, void %arrayidx802.i82.exit"   --->   Operation 952 'phi' 'P_165' <Predicate = true> <Delay = 0.00>
ST_33 : Operation 953 [1/1] (0.00ns)   --->   "%P_164 = phi i32 %P_93, void %for.body72.i.lr.ph.split, i32 %P_233, void %arrayidx802.i82.exit"   --->   Operation 953 'phi' 'P_164' <Predicate = true> <Delay = 0.00>
ST_33 : Operation 954 [1/1] (0.00ns)   --->   "%P_163 = phi i32 %P_92, void %for.body72.i.lr.ph.split, i32 %P_232, void %arrayidx802.i82.exit"   --->   Operation 954 'phi' 'P_163' <Predicate = true> <Delay = 0.00>
ST_33 : Operation 955 [1/1] (0.00ns)   --->   "%P_162 = phi i32 %P_91, void %for.body72.i.lr.ph.split, i32 %P_231, void %arrayidx802.i82.exit"   --->   Operation 955 'phi' 'P_162' <Predicate = true> <Delay = 0.00>
ST_33 : Operation 956 [1/1] (0.00ns)   --->   "%P_161 = phi i32 %P_90, void %for.body72.i.lr.ph.split, i32 %P_230, void %arrayidx802.i82.exit"   --->   Operation 956 'phi' 'P_161' <Predicate = true> <Delay = 0.00>
ST_33 : Operation 957 [1/1] (0.00ns)   --->   "%P_160 = phi i32 %P_89, void %for.body72.i.lr.ph.split, i32 %P_229, void %arrayidx802.i82.exit"   --->   Operation 957 'phi' 'P_160' <Predicate = true> <Delay = 0.00>
ST_33 : Operation 958 [1/1] (0.00ns)   --->   "%P_159 = phi i32 %P_88, void %for.body72.i.lr.ph.split, i32 %P_228, void %arrayidx802.i82.exit"   --->   Operation 958 'phi' 'P_159' <Predicate = true> <Delay = 0.00>
ST_33 : Operation 959 [1/1] (0.00ns)   --->   "%P_158 = phi i32 %P_87, void %for.body72.i.lr.ph.split, i32 %P_227, void %arrayidx802.i82.exit"   --->   Operation 959 'phi' 'P_158' <Predicate = true> <Delay = 0.00>
ST_33 : Operation 960 [1/1] (0.00ns)   --->   "%P_157 = phi i32 %P_86, void %for.body72.i.lr.ph.split, i32 %P_226, void %arrayidx802.i82.exit"   --->   Operation 960 'phi' 'P_157' <Predicate = true> <Delay = 0.00>
ST_33 : Operation 961 [1/1] (0.00ns)   --->   "%P_156 = phi i32 %P_85, void %for.body72.i.lr.ph.split, i32 %P_225, void %arrayidx802.i82.exit"   --->   Operation 961 'phi' 'P_156' <Predicate = true> <Delay = 0.00>
ST_33 : Operation 962 [1/1] (0.00ns)   --->   "%P_155 = phi i32 %P_84, void %for.body72.i.lr.ph.split, i32 %P_224, void %arrayidx802.i82.exit"   --->   Operation 962 'phi' 'P_155' <Predicate = true> <Delay = 0.00>
ST_33 : Operation 963 [1/1] (0.00ns)   --->   "%P_154 = phi i32 %P_83, void %for.body72.i.lr.ph.split, i32 %P_3_5_114484, void %arrayidx802.i82.exit"   --->   Operation 963 'phi' 'P_154' <Predicate = true> <Delay = 0.00>
ST_33 : Operation 964 [1/1] (0.00ns)   --->   "%P_153 = phi i32 %P_82, void %for.body72.i.lr.ph.split, i32 %P_223, void %arrayidx802.i82.exit"   --->   Operation 964 'phi' 'P_153' <Predicate = true> <Delay = 0.00>
ST_33 : Operation 965 [1/1] (0.00ns)   --->   "%P_152 = phi i32 %P_81, void %for.body72.i.lr.ph.split, i32 %P_222, void %arrayidx802.i82.exit"   --->   Operation 965 'phi' 'P_152' <Predicate = true> <Delay = 0.00>
ST_33 : Operation 966 [1/1] (0.00ns)   --->   "%P_151 = phi i32 %P_80, void %for.body72.i.lr.ph.split, i32 %P_221, void %arrayidx802.i82.exit"   --->   Operation 966 'phi' 'P_151' <Predicate = true> <Delay = 0.00>
ST_33 : Operation 967 [1/1] (0.00ns)   --->   "%P_150 = phi i32 %P_79, void %for.body72.i.lr.ph.split, i32 %P_220, void %arrayidx802.i82.exit"   --->   Operation 967 'phi' 'P_150' <Predicate = true> <Delay = 0.00>
ST_33 : Operation 968 [1/1] (0.00ns)   --->   "%P_149 = phi i32 %P_78, void %for.body72.i.lr.ph.split, i32 %P_219, void %arrayidx802.i82.exit"   --->   Operation 968 'phi' 'P_149' <Predicate = true> <Delay = 0.00>
ST_33 : Operation 969 [1/1] (0.00ns)   --->   "%P_148 = phi i32 %P_77, void %for.body72.i.lr.ph.split, i32 %P_4_5_114491, void %arrayidx802.i82.exit"   --->   Operation 969 'phi' 'P_148' <Predicate = true> <Delay = 0.00>
ST_33 : Operation 970 [1/1] (0.00ns)   --->   "%P_147 = phi i32 %P_76, void %for.body72.i.lr.ph.split, i32 %P_218, void %arrayidx802.i82.exit"   --->   Operation 970 'phi' 'P_147' <Predicate = true> <Delay = 0.00>
ST_33 : Operation 971 [1/1] (0.00ns)   --->   "%P_146 = phi i32 %P_75, void %for.body72.i.lr.ph.split, i32 %P_217, void %arrayidx802.i82.exit"   --->   Operation 971 'phi' 'P_146' <Predicate = true> <Delay = 0.00>
ST_33 : Operation 972 [1/1] (0.00ns)   --->   "%P_145 = phi i32 %P_74, void %for.body72.i.lr.ph.split, i32 %P_216, void %arrayidx802.i82.exit"   --->   Operation 972 'phi' 'P_145' <Predicate = true> <Delay = 0.00>
ST_33 : Operation 973 [1/1] (0.00ns)   --->   "%P_144 = phi i32 %P_73, void %for.body72.i.lr.ph.split, i32 %P_215, void %arrayidx802.i82.exit"   --->   Operation 973 'phi' 'P_144' <Predicate = true> <Delay = 0.00>
ST_33 : Operation 974 [1/1] (0.00ns)   --->   "%P_143 = phi i32 %P, void %for.body72.i.lr.ph.split, i32 %P_214, void %arrayidx802.i82.exit"   --->   Operation 974 'phi' 'P_143' <Predicate = true> <Delay = 0.00>
ST_33 : Operation 975 [1/1] (0.00ns)   --->   "%j = phi i4 %i_11_cast, void %for.body72.i.lr.ph.split, i4 %add_ln76_1, void %arrayidx802.i82.exit" [ekf_core.cpp:76->ekf_core.cpp:162]   --->   Operation 975 'phi' 'j' <Predicate = true> <Delay = 0.00>
ST_33 : Operation 976 [1/1] (0.79ns)   --->   "%icmp_ln76_1 = icmp_eq  i4 %j, i4 6" [ekf_core.cpp:76->ekf_core.cpp:162]   --->   Operation 976 'icmp' 'icmp_ln76_1' <Predicate = true> <Delay = 0.79> <CoreInst = "Cmp">   --->   Core 9 'Cmp' <Latency = 0> <II = 1> <Delay = 0.79> <FuncUnit> <Opcode : 'icmp'> <InPorts = 2> <OutPorts = 1>
ST_33 : Operation 977 [1/1] (0.00ns)   --->   "%br_ln76 = br i1 %icmp_ln76_1, void %for.body72.i.split, void %for.cond.cleanup71.i" [ekf_core.cpp:76->ekf_core.cpp:162]   --->   Operation 977 'br' 'br_ln76' <Predicate = true> <Delay = 0.00>
ST_33 : Operation 978 [1/1] (0.00ns)   --->   "%trunc_ln76 = trunc i4 %j" [ekf_core.cpp:76->ekf_core.cpp:162]   --->   Operation 978 'trunc' 'trunc_ln76' <Predicate = (!icmp_ln76_1)> <Delay = 0.00>
ST_33 : Operation 979 [1/1] (0.62ns)   --->   "%tmp_43 = mux i32 @_ssdm_op_Mux.ap_auto.6f32.i3, i32 %P_160, i32 %P_161, i32 %P_162, i32 %P_163, i32 %P_164, i32 %P_165, i3 %trunc_ln76" [ekf_core.cpp:78->ekf_core.cpp:162]   --->   Operation 979 'mux' 'tmp_43' <Predicate = (!icmp_ln76_1)> <Delay = 0.62> <CoreInst = "Multiplexer">   --->   Core 76 'Multiplexer' <Latency = 0> <II = 1> <Delay = 0.62> <FuncUnit> <Opcode : 'mux'> <InPorts = 2> <OutPorts = 1>
ST_33 : Operation 980 [1/1] (0.62ns)   --->   "%tmp_44 = mux i32 @_ssdm_op_Mux.ap_auto.6f32.i3, i32 %P_166, i32 %P_167, i32 %P_168, i32 %P_169, i32 %P_170, i32 %P_171, i3 %trunc_ln76" [ekf_core.cpp:78->ekf_core.cpp:162]   --->   Operation 980 'mux' 'tmp_44' <Predicate = (!icmp_ln76_1)> <Delay = 0.62> <CoreInst = "Multiplexer">   --->   Core 76 'Multiplexer' <Latency = 0> <II = 1> <Delay = 0.62> <FuncUnit> <Opcode : 'mux'> <InPorts = 2> <OutPorts = 1>
ST_33 : Operation 981 [1/1] (0.62ns)   --->   "%tmp_45 = mux i32 @_ssdm_op_Mux.ap_auto.6f32.i3, i32 %P_172, i32 %P_173, i32 %P_174, i32 %P_175, i32 %P_176, i32 %P_177, i3 %trunc_ln76" [ekf_core.cpp:78->ekf_core.cpp:162]   --->   Operation 981 'mux' 'tmp_45' <Predicate = (!icmp_ln76_1)> <Delay = 0.62> <CoreInst = "Multiplexer">   --->   Core 76 'Multiplexer' <Latency = 0> <II = 1> <Delay = 0.62> <FuncUnit> <Opcode : 'mux'> <InPorts = 2> <OutPorts = 1>
ST_33 : Operation 982 [1/1] (0.62ns)   --->   "%tmp_46 = mux i32 @_ssdm_op_Mux.ap_auto.6f32.i3, i32 %P_159, i32 %P_158, i32 %P_157, i32 %P_156, i32 %P_155, i32 %P_154, i3 %trunc_ln76" [ekf_core.cpp:78->ekf_core.cpp:162]   --->   Operation 982 'mux' 'tmp_46' <Predicate = (!icmp_ln76_1)> <Delay = 0.62> <CoreInst = "Multiplexer">   --->   Core 76 'Multiplexer' <Latency = 0> <II = 1> <Delay = 0.62> <FuncUnit> <Opcode : 'mux'> <InPorts = 2> <OutPorts = 1>
ST_33 : Operation 983 [1/1] (0.62ns)   --->   "%tmp_47 = mux i32 @_ssdm_op_Mux.ap_auto.6f32.i3, i32 %P_153, i32 %P_152, i32 %P_151, i32 %P_150, i32 %P_149, i32 %P_148, i3 %trunc_ln76" [ekf_core.cpp:78->ekf_core.cpp:162]   --->   Operation 983 'mux' 'tmp_47' <Predicate = (!icmp_ln76_1)> <Delay = 0.62> <CoreInst = "Multiplexer">   --->   Core 76 'Multiplexer' <Latency = 0> <II = 1> <Delay = 0.62> <FuncUnit> <Opcode : 'mux'> <InPorts = 2> <OutPorts = 1>
ST_33 : Operation 984 [1/1] (0.57ns)   --->   "%tmp_48 = mux i32 @_ssdm_op_Mux.ap_auto.5f32.i3, i32 %tmp_43, i32 %tmp_44, i32 %tmp_45, i32 %tmp_46, i32 %tmp_47, i3 %phi_ln76" [ekf_core.cpp:78->ekf_core.cpp:162]   --->   Operation 984 'mux' 'tmp_48' <Predicate = (!icmp_ln76_1)> <Delay = 0.57> <CoreInst = "Multiplexer">   --->   Core 76 'Multiplexer' <Latency = 0> <II = 1> <Delay = 0.57> <FuncUnit> <Opcode : 'mux'> <InPorts = 2> <OutPorts = 1>
ST_33 : Operation 985 [1/1] (0.57ns)   --->   "%tmp_49 = mux i32 @_ssdm_op_Mux.ap_auto.5f32.i3, i32 %P_160, i32 %P_161, i32 %P_162, i32 %P_163, i32 %P_164, i3 %phi_ln76" [ekf_core.cpp:78->ekf_core.cpp:162]   --->   Operation 985 'mux' 'tmp_49' <Predicate = (!icmp_ln76_1)> <Delay = 0.57> <CoreInst = "Multiplexer">   --->   Core 76 'Multiplexer' <Latency = 0> <II = 1> <Delay = 0.57> <FuncUnit> <Opcode : 'mux'> <InPorts = 2> <OutPorts = 1>
ST_33 : Operation 986 [1/1] (0.57ns)   --->   "%tmp_50 = mux i32 @_ssdm_op_Mux.ap_auto.5f32.i3, i32 %P_166, i32 %P_167, i32 %P_168, i32 %P_169, i32 %P_170, i3 %phi_ln76" [ekf_core.cpp:78->ekf_core.cpp:162]   --->   Operation 986 'mux' 'tmp_50' <Predicate = (!icmp_ln76_1)> <Delay = 0.57> <CoreInst = "Multiplexer">   --->   Core 76 'Multiplexer' <Latency = 0> <II = 1> <Delay = 0.57> <FuncUnit> <Opcode : 'mux'> <InPorts = 2> <OutPorts = 1>
ST_33 : Operation 987 [1/1] (0.57ns)   --->   "%tmp_51 = mux i32 @_ssdm_op_Mux.ap_auto.5f32.i3, i32 %P_172, i32 %P_173, i32 %P_174, i32 %P_175, i32 %P_176, i3 %phi_ln76" [ekf_core.cpp:78->ekf_core.cpp:162]   --->   Operation 987 'mux' 'tmp_51' <Predicate = (!icmp_ln76_1)> <Delay = 0.57> <CoreInst = "Multiplexer">   --->   Core 76 'Multiplexer' <Latency = 0> <II = 1> <Delay = 0.57> <FuncUnit> <Opcode : 'mux'> <InPorts = 2> <OutPorts = 1>
ST_33 : Operation 988 [1/1] (0.57ns)   --->   "%tmp_52 = mux i32 @_ssdm_op_Mux.ap_auto.5f32.i3, i32 %P_159, i32 %P_158, i32 %P_157, i32 %P_156, i32 %P_155, i3 %phi_ln76" [ekf_core.cpp:78->ekf_core.cpp:162]   --->   Operation 988 'mux' 'tmp_52' <Predicate = (!icmp_ln76_1)> <Delay = 0.57> <CoreInst = "Multiplexer">   --->   Core 76 'Multiplexer' <Latency = 0> <II = 1> <Delay = 0.57> <FuncUnit> <Opcode : 'mux'> <InPorts = 2> <OutPorts = 1>
ST_33 : Operation 989 [1/1] (0.57ns)   --->   "%tmp_53 = mux i32 @_ssdm_op_Mux.ap_auto.5f32.i3, i32 %P_153, i32 %P_152, i32 %P_151, i32 %P_150, i32 %P_149, i3 %phi_ln76" [ekf_core.cpp:78->ekf_core.cpp:162]   --->   Operation 989 'mux' 'tmp_53' <Predicate = (!icmp_ln76_1)> <Delay = 0.57> <CoreInst = "Multiplexer">   --->   Core 76 'Multiplexer' <Latency = 0> <II = 1> <Delay = 0.57> <FuncUnit> <Opcode : 'mux'> <InPorts = 2> <OutPorts = 1>
ST_33 : Operation 990 [1/1] (0.57ns)   --->   "%tmp_54 = mux i32 @_ssdm_op_Mux.ap_auto.5f32.i3, i32 %P_147, i32 %P_146, i32 %P_145, i32 %P_144, i32 %P_143, i3 %phi_ln76" [ekf_core.cpp:78->ekf_core.cpp:162]   --->   Operation 990 'mux' 'tmp_54' <Predicate = (!icmp_ln76_1)> <Delay = 0.57> <CoreInst = "Multiplexer">   --->   Core 76 'Multiplexer' <Latency = 0> <II = 1> <Delay = 0.57> <FuncUnit> <Opcode : 'mux'> <InPorts = 2> <OutPorts = 1>
ST_33 : Operation 991 [1/1] (0.62ns)   --->   "%tmp_55 = mux i32 @_ssdm_op_Mux.ap_auto.6f32.i3, i32 %tmp_49, i32 %tmp_50, i32 %tmp_51, i32 %tmp_52, i32 %tmp_53, i32 %tmp_54, i3 %trunc_ln76" [ekf_core.cpp:78->ekf_core.cpp:162]   --->   Operation 991 'mux' 'tmp_55' <Predicate = (!icmp_ln76_1)> <Delay = 0.62> <CoreInst = "Multiplexer">   --->   Core 76 'Multiplexer' <Latency = 0> <II = 1> <Delay = 0.62> <FuncUnit> <Opcode : 'mux'> <InPorts = 2> <OutPorts = 1>
ST_33 : Operation 992 [1/1] (0.67ns)   --->   "%add_ln76 = add i3 %i_11, i3 1" [ekf_core.cpp:76->ekf_core.cpp:162]   --->   Operation 992 'add' 'add_ln76' <Predicate = (icmp_ln76_1)> <Delay = 0.67> <CoreInst = "Adder">   --->   Core 1 'Adder' <Latency = 0> <II = 1> <Delay = 0.67> <FuncUnit> <Opcode : 'add' 'sub'> <InPorts = 2> <OutPorts = 1>
ST_33 : Operation 993 [1/1] (0.00ns)   --->   "%br_ln76 = br void %for.body72.i.lr.ph" [ekf_core.cpp:76->ekf_core.cpp:162]   --->   Operation 993 'br' 'br_ln76' <Predicate = (icmp_ln76_1)> <Delay = 0.00>

State 34 <SV = 33> <Delay = 6.43>
ST_34 : [1/1] (1.04ns)   --->   Input mux for Operation 994 '%add81_i = fadd i32 %tmp_48, i32 %tmp_55'
ST_34 : Operation 994 [4/4] (5.38ns)   --->   "%add81_i = fadd i32 %tmp_48, i32 %tmp_55" [ekf_core.cpp:78->ekf_core.cpp:162]   --->   Operation 994 'fadd' 'add81_i' <Predicate = true> <Delay = 5.38> <CoreInst = "FAddSub_fulldsp">   --->   Core 18 'FAddSub_fulldsp' <Latency = 3> <II = 1> <Delay = 6.43> <FuncUnit> <Opcode : 'fadd' 'fsub'> <InPorts = 2> <OutPorts = 1>

State 35 <SV = 34> <Delay = 6.43>
ST_35 : Operation 995 [3/4] (6.43ns)   --->   "%add81_i = fadd i32 %tmp_48, i32 %tmp_55" [ekf_core.cpp:78->ekf_core.cpp:162]   --->   Operation 995 'fadd' 'add81_i' <Predicate = true> <Delay = 6.43> <CoreInst = "FAddSub_fulldsp">   --->   Core 18 'FAddSub_fulldsp' <Latency = 3> <II = 1> <Delay = 6.43> <FuncUnit> <Opcode : 'fadd' 'fsub'> <InPorts = 2> <OutPorts = 1>

State 36 <SV = 35> <Delay = 6.43>
ST_36 : Operation 996 [2/4] (6.43ns)   --->   "%add81_i = fadd i32 %tmp_48, i32 %tmp_55" [ekf_core.cpp:78->ekf_core.cpp:162]   --->   Operation 996 'fadd' 'add81_i' <Predicate = true> <Delay = 6.43> <CoreInst = "FAddSub_fulldsp">   --->   Core 18 'FAddSub_fulldsp' <Latency = 3> <II = 1> <Delay = 6.43> <FuncUnit> <Opcode : 'fadd' 'fsub'> <InPorts = 2> <OutPorts = 1>

State 37 <SV = 36> <Delay = 6.43>
ST_37 : Operation 997 [1/4] (6.43ns)   --->   "%add81_i = fadd i32 %tmp_48, i32 %tmp_55" [ekf_core.cpp:78->ekf_core.cpp:162]   --->   Operation 997 'fadd' 'add81_i' <Predicate = true> <Delay = 6.43> <CoreInst = "FAddSub_fulldsp">   --->   Core 18 'FAddSub_fulldsp' <Latency = 3> <II = 1> <Delay = 6.43> <FuncUnit> <Opcode : 'fadd' 'fsub'> <InPorts = 2> <OutPorts = 1>

State 38 <SV = 37> <Delay = 7.01>
ST_38 : [1/1] (0.96ns)   --->   Input mux for Operation 998 '%m_4 = fmul i32 %add81_i, i32 0.5'
ST_38 : Operation 998 [3/3] (6.04ns)   --->   "%m_4 = fmul i32 %add81_i, i32 0.5" [ekf_core.cpp:78->ekf_core.cpp:162]   --->   Operation 998 'fmul' 'm_4' <Predicate = true> <Delay = 6.04> <CoreInst = "FMul_maxdsp">   --->   Core 30 'FMul_maxdsp' <Latency = 2> <II = 1> <Delay = 7.01> <FuncUnit> <Opcode : 'fmul'> <InPorts = 2> <OutPorts = 1>

State 39 <SV = 38> <Delay = 7.01>
ST_39 : Operation 999 [2/3] (7.01ns)   --->   "%m_4 = fmul i32 %add81_i, i32 0.5" [ekf_core.cpp:78->ekf_core.cpp:162]   --->   Operation 999 'fmul' 'm_4' <Predicate = true> <Delay = 7.01> <CoreInst = "FMul_maxdsp">   --->   Core 30 'FMul_maxdsp' <Latency = 2> <II = 1> <Delay = 7.01> <FuncUnit> <Opcode : 'fmul'> <InPorts = 2> <OutPorts = 1>

State 40 <SV = 39> <Delay = 7.01>
ST_40 : Operation 1000 [1/1] (0.00ns)   --->   "%speclooptripcount_ln154 = speclooptripcount void @_ssdm_op_SpecLoopTripCount, i64 0, i64 5, i64 2" [ekf_core.cpp:154]   --->   Operation 1000 'speclooptripcount' 'speclooptripcount_ln154' <Predicate = true> <Delay = 0.00>
ST_40 : Operation 1001 [1/1] (0.00ns)   --->   "%specloopname_ln76 = specloopname void @_ssdm_op_SpecLoopName, void @empty_13" [ekf_core.cpp:76->ekf_core.cpp:162]   --->   Operation 1001 'specloopname' 'specloopname_ln76' <Predicate = true> <Delay = 0.00>
ST_40 : Operation 1002 [1/3] (7.01ns)   --->   "%m_4 = fmul i32 %add81_i, i32 0.5" [ekf_core.cpp:78->ekf_core.cpp:162]   --->   Operation 1002 'fmul' 'm_4' <Predicate = true> <Delay = 7.01> <CoreInst = "FMul_maxdsp">   --->   Core 30 'FMul_maxdsp' <Latency = 2> <II = 1> <Delay = 7.01> <FuncUnit> <Opcode : 'fmul'> <InPorts = 2> <OutPorts = 1>
ST_40 : Operation 1003 [1/1] (0.73ns)   --->   "%switch_ln79 = switch i3 %phi_ln76, void %arrayidx761.i81.case.4, i3 0, void %arrayidx761.i81.case.0, i3 1, void %arrayidx761.i81.case.1, i3 2, void %arrayidx761.i81.case.2, i3 3, void %arrayidx761.i81.case.3" [ekf_core.cpp:79->ekf_core.cpp:162]   --->   Operation 1003 'switch' 'switch_ln79' <Predicate = true> <Delay = 0.73>

State 41 <SV = 40> <Delay = 0.73>
ST_41 : Operation 1004 [1/1] (0.73ns)   --->   "%switch_ln79 = switch i3 %trunc_ln76, void %arrayidx802.i82.case.5, i3 0, void %arrayidx802.i82.exit, i3 1, void %arrayidx802.i82.case.1, i3 2, void %arrayidx802.i82.case.2, i3 3, void %arrayidx802.i82.case.3, i3 4, void %arrayidx802.i82.case.4" [ekf_core.cpp:79->ekf_core.cpp:162]   --->   Operation 1004 'switch' 'switch_ln79' <Predicate = (phi_ln76 == 3)> <Delay = 0.73>
ST_41 : Operation 1005 [1/1] (0.42ns)   --->   "%br_ln0 = br void %arrayidx802.i82.exit"   --->   Operation 1005 'br' 'br_ln0' <Predicate = (phi_ln76 == 3 & trunc_ln76 == 4)> <Delay = 0.42>
ST_41 : Operation 1006 [1/1] (0.42ns)   --->   "%br_ln0 = br void %arrayidx802.i82.exit"   --->   Operation 1006 'br' 'br_ln0' <Predicate = (phi_ln76 == 3 & trunc_ln76 == 3)> <Delay = 0.42>
ST_41 : Operation 1007 [1/1] (0.42ns)   --->   "%br_ln0 = br void %arrayidx802.i82.exit"   --->   Operation 1007 'br' 'br_ln0' <Predicate = (phi_ln76 == 3 & trunc_ln76 == 2)> <Delay = 0.42>
ST_41 : Operation 1008 [1/1] (0.42ns)   --->   "%br_ln0 = br void %arrayidx802.i82.exit"   --->   Operation 1008 'br' 'br_ln0' <Predicate = (phi_ln76 == 3 & trunc_ln76 == 1)> <Delay = 0.42>
ST_41 : Operation 1009 [1/1] (0.42ns)   --->   "%br_ln0 = br void %arrayidx802.i82.exit"   --->   Operation 1009 'br' 'br_ln0' <Predicate = (phi_ln76 == 3 & trunc_ln76 != 0 & trunc_ln76 != 1 & trunc_ln76 != 2 & trunc_ln76 != 3 & trunc_ln76 != 4)> <Delay = 0.42>
ST_41 : Operation 1010 [1/1] (0.73ns)   --->   "%switch_ln79 = switch i3 %trunc_ln76, void %arrayidx802.i82.case.21511, i3 0, void %arrayidx802.i82.exit, i3 1, void %arrayidx802.i82.case.21483, i3 2, void %arrayidx802.i82.case.21490, i3 3, void %arrayidx802.i82.case.21497, i3 4, void %arrayidx802.i82.case.21504" [ekf_core.cpp:79->ekf_core.cpp:162]   --->   Operation 1010 'switch' 'switch_ln79' <Predicate = (phi_ln76 == 2)> <Delay = 0.73>
ST_41 : Operation 1011 [1/1] (0.42ns)   --->   "%br_ln79 = br void %arrayidx802.i82.exit" [ekf_core.cpp:79->ekf_core.cpp:162]   --->   Operation 1011 'br' 'br_ln79' <Predicate = (phi_ln76 == 2 & trunc_ln76 == 4)> <Delay = 0.42>
ST_41 : Operation 1012 [1/1] (0.42ns)   --->   "%br_ln79 = br void %arrayidx802.i82.exit" [ekf_core.cpp:79->ekf_core.cpp:162]   --->   Operation 1012 'br' 'br_ln79' <Predicate = (phi_ln76 == 2 & trunc_ln76 == 3)> <Delay = 0.42>
ST_41 : Operation 1013 [1/1] (0.42ns)   --->   "%br_ln79 = br void %arrayidx802.i82.exit" [ekf_core.cpp:79->ekf_core.cpp:162]   --->   Operation 1013 'br' 'br_ln79' <Predicate = (phi_ln76 == 2 & trunc_ln76 == 2)> <Delay = 0.42>
ST_41 : Operation 1014 [1/1] (0.42ns)   --->   "%br_ln79 = br void %arrayidx802.i82.exit" [ekf_core.cpp:79->ekf_core.cpp:162]   --->   Operation 1014 'br' 'br_ln79' <Predicate = (phi_ln76 == 2 & trunc_ln76 == 1)> <Delay = 0.42>
ST_41 : Operation 1015 [1/1] (0.42ns)   --->   "%br_ln79 = br void %arrayidx802.i82.exit" [ekf_core.cpp:79->ekf_core.cpp:162]   --->   Operation 1015 'br' 'br_ln79' <Predicate = (phi_ln76 == 2 & trunc_ln76 != 0 & trunc_ln76 != 1 & trunc_ln76 != 2 & trunc_ln76 != 3 & trunc_ln76 != 4)> <Delay = 0.42>
ST_41 : Operation 1016 [1/1] (0.73ns)   --->   "%switch_ln79 = switch i3 %trunc_ln76, void %arrayidx802.i82.case.11510, i3 0, void %arrayidx802.i82.exit, i3 1, void %arrayidx802.i82.case.11482, i3 2, void %arrayidx802.i82.case.11489, i3 3, void %arrayidx802.i82.case.11496, i3 4, void %arrayidx802.i82.case.11503" [ekf_core.cpp:79->ekf_core.cpp:162]   --->   Operation 1016 'switch' 'switch_ln79' <Predicate = (phi_ln76 == 1)> <Delay = 0.73>
ST_41 : Operation 1017 [1/1] (0.42ns)   --->   "%br_ln79 = br void %arrayidx802.i82.exit" [ekf_core.cpp:79->ekf_core.cpp:162]   --->   Operation 1017 'br' 'br_ln79' <Predicate = (phi_ln76 == 1 & trunc_ln76 == 4)> <Delay = 0.42>
ST_41 : Operation 1018 [1/1] (0.42ns)   --->   "%br_ln79 = br void %arrayidx802.i82.exit" [ekf_core.cpp:79->ekf_core.cpp:162]   --->   Operation 1018 'br' 'br_ln79' <Predicate = (phi_ln76 == 1 & trunc_ln76 == 3)> <Delay = 0.42>
ST_41 : Operation 1019 [1/1] (0.42ns)   --->   "%br_ln79 = br void %arrayidx802.i82.exit" [ekf_core.cpp:79->ekf_core.cpp:162]   --->   Operation 1019 'br' 'br_ln79' <Predicate = (phi_ln76 == 1 & trunc_ln76 == 2)> <Delay = 0.42>
ST_41 : Operation 1020 [1/1] (0.42ns)   --->   "%br_ln79 = br void %arrayidx802.i82.exit" [ekf_core.cpp:79->ekf_core.cpp:162]   --->   Operation 1020 'br' 'br_ln79' <Predicate = (phi_ln76 == 1 & trunc_ln76 == 1)> <Delay = 0.42>
ST_41 : Operation 1021 [1/1] (0.42ns)   --->   "%br_ln79 = br void %arrayidx802.i82.exit" [ekf_core.cpp:79->ekf_core.cpp:162]   --->   Operation 1021 'br' 'br_ln79' <Predicate = (phi_ln76 == 1 & trunc_ln76 != 0 & trunc_ln76 != 1 & trunc_ln76 != 2 & trunc_ln76 != 3 & trunc_ln76 != 4)> <Delay = 0.42>
ST_41 : Operation 1022 [1/1] (0.73ns)   --->   "%switch_ln79 = switch i3 %trunc_ln76, void %arrayidx802.i82.case.01509, i3 0, void %arrayidx802.i82.exit, i3 1, void %arrayidx802.i82.case.01481, i3 2, void %arrayidx802.i82.case.01488, i3 3, void %arrayidx802.i82.case.01495, i3 4, void %arrayidx802.i82.case.01502" [ekf_core.cpp:79->ekf_core.cpp:162]   --->   Operation 1022 'switch' 'switch_ln79' <Predicate = (phi_ln76 == 0)> <Delay = 0.73>
ST_41 : Operation 1023 [1/1] (0.42ns)   --->   "%br_ln79 = br void %arrayidx802.i82.exit" [ekf_core.cpp:79->ekf_core.cpp:162]   --->   Operation 1023 'br' 'br_ln79' <Predicate = (phi_ln76 == 0 & trunc_ln76 == 4)> <Delay = 0.42>
ST_41 : Operation 1024 [1/1] (0.42ns)   --->   "%br_ln79 = br void %arrayidx802.i82.exit" [ekf_core.cpp:79->ekf_core.cpp:162]   --->   Operation 1024 'br' 'br_ln79' <Predicate = (phi_ln76 == 0 & trunc_ln76 == 3)> <Delay = 0.42>
ST_41 : Operation 1025 [1/1] (0.42ns)   --->   "%br_ln79 = br void %arrayidx802.i82.exit" [ekf_core.cpp:79->ekf_core.cpp:162]   --->   Operation 1025 'br' 'br_ln79' <Predicate = (phi_ln76 == 0 & trunc_ln76 == 2)> <Delay = 0.42>
ST_41 : Operation 1026 [1/1] (0.42ns)   --->   "%br_ln79 = br void %arrayidx802.i82.exit" [ekf_core.cpp:79->ekf_core.cpp:162]   --->   Operation 1026 'br' 'br_ln79' <Predicate = (phi_ln76 == 0 & trunc_ln76 == 1)> <Delay = 0.42>
ST_41 : Operation 1027 [1/1] (0.42ns)   --->   "%br_ln79 = br void %arrayidx802.i82.exit" [ekf_core.cpp:79->ekf_core.cpp:162]   --->   Operation 1027 'br' 'br_ln79' <Predicate = (phi_ln76 == 0 & trunc_ln76 != 0 & trunc_ln76 != 1 & trunc_ln76 != 2 & trunc_ln76 != 3 & trunc_ln76 != 4)> <Delay = 0.42>
ST_41 : Operation 1028 [1/1] (0.73ns)   --->   "%switch_ln79 = switch i3 %trunc_ln76, void %arrayidx802.i82.case.41513, i3 0, void %arrayidx802.i82.case.41478, i3 1, void %arrayidx802.i82.case.41485, i3 2, void %arrayidx802.i82.case.41492, i3 3, void %arrayidx802.i82.case.41499, i3 4, void %arrayidx802.i82.exit" [ekf_core.cpp:79->ekf_core.cpp:162]   --->   Operation 1028 'switch' 'switch_ln79' <Predicate = (phi_ln76 != 0 & phi_ln76 != 1 & phi_ln76 != 2 & phi_ln76 != 3)> <Delay = 0.73>
ST_41 : Operation 1029 [1/1] (0.42ns)   --->   "%br_ln79 = br void %arrayidx802.i82.exit" [ekf_core.cpp:79->ekf_core.cpp:162]   --->   Operation 1029 'br' 'br_ln79' <Predicate = (phi_ln76 != 0 & phi_ln76 != 1 & phi_ln76 != 2 & phi_ln76 != 3 & trunc_ln76 == 3)> <Delay = 0.42>
ST_41 : Operation 1030 [1/1] (0.42ns)   --->   "%br_ln79 = br void %arrayidx802.i82.exit" [ekf_core.cpp:79->ekf_core.cpp:162]   --->   Operation 1030 'br' 'br_ln79' <Predicate = (phi_ln76 != 0 & phi_ln76 != 1 & phi_ln76 != 2 & phi_ln76 != 3 & trunc_ln76 == 2)> <Delay = 0.42>
ST_41 : Operation 1031 [1/1] (0.42ns)   --->   "%br_ln79 = br void %arrayidx802.i82.exit" [ekf_core.cpp:79->ekf_core.cpp:162]   --->   Operation 1031 'br' 'br_ln79' <Predicate = (phi_ln76 != 0 & phi_ln76 != 1 & phi_ln76 != 2 & phi_ln76 != 3 & trunc_ln76 == 1)> <Delay = 0.42>
ST_41 : Operation 1032 [1/1] (0.42ns)   --->   "%br_ln79 = br void %arrayidx802.i82.exit" [ekf_core.cpp:79->ekf_core.cpp:162]   --->   Operation 1032 'br' 'br_ln79' <Predicate = (phi_ln76 != 0 & phi_ln76 != 1 & phi_ln76 != 2 & phi_ln76 != 3 & trunc_ln76 == 0)> <Delay = 0.42>
ST_41 : Operation 1033 [1/1] (0.42ns)   --->   "%br_ln79 = br void %arrayidx802.i82.exit" [ekf_core.cpp:79->ekf_core.cpp:162]   --->   Operation 1033 'br' 'br_ln79' <Predicate = (phi_ln76 != 0 & phi_ln76 != 1 & phi_ln76 != 2 & phi_ln76 != 3 & trunc_ln76 != 0 & trunc_ln76 != 1 & trunc_ln76 != 2 & trunc_ln76 != 3 & trunc_ln76 != 4)> <Delay = 0.42>

State 42 <SV = 41> <Delay = 0.79>
ST_42 : Operation 1034 [1/1] (0.00ns)   --->   "%P_4_5_114491 = phi i32 %P_148, void %arrayidx802.i82.case.4, i32 %P_148, void %arrayidx802.i82.case.21504, i32 %P_148, void %arrayidx802.i82.case.11503, i32 %P_148, void %arrayidx802.i82.case.01502, i32 %P_148, void %arrayidx802.i82.case.3, i32 %P_148, void %arrayidx802.i82.case.41499, i32 %P_148, void %arrayidx802.i82.case.21497, i32 %P_148, void %arrayidx802.i82.case.11496, i32 %P_148, void %arrayidx802.i82.case.01495, i32 %P_148, void %arrayidx802.i82.case.41492, i32 %P_148, void %arrayidx802.i82.case.21490, i32 %P_148, void %arrayidx802.i82.case.11489, i32 %P_148, void %arrayidx802.i82.case.01488, i32 %P_148, void %arrayidx802.i82.case.2, i32 %P_148, void %arrayidx802.i82.case.1, i32 %P_148, void %arrayidx802.i82.case.41485, i32 %P_148, void %arrayidx802.i82.case.21483, i32 %P_148, void %arrayidx802.i82.case.11482, i32 %P_148, void %arrayidx802.i82.case.01481, i32 %P_148, void %arrayidx802.i82.case.41478, i32 %P_148, void %arrayidx802.i82.case.5, i32 %P_148, void %arrayidx802.i82.case.01509, i32 %P_148, void %arrayidx802.i82.case.11510, i32 %P_148, void %arrayidx802.i82.case.21511, i32 %m_4, void %arrayidx802.i82.case.41513, i32 %P_148, void %arrayidx761.i81.case.0, i32 %P_148, void %arrayidx761.i81.case.1, i32 %P_148, void %arrayidx761.i81.case.2, i32 %P_148, void %arrayidx761.i81.case.3, i32 %P_148, void %arrayidx761.i81.case.4"   --->   Operation 1034 'phi' 'P_4_5_114491' <Predicate = true> <Delay = 0.00>
ST_42 : Operation 1035 [1/1] (0.00ns)   --->   "%P_3_5_114484 = phi i32 %P_154, void %arrayidx802.i82.case.4, i32 %P_154, void %arrayidx802.i82.case.21504, i32 %P_154, void %arrayidx802.i82.case.11503, i32 %P_154, void %arrayidx802.i82.case.01502, i32 %P_154, void %arrayidx802.i82.case.3, i32 %P_154, void %arrayidx802.i82.case.41499, i32 %P_154, void %arrayidx802.i82.case.21497, i32 %P_154, void %arrayidx802.i82.case.11496, i32 %P_154, void %arrayidx802.i82.case.01495, i32 %P_154, void %arrayidx802.i82.case.41492, i32 %P_154, void %arrayidx802.i82.case.21490, i32 %P_154, void %arrayidx802.i82.case.11489, i32 %P_154, void %arrayidx802.i82.case.01488, i32 %P_154, void %arrayidx802.i82.case.2, i32 %P_154, void %arrayidx802.i82.case.1, i32 %P_154, void %arrayidx802.i82.case.41485, i32 %P_154, void %arrayidx802.i82.case.21483, i32 %P_154, void %arrayidx802.i82.case.11482, i32 %P_154, void %arrayidx802.i82.case.01481, i32 %P_154, void %arrayidx802.i82.case.41478, i32 %m_4, void %arrayidx802.i82.case.5, i32 %P_154, void %arrayidx802.i82.case.01509, i32 %P_154, void %arrayidx802.i82.case.11510, i32 %P_154, void %arrayidx802.i82.case.21511, i32 %P_154, void %arrayidx802.i82.case.41513, i32 %P_154, void %arrayidx761.i81.case.0, i32 %P_154, void %arrayidx761.i81.case.1, i32 %P_154, void %arrayidx761.i81.case.2, i32 %P_154, void %arrayidx761.i81.case.3, i32 %P_154, void %arrayidx761.i81.case.4"   --->   Operation 1035 'phi' 'P_3_5_114484' <Predicate = true> <Delay = 0.00>
ST_42 : Operation 1036 [1/1] (0.00ns)   --->   "%P_0_5_114472 = phi i32 %P_165, void %arrayidx802.i82.case.4, i32 %P_165, void %arrayidx802.i82.case.21504, i32 %P_165, void %arrayidx802.i82.case.11503, i32 %P_165, void %arrayidx802.i82.case.01502, i32 %P_165, void %arrayidx802.i82.case.3, i32 %P_165, void %arrayidx802.i82.case.41499, i32 %P_165, void %arrayidx802.i82.case.21497, i32 %P_165, void %arrayidx802.i82.case.11496, i32 %P_165, void %arrayidx802.i82.case.01495, i32 %P_165, void %arrayidx802.i82.case.41492, i32 %P_165, void %arrayidx802.i82.case.21490, i32 %P_165, void %arrayidx802.i82.case.11489, i32 %P_165, void %arrayidx802.i82.case.01488, i32 %P_165, void %arrayidx802.i82.case.2, i32 %P_165, void %arrayidx802.i82.case.1, i32 %P_165, void %arrayidx802.i82.case.41485, i32 %P_165, void %arrayidx802.i82.case.21483, i32 %P_165, void %arrayidx802.i82.case.11482, i32 %P_165, void %arrayidx802.i82.case.01481, i32 %P_165, void %arrayidx802.i82.case.41478, i32 %P_165, void %arrayidx802.i82.case.5, i32 %m_4, void %arrayidx802.i82.case.01509, i32 %P_165, void %arrayidx802.i82.case.11510, i32 %P_165, void %arrayidx802.i82.case.21511, i32 %P_165, void %arrayidx802.i82.case.41513, i32 %P_165, void %arrayidx761.i81.case.0, i32 %P_165, void %arrayidx761.i81.case.1, i32 %P_165, void %arrayidx761.i81.case.2, i32 %P_165, void %arrayidx761.i81.case.3, i32 %P_165, void %arrayidx761.i81.case.4"   --->   Operation 1036 'phi' 'P_0_5_114472' <Predicate = true> <Delay = 0.00>
ST_42 : Operation 1037 [1/1] (0.00ns)   --->   "%P_1_5_114465 = phi i32 %P_171, void %arrayidx802.i82.case.4, i32 %P_171, void %arrayidx802.i82.case.21504, i32 %P_171, void %arrayidx802.i82.case.11503, i32 %P_171, void %arrayidx802.i82.case.01502, i32 %P_171, void %arrayidx802.i82.case.3, i32 %P_171, void %arrayidx802.i82.case.41499, i32 %P_171, void %arrayidx802.i82.case.21497, i32 %P_171, void %arrayidx802.i82.case.11496, i32 %P_171, void %arrayidx802.i82.case.01495, i32 %P_171, void %arrayidx802.i82.case.41492, i32 %P_171, void %arrayidx802.i82.case.21490, i32 %P_171, void %arrayidx802.i82.case.11489, i32 %P_171, void %arrayidx802.i82.case.01488, i32 %P_171, void %arrayidx802.i82.case.2, i32 %P_171, void %arrayidx802.i82.case.1, i32 %P_171, void %arrayidx802.i82.case.41485, i32 %P_171, void %arrayidx802.i82.case.21483, i32 %P_171, void %arrayidx802.i82.case.11482, i32 %P_171, void %arrayidx802.i82.case.01481, i32 %P_171, void %arrayidx802.i82.case.41478, i32 %P_171, void %arrayidx802.i82.case.5, i32 %P_171, void %arrayidx802.i82.case.01509, i32 %m_4, void %arrayidx802.i82.case.11510, i32 %P_171, void %arrayidx802.i82.case.21511, i32 %P_171, void %arrayidx802.i82.case.41513, i32 %P_171, void %arrayidx761.i81.case.0, i32 %P_171, void %arrayidx761.i81.case.1, i32 %P_171, void %arrayidx761.i81.case.2, i32 %P_171, void %arrayidx761.i81.case.3, i32 %P_171, void %arrayidx761.i81.case.4"   --->   Operation 1037 'phi' 'P_1_5_114465' <Predicate = true> <Delay = 0.00>
ST_42 : Operation 1038 [1/1] (0.00ns)   --->   "%P_2_5_114458 = phi i32 %P_177, void %arrayidx802.i82.case.4, i32 %P_177, void %arrayidx802.i82.case.21504, i32 %P_177, void %arrayidx802.i82.case.11503, i32 %P_177, void %arrayidx802.i82.case.01502, i32 %P_177, void %arrayidx802.i82.case.3, i32 %P_177, void %arrayidx802.i82.case.41499, i32 %P_177, void %arrayidx802.i82.case.21497, i32 %P_177, void %arrayidx802.i82.case.11496, i32 %P_177, void %arrayidx802.i82.case.01495, i32 %P_177, void %arrayidx802.i82.case.41492, i32 %P_177, void %arrayidx802.i82.case.21490, i32 %P_177, void %arrayidx802.i82.case.11489, i32 %P_177, void %arrayidx802.i82.case.01488, i32 %P_177, void %arrayidx802.i82.case.2, i32 %P_177, void %arrayidx802.i82.case.1, i32 %P_177, void %arrayidx802.i82.case.41485, i32 %P_177, void %arrayidx802.i82.case.21483, i32 %P_177, void %arrayidx802.i82.case.11482, i32 %P_177, void %arrayidx802.i82.case.01481, i32 %P_177, void %arrayidx802.i82.case.41478, i32 %P_177, void %arrayidx802.i82.case.5, i32 %P_177, void %arrayidx802.i82.case.01509, i32 %P_177, void %arrayidx802.i82.case.11510, i32 %m_4, void %arrayidx802.i82.case.21511, i32 %P_177, void %arrayidx802.i82.case.41513, i32 %P_177, void %arrayidx761.i81.case.0, i32 %P_177, void %arrayidx761.i81.case.1, i32 %P_177, void %arrayidx761.i81.case.2, i32 %P_177, void %arrayidx761.i81.case.3, i32 %P_177, void %arrayidx761.i81.case.4"   --->   Operation 1038 'phi' 'P_2_5_114458' <Predicate = true> <Delay = 0.00>
ST_42 : Operation 1039 [1/1] (0.00ns)   --->   "%P_243 = phi i32 %P_176, void %arrayidx802.i82.case.4, i32 %m_4, void %arrayidx802.i82.case.21504, i32 %P_176, void %arrayidx802.i82.case.11503, i32 %P_176, void %arrayidx802.i82.case.01502, i32 %P_176, void %arrayidx802.i82.case.3, i32 %P_176, void %arrayidx802.i82.case.41499, i32 %P_176, void %arrayidx802.i82.case.21497, i32 %P_176, void %arrayidx802.i82.case.11496, i32 %P_176, void %arrayidx802.i82.case.01495, i32 %m_4, void %arrayidx802.i82.case.41492, i32 %P_176, void %arrayidx802.i82.case.21490, i32 %P_176, void %arrayidx802.i82.case.11489, i32 %P_176, void %arrayidx802.i82.case.01488, i32 %P_176, void %arrayidx802.i82.case.2, i32 %P_176, void %arrayidx802.i82.case.1, i32 %P_176, void %arrayidx802.i82.case.41485, i32 %P_176, void %arrayidx802.i82.case.21483, i32 %P_176, void %arrayidx802.i82.case.11482, i32 %P_176, void %arrayidx802.i82.case.01481, i32 %P_176, void %arrayidx802.i82.case.41478, i32 %P_176, void %arrayidx802.i82.case.5, i32 %P_176, void %arrayidx802.i82.case.01509, i32 %P_176, void %arrayidx802.i82.case.11510, i32 %P_176, void %arrayidx802.i82.case.21511, i32 %P_176, void %arrayidx802.i82.case.41513, i32 %P_176, void %arrayidx761.i81.case.0, i32 %P_176, void %arrayidx761.i81.case.1, i32 %P_176, void %arrayidx761.i81.case.2, i32 %P_176, void %arrayidx761.i81.case.3, i32 %P_176, void %arrayidx761.i81.case.4"   --->   Operation 1039 'phi' 'P_243' <Predicate = true> <Delay = 0.00>
ST_42 : Operation 1040 [1/1] (0.00ns)   --->   "%P_242 = phi i32 %P_175, void %arrayidx802.i82.case.4, i32 %P_175, void %arrayidx802.i82.case.21504, i32 %P_175, void %arrayidx802.i82.case.11503, i32 %P_175, void %arrayidx802.i82.case.01502, i32 %P_175, void %arrayidx802.i82.case.3, i32 %P_175, void %arrayidx802.i82.case.41499, i32 %m_4, void %arrayidx802.i82.case.21497, i32 %P_175, void %arrayidx802.i82.case.11496, i32 %P_175, void %arrayidx802.i82.case.01495, i32 %P_175, void %arrayidx802.i82.case.41492, i32 %P_175, void %arrayidx802.i82.case.21490, i32 %P_175, void %arrayidx802.i82.case.11489, i32 %P_175, void %arrayidx802.i82.case.01488, i32 %m_4, void %arrayidx802.i82.case.2, i32 %P_175, void %arrayidx802.i82.case.1, i32 %P_175, void %arrayidx802.i82.case.41485, i32 %P_175, void %arrayidx802.i82.case.21483, i32 %P_175, void %arrayidx802.i82.case.11482, i32 %P_175, void %arrayidx802.i82.case.01481, i32 %P_175, void %arrayidx802.i82.case.41478, i32 %P_175, void %arrayidx802.i82.case.5, i32 %P_175, void %arrayidx802.i82.case.01509, i32 %P_175, void %arrayidx802.i82.case.11510, i32 %P_175, void %arrayidx802.i82.case.21511, i32 %P_175, void %arrayidx802.i82.case.41513, i32 %P_175, void %arrayidx761.i81.case.0, i32 %P_175, void %arrayidx761.i81.case.1, i32 %P_175, void %arrayidx761.i81.case.2, i32 %P_175, void %arrayidx761.i81.case.3, i32 %P_175, void %arrayidx761.i81.case.4"   --->   Operation 1040 'phi' 'P_242' <Predicate = true> <Delay = 0.00>
ST_42 : Operation 1041 [1/1] (0.00ns)   --->   "%P_241 = phi i32 %P_174, void %arrayidx802.i82.case.4, i32 %P_174, void %arrayidx802.i82.case.21504, i32 %P_174, void %arrayidx802.i82.case.11503, i32 %P_174, void %arrayidx802.i82.case.01502, i32 %P_174, void %arrayidx802.i82.case.3, i32 %P_174, void %arrayidx802.i82.case.41499, i32 %P_174, void %arrayidx802.i82.case.21497, i32 %P_174, void %arrayidx802.i82.case.11496, i32 %P_174, void %arrayidx802.i82.case.01495, i32 %P_174, void %arrayidx802.i82.case.41492, i32 %m_4, void %arrayidx802.i82.case.21490, i32 %P_174, void %arrayidx802.i82.case.11489, i32 %P_174, void %arrayidx802.i82.case.01488, i32 %P_174, void %arrayidx802.i82.case.2, i32 %P_174, void %arrayidx802.i82.case.1, i32 %P_174, void %arrayidx802.i82.case.41485, i32 %P_174, void %arrayidx802.i82.case.21483, i32 %P_174, void %arrayidx802.i82.case.11482, i32 %P_174, void %arrayidx802.i82.case.01481, i32 %P_174, void %arrayidx802.i82.case.41478, i32 %P_174, void %arrayidx802.i82.case.5, i32 %P_174, void %arrayidx802.i82.case.01509, i32 %P_174, void %arrayidx802.i82.case.11510, i32 %P_174, void %arrayidx802.i82.case.21511, i32 %P_174, void %arrayidx802.i82.case.41513, i32 %P_174, void %arrayidx761.i81.case.0, i32 %P_174, void %arrayidx761.i81.case.1, i32 %P_174, void %arrayidx761.i81.case.2, i32 %P_174, void %arrayidx761.i81.case.3, i32 %P_174, void %arrayidx761.i81.case.4"   --->   Operation 1041 'phi' 'P_241' <Predicate = true> <Delay = 0.00>
ST_42 : Operation 1042 [1/1] (0.00ns)   --->   "%P_240 = phi i32 %P_173, void %arrayidx802.i82.case.4, i32 %P_173, void %arrayidx802.i82.case.21504, i32 %P_173, void %arrayidx802.i82.case.11503, i32 %P_173, void %arrayidx802.i82.case.01502, i32 %P_173, void %arrayidx802.i82.case.3, i32 %P_173, void %arrayidx802.i82.case.41499, i32 %P_173, void %arrayidx802.i82.case.21497, i32 %P_173, void %arrayidx802.i82.case.11496, i32 %P_173, void %arrayidx802.i82.case.01495, i32 %P_173, void %arrayidx802.i82.case.41492, i32 %P_173, void %arrayidx802.i82.case.21490, i32 %m_4, void %arrayidx802.i82.case.11489, i32 %P_173, void %arrayidx802.i82.case.01488, i32 %P_173, void %arrayidx802.i82.case.2, i32 %P_173, void %arrayidx802.i82.case.1, i32 %P_173, void %arrayidx802.i82.case.41485, i32 %m_4, void %arrayidx802.i82.case.21483, i32 %P_173, void %arrayidx802.i82.case.11482, i32 %P_173, void %arrayidx802.i82.case.01481, i32 %P_173, void %arrayidx802.i82.case.41478, i32 %P_173, void %arrayidx802.i82.case.5, i32 %P_173, void %arrayidx802.i82.case.01509, i32 %P_173, void %arrayidx802.i82.case.11510, i32 %P_173, void %arrayidx802.i82.case.21511, i32 %P_173, void %arrayidx802.i82.case.41513, i32 %P_173, void %arrayidx761.i81.case.0, i32 %P_173, void %arrayidx761.i81.case.1, i32 %P_173, void %arrayidx761.i81.case.2, i32 %P_173, void %arrayidx761.i81.case.3, i32 %P_173, void %arrayidx761.i81.case.4"   --->   Operation 1042 'phi' 'P_240' <Predicate = true> <Delay = 0.00>
ST_42 : Operation 1043 [1/1] (0.00ns)   --->   "%P_239 = phi i32 %P_172, void %arrayidx802.i82.case.4, i32 %P_172, void %arrayidx802.i82.case.21504, i32 %P_172, void %arrayidx802.i82.case.11503, i32 %P_172, void %arrayidx802.i82.case.01502, i32 %P_172, void %arrayidx802.i82.case.3, i32 %P_172, void %arrayidx802.i82.case.41499, i32 %P_172, void %arrayidx802.i82.case.21497, i32 %P_172, void %arrayidx802.i82.case.11496, i32 %P_172, void %arrayidx802.i82.case.01495, i32 %P_172, void %arrayidx802.i82.case.41492, i32 %P_172, void %arrayidx802.i82.case.21490, i32 %P_172, void %arrayidx802.i82.case.11489, i32 %m_4, void %arrayidx802.i82.case.01488, i32 %P_172, void %arrayidx802.i82.case.2, i32 %P_172, void %arrayidx802.i82.case.1, i32 %P_172, void %arrayidx802.i82.case.41485, i32 %P_172, void %arrayidx802.i82.case.21483, i32 %P_172, void %arrayidx802.i82.case.11482, i32 %P_172, void %arrayidx802.i82.case.01481, i32 %P_172, void %arrayidx802.i82.case.41478, i32 %P_172, void %arrayidx802.i82.case.5, i32 %P_172, void %arrayidx802.i82.case.01509, i32 %P_172, void %arrayidx802.i82.case.11510, i32 %P_172, void %arrayidx802.i82.case.21511, i32 %P_172, void %arrayidx802.i82.case.41513, i32 %P_172, void %arrayidx761.i81.case.0, i32 %P_172, void %arrayidx761.i81.case.1, i32 %m_4, void %arrayidx761.i81.case.2, i32 %P_172, void %arrayidx761.i81.case.3, i32 %P_172, void %arrayidx761.i81.case.4"   --->   Operation 1043 'phi' 'P_239' <Predicate = true> <Delay = 0.00>
ST_42 : Operation 1044 [1/1] (0.00ns)   --->   "%P_238 = phi i32 %P_170, void %arrayidx802.i82.case.4, i32 %P_170, void %arrayidx802.i82.case.21504, i32 %m_4, void %arrayidx802.i82.case.11503, i32 %P_170, void %arrayidx802.i82.case.01502, i32 %P_170, void %arrayidx802.i82.case.3, i32 %P_170, void %arrayidx802.i82.case.41499, i32 %P_170, void %arrayidx802.i82.case.21497, i32 %P_170, void %arrayidx802.i82.case.11496, i32 %P_170, void %arrayidx802.i82.case.01495, i32 %P_170, void %arrayidx802.i82.case.41492, i32 %P_170, void %arrayidx802.i82.case.21490, i32 %P_170, void %arrayidx802.i82.case.11489, i32 %P_170, void %arrayidx802.i82.case.01488, i32 %P_170, void %arrayidx802.i82.case.2, i32 %P_170, void %arrayidx802.i82.case.1, i32 %m_4, void %arrayidx802.i82.case.41485, i32 %P_170, void %arrayidx802.i82.case.21483, i32 %P_170, void %arrayidx802.i82.case.11482, i32 %P_170, void %arrayidx802.i82.case.01481, i32 %P_170, void %arrayidx802.i82.case.41478, i32 %P_170, void %arrayidx802.i82.case.5, i32 %P_170, void %arrayidx802.i82.case.01509, i32 %P_170, void %arrayidx802.i82.case.11510, i32 %P_170, void %arrayidx802.i82.case.21511, i32 %P_170, void %arrayidx802.i82.case.41513, i32 %P_170, void %arrayidx761.i81.case.0, i32 %P_170, void %arrayidx761.i81.case.1, i32 %P_170, void %arrayidx761.i81.case.2, i32 %P_170, void %arrayidx761.i81.case.3, i32 %P_170, void %arrayidx761.i81.case.4"   --->   Operation 1044 'phi' 'P_238' <Predicate = true> <Delay = 0.00>
ST_42 : Operation 1045 [1/1] (0.00ns)   --->   "%P_237 = phi i32 %P_169, void %arrayidx802.i82.case.4, i32 %P_169, void %arrayidx802.i82.case.21504, i32 %P_169, void %arrayidx802.i82.case.11503, i32 %P_169, void %arrayidx802.i82.case.01502, i32 %P_169, void %arrayidx802.i82.case.3, i32 %P_169, void %arrayidx802.i82.case.41499, i32 %P_169, void %arrayidx802.i82.case.21497, i32 %m_4, void %arrayidx802.i82.case.11496, i32 %P_169, void %arrayidx802.i82.case.01495, i32 %P_169, void %arrayidx802.i82.case.41492, i32 %P_169, void %arrayidx802.i82.case.21490, i32 %P_169, void %arrayidx802.i82.case.11489, i32 %P_169, void %arrayidx802.i82.case.01488, i32 %P_169, void %arrayidx802.i82.case.2, i32 %m_4, void %arrayidx802.i82.case.1, i32 %P_169, void %arrayidx802.i82.case.41485, i32 %P_169, void %arrayidx802.i82.case.21483, i32 %P_169, void %arrayidx802.i82.case.11482, i32 %P_169, void %arrayidx802.i82.case.01481, i32 %P_169, void %arrayidx802.i82.case.41478, i32 %P_169, void %arrayidx802.i82.case.5, i32 %P_169, void %arrayidx802.i82.case.01509, i32 %P_169, void %arrayidx802.i82.case.11510, i32 %P_169, void %arrayidx802.i82.case.21511, i32 %P_169, void %arrayidx802.i82.case.41513, i32 %P_169, void %arrayidx761.i81.case.0, i32 %P_169, void %arrayidx761.i81.case.1, i32 %P_169, void %arrayidx761.i81.case.2, i32 %P_169, void %arrayidx761.i81.case.3, i32 %P_169, void %arrayidx761.i81.case.4"   --->   Operation 1045 'phi' 'P_237' <Predicate = true> <Delay = 0.00>
ST_42 : Operation 1046 [1/1] (0.00ns)   --->   "%P_236 = phi i32 %P_168, void %arrayidx802.i82.case.4, i32 %P_168, void %arrayidx802.i82.case.21504, i32 %P_168, void %arrayidx802.i82.case.11503, i32 %P_168, void %arrayidx802.i82.case.01502, i32 %P_168, void %arrayidx802.i82.case.3, i32 %P_168, void %arrayidx802.i82.case.41499, i32 %P_168, void %arrayidx802.i82.case.21497, i32 %P_168, void %arrayidx802.i82.case.11496, i32 %P_168, void %arrayidx802.i82.case.01495, i32 %P_168, void %arrayidx802.i82.case.41492, i32 %P_168, void %arrayidx802.i82.case.21490, i32 %m_4, void %arrayidx802.i82.case.11489, i32 %P_168, void %arrayidx802.i82.case.01488, i32 %P_168, void %arrayidx802.i82.case.2, i32 %P_168, void %arrayidx802.i82.case.1, i32 %P_168, void %arrayidx802.i82.case.41485, i32 %m_4, void %arrayidx802.i82.case.21483, i32 %P_168, void %arrayidx802.i82.case.11482, i32 %P_168, void %arrayidx802.i82.case.01481, i32 %P_168, void %arrayidx802.i82.case.41478, i32 %P_168, void %arrayidx802.i82.case.5, i32 %P_168, void %arrayidx802.i82.case.01509, i32 %P_168, void %arrayidx802.i82.case.11510, i32 %P_168, void %arrayidx802.i82.case.21511, i32 %P_168, void %arrayidx802.i82.case.41513, i32 %P_168, void %arrayidx761.i81.case.0, i32 %P_168, void %arrayidx761.i81.case.1, i32 %P_168, void %arrayidx761.i81.case.2, i32 %P_168, void %arrayidx761.i81.case.3, i32 %P_168, void %arrayidx761.i81.case.4"   --->   Operation 1046 'phi' 'P_236' <Predicate = true> <Delay = 0.00>
ST_42 : Operation 1047 [1/1] (0.00ns)   --->   "%P_235 = phi i32 %P_167, void %arrayidx802.i82.case.4, i32 %P_167, void %arrayidx802.i82.case.21504, i32 %P_167, void %arrayidx802.i82.case.11503, i32 %P_167, void %arrayidx802.i82.case.01502, i32 %P_167, void %arrayidx802.i82.case.3, i32 %P_167, void %arrayidx802.i82.case.41499, i32 %P_167, void %arrayidx802.i82.case.21497, i32 %P_167, void %arrayidx802.i82.case.11496, i32 %P_167, void %arrayidx802.i82.case.01495, i32 %P_167, void %arrayidx802.i82.case.41492, i32 %P_167, void %arrayidx802.i82.case.21490, i32 %P_167, void %arrayidx802.i82.case.11489, i32 %P_167, void %arrayidx802.i82.case.01488, i32 %P_167, void %arrayidx802.i82.case.2, i32 %P_167, void %arrayidx802.i82.case.1, i32 %P_167, void %arrayidx802.i82.case.41485, i32 %P_167, void %arrayidx802.i82.case.21483, i32 %m_4, void %arrayidx802.i82.case.11482, i32 %P_167, void %arrayidx802.i82.case.01481, i32 %P_167, void %arrayidx802.i82.case.41478, i32 %P_167, void %arrayidx802.i82.case.5, i32 %P_167, void %arrayidx802.i82.case.01509, i32 %P_167, void %arrayidx802.i82.case.11510, i32 %P_167, void %arrayidx802.i82.case.21511, i32 %P_167, void %arrayidx802.i82.case.41513, i32 %P_167, void %arrayidx761.i81.case.0, i32 %P_167, void %arrayidx761.i81.case.1, i32 %P_167, void %arrayidx761.i81.case.2, i32 %P_167, void %arrayidx761.i81.case.3, i32 %P_167, void %arrayidx761.i81.case.4"   --->   Operation 1047 'phi' 'P_235' <Predicate = true> <Delay = 0.00>
ST_42 : Operation 1048 [1/1] (0.00ns)   --->   "%P_234 = phi i32 %P_166, void %arrayidx802.i82.case.4, i32 %P_166, void %arrayidx802.i82.case.21504, i32 %P_166, void %arrayidx802.i82.case.11503, i32 %P_166, void %arrayidx802.i82.case.01502, i32 %P_166, void %arrayidx802.i82.case.3, i32 %P_166, void %arrayidx802.i82.case.41499, i32 %P_166, void %arrayidx802.i82.case.21497, i32 %P_166, void %arrayidx802.i82.case.11496, i32 %P_166, void %arrayidx802.i82.case.01495, i32 %P_166, void %arrayidx802.i82.case.41492, i32 %P_166, void %arrayidx802.i82.case.21490, i32 %P_166, void %arrayidx802.i82.case.11489, i32 %P_166, void %arrayidx802.i82.case.01488, i32 %P_166, void %arrayidx802.i82.case.2, i32 %P_166, void %arrayidx802.i82.case.1, i32 %P_166, void %arrayidx802.i82.case.41485, i32 %P_166, void %arrayidx802.i82.case.21483, i32 %P_166, void %arrayidx802.i82.case.11482, i32 %m_4, void %arrayidx802.i82.case.01481, i32 %P_166, void %arrayidx802.i82.case.41478, i32 %P_166, void %arrayidx802.i82.case.5, i32 %P_166, void %arrayidx802.i82.case.01509, i32 %P_166, void %arrayidx802.i82.case.11510, i32 %P_166, void %arrayidx802.i82.case.21511, i32 %P_166, void %arrayidx802.i82.case.41513, i32 %P_166, void %arrayidx761.i81.case.0, i32 %m_4, void %arrayidx761.i81.case.1, i32 %P_166, void %arrayidx761.i81.case.2, i32 %P_166, void %arrayidx761.i81.case.3, i32 %P_166, void %arrayidx761.i81.case.4"   --->   Operation 1048 'phi' 'P_234' <Predicate = true> <Delay = 0.00>
ST_42 : Operation 1049 [1/1] (0.00ns)   --->   "%P_233 = phi i32 %P_164, void %arrayidx802.i82.case.4, i32 %P_164, void %arrayidx802.i82.case.21504, i32 %P_164, void %arrayidx802.i82.case.11503, i32 %m_4, void %arrayidx802.i82.case.01502, i32 %P_164, void %arrayidx802.i82.case.3, i32 %P_164, void %arrayidx802.i82.case.41499, i32 %P_164, void %arrayidx802.i82.case.21497, i32 %P_164, void %arrayidx802.i82.case.11496, i32 %P_164, void %arrayidx802.i82.case.01495, i32 %P_164, void %arrayidx802.i82.case.41492, i32 %P_164, void %arrayidx802.i82.case.21490, i32 %P_164, void %arrayidx802.i82.case.11489, i32 %P_164, void %arrayidx802.i82.case.01488, i32 %P_164, void %arrayidx802.i82.case.2, i32 %P_164, void %arrayidx802.i82.case.1, i32 %P_164, void %arrayidx802.i82.case.41485, i32 %P_164, void %arrayidx802.i82.case.21483, i32 %P_164, void %arrayidx802.i82.case.11482, i32 %P_164, void %arrayidx802.i82.case.01481, i32 %m_4, void %arrayidx802.i82.case.41478, i32 %P_164, void %arrayidx802.i82.case.5, i32 %P_164, void %arrayidx802.i82.case.01509, i32 %P_164, void %arrayidx802.i82.case.11510, i32 %P_164, void %arrayidx802.i82.case.21511, i32 %P_164, void %arrayidx802.i82.case.41513, i32 %P_164, void %arrayidx761.i81.case.0, i32 %P_164, void %arrayidx761.i81.case.1, i32 %P_164, void %arrayidx761.i81.case.2, i32 %P_164, void %arrayidx761.i81.case.3, i32 %P_164, void %arrayidx761.i81.case.4"   --->   Operation 1049 'phi' 'P_233' <Predicate = true> <Delay = 0.00>
ST_42 : Operation 1050 [1/1] (0.00ns)   --->   "%P_232 = phi i32 %P_163, void %arrayidx802.i82.case.4, i32 %P_163, void %arrayidx802.i82.case.21504, i32 %P_163, void %arrayidx802.i82.case.11503, i32 %P_163, void %arrayidx802.i82.case.01502, i32 %P_163, void %arrayidx802.i82.case.3, i32 %P_163, void %arrayidx802.i82.case.41499, i32 %P_163, void %arrayidx802.i82.case.21497, i32 %P_163, void %arrayidx802.i82.case.11496, i32 %m_4, void %arrayidx802.i82.case.01495, i32 %P_163, void %arrayidx802.i82.case.41492, i32 %P_163, void %arrayidx802.i82.case.21490, i32 %P_163, void %arrayidx802.i82.case.11489, i32 %P_163, void %arrayidx802.i82.case.01488, i32 %P_163, void %arrayidx802.i82.case.2, i32 %P_163, void %arrayidx802.i82.case.1, i32 %P_163, void %arrayidx802.i82.case.41485, i32 %P_163, void %arrayidx802.i82.case.21483, i32 %P_163, void %arrayidx802.i82.case.11482, i32 %P_163, void %arrayidx802.i82.case.01481, i32 %P_163, void %arrayidx802.i82.case.41478, i32 %P_163, void %arrayidx802.i82.case.5, i32 %P_163, void %arrayidx802.i82.case.01509, i32 %P_163, void %arrayidx802.i82.case.11510, i32 %P_163, void %arrayidx802.i82.case.21511, i32 %P_163, void %arrayidx802.i82.case.41513, i32 %P_163, void %arrayidx761.i81.case.0, i32 %P_163, void %arrayidx761.i81.case.1, i32 %P_163, void %arrayidx761.i81.case.2, i32 %m_4, void %arrayidx761.i81.case.3, i32 %P_163, void %arrayidx761.i81.case.4"   --->   Operation 1050 'phi' 'P_232' <Predicate = true> <Delay = 0.00>
ST_42 : Operation 1051 [1/1] (0.00ns)   --->   "%P_231 = phi i32 %P_162, void %arrayidx802.i82.case.4, i32 %P_162, void %arrayidx802.i82.case.21504, i32 %P_162, void %arrayidx802.i82.case.11503, i32 %P_162, void %arrayidx802.i82.case.01502, i32 %P_162, void %arrayidx802.i82.case.3, i32 %P_162, void %arrayidx802.i82.case.41499, i32 %P_162, void %arrayidx802.i82.case.21497, i32 %P_162, void %arrayidx802.i82.case.11496, i32 %P_162, void %arrayidx802.i82.case.01495, i32 %P_162, void %arrayidx802.i82.case.41492, i32 %P_162, void %arrayidx802.i82.case.21490, i32 %P_162, void %arrayidx802.i82.case.11489, i32 %m_4, void %arrayidx802.i82.case.01488, i32 %P_162, void %arrayidx802.i82.case.2, i32 %P_162, void %arrayidx802.i82.case.1, i32 %P_162, void %arrayidx802.i82.case.41485, i32 %P_162, void %arrayidx802.i82.case.21483, i32 %P_162, void %arrayidx802.i82.case.11482, i32 %P_162, void %arrayidx802.i82.case.01481, i32 %P_162, void %arrayidx802.i82.case.41478, i32 %P_162, void %arrayidx802.i82.case.5, i32 %P_162, void %arrayidx802.i82.case.01509, i32 %P_162, void %arrayidx802.i82.case.11510, i32 %P_162, void %arrayidx802.i82.case.21511, i32 %P_162, void %arrayidx802.i82.case.41513, i32 %P_162, void %arrayidx761.i81.case.0, i32 %P_162, void %arrayidx761.i81.case.1, i32 %m_4, void %arrayidx761.i81.case.2, i32 %P_162, void %arrayidx761.i81.case.3, i32 %P_162, void %arrayidx761.i81.case.4"   --->   Operation 1051 'phi' 'P_231' <Predicate = true> <Delay = 0.00>
ST_42 : Operation 1052 [1/1] (0.00ns)   --->   "%P_230 = phi i32 %P_161, void %arrayidx802.i82.case.4, i32 %P_161, void %arrayidx802.i82.case.21504, i32 %P_161, void %arrayidx802.i82.case.11503, i32 %P_161, void %arrayidx802.i82.case.01502, i32 %P_161, void %arrayidx802.i82.case.3, i32 %P_161, void %arrayidx802.i82.case.41499, i32 %P_161, void %arrayidx802.i82.case.21497, i32 %P_161, void %arrayidx802.i82.case.11496, i32 %P_161, void %arrayidx802.i82.case.01495, i32 %P_161, void %arrayidx802.i82.case.41492, i32 %P_161, void %arrayidx802.i82.case.21490, i32 %P_161, void %arrayidx802.i82.case.11489, i32 %P_161, void %arrayidx802.i82.case.01488, i32 %P_161, void %arrayidx802.i82.case.2, i32 %P_161, void %arrayidx802.i82.case.1, i32 %P_161, void %arrayidx802.i82.case.41485, i32 %P_161, void %arrayidx802.i82.case.21483, i32 %P_161, void %arrayidx802.i82.case.11482, i32 %m_4, void %arrayidx802.i82.case.01481, i32 %P_161, void %arrayidx802.i82.case.41478, i32 %P_161, void %arrayidx802.i82.case.5, i32 %P_161, void %arrayidx802.i82.case.01509, i32 %P_161, void %arrayidx802.i82.case.11510, i32 %P_161, void %arrayidx802.i82.case.21511, i32 %P_161, void %arrayidx802.i82.case.41513, i32 %P_161, void %arrayidx761.i81.case.0, i32 %m_4, void %arrayidx761.i81.case.1, i32 %P_161, void %arrayidx761.i81.case.2, i32 %P_161, void %arrayidx761.i81.case.3, i32 %P_161, void %arrayidx761.i81.case.4"   --->   Operation 1052 'phi' 'P_230' <Predicate = true> <Delay = 0.00>
ST_42 : Operation 1053 [1/1] (0.00ns)   --->   "%P_229 = phi i32 %P_160, void %arrayidx802.i82.case.4, i32 %P_160, void %arrayidx802.i82.case.21504, i32 %P_160, void %arrayidx802.i82.case.11503, i32 %P_160, void %arrayidx802.i82.case.01502, i32 %P_160, void %arrayidx802.i82.case.3, i32 %P_160, void %arrayidx802.i82.case.41499, i32 %P_160, void %arrayidx802.i82.case.21497, i32 %P_160, void %arrayidx802.i82.case.11496, i32 %P_160, void %arrayidx802.i82.case.01495, i32 %P_160, void %arrayidx802.i82.case.41492, i32 %P_160, void %arrayidx802.i82.case.21490, i32 %P_160, void %arrayidx802.i82.case.11489, i32 %P_160, void %arrayidx802.i82.case.01488, i32 %P_160, void %arrayidx802.i82.case.2, i32 %P_160, void %arrayidx802.i82.case.1, i32 %P_160, void %arrayidx802.i82.case.41485, i32 %P_160, void %arrayidx802.i82.case.21483, i32 %P_160, void %arrayidx802.i82.case.11482, i32 %P_160, void %arrayidx802.i82.case.01481, i32 %P_160, void %arrayidx802.i82.case.41478, i32 %P_160, void %arrayidx802.i82.case.5, i32 %P_160, void %arrayidx802.i82.case.01509, i32 %P_160, void %arrayidx802.i82.case.11510, i32 %P_160, void %arrayidx802.i82.case.21511, i32 %P_160, void %arrayidx802.i82.case.41513, i32 %m_4, void %arrayidx761.i81.case.0, i32 %P_160, void %arrayidx761.i81.case.1, i32 %P_160, void %arrayidx761.i81.case.2, i32 %P_160, void %arrayidx761.i81.case.3, i32 %P_160, void %arrayidx761.i81.case.4"   --->   Operation 1053 'phi' 'P_229' <Predicate = true> <Delay = 0.00>
ST_42 : Operation 1054 [1/1] (0.00ns)   --->   "%P_228 = phi i32 %P_159, void %arrayidx802.i82.case.4, i32 %P_159, void %arrayidx802.i82.case.21504, i32 %P_159, void %arrayidx802.i82.case.11503, i32 %P_159, void %arrayidx802.i82.case.01502, i32 %P_159, void %arrayidx802.i82.case.3, i32 %P_159, void %arrayidx802.i82.case.41499, i32 %P_159, void %arrayidx802.i82.case.21497, i32 %P_159, void %arrayidx802.i82.case.11496, i32 %m_4, void %arrayidx802.i82.case.01495, i32 %P_159, void %arrayidx802.i82.case.41492, i32 %P_159, void %arrayidx802.i82.case.21490, i32 %P_159, void %arrayidx802.i82.case.11489, i32 %P_159, void %arrayidx802.i82.case.01488, i32 %P_159, void %arrayidx802.i82.case.2, i32 %P_159, void %arrayidx802.i82.case.1, i32 %P_159, void %arrayidx802.i82.case.41485, i32 %P_159, void %arrayidx802.i82.case.21483, i32 %P_159, void %arrayidx802.i82.case.11482, i32 %P_159, void %arrayidx802.i82.case.01481, i32 %P_159, void %arrayidx802.i82.case.41478, i32 %P_159, void %arrayidx802.i82.case.5, i32 %P_159, void %arrayidx802.i82.case.01509, i32 %P_159, void %arrayidx802.i82.case.11510, i32 %P_159, void %arrayidx802.i82.case.21511, i32 %P_159, void %arrayidx802.i82.case.41513, i32 %P_159, void %arrayidx761.i81.case.0, i32 %P_159, void %arrayidx761.i81.case.1, i32 %P_159, void %arrayidx761.i81.case.2, i32 %m_4, void %arrayidx761.i81.case.3, i32 %P_159, void %arrayidx761.i81.case.4"   --->   Operation 1054 'phi' 'P_228' <Predicate = true> <Delay = 0.00>
ST_42 : Operation 1055 [1/1] (0.00ns)   --->   "%P_227 = phi i32 %P_158, void %arrayidx802.i82.case.4, i32 %P_158, void %arrayidx802.i82.case.21504, i32 %P_158, void %arrayidx802.i82.case.11503, i32 %P_158, void %arrayidx802.i82.case.01502, i32 %P_158, void %arrayidx802.i82.case.3, i32 %P_158, void %arrayidx802.i82.case.41499, i32 %P_158, void %arrayidx802.i82.case.21497, i32 %m_4, void %arrayidx802.i82.case.11496, i32 %P_158, void %arrayidx802.i82.case.01495, i32 %P_158, void %arrayidx802.i82.case.41492, i32 %P_158, void %arrayidx802.i82.case.21490, i32 %P_158, void %arrayidx802.i82.case.11489, i32 %P_158, void %arrayidx802.i82.case.01488, i32 %P_158, void %arrayidx802.i82.case.2, i32 %m_4, void %arrayidx802.i82.case.1, i32 %P_158, void %arrayidx802.i82.case.41485, i32 %P_158, void %arrayidx802.i82.case.21483, i32 %P_158, void %arrayidx802.i82.case.11482, i32 %P_158, void %arrayidx802.i82.case.01481, i32 %P_158, void %arrayidx802.i82.case.41478, i32 %P_158, void %arrayidx802.i82.case.5, i32 %P_158, void %arrayidx802.i82.case.01509, i32 %P_158, void %arrayidx802.i82.case.11510, i32 %P_158, void %arrayidx802.i82.case.21511, i32 %P_158, void %arrayidx802.i82.case.41513, i32 %P_158, void %arrayidx761.i81.case.0, i32 %P_158, void %arrayidx761.i81.case.1, i32 %P_158, void %arrayidx761.i81.case.2, i32 %P_158, void %arrayidx761.i81.case.3, i32 %P_158, void %arrayidx761.i81.case.4"   --->   Operation 1055 'phi' 'P_227' <Predicate = true> <Delay = 0.00>
ST_42 : Operation 1056 [1/1] (0.00ns)   --->   "%P_226 = phi i32 %P_157, void %arrayidx802.i82.case.4, i32 %P_157, void %arrayidx802.i82.case.21504, i32 %P_157, void %arrayidx802.i82.case.11503, i32 %P_157, void %arrayidx802.i82.case.01502, i32 %P_157, void %arrayidx802.i82.case.3, i32 %P_157, void %arrayidx802.i82.case.41499, i32 %m_4, void %arrayidx802.i82.case.21497, i32 %P_157, void %arrayidx802.i82.case.11496, i32 %P_157, void %arrayidx802.i82.case.01495, i32 %P_157, void %arrayidx802.i82.case.41492, i32 %P_157, void %arrayidx802.i82.case.21490, i32 %P_157, void %arrayidx802.i82.case.11489, i32 %P_157, void %arrayidx802.i82.case.01488, i32 %m_4, void %arrayidx802.i82.case.2, i32 %P_157, void %arrayidx802.i82.case.1, i32 %P_157, void %arrayidx802.i82.case.41485, i32 %P_157, void %arrayidx802.i82.case.21483, i32 %P_157, void %arrayidx802.i82.case.11482, i32 %P_157, void %arrayidx802.i82.case.01481, i32 %P_157, void %arrayidx802.i82.case.41478, i32 %P_157, void %arrayidx802.i82.case.5, i32 %P_157, void %arrayidx802.i82.case.01509, i32 %P_157, void %arrayidx802.i82.case.11510, i32 %P_157, void %arrayidx802.i82.case.21511, i32 %P_157, void %arrayidx802.i82.case.41513, i32 %P_157, void %arrayidx761.i81.case.0, i32 %P_157, void %arrayidx761.i81.case.1, i32 %P_157, void %arrayidx761.i81.case.2, i32 %P_157, void %arrayidx761.i81.case.3, i32 %P_157, void %arrayidx761.i81.case.4"   --->   Operation 1056 'phi' 'P_226' <Predicate = true> <Delay = 0.00>
ST_42 : Operation 1057 [1/1] (0.00ns)   --->   "%P_225 = phi i32 %P_156, void %arrayidx802.i82.case.4, i32 %P_156, void %arrayidx802.i82.case.21504, i32 %P_156, void %arrayidx802.i82.case.11503, i32 %P_156, void %arrayidx802.i82.case.01502, i32 %m_4, void %arrayidx802.i82.case.3, i32 %P_156, void %arrayidx802.i82.case.41499, i32 %P_156, void %arrayidx802.i82.case.21497, i32 %P_156, void %arrayidx802.i82.case.11496, i32 %P_156, void %arrayidx802.i82.case.01495, i32 %P_156, void %arrayidx802.i82.case.41492, i32 %P_156, void %arrayidx802.i82.case.21490, i32 %P_156, void %arrayidx802.i82.case.11489, i32 %P_156, void %arrayidx802.i82.case.01488, i32 %P_156, void %arrayidx802.i82.case.2, i32 %P_156, void %arrayidx802.i82.case.1, i32 %P_156, void %arrayidx802.i82.case.41485, i32 %P_156, void %arrayidx802.i82.case.21483, i32 %P_156, void %arrayidx802.i82.case.11482, i32 %P_156, void %arrayidx802.i82.case.01481, i32 %P_156, void %arrayidx802.i82.case.41478, i32 %P_156, void %arrayidx802.i82.case.5, i32 %P_156, void %arrayidx802.i82.case.01509, i32 %P_156, void %arrayidx802.i82.case.11510, i32 %P_156, void %arrayidx802.i82.case.21511, i32 %P_156, void %arrayidx802.i82.case.41513, i32 %P_156, void %arrayidx761.i81.case.0, i32 %P_156, void %arrayidx761.i81.case.1, i32 %P_156, void %arrayidx761.i81.case.2, i32 %P_156, void %arrayidx761.i81.case.3, i32 %P_156, void %arrayidx761.i81.case.4"   --->   Operation 1057 'phi' 'P_225' <Predicate = true> <Delay = 0.00>
ST_42 : Operation 1058 [1/1] (0.00ns)   --->   "%P_224 = phi i32 %m_4, void %arrayidx802.i82.case.4, i32 %P_155, void %arrayidx802.i82.case.21504, i32 %P_155, void %arrayidx802.i82.case.11503, i32 %P_155, void %arrayidx802.i82.case.01502, i32 %P_155, void %arrayidx802.i82.case.3, i32 %m_4, void %arrayidx802.i82.case.41499, i32 %P_155, void %arrayidx802.i82.case.21497, i32 %P_155, void %arrayidx802.i82.case.11496, i32 %P_155, void %arrayidx802.i82.case.01495, i32 %P_155, void %arrayidx802.i82.case.41492, i32 %P_155, void %arrayidx802.i82.case.21490, i32 %P_155, void %arrayidx802.i82.case.11489, i32 %P_155, void %arrayidx802.i82.case.01488, i32 %P_155, void %arrayidx802.i82.case.2, i32 %P_155, void %arrayidx802.i82.case.1, i32 %P_155, void %arrayidx802.i82.case.41485, i32 %P_155, void %arrayidx802.i82.case.21483, i32 %P_155, void %arrayidx802.i82.case.11482, i32 %P_155, void %arrayidx802.i82.case.01481, i32 %P_155, void %arrayidx802.i82.case.41478, i32 %P_155, void %arrayidx802.i82.case.5, i32 %P_155, void %arrayidx802.i82.case.01509, i32 %P_155, void %arrayidx802.i82.case.11510, i32 %P_155, void %arrayidx802.i82.case.21511, i32 %P_155, void %arrayidx802.i82.case.41513, i32 %P_155, void %arrayidx761.i81.case.0, i32 %P_155, void %arrayidx761.i81.case.1, i32 %P_155, void %arrayidx761.i81.case.2, i32 %P_155, void %arrayidx761.i81.case.3, i32 %P_155, void %arrayidx761.i81.case.4"   --->   Operation 1058 'phi' 'P_224' <Predicate = true> <Delay = 0.00>
ST_42 : Operation 1059 [1/1] (0.00ns)   --->   "%P_223 = phi i32 %P_153, void %arrayidx802.i82.case.4, i32 %P_153, void %arrayidx802.i82.case.21504, i32 %P_153, void %arrayidx802.i82.case.11503, i32 %m_4, void %arrayidx802.i82.case.01502, i32 %P_153, void %arrayidx802.i82.case.3, i32 %P_153, void %arrayidx802.i82.case.41499, i32 %P_153, void %arrayidx802.i82.case.21497, i32 %P_153, void %arrayidx802.i82.case.11496, i32 %P_153, void %arrayidx802.i82.case.01495, i32 %P_153, void %arrayidx802.i82.case.41492, i32 %P_153, void %arrayidx802.i82.case.21490, i32 %P_153, void %arrayidx802.i82.case.11489, i32 %P_153, void %arrayidx802.i82.case.01488, i32 %P_153, void %arrayidx802.i82.case.2, i32 %P_153, void %arrayidx802.i82.case.1, i32 %P_153, void %arrayidx802.i82.case.41485, i32 %P_153, void %arrayidx802.i82.case.21483, i32 %P_153, void %arrayidx802.i82.case.11482, i32 %P_153, void %arrayidx802.i82.case.01481, i32 %m_4, void %arrayidx802.i82.case.41478, i32 %P_153, void %arrayidx802.i82.case.5, i32 %P_153, void %arrayidx802.i82.case.01509, i32 %P_153, void %arrayidx802.i82.case.11510, i32 %P_153, void %arrayidx802.i82.case.21511, i32 %P_153, void %arrayidx802.i82.case.41513, i32 %P_153, void %arrayidx761.i81.case.0, i32 %P_153, void %arrayidx761.i81.case.1, i32 %P_153, void %arrayidx761.i81.case.2, i32 %P_153, void %arrayidx761.i81.case.3, i32 %P_153, void %arrayidx761.i81.case.4"   --->   Operation 1059 'phi' 'P_223' <Predicate = true> <Delay = 0.00>
ST_42 : Operation 1060 [1/1] (0.00ns)   --->   "%P_222 = phi i32 %P_152, void %arrayidx802.i82.case.4, i32 %P_152, void %arrayidx802.i82.case.21504, i32 %m_4, void %arrayidx802.i82.case.11503, i32 %P_152, void %arrayidx802.i82.case.01502, i32 %P_152, void %arrayidx802.i82.case.3, i32 %P_152, void %arrayidx802.i82.case.41499, i32 %P_152, void %arrayidx802.i82.case.21497, i32 %P_152, void %arrayidx802.i82.case.11496, i32 %P_152, void %arrayidx802.i82.case.01495, i32 %P_152, void %arrayidx802.i82.case.41492, i32 %P_152, void %arrayidx802.i82.case.21490, i32 %P_152, void %arrayidx802.i82.case.11489, i32 %P_152, void %arrayidx802.i82.case.01488, i32 %P_152, void %arrayidx802.i82.case.2, i32 %P_152, void %arrayidx802.i82.case.1, i32 %m_4, void %arrayidx802.i82.case.41485, i32 %P_152, void %arrayidx802.i82.case.21483, i32 %P_152, void %arrayidx802.i82.case.11482, i32 %P_152, void %arrayidx802.i82.case.01481, i32 %P_152, void %arrayidx802.i82.case.41478, i32 %P_152, void %arrayidx802.i82.case.5, i32 %P_152, void %arrayidx802.i82.case.01509, i32 %P_152, void %arrayidx802.i82.case.11510, i32 %P_152, void %arrayidx802.i82.case.21511, i32 %P_152, void %arrayidx802.i82.case.41513, i32 %P_152, void %arrayidx761.i81.case.0, i32 %P_152, void %arrayidx761.i81.case.1, i32 %P_152, void %arrayidx761.i81.case.2, i32 %P_152, void %arrayidx761.i81.case.3, i32 %P_152, void %arrayidx761.i81.case.4"   --->   Operation 1060 'phi' 'P_222' <Predicate = true> <Delay = 0.00>
ST_42 : Operation 1061 [1/1] (0.00ns)   --->   "%P_221 = phi i32 %P_151, void %arrayidx802.i82.case.4, i32 %m_4, void %arrayidx802.i82.case.21504, i32 %P_151, void %arrayidx802.i82.case.11503, i32 %P_151, void %arrayidx802.i82.case.01502, i32 %P_151, void %arrayidx802.i82.case.3, i32 %P_151, void %arrayidx802.i82.case.41499, i32 %P_151, void %arrayidx802.i82.case.21497, i32 %P_151, void %arrayidx802.i82.case.11496, i32 %P_151, void %arrayidx802.i82.case.01495, i32 %m_4, void %arrayidx802.i82.case.41492, i32 %P_151, void %arrayidx802.i82.case.21490, i32 %P_151, void %arrayidx802.i82.case.11489, i32 %P_151, void %arrayidx802.i82.case.01488, i32 %P_151, void %arrayidx802.i82.case.2, i32 %P_151, void %arrayidx802.i82.case.1, i32 %P_151, void %arrayidx802.i82.case.41485, i32 %P_151, void %arrayidx802.i82.case.21483, i32 %P_151, void %arrayidx802.i82.case.11482, i32 %P_151, void %arrayidx802.i82.case.01481, i32 %P_151, void %arrayidx802.i82.case.41478, i32 %P_151, void %arrayidx802.i82.case.5, i32 %P_151, void %arrayidx802.i82.case.01509, i32 %P_151, void %arrayidx802.i82.case.11510, i32 %P_151, void %arrayidx802.i82.case.21511, i32 %P_151, void %arrayidx802.i82.case.41513, i32 %P_151, void %arrayidx761.i81.case.0, i32 %P_151, void %arrayidx761.i81.case.1, i32 %P_151, void %arrayidx761.i81.case.2, i32 %P_151, void %arrayidx761.i81.case.3, i32 %P_151, void %arrayidx761.i81.case.4"   --->   Operation 1061 'phi' 'P_221' <Predicate = true> <Delay = 0.00>
ST_42 : Operation 1062 [1/1] (0.00ns)   --->   "%P_220 = phi i32 %m_4, void %arrayidx802.i82.case.4, i32 %P_150, void %arrayidx802.i82.case.21504, i32 %P_150, void %arrayidx802.i82.case.11503, i32 %P_150, void %arrayidx802.i82.case.01502, i32 %P_150, void %arrayidx802.i82.case.3, i32 %m_4, void %arrayidx802.i82.case.41499, i32 %P_150, void %arrayidx802.i82.case.21497, i32 %P_150, void %arrayidx802.i82.case.11496, i32 %P_150, void %arrayidx802.i82.case.01495, i32 %P_150, void %arrayidx802.i82.case.41492, i32 %P_150, void %arrayidx802.i82.case.21490, i32 %P_150, void %arrayidx802.i82.case.11489, i32 %P_150, void %arrayidx802.i82.case.01488, i32 %P_150, void %arrayidx802.i82.case.2, i32 %P_150, void %arrayidx802.i82.case.1, i32 %P_150, void %arrayidx802.i82.case.41485, i32 %P_150, void %arrayidx802.i82.case.21483, i32 %P_150, void %arrayidx802.i82.case.11482, i32 %P_150, void %arrayidx802.i82.case.01481, i32 %P_150, void %arrayidx802.i82.case.41478, i32 %P_150, void %arrayidx802.i82.case.5, i32 %P_150, void %arrayidx802.i82.case.01509, i32 %P_150, void %arrayidx802.i82.case.11510, i32 %P_150, void %arrayidx802.i82.case.21511, i32 %P_150, void %arrayidx802.i82.case.41513, i32 %P_150, void %arrayidx761.i81.case.0, i32 %P_150, void %arrayidx761.i81.case.1, i32 %P_150, void %arrayidx761.i81.case.2, i32 %P_150, void %arrayidx761.i81.case.3, i32 %P_150, void %arrayidx761.i81.case.4"   --->   Operation 1062 'phi' 'P_220' <Predicate = true> <Delay = 0.00>
ST_42 : Operation 1063 [1/1] (0.00ns)   --->   "%P_219 = phi i32 %P_149, void %arrayidx802.i82.case.4, i32 %P_149, void %arrayidx802.i82.case.21504, i32 %P_149, void %arrayidx802.i82.case.11503, i32 %P_149, void %arrayidx802.i82.case.01502, i32 %P_149, void %arrayidx802.i82.case.3, i32 %P_149, void %arrayidx802.i82.case.41499, i32 %P_149, void %arrayidx802.i82.case.21497, i32 %P_149, void %arrayidx802.i82.case.11496, i32 %P_149, void %arrayidx802.i82.case.01495, i32 %P_149, void %arrayidx802.i82.case.41492, i32 %P_149, void %arrayidx802.i82.case.21490, i32 %P_149, void %arrayidx802.i82.case.11489, i32 %P_149, void %arrayidx802.i82.case.01488, i32 %P_149, void %arrayidx802.i82.case.2, i32 %P_149, void %arrayidx802.i82.case.1, i32 %P_149, void %arrayidx802.i82.case.41485, i32 %P_149, void %arrayidx802.i82.case.21483, i32 %P_149, void %arrayidx802.i82.case.11482, i32 %P_149, void %arrayidx802.i82.case.01481, i32 %P_149, void %arrayidx802.i82.case.41478, i32 %P_149, void %arrayidx802.i82.case.5, i32 %P_149, void %arrayidx802.i82.case.01509, i32 %P_149, void %arrayidx802.i82.case.11510, i32 %P_149, void %arrayidx802.i82.case.21511, i32 %P_149, void %arrayidx802.i82.case.41513, i32 %P_149, void %arrayidx761.i81.case.0, i32 %P_149, void %arrayidx761.i81.case.1, i32 %P_149, void %arrayidx761.i81.case.2, i32 %P_149, void %arrayidx761.i81.case.3, i32 %m_4, void %arrayidx761.i81.case.4"   --->   Operation 1063 'phi' 'P_219' <Predicate = true> <Delay = 0.00>
ST_42 : Operation 1064 [1/1] (0.00ns)   --->   "%P_218 = phi i32 %P_147, void %arrayidx802.i82.case.4, i32 %P_147, void %arrayidx802.i82.case.21504, i32 %P_147, void %arrayidx802.i82.case.11503, i32 %P_147, void %arrayidx802.i82.case.01502, i32 %P_147, void %arrayidx802.i82.case.3, i32 %P_147, void %arrayidx802.i82.case.41499, i32 %P_147, void %arrayidx802.i82.case.21497, i32 %P_147, void %arrayidx802.i82.case.11496, i32 %P_147, void %arrayidx802.i82.case.01495, i32 %P_147, void %arrayidx802.i82.case.41492, i32 %P_147, void %arrayidx802.i82.case.21490, i32 %P_147, void %arrayidx802.i82.case.11489, i32 %P_147, void %arrayidx802.i82.case.01488, i32 %P_147, void %arrayidx802.i82.case.2, i32 %P_147, void %arrayidx802.i82.case.1, i32 %P_147, void %arrayidx802.i82.case.41485, i32 %P_147, void %arrayidx802.i82.case.21483, i32 %P_147, void %arrayidx802.i82.case.11482, i32 %P_147, void %arrayidx802.i82.case.01481, i32 %P_147, void %arrayidx802.i82.case.41478, i32 %P_147, void %arrayidx802.i82.case.5, i32 %m_4, void %arrayidx802.i82.case.01509, i32 %P_147, void %arrayidx802.i82.case.11510, i32 %P_147, void %arrayidx802.i82.case.21511, i32 %P_147, void %arrayidx802.i82.case.41513, i32 %P_147, void %arrayidx761.i81.case.0, i32 %P_147, void %arrayidx761.i81.case.1, i32 %P_147, void %arrayidx761.i81.case.2, i32 %P_147, void %arrayidx761.i81.case.3, i32 %P_147, void %arrayidx761.i81.case.4"   --->   Operation 1064 'phi' 'P_218' <Predicate = true> <Delay = 0.00>
ST_42 : Operation 1065 [1/1] (0.00ns)   --->   "%P_217 = phi i32 %P_146, void %arrayidx802.i82.case.4, i32 %P_146, void %arrayidx802.i82.case.21504, i32 %P_146, void %arrayidx802.i82.case.11503, i32 %P_146, void %arrayidx802.i82.case.01502, i32 %P_146, void %arrayidx802.i82.case.3, i32 %P_146, void %arrayidx802.i82.case.41499, i32 %P_146, void %arrayidx802.i82.case.21497, i32 %P_146, void %arrayidx802.i82.case.11496, i32 %P_146, void %arrayidx802.i82.case.01495, i32 %P_146, void %arrayidx802.i82.case.41492, i32 %P_146, void %arrayidx802.i82.case.21490, i32 %P_146, void %arrayidx802.i82.case.11489, i32 %P_146, void %arrayidx802.i82.case.01488, i32 %P_146, void %arrayidx802.i82.case.2, i32 %P_146, void %arrayidx802.i82.case.1, i32 %P_146, void %arrayidx802.i82.case.41485, i32 %P_146, void %arrayidx802.i82.case.21483, i32 %P_146, void %arrayidx802.i82.case.11482, i32 %P_146, void %arrayidx802.i82.case.01481, i32 %P_146, void %arrayidx802.i82.case.41478, i32 %P_146, void %arrayidx802.i82.case.5, i32 %P_146, void %arrayidx802.i82.case.01509, i32 %m_4, void %arrayidx802.i82.case.11510, i32 %P_146, void %arrayidx802.i82.case.21511, i32 %P_146, void %arrayidx802.i82.case.41513, i32 %P_146, void %arrayidx761.i81.case.0, i32 %P_146, void %arrayidx761.i81.case.1, i32 %P_146, void %arrayidx761.i81.case.2, i32 %P_146, void %arrayidx761.i81.case.3, i32 %P_146, void %arrayidx761.i81.case.4"   --->   Operation 1065 'phi' 'P_217' <Predicate = true> <Delay = 0.00>
ST_42 : Operation 1066 [1/1] (0.00ns)   --->   "%P_216 = phi i32 %P_145, void %arrayidx802.i82.case.4, i32 %P_145, void %arrayidx802.i82.case.21504, i32 %P_145, void %arrayidx802.i82.case.11503, i32 %P_145, void %arrayidx802.i82.case.01502, i32 %P_145, void %arrayidx802.i82.case.3, i32 %P_145, void %arrayidx802.i82.case.41499, i32 %P_145, void %arrayidx802.i82.case.21497, i32 %P_145, void %arrayidx802.i82.case.11496, i32 %P_145, void %arrayidx802.i82.case.01495, i32 %P_145, void %arrayidx802.i82.case.41492, i32 %P_145, void %arrayidx802.i82.case.21490, i32 %P_145, void %arrayidx802.i82.case.11489, i32 %P_145, void %arrayidx802.i82.case.01488, i32 %P_145, void %arrayidx802.i82.case.2, i32 %P_145, void %arrayidx802.i82.case.1, i32 %P_145, void %arrayidx802.i82.case.41485, i32 %P_145, void %arrayidx802.i82.case.21483, i32 %P_145, void %arrayidx802.i82.case.11482, i32 %P_145, void %arrayidx802.i82.case.01481, i32 %P_145, void %arrayidx802.i82.case.41478, i32 %P_145, void %arrayidx802.i82.case.5, i32 %P_145, void %arrayidx802.i82.case.01509, i32 %P_145, void %arrayidx802.i82.case.11510, i32 %m_4, void %arrayidx802.i82.case.21511, i32 %P_145, void %arrayidx802.i82.case.41513, i32 %P_145, void %arrayidx761.i81.case.0, i32 %P_145, void %arrayidx761.i81.case.1, i32 %P_145, void %arrayidx761.i81.case.2, i32 %P_145, void %arrayidx761.i81.case.3, i32 %P_145, void %arrayidx761.i81.case.4"   --->   Operation 1066 'phi' 'P_216' <Predicate = true> <Delay = 0.00>
ST_42 : Operation 1067 [1/1] (0.00ns)   --->   "%P_215 = phi i32 %P_144, void %arrayidx802.i82.case.4, i32 %P_144, void %arrayidx802.i82.case.21504, i32 %P_144, void %arrayidx802.i82.case.11503, i32 %P_144, void %arrayidx802.i82.case.01502, i32 %P_144, void %arrayidx802.i82.case.3, i32 %P_144, void %arrayidx802.i82.case.41499, i32 %P_144, void %arrayidx802.i82.case.21497, i32 %P_144, void %arrayidx802.i82.case.11496, i32 %P_144, void %arrayidx802.i82.case.01495, i32 %P_144, void %arrayidx802.i82.case.41492, i32 %P_144, void %arrayidx802.i82.case.21490, i32 %P_144, void %arrayidx802.i82.case.11489, i32 %P_144, void %arrayidx802.i82.case.01488, i32 %P_144, void %arrayidx802.i82.case.2, i32 %P_144, void %arrayidx802.i82.case.1, i32 %P_144, void %arrayidx802.i82.case.41485, i32 %P_144, void %arrayidx802.i82.case.21483, i32 %P_144, void %arrayidx802.i82.case.11482, i32 %P_144, void %arrayidx802.i82.case.01481, i32 %P_144, void %arrayidx802.i82.case.41478, i32 %m_4, void %arrayidx802.i82.case.5, i32 %P_144, void %arrayidx802.i82.case.01509, i32 %P_144, void %arrayidx802.i82.case.11510, i32 %P_144, void %arrayidx802.i82.case.21511, i32 %P_144, void %arrayidx802.i82.case.41513, i32 %P_144, void %arrayidx761.i81.case.0, i32 %P_144, void %arrayidx761.i81.case.1, i32 %P_144, void %arrayidx761.i81.case.2, i32 %P_144, void %arrayidx761.i81.case.3, i32 %P_144, void %arrayidx761.i81.case.4"   --->   Operation 1067 'phi' 'P_215' <Predicate = true> <Delay = 0.00>
ST_42 : Operation 1068 [1/1] (0.00ns)   --->   "%P_214 = phi i32 %P_143, void %arrayidx802.i82.case.4, i32 %P_143, void %arrayidx802.i82.case.21504, i32 %P_143, void %arrayidx802.i82.case.11503, i32 %P_143, void %arrayidx802.i82.case.01502, i32 %P_143, void %arrayidx802.i82.case.3, i32 %P_143, void %arrayidx802.i82.case.41499, i32 %P_143, void %arrayidx802.i82.case.21497, i32 %P_143, void %arrayidx802.i82.case.11496, i32 %P_143, void %arrayidx802.i82.case.01495, i32 %P_143, void %arrayidx802.i82.case.41492, i32 %P_143, void %arrayidx802.i82.case.21490, i32 %P_143, void %arrayidx802.i82.case.11489, i32 %P_143, void %arrayidx802.i82.case.01488, i32 %P_143, void %arrayidx802.i82.case.2, i32 %P_143, void %arrayidx802.i82.case.1, i32 %P_143, void %arrayidx802.i82.case.41485, i32 %P_143, void %arrayidx802.i82.case.21483, i32 %P_143, void %arrayidx802.i82.case.11482, i32 %P_143, void %arrayidx802.i82.case.01481, i32 %P_143, void %arrayidx802.i82.case.41478, i32 %P_143, void %arrayidx802.i82.case.5, i32 %P_143, void %arrayidx802.i82.case.01509, i32 %P_143, void %arrayidx802.i82.case.11510, i32 %P_143, void %arrayidx802.i82.case.21511, i32 %m_4, void %arrayidx802.i82.case.41513, i32 %P_143, void %arrayidx761.i81.case.0, i32 %P_143, void %arrayidx761.i81.case.1, i32 %P_143, void %arrayidx761.i81.case.2, i32 %P_143, void %arrayidx761.i81.case.3, i32 %P_143, void %arrayidx761.i81.case.4"   --->   Operation 1068 'phi' 'P_214' <Predicate = true> <Delay = 0.00>
ST_42 : Operation 1069 [1/1] (0.79ns)   --->   "%add_ln76_1 = add i4 %j, i4 1" [ekf_core.cpp:76->ekf_core.cpp:162]   --->   Operation 1069 'add' 'add_ln76_1' <Predicate = true> <Delay = 0.79> <CoreInst = "Adder">   --->   Core 1 'Adder' <Latency = 0> <II = 1> <Delay = 0.79> <FuncUnit> <Opcode : 'add' 'sub'> <InPorts = 2> <OutPorts = 1>
ST_42 : Operation 1070 [1/1] (0.00ns)   --->   "%br_ln76 = br void %for.body72.i" [ekf_core.cpp:76->ekf_core.cpp:162]   --->   Operation 1070 'br' 'br_ln76' <Predicate = true> <Delay = 0.00>

State 43 <SV = 32> <Delay = 7.30>
ST_43 : Operation 1071 [1/1] (7.30ns)   --->   "%m = read i32 @_ssdm_op_Read.m_axi.p1i32, i32 %gmem1_addr" [ekf_core.cpp:163]   --->   Operation 1071 'read' 'm' <Predicate = true> <Delay = 7.30> <CoreInst = "m_axi">   --->   Core 121 'm_axi' <Latency = 0> <II = 1> <Delay = 1.00> <Adapter> <Opcode : 'read' 'write' 'readreq' 'writereq' 'writeresp'>
ST_43 : Operation 1072 [1/1] (0.00ns)   --->   "%tmp = partselect i29 @_ssdm_op_PartSelect.i29.i32.i32.i32, i32 %m, i32 3, i32 31" [ekf_core.cpp:163]   --->   Operation 1072 'partselect' 'tmp' <Predicate = true> <Delay = 0.00>

State 44 <SV = 33> <Delay = 1.43>
ST_44 : Operation 1073 [1/1] (0.98ns)   --->   "%icmp_ln163 = icmp_sgt  i29 %tmp, i29 0" [ekf_core.cpp:163]   --->   Operation 1073 'icmp' 'icmp_ln163' <Predicate = true> <Delay = 0.98> <CoreInst = "Cmp">   --->   Core 9 'Cmp' <Latency = 0> <II = 1> <Delay = 0.98> <FuncUnit> <Opcode : 'icmp'> <InPorts = 2> <OutPorts = 1>
ST_44 : Operation 1074 [1/1] (0.44ns)   --->   "%m_1 = select i1 %icmp_ln163, i32 7, i32 %m" [ekf_core.cpp:163]   --->   Operation 1074 'select' 'm_1' <Predicate = true> <Delay = 0.44> <CoreInst = "Sel">   --->   Core 73 'Sel' <Latency = 0> <II = 1> <Delay = 0.44> <FuncUnit> <Opcode : 'select'> <InPorts = 3> <OutPorts = 1>
ST_44 : Operation 1075 [1/1] (0.42ns)   --->   "%br_ln164 = br void %VITIS_LOOP_168_8" [ekf_core.cpp:164]   --->   Operation 1075 'br' 'br_ln164' <Predicate = true> <Delay = 0.42>

State 45 <SV = 34> <Delay = 2.47>
ST_45 : Operation 1076 [1/1] (0.00ns)   --->   "%P_107 = phi i32 %P_106, void %_ZL7predictPfPA6_f.exit, i32 %P_212, void %for.inc85"   --->   Operation 1076 'phi' 'P_107' <Predicate = true> <Delay = 0.00>
ST_45 : Operation 1077 [1/1] (0.00ns)   --->   "%P_108 = phi i32 %P_105, void %_ZL7predictPfPA6_f.exit, i32 %P_211, void %for.inc85"   --->   Operation 1077 'phi' 'P_108' <Predicate = true> <Delay = 0.00>
ST_45 : Operation 1078 [1/1] (0.00ns)   --->   "%P_109 = phi i32 %P_104, void %_ZL7predictPfPA6_f.exit, i32 %P_210, void %for.inc85"   --->   Operation 1078 'phi' 'P_109' <Predicate = true> <Delay = 0.00>
ST_45 : Operation 1079 [1/1] (0.00ns)   --->   "%P_110 = phi i32 %P_103, void %_ZL7predictPfPA6_f.exit, i32 %P_209, void %for.inc85"   --->   Operation 1079 'phi' 'P_110' <Predicate = true> <Delay = 0.00>
ST_45 : Operation 1080 [1/1] (0.00ns)   --->   "%P_111 = phi i32 %P_102, void %_ZL7predictPfPA6_f.exit, i32 %P_208, void %for.inc85"   --->   Operation 1080 'phi' 'P_111' <Predicate = true> <Delay = 0.00>
ST_45 : Operation 1081 [1/1] (0.00ns)   --->   "%P_112 = phi i32 %P_101, void %_ZL7predictPfPA6_f.exit, i32 %P_207, void %for.inc85"   --->   Operation 1081 'phi' 'P_112' <Predicate = true> <Delay = 0.00>
ST_45 : Operation 1082 [1/1] (0.00ns)   --->   "%P_113 = phi i32 %P_100, void %_ZL7predictPfPA6_f.exit, i32 %P_206, void %for.inc85"   --->   Operation 1082 'phi' 'P_113' <Predicate = true> <Delay = 0.00>
ST_45 : Operation 1083 [1/1] (0.00ns)   --->   "%P_114 = phi i32 %P_99, void %_ZL7predictPfPA6_f.exit, i32 %P_205, void %for.inc85"   --->   Operation 1083 'phi' 'P_114' <Predicate = true> <Delay = 0.00>
ST_45 : Operation 1084 [1/1] (0.00ns)   --->   "%P_115 = phi i32 %P_98, void %_ZL7predictPfPA6_f.exit, i32 %P_204, void %for.inc85"   --->   Operation 1084 'phi' 'P_115' <Predicate = true> <Delay = 0.00>
ST_45 : Operation 1085 [1/1] (0.00ns)   --->   "%P_116 = phi i32 %P_97, void %_ZL7predictPfPA6_f.exit, i32 %P_203, void %for.inc85"   --->   Operation 1085 'phi' 'P_116' <Predicate = true> <Delay = 0.00>
ST_45 : Operation 1086 [1/1] (0.00ns)   --->   "%P_117 = phi i32 %P_96, void %_ZL7predictPfPA6_f.exit, i32 %P_202, void %for.inc85"   --->   Operation 1086 'phi' 'P_117' <Predicate = true> <Delay = 0.00>
ST_45 : Operation 1087 [1/1] (0.00ns)   --->   "%P_118 = phi i32 %P_95, void %_ZL7predictPfPA6_f.exit, i32 %P_201, void %for.inc85"   --->   Operation 1087 'phi' 'P_118' <Predicate = true> <Delay = 0.00>
ST_45 : Operation 1088 [1/1] (0.00ns)   --->   "%P_119 = phi i32 %P_94, void %_ZL7predictPfPA6_f.exit, i32 %P_200, void %for.inc85"   --->   Operation 1088 'phi' 'P_119' <Predicate = true> <Delay = 0.00>
ST_45 : Operation 1089 [1/1] (0.00ns)   --->   "%P_120 = phi i32 %P_93, void %_ZL7predictPfPA6_f.exit, i32 %P_199, void %for.inc85"   --->   Operation 1089 'phi' 'P_120' <Predicate = true> <Delay = 0.00>
ST_45 : Operation 1090 [1/1] (0.00ns)   --->   "%P_121 = phi i32 %P_92, void %_ZL7predictPfPA6_f.exit, i32 %P_198, void %for.inc85"   --->   Operation 1090 'phi' 'P_121' <Predicate = true> <Delay = 0.00>
ST_45 : Operation 1091 [1/1] (0.00ns)   --->   "%P_122 = phi i32 %P_91, void %_ZL7predictPfPA6_f.exit, i32 %P_197, void %for.inc85"   --->   Operation 1091 'phi' 'P_122' <Predicate = true> <Delay = 0.00>
ST_45 : Operation 1092 [1/1] (0.00ns)   --->   "%P_123 = phi i32 %P_90, void %_ZL7predictPfPA6_f.exit, i32 %P_196, void %for.inc85"   --->   Operation 1092 'phi' 'P_123' <Predicate = true> <Delay = 0.00>
ST_45 : Operation 1093 [1/1] (0.00ns)   --->   "%P_124 = phi i32 %P_89, void %_ZL7predictPfPA6_f.exit, i32 %P_195, void %for.inc85"   --->   Operation 1093 'phi' 'P_124' <Predicate = true> <Delay = 0.00>
ST_45 : Operation 1094 [1/1] (0.00ns)   --->   "%x = phi i32 %x_18_loc_load, void %_ZL7predictPfPA6_f.exit, i32 %x_37_loc_load, void %for.inc85"   --->   Operation 1094 'phi' 'x' <Predicate = true> <Delay = 0.00>
ST_45 : Operation 1095 [1/1] (0.00ns)   --->   "%x_13 = phi i32 %x_17_loc_load, void %_ZL7predictPfPA6_f.exit, i32 %x_36_loc_load, void %for.inc85"   --->   Operation 1095 'phi' 'x_13' <Predicate = true> <Delay = 0.00>
ST_45 : Operation 1096 [1/1] (0.00ns)   --->   "%x_14 = phi i32 %x_16_loc_load, void %_ZL7predictPfPA6_f.exit, i32 %x_35_loc_load, void %for.inc85"   --->   Operation 1096 'phi' 'x_14' <Predicate = true> <Delay = 0.00>
ST_45 : Operation 1097 [1/1] (0.00ns)   --->   "%x_15 = phi i32 %x_15_loc_load, void %_ZL7predictPfPA6_f.exit, i32 %x_34_loc_load, void %for.inc85"   --->   Operation 1097 'phi' 'x_15' <Predicate = true> <Delay = 0.00>
ST_45 : Operation 1098 [1/1] (0.00ns)   --->   "%x_16 = phi i32 %x_14_loc_load, void %_ZL7predictPfPA6_f.exit, i32 %x_33_loc_load, void %for.inc85"   --->   Operation 1098 'phi' 'x_16' <Predicate = true> <Delay = 0.00>
ST_45 : Operation 1099 [1/1] (0.00ns)   --->   "%x_17 = phi i32 %x_13_loc_load, void %_ZL7predictPfPA6_f.exit, i32 %x_32_loc_load, void %for.inc85"   --->   Operation 1099 'phi' 'x_17' <Predicate = true> <Delay = 0.00>
ST_45 : Operation 1100 [1/1] (0.00ns)   --->   "%P_125 = phi i32 %P_88, void %_ZL7predictPfPA6_f.exit, i32 %P_194, void %for.inc85"   --->   Operation 1100 'phi' 'P_125' <Predicate = true> <Delay = 0.00>
ST_45 : Operation 1101 [1/1] (0.00ns)   --->   "%P_126 = phi i32 %P_87, void %_ZL7predictPfPA6_f.exit, i32 %P_193, void %for.inc85"   --->   Operation 1101 'phi' 'P_126' <Predicate = true> <Delay = 0.00>
ST_45 : Operation 1102 [1/1] (0.00ns)   --->   "%P_127 = phi i32 %P_86, void %_ZL7predictPfPA6_f.exit, i32 %P_192, void %for.inc85"   --->   Operation 1102 'phi' 'P_127' <Predicate = true> <Delay = 0.00>
ST_45 : Operation 1103 [1/1] (0.00ns)   --->   "%P_128 = phi i32 %P_85, void %_ZL7predictPfPA6_f.exit, i32 %P_191, void %for.inc85"   --->   Operation 1103 'phi' 'P_128' <Predicate = true> <Delay = 0.00>
ST_45 : Operation 1104 [1/1] (0.00ns)   --->   "%P_129 = phi i32 %P_84, void %_ZL7predictPfPA6_f.exit, i32 %P_190, void %for.inc85"   --->   Operation 1104 'phi' 'P_129' <Predicate = true> <Delay = 0.00>
ST_45 : Operation 1105 [1/1] (0.00ns)   --->   "%P_130 = phi i32 %P_83, void %_ZL7predictPfPA6_f.exit, i32 %P_189, void %for.inc85"   --->   Operation 1105 'phi' 'P_130' <Predicate = true> <Delay = 0.00>
ST_45 : Operation 1106 [1/1] (0.00ns)   --->   "%P_131 = phi i32 %P_82, void %_ZL7predictPfPA6_f.exit, i32 %P_188, void %for.inc85"   --->   Operation 1106 'phi' 'P_131' <Predicate = true> <Delay = 0.00>
ST_45 : Operation 1107 [1/1] (0.00ns)   --->   "%P_132 = phi i32 %P_81, void %_ZL7predictPfPA6_f.exit, i32 %P_187, void %for.inc85"   --->   Operation 1107 'phi' 'P_132' <Predicate = true> <Delay = 0.00>
ST_45 : Operation 1108 [1/1] (0.00ns)   --->   "%P_133 = phi i32 %P_80, void %_ZL7predictPfPA6_f.exit, i32 %P_186, void %for.inc85"   --->   Operation 1108 'phi' 'P_133' <Predicate = true> <Delay = 0.00>
ST_45 : Operation 1109 [1/1] (0.00ns)   --->   "%P_134 = phi i32 %P_79, void %_ZL7predictPfPA6_f.exit, i32 %P_185, void %for.inc85"   --->   Operation 1109 'phi' 'P_134' <Predicate = true> <Delay = 0.00>
ST_45 : Operation 1110 [1/1] (0.00ns)   --->   "%P_135 = phi i32 %P_78, void %_ZL7predictPfPA6_f.exit, i32 %P_184, void %for.inc85"   --->   Operation 1110 'phi' 'P_135' <Predicate = true> <Delay = 0.00>
ST_45 : Operation 1111 [1/1] (0.00ns)   --->   "%P_136 = phi i32 %P_77, void %_ZL7predictPfPA6_f.exit, i32 %P_183, void %for.inc85"   --->   Operation 1111 'phi' 'P_136' <Predicate = true> <Delay = 0.00>
ST_45 : Operation 1112 [1/1] (0.00ns)   --->   "%P_137 = phi i32 %P_76, void %_ZL7predictPfPA6_f.exit, i32 %P_182, void %for.inc85"   --->   Operation 1112 'phi' 'P_137' <Predicate = true> <Delay = 0.00>
ST_45 : Operation 1113 [1/1] (0.00ns)   --->   "%P_138 = phi i32 %P_75, void %_ZL7predictPfPA6_f.exit, i32 %P_181, void %for.inc85"   --->   Operation 1113 'phi' 'P_138' <Predicate = true> <Delay = 0.00>
ST_45 : Operation 1114 [1/1] (0.00ns)   --->   "%P_139 = phi i32 %P_74, void %_ZL7predictPfPA6_f.exit, i32 %P_180, void %for.inc85"   --->   Operation 1114 'phi' 'P_139' <Predicate = true> <Delay = 0.00>
ST_45 : Operation 1115 [1/1] (0.00ns)   --->   "%P_140 = phi i32 %P_73, void %_ZL7predictPfPA6_f.exit, i32 %P_179, void %for.inc85"   --->   Operation 1115 'phi' 'P_140' <Predicate = true> <Delay = 0.00>
ST_45 : Operation 1116 [1/1] (0.00ns)   --->   "%P_141 = phi i32 %P, void %_ZL7predictPfPA6_f.exit, i32 %P_178, void %for.inc85"   --->   Operation 1116 'phi' 'P_141' <Predicate = true> <Delay = 0.00>
ST_45 : Operation 1117 [1/1] (0.00ns)   --->   "%P_142 = phi i32 %P_73_loc_load, void %_ZL7predictPfPA6_f.exit, i32 %P_283_loc_load, void %for.inc85"   --->   Operation 1117 'phi' 'P_142' <Predicate = true> <Delay = 0.00>
ST_45 : Operation 1118 [1/1] (0.00ns)   --->   "%k = phi i3 0, void %_ZL7predictPfPA6_f.exit, i3 %add_ln164, void %for.inc85" [ekf_core.cpp:164]   --->   Operation 1118 'phi' 'k' <Predicate = true> <Delay = 0.00>
ST_45 : Operation 1119 [1/1] (0.00ns)   --->   "%zext_ln154_1 = zext i3 %k" [ekf_core.cpp:154]   --->   Operation 1119 'zext' 'zext_ln154_1' <Predicate = true> <Delay = 0.00>
ST_45 : Operation 1120 [1/1] (1.01ns)   --->   "%icmp_ln164 = icmp_slt  i32 %zext_ln154_1, i32 %m_1" [ekf_core.cpp:164]   --->   Operation 1120 'icmp' 'icmp_ln164' <Predicate = true> <Delay = 1.01> <CoreInst = "Cmp">   --->   Core 9 'Cmp' <Latency = 0> <II = 1> <Delay = 1.01> <FuncUnit> <Opcode : 'icmp'> <InPorts = 2> <OutPorts = 1>
ST_45 : Operation 1121 [1/1] (0.67ns)   --->   "%add_ln164 = add i3 %k, i3 1" [ekf_core.cpp:164]   --->   Operation 1121 'add' 'add_ln164' <Predicate = true> <Delay = 0.67> <CoreInst = "Adder">   --->   Core 1 'Adder' <Latency = 0> <II = 1> <Delay = 0.67> <FuncUnit> <Opcode : 'add' 'sub'> <InPorts = 2> <OutPorts = 1>
ST_45 : Operation 1122 [1/1] (0.00ns)   --->   "%br_ln164 = br i1 %icmp_ln164, void %for.inc98.preheader, void %VITIS_LOOP_168_8.split" [ekf_core.cpp:164]   --->   Operation 1122 'br' 'br_ln164' <Predicate = true> <Delay = 0.00>
ST_45 : Operation 1123 [1/1] (0.00ns)   --->   "%shl_ln = bitconcatenate i6 @_ssdm_op_BitConcatenate.i6.i3.i3, i3 %k, i3 0" [ekf_core.cpp:165]   --->   Operation 1123 'bitconcatenate' 'shl_ln' <Predicate = (icmp_ln164)> <Delay = 0.00>
ST_45 : Operation 1124 [2/2] (1.45ns)   --->   "%call_ln165 = call void @ekf_batch_Pipeline_VITIS_LOOP_168_8, i6 %shl_ln, i32 %local_2, i32 %local_3, i32 %local_4, i32 %local_5, i32 %local_6, i32 %local_7, i32 %H_5_loc, i32 %H_4_loc, i32 %H_3_loc, i32 %H_2_loc, i32 %H_1_loc, i32 %H_loc" [ekf_core.cpp:165]   --->   Operation 1124 'call' 'call_ln165' <Predicate = (icmp_ln164)> <Delay = 1.45> <CoreType = "Generic">   --->   Core 0 '' <Latency = 0> <II = 1> <Delay = 1.00> <Generic> <Opcode : >
ST_45 : Operation 1125 [2/2] (1.05ns)   --->   "%call_ln0 = call void @ekf_batch_Pipeline_VITIS_LOOP_173_9, i32 %local_5_load, i32 %local_load, i32 %local_1_load, i32 %local_2_load, i32 %local_3_load, i32 %local_4_load, i32 %x_17, i32 %x_16, i32 %x_15, i32 %x_14, i32 %x_13, i32 %x, i32 %p_loc, i32 %p_loc221, i32 %p_loc222, i32 %p_loc223, i32 %p_loc224, i32 %p_loc225"   --->   Operation 1125 'call' 'call_ln0' <Predicate = (!icmp_ln164)> <Delay = 1.05> <CoreType = "Generic">   --->   Core 0 '' <Latency = 0> <II = 1> <Delay = 1.00> <Generic> <Opcode : >
ST_45 : Operation 1126 [1/1] (0.42ns)   --->   "%store_ln138 = store i31 %add_ln138, i31 %t" [ekf_core.cpp:138]   --->   Operation 1126 'store' 'store_ln138' <Predicate = (!icmp_ln164)> <Delay = 0.42>
ST_45 : Operation 1127 [1/1] (0.42ns)   --->   "%store_ln138 = store i40 %add_ln138_1, i40 %phi_mul" [ekf_core.cpp:138]   --->   Operation 1127 'store' 'store_ln138' <Predicate = (!icmp_ln164)> <Delay = 0.42>

State 46 <SV = 35> <Delay = 1.09>
ST_46 : Operation 1128 [1/2] (1.09ns)   --->   "%call_ln165 = call void @ekf_batch_Pipeline_VITIS_LOOP_168_8, i6 %shl_ln, i32 %local_2, i32 %local_3, i32 %local_4, i32 %local_5, i32 %local_6, i32 %local_7, i32 %H_5_loc, i32 %H_4_loc, i32 %H_3_loc, i32 %H_2_loc, i32 %H_1_loc, i32 %H_loc" [ekf_core.cpp:165]   --->   Operation 1128 'call' 'call_ln165' <Predicate = true> <Delay = 1.09> <CoreType = "Generic">   --->   Core 0 '' <Latency = 0> <II = 1> <Delay = 1.00> <Generic> <Opcode : >

State 47 <SV = 36> <Delay = 0.62>
ST_47 : Operation 1129 [1/1] (0.00ns)   --->   "%H_5_loc_load = load i32 %H_5_loc"   --->   Operation 1129 'load' 'H_5_loc_load' <Predicate = true> <Delay = 0.00>
ST_47 : Operation 1130 [1/1] (0.00ns)   --->   "%H_4_loc_load = load i32 %H_4_loc"   --->   Operation 1130 'load' 'H_4_loc_load' <Predicate = true> <Delay = 0.00>
ST_47 : Operation 1131 [1/1] (0.00ns)   --->   "%H_3_loc_load = load i32 %H_3_loc"   --->   Operation 1131 'load' 'H_3_loc_load' <Predicate = true> <Delay = 0.00>
ST_47 : Operation 1132 [1/1] (0.00ns)   --->   "%H_2_loc_load = load i32 %H_2_loc"   --->   Operation 1132 'load' 'H_2_loc_load' <Predicate = true> <Delay = 0.00>
ST_47 : Operation 1133 [1/1] (0.00ns)   --->   "%H_1_loc_load = load i32 %H_1_loc"   --->   Operation 1133 'load' 'H_1_loc_load' <Predicate = true> <Delay = 0.00>
ST_47 : Operation 1134 [1/1] (0.00ns)   --->   "%H_loc_load = load i32 %H_loc"   --->   Operation 1134 'load' 'H_loc_load' <Predicate = true> <Delay = 0.00>
ST_47 : Operation 1135 [2/2] (0.62ns)   --->   "%call_ln78 = call void @ekf_batch_Pipeline_VITIS_LOOP_89_1, i32 %P_124, i32 %P_118, i32 %P_112, i32 %P_125, i32 %P_131, i32 %P_137, i32 %H_5_loc_load, i32 %P_123, i32 %P_117, i32 %P_111, i32 %P_126, i32 %P_132, i32 %P_138, i32 %H_4_loc_load, i32 %P_122, i32 %P_116, i32 %P_110, i32 %P_127, i32 %P_133, i32 %P_139, i32 %H_3_loc_load, i32 %P_121, i32 %P_115, i32 %P_109, i32 %P_128, i32 %P_134, i32 %P_140, i32 %H_2_loc_load, i32 %P_120, i32 %P_114, i32 %P_108, i32 %P_129, i32 %P_135, i32 %P_141, i32 %H_1_loc_load, i32 %P_119, i32 %P_113, i32 %P_107, i32 %P_130, i32 %P_136, i32 %P_142, i32 %H_loc_load, i32 %Ph_5_loc, i32 %Ph_4_loc, i32 %Ph_3_loc, i32 %Ph_2_loc, i32 %Ph_1_loc, i32 %Ph_loc" [ekf_core.cpp:78->ekf_core.cpp:162]   --->   Operation 1135 'call' 'call_ln78' <Predicate = true> <Delay = 0.62> <CoreType = "Generic">   --->   Core 0 '' <Latency = 0> <II = 1> <Delay = 1.00> <Generic> <Opcode : >

State 48 <SV = 37> <Delay = 1.47>
ST_48 : Operation 1136 [1/1] (0.00ns)   --->   "%zext_ln154 = zext i3 %k" [ekf_core.cpp:154]   --->   Operation 1136 'zext' 'zext_ln154' <Predicate = true> <Delay = 0.00>
ST_48 : Operation 1137 [1/1] (0.79ns)   --->   "%add_ln169 = add i4 %zext_ln154, i4 6" [ekf_core.cpp:169]   --->   Operation 1137 'add' 'add_ln169' <Predicate = true> <Delay = 0.79> <CoreInst = "Adder">   --->   Core 1 'Adder' <Latency = 0> <II = 1> <Delay = 0.79> <FuncUnit> <Opcode : 'add' 'sub'> <InPorts = 2> <OutPorts = 1>
ST_48 : Operation 1138 [1/1] (0.00ns)   --->   "%zext_ln169 = zext i4 %add_ln169" [ekf_core.cpp:169]   --->   Operation 1138 'zext' 'zext_ln169' <Predicate = true> <Delay = 0.00>
ST_48 : Operation 1139 [1/1] (0.00ns)   --->   "%local_addr_1 = getelementptr i32 %local, i64 0, i64 %zext_ln169" [ekf_core.cpp:169]   --->   Operation 1139 'getelementptr' 'local_addr_1' <Predicate = true> <Delay = 0.00>
ST_48 : Operation 1140 [2/2] (0.67ns)   --->   "%local_load_1 = load i4 %local_addr_1" [ekf_core.cpp:169]   --->   Operation 1140 'load' 'local_load_1' <Predicate = true> <Delay = 0.67> <CoreInst = "RAM">   --->   Core 83 'RAM' <Latency = 1> <II = 1> <Delay = 0.67> <Storage> <Opcode : 'load' 'store'> <Ports = 2> <Width = 32> <Depth = 13> <RAM>
ST_48 : Operation 1141 [1/1] (0.00ns)   --->   "%local_1_addr_1 = getelementptr i32 %local_1, i64 0, i64 %zext_ln169" [ekf_core.cpp:169]   --->   Operation 1141 'getelementptr' 'local_1_addr_1' <Predicate = true> <Delay = 0.00>
ST_48 : Operation 1142 [2/2] (0.67ns)   --->   "%s = load i4 %local_1_addr_1" [ekf_core.cpp:169]   --->   Operation 1142 'load' 's' <Predicate = true> <Delay = 0.67> <CoreInst = "RAM">   --->   Core 83 'RAM' <Latency = 1> <II = 1> <Delay = 0.67> <Storage> <Opcode : 'load' 'store'> <Ports = 2> <Width = 32> <Depth = 13> <RAM>
ST_48 : Operation 1143 [1/2] (0.00ns)   --->   "%call_ln78 = call void @ekf_batch_Pipeline_VITIS_LOOP_89_1, i32 %P_124, i32 %P_118, i32 %P_112, i32 %P_125, i32 %P_131, i32 %P_137, i32 %H_5_loc_load, i32 %P_123, i32 %P_117, i32 %P_111, i32 %P_126, i32 %P_132, i32 %P_138, i32 %H_4_loc_load, i32 %P_122, i32 %P_116, i32 %P_110, i32 %P_127, i32 %P_133, i32 %P_139, i32 %H_3_loc_load, i32 %P_121, i32 %P_115, i32 %P_109, i32 %P_128, i32 %P_134, i32 %P_140, i32 %H_2_loc_load, i32 %P_120, i32 %P_114, i32 %P_108, i32 %P_129, i32 %P_135, i32 %P_141, i32 %H_1_loc_load, i32 %P_119, i32 %P_113, i32 %P_107, i32 %P_130, i32 %P_136, i32 %P_142, i32 %H_loc_load, i32 %Ph_5_loc, i32 %Ph_4_loc, i32 %Ph_3_loc, i32 %Ph_2_loc, i32 %Ph_1_loc, i32 %Ph_loc" [ekf_core.cpp:78->ekf_core.cpp:162]   --->   Operation 1143 'call' 'call_ln78' <Predicate = true> <Delay = 0.00> <CoreType = "Generic">   --->   Core 0 '' <Latency = 0> <II = 1> <Delay = 1.00> <Generic> <Opcode : >

State 49 <SV = 38> <Delay = 1.30>
ST_49 : Operation 1144 [1/2] (0.67ns)   --->   "%local_load_1 = load i4 %local_addr_1" [ekf_core.cpp:169]   --->   Operation 1144 'load' 'local_load_1' <Predicate = true> <Delay = 0.67> <CoreInst = "RAM">   --->   Core 83 'RAM' <Latency = 1> <II = 1> <Delay = 0.67> <Storage> <Opcode : 'load' 'store'> <Ports = 2> <Width = 32> <Depth = 13> <RAM>
ST_49 : Operation 1145 [1/2] (0.67ns)   --->   "%s = load i4 %local_1_addr_1" [ekf_core.cpp:169]   --->   Operation 1145 'load' 's' <Predicate = true> <Delay = 0.67> <CoreInst = "RAM">   --->   Core 83 'RAM' <Latency = 1> <II = 1> <Delay = 0.67> <Storage> <Opcode : 'load' 'store'> <Ports = 2> <Width = 32> <Depth = 13> <RAM>
ST_49 : Operation 1146 [1/1] (0.00ns)   --->   "%Ph_5_loc_load = load i32 %Ph_5_loc"   --->   Operation 1146 'load' 'Ph_5_loc_load' <Predicate = true> <Delay = 0.00>
ST_49 : Operation 1147 [1/1] (0.00ns)   --->   "%Ph_4_loc_load = load i32 %Ph_4_loc"   --->   Operation 1147 'load' 'Ph_4_loc_load' <Predicate = true> <Delay = 0.00>
ST_49 : Operation 1148 [1/1] (0.00ns)   --->   "%Ph_3_loc_load = load i32 %Ph_3_loc"   --->   Operation 1148 'load' 'Ph_3_loc_load' <Predicate = true> <Delay = 0.00>
ST_49 : Operation 1149 [1/1] (0.00ns)   --->   "%Ph_2_loc_load = load i32 %Ph_2_loc"   --->   Operation 1149 'load' 'Ph_2_loc_load' <Predicate = true> <Delay = 0.00>
ST_49 : Operation 1150 [1/1] (0.00ns)   --->   "%Ph_1_loc_load = load i32 %Ph_1_loc"   --->   Operation 1150 'load' 'Ph_1_loc_load' <Predicate = true> <Delay = 0.00>
ST_49 : Operation 1151 [1/1] (0.00ns)   --->   "%Ph_loc_load = load i32 %Ph_loc"   --->   Operation 1151 'load' 'Ph_loc_load' <Predicate = true> <Delay = 0.00>
ST_49 : Operation 1152 [2/2] (0.62ns)   --->   "%call_ln169 = call void @ekf_batch_Pipeline_VITIS_LOOP_96_3, i32 %s, i32 %H_5_loc_load, i32 %H_4_loc_load, i32 %H_3_loc_load, i32 %H_2_loc_load, i32 %H_1_loc_load, i32 %H_loc_load, i32 %Ph_loc_load, i32 %Ph_1_loc_load, i32 %Ph_2_loc_load, i32 %Ph_3_loc_load, i32 %Ph_4_loc_load, i32 %Ph_5_loc_load, i32 %s_loc" [ekf_core.cpp:169]   --->   Operation 1152 'call' 'call_ln169' <Predicate = true> <Delay = 0.62> <CoreType = "Generic">   --->   Core 0 '' <Latency = 0> <II = 1> <Delay = 1.00> <Generic> <Opcode : >

State 50 <SV = 39> <Delay = 0.00>
ST_50 : Operation 1153 [1/2] (0.00ns)   --->   "%call_ln169 = call void @ekf_batch_Pipeline_VITIS_LOOP_96_3, i32 %s, i32 %H_5_loc_load, i32 %H_4_loc_load, i32 %H_3_loc_load, i32 %H_2_loc_load, i32 %H_1_loc_load, i32 %H_loc_load, i32 %Ph_loc_load, i32 %Ph_1_loc_load, i32 %Ph_2_loc_load, i32 %Ph_3_loc_load, i32 %Ph_4_loc_load, i32 %Ph_5_loc_load, i32 %s_loc" [ekf_core.cpp:169]   --->   Operation 1153 'call' 'call_ln169' <Predicate = true> <Delay = 0.00> <CoreType = "Generic">   --->   Core 0 '' <Latency = 0> <II = 1> <Delay = 1.00> <Generic> <Opcode : >

State 51 <SV = 40> <Delay = 7.05>
ST_51 : Operation 1154 [1/1] (0.00ns)   --->   "%s_loc_load = load i32 %s_loc"   --->   Operation 1154 'load' 's_loc_load' <Predicate = true> <Delay = 0.00>
ST_51 : Operation 1155 [9/9] (7.05ns)   --->   "%inv_s = fdiv i32 1, i32 %s_loc_load" [ekf_core.cpp:100->ekf_core.cpp:169]   --->   Operation 1155 'fdiv' 'inv_s' <Predicate = true> <Delay = 7.05> <CoreInst = "FDiv">   --->   Core 20 'FDiv' <Latency = 8> <II = 1> <Delay = 7.05> <FuncUnit> <Opcode : 'fdiv' 'frem'> <InPorts = 2> <OutPorts = 1>

State 52 <SV = 41> <Delay = 7.05>
ST_52 : Operation 1156 [8/9] (7.05ns)   --->   "%inv_s = fdiv i32 1, i32 %s_loc_load" [ekf_core.cpp:100->ekf_core.cpp:169]   --->   Operation 1156 'fdiv' 'inv_s' <Predicate = true> <Delay = 7.05> <CoreInst = "FDiv">   --->   Core 20 'FDiv' <Latency = 8> <II = 1> <Delay = 7.05> <FuncUnit> <Opcode : 'fdiv' 'frem'> <InPorts = 2> <OutPorts = 1>

State 53 <SV = 42> <Delay = 7.05>
ST_53 : Operation 1157 [7/9] (7.05ns)   --->   "%inv_s = fdiv i32 1, i32 %s_loc_load" [ekf_core.cpp:100->ekf_core.cpp:169]   --->   Operation 1157 'fdiv' 'inv_s' <Predicate = true> <Delay = 7.05> <CoreInst = "FDiv">   --->   Core 20 'FDiv' <Latency = 8> <II = 1> <Delay = 7.05> <FuncUnit> <Opcode : 'fdiv' 'frem'> <InPorts = 2> <OutPorts = 1>

State 54 <SV = 43> <Delay = 7.05>
ST_54 : Operation 1158 [6/9] (7.05ns)   --->   "%inv_s = fdiv i32 1, i32 %s_loc_load" [ekf_core.cpp:100->ekf_core.cpp:169]   --->   Operation 1158 'fdiv' 'inv_s' <Predicate = true> <Delay = 7.05> <CoreInst = "FDiv">   --->   Core 20 'FDiv' <Latency = 8> <II = 1> <Delay = 7.05> <FuncUnit> <Opcode : 'fdiv' 'frem'> <InPorts = 2> <OutPorts = 1>

State 55 <SV = 44> <Delay = 7.05>
ST_55 : Operation 1159 [5/9] (7.05ns)   --->   "%inv_s = fdiv i32 1, i32 %s_loc_load" [ekf_core.cpp:100->ekf_core.cpp:169]   --->   Operation 1159 'fdiv' 'inv_s' <Predicate = true> <Delay = 7.05> <CoreInst = "FDiv">   --->   Core 20 'FDiv' <Latency = 8> <II = 1> <Delay = 7.05> <FuncUnit> <Opcode : 'fdiv' 'frem'> <InPorts = 2> <OutPorts = 1>

State 56 <SV = 45> <Delay = 7.05>
ST_56 : Operation 1160 [4/9] (7.05ns)   --->   "%inv_s = fdiv i32 1, i32 %s_loc_load" [ekf_core.cpp:100->ekf_core.cpp:169]   --->   Operation 1160 'fdiv' 'inv_s' <Predicate = true> <Delay = 7.05> <CoreInst = "FDiv">   --->   Core 20 'FDiv' <Latency = 8> <II = 1> <Delay = 7.05> <FuncUnit> <Opcode : 'fdiv' 'frem'> <InPorts = 2> <OutPorts = 1>

State 57 <SV = 46> <Delay = 7.05>
ST_57 : Operation 1161 [3/9] (7.05ns)   --->   "%inv_s = fdiv i32 1, i32 %s_loc_load" [ekf_core.cpp:100->ekf_core.cpp:169]   --->   Operation 1161 'fdiv' 'inv_s' <Predicate = true> <Delay = 7.05> <CoreInst = "FDiv">   --->   Core 20 'FDiv' <Latency = 8> <II = 1> <Delay = 7.05> <FuncUnit> <Opcode : 'fdiv' 'frem'> <InPorts = 2> <OutPorts = 1>

State 58 <SV = 47> <Delay = 7.05>
ST_58 : Operation 1162 [2/9] (7.05ns)   --->   "%inv_s = fdiv i32 1, i32 %s_loc_load" [ekf_core.cpp:100->ekf_core.cpp:169]   --->   Operation 1162 'fdiv' 'inv_s' <Predicate = true> <Delay = 7.05> <CoreInst = "FDiv">   --->   Core 20 'FDiv' <Latency = 8> <II = 1> <Delay = 7.05> <FuncUnit> <Opcode : 'fdiv' 'frem'> <InPorts = 2> <OutPorts = 1>

State 59 <SV = 48> <Delay = 7.05>
ST_59 : Operation 1163 [1/9] (7.05ns)   --->   "%inv_s = fdiv i32 1, i32 %s_loc_load" [ekf_core.cpp:100->ekf_core.cpp:169]   --->   Operation 1163 'fdiv' 'inv_s' <Predicate = true> <Delay = 7.05> <CoreInst = "FDiv">   --->   Core 20 'FDiv' <Latency = 8> <II = 1> <Delay = 7.05> <FuncUnit> <Opcode : 'fdiv' 'frem'> <InPorts = 2> <OutPorts = 1>

State 60 <SV = 49> <Delay = 0.62>
ST_60 : Operation 1164 [2/2] (0.62ns)   --->   "%call_ln100 = call void @ekf_batch_Pipeline_VITIS_LOOP_101_4, i32 %Ph_loc_load, i32 %Ph_1_loc_load, i32 %Ph_2_loc_load, i32 %Ph_3_loc_load, i32 %Ph_4_loc_load, i32 %Ph_5_loc_load, i32 %inv_s, i32 %K_5_loc, i32 %K_4_loc, i32 %K_3_loc, i32 %K_2_loc, i32 %K_1_loc, i32 %K_loc" [ekf_core.cpp:100->ekf_core.cpp:169]   --->   Operation 1164 'call' 'call_ln100' <Predicate = true> <Delay = 0.62> <CoreType = "Generic">   --->   Core 0 '' <Latency = 0> <II = 1> <Delay = 1.00> <Generic> <Opcode : >

State 61 <SV = 50> <Delay = 0.00>
ST_61 : Operation 1165 [1/2] (0.00ns)   --->   "%call_ln100 = call void @ekf_batch_Pipeline_VITIS_LOOP_101_4, i32 %Ph_loc_load, i32 %Ph_1_loc_load, i32 %Ph_2_loc_load, i32 %Ph_3_loc_load, i32 %Ph_4_loc_load, i32 %Ph_5_loc_load, i32 %inv_s, i32 %K_5_loc, i32 %K_4_loc, i32 %K_3_loc, i32 %K_2_loc, i32 %K_1_loc, i32 %K_loc" [ekf_core.cpp:100->ekf_core.cpp:169]   --->   Operation 1165 'call' 'call_ln100' <Predicate = true> <Delay = 0.00> <CoreType = "Generic">   --->   Core 0 '' <Latency = 0> <II = 1> <Delay = 1.00> <Generic> <Opcode : >

State 62 <SV = 51> <Delay = 0.62>
ST_62 : Operation 1166 [1/1] (0.00ns)   --->   "%K_5_loc_load = load i32 %K_5_loc"   --->   Operation 1166 'load' 'K_5_loc_load' <Predicate = true> <Delay = 0.00>
ST_62 : Operation 1167 [1/1] (0.00ns)   --->   "%K_4_loc_load = load i32 %K_4_loc"   --->   Operation 1167 'load' 'K_4_loc_load' <Predicate = true> <Delay = 0.00>
ST_62 : Operation 1168 [1/1] (0.00ns)   --->   "%K_3_loc_load = load i32 %K_3_loc"   --->   Operation 1168 'load' 'K_3_loc_load' <Predicate = true> <Delay = 0.00>
ST_62 : Operation 1169 [1/1] (0.00ns)   --->   "%K_2_loc_load = load i32 %K_2_loc"   --->   Operation 1169 'load' 'K_2_loc_load' <Predicate = true> <Delay = 0.00>
ST_62 : Operation 1170 [1/1] (0.00ns)   --->   "%K_1_loc_load = load i32 %K_1_loc"   --->   Operation 1170 'load' 'K_1_loc_load' <Predicate = true> <Delay = 0.00>
ST_62 : Operation 1171 [1/1] (0.00ns)   --->   "%K_loc_load = load i32 %K_loc"   --->   Operation 1171 'load' 'K_loc_load' <Predicate = true> <Delay = 0.00>
ST_62 : Operation 1172 [2/2] (0.62ns)   --->   "%call_ln169 = call void @ekf_batch_Pipeline_VITIS_LOOP_102_5, i32 %x, i32 %x_13, i32 %x_14, i32 %x_15, i32 %x_16, i32 %x_17, i32 %K_loc_load, i32 %K_1_loc_load, i32 %K_2_loc_load, i32 %K_3_loc_load, i32 %K_4_loc_load, i32 %K_5_loc_load, i32 %local_load_1, i32 %x_37_loc, i32 %x_36_loc, i32 %x_35_loc, i32 %x_34_loc, i32 %x_33_loc, i32 %x_32_loc" [ekf_core.cpp:169]   --->   Operation 1172 'call' 'call_ln169' <Predicate = true> <Delay = 0.62> <CoreType = "Generic">   --->   Core 0 '' <Latency = 0> <II = 1> <Delay = 1.00> <Generic> <Opcode : >
ST_62 : Operation 1173 [2/2] (0.62ns)   --->   "%call_ln0 = call void @ekf_batch_Pipeline_VITIS_LOOP_109_6, i32 %K_loc_load, i32 %K_1_loc_load, i32 %K_2_loc_load, i32 %K_3_loc_load, i32 %K_4_loc_load, i32 %K_5_loc_load, i32 %H_5_loc_load, i32 %H_4_loc_load, i32 %H_3_loc_load, i32 %H_2_loc_load, i32 %H_1_loc_load, i32 %H_loc_load, i32 %A_35_loc, i32 %A_34_loc, i32 %A_33_loc, i32 %A_32_loc, i32 %A_31_loc, i32 %A_30_loc, i32 %A_29_loc, i32 %A_28_loc, i32 %A_27_loc, i32 %A_26_loc, i32 %A_25_loc, i32 %A_24_loc, i32 %A_23_loc, i32 %A_22_loc, i32 %A_21_loc, i32 %A_20_loc, i32 %A_19_loc, i32 %A_18_loc, i32 %A_17_loc, i32 %A_16_loc, i32 %A_15_loc, i32 %A_14_loc, i32 %A_13_loc, i32 %A_12_loc, i32 %A_11_loc, i32 %A_10_loc, i32 %A_9_loc, i32 %A_8_loc, i32 %A_7_loc, i32 %A_6_loc, i32 %A_5_loc, i32 %A_4_loc, i32 %A_3_loc, i32 %A_2_loc, i32 %A_1_loc, i32 %A_loc"   --->   Operation 1173 'call' 'call_ln0' <Predicate = true> <Delay = 0.62> <CoreType = "Generic">   --->   Core 0 '' <Latency = 0> <II = 1> <Delay = 1.00> <Generic> <Opcode : >

State 63 <SV = 52> <Delay = 0.00>
ST_63 : Operation 1174 [1/2] (0.00ns)   --->   "%call_ln169 = call void @ekf_batch_Pipeline_VITIS_LOOP_102_5, i32 %x, i32 %x_13, i32 %x_14, i32 %x_15, i32 %x_16, i32 %x_17, i32 %K_loc_load, i32 %K_1_loc_load, i32 %K_2_loc_load, i32 %K_3_loc_load, i32 %K_4_loc_load, i32 %K_5_loc_load, i32 %local_load_1, i32 %x_37_loc, i32 %x_36_loc, i32 %x_35_loc, i32 %x_34_loc, i32 %x_33_loc, i32 %x_32_loc" [ekf_core.cpp:169]   --->   Operation 1174 'call' 'call_ln169' <Predicate = true> <Delay = 0.00> <CoreType = "Generic">   --->   Core 0 '' <Latency = 0> <II = 1> <Delay = 1.00> <Generic> <Opcode : >
ST_63 : Operation 1175 [1/2] (0.00ns)   --->   "%call_ln0 = call void @ekf_batch_Pipeline_VITIS_LOOP_109_6, i32 %K_loc_load, i32 %K_1_loc_load, i32 %K_2_loc_load, i32 %K_3_loc_load, i32 %K_4_loc_load, i32 %K_5_loc_load, i32 %H_5_loc_load, i32 %H_4_loc_load, i32 %H_3_loc_load, i32 %H_2_loc_load, i32 %H_1_loc_load, i32 %H_loc_load, i32 %A_35_loc, i32 %A_34_loc, i32 %A_33_loc, i32 %A_32_loc, i32 %A_31_loc, i32 %A_30_loc, i32 %A_29_loc, i32 %A_28_loc, i32 %A_27_loc, i32 %A_26_loc, i32 %A_25_loc, i32 %A_24_loc, i32 %A_23_loc, i32 %A_22_loc, i32 %A_21_loc, i32 %A_20_loc, i32 %A_19_loc, i32 %A_18_loc, i32 %A_17_loc, i32 %A_16_loc, i32 %A_15_loc, i32 %A_14_loc, i32 %A_13_loc, i32 %A_12_loc, i32 %A_11_loc, i32 %A_10_loc, i32 %A_9_loc, i32 %A_8_loc, i32 %A_7_loc, i32 %A_6_loc, i32 %A_5_loc, i32 %A_4_loc, i32 %A_3_loc, i32 %A_2_loc, i32 %A_1_loc, i32 %A_loc"   --->   Operation 1175 'call' 'call_ln0' <Predicate = true> <Delay = 0.00> <CoreType = "Generic">   --->   Core 0 '' <Latency = 0> <II = 1> <Delay = 1.00> <Generic> <Opcode : >

State 64 <SV = 53> <Delay = 1.07>
ST_64 : Operation 1176 [1/1] (0.00ns)   --->   "%A_35_loc_load = load i32 %A_35_loc"   --->   Operation 1176 'load' 'A_35_loc_load' <Predicate = true> <Delay = 0.00>
ST_64 : Operation 1177 [1/1] (0.00ns)   --->   "%A_34_loc_load = load i32 %A_34_loc"   --->   Operation 1177 'load' 'A_34_loc_load' <Predicate = true> <Delay = 0.00>
ST_64 : Operation 1178 [1/1] (0.00ns)   --->   "%A_33_loc_load = load i32 %A_33_loc"   --->   Operation 1178 'load' 'A_33_loc_load' <Predicate = true> <Delay = 0.00>
ST_64 : Operation 1179 [1/1] (0.00ns)   --->   "%A_32_loc_load = load i32 %A_32_loc"   --->   Operation 1179 'load' 'A_32_loc_load' <Predicate = true> <Delay = 0.00>
ST_64 : Operation 1180 [1/1] (0.00ns)   --->   "%A_31_loc_load = load i32 %A_31_loc"   --->   Operation 1180 'load' 'A_31_loc_load' <Predicate = true> <Delay = 0.00>
ST_64 : Operation 1181 [1/1] (0.00ns)   --->   "%A_30_loc_load = load i32 %A_30_loc"   --->   Operation 1181 'load' 'A_30_loc_load' <Predicate = true> <Delay = 0.00>
ST_64 : Operation 1182 [1/1] (0.00ns)   --->   "%A_29_loc_load = load i32 %A_29_loc"   --->   Operation 1182 'load' 'A_29_loc_load' <Predicate = true> <Delay = 0.00>
ST_64 : Operation 1183 [1/1] (0.00ns)   --->   "%A_28_loc_load = load i32 %A_28_loc"   --->   Operation 1183 'load' 'A_28_loc_load' <Predicate = true> <Delay = 0.00>
ST_64 : Operation 1184 [1/1] (0.00ns)   --->   "%A_27_loc_load = load i32 %A_27_loc"   --->   Operation 1184 'load' 'A_27_loc_load' <Predicate = true> <Delay = 0.00>
ST_64 : Operation 1185 [1/1] (0.00ns)   --->   "%A_26_loc_load = load i32 %A_26_loc"   --->   Operation 1185 'load' 'A_26_loc_load' <Predicate = true> <Delay = 0.00>
ST_64 : Operation 1186 [1/1] (0.00ns)   --->   "%A_25_loc_load = load i32 %A_25_loc"   --->   Operation 1186 'load' 'A_25_loc_load' <Predicate = true> <Delay = 0.00>
ST_64 : Operation 1187 [1/1] (0.00ns)   --->   "%A_24_loc_load = load i32 %A_24_loc"   --->   Operation 1187 'load' 'A_24_loc_load' <Predicate = true> <Delay = 0.00>
ST_64 : Operation 1188 [1/1] (0.00ns)   --->   "%A_23_loc_load = load i32 %A_23_loc"   --->   Operation 1188 'load' 'A_23_loc_load' <Predicate = true> <Delay = 0.00>
ST_64 : Operation 1189 [1/1] (0.00ns)   --->   "%A_22_loc_load = load i32 %A_22_loc"   --->   Operation 1189 'load' 'A_22_loc_load' <Predicate = true> <Delay = 0.00>
ST_64 : Operation 1190 [1/1] (0.00ns)   --->   "%A_21_loc_load = load i32 %A_21_loc"   --->   Operation 1190 'load' 'A_21_loc_load' <Predicate = true> <Delay = 0.00>
ST_64 : Operation 1191 [1/1] (0.00ns)   --->   "%A_20_loc_load = load i32 %A_20_loc"   --->   Operation 1191 'load' 'A_20_loc_load' <Predicate = true> <Delay = 0.00>
ST_64 : Operation 1192 [1/1] (0.00ns)   --->   "%A_19_loc_load = load i32 %A_19_loc"   --->   Operation 1192 'load' 'A_19_loc_load' <Predicate = true> <Delay = 0.00>
ST_64 : Operation 1193 [1/1] (0.00ns)   --->   "%A_18_loc_load = load i32 %A_18_loc"   --->   Operation 1193 'load' 'A_18_loc_load' <Predicate = true> <Delay = 0.00>
ST_64 : Operation 1194 [1/1] (0.00ns)   --->   "%A_17_loc_load = load i32 %A_17_loc"   --->   Operation 1194 'load' 'A_17_loc_load' <Predicate = true> <Delay = 0.00>
ST_64 : Operation 1195 [1/1] (0.00ns)   --->   "%A_16_loc_load = load i32 %A_16_loc"   --->   Operation 1195 'load' 'A_16_loc_load' <Predicate = true> <Delay = 0.00>
ST_64 : Operation 1196 [1/1] (0.00ns)   --->   "%A_15_loc_load = load i32 %A_15_loc"   --->   Operation 1196 'load' 'A_15_loc_load' <Predicate = true> <Delay = 0.00>
ST_64 : Operation 1197 [1/1] (0.00ns)   --->   "%A_14_loc_load = load i32 %A_14_loc"   --->   Operation 1197 'load' 'A_14_loc_load' <Predicate = true> <Delay = 0.00>
ST_64 : Operation 1198 [1/1] (0.00ns)   --->   "%A_13_loc_load = load i32 %A_13_loc"   --->   Operation 1198 'load' 'A_13_loc_load' <Predicate = true> <Delay = 0.00>
ST_64 : Operation 1199 [1/1] (0.00ns)   --->   "%A_12_loc_load = load i32 %A_12_loc"   --->   Operation 1199 'load' 'A_12_loc_load' <Predicate = true> <Delay = 0.00>
ST_64 : Operation 1200 [1/1] (0.00ns)   --->   "%A_11_loc_load = load i32 %A_11_loc"   --->   Operation 1200 'load' 'A_11_loc_load' <Predicate = true> <Delay = 0.00>
ST_64 : Operation 1201 [1/1] (0.00ns)   --->   "%A_10_loc_load = load i32 %A_10_loc"   --->   Operation 1201 'load' 'A_10_loc_load' <Predicate = true> <Delay = 0.00>
ST_64 : Operation 1202 [1/1] (0.00ns)   --->   "%A_9_loc_load = load i32 %A_9_loc"   --->   Operation 1202 'load' 'A_9_loc_load' <Predicate = true> <Delay = 0.00>
ST_64 : Operation 1203 [1/1] (0.00ns)   --->   "%A_8_loc_load = load i32 %A_8_loc"   --->   Operation 1203 'load' 'A_8_loc_load' <Predicate = true> <Delay = 0.00>
ST_64 : Operation 1204 [1/1] (0.00ns)   --->   "%A_7_loc_load = load i32 %A_7_loc"   --->   Operation 1204 'load' 'A_7_loc_load' <Predicate = true> <Delay = 0.00>
ST_64 : Operation 1205 [1/1] (0.00ns)   --->   "%A_6_loc_load = load i32 %A_6_loc"   --->   Operation 1205 'load' 'A_6_loc_load' <Predicate = true> <Delay = 0.00>
ST_64 : Operation 1206 [1/1] (0.00ns)   --->   "%A_5_loc_load = load i32 %A_5_loc"   --->   Operation 1206 'load' 'A_5_loc_load' <Predicate = true> <Delay = 0.00>
ST_64 : Operation 1207 [1/1] (0.00ns)   --->   "%A_4_loc_load = load i32 %A_4_loc"   --->   Operation 1207 'load' 'A_4_loc_load' <Predicate = true> <Delay = 0.00>
ST_64 : Operation 1208 [1/1] (0.00ns)   --->   "%A_3_loc_load = load i32 %A_3_loc"   --->   Operation 1208 'load' 'A_3_loc_load' <Predicate = true> <Delay = 0.00>
ST_64 : Operation 1209 [1/1] (0.00ns)   --->   "%A_2_loc_load = load i32 %A_2_loc"   --->   Operation 1209 'load' 'A_2_loc_load' <Predicate = true> <Delay = 0.00>
ST_64 : Operation 1210 [1/1] (0.00ns)   --->   "%A_1_loc_load = load i32 %A_1_loc"   --->   Operation 1210 'load' 'A_1_loc_load' <Predicate = true> <Delay = 0.00>
ST_64 : Operation 1211 [1/1] (0.00ns)   --->   "%A_loc_load = load i32 %A_loc"   --->   Operation 1211 'load' 'A_loc_load' <Predicate = true> <Delay = 0.00>
ST_64 : Operation 1212 [2/2] (1.07ns)   --->   "%call_ln78 = call void @ekf_batch_Pipeline_VITIS_LOOP_17_1_VITIS_LOOP_18_22, i32 %A_loc_load, i32 %A_6_loc_load, i32 %A_12_loc_load, i32 %A_18_loc_load, i32 %A_24_loc_load, i32 %A_30_loc_load, i32 %A_1_loc_load, i32 %A_7_loc_load, i32 %A_13_loc_load, i32 %A_19_loc_load, i32 %A_25_loc_load, i32 %A_31_loc_load, i32 %A_2_loc_load, i32 %A_8_loc_load, i32 %A_14_loc_load, i32 %A_20_loc_load, i32 %A_26_loc_load, i32 %A_32_loc_load, i32 %A_3_loc_load, i32 %A_9_loc_load, i32 %A_15_loc_load, i32 %A_21_loc_load, i32 %A_27_loc_load, i32 %A_33_loc_load, i32 %A_4_loc_load, i32 %A_10_loc_load, i32 %A_16_loc_load, i32 %A_22_loc_load, i32 %A_28_loc_load, i32 %A_34_loc_load, i32 %A_5_loc_load, i32 %A_11_loc_load, i32 %A_17_loc_load, i32 %A_23_loc_load, i32 %A_29_loc_load, i32 %A_35_loc_load, i32 %P_124, i32 %P_123, i32 %P_122, i32 %P_121, i32 %P_120, i32 %P_119, i32 %P_118, i32 %P_117, i32 %P_116, i32 %P_115, i32 %P_114, i32 %P_113, i32 %P_112, i32 %P_111, i32 %P_110, i32 %P_109, i32 %P_108, i32 %P_107, i32 %P_125, i32 %P_126, i32 %P_127, i32 %P_128, i32 %P_129, i32 %P_130, i32 %P_131, i32 %P_132, i32 %P_133, i32 %P_134, i32 %P_135, i32 %P_136, i32 %P_137, i32 %P_138, i32 %P_139, i32 %P_140, i32 %P_141, i32 %P_142, i32 %mux_case_520153177_loc, i32 %mux_case_420133172_loc, i32 %mux_case_320113167_loc, i32 %mux_case_220093162_loc, i32 %mux_case_120073157_loc, i32 %mux_case_020053151_loc, i32 %mux_case_520033147_loc, i32 %mux_case_420013142_loc, i32 %mux_case_319993137_loc, i32 %mux_case_219973132_loc, i32 %mux_case_119953127_loc, i32 %mux_case_019933121_loc, i32 %mux_case_519913117_loc, i32 %mux_case_419893112_loc, i32 %mux_case_319873107_loc, i32 %mux_case_219853102_loc, i32 %mux_case_119833097_loc, i32 %mux_case_019813091_loc, i32 %mux_case_519793087_loc, i32 %mux_case_419773082_loc, i32 %mux_case_319753077_loc, i32 %mux_case_219733072_loc, i32 %mux_case_119713067_loc, i32 %mux_case_019693061_loc, i32 %mux_case_519673057_loc, i32 %mux_case_419653052_loc, i32 %mux_case_319633047_loc, i32 %mux_case_219613042_loc, i32 %mux_case_119593037_loc, i32 %mux_case_019573031_loc, i32 %mux_case_519553027_loc, i32 %mux_case_419533022_loc, i32 %mux_case_319513017_loc, i32 %mux_case_219493012_loc, i32 %mux_case_119473007_loc, i32 %mux_case_019453001_loc" [ekf_core.cpp:78->ekf_core.cpp:162]   --->   Operation 1212 'call' 'call_ln78' <Predicate = true> <Delay = 1.07> <CoreType = "Generic">   --->   Core 0 '' <Latency = 0> <II = 1> <Delay = 1.00> <Generic> <Opcode : >
ST_64 : Operation 1213 [2/2] (0.62ns)   --->   "%call_ln0 = call void @ekf_batch_Pipeline_VITIS_LOOP_30_13, i32 %A_loc_load, i32 %A_6_loc_load, i32 %A_12_loc_load, i32 %A_18_loc_load, i32 %A_24_loc_load, i32 %A_30_loc_load, i32 %A_1_loc_load, i32 %A_7_loc_load, i32 %A_13_loc_load, i32 %A_19_loc_load, i32 %A_25_loc_load, i32 %A_31_loc_load, i32 %A_2_loc_load, i32 %A_8_loc_load, i32 %A_14_loc_load, i32 %A_20_loc_load, i32 %A_26_loc_load, i32 %A_32_loc_load, i32 %A_3_loc_load, i32 %A_9_loc_load, i32 %A_15_loc_load, i32 %A_21_loc_load, i32 %A_27_loc_load, i32 %A_33_loc_load, i32 %A_4_loc_load, i32 %A_10_loc_load, i32 %A_16_loc_load, i32 %A_22_loc_load, i32 %A_28_loc_load, i32 %A_34_loc_load, i32 %A_5_loc_load, i32 %A_11_loc_load, i32 %A_17_loc_load, i32 %A_23_loc_load, i32 %A_29_loc_load, i32 %A_35_loc_load, i32 %At_35_loc, i32 %At_34_loc, i32 %At_33_loc, i32 %At_32_loc, i32 %At_31_loc, i32 %At_30_loc, i32 %At_29_loc, i32 %At_28_loc, i32 %At_27_loc, i32 %At_26_loc, i32 %At_25_loc, i32 %At_24_loc, i32 %At_23_loc, i32 %At_22_loc, i32 %At_21_loc, i32 %At_20_loc, i32 %At_19_loc, i32 %At_18_loc, i32 %At_17_loc, i32 %At_16_loc, i32 %At_15_loc, i32 %At_14_loc, i32 %At_13_loc, i32 %At_12_loc, i32 %At_11_loc, i32 %At_10_loc, i32 %At_9_loc, i32 %At_8_loc, i32 %At_7_loc, i32 %At_6_loc, i32 %At_5_loc, i32 %At_4_loc, i32 %At_3_loc, i32 %At_2_loc, i32 %At_1_loc, i32 %At_loc"   --->   Operation 1213 'call' 'call_ln0' <Predicate = true> <Delay = 0.62> <CoreType = "Generic">   --->   Core 0 '' <Latency = 0> <II = 1> <Delay = 1.00> <Generic> <Opcode : >

State 65 <SV = 54> <Delay = 1.09>
ST_65 : Operation 1214 [1/2] (0.00ns)   --->   "%call_ln78 = call void @ekf_batch_Pipeline_VITIS_LOOP_17_1_VITIS_LOOP_18_22, i32 %A_loc_load, i32 %A_6_loc_load, i32 %A_12_loc_load, i32 %A_18_loc_load, i32 %A_24_loc_load, i32 %A_30_loc_load, i32 %A_1_loc_load, i32 %A_7_loc_load, i32 %A_13_loc_load, i32 %A_19_loc_load, i32 %A_25_loc_load, i32 %A_31_loc_load, i32 %A_2_loc_load, i32 %A_8_loc_load, i32 %A_14_loc_load, i32 %A_20_loc_load, i32 %A_26_loc_load, i32 %A_32_loc_load, i32 %A_3_loc_load, i32 %A_9_loc_load, i32 %A_15_loc_load, i32 %A_21_loc_load, i32 %A_27_loc_load, i32 %A_33_loc_load, i32 %A_4_loc_load, i32 %A_10_loc_load, i32 %A_16_loc_load, i32 %A_22_loc_load, i32 %A_28_loc_load, i32 %A_34_loc_load, i32 %A_5_loc_load, i32 %A_11_loc_load, i32 %A_17_loc_load, i32 %A_23_loc_load, i32 %A_29_loc_load, i32 %A_35_loc_load, i32 %P_124, i32 %P_123, i32 %P_122, i32 %P_121, i32 %P_120, i32 %P_119, i32 %P_118, i32 %P_117, i32 %P_116, i32 %P_115, i32 %P_114, i32 %P_113, i32 %P_112, i32 %P_111, i32 %P_110, i32 %P_109, i32 %P_108, i32 %P_107, i32 %P_125, i32 %P_126, i32 %P_127, i32 %P_128, i32 %P_129, i32 %P_130, i32 %P_131, i32 %P_132, i32 %P_133, i32 %P_134, i32 %P_135, i32 %P_136, i32 %P_137, i32 %P_138, i32 %P_139, i32 %P_140, i32 %P_141, i32 %P_142, i32 %mux_case_520153177_loc, i32 %mux_case_420133172_loc, i32 %mux_case_320113167_loc, i32 %mux_case_220093162_loc, i32 %mux_case_120073157_loc, i32 %mux_case_020053151_loc, i32 %mux_case_520033147_loc, i32 %mux_case_420013142_loc, i32 %mux_case_319993137_loc, i32 %mux_case_219973132_loc, i32 %mux_case_119953127_loc, i32 %mux_case_019933121_loc, i32 %mux_case_519913117_loc, i32 %mux_case_419893112_loc, i32 %mux_case_319873107_loc, i32 %mux_case_219853102_loc, i32 %mux_case_119833097_loc, i32 %mux_case_019813091_loc, i32 %mux_case_519793087_loc, i32 %mux_case_419773082_loc, i32 %mux_case_319753077_loc, i32 %mux_case_219733072_loc, i32 %mux_case_119713067_loc, i32 %mux_case_019693061_loc, i32 %mux_case_519673057_loc, i32 %mux_case_419653052_loc, i32 %mux_case_319633047_loc, i32 %mux_case_219613042_loc, i32 %mux_case_119593037_loc, i32 %mux_case_019573031_loc, i32 %mux_case_519553027_loc, i32 %mux_case_419533022_loc, i32 %mux_case_319513017_loc, i32 %mux_case_219493012_loc, i32 %mux_case_119473007_loc, i32 %mux_case_019453001_loc" [ekf_core.cpp:78->ekf_core.cpp:162]   --->   Operation 1214 'call' 'call_ln78' <Predicate = true> <Delay = 0.00> <CoreType = "Generic">   --->   Core 0 '' <Latency = 0> <II = 1> <Delay = 1.00> <Generic> <Opcode : >
ST_65 : Operation 1215 [1/2] (1.09ns)   --->   "%call_ln0 = call void @ekf_batch_Pipeline_VITIS_LOOP_30_13, i32 %A_loc_load, i32 %A_6_loc_load, i32 %A_12_loc_load, i32 %A_18_loc_load, i32 %A_24_loc_load, i32 %A_30_loc_load, i32 %A_1_loc_load, i32 %A_7_loc_load, i32 %A_13_loc_load, i32 %A_19_loc_load, i32 %A_25_loc_load, i32 %A_31_loc_load, i32 %A_2_loc_load, i32 %A_8_loc_load, i32 %A_14_loc_load, i32 %A_20_loc_load, i32 %A_26_loc_load, i32 %A_32_loc_load, i32 %A_3_loc_load, i32 %A_9_loc_load, i32 %A_15_loc_load, i32 %A_21_loc_load, i32 %A_27_loc_load, i32 %A_33_loc_load, i32 %A_4_loc_load, i32 %A_10_loc_load, i32 %A_16_loc_load, i32 %A_22_loc_load, i32 %A_28_loc_load, i32 %A_34_loc_load, i32 %A_5_loc_load, i32 %A_11_loc_load, i32 %A_17_loc_load, i32 %A_23_loc_load, i32 %A_29_loc_load, i32 %A_35_loc_load, i32 %At_35_loc, i32 %At_34_loc, i32 %At_33_loc, i32 %At_32_loc, i32 %At_31_loc, i32 %At_30_loc, i32 %At_29_loc, i32 %At_28_loc, i32 %At_27_loc, i32 %At_26_loc, i32 %At_25_loc, i32 %At_24_loc, i32 %At_23_loc, i32 %At_22_loc, i32 %At_21_loc, i32 %At_20_loc, i32 %At_19_loc, i32 %At_18_loc, i32 %At_17_loc, i32 %At_16_loc, i32 %At_15_loc, i32 %At_14_loc, i32 %At_13_loc, i32 %At_12_loc, i32 %At_11_loc, i32 %At_10_loc, i32 %At_9_loc, i32 %At_8_loc, i32 %At_7_loc, i32 %At_6_loc, i32 %At_5_loc, i32 %At_4_loc, i32 %At_3_loc, i32 %At_2_loc, i32 %At_1_loc, i32 %At_loc"   --->   Operation 1215 'call' 'call_ln0' <Predicate = true> <Delay = 1.09> <CoreType = "Generic">   --->   Core 0 '' <Latency = 0> <II = 1> <Delay = 1.00> <Generic> <Opcode : >

State 66 <SV = 55> <Delay = 1.07>
ST_66 : Operation 1216 [1/1] (0.00ns)   --->   "%mux_case_520153177_loc_load = load i32 %mux_case_520153177_loc"   --->   Operation 1216 'load' 'mux_case_520153177_loc_load' <Predicate = true> <Delay = 0.00>
ST_66 : Operation 1217 [1/1] (0.00ns)   --->   "%mux_case_420133172_loc_load = load i32 %mux_case_420133172_loc"   --->   Operation 1217 'load' 'mux_case_420133172_loc_load' <Predicate = true> <Delay = 0.00>
ST_66 : Operation 1218 [1/1] (0.00ns)   --->   "%mux_case_320113167_loc_load = load i32 %mux_case_320113167_loc"   --->   Operation 1218 'load' 'mux_case_320113167_loc_load' <Predicate = true> <Delay = 0.00>
ST_66 : Operation 1219 [1/1] (0.00ns)   --->   "%mux_case_220093162_loc_load = load i32 %mux_case_220093162_loc"   --->   Operation 1219 'load' 'mux_case_220093162_loc_load' <Predicate = true> <Delay = 0.00>
ST_66 : Operation 1220 [1/1] (0.00ns)   --->   "%mux_case_120073157_loc_load = load i32 %mux_case_120073157_loc"   --->   Operation 1220 'load' 'mux_case_120073157_loc_load' <Predicate = true> <Delay = 0.00>
ST_66 : Operation 1221 [1/1] (0.00ns)   --->   "%mux_case_020053151_loc_load = load i32 %mux_case_020053151_loc"   --->   Operation 1221 'load' 'mux_case_020053151_loc_load' <Predicate = true> <Delay = 0.00>
ST_66 : Operation 1222 [1/1] (0.00ns)   --->   "%mux_case_520033147_loc_load = load i32 %mux_case_520033147_loc"   --->   Operation 1222 'load' 'mux_case_520033147_loc_load' <Predicate = true> <Delay = 0.00>
ST_66 : Operation 1223 [1/1] (0.00ns)   --->   "%mux_case_420013142_loc_load = load i32 %mux_case_420013142_loc"   --->   Operation 1223 'load' 'mux_case_420013142_loc_load' <Predicate = true> <Delay = 0.00>
ST_66 : Operation 1224 [1/1] (0.00ns)   --->   "%mux_case_319993137_loc_load = load i32 %mux_case_319993137_loc"   --->   Operation 1224 'load' 'mux_case_319993137_loc_load' <Predicate = true> <Delay = 0.00>
ST_66 : Operation 1225 [1/1] (0.00ns)   --->   "%mux_case_219973132_loc_load = load i32 %mux_case_219973132_loc"   --->   Operation 1225 'load' 'mux_case_219973132_loc_load' <Predicate = true> <Delay = 0.00>
ST_66 : Operation 1226 [1/1] (0.00ns)   --->   "%mux_case_119953127_loc_load = load i32 %mux_case_119953127_loc"   --->   Operation 1226 'load' 'mux_case_119953127_loc_load' <Predicate = true> <Delay = 0.00>
ST_66 : Operation 1227 [1/1] (0.00ns)   --->   "%mux_case_019933121_loc_load = load i32 %mux_case_019933121_loc"   --->   Operation 1227 'load' 'mux_case_019933121_loc_load' <Predicate = true> <Delay = 0.00>
ST_66 : Operation 1228 [1/1] (0.00ns)   --->   "%mux_case_519913117_loc_load = load i32 %mux_case_519913117_loc"   --->   Operation 1228 'load' 'mux_case_519913117_loc_load' <Predicate = true> <Delay = 0.00>
ST_66 : Operation 1229 [1/1] (0.00ns)   --->   "%mux_case_419893112_loc_load = load i32 %mux_case_419893112_loc"   --->   Operation 1229 'load' 'mux_case_419893112_loc_load' <Predicate = true> <Delay = 0.00>
ST_66 : Operation 1230 [1/1] (0.00ns)   --->   "%mux_case_319873107_loc_load = load i32 %mux_case_319873107_loc"   --->   Operation 1230 'load' 'mux_case_319873107_loc_load' <Predicate = true> <Delay = 0.00>
ST_66 : Operation 1231 [1/1] (0.00ns)   --->   "%mux_case_219853102_loc_load = load i32 %mux_case_219853102_loc"   --->   Operation 1231 'load' 'mux_case_219853102_loc_load' <Predicate = true> <Delay = 0.00>
ST_66 : Operation 1232 [1/1] (0.00ns)   --->   "%mux_case_119833097_loc_load = load i32 %mux_case_119833097_loc"   --->   Operation 1232 'load' 'mux_case_119833097_loc_load' <Predicate = true> <Delay = 0.00>
ST_66 : Operation 1233 [1/1] (0.00ns)   --->   "%mux_case_019813091_loc_load = load i32 %mux_case_019813091_loc"   --->   Operation 1233 'load' 'mux_case_019813091_loc_load' <Predicate = true> <Delay = 0.00>
ST_66 : Operation 1234 [1/1] (0.00ns)   --->   "%mux_case_519793087_loc_load = load i32 %mux_case_519793087_loc"   --->   Operation 1234 'load' 'mux_case_519793087_loc_load' <Predicate = true> <Delay = 0.00>
ST_66 : Operation 1235 [1/1] (0.00ns)   --->   "%mux_case_419773082_loc_load = load i32 %mux_case_419773082_loc"   --->   Operation 1235 'load' 'mux_case_419773082_loc_load' <Predicate = true> <Delay = 0.00>
ST_66 : Operation 1236 [1/1] (0.00ns)   --->   "%mux_case_319753077_loc_load = load i32 %mux_case_319753077_loc"   --->   Operation 1236 'load' 'mux_case_319753077_loc_load' <Predicate = true> <Delay = 0.00>
ST_66 : Operation 1237 [1/1] (0.00ns)   --->   "%mux_case_219733072_loc_load = load i32 %mux_case_219733072_loc"   --->   Operation 1237 'load' 'mux_case_219733072_loc_load' <Predicate = true> <Delay = 0.00>
ST_66 : Operation 1238 [1/1] (0.00ns)   --->   "%mux_case_119713067_loc_load = load i32 %mux_case_119713067_loc"   --->   Operation 1238 'load' 'mux_case_119713067_loc_load' <Predicate = true> <Delay = 0.00>
ST_66 : Operation 1239 [1/1] (0.00ns)   --->   "%mux_case_019693061_loc_load = load i32 %mux_case_019693061_loc"   --->   Operation 1239 'load' 'mux_case_019693061_loc_load' <Predicate = true> <Delay = 0.00>
ST_66 : Operation 1240 [1/1] (0.00ns)   --->   "%mux_case_519673057_loc_load = load i32 %mux_case_519673057_loc"   --->   Operation 1240 'load' 'mux_case_519673057_loc_load' <Predicate = true> <Delay = 0.00>
ST_66 : Operation 1241 [1/1] (0.00ns)   --->   "%mux_case_419653052_loc_load = load i32 %mux_case_419653052_loc"   --->   Operation 1241 'load' 'mux_case_419653052_loc_load' <Predicate = true> <Delay = 0.00>
ST_66 : Operation 1242 [1/1] (0.00ns)   --->   "%mux_case_319633047_loc_load = load i32 %mux_case_319633047_loc"   --->   Operation 1242 'load' 'mux_case_319633047_loc_load' <Predicate = true> <Delay = 0.00>
ST_66 : Operation 1243 [1/1] (0.00ns)   --->   "%mux_case_219613042_loc_load = load i32 %mux_case_219613042_loc"   --->   Operation 1243 'load' 'mux_case_219613042_loc_load' <Predicate = true> <Delay = 0.00>
ST_66 : Operation 1244 [1/1] (0.00ns)   --->   "%mux_case_119593037_loc_load = load i32 %mux_case_119593037_loc"   --->   Operation 1244 'load' 'mux_case_119593037_loc_load' <Predicate = true> <Delay = 0.00>
ST_66 : Operation 1245 [1/1] (0.00ns)   --->   "%mux_case_019573031_loc_load = load i32 %mux_case_019573031_loc"   --->   Operation 1245 'load' 'mux_case_019573031_loc_load' <Predicate = true> <Delay = 0.00>
ST_66 : Operation 1246 [1/1] (0.00ns)   --->   "%mux_case_519553027_loc_load = load i32 %mux_case_519553027_loc"   --->   Operation 1246 'load' 'mux_case_519553027_loc_load' <Predicate = true> <Delay = 0.00>
ST_66 : Operation 1247 [1/1] (0.00ns)   --->   "%mux_case_419533022_loc_load = load i32 %mux_case_419533022_loc"   --->   Operation 1247 'load' 'mux_case_419533022_loc_load' <Predicate = true> <Delay = 0.00>
ST_66 : Operation 1248 [1/1] (0.00ns)   --->   "%mux_case_319513017_loc_load = load i32 %mux_case_319513017_loc"   --->   Operation 1248 'load' 'mux_case_319513017_loc_load' <Predicate = true> <Delay = 0.00>
ST_66 : Operation 1249 [1/1] (0.00ns)   --->   "%mux_case_219493012_loc_load = load i32 %mux_case_219493012_loc"   --->   Operation 1249 'load' 'mux_case_219493012_loc_load' <Predicate = true> <Delay = 0.00>
ST_66 : Operation 1250 [1/1] (0.00ns)   --->   "%mux_case_119473007_loc_load = load i32 %mux_case_119473007_loc"   --->   Operation 1250 'load' 'mux_case_119473007_loc_load' <Predicate = true> <Delay = 0.00>
ST_66 : Operation 1251 [1/1] (0.00ns)   --->   "%mux_case_019453001_loc_load = load i32 %mux_case_019453001_loc"   --->   Operation 1251 'load' 'mux_case_019453001_loc_load' <Predicate = true> <Delay = 0.00>
ST_66 : Operation 1252 [1/1] (0.00ns)   --->   "%At_35_loc_load = load i32 %At_35_loc"   --->   Operation 1252 'load' 'At_35_loc_load' <Predicate = true> <Delay = 0.00>
ST_66 : Operation 1253 [1/1] (0.00ns)   --->   "%At_34_loc_load = load i32 %At_34_loc"   --->   Operation 1253 'load' 'At_34_loc_load' <Predicate = true> <Delay = 0.00>
ST_66 : Operation 1254 [1/1] (0.00ns)   --->   "%At_33_loc_load = load i32 %At_33_loc"   --->   Operation 1254 'load' 'At_33_loc_load' <Predicate = true> <Delay = 0.00>
ST_66 : Operation 1255 [1/1] (0.00ns)   --->   "%At_32_loc_load = load i32 %At_32_loc"   --->   Operation 1255 'load' 'At_32_loc_load' <Predicate = true> <Delay = 0.00>
ST_66 : Operation 1256 [1/1] (0.00ns)   --->   "%At_31_loc_load = load i32 %At_31_loc"   --->   Operation 1256 'load' 'At_31_loc_load' <Predicate = true> <Delay = 0.00>
ST_66 : Operation 1257 [1/1] (0.00ns)   --->   "%At_30_loc_load = load i32 %At_30_loc"   --->   Operation 1257 'load' 'At_30_loc_load' <Predicate = true> <Delay = 0.00>
ST_66 : Operation 1258 [1/1] (0.00ns)   --->   "%At_29_loc_load = load i32 %At_29_loc"   --->   Operation 1258 'load' 'At_29_loc_load' <Predicate = true> <Delay = 0.00>
ST_66 : Operation 1259 [1/1] (0.00ns)   --->   "%At_28_loc_load = load i32 %At_28_loc"   --->   Operation 1259 'load' 'At_28_loc_load' <Predicate = true> <Delay = 0.00>
ST_66 : Operation 1260 [1/1] (0.00ns)   --->   "%At_27_loc_load = load i32 %At_27_loc"   --->   Operation 1260 'load' 'At_27_loc_load' <Predicate = true> <Delay = 0.00>
ST_66 : Operation 1261 [1/1] (0.00ns)   --->   "%At_26_loc_load = load i32 %At_26_loc"   --->   Operation 1261 'load' 'At_26_loc_load' <Predicate = true> <Delay = 0.00>
ST_66 : Operation 1262 [1/1] (0.00ns)   --->   "%At_25_loc_load = load i32 %At_25_loc"   --->   Operation 1262 'load' 'At_25_loc_load' <Predicate = true> <Delay = 0.00>
ST_66 : Operation 1263 [1/1] (0.00ns)   --->   "%At_24_loc_load = load i32 %At_24_loc"   --->   Operation 1263 'load' 'At_24_loc_load' <Predicate = true> <Delay = 0.00>
ST_66 : Operation 1264 [1/1] (0.00ns)   --->   "%At_23_loc_load = load i32 %At_23_loc"   --->   Operation 1264 'load' 'At_23_loc_load' <Predicate = true> <Delay = 0.00>
ST_66 : Operation 1265 [1/1] (0.00ns)   --->   "%At_22_loc_load = load i32 %At_22_loc"   --->   Operation 1265 'load' 'At_22_loc_load' <Predicate = true> <Delay = 0.00>
ST_66 : Operation 1266 [1/1] (0.00ns)   --->   "%At_21_loc_load = load i32 %At_21_loc"   --->   Operation 1266 'load' 'At_21_loc_load' <Predicate = true> <Delay = 0.00>
ST_66 : Operation 1267 [1/1] (0.00ns)   --->   "%At_20_loc_load = load i32 %At_20_loc"   --->   Operation 1267 'load' 'At_20_loc_load' <Predicate = true> <Delay = 0.00>
ST_66 : Operation 1268 [1/1] (0.00ns)   --->   "%At_19_loc_load = load i32 %At_19_loc"   --->   Operation 1268 'load' 'At_19_loc_load' <Predicate = true> <Delay = 0.00>
ST_66 : Operation 1269 [1/1] (0.00ns)   --->   "%At_18_loc_load = load i32 %At_18_loc"   --->   Operation 1269 'load' 'At_18_loc_load' <Predicate = true> <Delay = 0.00>
ST_66 : Operation 1270 [1/1] (0.00ns)   --->   "%At_17_loc_load = load i32 %At_17_loc"   --->   Operation 1270 'load' 'At_17_loc_load' <Predicate = true> <Delay = 0.00>
ST_66 : Operation 1271 [1/1] (0.00ns)   --->   "%At_16_loc_load = load i32 %At_16_loc"   --->   Operation 1271 'load' 'At_16_loc_load' <Predicate = true> <Delay = 0.00>
ST_66 : Operation 1272 [1/1] (0.00ns)   --->   "%At_15_loc_load = load i32 %At_15_loc"   --->   Operation 1272 'load' 'At_15_loc_load' <Predicate = true> <Delay = 0.00>
ST_66 : Operation 1273 [1/1] (0.00ns)   --->   "%At_14_loc_load = load i32 %At_14_loc"   --->   Operation 1273 'load' 'At_14_loc_load' <Predicate = true> <Delay = 0.00>
ST_66 : Operation 1274 [1/1] (0.00ns)   --->   "%At_13_loc_load = load i32 %At_13_loc"   --->   Operation 1274 'load' 'At_13_loc_load' <Predicate = true> <Delay = 0.00>
ST_66 : Operation 1275 [1/1] (0.00ns)   --->   "%At_12_loc_load = load i32 %At_12_loc"   --->   Operation 1275 'load' 'At_12_loc_load' <Predicate = true> <Delay = 0.00>
ST_66 : Operation 1276 [1/1] (0.00ns)   --->   "%At_11_loc_load = load i32 %At_11_loc"   --->   Operation 1276 'load' 'At_11_loc_load' <Predicate = true> <Delay = 0.00>
ST_66 : Operation 1277 [1/1] (0.00ns)   --->   "%At_10_loc_load = load i32 %At_10_loc"   --->   Operation 1277 'load' 'At_10_loc_load' <Predicate = true> <Delay = 0.00>
ST_66 : Operation 1278 [1/1] (0.00ns)   --->   "%At_9_loc_load = load i32 %At_9_loc"   --->   Operation 1278 'load' 'At_9_loc_load' <Predicate = true> <Delay = 0.00>
ST_66 : Operation 1279 [1/1] (0.00ns)   --->   "%At_8_loc_load = load i32 %At_8_loc"   --->   Operation 1279 'load' 'At_8_loc_load' <Predicate = true> <Delay = 0.00>
ST_66 : Operation 1280 [1/1] (0.00ns)   --->   "%At_7_loc_load = load i32 %At_7_loc"   --->   Operation 1280 'load' 'At_7_loc_load' <Predicate = true> <Delay = 0.00>
ST_66 : Operation 1281 [1/1] (0.00ns)   --->   "%At_6_loc_load = load i32 %At_6_loc"   --->   Operation 1281 'load' 'At_6_loc_load' <Predicate = true> <Delay = 0.00>
ST_66 : Operation 1282 [1/1] (0.00ns)   --->   "%At_5_loc_load = load i32 %At_5_loc"   --->   Operation 1282 'load' 'At_5_loc_load' <Predicate = true> <Delay = 0.00>
ST_66 : Operation 1283 [1/1] (0.00ns)   --->   "%At_4_loc_load = load i32 %At_4_loc"   --->   Operation 1283 'load' 'At_4_loc_load' <Predicate = true> <Delay = 0.00>
ST_66 : Operation 1284 [1/1] (0.00ns)   --->   "%At_3_loc_load = load i32 %At_3_loc"   --->   Operation 1284 'load' 'At_3_loc_load' <Predicate = true> <Delay = 0.00>
ST_66 : Operation 1285 [1/1] (0.00ns)   --->   "%At_2_loc_load = load i32 %At_2_loc"   --->   Operation 1285 'load' 'At_2_loc_load' <Predicate = true> <Delay = 0.00>
ST_66 : Operation 1286 [1/1] (0.00ns)   --->   "%At_1_loc_load = load i32 %At_1_loc"   --->   Operation 1286 'load' 'At_1_loc_load' <Predicate = true> <Delay = 0.00>
ST_66 : Operation 1287 [1/1] (0.00ns)   --->   "%At_loc_load = load i32 %At_loc"   --->   Operation 1287 'load' 'At_loc_load' <Predicate = true> <Delay = 0.00>
ST_66 : Operation 1288 [2/2] (1.07ns)   --->   "%call_ln0 = call void @ekf_batch_Pipeline_VITIS_LOOP_17_1_VITIS_LOOP_18_24, i32 %mux_case_019453001_loc_load, i32 %mux_case_119473007_loc_load, i32 %mux_case_219493012_loc_load, i32 %mux_case_319513017_loc_load, i32 %mux_case_419533022_loc_load, i32 %mux_case_519553027_loc_load, i32 %mux_case_019573031_loc_load, i32 %mux_case_119593037_loc_load, i32 %mux_case_219613042_loc_load, i32 %mux_case_319633047_loc_load, i32 %mux_case_419653052_loc_load, i32 %mux_case_519673057_loc_load, i32 %mux_case_019693061_loc_load, i32 %mux_case_119713067_loc_load, i32 %mux_case_219733072_loc_load, i32 %mux_case_319753077_loc_load, i32 %mux_case_419773082_loc_load, i32 %mux_case_519793087_loc_load, i32 %mux_case_019813091_loc_load, i32 %mux_case_119833097_loc_load, i32 %mux_case_219853102_loc_load, i32 %mux_case_319873107_loc_load, i32 %mux_case_419893112_loc_load, i32 %mux_case_519913117_loc_load, i32 %mux_case_019933121_loc_load, i32 %mux_case_119953127_loc_load, i32 %mux_case_219973132_loc_load, i32 %mux_case_319993137_loc_load, i32 %mux_case_420013142_loc_load, i32 %mux_case_520033147_loc_load, i32 %mux_case_020053151_loc_load, i32 %mux_case_120073157_loc_load, i32 %mux_case_220093162_loc_load, i32 %mux_case_320113167_loc_load, i32 %mux_case_420133172_loc_load, i32 %mux_case_520153177_loc_load, i32 %At_loc_load, i32 %At_1_loc_load, i32 %At_2_loc_load, i32 %At_3_loc_load, i32 %At_4_loc_load, i32 %At_5_loc_load, i32 %At_6_loc_load, i32 %At_7_loc_load, i32 %At_8_loc_load, i32 %At_9_loc_load, i32 %At_10_loc_load, i32 %At_11_loc_load, i32 %At_12_loc_load, i32 %At_13_loc_load, i32 %At_14_loc_load, i32 %At_15_loc_load, i32 %At_16_loc_load, i32 %At_17_loc_load, i32 %At_18_loc_load, i32 %At_19_loc_load, i32 %At_20_loc_load, i32 %At_21_loc_load, i32 %At_22_loc_load, i32 %At_23_loc_load, i32 %At_24_loc_load, i32 %At_25_loc_load, i32 %At_26_loc_load, i32 %At_27_loc_load, i32 %At_28_loc_load, i32 %At_29_loc_load, i32 %At_30_loc_load, i32 %At_31_loc_load, i32 %At_32_loc_load, i32 %At_33_loc_load, i32 %At_34_loc_load, i32 %At_35_loc_load, i32 %mux_case_522243393_loc, i32 %mux_case_422223387_loc, i32 %mux_case_322203381_loc, i32 %mux_case_222183375_loc, i32 %mux_case_122163369_loc, i32 %mux_case_022143363_loc, i32 %mux_case_522113357_loc, i32 %mux_case_422093351_loc, i32 %mux_case_322073345_loc, i32 %mux_case_222053339_loc, i32 %mux_case_122033333_loc, i32 %mux_case_022013327_loc, i32 %mux_case_521983321_loc, i32 %mux_case_421963315_loc, i32 %mux_case_321943309_loc, i32 %mux_case_221923303_loc, i32 %mux_case_121903297_loc, i32 %mux_case_021883291_loc, i32 %mux_case_521853285_loc, i32 %mux_case_421833279_loc, i32 %mux_case_321813273_loc, i32 %mux_case_221793267_loc, i32 %mux_case_121773261_loc, i32 %mux_case_021753255_loc, i32 %mux_case_521723249_loc, i32 %mux_case_421703243_loc, i32 %mux_case_321683237_loc, i32 %mux_case_221663231_loc, i32 %mux_case_121643225_loc, i32 %mux_case_021623219_loc, i32 %mux_case_521593212_loc, i32 %mux_case_421573206_loc, i32 %mux_case_321553200_loc, i32 %mux_case_221533194_loc, i32 %mux_case_121513188_loc, i32 %mux_case_021493182_loc"   --->   Operation 1288 'call' 'call_ln0' <Predicate = true> <Delay = 1.07> <CoreType = "Generic">   --->   Core 0 '' <Latency = 0> <II = 1> <Delay = 1.00> <Generic> <Opcode : >

State 67 <SV = 56> <Delay = 0.00>
ST_67 : Operation 1289 [1/2] (0.00ns)   --->   "%call_ln0 = call void @ekf_batch_Pipeline_VITIS_LOOP_17_1_VITIS_LOOP_18_24, i32 %mux_case_019453001_loc_load, i32 %mux_case_119473007_loc_load, i32 %mux_case_219493012_loc_load, i32 %mux_case_319513017_loc_load, i32 %mux_case_419533022_loc_load, i32 %mux_case_519553027_loc_load, i32 %mux_case_019573031_loc_load, i32 %mux_case_119593037_loc_load, i32 %mux_case_219613042_loc_load, i32 %mux_case_319633047_loc_load, i32 %mux_case_419653052_loc_load, i32 %mux_case_519673057_loc_load, i32 %mux_case_019693061_loc_load, i32 %mux_case_119713067_loc_load, i32 %mux_case_219733072_loc_load, i32 %mux_case_319753077_loc_load, i32 %mux_case_419773082_loc_load, i32 %mux_case_519793087_loc_load, i32 %mux_case_019813091_loc_load, i32 %mux_case_119833097_loc_load, i32 %mux_case_219853102_loc_load, i32 %mux_case_319873107_loc_load, i32 %mux_case_419893112_loc_load, i32 %mux_case_519913117_loc_load, i32 %mux_case_019933121_loc_load, i32 %mux_case_119953127_loc_load, i32 %mux_case_219973132_loc_load, i32 %mux_case_319993137_loc_load, i32 %mux_case_420013142_loc_load, i32 %mux_case_520033147_loc_load, i32 %mux_case_020053151_loc_load, i32 %mux_case_120073157_loc_load, i32 %mux_case_220093162_loc_load, i32 %mux_case_320113167_loc_load, i32 %mux_case_420133172_loc_load, i32 %mux_case_520153177_loc_load, i32 %At_loc_load, i32 %At_1_loc_load, i32 %At_2_loc_load, i32 %At_3_loc_load, i32 %At_4_loc_load, i32 %At_5_loc_load, i32 %At_6_loc_load, i32 %At_7_loc_load, i32 %At_8_loc_load, i32 %At_9_loc_load, i32 %At_10_loc_load, i32 %At_11_loc_load, i32 %At_12_loc_load, i32 %At_13_loc_load, i32 %At_14_loc_load, i32 %At_15_loc_load, i32 %At_16_loc_load, i32 %At_17_loc_load, i32 %At_18_loc_load, i32 %At_19_loc_load, i32 %At_20_loc_load, i32 %At_21_loc_load, i32 %At_22_loc_load, i32 %At_23_loc_load, i32 %At_24_loc_load, i32 %At_25_loc_load, i32 %At_26_loc_load, i32 %At_27_loc_load, i32 %At_28_loc_load, i32 %At_29_loc_load, i32 %At_30_loc_load, i32 %At_31_loc_load, i32 %At_32_loc_load, i32 %At_33_loc_load, i32 %At_34_loc_load, i32 %At_35_loc_load, i32 %mux_case_522243393_loc, i32 %mux_case_422223387_loc, i32 %mux_case_322203381_loc, i32 %mux_case_222183375_loc, i32 %mux_case_122163369_loc, i32 %mux_case_022143363_loc, i32 %mux_case_522113357_loc, i32 %mux_case_422093351_loc, i32 %mux_case_322073345_loc, i32 %mux_case_222053339_loc, i32 %mux_case_122033333_loc, i32 %mux_case_022013327_loc, i32 %mux_case_521983321_loc, i32 %mux_case_421963315_loc, i32 %mux_case_321943309_loc, i32 %mux_case_221923303_loc, i32 %mux_case_121903297_loc, i32 %mux_case_021883291_loc, i32 %mux_case_521853285_loc, i32 %mux_case_421833279_loc, i32 %mux_case_321813273_loc, i32 %mux_case_221793267_loc, i32 %mux_case_121773261_loc, i32 %mux_case_021753255_loc, i32 %mux_case_521723249_loc, i32 %mux_case_421703243_loc, i32 %mux_case_321683237_loc, i32 %mux_case_221663231_loc, i32 %mux_case_121643225_loc, i32 %mux_case_021623219_loc, i32 %mux_case_521593212_loc, i32 %mux_case_421573206_loc, i32 %mux_case_321553200_loc, i32 %mux_case_221533194_loc, i32 %mux_case_121513188_loc, i32 %mux_case_021493182_loc"   --->   Operation 1289 'call' 'call_ln0' <Predicate = true> <Delay = 0.00> <CoreType = "Generic">   --->   Core 0 '' <Latency = 0> <II = 1> <Delay = 1.00> <Generic> <Opcode : >

State 68 <SV = 57> <Delay = 0.62>
ST_68 : Operation 1290 [1/1] (0.00ns)   --->   "%mux_case_522243393_loc_load = load i32 %mux_case_522243393_loc"   --->   Operation 1290 'load' 'mux_case_522243393_loc_load' <Predicate = true> <Delay = 0.00>
ST_68 : Operation 1291 [1/1] (0.00ns)   --->   "%mux_case_422223387_loc_load = load i32 %mux_case_422223387_loc"   --->   Operation 1291 'load' 'mux_case_422223387_loc_load' <Predicate = true> <Delay = 0.00>
ST_68 : Operation 1292 [1/1] (0.00ns)   --->   "%mux_case_322203381_loc_load = load i32 %mux_case_322203381_loc"   --->   Operation 1292 'load' 'mux_case_322203381_loc_load' <Predicate = true> <Delay = 0.00>
ST_68 : Operation 1293 [1/1] (0.00ns)   --->   "%mux_case_222183375_loc_load = load i32 %mux_case_222183375_loc"   --->   Operation 1293 'load' 'mux_case_222183375_loc_load' <Predicate = true> <Delay = 0.00>
ST_68 : Operation 1294 [1/1] (0.00ns)   --->   "%mux_case_122163369_loc_load = load i32 %mux_case_122163369_loc"   --->   Operation 1294 'load' 'mux_case_122163369_loc_load' <Predicate = true> <Delay = 0.00>
ST_68 : Operation 1295 [1/1] (0.00ns)   --->   "%mux_case_022143363_loc_load = load i32 %mux_case_022143363_loc"   --->   Operation 1295 'load' 'mux_case_022143363_loc_load' <Predicate = true> <Delay = 0.00>
ST_68 : Operation 1296 [1/1] (0.00ns)   --->   "%mux_case_522113357_loc_load = load i32 %mux_case_522113357_loc"   --->   Operation 1296 'load' 'mux_case_522113357_loc_load' <Predicate = true> <Delay = 0.00>
ST_68 : Operation 1297 [1/1] (0.00ns)   --->   "%mux_case_422093351_loc_load = load i32 %mux_case_422093351_loc"   --->   Operation 1297 'load' 'mux_case_422093351_loc_load' <Predicate = true> <Delay = 0.00>
ST_68 : Operation 1298 [1/1] (0.00ns)   --->   "%mux_case_322073345_loc_load = load i32 %mux_case_322073345_loc"   --->   Operation 1298 'load' 'mux_case_322073345_loc_load' <Predicate = true> <Delay = 0.00>
ST_68 : Operation 1299 [1/1] (0.00ns)   --->   "%mux_case_222053339_loc_load = load i32 %mux_case_222053339_loc"   --->   Operation 1299 'load' 'mux_case_222053339_loc_load' <Predicate = true> <Delay = 0.00>
ST_68 : Operation 1300 [1/1] (0.00ns)   --->   "%mux_case_122033333_loc_load = load i32 %mux_case_122033333_loc"   --->   Operation 1300 'load' 'mux_case_122033333_loc_load' <Predicate = true> <Delay = 0.00>
ST_68 : Operation 1301 [1/1] (0.00ns)   --->   "%mux_case_022013327_loc_load = load i32 %mux_case_022013327_loc"   --->   Operation 1301 'load' 'mux_case_022013327_loc_load' <Predicate = true> <Delay = 0.00>
ST_68 : Operation 1302 [1/1] (0.00ns)   --->   "%mux_case_521983321_loc_load = load i32 %mux_case_521983321_loc"   --->   Operation 1302 'load' 'mux_case_521983321_loc_load' <Predicate = true> <Delay = 0.00>
ST_68 : Operation 1303 [1/1] (0.00ns)   --->   "%mux_case_421963315_loc_load = load i32 %mux_case_421963315_loc"   --->   Operation 1303 'load' 'mux_case_421963315_loc_load' <Predicate = true> <Delay = 0.00>
ST_68 : Operation 1304 [1/1] (0.00ns)   --->   "%mux_case_321943309_loc_load = load i32 %mux_case_321943309_loc"   --->   Operation 1304 'load' 'mux_case_321943309_loc_load' <Predicate = true> <Delay = 0.00>
ST_68 : Operation 1305 [1/1] (0.00ns)   --->   "%mux_case_221923303_loc_load = load i32 %mux_case_221923303_loc"   --->   Operation 1305 'load' 'mux_case_221923303_loc_load' <Predicate = true> <Delay = 0.00>
ST_68 : Operation 1306 [1/1] (0.00ns)   --->   "%mux_case_121903297_loc_load = load i32 %mux_case_121903297_loc"   --->   Operation 1306 'load' 'mux_case_121903297_loc_load' <Predicate = true> <Delay = 0.00>
ST_68 : Operation 1307 [1/1] (0.00ns)   --->   "%mux_case_021883291_loc_load = load i32 %mux_case_021883291_loc"   --->   Operation 1307 'load' 'mux_case_021883291_loc_load' <Predicate = true> <Delay = 0.00>
ST_68 : Operation 1308 [1/1] (0.00ns)   --->   "%mux_case_521853285_loc_load = load i32 %mux_case_521853285_loc"   --->   Operation 1308 'load' 'mux_case_521853285_loc_load' <Predicate = true> <Delay = 0.00>
ST_68 : Operation 1309 [1/1] (0.00ns)   --->   "%mux_case_421833279_loc_load = load i32 %mux_case_421833279_loc"   --->   Operation 1309 'load' 'mux_case_421833279_loc_load' <Predicate = true> <Delay = 0.00>
ST_68 : Operation 1310 [1/1] (0.00ns)   --->   "%mux_case_321813273_loc_load = load i32 %mux_case_321813273_loc"   --->   Operation 1310 'load' 'mux_case_321813273_loc_load' <Predicate = true> <Delay = 0.00>
ST_68 : Operation 1311 [1/1] (0.00ns)   --->   "%mux_case_221793267_loc_load = load i32 %mux_case_221793267_loc"   --->   Operation 1311 'load' 'mux_case_221793267_loc_load' <Predicate = true> <Delay = 0.00>
ST_68 : Operation 1312 [1/1] (0.00ns)   --->   "%mux_case_121773261_loc_load = load i32 %mux_case_121773261_loc"   --->   Operation 1312 'load' 'mux_case_121773261_loc_load' <Predicate = true> <Delay = 0.00>
ST_68 : Operation 1313 [1/1] (0.00ns)   --->   "%mux_case_021753255_loc_load = load i32 %mux_case_021753255_loc"   --->   Operation 1313 'load' 'mux_case_021753255_loc_load' <Predicate = true> <Delay = 0.00>
ST_68 : Operation 1314 [1/1] (0.00ns)   --->   "%mux_case_521723249_loc_load = load i32 %mux_case_521723249_loc"   --->   Operation 1314 'load' 'mux_case_521723249_loc_load' <Predicate = true> <Delay = 0.00>
ST_68 : Operation 1315 [1/1] (0.00ns)   --->   "%mux_case_421703243_loc_load = load i32 %mux_case_421703243_loc"   --->   Operation 1315 'load' 'mux_case_421703243_loc_load' <Predicate = true> <Delay = 0.00>
ST_68 : Operation 1316 [1/1] (0.00ns)   --->   "%mux_case_321683237_loc_load = load i32 %mux_case_321683237_loc"   --->   Operation 1316 'load' 'mux_case_321683237_loc_load' <Predicate = true> <Delay = 0.00>
ST_68 : Operation 1317 [1/1] (0.00ns)   --->   "%mux_case_221663231_loc_load = load i32 %mux_case_221663231_loc"   --->   Operation 1317 'load' 'mux_case_221663231_loc_load' <Predicate = true> <Delay = 0.00>
ST_68 : Operation 1318 [1/1] (0.00ns)   --->   "%mux_case_121643225_loc_load = load i32 %mux_case_121643225_loc"   --->   Operation 1318 'load' 'mux_case_121643225_loc_load' <Predicate = true> <Delay = 0.00>
ST_68 : Operation 1319 [1/1] (0.00ns)   --->   "%mux_case_021623219_loc_load = load i32 %mux_case_021623219_loc"   --->   Operation 1319 'load' 'mux_case_021623219_loc_load' <Predicate = true> <Delay = 0.00>
ST_68 : Operation 1320 [1/1] (0.00ns)   --->   "%mux_case_521593212_loc_load = load i32 %mux_case_521593212_loc"   --->   Operation 1320 'load' 'mux_case_521593212_loc_load' <Predicate = true> <Delay = 0.00>
ST_68 : Operation 1321 [1/1] (0.00ns)   --->   "%mux_case_421573206_loc_load = load i32 %mux_case_421573206_loc"   --->   Operation 1321 'load' 'mux_case_421573206_loc_load' <Predicate = true> <Delay = 0.00>
ST_68 : Operation 1322 [1/1] (0.00ns)   --->   "%mux_case_321553200_loc_load = load i32 %mux_case_321553200_loc"   --->   Operation 1322 'load' 'mux_case_321553200_loc_load' <Predicate = true> <Delay = 0.00>
ST_68 : Operation 1323 [1/1] (0.00ns)   --->   "%mux_case_221533194_loc_load = load i32 %mux_case_221533194_loc"   --->   Operation 1323 'load' 'mux_case_221533194_loc_load' <Predicate = true> <Delay = 0.00>
ST_68 : Operation 1324 [1/1] (0.00ns)   --->   "%mux_case_121513188_loc_load = load i32 %mux_case_121513188_loc"   --->   Operation 1324 'load' 'mux_case_121513188_loc_load' <Predicate = true> <Delay = 0.00>
ST_68 : Operation 1325 [1/1] (0.00ns)   --->   "%mux_case_021493182_loc_load = load i32 %mux_case_021493182_loc"   --->   Operation 1325 'load' 'mux_case_021493182_loc_load' <Predicate = true> <Delay = 0.00>
ST_68 : Operation 1326 [2/2] (0.62ns)   --->   "%call_ln78 = call void @ekf_batch_Pipeline_VITIS_LOOP_117_8, i32 %P_107, i32 %P_108, i32 %P_109, i32 %P_110, i32 %P_111, i32 %P_112, i32 %P_113, i32 %P_114, i32 %P_115, i32 %P_116, i32 %P_117, i32 %P_118, i32 %P_119, i32 %P_120, i32 %P_121, i32 %P_122, i32 %P_123, i32 %P_124, i32 %P_125, i32 %P_126, i32 %P_127, i32 %P_128, i32 %P_129, i32 %P_130, i32 %P_131, i32 %P_132, i32 %P_133, i32 %P_134, i32 %P_135, i32 %P_136, i32 %P_137, i32 %P_138, i32 %P_139, i32 %P_140, i32 %P_141, i32 %P_142, i32 %mux_case_521593212_loc_load, i32 %mux_case_521723249_loc_load, i32 %mux_case_521853285_loc_load, i32 %mux_case_521983321_loc_load, i32 %mux_case_522113357_loc_load, i32 %mux_case_522243393_loc_load, i32 %K_5_loc_load, i32 %mux_case_421573206_loc_load, i32 %mux_case_421703243_loc_load, i32 %mux_case_421833279_loc_load, i32 %mux_case_421963315_loc_load, i32 %mux_case_422093351_loc_load, i32 %mux_case_422223387_loc_load, i32 %K_4_loc_load, i32 %mux_case_321553200_loc_load, i32 %mux_case_321683237_loc_load, i32 %mux_case_321813273_loc_load, i32 %mux_case_321943309_loc_load, i32 %mux_case_322073345_loc_load, i32 %mux_case_322203381_loc_load, i32 %K_3_loc_load, i32 %mux_case_221533194_loc_load, i32 %mux_case_221663231_loc_load, i32 %mux_case_221793267_loc_load, i32 %mux_case_221923303_loc_load, i32 %mux_case_222053339_loc_load, i32 %mux_case_222183375_loc_load, i32 %K_2_loc_load, i32 %mux_case_121513188_loc_load, i32 %mux_case_121643225_loc_load, i32 %mux_case_121773261_loc_load, i32 %mux_case_121903297_loc_load, i32 %mux_case_122033333_loc_load, i32 %mux_case_122163369_loc_load, i32 %K_1_loc_load, i32 %K_loc_load, i32 %s, i32 %mux_case_021493182_loc_load, i32 %mux_case_021623219_loc_load, i32 %mux_case_021753255_loc_load, i32 %mux_case_021883291_loc_load, i32 %mux_case_022013327_loc_load, i32 %mux_case_022143363_loc_load, i32 %P_318_loc, i32 %P_317_loc, i32 %P_316_loc, i32 %P_315_loc, i32 %P_314_loc, i32 %P_313_loc, i32 %P_312_loc, i32 %P_311_loc, i32 %P_310_loc, i32 %P_309_loc, i32 %P_308_loc, i32 %P_307_loc, i32 %P_306_loc, i32 %P_305_loc, i32 %P_304_loc, i32 %P_303_loc, i32 %P_302_loc, i32 %P_301_loc, i32 %P_300_loc, i32 %P_299_loc, i32 %P_298_loc, i32 %P_297_loc, i32 %P_296_loc, i32 %P_295_loc, i32 %P_294_loc, i32 %P_293_loc, i32 %P_292_loc, i32 %P_291_loc, i32 %P_290_loc, i32 %P_289_loc, i32 %P_288_loc, i32 %P_287_loc, i32 %P_286_loc, i32 %P_285_loc, i32 %P_284_loc, i32 %P_283_loc" [ekf_core.cpp:78->ekf_core.cpp:162]   --->   Operation 1326 'call' 'call_ln78' <Predicate = true> <Delay = 0.62> <CoreType = "Generic">   --->   Core 0 '' <Latency = 0> <II = 1> <Delay = 1.00> <Generic> <Opcode : >

State 69 <SV = 58> <Delay = 0.00>
ST_69 : Operation 1327 [1/2] (0.00ns)   --->   "%call_ln78 = call void @ekf_batch_Pipeline_VITIS_LOOP_117_8, i32 %P_107, i32 %P_108, i32 %P_109, i32 %P_110, i32 %P_111, i32 %P_112, i32 %P_113, i32 %P_114, i32 %P_115, i32 %P_116, i32 %P_117, i32 %P_118, i32 %P_119, i32 %P_120, i32 %P_121, i32 %P_122, i32 %P_123, i32 %P_124, i32 %P_125, i32 %P_126, i32 %P_127, i32 %P_128, i32 %P_129, i32 %P_130, i32 %P_131, i32 %P_132, i32 %P_133, i32 %P_134, i32 %P_135, i32 %P_136, i32 %P_137, i32 %P_138, i32 %P_139, i32 %P_140, i32 %P_141, i32 %P_142, i32 %mux_case_521593212_loc_load, i32 %mux_case_521723249_loc_load, i32 %mux_case_521853285_loc_load, i32 %mux_case_521983321_loc_load, i32 %mux_case_522113357_loc_load, i32 %mux_case_522243393_loc_load, i32 %K_5_loc_load, i32 %mux_case_421573206_loc_load, i32 %mux_case_421703243_loc_load, i32 %mux_case_421833279_loc_load, i32 %mux_case_421963315_loc_load, i32 %mux_case_422093351_loc_load, i32 %mux_case_422223387_loc_load, i32 %K_4_loc_load, i32 %mux_case_321553200_loc_load, i32 %mux_case_321683237_loc_load, i32 %mux_case_321813273_loc_load, i32 %mux_case_321943309_loc_load, i32 %mux_case_322073345_loc_load, i32 %mux_case_322203381_loc_load, i32 %K_3_loc_load, i32 %mux_case_221533194_loc_load, i32 %mux_case_221663231_loc_load, i32 %mux_case_221793267_loc_load, i32 %mux_case_221923303_loc_load, i32 %mux_case_222053339_loc_load, i32 %mux_case_222183375_loc_load, i32 %K_2_loc_load, i32 %mux_case_121513188_loc_load, i32 %mux_case_121643225_loc_load, i32 %mux_case_121773261_loc_load, i32 %mux_case_121903297_loc_load, i32 %mux_case_122033333_loc_load, i32 %mux_case_122163369_loc_load, i32 %K_1_loc_load, i32 %K_loc_load, i32 %s, i32 %mux_case_021493182_loc_load, i32 %mux_case_021623219_loc_load, i32 %mux_case_021753255_loc_load, i32 %mux_case_021883291_loc_load, i32 %mux_case_022013327_loc_load, i32 %mux_case_022143363_loc_load, i32 %P_318_loc, i32 %P_317_loc, i32 %P_316_loc, i32 %P_315_loc, i32 %P_314_loc, i32 %P_313_loc, i32 %P_312_loc, i32 %P_311_loc, i32 %P_310_loc, i32 %P_309_loc, i32 %P_308_loc, i32 %P_307_loc, i32 %P_306_loc, i32 %P_305_loc, i32 %P_304_loc, i32 %P_303_loc, i32 %P_302_loc, i32 %P_301_loc, i32 %P_300_loc, i32 %P_299_loc, i32 %P_298_loc, i32 %P_297_loc, i32 %P_296_loc, i32 %P_295_loc, i32 %P_294_loc, i32 %P_293_loc, i32 %P_292_loc, i32 %P_291_loc, i32 %P_290_loc, i32 %P_289_loc, i32 %P_288_loc, i32 %P_287_loc, i32 %P_286_loc, i32 %P_285_loc, i32 %P_284_loc, i32 %P_283_loc" [ekf_core.cpp:78->ekf_core.cpp:162]   --->   Operation 1327 'call' 'call_ln78' <Predicate = true> <Delay = 0.00> <CoreType = "Generic">   --->   Core 0 '' <Latency = 0> <II = 1> <Delay = 1.00> <Generic> <Opcode : >

State 70 <SV = 59> <Delay = 0.42>
ST_70 : Operation 1328 [1/1] (0.00ns)   --->   "%speclooptripcount_ln154 = speclooptripcount void @_ssdm_op_SpecLoopTripCount, i64 0, i64 7, i64 3" [ekf_core.cpp:154]   --->   Operation 1328 'speclooptripcount' 'speclooptripcount_ln154' <Predicate = true> <Delay = 0.00>
ST_70 : Operation 1329 [1/1] (0.00ns)   --->   "%specloopname_ln164 = specloopname void @_ssdm_op_SpecLoopName, void @empty_24" [ekf_core.cpp:164]   --->   Operation 1329 'specloopname' 'specloopname_ln164' <Predicate = true> <Delay = 0.00>
ST_70 : Operation 1330 [1/1] (0.00ns)   --->   "%x_37_loc_load = load i32 %x_37_loc"   --->   Operation 1330 'load' 'x_37_loc_load' <Predicate = true> <Delay = 0.00>
ST_70 : Operation 1331 [1/1] (0.00ns)   --->   "%x_36_loc_load = load i32 %x_36_loc"   --->   Operation 1331 'load' 'x_36_loc_load' <Predicate = true> <Delay = 0.00>
ST_70 : Operation 1332 [1/1] (0.00ns)   --->   "%x_35_loc_load = load i32 %x_35_loc"   --->   Operation 1332 'load' 'x_35_loc_load' <Predicate = true> <Delay = 0.00>
ST_70 : Operation 1333 [1/1] (0.00ns)   --->   "%x_34_loc_load = load i32 %x_34_loc"   --->   Operation 1333 'load' 'x_34_loc_load' <Predicate = true> <Delay = 0.00>
ST_70 : Operation 1334 [1/1] (0.00ns)   --->   "%x_33_loc_load = load i32 %x_33_loc"   --->   Operation 1334 'load' 'x_33_loc_load' <Predicate = true> <Delay = 0.00>
ST_70 : Operation 1335 [1/1] (0.00ns)   --->   "%x_32_loc_load = load i32 %x_32_loc"   --->   Operation 1335 'load' 'x_32_loc_load' <Predicate = true> <Delay = 0.00>
ST_70 : Operation 1336 [1/1] (0.00ns)   --->   "%P_318_loc_load = load i32 %P_318_loc"   --->   Operation 1336 'load' 'P_318_loc_load' <Predicate = true> <Delay = 0.00>
ST_70 : Operation 1337 [1/1] (0.00ns)   --->   "%P_317_loc_load = load i32 %P_317_loc"   --->   Operation 1337 'load' 'P_317_loc_load' <Predicate = true> <Delay = 0.00>
ST_70 : Operation 1338 [1/1] (0.00ns)   --->   "%P_316_loc_load = load i32 %P_316_loc"   --->   Operation 1338 'load' 'P_316_loc_load' <Predicate = true> <Delay = 0.00>
ST_70 : Operation 1339 [1/1] (0.00ns)   --->   "%P_315_loc_load = load i32 %P_315_loc"   --->   Operation 1339 'load' 'P_315_loc_load' <Predicate = true> <Delay = 0.00>
ST_70 : Operation 1340 [1/1] (0.00ns)   --->   "%P_314_loc_load = load i32 %P_314_loc"   --->   Operation 1340 'load' 'P_314_loc_load' <Predicate = true> <Delay = 0.00>
ST_70 : Operation 1341 [1/1] (0.00ns)   --->   "%P_313_loc_load = load i32 %P_313_loc"   --->   Operation 1341 'load' 'P_313_loc_load' <Predicate = true> <Delay = 0.00>
ST_70 : Operation 1342 [1/1] (0.00ns)   --->   "%P_312_loc_load = load i32 %P_312_loc"   --->   Operation 1342 'load' 'P_312_loc_load' <Predicate = true> <Delay = 0.00>
ST_70 : Operation 1343 [1/1] (0.00ns)   --->   "%P_311_loc_load = load i32 %P_311_loc"   --->   Operation 1343 'load' 'P_311_loc_load' <Predicate = true> <Delay = 0.00>
ST_70 : Operation 1344 [1/1] (0.00ns)   --->   "%P_310_loc_load = load i32 %P_310_loc"   --->   Operation 1344 'load' 'P_310_loc_load' <Predicate = true> <Delay = 0.00>
ST_70 : Operation 1345 [1/1] (0.00ns)   --->   "%P_309_loc_load = load i32 %P_309_loc"   --->   Operation 1345 'load' 'P_309_loc_load' <Predicate = true> <Delay = 0.00>
ST_70 : Operation 1346 [1/1] (0.00ns)   --->   "%P_308_loc_load = load i32 %P_308_loc"   --->   Operation 1346 'load' 'P_308_loc_load' <Predicate = true> <Delay = 0.00>
ST_70 : Operation 1347 [1/1] (0.00ns)   --->   "%P_307_loc_load = load i32 %P_307_loc"   --->   Operation 1347 'load' 'P_307_loc_load' <Predicate = true> <Delay = 0.00>
ST_70 : Operation 1348 [1/1] (0.00ns)   --->   "%P_306_loc_load = load i32 %P_306_loc"   --->   Operation 1348 'load' 'P_306_loc_load' <Predicate = true> <Delay = 0.00>
ST_70 : Operation 1349 [1/1] (0.00ns)   --->   "%P_305_loc_load = load i32 %P_305_loc"   --->   Operation 1349 'load' 'P_305_loc_load' <Predicate = true> <Delay = 0.00>
ST_70 : Operation 1350 [1/1] (0.00ns)   --->   "%P_304_loc_load = load i32 %P_304_loc"   --->   Operation 1350 'load' 'P_304_loc_load' <Predicate = true> <Delay = 0.00>
ST_70 : Operation 1351 [1/1] (0.00ns)   --->   "%P_303_loc_load = load i32 %P_303_loc"   --->   Operation 1351 'load' 'P_303_loc_load' <Predicate = true> <Delay = 0.00>
ST_70 : Operation 1352 [1/1] (0.00ns)   --->   "%P_302_loc_load = load i32 %P_302_loc"   --->   Operation 1352 'load' 'P_302_loc_load' <Predicate = true> <Delay = 0.00>
ST_70 : Operation 1353 [1/1] (0.00ns)   --->   "%P_301_loc_load = load i32 %P_301_loc"   --->   Operation 1353 'load' 'P_301_loc_load' <Predicate = true> <Delay = 0.00>
ST_70 : Operation 1354 [1/1] (0.00ns)   --->   "%P_300_loc_load = load i32 %P_300_loc"   --->   Operation 1354 'load' 'P_300_loc_load' <Predicate = true> <Delay = 0.00>
ST_70 : Operation 1355 [1/1] (0.00ns)   --->   "%P_299_loc_load = load i32 %P_299_loc"   --->   Operation 1355 'load' 'P_299_loc_load' <Predicate = true> <Delay = 0.00>
ST_70 : Operation 1356 [1/1] (0.00ns)   --->   "%P_298_loc_load = load i32 %P_298_loc"   --->   Operation 1356 'load' 'P_298_loc_load' <Predicate = true> <Delay = 0.00>
ST_70 : Operation 1357 [1/1] (0.00ns)   --->   "%P_297_loc_load = load i32 %P_297_loc"   --->   Operation 1357 'load' 'P_297_loc_load' <Predicate = true> <Delay = 0.00>
ST_70 : Operation 1358 [1/1] (0.00ns)   --->   "%P_296_loc_load = load i32 %P_296_loc"   --->   Operation 1358 'load' 'P_296_loc_load' <Predicate = true> <Delay = 0.00>
ST_70 : Operation 1359 [1/1] (0.00ns)   --->   "%P_295_loc_load = load i32 %P_295_loc"   --->   Operation 1359 'load' 'P_295_loc_load' <Predicate = true> <Delay = 0.00>
ST_70 : Operation 1360 [1/1] (0.00ns)   --->   "%P_294_loc_load = load i32 %P_294_loc"   --->   Operation 1360 'load' 'P_294_loc_load' <Predicate = true> <Delay = 0.00>
ST_70 : Operation 1361 [1/1] (0.00ns)   --->   "%P_293_loc_load = load i32 %P_293_loc"   --->   Operation 1361 'load' 'P_293_loc_load' <Predicate = true> <Delay = 0.00>
ST_70 : Operation 1362 [1/1] (0.00ns)   --->   "%P_292_loc_load = load i32 %P_292_loc"   --->   Operation 1362 'load' 'P_292_loc_load' <Predicate = true> <Delay = 0.00>
ST_70 : Operation 1363 [1/1] (0.00ns)   --->   "%P_291_loc_load = load i32 %P_291_loc"   --->   Operation 1363 'load' 'P_291_loc_load' <Predicate = true> <Delay = 0.00>
ST_70 : Operation 1364 [1/1] (0.00ns)   --->   "%P_290_loc_load = load i32 %P_290_loc"   --->   Operation 1364 'load' 'P_290_loc_load' <Predicate = true> <Delay = 0.00>
ST_70 : Operation 1365 [1/1] (0.00ns)   --->   "%P_289_loc_load = load i32 %P_289_loc"   --->   Operation 1365 'load' 'P_289_loc_load' <Predicate = true> <Delay = 0.00>
ST_70 : Operation 1366 [1/1] (0.00ns)   --->   "%P_288_loc_load = load i32 %P_288_loc"   --->   Operation 1366 'load' 'P_288_loc_load' <Predicate = true> <Delay = 0.00>
ST_70 : Operation 1367 [1/1] (0.00ns)   --->   "%P_287_loc_load = load i32 %P_287_loc"   --->   Operation 1367 'load' 'P_287_loc_load' <Predicate = true> <Delay = 0.00>
ST_70 : Operation 1368 [1/1] (0.00ns)   --->   "%P_286_loc_load = load i32 %P_286_loc"   --->   Operation 1368 'load' 'P_286_loc_load' <Predicate = true> <Delay = 0.00>
ST_70 : Operation 1369 [1/1] (0.00ns)   --->   "%P_285_loc_load = load i32 %P_285_loc"   --->   Operation 1369 'load' 'P_285_loc_load' <Predicate = true> <Delay = 0.00>
ST_70 : Operation 1370 [1/1] (0.00ns)   --->   "%P_284_loc_load = load i32 %P_284_loc"   --->   Operation 1370 'load' 'P_284_loc_load' <Predicate = true> <Delay = 0.00>
ST_70 : Operation 1371 [1/1] (0.00ns)   --->   "%P_283_loc_load = load i32 %P_283_loc"   --->   Operation 1371 'load' 'P_283_loc_load' <Predicate = true> <Delay = 0.00>
ST_70 : Operation 1372 [1/1] (0.42ns)   --->   "%br_ln0 = br void %for.body127.i.lr.ph"   --->   Operation 1372 'br' 'br_ln0' <Predicate = true> <Delay = 0.42>

State 71 <SV = 60> <Delay = 0.67>
ST_71 : Operation 1373 [1/1] (0.00ns)   --->   "%P_212 = phi i32 %P_278, void %for.cond.cleanup126.i, i32 %P_318_loc_load, void %VITIS_LOOP_168_8.split"   --->   Operation 1373 'phi' 'P_212' <Predicate = true> <Delay = 0.00>
ST_71 : Operation 1374 [1/1] (0.00ns)   --->   "%P_211 = phi i32 %P_277, void %for.cond.cleanup126.i, i32 %P_317_loc_load, void %VITIS_LOOP_168_8.split"   --->   Operation 1374 'phi' 'P_211' <Predicate = true> <Delay = 0.00>
ST_71 : Operation 1375 [1/1] (0.00ns)   --->   "%P_210 = phi i32 %P_276, void %for.cond.cleanup126.i, i32 %P_316_loc_load, void %VITIS_LOOP_168_8.split"   --->   Operation 1375 'phi' 'P_210' <Predicate = true> <Delay = 0.00>
ST_71 : Operation 1376 [1/1] (0.00ns)   --->   "%P_209 = phi i32 %P_275, void %for.cond.cleanup126.i, i32 %P_315_loc_load, void %VITIS_LOOP_168_8.split"   --->   Operation 1376 'phi' 'P_209' <Predicate = true> <Delay = 0.00>
ST_71 : Operation 1377 [1/1] (0.00ns)   --->   "%P_208 = phi i32 %P_274, void %for.cond.cleanup126.i, i32 %P_314_loc_load, void %VITIS_LOOP_168_8.split"   --->   Operation 1377 'phi' 'P_208' <Predicate = true> <Delay = 0.00>
ST_71 : Operation 1378 [1/1] (0.00ns)   --->   "%P_207 = phi i32 %P_273, void %for.cond.cleanup126.i, i32 %P_313_loc_load, void %VITIS_LOOP_168_8.split"   --->   Operation 1378 'phi' 'P_207' <Predicate = true> <Delay = 0.00>
ST_71 : Operation 1379 [1/1] (0.00ns)   --->   "%P_206 = phi i32 %P_272, void %for.cond.cleanup126.i, i32 %P_312_loc_load, void %VITIS_LOOP_168_8.split"   --->   Operation 1379 'phi' 'P_206' <Predicate = true> <Delay = 0.00>
ST_71 : Operation 1380 [1/1] (0.00ns)   --->   "%P_205 = phi i32 %P_271, void %for.cond.cleanup126.i, i32 %P_311_loc_load, void %VITIS_LOOP_168_8.split"   --->   Operation 1380 'phi' 'P_205' <Predicate = true> <Delay = 0.00>
ST_71 : Operation 1381 [1/1] (0.00ns)   --->   "%P_204 = phi i32 %P_270, void %for.cond.cleanup126.i, i32 %P_310_loc_load, void %VITIS_LOOP_168_8.split"   --->   Operation 1381 'phi' 'P_204' <Predicate = true> <Delay = 0.00>
ST_71 : Operation 1382 [1/1] (0.00ns)   --->   "%P_203 = phi i32 %P_269, void %for.cond.cleanup126.i, i32 %P_309_loc_load, void %VITIS_LOOP_168_8.split"   --->   Operation 1382 'phi' 'P_203' <Predicate = true> <Delay = 0.00>
ST_71 : Operation 1383 [1/1] (0.00ns)   --->   "%P_202 = phi i32 %P_268, void %for.cond.cleanup126.i, i32 %P_308_loc_load, void %VITIS_LOOP_168_8.split"   --->   Operation 1383 'phi' 'P_202' <Predicate = true> <Delay = 0.00>
ST_71 : Operation 1384 [1/1] (0.00ns)   --->   "%P_201 = phi i32 %P_267, void %for.cond.cleanup126.i, i32 %P_307_loc_load, void %VITIS_LOOP_168_8.split"   --->   Operation 1384 'phi' 'P_201' <Predicate = true> <Delay = 0.00>
ST_71 : Operation 1385 [1/1] (0.00ns)   --->   "%P_200 = phi i32 %P_266, void %for.cond.cleanup126.i, i32 %P_306_loc_load, void %VITIS_LOOP_168_8.split"   --->   Operation 1385 'phi' 'P_200' <Predicate = true> <Delay = 0.00>
ST_71 : Operation 1386 [1/1] (0.00ns)   --->   "%P_199 = phi i32 %P_265, void %for.cond.cleanup126.i, i32 %P_305_loc_load, void %VITIS_LOOP_168_8.split"   --->   Operation 1386 'phi' 'P_199' <Predicate = true> <Delay = 0.00>
ST_71 : Operation 1387 [1/1] (0.00ns)   --->   "%P_198 = phi i32 %P_264, void %for.cond.cleanup126.i, i32 %P_304_loc_load, void %VITIS_LOOP_168_8.split"   --->   Operation 1387 'phi' 'P_198' <Predicate = true> <Delay = 0.00>
ST_71 : Operation 1388 [1/1] (0.00ns)   --->   "%P_197 = phi i32 %P_263, void %for.cond.cleanup126.i, i32 %P_303_loc_load, void %VITIS_LOOP_168_8.split"   --->   Operation 1388 'phi' 'P_197' <Predicate = true> <Delay = 0.00>
ST_71 : Operation 1389 [1/1] (0.00ns)   --->   "%P_196 = phi i32 %P_262, void %for.cond.cleanup126.i, i32 %P_302_loc_load, void %VITIS_LOOP_168_8.split"   --->   Operation 1389 'phi' 'P_196' <Predicate = true> <Delay = 0.00>
ST_71 : Operation 1390 [1/1] (0.00ns)   --->   "%P_195 = phi i32 %P_261, void %for.cond.cleanup126.i, i32 %P_301_loc_load, void %VITIS_LOOP_168_8.split"   --->   Operation 1390 'phi' 'P_195' <Predicate = true> <Delay = 0.00>
ST_71 : Operation 1391 [1/1] (0.00ns)   --->   "%P_194 = phi i32 %P_260, void %for.cond.cleanup126.i, i32 %P_300_loc_load, void %VITIS_LOOP_168_8.split"   --->   Operation 1391 'phi' 'P_194' <Predicate = true> <Delay = 0.00>
ST_71 : Operation 1392 [1/1] (0.00ns)   --->   "%P_193 = phi i32 %P_259, void %for.cond.cleanup126.i, i32 %P_299_loc_load, void %VITIS_LOOP_168_8.split"   --->   Operation 1392 'phi' 'P_193' <Predicate = true> <Delay = 0.00>
ST_71 : Operation 1393 [1/1] (0.00ns)   --->   "%P_192 = phi i32 %P_258, void %for.cond.cleanup126.i, i32 %P_298_loc_load, void %VITIS_LOOP_168_8.split"   --->   Operation 1393 'phi' 'P_192' <Predicate = true> <Delay = 0.00>
ST_71 : Operation 1394 [1/1] (0.00ns)   --->   "%P_191 = phi i32 %P_257, void %for.cond.cleanup126.i, i32 %P_297_loc_load, void %VITIS_LOOP_168_8.split"   --->   Operation 1394 'phi' 'P_191' <Predicate = true> <Delay = 0.00>
ST_71 : Operation 1395 [1/1] (0.00ns)   --->   "%P_190 = phi i32 %P_256, void %for.cond.cleanup126.i, i32 %P_296_loc_load, void %VITIS_LOOP_168_8.split"   --->   Operation 1395 'phi' 'P_190' <Predicate = true> <Delay = 0.00>
ST_71 : Operation 1396 [1/1] (0.00ns)   --->   "%P_189 = phi i32 %P_255, void %for.cond.cleanup126.i, i32 %P_295_loc_load, void %VITIS_LOOP_168_8.split"   --->   Operation 1396 'phi' 'P_189' <Predicate = true> <Delay = 0.00>
ST_71 : Operation 1397 [1/1] (0.00ns)   --->   "%P_188 = phi i32 %P_254, void %for.cond.cleanup126.i, i32 %P_294_loc_load, void %VITIS_LOOP_168_8.split"   --->   Operation 1397 'phi' 'P_188' <Predicate = true> <Delay = 0.00>
ST_71 : Operation 1398 [1/1] (0.00ns)   --->   "%P_187 = phi i32 %P_253, void %for.cond.cleanup126.i, i32 %P_293_loc_load, void %VITIS_LOOP_168_8.split"   --->   Operation 1398 'phi' 'P_187' <Predicate = true> <Delay = 0.00>
ST_71 : Operation 1399 [1/1] (0.00ns)   --->   "%P_186 = phi i32 %P_252, void %for.cond.cleanup126.i, i32 %P_292_loc_load, void %VITIS_LOOP_168_8.split"   --->   Operation 1399 'phi' 'P_186' <Predicate = true> <Delay = 0.00>
ST_71 : Operation 1400 [1/1] (0.00ns)   --->   "%P_185 = phi i32 %P_251, void %for.cond.cleanup126.i, i32 %P_291_loc_load, void %VITIS_LOOP_168_8.split"   --->   Operation 1400 'phi' 'P_185' <Predicate = true> <Delay = 0.00>
ST_71 : Operation 1401 [1/1] (0.00ns)   --->   "%P_184 = phi i32 %P_250, void %for.cond.cleanup126.i, i32 %P_290_loc_load, void %VITIS_LOOP_168_8.split"   --->   Operation 1401 'phi' 'P_184' <Predicate = true> <Delay = 0.00>
ST_71 : Operation 1402 [1/1] (0.00ns)   --->   "%P_183 = phi i32 %P_249, void %for.cond.cleanup126.i, i32 %P_289_loc_load, void %VITIS_LOOP_168_8.split"   --->   Operation 1402 'phi' 'P_183' <Predicate = true> <Delay = 0.00>
ST_71 : Operation 1403 [1/1] (0.00ns)   --->   "%P_182 = phi i32 %P_248, void %for.cond.cleanup126.i, i32 %P_288_loc_load, void %VITIS_LOOP_168_8.split"   --->   Operation 1403 'phi' 'P_182' <Predicate = true> <Delay = 0.00>
ST_71 : Operation 1404 [1/1] (0.00ns)   --->   "%P_181 = phi i32 %P_247, void %for.cond.cleanup126.i, i32 %P_287_loc_load, void %VITIS_LOOP_168_8.split"   --->   Operation 1404 'phi' 'P_181' <Predicate = true> <Delay = 0.00>
ST_71 : Operation 1405 [1/1] (0.00ns)   --->   "%P_180 = phi i32 %P_246, void %for.cond.cleanup126.i, i32 %P_286_loc_load, void %VITIS_LOOP_168_8.split"   --->   Operation 1405 'phi' 'P_180' <Predicate = true> <Delay = 0.00>
ST_71 : Operation 1406 [1/1] (0.00ns)   --->   "%P_179 = phi i32 %P_245, void %for.cond.cleanup126.i, i32 %P_285_loc_load, void %VITIS_LOOP_168_8.split"   --->   Operation 1406 'phi' 'P_179' <Predicate = true> <Delay = 0.00>
ST_71 : Operation 1407 [1/1] (0.00ns)   --->   "%P_178 = phi i32 %P_244, void %for.cond.cleanup126.i, i32 %P_284_loc_load, void %VITIS_LOOP_168_8.split"   --->   Operation 1407 'phi' 'P_178' <Predicate = true> <Delay = 0.00>
ST_71 : Operation 1408 [1/1] (0.00ns)   --->   "%i = phi i3 %add_ln120, void %for.cond.cleanup126.i, i3 1, void %VITIS_LOOP_168_8.split" [ekf_core.cpp:120->ekf_core.cpp:169]   --->   Operation 1408 'phi' 'i' <Predicate = true> <Delay = 0.00>
ST_71 : Operation 1409 [1/1] (0.00ns)   --->   "%phi_ln120 = phi i3 %i, void %for.cond.cleanup126.i, i3 0, void %VITIS_LOOP_168_8.split"   --->   Operation 1409 'phi' 'phi_ln120' <Predicate = true> <Delay = 0.00>
ST_71 : Operation 1410 [1/1] (0.00ns)   --->   "%specpipeline_ln0 = specpipeline void @_ssdm_op_SpecPipeline, i32 4294967295, i32 0, i32 1, i32 0, void @p_str"   --->   Operation 1410 'specpipeline' 'specpipeline_ln0' <Predicate = true> <Delay = 0.00>
ST_71 : Operation 1411 [1/1] (0.67ns)   --->   "%icmp_ln120 = icmp_eq  i3 %i, i3 6" [ekf_core.cpp:120->ekf_core.cpp:169]   --->   Operation 1411 'icmp' 'icmp_ln120' <Predicate = true> <Delay = 0.67> <CoreInst = "Cmp">   --->   Core 9 'Cmp' <Latency = 0> <II = 1> <Delay = 0.67> <FuncUnit> <Opcode : 'icmp'> <InPorts = 2> <OutPorts = 1>
ST_71 : Operation 1412 [1/1] (0.00ns)   --->   "%speclooptripcount_ln0 = speclooptripcount void @_ssdm_op_SpecLoopTripCount, i64 5, i64 5, i64 5"   --->   Operation 1412 'speclooptripcount' 'speclooptripcount_ln0' <Predicate = true> <Delay = 0.00>
ST_71 : Operation 1413 [1/1] (0.00ns)   --->   "%br_ln120 = br i1 %icmp_ln120, void %for.body127.i.lr.ph.split, void %for.inc85" [ekf_core.cpp:120->ekf_core.cpp:169]   --->   Operation 1413 'br' 'br_ln120' <Predicate = true> <Delay = 0.00>
ST_71 : Operation 1414 [1/1] (0.00ns)   --->   "%i_25_cast = zext i3 %i" [ekf_core.cpp:120->ekf_core.cpp:169]   --->   Operation 1414 'zext' 'i_25_cast' <Predicate = (!icmp_ln120)> <Delay = 0.00>
ST_71 : Operation 1415 [1/1] (0.00ns)   --->   "%specloopname_ln119 = specloopname void @_ssdm_op_SpecLoopName, void @empty_23" [ekf_core.cpp:119->ekf_core.cpp:169]   --->   Operation 1415 'specloopname' 'specloopname_ln119' <Predicate = (!icmp_ln120)> <Delay = 0.00>
ST_71 : Operation 1416 [1/1] (0.42ns)   --->   "%br_ln120 = br void %for.body127.i" [ekf_core.cpp:120->ekf_core.cpp:169]   --->   Operation 1416 'br' 'br_ln120' <Predicate = (!icmp_ln120)> <Delay = 0.42>
ST_71 : Operation 1417 [1/1] (0.00ns)   --->   "%br_ln164 = br void %VITIS_LOOP_168_8" [ekf_core.cpp:164]   --->   Operation 1417 'br' 'br_ln164' <Predicate = (icmp_ln120)> <Delay = 0.00>

State 72 <SV = 61> <Delay = 1.19>
ST_72 : Operation 1418 [1/1] (0.00ns)   --->   "%P_278 = phi i32 %P_212, void %for.body127.i.lr.ph.split, i32 %P_2_5_205882, void %arrayidx1352.i64.exit"   --->   Operation 1418 'phi' 'P_278' <Predicate = true> <Delay = 0.00>
ST_72 : Operation 1419 [1/1] (0.00ns)   --->   "%P_277 = phi i32 %P_211, void %for.body127.i.lr.ph.split, i32 %P_309, void %arrayidx1352.i64.exit"   --->   Operation 1419 'phi' 'P_277' <Predicate = true> <Delay = 0.00>
ST_72 : Operation 1420 [1/1] (0.00ns)   --->   "%P_276 = phi i32 %P_210, void %for.body127.i.lr.ph.split, i32 %P_308, void %arrayidx1352.i64.exit"   --->   Operation 1420 'phi' 'P_276' <Predicate = true> <Delay = 0.00>
ST_72 : Operation 1421 [1/1] (0.00ns)   --->   "%P_275 = phi i32 %P_209, void %for.body127.i.lr.ph.split, i32 %P_307, void %arrayidx1352.i64.exit"   --->   Operation 1421 'phi' 'P_275' <Predicate = true> <Delay = 0.00>
ST_72 : Operation 1422 [1/1] (0.00ns)   --->   "%P_274 = phi i32 %P_208, void %for.body127.i.lr.ph.split, i32 %P_306, void %arrayidx1352.i64.exit"   --->   Operation 1422 'phi' 'P_274' <Predicate = true> <Delay = 0.00>
ST_72 : Operation 1423 [1/1] (0.00ns)   --->   "%P_273 = phi i32 %P_207, void %for.body127.i.lr.ph.split, i32 %P_305, void %arrayidx1352.i64.exit"   --->   Operation 1423 'phi' 'P_273' <Predicate = true> <Delay = 0.00>
ST_72 : Operation 1424 [1/1] (0.00ns)   --->   "%P_272 = phi i32 %P_206, void %for.body127.i.lr.ph.split, i32 %P_1_5_205889, void %arrayidx1352.i64.exit"   --->   Operation 1424 'phi' 'P_272' <Predicate = true> <Delay = 0.00>
ST_72 : Operation 1425 [1/1] (0.00ns)   --->   "%P_271 = phi i32 %P_205, void %for.body127.i.lr.ph.split, i32 %P_304, void %arrayidx1352.i64.exit"   --->   Operation 1425 'phi' 'P_271' <Predicate = true> <Delay = 0.00>
ST_72 : Operation 1426 [1/1] (0.00ns)   --->   "%P_270 = phi i32 %P_204, void %for.body127.i.lr.ph.split, i32 %P_303, void %arrayidx1352.i64.exit"   --->   Operation 1426 'phi' 'P_270' <Predicate = true> <Delay = 0.00>
ST_72 : Operation 1427 [1/1] (0.00ns)   --->   "%P_269 = phi i32 %P_203, void %for.body127.i.lr.ph.split, i32 %P_302, void %arrayidx1352.i64.exit"   --->   Operation 1427 'phi' 'P_269' <Predicate = true> <Delay = 0.00>
ST_72 : Operation 1428 [1/1] (0.00ns)   --->   "%P_268 = phi i32 %P_202, void %for.body127.i.lr.ph.split, i32 %P_301, void %arrayidx1352.i64.exit"   --->   Operation 1428 'phi' 'P_268' <Predicate = true> <Delay = 0.00>
ST_72 : Operation 1429 [1/1] (0.00ns)   --->   "%P_267 = phi i32 %P_201, void %for.body127.i.lr.ph.split, i32 %P_300, void %arrayidx1352.i64.exit"   --->   Operation 1429 'phi' 'P_267' <Predicate = true> <Delay = 0.00>
ST_72 : Operation 1430 [1/1] (0.00ns)   --->   "%P_266 = phi i32 %P_200, void %for.body127.i.lr.ph.split, i32 %P_0_5_205896, void %arrayidx1352.i64.exit"   --->   Operation 1430 'phi' 'P_266' <Predicate = true> <Delay = 0.00>
ST_72 : Operation 1431 [1/1] (0.00ns)   --->   "%P_265 = phi i32 %P_199, void %for.body127.i.lr.ph.split, i32 %P_299, void %arrayidx1352.i64.exit"   --->   Operation 1431 'phi' 'P_265' <Predicate = true> <Delay = 0.00>
ST_72 : Operation 1432 [1/1] (0.00ns)   --->   "%P_264 = phi i32 %P_198, void %for.body127.i.lr.ph.split, i32 %P_298, void %arrayidx1352.i64.exit"   --->   Operation 1432 'phi' 'P_264' <Predicate = true> <Delay = 0.00>
ST_72 : Operation 1433 [1/1] (0.00ns)   --->   "%P_263 = phi i32 %P_197, void %for.body127.i.lr.ph.split, i32 %P_297, void %arrayidx1352.i64.exit"   --->   Operation 1433 'phi' 'P_263' <Predicate = true> <Delay = 0.00>
ST_72 : Operation 1434 [1/1] (0.00ns)   --->   "%P_262 = phi i32 %P_196, void %for.body127.i.lr.ph.split, i32 %P_296, void %arrayidx1352.i64.exit"   --->   Operation 1434 'phi' 'P_262' <Predicate = true> <Delay = 0.00>
ST_72 : Operation 1435 [1/1] (0.00ns)   --->   "%P_261 = phi i32 %P_195, void %for.body127.i.lr.ph.split, i32 %P_295, void %arrayidx1352.i64.exit"   --->   Operation 1435 'phi' 'P_261' <Predicate = true> <Delay = 0.00>
ST_72 : Operation 1436 [1/1] (0.00ns)   --->   "%P_260 = phi i32 %P_194, void %for.body127.i.lr.ph.split, i32 %P_294, void %arrayidx1352.i64.exit"   --->   Operation 1436 'phi' 'P_260' <Predicate = true> <Delay = 0.00>
ST_72 : Operation 1437 [1/1] (0.00ns)   --->   "%P_259 = phi i32 %P_193, void %for.body127.i.lr.ph.split, i32 %P_293, void %arrayidx1352.i64.exit"   --->   Operation 1437 'phi' 'P_259' <Predicate = true> <Delay = 0.00>
ST_72 : Operation 1438 [1/1] (0.00ns)   --->   "%P_258 = phi i32 %P_192, void %for.body127.i.lr.ph.split, i32 %P_292, void %arrayidx1352.i64.exit"   --->   Operation 1438 'phi' 'P_258' <Predicate = true> <Delay = 0.00>
ST_72 : Operation 1439 [1/1] (0.00ns)   --->   "%P_257 = phi i32 %P_191, void %for.body127.i.lr.ph.split, i32 %P_291, void %arrayidx1352.i64.exit"   --->   Operation 1439 'phi' 'P_257' <Predicate = true> <Delay = 0.00>
ST_72 : Operation 1440 [1/1] (0.00ns)   --->   "%P_256 = phi i32 %P_190, void %for.body127.i.lr.ph.split, i32 %P_290, void %arrayidx1352.i64.exit"   --->   Operation 1440 'phi' 'P_256' <Predicate = true> <Delay = 0.00>
ST_72 : Operation 1441 [1/1] (0.00ns)   --->   "%P_255 = phi i32 %P_189, void %for.body127.i.lr.ph.split, i32 %P_3_5_205908, void %arrayidx1352.i64.exit"   --->   Operation 1441 'phi' 'P_255' <Predicate = true> <Delay = 0.00>
ST_72 : Operation 1442 [1/1] (0.00ns)   --->   "%P_254 = phi i32 %P_188, void %for.body127.i.lr.ph.split, i32 %P_289, void %arrayidx1352.i64.exit"   --->   Operation 1442 'phi' 'P_254' <Predicate = true> <Delay = 0.00>
ST_72 : Operation 1443 [1/1] (0.00ns)   --->   "%P_253 = phi i32 %P_187, void %for.body127.i.lr.ph.split, i32 %P_288, void %arrayidx1352.i64.exit"   --->   Operation 1443 'phi' 'P_253' <Predicate = true> <Delay = 0.00>
ST_72 : Operation 1444 [1/1] (0.00ns)   --->   "%P_252 = phi i32 %P_186, void %for.body127.i.lr.ph.split, i32 %P_287, void %arrayidx1352.i64.exit"   --->   Operation 1444 'phi' 'P_252' <Predicate = true> <Delay = 0.00>
ST_72 : Operation 1445 [1/1] (0.00ns)   --->   "%P_251 = phi i32 %P_185, void %for.body127.i.lr.ph.split, i32 %P_286, void %arrayidx1352.i64.exit"   --->   Operation 1445 'phi' 'P_251' <Predicate = true> <Delay = 0.00>
ST_72 : Operation 1446 [1/1] (0.00ns)   --->   "%P_250 = phi i32 %P_184, void %for.body127.i.lr.ph.split, i32 %P_285, void %arrayidx1352.i64.exit"   --->   Operation 1446 'phi' 'P_250' <Predicate = true> <Delay = 0.00>
ST_72 : Operation 1447 [1/1] (0.00ns)   --->   "%P_249 = phi i32 %P_183, void %for.body127.i.lr.ph.split, i32 %P_4_5_205915, void %arrayidx1352.i64.exit"   --->   Operation 1447 'phi' 'P_249' <Predicate = true> <Delay = 0.00>
ST_72 : Operation 1448 [1/1] (0.00ns)   --->   "%P_248 = phi i32 %P_182, void %for.body127.i.lr.ph.split, i32 %P_284, void %arrayidx1352.i64.exit"   --->   Operation 1448 'phi' 'P_248' <Predicate = true> <Delay = 0.00>
ST_72 : Operation 1449 [1/1] (0.00ns)   --->   "%P_247 = phi i32 %P_181, void %for.body127.i.lr.ph.split, i32 %P_283, void %arrayidx1352.i64.exit"   --->   Operation 1449 'phi' 'P_247' <Predicate = true> <Delay = 0.00>
ST_72 : Operation 1450 [1/1] (0.00ns)   --->   "%P_246 = phi i32 %P_180, void %for.body127.i.lr.ph.split, i32 %P_282, void %arrayidx1352.i64.exit"   --->   Operation 1450 'phi' 'P_246' <Predicate = true> <Delay = 0.00>
ST_72 : Operation 1451 [1/1] (0.00ns)   --->   "%P_245 = phi i32 %P_179, void %for.body127.i.lr.ph.split, i32 %P_281, void %arrayidx1352.i64.exit"   --->   Operation 1451 'phi' 'P_245' <Predicate = true> <Delay = 0.00>
ST_72 : Operation 1452 [1/1] (0.00ns)   --->   "%P_244 = phi i32 %P_178, void %for.body127.i.lr.ph.split, i32 %P_280, void %arrayidx1352.i64.exit"   --->   Operation 1452 'phi' 'P_244' <Predicate = true> <Delay = 0.00>
ST_72 : Operation 1453 [1/1] (0.00ns)   --->   "%j_1 = phi i4 %i_25_cast, void %for.body127.i.lr.ph.split, i4 %add_ln120_1, void %arrayidx1352.i64.exit" [ekf_core.cpp:120->ekf_core.cpp:169]   --->   Operation 1453 'phi' 'j_1' <Predicate = true> <Delay = 0.00>
ST_72 : Operation 1454 [1/1] (0.79ns)   --->   "%icmp_ln120_1 = icmp_eq  i4 %j_1, i4 6" [ekf_core.cpp:120->ekf_core.cpp:169]   --->   Operation 1454 'icmp' 'icmp_ln120_1' <Predicate = true> <Delay = 0.79> <CoreInst = "Cmp">   --->   Core 9 'Cmp' <Latency = 0> <II = 1> <Delay = 0.79> <FuncUnit> <Opcode : 'icmp'> <InPorts = 2> <OutPorts = 1>
ST_72 : Operation 1455 [1/1] (0.00ns)   --->   "%br_ln120 = br i1 %icmp_ln120_1, void %for.body127.i.split, void %for.cond.cleanup126.i" [ekf_core.cpp:120->ekf_core.cpp:169]   --->   Operation 1455 'br' 'br_ln120' <Predicate = true> <Delay = 0.00>
ST_72 : Operation 1456 [1/1] (0.00ns)   --->   "%trunc_ln120 = trunc i4 %j_1" [ekf_core.cpp:120->ekf_core.cpp:169]   --->   Operation 1456 'trunc' 'trunc_ln120' <Predicate = (!icmp_ln120_1)> <Delay = 0.00>
ST_72 : Operation 1457 [1/1] (0.62ns)   --->   "%tmp_s = mux i32 @_ssdm_op_Mux.ap_auto.6f32.i3, i32 %P_261, i32 %P_262, i32 %P_263, i32 %P_264, i32 %P_265, i32 %P_266, i3 %trunc_ln120" [ekf_core.cpp:122->ekf_core.cpp:169]   --->   Operation 1457 'mux' 'tmp_s' <Predicate = (!icmp_ln120_1)> <Delay = 0.62> <CoreInst = "Multiplexer">   --->   Core 76 'Multiplexer' <Latency = 0> <II = 1> <Delay = 0.62> <FuncUnit> <Opcode : 'mux'> <InPorts = 2> <OutPorts = 1>
ST_72 : Operation 1458 [1/1] (0.62ns)   --->   "%tmp_60 = mux i32 @_ssdm_op_Mux.ap_auto.6f32.i3, i32 %P_267, i32 %P_268, i32 %P_269, i32 %P_270, i32 %P_271, i32 %P_272, i3 %trunc_ln120" [ekf_core.cpp:122->ekf_core.cpp:169]   --->   Operation 1458 'mux' 'tmp_60' <Predicate = (!icmp_ln120_1)> <Delay = 0.62> <CoreInst = "Multiplexer">   --->   Core 76 'Multiplexer' <Latency = 0> <II = 1> <Delay = 0.62> <FuncUnit> <Opcode : 'mux'> <InPorts = 2> <OutPorts = 1>
ST_72 : Operation 1459 [1/1] (0.62ns)   --->   "%tmp_61 = mux i32 @_ssdm_op_Mux.ap_auto.6f32.i3, i32 %P_273, i32 %P_274, i32 %P_275, i32 %P_276, i32 %P_277, i32 %P_278, i3 %trunc_ln120" [ekf_core.cpp:122->ekf_core.cpp:169]   --->   Operation 1459 'mux' 'tmp_61' <Predicate = (!icmp_ln120_1)> <Delay = 0.62> <CoreInst = "Multiplexer">   --->   Core 76 'Multiplexer' <Latency = 0> <II = 1> <Delay = 0.62> <FuncUnit> <Opcode : 'mux'> <InPorts = 2> <OutPorts = 1>
ST_72 : Operation 1460 [1/1] (0.62ns)   --->   "%tmp_62 = mux i32 @_ssdm_op_Mux.ap_auto.6f32.i3, i32 %P_260, i32 %P_259, i32 %P_258, i32 %P_257, i32 %P_256, i32 %P_255, i3 %trunc_ln120" [ekf_core.cpp:122->ekf_core.cpp:169]   --->   Operation 1460 'mux' 'tmp_62' <Predicate = (!icmp_ln120_1)> <Delay = 0.62> <CoreInst = "Multiplexer">   --->   Core 76 'Multiplexer' <Latency = 0> <II = 1> <Delay = 0.62> <FuncUnit> <Opcode : 'mux'> <InPorts = 2> <OutPorts = 1>
ST_72 : Operation 1461 [1/1] (0.62ns)   --->   "%tmp_63 = mux i32 @_ssdm_op_Mux.ap_auto.6f32.i3, i32 %P_254, i32 %P_253, i32 %P_252, i32 %P_251, i32 %P_250, i32 %P_249, i3 %trunc_ln120" [ekf_core.cpp:122->ekf_core.cpp:169]   --->   Operation 1461 'mux' 'tmp_63' <Predicate = (!icmp_ln120_1)> <Delay = 0.62> <CoreInst = "Multiplexer">   --->   Core 76 'Multiplexer' <Latency = 0> <II = 1> <Delay = 0.62> <FuncUnit> <Opcode : 'mux'> <InPorts = 2> <OutPorts = 1>
ST_72 : Operation 1462 [1/1] (0.57ns)   --->   "%tmp_64 = mux i32 @_ssdm_op_Mux.ap_auto.5f32.i3, i32 %tmp_s, i32 %tmp_60, i32 %tmp_61, i32 %tmp_62, i32 %tmp_63, i3 %phi_ln120" [ekf_core.cpp:122->ekf_core.cpp:169]   --->   Operation 1462 'mux' 'tmp_64' <Predicate = (!icmp_ln120_1)> <Delay = 0.57> <CoreInst = "Multiplexer">   --->   Core 76 'Multiplexer' <Latency = 0> <II = 1> <Delay = 0.57> <FuncUnit> <Opcode : 'mux'> <InPorts = 2> <OutPorts = 1>
ST_72 : Operation 1463 [1/1] (0.57ns)   --->   "%tmp_65 = mux i32 @_ssdm_op_Mux.ap_auto.5f32.i3, i32 %P_261, i32 %P_262, i32 %P_263, i32 %P_264, i32 %P_265, i3 %phi_ln120" [ekf_core.cpp:122->ekf_core.cpp:169]   --->   Operation 1463 'mux' 'tmp_65' <Predicate = (!icmp_ln120_1)> <Delay = 0.57> <CoreInst = "Multiplexer">   --->   Core 76 'Multiplexer' <Latency = 0> <II = 1> <Delay = 0.57> <FuncUnit> <Opcode : 'mux'> <InPorts = 2> <OutPorts = 1>
ST_72 : Operation 1464 [1/1] (0.57ns)   --->   "%tmp_66 = mux i32 @_ssdm_op_Mux.ap_auto.5f32.i3, i32 %P_267, i32 %P_268, i32 %P_269, i32 %P_270, i32 %P_271, i3 %phi_ln120" [ekf_core.cpp:122->ekf_core.cpp:169]   --->   Operation 1464 'mux' 'tmp_66' <Predicate = (!icmp_ln120_1)> <Delay = 0.57> <CoreInst = "Multiplexer">   --->   Core 76 'Multiplexer' <Latency = 0> <II = 1> <Delay = 0.57> <FuncUnit> <Opcode : 'mux'> <InPorts = 2> <OutPorts = 1>
ST_72 : Operation 1465 [1/1] (0.57ns)   --->   "%tmp_67 = mux i32 @_ssdm_op_Mux.ap_auto.5f32.i3, i32 %P_273, i32 %P_274, i32 %P_275, i32 %P_276, i32 %P_277, i3 %phi_ln120" [ekf_core.cpp:122->ekf_core.cpp:169]   --->   Operation 1465 'mux' 'tmp_67' <Predicate = (!icmp_ln120_1)> <Delay = 0.57> <CoreInst = "Multiplexer">   --->   Core 76 'Multiplexer' <Latency = 0> <II = 1> <Delay = 0.57> <FuncUnit> <Opcode : 'mux'> <InPorts = 2> <OutPorts = 1>
ST_72 : Operation 1466 [1/1] (0.57ns)   --->   "%tmp_68 = mux i32 @_ssdm_op_Mux.ap_auto.5f32.i3, i32 %P_260, i32 %P_259, i32 %P_258, i32 %P_257, i32 %P_256, i3 %phi_ln120" [ekf_core.cpp:122->ekf_core.cpp:169]   --->   Operation 1466 'mux' 'tmp_68' <Predicate = (!icmp_ln120_1)> <Delay = 0.57> <CoreInst = "Multiplexer">   --->   Core 76 'Multiplexer' <Latency = 0> <II = 1> <Delay = 0.57> <FuncUnit> <Opcode : 'mux'> <InPorts = 2> <OutPorts = 1>
ST_72 : Operation 1467 [1/1] (0.57ns)   --->   "%tmp_69 = mux i32 @_ssdm_op_Mux.ap_auto.5f32.i3, i32 %P_254, i32 %P_253, i32 %P_252, i32 %P_251, i32 %P_250, i3 %phi_ln120" [ekf_core.cpp:122->ekf_core.cpp:169]   --->   Operation 1467 'mux' 'tmp_69' <Predicate = (!icmp_ln120_1)> <Delay = 0.57> <CoreInst = "Multiplexer">   --->   Core 76 'Multiplexer' <Latency = 0> <II = 1> <Delay = 0.57> <FuncUnit> <Opcode : 'mux'> <InPorts = 2> <OutPorts = 1>
ST_72 : Operation 1468 [1/1] (0.57ns)   --->   "%tmp_70 = mux i32 @_ssdm_op_Mux.ap_auto.5f32.i3, i32 %P_248, i32 %P_247, i32 %P_246, i32 %P_245, i32 %P_244, i3 %phi_ln120" [ekf_core.cpp:122->ekf_core.cpp:169]   --->   Operation 1468 'mux' 'tmp_70' <Predicate = (!icmp_ln120_1)> <Delay = 0.57> <CoreInst = "Multiplexer">   --->   Core 76 'Multiplexer' <Latency = 0> <II = 1> <Delay = 0.57> <FuncUnit> <Opcode : 'mux'> <InPorts = 2> <OutPorts = 1>
ST_72 : Operation 1469 [1/1] (0.62ns)   --->   "%tmp_71 = mux i32 @_ssdm_op_Mux.ap_auto.6f32.i3, i32 %tmp_65, i32 %tmp_66, i32 %tmp_67, i32 %tmp_68, i32 %tmp_69, i32 %tmp_70, i3 %trunc_ln120" [ekf_core.cpp:122->ekf_core.cpp:169]   --->   Operation 1469 'mux' 'tmp_71' <Predicate = (!icmp_ln120_1)> <Delay = 0.62> <CoreInst = "Multiplexer">   --->   Core 76 'Multiplexer' <Latency = 0> <II = 1> <Delay = 0.62> <FuncUnit> <Opcode : 'mux'> <InPorts = 2> <OutPorts = 1>
ST_72 : Operation 1470 [1/1] (0.67ns)   --->   "%add_ln120 = add i3 %i, i3 1" [ekf_core.cpp:120->ekf_core.cpp:169]   --->   Operation 1470 'add' 'add_ln120' <Predicate = (icmp_ln120_1)> <Delay = 0.67> <CoreInst = "Adder">   --->   Core 1 'Adder' <Latency = 0> <II = 1> <Delay = 0.67> <FuncUnit> <Opcode : 'add' 'sub'> <InPorts = 2> <OutPorts = 1>
ST_72 : Operation 1471 [1/1] (0.00ns)   --->   "%br_ln120 = br void %for.body127.i.lr.ph" [ekf_core.cpp:120->ekf_core.cpp:169]   --->   Operation 1471 'br' 'br_ln120' <Predicate = (icmp_ln120_1)> <Delay = 0.00>

State 73 <SV = 62> <Delay = 6.43>
ST_73 : [1/1] (1.04ns)   --->   Input mux for Operation 1472 '%add136_i = fadd i32 %tmp_64, i32 %tmp_71'
ST_73 : Operation 1472 [4/4] (5.38ns)   --->   "%add136_i = fadd i32 %tmp_64, i32 %tmp_71" [ekf_core.cpp:122->ekf_core.cpp:169]   --->   Operation 1472 'fadd' 'add136_i' <Predicate = true> <Delay = 5.38> <CoreInst = "FAddSub_fulldsp">   --->   Core 18 'FAddSub_fulldsp' <Latency = 3> <II = 1> <Delay = 6.43> <FuncUnit> <Opcode : 'fadd' 'fsub'> <InPorts = 2> <OutPorts = 1>

State 74 <SV = 63> <Delay = 6.43>
ST_74 : Operation 1473 [3/4] (6.43ns)   --->   "%add136_i = fadd i32 %tmp_64, i32 %tmp_71" [ekf_core.cpp:122->ekf_core.cpp:169]   --->   Operation 1473 'fadd' 'add136_i' <Predicate = true> <Delay = 6.43> <CoreInst = "FAddSub_fulldsp">   --->   Core 18 'FAddSub_fulldsp' <Latency = 3> <II = 1> <Delay = 6.43> <FuncUnit> <Opcode : 'fadd' 'fsub'> <InPorts = 2> <OutPorts = 1>

State 75 <SV = 64> <Delay = 6.43>
ST_75 : Operation 1474 [2/4] (6.43ns)   --->   "%add136_i = fadd i32 %tmp_64, i32 %tmp_71" [ekf_core.cpp:122->ekf_core.cpp:169]   --->   Operation 1474 'fadd' 'add136_i' <Predicate = true> <Delay = 6.43> <CoreInst = "FAddSub_fulldsp">   --->   Core 18 'FAddSub_fulldsp' <Latency = 3> <II = 1> <Delay = 6.43> <FuncUnit> <Opcode : 'fadd' 'fsub'> <InPorts = 2> <OutPorts = 1>

State 76 <SV = 65> <Delay = 6.43>
ST_76 : Operation 1475 [1/4] (6.43ns)   --->   "%add136_i = fadd i32 %tmp_64, i32 %tmp_71" [ekf_core.cpp:122->ekf_core.cpp:169]   --->   Operation 1475 'fadd' 'add136_i' <Predicate = true> <Delay = 6.43> <CoreInst = "FAddSub_fulldsp">   --->   Core 18 'FAddSub_fulldsp' <Latency = 3> <II = 1> <Delay = 6.43> <FuncUnit> <Opcode : 'fadd' 'fsub'> <InPorts = 2> <OutPorts = 1>

State 77 <SV = 66> <Delay = 7.01>
ST_77 : [1/1] (0.96ns)   --->   Input mux for Operation 1476 '%m_5 = fmul i32 %add136_i, i32 0.5'
ST_77 : Operation 1476 [3/3] (6.04ns)   --->   "%m_5 = fmul i32 %add136_i, i32 0.5" [ekf_core.cpp:122->ekf_core.cpp:169]   --->   Operation 1476 'fmul' 'm_5' <Predicate = true> <Delay = 6.04> <CoreInst = "FMul_maxdsp">   --->   Core 30 'FMul_maxdsp' <Latency = 2> <II = 1> <Delay = 7.01> <FuncUnit> <Opcode : 'fmul'> <InPorts = 2> <OutPorts = 1>

State 78 <SV = 67> <Delay = 7.01>
ST_78 : Operation 1477 [2/3] (7.01ns)   --->   "%m_5 = fmul i32 %add136_i, i32 0.5" [ekf_core.cpp:122->ekf_core.cpp:169]   --->   Operation 1477 'fmul' 'm_5' <Predicate = true> <Delay = 7.01> <CoreInst = "FMul_maxdsp">   --->   Core 30 'FMul_maxdsp' <Latency = 2> <II = 1> <Delay = 7.01> <FuncUnit> <Opcode : 'fmul'> <InPorts = 2> <OutPorts = 1>

State 79 <SV = 68> <Delay = 7.01>
ST_79 : Operation 1478 [1/1] (0.00ns)   --->   "%speclooptripcount_ln154 = speclooptripcount void @_ssdm_op_SpecLoopTripCount, i64 0, i64 5, i64 2" [ekf_core.cpp:154]   --->   Operation 1478 'speclooptripcount' 'speclooptripcount_ln154' <Predicate = true> <Delay = 0.00>
ST_79 : Operation 1479 [1/1] (0.00ns)   --->   "%specloopname_ln120 = specloopname void @_ssdm_op_SpecLoopName, void @empty_27" [ekf_core.cpp:120->ekf_core.cpp:169]   --->   Operation 1479 'specloopname' 'specloopname_ln120' <Predicate = true> <Delay = 0.00>
ST_79 : Operation 1480 [1/3] (7.01ns)   --->   "%m_5 = fmul i32 %add136_i, i32 0.5" [ekf_core.cpp:122->ekf_core.cpp:169]   --->   Operation 1480 'fmul' 'm_5' <Predicate = true> <Delay = 7.01> <CoreInst = "FMul_maxdsp">   --->   Core 30 'FMul_maxdsp' <Latency = 2> <II = 1> <Delay = 7.01> <FuncUnit> <Opcode : 'fmul'> <InPorts = 2> <OutPorts = 1>
ST_79 : Operation 1481 [1/1] (0.73ns)   --->   "%switch_ln123 = switch i3 %phi_ln120, void %arrayidx1311.i63.case.4, i3 0, void %arrayidx1311.i63.case.0, i3 1, void %arrayidx1311.i63.case.1, i3 2, void %arrayidx1311.i63.case.2, i3 3, void %arrayidx1311.i63.case.3" [ekf_core.cpp:123->ekf_core.cpp:169]   --->   Operation 1481 'switch' 'switch_ln123' <Predicate = true> <Delay = 0.73>

State 80 <SV = 69> <Delay = 0.79>
ST_80 : Operation 1482 [1/1] (0.73ns)   --->   "%switch_ln123 = switch i3 %trunc_ln120, void %arrayidx1352.i64.case.5, i3 0, void %arrayidx1352.i64.exit, i3 1, void %arrayidx1352.i64.case.1, i3 2, void %arrayidx1352.i64.case.2, i3 3, void %arrayidx1352.i64.case.3, i3 4, void %arrayidx1352.i64.case.4" [ekf_core.cpp:123->ekf_core.cpp:169]   --->   Operation 1482 'switch' 'switch_ln123' <Predicate = (phi_ln120 == 3)> <Delay = 0.73>
ST_80 : Operation 1483 [1/1] (0.42ns)   --->   "%br_ln0 = br void %arrayidx1352.i64.exit"   --->   Operation 1483 'br' 'br_ln0' <Predicate = (phi_ln120 == 3 & trunc_ln120 == 4)> <Delay = 0.42>
ST_80 : Operation 1484 [1/1] (0.42ns)   --->   "%br_ln0 = br void %arrayidx1352.i64.exit"   --->   Operation 1484 'br' 'br_ln0' <Predicate = (phi_ln120 == 3 & trunc_ln120 == 3)> <Delay = 0.42>
ST_80 : Operation 1485 [1/1] (0.42ns)   --->   "%br_ln0 = br void %arrayidx1352.i64.exit"   --->   Operation 1485 'br' 'br_ln0' <Predicate = (phi_ln120 == 3 & trunc_ln120 == 2)> <Delay = 0.42>
ST_80 : Operation 1486 [1/1] (0.42ns)   --->   "%br_ln0 = br void %arrayidx1352.i64.exit"   --->   Operation 1486 'br' 'br_ln0' <Predicate = (phi_ln120 == 3 & trunc_ln120 == 1)> <Delay = 0.42>
ST_80 : Operation 1487 [1/1] (0.42ns)   --->   "%br_ln0 = br void %arrayidx1352.i64.exit"   --->   Operation 1487 'br' 'br_ln0' <Predicate = (phi_ln120 == 3 & trunc_ln120 != 0 & trunc_ln120 != 1 & trunc_ln120 != 2 & trunc_ln120 != 3 & trunc_ln120 != 4)> <Delay = 0.42>
ST_80 : Operation 1488 [1/1] (0.73ns)   --->   "%switch_ln123 = switch i3 %trunc_ln120, void %arrayidx1352.i64.case.22601, i3 0, void %arrayidx1352.i64.exit, i3 1, void %arrayidx1352.i64.case.22573, i3 2, void %arrayidx1352.i64.case.22580, i3 3, void %arrayidx1352.i64.case.22587, i3 4, void %arrayidx1352.i64.case.22594" [ekf_core.cpp:123->ekf_core.cpp:169]   --->   Operation 1488 'switch' 'switch_ln123' <Predicate = (phi_ln120 == 2)> <Delay = 0.73>
ST_80 : Operation 1489 [1/1] (0.42ns)   --->   "%br_ln123 = br void %arrayidx1352.i64.exit" [ekf_core.cpp:123->ekf_core.cpp:169]   --->   Operation 1489 'br' 'br_ln123' <Predicate = (phi_ln120 == 2 & trunc_ln120 == 4)> <Delay = 0.42>
ST_80 : Operation 1490 [1/1] (0.42ns)   --->   "%br_ln123 = br void %arrayidx1352.i64.exit" [ekf_core.cpp:123->ekf_core.cpp:169]   --->   Operation 1490 'br' 'br_ln123' <Predicate = (phi_ln120 == 2 & trunc_ln120 == 3)> <Delay = 0.42>
ST_80 : Operation 1491 [1/1] (0.42ns)   --->   "%br_ln123 = br void %arrayidx1352.i64.exit" [ekf_core.cpp:123->ekf_core.cpp:169]   --->   Operation 1491 'br' 'br_ln123' <Predicate = (phi_ln120 == 2 & trunc_ln120 == 2)> <Delay = 0.42>
ST_80 : Operation 1492 [1/1] (0.42ns)   --->   "%br_ln123 = br void %arrayidx1352.i64.exit" [ekf_core.cpp:123->ekf_core.cpp:169]   --->   Operation 1492 'br' 'br_ln123' <Predicate = (phi_ln120 == 2 & trunc_ln120 == 1)> <Delay = 0.42>
ST_80 : Operation 1493 [1/1] (0.42ns)   --->   "%br_ln123 = br void %arrayidx1352.i64.exit" [ekf_core.cpp:123->ekf_core.cpp:169]   --->   Operation 1493 'br' 'br_ln123' <Predicate = (phi_ln120 == 2 & trunc_ln120 != 0 & trunc_ln120 != 1 & trunc_ln120 != 2 & trunc_ln120 != 3 & trunc_ln120 != 4)> <Delay = 0.42>
ST_80 : Operation 1494 [1/1] (0.73ns)   --->   "%switch_ln123 = switch i3 %trunc_ln120, void %arrayidx1352.i64.case.12600, i3 0, void %arrayidx1352.i64.exit, i3 1, void %arrayidx1352.i64.case.12572, i3 2, void %arrayidx1352.i64.case.12579, i3 3, void %arrayidx1352.i64.case.12586, i3 4, void %arrayidx1352.i64.case.12593" [ekf_core.cpp:123->ekf_core.cpp:169]   --->   Operation 1494 'switch' 'switch_ln123' <Predicate = (phi_ln120 == 1)> <Delay = 0.73>
ST_80 : Operation 1495 [1/1] (0.42ns)   --->   "%br_ln123 = br void %arrayidx1352.i64.exit" [ekf_core.cpp:123->ekf_core.cpp:169]   --->   Operation 1495 'br' 'br_ln123' <Predicate = (phi_ln120 == 1 & trunc_ln120 == 4)> <Delay = 0.42>
ST_80 : Operation 1496 [1/1] (0.42ns)   --->   "%br_ln123 = br void %arrayidx1352.i64.exit" [ekf_core.cpp:123->ekf_core.cpp:169]   --->   Operation 1496 'br' 'br_ln123' <Predicate = (phi_ln120 == 1 & trunc_ln120 == 3)> <Delay = 0.42>
ST_80 : Operation 1497 [1/1] (0.42ns)   --->   "%br_ln123 = br void %arrayidx1352.i64.exit" [ekf_core.cpp:123->ekf_core.cpp:169]   --->   Operation 1497 'br' 'br_ln123' <Predicate = (phi_ln120 == 1 & trunc_ln120 == 2)> <Delay = 0.42>
ST_80 : Operation 1498 [1/1] (0.42ns)   --->   "%br_ln123 = br void %arrayidx1352.i64.exit" [ekf_core.cpp:123->ekf_core.cpp:169]   --->   Operation 1498 'br' 'br_ln123' <Predicate = (phi_ln120 == 1 & trunc_ln120 == 1)> <Delay = 0.42>
ST_80 : Operation 1499 [1/1] (0.42ns)   --->   "%br_ln123 = br void %arrayidx1352.i64.exit" [ekf_core.cpp:123->ekf_core.cpp:169]   --->   Operation 1499 'br' 'br_ln123' <Predicate = (phi_ln120 == 1 & trunc_ln120 != 0 & trunc_ln120 != 1 & trunc_ln120 != 2 & trunc_ln120 != 3 & trunc_ln120 != 4)> <Delay = 0.42>
ST_80 : Operation 1500 [1/1] (0.73ns)   --->   "%switch_ln123 = switch i3 %trunc_ln120, void %arrayidx1352.i64.case.02599, i3 0, void %arrayidx1352.i64.exit, i3 1, void %arrayidx1352.i64.case.02571, i3 2, void %arrayidx1352.i64.case.02578, i3 3, void %arrayidx1352.i64.case.02585, i3 4, void %arrayidx1352.i64.case.02592" [ekf_core.cpp:123->ekf_core.cpp:169]   --->   Operation 1500 'switch' 'switch_ln123' <Predicate = (phi_ln120 == 0)> <Delay = 0.73>
ST_80 : Operation 1501 [1/1] (0.42ns)   --->   "%br_ln123 = br void %arrayidx1352.i64.exit" [ekf_core.cpp:123->ekf_core.cpp:169]   --->   Operation 1501 'br' 'br_ln123' <Predicate = (phi_ln120 == 0 & trunc_ln120 == 4)> <Delay = 0.42>
ST_80 : Operation 1502 [1/1] (0.42ns)   --->   "%br_ln123 = br void %arrayidx1352.i64.exit" [ekf_core.cpp:123->ekf_core.cpp:169]   --->   Operation 1502 'br' 'br_ln123' <Predicate = (phi_ln120 == 0 & trunc_ln120 == 3)> <Delay = 0.42>
ST_80 : Operation 1503 [1/1] (0.42ns)   --->   "%br_ln123 = br void %arrayidx1352.i64.exit" [ekf_core.cpp:123->ekf_core.cpp:169]   --->   Operation 1503 'br' 'br_ln123' <Predicate = (phi_ln120 == 0 & trunc_ln120 == 2)> <Delay = 0.42>
ST_80 : Operation 1504 [1/1] (0.42ns)   --->   "%br_ln123 = br void %arrayidx1352.i64.exit" [ekf_core.cpp:123->ekf_core.cpp:169]   --->   Operation 1504 'br' 'br_ln123' <Predicate = (phi_ln120 == 0 & trunc_ln120 == 1)> <Delay = 0.42>
ST_80 : Operation 1505 [1/1] (0.42ns)   --->   "%br_ln123 = br void %arrayidx1352.i64.exit" [ekf_core.cpp:123->ekf_core.cpp:169]   --->   Operation 1505 'br' 'br_ln123' <Predicate = (phi_ln120 == 0 & trunc_ln120 != 0 & trunc_ln120 != 1 & trunc_ln120 != 2 & trunc_ln120 != 3 & trunc_ln120 != 4)> <Delay = 0.42>
ST_80 : Operation 1506 [1/1] (0.73ns)   --->   "%switch_ln123 = switch i3 %trunc_ln120, void %arrayidx1352.i64.case.42603, i3 0, void %arrayidx1352.i64.case.42568, i3 1, void %arrayidx1352.i64.case.42575, i3 2, void %arrayidx1352.i64.case.42582, i3 3, void %arrayidx1352.i64.case.42589, i3 4, void %arrayidx1352.i64.exit" [ekf_core.cpp:123->ekf_core.cpp:169]   --->   Operation 1506 'switch' 'switch_ln123' <Predicate = (phi_ln120 != 0 & phi_ln120 != 1 & phi_ln120 != 2 & phi_ln120 != 3)> <Delay = 0.73>
ST_80 : Operation 1507 [1/1] (0.42ns)   --->   "%br_ln123 = br void %arrayidx1352.i64.exit" [ekf_core.cpp:123->ekf_core.cpp:169]   --->   Operation 1507 'br' 'br_ln123' <Predicate = (phi_ln120 != 0 & phi_ln120 != 1 & phi_ln120 != 2 & phi_ln120 != 3 & trunc_ln120 == 3)> <Delay = 0.42>
ST_80 : Operation 1508 [1/1] (0.42ns)   --->   "%br_ln123 = br void %arrayidx1352.i64.exit" [ekf_core.cpp:123->ekf_core.cpp:169]   --->   Operation 1508 'br' 'br_ln123' <Predicate = (phi_ln120 != 0 & phi_ln120 != 1 & phi_ln120 != 2 & phi_ln120 != 3 & trunc_ln120 == 2)> <Delay = 0.42>
ST_80 : Operation 1509 [1/1] (0.42ns)   --->   "%br_ln123 = br void %arrayidx1352.i64.exit" [ekf_core.cpp:123->ekf_core.cpp:169]   --->   Operation 1509 'br' 'br_ln123' <Predicate = (phi_ln120 != 0 & phi_ln120 != 1 & phi_ln120 != 2 & phi_ln120 != 3 & trunc_ln120 == 1)> <Delay = 0.42>
ST_80 : Operation 1510 [1/1] (0.42ns)   --->   "%br_ln123 = br void %arrayidx1352.i64.exit" [ekf_core.cpp:123->ekf_core.cpp:169]   --->   Operation 1510 'br' 'br_ln123' <Predicate = (phi_ln120 != 0 & phi_ln120 != 1 & phi_ln120 != 2 & phi_ln120 != 3 & trunc_ln120 == 0)> <Delay = 0.42>
ST_80 : Operation 1511 [1/1] (0.42ns)   --->   "%br_ln123 = br void %arrayidx1352.i64.exit" [ekf_core.cpp:123->ekf_core.cpp:169]   --->   Operation 1511 'br' 'br_ln123' <Predicate = (phi_ln120 != 0 & phi_ln120 != 1 & phi_ln120 != 2 & phi_ln120 != 3 & trunc_ln120 != 0 & trunc_ln120 != 1 & trunc_ln120 != 2 & trunc_ln120 != 3 & trunc_ln120 != 4)> <Delay = 0.42>
ST_80 : Operation 1512 [1/1] (0.00ns)   --->   "%P_4_5_205915 = phi i32 %P_249, void %arrayidx1352.i64.case.4, i32 %P_249, void %arrayidx1352.i64.case.22594, i32 %P_249, void %arrayidx1352.i64.case.12593, i32 %P_249, void %arrayidx1352.i64.case.02592, i32 %P_249, void %arrayidx1352.i64.case.3, i32 %P_249, void %arrayidx1352.i64.case.42589, i32 %P_249, void %arrayidx1352.i64.case.22587, i32 %P_249, void %arrayidx1352.i64.case.12586, i32 %P_249, void %arrayidx1352.i64.case.02585, i32 %P_249, void %arrayidx1352.i64.case.42582, i32 %P_249, void %arrayidx1352.i64.case.22580, i32 %P_249, void %arrayidx1352.i64.case.12579, i32 %P_249, void %arrayidx1352.i64.case.02578, i32 %P_249, void %arrayidx1352.i64.case.2, i32 %P_249, void %arrayidx1352.i64.case.1, i32 %P_249, void %arrayidx1352.i64.case.42575, i32 %P_249, void %arrayidx1352.i64.case.22573, i32 %P_249, void %arrayidx1352.i64.case.12572, i32 %P_249, void %arrayidx1352.i64.case.02571, i32 %P_249, void %arrayidx1352.i64.case.42568, i32 %P_249, void %arrayidx1352.i64.case.5, i32 %P_249, void %arrayidx1352.i64.case.02599, i32 %P_249, void %arrayidx1352.i64.case.12600, i32 %P_249, void %arrayidx1352.i64.case.22601, i32 %m_5, void %arrayidx1352.i64.case.42603, i32 %P_249, void %arrayidx1311.i63.case.0, i32 %P_249, void %arrayidx1311.i63.case.1, i32 %P_249, void %arrayidx1311.i63.case.2, i32 %P_249, void %arrayidx1311.i63.case.3, i32 %P_249, void %arrayidx1311.i63.case.4"   --->   Operation 1512 'phi' 'P_4_5_205915' <Predicate = true> <Delay = 0.00>
ST_80 : Operation 1513 [1/1] (0.00ns)   --->   "%P_3_5_205908 = phi i32 %P_255, void %arrayidx1352.i64.case.4, i32 %P_255, void %arrayidx1352.i64.case.22594, i32 %P_255, void %arrayidx1352.i64.case.12593, i32 %P_255, void %arrayidx1352.i64.case.02592, i32 %P_255, void %arrayidx1352.i64.case.3, i32 %P_255, void %arrayidx1352.i64.case.42589, i32 %P_255, void %arrayidx1352.i64.case.22587, i32 %P_255, void %arrayidx1352.i64.case.12586, i32 %P_255, void %arrayidx1352.i64.case.02585, i32 %P_255, void %arrayidx1352.i64.case.42582, i32 %P_255, void %arrayidx1352.i64.case.22580, i32 %P_255, void %arrayidx1352.i64.case.12579, i32 %P_255, void %arrayidx1352.i64.case.02578, i32 %P_255, void %arrayidx1352.i64.case.2, i32 %P_255, void %arrayidx1352.i64.case.1, i32 %P_255, void %arrayidx1352.i64.case.42575, i32 %P_255, void %arrayidx1352.i64.case.22573, i32 %P_255, void %arrayidx1352.i64.case.12572, i32 %P_255, void %arrayidx1352.i64.case.02571, i32 %P_255, void %arrayidx1352.i64.case.42568, i32 %m_5, void %arrayidx1352.i64.case.5, i32 %P_255, void %arrayidx1352.i64.case.02599, i32 %P_255, void %arrayidx1352.i64.case.12600, i32 %P_255, void %arrayidx1352.i64.case.22601, i32 %P_255, void %arrayidx1352.i64.case.42603, i32 %P_255, void %arrayidx1311.i63.case.0, i32 %P_255, void %arrayidx1311.i63.case.1, i32 %P_255, void %arrayidx1311.i63.case.2, i32 %P_255, void %arrayidx1311.i63.case.3, i32 %P_255, void %arrayidx1311.i63.case.4"   --->   Operation 1513 'phi' 'P_3_5_205908' <Predicate = true> <Delay = 0.00>
ST_80 : Operation 1514 [1/1] (0.00ns)   --->   "%P_0_5_205896 = phi i32 %P_266, void %arrayidx1352.i64.case.4, i32 %P_266, void %arrayidx1352.i64.case.22594, i32 %P_266, void %arrayidx1352.i64.case.12593, i32 %P_266, void %arrayidx1352.i64.case.02592, i32 %P_266, void %arrayidx1352.i64.case.3, i32 %P_266, void %arrayidx1352.i64.case.42589, i32 %P_266, void %arrayidx1352.i64.case.22587, i32 %P_266, void %arrayidx1352.i64.case.12586, i32 %P_266, void %arrayidx1352.i64.case.02585, i32 %P_266, void %arrayidx1352.i64.case.42582, i32 %P_266, void %arrayidx1352.i64.case.22580, i32 %P_266, void %arrayidx1352.i64.case.12579, i32 %P_266, void %arrayidx1352.i64.case.02578, i32 %P_266, void %arrayidx1352.i64.case.2, i32 %P_266, void %arrayidx1352.i64.case.1, i32 %P_266, void %arrayidx1352.i64.case.42575, i32 %P_266, void %arrayidx1352.i64.case.22573, i32 %P_266, void %arrayidx1352.i64.case.12572, i32 %P_266, void %arrayidx1352.i64.case.02571, i32 %P_266, void %arrayidx1352.i64.case.42568, i32 %P_266, void %arrayidx1352.i64.case.5, i32 %m_5, void %arrayidx1352.i64.case.02599, i32 %P_266, void %arrayidx1352.i64.case.12600, i32 %P_266, void %arrayidx1352.i64.case.22601, i32 %P_266, void %arrayidx1352.i64.case.42603, i32 %P_266, void %arrayidx1311.i63.case.0, i32 %P_266, void %arrayidx1311.i63.case.1, i32 %P_266, void %arrayidx1311.i63.case.2, i32 %P_266, void %arrayidx1311.i63.case.3, i32 %P_266, void %arrayidx1311.i63.case.4"   --->   Operation 1514 'phi' 'P_0_5_205896' <Predicate = true> <Delay = 0.00>
ST_80 : Operation 1515 [1/1] (0.00ns)   --->   "%P_1_5_205889 = phi i32 %P_272, void %arrayidx1352.i64.case.4, i32 %P_272, void %arrayidx1352.i64.case.22594, i32 %P_272, void %arrayidx1352.i64.case.12593, i32 %P_272, void %arrayidx1352.i64.case.02592, i32 %P_272, void %arrayidx1352.i64.case.3, i32 %P_272, void %arrayidx1352.i64.case.42589, i32 %P_272, void %arrayidx1352.i64.case.22587, i32 %P_272, void %arrayidx1352.i64.case.12586, i32 %P_272, void %arrayidx1352.i64.case.02585, i32 %P_272, void %arrayidx1352.i64.case.42582, i32 %P_272, void %arrayidx1352.i64.case.22580, i32 %P_272, void %arrayidx1352.i64.case.12579, i32 %P_272, void %arrayidx1352.i64.case.02578, i32 %P_272, void %arrayidx1352.i64.case.2, i32 %P_272, void %arrayidx1352.i64.case.1, i32 %P_272, void %arrayidx1352.i64.case.42575, i32 %P_272, void %arrayidx1352.i64.case.22573, i32 %P_272, void %arrayidx1352.i64.case.12572, i32 %P_272, void %arrayidx1352.i64.case.02571, i32 %P_272, void %arrayidx1352.i64.case.42568, i32 %P_272, void %arrayidx1352.i64.case.5, i32 %P_272, void %arrayidx1352.i64.case.02599, i32 %m_5, void %arrayidx1352.i64.case.12600, i32 %P_272, void %arrayidx1352.i64.case.22601, i32 %P_272, void %arrayidx1352.i64.case.42603, i32 %P_272, void %arrayidx1311.i63.case.0, i32 %P_272, void %arrayidx1311.i63.case.1, i32 %P_272, void %arrayidx1311.i63.case.2, i32 %P_272, void %arrayidx1311.i63.case.3, i32 %P_272, void %arrayidx1311.i63.case.4"   --->   Operation 1515 'phi' 'P_1_5_205889' <Predicate = true> <Delay = 0.00>
ST_80 : Operation 1516 [1/1] (0.00ns)   --->   "%P_2_5_205882 = phi i32 %P_278, void %arrayidx1352.i64.case.4, i32 %P_278, void %arrayidx1352.i64.case.22594, i32 %P_278, void %arrayidx1352.i64.case.12593, i32 %P_278, void %arrayidx1352.i64.case.02592, i32 %P_278, void %arrayidx1352.i64.case.3, i32 %P_278, void %arrayidx1352.i64.case.42589, i32 %P_278, void %arrayidx1352.i64.case.22587, i32 %P_278, void %arrayidx1352.i64.case.12586, i32 %P_278, void %arrayidx1352.i64.case.02585, i32 %P_278, void %arrayidx1352.i64.case.42582, i32 %P_278, void %arrayidx1352.i64.case.22580, i32 %P_278, void %arrayidx1352.i64.case.12579, i32 %P_278, void %arrayidx1352.i64.case.02578, i32 %P_278, void %arrayidx1352.i64.case.2, i32 %P_278, void %arrayidx1352.i64.case.1, i32 %P_278, void %arrayidx1352.i64.case.42575, i32 %P_278, void %arrayidx1352.i64.case.22573, i32 %P_278, void %arrayidx1352.i64.case.12572, i32 %P_278, void %arrayidx1352.i64.case.02571, i32 %P_278, void %arrayidx1352.i64.case.42568, i32 %P_278, void %arrayidx1352.i64.case.5, i32 %P_278, void %arrayidx1352.i64.case.02599, i32 %P_278, void %arrayidx1352.i64.case.12600, i32 %m_5, void %arrayidx1352.i64.case.22601, i32 %P_278, void %arrayidx1352.i64.case.42603, i32 %P_278, void %arrayidx1311.i63.case.0, i32 %P_278, void %arrayidx1311.i63.case.1, i32 %P_278, void %arrayidx1311.i63.case.2, i32 %P_278, void %arrayidx1311.i63.case.3, i32 %P_278, void %arrayidx1311.i63.case.4"   --->   Operation 1516 'phi' 'P_2_5_205882' <Predicate = true> <Delay = 0.00>
ST_80 : Operation 1517 [1/1] (0.00ns)   --->   "%P_309 = phi i32 %P_277, void %arrayidx1352.i64.case.4, i32 %m_5, void %arrayidx1352.i64.case.22594, i32 %P_277, void %arrayidx1352.i64.case.12593, i32 %P_277, void %arrayidx1352.i64.case.02592, i32 %P_277, void %arrayidx1352.i64.case.3, i32 %P_277, void %arrayidx1352.i64.case.42589, i32 %P_277, void %arrayidx1352.i64.case.22587, i32 %P_277, void %arrayidx1352.i64.case.12586, i32 %P_277, void %arrayidx1352.i64.case.02585, i32 %m_5, void %arrayidx1352.i64.case.42582, i32 %P_277, void %arrayidx1352.i64.case.22580, i32 %P_277, void %arrayidx1352.i64.case.12579, i32 %P_277, void %arrayidx1352.i64.case.02578, i32 %P_277, void %arrayidx1352.i64.case.2, i32 %P_277, void %arrayidx1352.i64.case.1, i32 %P_277, void %arrayidx1352.i64.case.42575, i32 %P_277, void %arrayidx1352.i64.case.22573, i32 %P_277, void %arrayidx1352.i64.case.12572, i32 %P_277, void %arrayidx1352.i64.case.02571, i32 %P_277, void %arrayidx1352.i64.case.42568, i32 %P_277, void %arrayidx1352.i64.case.5, i32 %P_277, void %arrayidx1352.i64.case.02599, i32 %P_277, void %arrayidx1352.i64.case.12600, i32 %P_277, void %arrayidx1352.i64.case.22601, i32 %P_277, void %arrayidx1352.i64.case.42603, i32 %P_277, void %arrayidx1311.i63.case.0, i32 %P_277, void %arrayidx1311.i63.case.1, i32 %P_277, void %arrayidx1311.i63.case.2, i32 %P_277, void %arrayidx1311.i63.case.3, i32 %P_277, void %arrayidx1311.i63.case.4"   --->   Operation 1517 'phi' 'P_309' <Predicate = true> <Delay = 0.00>
ST_80 : Operation 1518 [1/1] (0.00ns)   --->   "%P_308 = phi i32 %P_276, void %arrayidx1352.i64.case.4, i32 %P_276, void %arrayidx1352.i64.case.22594, i32 %P_276, void %arrayidx1352.i64.case.12593, i32 %P_276, void %arrayidx1352.i64.case.02592, i32 %P_276, void %arrayidx1352.i64.case.3, i32 %P_276, void %arrayidx1352.i64.case.42589, i32 %m_5, void %arrayidx1352.i64.case.22587, i32 %P_276, void %arrayidx1352.i64.case.12586, i32 %P_276, void %arrayidx1352.i64.case.02585, i32 %P_276, void %arrayidx1352.i64.case.42582, i32 %P_276, void %arrayidx1352.i64.case.22580, i32 %P_276, void %arrayidx1352.i64.case.12579, i32 %P_276, void %arrayidx1352.i64.case.02578, i32 %m_5, void %arrayidx1352.i64.case.2, i32 %P_276, void %arrayidx1352.i64.case.1, i32 %P_276, void %arrayidx1352.i64.case.42575, i32 %P_276, void %arrayidx1352.i64.case.22573, i32 %P_276, void %arrayidx1352.i64.case.12572, i32 %P_276, void %arrayidx1352.i64.case.02571, i32 %P_276, void %arrayidx1352.i64.case.42568, i32 %P_276, void %arrayidx1352.i64.case.5, i32 %P_276, void %arrayidx1352.i64.case.02599, i32 %P_276, void %arrayidx1352.i64.case.12600, i32 %P_276, void %arrayidx1352.i64.case.22601, i32 %P_276, void %arrayidx1352.i64.case.42603, i32 %P_276, void %arrayidx1311.i63.case.0, i32 %P_276, void %arrayidx1311.i63.case.1, i32 %P_276, void %arrayidx1311.i63.case.2, i32 %P_276, void %arrayidx1311.i63.case.3, i32 %P_276, void %arrayidx1311.i63.case.4"   --->   Operation 1518 'phi' 'P_308' <Predicate = true> <Delay = 0.00>
ST_80 : Operation 1519 [1/1] (0.00ns)   --->   "%P_307 = phi i32 %P_275, void %arrayidx1352.i64.case.4, i32 %P_275, void %arrayidx1352.i64.case.22594, i32 %P_275, void %arrayidx1352.i64.case.12593, i32 %P_275, void %arrayidx1352.i64.case.02592, i32 %P_275, void %arrayidx1352.i64.case.3, i32 %P_275, void %arrayidx1352.i64.case.42589, i32 %P_275, void %arrayidx1352.i64.case.22587, i32 %P_275, void %arrayidx1352.i64.case.12586, i32 %P_275, void %arrayidx1352.i64.case.02585, i32 %P_275, void %arrayidx1352.i64.case.42582, i32 %m_5, void %arrayidx1352.i64.case.22580, i32 %P_275, void %arrayidx1352.i64.case.12579, i32 %P_275, void %arrayidx1352.i64.case.02578, i32 %P_275, void %arrayidx1352.i64.case.2, i32 %P_275, void %arrayidx1352.i64.case.1, i32 %P_275, void %arrayidx1352.i64.case.42575, i32 %P_275, void %arrayidx1352.i64.case.22573, i32 %P_275, void %arrayidx1352.i64.case.12572, i32 %P_275, void %arrayidx1352.i64.case.02571, i32 %P_275, void %arrayidx1352.i64.case.42568, i32 %P_275, void %arrayidx1352.i64.case.5, i32 %P_275, void %arrayidx1352.i64.case.02599, i32 %P_275, void %arrayidx1352.i64.case.12600, i32 %P_275, void %arrayidx1352.i64.case.22601, i32 %P_275, void %arrayidx1352.i64.case.42603, i32 %P_275, void %arrayidx1311.i63.case.0, i32 %P_275, void %arrayidx1311.i63.case.1, i32 %P_275, void %arrayidx1311.i63.case.2, i32 %P_275, void %arrayidx1311.i63.case.3, i32 %P_275, void %arrayidx1311.i63.case.4"   --->   Operation 1519 'phi' 'P_307' <Predicate = true> <Delay = 0.00>
ST_80 : Operation 1520 [1/1] (0.00ns)   --->   "%P_306 = phi i32 %P_274, void %arrayidx1352.i64.case.4, i32 %P_274, void %arrayidx1352.i64.case.22594, i32 %P_274, void %arrayidx1352.i64.case.12593, i32 %P_274, void %arrayidx1352.i64.case.02592, i32 %P_274, void %arrayidx1352.i64.case.3, i32 %P_274, void %arrayidx1352.i64.case.42589, i32 %P_274, void %arrayidx1352.i64.case.22587, i32 %P_274, void %arrayidx1352.i64.case.12586, i32 %P_274, void %arrayidx1352.i64.case.02585, i32 %P_274, void %arrayidx1352.i64.case.42582, i32 %P_274, void %arrayidx1352.i64.case.22580, i32 %m_5, void %arrayidx1352.i64.case.12579, i32 %P_274, void %arrayidx1352.i64.case.02578, i32 %P_274, void %arrayidx1352.i64.case.2, i32 %P_274, void %arrayidx1352.i64.case.1, i32 %P_274, void %arrayidx1352.i64.case.42575, i32 %m_5, void %arrayidx1352.i64.case.22573, i32 %P_274, void %arrayidx1352.i64.case.12572, i32 %P_274, void %arrayidx1352.i64.case.02571, i32 %P_274, void %arrayidx1352.i64.case.42568, i32 %P_274, void %arrayidx1352.i64.case.5, i32 %P_274, void %arrayidx1352.i64.case.02599, i32 %P_274, void %arrayidx1352.i64.case.12600, i32 %P_274, void %arrayidx1352.i64.case.22601, i32 %P_274, void %arrayidx1352.i64.case.42603, i32 %P_274, void %arrayidx1311.i63.case.0, i32 %P_274, void %arrayidx1311.i63.case.1, i32 %P_274, void %arrayidx1311.i63.case.2, i32 %P_274, void %arrayidx1311.i63.case.3, i32 %P_274, void %arrayidx1311.i63.case.4"   --->   Operation 1520 'phi' 'P_306' <Predicate = true> <Delay = 0.00>
ST_80 : Operation 1521 [1/1] (0.00ns)   --->   "%P_305 = phi i32 %P_273, void %arrayidx1352.i64.case.4, i32 %P_273, void %arrayidx1352.i64.case.22594, i32 %P_273, void %arrayidx1352.i64.case.12593, i32 %P_273, void %arrayidx1352.i64.case.02592, i32 %P_273, void %arrayidx1352.i64.case.3, i32 %P_273, void %arrayidx1352.i64.case.42589, i32 %P_273, void %arrayidx1352.i64.case.22587, i32 %P_273, void %arrayidx1352.i64.case.12586, i32 %P_273, void %arrayidx1352.i64.case.02585, i32 %P_273, void %arrayidx1352.i64.case.42582, i32 %P_273, void %arrayidx1352.i64.case.22580, i32 %P_273, void %arrayidx1352.i64.case.12579, i32 %m_5, void %arrayidx1352.i64.case.02578, i32 %P_273, void %arrayidx1352.i64.case.2, i32 %P_273, void %arrayidx1352.i64.case.1, i32 %P_273, void %arrayidx1352.i64.case.42575, i32 %P_273, void %arrayidx1352.i64.case.22573, i32 %P_273, void %arrayidx1352.i64.case.12572, i32 %P_273, void %arrayidx1352.i64.case.02571, i32 %P_273, void %arrayidx1352.i64.case.42568, i32 %P_273, void %arrayidx1352.i64.case.5, i32 %P_273, void %arrayidx1352.i64.case.02599, i32 %P_273, void %arrayidx1352.i64.case.12600, i32 %P_273, void %arrayidx1352.i64.case.22601, i32 %P_273, void %arrayidx1352.i64.case.42603, i32 %P_273, void %arrayidx1311.i63.case.0, i32 %P_273, void %arrayidx1311.i63.case.1, i32 %m_5, void %arrayidx1311.i63.case.2, i32 %P_273, void %arrayidx1311.i63.case.3, i32 %P_273, void %arrayidx1311.i63.case.4"   --->   Operation 1521 'phi' 'P_305' <Predicate = true> <Delay = 0.00>
ST_80 : Operation 1522 [1/1] (0.00ns)   --->   "%P_304 = phi i32 %P_271, void %arrayidx1352.i64.case.4, i32 %P_271, void %arrayidx1352.i64.case.22594, i32 %m_5, void %arrayidx1352.i64.case.12593, i32 %P_271, void %arrayidx1352.i64.case.02592, i32 %P_271, void %arrayidx1352.i64.case.3, i32 %P_271, void %arrayidx1352.i64.case.42589, i32 %P_271, void %arrayidx1352.i64.case.22587, i32 %P_271, void %arrayidx1352.i64.case.12586, i32 %P_271, void %arrayidx1352.i64.case.02585, i32 %P_271, void %arrayidx1352.i64.case.42582, i32 %P_271, void %arrayidx1352.i64.case.22580, i32 %P_271, void %arrayidx1352.i64.case.12579, i32 %P_271, void %arrayidx1352.i64.case.02578, i32 %P_271, void %arrayidx1352.i64.case.2, i32 %P_271, void %arrayidx1352.i64.case.1, i32 %m_5, void %arrayidx1352.i64.case.42575, i32 %P_271, void %arrayidx1352.i64.case.22573, i32 %P_271, void %arrayidx1352.i64.case.12572, i32 %P_271, void %arrayidx1352.i64.case.02571, i32 %P_271, void %arrayidx1352.i64.case.42568, i32 %P_271, void %arrayidx1352.i64.case.5, i32 %P_271, void %arrayidx1352.i64.case.02599, i32 %P_271, void %arrayidx1352.i64.case.12600, i32 %P_271, void %arrayidx1352.i64.case.22601, i32 %P_271, void %arrayidx1352.i64.case.42603, i32 %P_271, void %arrayidx1311.i63.case.0, i32 %P_271, void %arrayidx1311.i63.case.1, i32 %P_271, void %arrayidx1311.i63.case.2, i32 %P_271, void %arrayidx1311.i63.case.3, i32 %P_271, void %arrayidx1311.i63.case.4"   --->   Operation 1522 'phi' 'P_304' <Predicate = true> <Delay = 0.00>
ST_80 : Operation 1523 [1/1] (0.00ns)   --->   "%P_303 = phi i32 %P_270, void %arrayidx1352.i64.case.4, i32 %P_270, void %arrayidx1352.i64.case.22594, i32 %P_270, void %arrayidx1352.i64.case.12593, i32 %P_270, void %arrayidx1352.i64.case.02592, i32 %P_270, void %arrayidx1352.i64.case.3, i32 %P_270, void %arrayidx1352.i64.case.42589, i32 %P_270, void %arrayidx1352.i64.case.22587, i32 %m_5, void %arrayidx1352.i64.case.12586, i32 %P_270, void %arrayidx1352.i64.case.02585, i32 %P_270, void %arrayidx1352.i64.case.42582, i32 %P_270, void %arrayidx1352.i64.case.22580, i32 %P_270, void %arrayidx1352.i64.case.12579, i32 %P_270, void %arrayidx1352.i64.case.02578, i32 %P_270, void %arrayidx1352.i64.case.2, i32 %m_5, void %arrayidx1352.i64.case.1, i32 %P_270, void %arrayidx1352.i64.case.42575, i32 %P_270, void %arrayidx1352.i64.case.22573, i32 %P_270, void %arrayidx1352.i64.case.12572, i32 %P_270, void %arrayidx1352.i64.case.02571, i32 %P_270, void %arrayidx1352.i64.case.42568, i32 %P_270, void %arrayidx1352.i64.case.5, i32 %P_270, void %arrayidx1352.i64.case.02599, i32 %P_270, void %arrayidx1352.i64.case.12600, i32 %P_270, void %arrayidx1352.i64.case.22601, i32 %P_270, void %arrayidx1352.i64.case.42603, i32 %P_270, void %arrayidx1311.i63.case.0, i32 %P_270, void %arrayidx1311.i63.case.1, i32 %P_270, void %arrayidx1311.i63.case.2, i32 %P_270, void %arrayidx1311.i63.case.3, i32 %P_270, void %arrayidx1311.i63.case.4"   --->   Operation 1523 'phi' 'P_303' <Predicate = true> <Delay = 0.00>
ST_80 : Operation 1524 [1/1] (0.00ns)   --->   "%P_302 = phi i32 %P_269, void %arrayidx1352.i64.case.4, i32 %P_269, void %arrayidx1352.i64.case.22594, i32 %P_269, void %arrayidx1352.i64.case.12593, i32 %P_269, void %arrayidx1352.i64.case.02592, i32 %P_269, void %arrayidx1352.i64.case.3, i32 %P_269, void %arrayidx1352.i64.case.42589, i32 %P_269, void %arrayidx1352.i64.case.22587, i32 %P_269, void %arrayidx1352.i64.case.12586, i32 %P_269, void %arrayidx1352.i64.case.02585, i32 %P_269, void %arrayidx1352.i64.case.42582, i32 %P_269, void %arrayidx1352.i64.case.22580, i32 %m_5, void %arrayidx1352.i64.case.12579, i32 %P_269, void %arrayidx1352.i64.case.02578, i32 %P_269, void %arrayidx1352.i64.case.2, i32 %P_269, void %arrayidx1352.i64.case.1, i32 %P_269, void %arrayidx1352.i64.case.42575, i32 %m_5, void %arrayidx1352.i64.case.22573, i32 %P_269, void %arrayidx1352.i64.case.12572, i32 %P_269, void %arrayidx1352.i64.case.02571, i32 %P_269, void %arrayidx1352.i64.case.42568, i32 %P_269, void %arrayidx1352.i64.case.5, i32 %P_269, void %arrayidx1352.i64.case.02599, i32 %P_269, void %arrayidx1352.i64.case.12600, i32 %P_269, void %arrayidx1352.i64.case.22601, i32 %P_269, void %arrayidx1352.i64.case.42603, i32 %P_269, void %arrayidx1311.i63.case.0, i32 %P_269, void %arrayidx1311.i63.case.1, i32 %P_269, void %arrayidx1311.i63.case.2, i32 %P_269, void %arrayidx1311.i63.case.3, i32 %P_269, void %arrayidx1311.i63.case.4"   --->   Operation 1524 'phi' 'P_302' <Predicate = true> <Delay = 0.00>
ST_80 : Operation 1525 [1/1] (0.00ns)   --->   "%P_301 = phi i32 %P_268, void %arrayidx1352.i64.case.4, i32 %P_268, void %arrayidx1352.i64.case.22594, i32 %P_268, void %arrayidx1352.i64.case.12593, i32 %P_268, void %arrayidx1352.i64.case.02592, i32 %P_268, void %arrayidx1352.i64.case.3, i32 %P_268, void %arrayidx1352.i64.case.42589, i32 %P_268, void %arrayidx1352.i64.case.22587, i32 %P_268, void %arrayidx1352.i64.case.12586, i32 %P_268, void %arrayidx1352.i64.case.02585, i32 %P_268, void %arrayidx1352.i64.case.42582, i32 %P_268, void %arrayidx1352.i64.case.22580, i32 %P_268, void %arrayidx1352.i64.case.12579, i32 %P_268, void %arrayidx1352.i64.case.02578, i32 %P_268, void %arrayidx1352.i64.case.2, i32 %P_268, void %arrayidx1352.i64.case.1, i32 %P_268, void %arrayidx1352.i64.case.42575, i32 %P_268, void %arrayidx1352.i64.case.22573, i32 %m_5, void %arrayidx1352.i64.case.12572, i32 %P_268, void %arrayidx1352.i64.case.02571, i32 %P_268, void %arrayidx1352.i64.case.42568, i32 %P_268, void %arrayidx1352.i64.case.5, i32 %P_268, void %arrayidx1352.i64.case.02599, i32 %P_268, void %arrayidx1352.i64.case.12600, i32 %P_268, void %arrayidx1352.i64.case.22601, i32 %P_268, void %arrayidx1352.i64.case.42603, i32 %P_268, void %arrayidx1311.i63.case.0, i32 %P_268, void %arrayidx1311.i63.case.1, i32 %P_268, void %arrayidx1311.i63.case.2, i32 %P_268, void %arrayidx1311.i63.case.3, i32 %P_268, void %arrayidx1311.i63.case.4"   --->   Operation 1525 'phi' 'P_301' <Predicate = true> <Delay = 0.00>
ST_80 : Operation 1526 [1/1] (0.00ns)   --->   "%P_300 = phi i32 %P_267, void %arrayidx1352.i64.case.4, i32 %P_267, void %arrayidx1352.i64.case.22594, i32 %P_267, void %arrayidx1352.i64.case.12593, i32 %P_267, void %arrayidx1352.i64.case.02592, i32 %P_267, void %arrayidx1352.i64.case.3, i32 %P_267, void %arrayidx1352.i64.case.42589, i32 %P_267, void %arrayidx1352.i64.case.22587, i32 %P_267, void %arrayidx1352.i64.case.12586, i32 %P_267, void %arrayidx1352.i64.case.02585, i32 %P_267, void %arrayidx1352.i64.case.42582, i32 %P_267, void %arrayidx1352.i64.case.22580, i32 %P_267, void %arrayidx1352.i64.case.12579, i32 %P_267, void %arrayidx1352.i64.case.02578, i32 %P_267, void %arrayidx1352.i64.case.2, i32 %P_267, void %arrayidx1352.i64.case.1, i32 %P_267, void %arrayidx1352.i64.case.42575, i32 %P_267, void %arrayidx1352.i64.case.22573, i32 %P_267, void %arrayidx1352.i64.case.12572, i32 %m_5, void %arrayidx1352.i64.case.02571, i32 %P_267, void %arrayidx1352.i64.case.42568, i32 %P_267, void %arrayidx1352.i64.case.5, i32 %P_267, void %arrayidx1352.i64.case.02599, i32 %P_267, void %arrayidx1352.i64.case.12600, i32 %P_267, void %arrayidx1352.i64.case.22601, i32 %P_267, void %arrayidx1352.i64.case.42603, i32 %P_267, void %arrayidx1311.i63.case.0, i32 %m_5, void %arrayidx1311.i63.case.1, i32 %P_267, void %arrayidx1311.i63.case.2, i32 %P_267, void %arrayidx1311.i63.case.3, i32 %P_267, void %arrayidx1311.i63.case.4"   --->   Operation 1526 'phi' 'P_300' <Predicate = true> <Delay = 0.00>
ST_80 : Operation 1527 [1/1] (0.00ns)   --->   "%P_299 = phi i32 %P_265, void %arrayidx1352.i64.case.4, i32 %P_265, void %arrayidx1352.i64.case.22594, i32 %P_265, void %arrayidx1352.i64.case.12593, i32 %m_5, void %arrayidx1352.i64.case.02592, i32 %P_265, void %arrayidx1352.i64.case.3, i32 %P_265, void %arrayidx1352.i64.case.42589, i32 %P_265, void %arrayidx1352.i64.case.22587, i32 %P_265, void %arrayidx1352.i64.case.12586, i32 %P_265, void %arrayidx1352.i64.case.02585, i32 %P_265, void %arrayidx1352.i64.case.42582, i32 %P_265, void %arrayidx1352.i64.case.22580, i32 %P_265, void %arrayidx1352.i64.case.12579, i32 %P_265, void %arrayidx1352.i64.case.02578, i32 %P_265, void %arrayidx1352.i64.case.2, i32 %P_265, void %arrayidx1352.i64.case.1, i32 %P_265, void %arrayidx1352.i64.case.42575, i32 %P_265, void %arrayidx1352.i64.case.22573, i32 %P_265, void %arrayidx1352.i64.case.12572, i32 %P_265, void %arrayidx1352.i64.case.02571, i32 %m_5, void %arrayidx1352.i64.case.42568, i32 %P_265, void %arrayidx1352.i64.case.5, i32 %P_265, void %arrayidx1352.i64.case.02599, i32 %P_265, void %arrayidx1352.i64.case.12600, i32 %P_265, void %arrayidx1352.i64.case.22601, i32 %P_265, void %arrayidx1352.i64.case.42603, i32 %P_265, void %arrayidx1311.i63.case.0, i32 %P_265, void %arrayidx1311.i63.case.1, i32 %P_265, void %arrayidx1311.i63.case.2, i32 %P_265, void %arrayidx1311.i63.case.3, i32 %P_265, void %arrayidx1311.i63.case.4"   --->   Operation 1527 'phi' 'P_299' <Predicate = true> <Delay = 0.00>
ST_80 : Operation 1528 [1/1] (0.00ns)   --->   "%P_298 = phi i32 %P_264, void %arrayidx1352.i64.case.4, i32 %P_264, void %arrayidx1352.i64.case.22594, i32 %P_264, void %arrayidx1352.i64.case.12593, i32 %P_264, void %arrayidx1352.i64.case.02592, i32 %P_264, void %arrayidx1352.i64.case.3, i32 %P_264, void %arrayidx1352.i64.case.42589, i32 %P_264, void %arrayidx1352.i64.case.22587, i32 %P_264, void %arrayidx1352.i64.case.12586, i32 %m_5, void %arrayidx1352.i64.case.02585, i32 %P_264, void %arrayidx1352.i64.case.42582, i32 %P_264, void %arrayidx1352.i64.case.22580, i32 %P_264, void %arrayidx1352.i64.case.12579, i32 %P_264, void %arrayidx1352.i64.case.02578, i32 %P_264, void %arrayidx1352.i64.case.2, i32 %P_264, void %arrayidx1352.i64.case.1, i32 %P_264, void %arrayidx1352.i64.case.42575, i32 %P_264, void %arrayidx1352.i64.case.22573, i32 %P_264, void %arrayidx1352.i64.case.12572, i32 %P_264, void %arrayidx1352.i64.case.02571, i32 %P_264, void %arrayidx1352.i64.case.42568, i32 %P_264, void %arrayidx1352.i64.case.5, i32 %P_264, void %arrayidx1352.i64.case.02599, i32 %P_264, void %arrayidx1352.i64.case.12600, i32 %P_264, void %arrayidx1352.i64.case.22601, i32 %P_264, void %arrayidx1352.i64.case.42603, i32 %P_264, void %arrayidx1311.i63.case.0, i32 %P_264, void %arrayidx1311.i63.case.1, i32 %P_264, void %arrayidx1311.i63.case.2, i32 %m_5, void %arrayidx1311.i63.case.3, i32 %P_264, void %arrayidx1311.i63.case.4"   --->   Operation 1528 'phi' 'P_298' <Predicate = true> <Delay = 0.00>
ST_80 : Operation 1529 [1/1] (0.00ns)   --->   "%P_297 = phi i32 %P_263, void %arrayidx1352.i64.case.4, i32 %P_263, void %arrayidx1352.i64.case.22594, i32 %P_263, void %arrayidx1352.i64.case.12593, i32 %P_263, void %arrayidx1352.i64.case.02592, i32 %P_263, void %arrayidx1352.i64.case.3, i32 %P_263, void %arrayidx1352.i64.case.42589, i32 %P_263, void %arrayidx1352.i64.case.22587, i32 %P_263, void %arrayidx1352.i64.case.12586, i32 %P_263, void %arrayidx1352.i64.case.02585, i32 %P_263, void %arrayidx1352.i64.case.42582, i32 %P_263, void %arrayidx1352.i64.case.22580, i32 %P_263, void %arrayidx1352.i64.case.12579, i32 %m_5, void %arrayidx1352.i64.case.02578, i32 %P_263, void %arrayidx1352.i64.case.2, i32 %P_263, void %arrayidx1352.i64.case.1, i32 %P_263, void %arrayidx1352.i64.case.42575, i32 %P_263, void %arrayidx1352.i64.case.22573, i32 %P_263, void %arrayidx1352.i64.case.12572, i32 %P_263, void %arrayidx1352.i64.case.02571, i32 %P_263, void %arrayidx1352.i64.case.42568, i32 %P_263, void %arrayidx1352.i64.case.5, i32 %P_263, void %arrayidx1352.i64.case.02599, i32 %P_263, void %arrayidx1352.i64.case.12600, i32 %P_263, void %arrayidx1352.i64.case.22601, i32 %P_263, void %arrayidx1352.i64.case.42603, i32 %P_263, void %arrayidx1311.i63.case.0, i32 %P_263, void %arrayidx1311.i63.case.1, i32 %m_5, void %arrayidx1311.i63.case.2, i32 %P_263, void %arrayidx1311.i63.case.3, i32 %P_263, void %arrayidx1311.i63.case.4"   --->   Operation 1529 'phi' 'P_297' <Predicate = true> <Delay = 0.00>
ST_80 : Operation 1530 [1/1] (0.00ns)   --->   "%P_296 = phi i32 %P_262, void %arrayidx1352.i64.case.4, i32 %P_262, void %arrayidx1352.i64.case.22594, i32 %P_262, void %arrayidx1352.i64.case.12593, i32 %P_262, void %arrayidx1352.i64.case.02592, i32 %P_262, void %arrayidx1352.i64.case.3, i32 %P_262, void %arrayidx1352.i64.case.42589, i32 %P_262, void %arrayidx1352.i64.case.22587, i32 %P_262, void %arrayidx1352.i64.case.12586, i32 %P_262, void %arrayidx1352.i64.case.02585, i32 %P_262, void %arrayidx1352.i64.case.42582, i32 %P_262, void %arrayidx1352.i64.case.22580, i32 %P_262, void %arrayidx1352.i64.case.12579, i32 %P_262, void %arrayidx1352.i64.case.02578, i32 %P_262, void %arrayidx1352.i64.case.2, i32 %P_262, void %arrayidx1352.i64.case.1, i32 %P_262, void %arrayidx1352.i64.case.42575, i32 %P_262, void %arrayidx1352.i64.case.22573, i32 %P_262, void %arrayidx1352.i64.case.12572, i32 %m_5, void %arrayidx1352.i64.case.02571, i32 %P_262, void %arrayidx1352.i64.case.42568, i32 %P_262, void %arrayidx1352.i64.case.5, i32 %P_262, void %arrayidx1352.i64.case.02599, i32 %P_262, void %arrayidx1352.i64.case.12600, i32 %P_262, void %arrayidx1352.i64.case.22601, i32 %P_262, void %arrayidx1352.i64.case.42603, i32 %P_262, void %arrayidx1311.i63.case.0, i32 %m_5, void %arrayidx1311.i63.case.1, i32 %P_262, void %arrayidx1311.i63.case.2, i32 %P_262, void %arrayidx1311.i63.case.3, i32 %P_262, void %arrayidx1311.i63.case.4"   --->   Operation 1530 'phi' 'P_296' <Predicate = true> <Delay = 0.00>
ST_80 : Operation 1531 [1/1] (0.00ns)   --->   "%P_295 = phi i32 %P_261, void %arrayidx1352.i64.case.4, i32 %P_261, void %arrayidx1352.i64.case.22594, i32 %P_261, void %arrayidx1352.i64.case.12593, i32 %P_261, void %arrayidx1352.i64.case.02592, i32 %P_261, void %arrayidx1352.i64.case.3, i32 %P_261, void %arrayidx1352.i64.case.42589, i32 %P_261, void %arrayidx1352.i64.case.22587, i32 %P_261, void %arrayidx1352.i64.case.12586, i32 %P_261, void %arrayidx1352.i64.case.02585, i32 %P_261, void %arrayidx1352.i64.case.42582, i32 %P_261, void %arrayidx1352.i64.case.22580, i32 %P_261, void %arrayidx1352.i64.case.12579, i32 %P_261, void %arrayidx1352.i64.case.02578, i32 %P_261, void %arrayidx1352.i64.case.2, i32 %P_261, void %arrayidx1352.i64.case.1, i32 %P_261, void %arrayidx1352.i64.case.42575, i32 %P_261, void %arrayidx1352.i64.case.22573, i32 %P_261, void %arrayidx1352.i64.case.12572, i32 %P_261, void %arrayidx1352.i64.case.02571, i32 %P_261, void %arrayidx1352.i64.case.42568, i32 %P_261, void %arrayidx1352.i64.case.5, i32 %P_261, void %arrayidx1352.i64.case.02599, i32 %P_261, void %arrayidx1352.i64.case.12600, i32 %P_261, void %arrayidx1352.i64.case.22601, i32 %P_261, void %arrayidx1352.i64.case.42603, i32 %m_5, void %arrayidx1311.i63.case.0, i32 %P_261, void %arrayidx1311.i63.case.1, i32 %P_261, void %arrayidx1311.i63.case.2, i32 %P_261, void %arrayidx1311.i63.case.3, i32 %P_261, void %arrayidx1311.i63.case.4"   --->   Operation 1531 'phi' 'P_295' <Predicate = true> <Delay = 0.00>
ST_80 : Operation 1532 [1/1] (0.00ns)   --->   "%P_294 = phi i32 %P_260, void %arrayidx1352.i64.case.4, i32 %P_260, void %arrayidx1352.i64.case.22594, i32 %P_260, void %arrayidx1352.i64.case.12593, i32 %P_260, void %arrayidx1352.i64.case.02592, i32 %P_260, void %arrayidx1352.i64.case.3, i32 %P_260, void %arrayidx1352.i64.case.42589, i32 %P_260, void %arrayidx1352.i64.case.22587, i32 %P_260, void %arrayidx1352.i64.case.12586, i32 %m_5, void %arrayidx1352.i64.case.02585, i32 %P_260, void %arrayidx1352.i64.case.42582, i32 %P_260, void %arrayidx1352.i64.case.22580, i32 %P_260, void %arrayidx1352.i64.case.12579, i32 %P_260, void %arrayidx1352.i64.case.02578, i32 %P_260, void %arrayidx1352.i64.case.2, i32 %P_260, void %arrayidx1352.i64.case.1, i32 %P_260, void %arrayidx1352.i64.case.42575, i32 %P_260, void %arrayidx1352.i64.case.22573, i32 %P_260, void %arrayidx1352.i64.case.12572, i32 %P_260, void %arrayidx1352.i64.case.02571, i32 %P_260, void %arrayidx1352.i64.case.42568, i32 %P_260, void %arrayidx1352.i64.case.5, i32 %P_260, void %arrayidx1352.i64.case.02599, i32 %P_260, void %arrayidx1352.i64.case.12600, i32 %P_260, void %arrayidx1352.i64.case.22601, i32 %P_260, void %arrayidx1352.i64.case.42603, i32 %P_260, void %arrayidx1311.i63.case.0, i32 %P_260, void %arrayidx1311.i63.case.1, i32 %P_260, void %arrayidx1311.i63.case.2, i32 %m_5, void %arrayidx1311.i63.case.3, i32 %P_260, void %arrayidx1311.i63.case.4"   --->   Operation 1532 'phi' 'P_294' <Predicate = true> <Delay = 0.00>
ST_80 : Operation 1533 [1/1] (0.00ns)   --->   "%P_293 = phi i32 %P_259, void %arrayidx1352.i64.case.4, i32 %P_259, void %arrayidx1352.i64.case.22594, i32 %P_259, void %arrayidx1352.i64.case.12593, i32 %P_259, void %arrayidx1352.i64.case.02592, i32 %P_259, void %arrayidx1352.i64.case.3, i32 %P_259, void %arrayidx1352.i64.case.42589, i32 %P_259, void %arrayidx1352.i64.case.22587, i32 %m_5, void %arrayidx1352.i64.case.12586, i32 %P_259, void %arrayidx1352.i64.case.02585, i32 %P_259, void %arrayidx1352.i64.case.42582, i32 %P_259, void %arrayidx1352.i64.case.22580, i32 %P_259, void %arrayidx1352.i64.case.12579, i32 %P_259, void %arrayidx1352.i64.case.02578, i32 %P_259, void %arrayidx1352.i64.case.2, i32 %m_5, void %arrayidx1352.i64.case.1, i32 %P_259, void %arrayidx1352.i64.case.42575, i32 %P_259, void %arrayidx1352.i64.case.22573, i32 %P_259, void %arrayidx1352.i64.case.12572, i32 %P_259, void %arrayidx1352.i64.case.02571, i32 %P_259, void %arrayidx1352.i64.case.42568, i32 %P_259, void %arrayidx1352.i64.case.5, i32 %P_259, void %arrayidx1352.i64.case.02599, i32 %P_259, void %arrayidx1352.i64.case.12600, i32 %P_259, void %arrayidx1352.i64.case.22601, i32 %P_259, void %arrayidx1352.i64.case.42603, i32 %P_259, void %arrayidx1311.i63.case.0, i32 %P_259, void %arrayidx1311.i63.case.1, i32 %P_259, void %arrayidx1311.i63.case.2, i32 %P_259, void %arrayidx1311.i63.case.3, i32 %P_259, void %arrayidx1311.i63.case.4"   --->   Operation 1533 'phi' 'P_293' <Predicate = true> <Delay = 0.00>
ST_80 : Operation 1534 [1/1] (0.00ns)   --->   "%P_292 = phi i32 %P_258, void %arrayidx1352.i64.case.4, i32 %P_258, void %arrayidx1352.i64.case.22594, i32 %P_258, void %arrayidx1352.i64.case.12593, i32 %P_258, void %arrayidx1352.i64.case.02592, i32 %P_258, void %arrayidx1352.i64.case.3, i32 %P_258, void %arrayidx1352.i64.case.42589, i32 %m_5, void %arrayidx1352.i64.case.22587, i32 %P_258, void %arrayidx1352.i64.case.12586, i32 %P_258, void %arrayidx1352.i64.case.02585, i32 %P_258, void %arrayidx1352.i64.case.42582, i32 %P_258, void %arrayidx1352.i64.case.22580, i32 %P_258, void %arrayidx1352.i64.case.12579, i32 %P_258, void %arrayidx1352.i64.case.02578, i32 %m_5, void %arrayidx1352.i64.case.2, i32 %P_258, void %arrayidx1352.i64.case.1, i32 %P_258, void %arrayidx1352.i64.case.42575, i32 %P_258, void %arrayidx1352.i64.case.22573, i32 %P_258, void %arrayidx1352.i64.case.12572, i32 %P_258, void %arrayidx1352.i64.case.02571, i32 %P_258, void %arrayidx1352.i64.case.42568, i32 %P_258, void %arrayidx1352.i64.case.5, i32 %P_258, void %arrayidx1352.i64.case.02599, i32 %P_258, void %arrayidx1352.i64.case.12600, i32 %P_258, void %arrayidx1352.i64.case.22601, i32 %P_258, void %arrayidx1352.i64.case.42603, i32 %P_258, void %arrayidx1311.i63.case.0, i32 %P_258, void %arrayidx1311.i63.case.1, i32 %P_258, void %arrayidx1311.i63.case.2, i32 %P_258, void %arrayidx1311.i63.case.3, i32 %P_258, void %arrayidx1311.i63.case.4"   --->   Operation 1534 'phi' 'P_292' <Predicate = true> <Delay = 0.00>
ST_80 : Operation 1535 [1/1] (0.00ns)   --->   "%P_291 = phi i32 %P_257, void %arrayidx1352.i64.case.4, i32 %P_257, void %arrayidx1352.i64.case.22594, i32 %P_257, void %arrayidx1352.i64.case.12593, i32 %P_257, void %arrayidx1352.i64.case.02592, i32 %m_5, void %arrayidx1352.i64.case.3, i32 %P_257, void %arrayidx1352.i64.case.42589, i32 %P_257, void %arrayidx1352.i64.case.22587, i32 %P_257, void %arrayidx1352.i64.case.12586, i32 %P_257, void %arrayidx1352.i64.case.02585, i32 %P_257, void %arrayidx1352.i64.case.42582, i32 %P_257, void %arrayidx1352.i64.case.22580, i32 %P_257, void %arrayidx1352.i64.case.12579, i32 %P_257, void %arrayidx1352.i64.case.02578, i32 %P_257, void %arrayidx1352.i64.case.2, i32 %P_257, void %arrayidx1352.i64.case.1, i32 %P_257, void %arrayidx1352.i64.case.42575, i32 %P_257, void %arrayidx1352.i64.case.22573, i32 %P_257, void %arrayidx1352.i64.case.12572, i32 %P_257, void %arrayidx1352.i64.case.02571, i32 %P_257, void %arrayidx1352.i64.case.42568, i32 %P_257, void %arrayidx1352.i64.case.5, i32 %P_257, void %arrayidx1352.i64.case.02599, i32 %P_257, void %arrayidx1352.i64.case.12600, i32 %P_257, void %arrayidx1352.i64.case.22601, i32 %P_257, void %arrayidx1352.i64.case.42603, i32 %P_257, void %arrayidx1311.i63.case.0, i32 %P_257, void %arrayidx1311.i63.case.1, i32 %P_257, void %arrayidx1311.i63.case.2, i32 %P_257, void %arrayidx1311.i63.case.3, i32 %P_257, void %arrayidx1311.i63.case.4"   --->   Operation 1535 'phi' 'P_291' <Predicate = true> <Delay = 0.00>
ST_80 : Operation 1536 [1/1] (0.00ns)   --->   "%P_290 = phi i32 %m_5, void %arrayidx1352.i64.case.4, i32 %P_256, void %arrayidx1352.i64.case.22594, i32 %P_256, void %arrayidx1352.i64.case.12593, i32 %P_256, void %arrayidx1352.i64.case.02592, i32 %P_256, void %arrayidx1352.i64.case.3, i32 %m_5, void %arrayidx1352.i64.case.42589, i32 %P_256, void %arrayidx1352.i64.case.22587, i32 %P_256, void %arrayidx1352.i64.case.12586, i32 %P_256, void %arrayidx1352.i64.case.02585, i32 %P_256, void %arrayidx1352.i64.case.42582, i32 %P_256, void %arrayidx1352.i64.case.22580, i32 %P_256, void %arrayidx1352.i64.case.12579, i32 %P_256, void %arrayidx1352.i64.case.02578, i32 %P_256, void %arrayidx1352.i64.case.2, i32 %P_256, void %arrayidx1352.i64.case.1, i32 %P_256, void %arrayidx1352.i64.case.42575, i32 %P_256, void %arrayidx1352.i64.case.22573, i32 %P_256, void %arrayidx1352.i64.case.12572, i32 %P_256, void %arrayidx1352.i64.case.02571, i32 %P_256, void %arrayidx1352.i64.case.42568, i32 %P_256, void %arrayidx1352.i64.case.5, i32 %P_256, void %arrayidx1352.i64.case.02599, i32 %P_256, void %arrayidx1352.i64.case.12600, i32 %P_256, void %arrayidx1352.i64.case.22601, i32 %P_256, void %arrayidx1352.i64.case.42603, i32 %P_256, void %arrayidx1311.i63.case.0, i32 %P_256, void %arrayidx1311.i63.case.1, i32 %P_256, void %arrayidx1311.i63.case.2, i32 %P_256, void %arrayidx1311.i63.case.3, i32 %P_256, void %arrayidx1311.i63.case.4"   --->   Operation 1536 'phi' 'P_290' <Predicate = true> <Delay = 0.00>
ST_80 : Operation 1537 [1/1] (0.00ns)   --->   "%P_289 = phi i32 %P_254, void %arrayidx1352.i64.case.4, i32 %P_254, void %arrayidx1352.i64.case.22594, i32 %P_254, void %arrayidx1352.i64.case.12593, i32 %m_5, void %arrayidx1352.i64.case.02592, i32 %P_254, void %arrayidx1352.i64.case.3, i32 %P_254, void %arrayidx1352.i64.case.42589, i32 %P_254, void %arrayidx1352.i64.case.22587, i32 %P_254, void %arrayidx1352.i64.case.12586, i32 %P_254, void %arrayidx1352.i64.case.02585, i32 %P_254, void %arrayidx1352.i64.case.42582, i32 %P_254, void %arrayidx1352.i64.case.22580, i32 %P_254, void %arrayidx1352.i64.case.12579, i32 %P_254, void %arrayidx1352.i64.case.02578, i32 %P_254, void %arrayidx1352.i64.case.2, i32 %P_254, void %arrayidx1352.i64.case.1, i32 %P_254, void %arrayidx1352.i64.case.42575, i32 %P_254, void %arrayidx1352.i64.case.22573, i32 %P_254, void %arrayidx1352.i64.case.12572, i32 %P_254, void %arrayidx1352.i64.case.02571, i32 %m_5, void %arrayidx1352.i64.case.42568, i32 %P_254, void %arrayidx1352.i64.case.5, i32 %P_254, void %arrayidx1352.i64.case.02599, i32 %P_254, void %arrayidx1352.i64.case.12600, i32 %P_254, void %arrayidx1352.i64.case.22601, i32 %P_254, void %arrayidx1352.i64.case.42603, i32 %P_254, void %arrayidx1311.i63.case.0, i32 %P_254, void %arrayidx1311.i63.case.1, i32 %P_254, void %arrayidx1311.i63.case.2, i32 %P_254, void %arrayidx1311.i63.case.3, i32 %P_254, void %arrayidx1311.i63.case.4"   --->   Operation 1537 'phi' 'P_289' <Predicate = true> <Delay = 0.00>
ST_80 : Operation 1538 [1/1] (0.00ns)   --->   "%P_288 = phi i32 %P_253, void %arrayidx1352.i64.case.4, i32 %P_253, void %arrayidx1352.i64.case.22594, i32 %m_5, void %arrayidx1352.i64.case.12593, i32 %P_253, void %arrayidx1352.i64.case.02592, i32 %P_253, void %arrayidx1352.i64.case.3, i32 %P_253, void %arrayidx1352.i64.case.42589, i32 %P_253, void %arrayidx1352.i64.case.22587, i32 %P_253, void %arrayidx1352.i64.case.12586, i32 %P_253, void %arrayidx1352.i64.case.02585, i32 %P_253, void %arrayidx1352.i64.case.42582, i32 %P_253, void %arrayidx1352.i64.case.22580, i32 %P_253, void %arrayidx1352.i64.case.12579, i32 %P_253, void %arrayidx1352.i64.case.02578, i32 %P_253, void %arrayidx1352.i64.case.2, i32 %P_253, void %arrayidx1352.i64.case.1, i32 %m_5, void %arrayidx1352.i64.case.42575, i32 %P_253, void %arrayidx1352.i64.case.22573, i32 %P_253, void %arrayidx1352.i64.case.12572, i32 %P_253, void %arrayidx1352.i64.case.02571, i32 %P_253, void %arrayidx1352.i64.case.42568, i32 %P_253, void %arrayidx1352.i64.case.5, i32 %P_253, void %arrayidx1352.i64.case.02599, i32 %P_253, void %arrayidx1352.i64.case.12600, i32 %P_253, void %arrayidx1352.i64.case.22601, i32 %P_253, void %arrayidx1352.i64.case.42603, i32 %P_253, void %arrayidx1311.i63.case.0, i32 %P_253, void %arrayidx1311.i63.case.1, i32 %P_253, void %arrayidx1311.i63.case.2, i32 %P_253, void %arrayidx1311.i63.case.3, i32 %P_253, void %arrayidx1311.i63.case.4"   --->   Operation 1538 'phi' 'P_288' <Predicate = true> <Delay = 0.00>
ST_80 : Operation 1539 [1/1] (0.00ns)   --->   "%P_287 = phi i32 %P_252, void %arrayidx1352.i64.case.4, i32 %m_5, void %arrayidx1352.i64.case.22594, i32 %P_252, void %arrayidx1352.i64.case.12593, i32 %P_252, void %arrayidx1352.i64.case.02592, i32 %P_252, void %arrayidx1352.i64.case.3, i32 %P_252, void %arrayidx1352.i64.case.42589, i32 %P_252, void %arrayidx1352.i64.case.22587, i32 %P_252, void %arrayidx1352.i64.case.12586, i32 %P_252, void %arrayidx1352.i64.case.02585, i32 %m_5, void %arrayidx1352.i64.case.42582, i32 %P_252, void %arrayidx1352.i64.case.22580, i32 %P_252, void %arrayidx1352.i64.case.12579, i32 %P_252, void %arrayidx1352.i64.case.02578, i32 %P_252, void %arrayidx1352.i64.case.2, i32 %P_252, void %arrayidx1352.i64.case.1, i32 %P_252, void %arrayidx1352.i64.case.42575, i32 %P_252, void %arrayidx1352.i64.case.22573, i32 %P_252, void %arrayidx1352.i64.case.12572, i32 %P_252, void %arrayidx1352.i64.case.02571, i32 %P_252, void %arrayidx1352.i64.case.42568, i32 %P_252, void %arrayidx1352.i64.case.5, i32 %P_252, void %arrayidx1352.i64.case.02599, i32 %P_252, void %arrayidx1352.i64.case.12600, i32 %P_252, void %arrayidx1352.i64.case.22601, i32 %P_252, void %arrayidx1352.i64.case.42603, i32 %P_252, void %arrayidx1311.i63.case.0, i32 %P_252, void %arrayidx1311.i63.case.1, i32 %P_252, void %arrayidx1311.i63.case.2, i32 %P_252, void %arrayidx1311.i63.case.3, i32 %P_252, void %arrayidx1311.i63.case.4"   --->   Operation 1539 'phi' 'P_287' <Predicate = true> <Delay = 0.00>
ST_80 : Operation 1540 [1/1] (0.00ns)   --->   "%P_286 = phi i32 %m_5, void %arrayidx1352.i64.case.4, i32 %P_251, void %arrayidx1352.i64.case.22594, i32 %P_251, void %arrayidx1352.i64.case.12593, i32 %P_251, void %arrayidx1352.i64.case.02592, i32 %P_251, void %arrayidx1352.i64.case.3, i32 %m_5, void %arrayidx1352.i64.case.42589, i32 %P_251, void %arrayidx1352.i64.case.22587, i32 %P_251, void %arrayidx1352.i64.case.12586, i32 %P_251, void %arrayidx1352.i64.case.02585, i32 %P_251, void %arrayidx1352.i64.case.42582, i32 %P_251, void %arrayidx1352.i64.case.22580, i32 %P_251, void %arrayidx1352.i64.case.12579, i32 %P_251, void %arrayidx1352.i64.case.02578, i32 %P_251, void %arrayidx1352.i64.case.2, i32 %P_251, void %arrayidx1352.i64.case.1, i32 %P_251, void %arrayidx1352.i64.case.42575, i32 %P_251, void %arrayidx1352.i64.case.22573, i32 %P_251, void %arrayidx1352.i64.case.12572, i32 %P_251, void %arrayidx1352.i64.case.02571, i32 %P_251, void %arrayidx1352.i64.case.42568, i32 %P_251, void %arrayidx1352.i64.case.5, i32 %P_251, void %arrayidx1352.i64.case.02599, i32 %P_251, void %arrayidx1352.i64.case.12600, i32 %P_251, void %arrayidx1352.i64.case.22601, i32 %P_251, void %arrayidx1352.i64.case.42603, i32 %P_251, void %arrayidx1311.i63.case.0, i32 %P_251, void %arrayidx1311.i63.case.1, i32 %P_251, void %arrayidx1311.i63.case.2, i32 %P_251, void %arrayidx1311.i63.case.3, i32 %P_251, void %arrayidx1311.i63.case.4"   --->   Operation 1540 'phi' 'P_286' <Predicate = true> <Delay = 0.00>
ST_80 : Operation 1541 [1/1] (0.00ns)   --->   "%P_285 = phi i32 %P_250, void %arrayidx1352.i64.case.4, i32 %P_250, void %arrayidx1352.i64.case.22594, i32 %P_250, void %arrayidx1352.i64.case.12593, i32 %P_250, void %arrayidx1352.i64.case.02592, i32 %P_250, void %arrayidx1352.i64.case.3, i32 %P_250, void %arrayidx1352.i64.case.42589, i32 %P_250, void %arrayidx1352.i64.case.22587, i32 %P_250, void %arrayidx1352.i64.case.12586, i32 %P_250, void %arrayidx1352.i64.case.02585, i32 %P_250, void %arrayidx1352.i64.case.42582, i32 %P_250, void %arrayidx1352.i64.case.22580, i32 %P_250, void %arrayidx1352.i64.case.12579, i32 %P_250, void %arrayidx1352.i64.case.02578, i32 %P_250, void %arrayidx1352.i64.case.2, i32 %P_250, void %arrayidx1352.i64.case.1, i32 %P_250, void %arrayidx1352.i64.case.42575, i32 %P_250, void %arrayidx1352.i64.case.22573, i32 %P_250, void %arrayidx1352.i64.case.12572, i32 %P_250, void %arrayidx1352.i64.case.02571, i32 %P_250, void %arrayidx1352.i64.case.42568, i32 %P_250, void %arrayidx1352.i64.case.5, i32 %P_250, void %arrayidx1352.i64.case.02599, i32 %P_250, void %arrayidx1352.i64.case.12600, i32 %P_250, void %arrayidx1352.i64.case.22601, i32 %P_250, void %arrayidx1352.i64.case.42603, i32 %P_250, void %arrayidx1311.i63.case.0, i32 %P_250, void %arrayidx1311.i63.case.1, i32 %P_250, void %arrayidx1311.i63.case.2, i32 %P_250, void %arrayidx1311.i63.case.3, i32 %m_5, void %arrayidx1311.i63.case.4"   --->   Operation 1541 'phi' 'P_285' <Predicate = true> <Delay = 0.00>
ST_80 : Operation 1542 [1/1] (0.00ns)   --->   "%P_284 = phi i32 %P_248, void %arrayidx1352.i64.case.4, i32 %P_248, void %arrayidx1352.i64.case.22594, i32 %P_248, void %arrayidx1352.i64.case.12593, i32 %P_248, void %arrayidx1352.i64.case.02592, i32 %P_248, void %arrayidx1352.i64.case.3, i32 %P_248, void %arrayidx1352.i64.case.42589, i32 %P_248, void %arrayidx1352.i64.case.22587, i32 %P_248, void %arrayidx1352.i64.case.12586, i32 %P_248, void %arrayidx1352.i64.case.02585, i32 %P_248, void %arrayidx1352.i64.case.42582, i32 %P_248, void %arrayidx1352.i64.case.22580, i32 %P_248, void %arrayidx1352.i64.case.12579, i32 %P_248, void %arrayidx1352.i64.case.02578, i32 %P_248, void %arrayidx1352.i64.case.2, i32 %P_248, void %arrayidx1352.i64.case.1, i32 %P_248, void %arrayidx1352.i64.case.42575, i32 %P_248, void %arrayidx1352.i64.case.22573, i32 %P_248, void %arrayidx1352.i64.case.12572, i32 %P_248, void %arrayidx1352.i64.case.02571, i32 %P_248, void %arrayidx1352.i64.case.42568, i32 %P_248, void %arrayidx1352.i64.case.5, i32 %m_5, void %arrayidx1352.i64.case.02599, i32 %P_248, void %arrayidx1352.i64.case.12600, i32 %P_248, void %arrayidx1352.i64.case.22601, i32 %P_248, void %arrayidx1352.i64.case.42603, i32 %P_248, void %arrayidx1311.i63.case.0, i32 %P_248, void %arrayidx1311.i63.case.1, i32 %P_248, void %arrayidx1311.i63.case.2, i32 %P_248, void %arrayidx1311.i63.case.3, i32 %P_248, void %arrayidx1311.i63.case.4"   --->   Operation 1542 'phi' 'P_284' <Predicate = true> <Delay = 0.00>
ST_80 : Operation 1543 [1/1] (0.00ns)   --->   "%P_283 = phi i32 %P_247, void %arrayidx1352.i64.case.4, i32 %P_247, void %arrayidx1352.i64.case.22594, i32 %P_247, void %arrayidx1352.i64.case.12593, i32 %P_247, void %arrayidx1352.i64.case.02592, i32 %P_247, void %arrayidx1352.i64.case.3, i32 %P_247, void %arrayidx1352.i64.case.42589, i32 %P_247, void %arrayidx1352.i64.case.22587, i32 %P_247, void %arrayidx1352.i64.case.12586, i32 %P_247, void %arrayidx1352.i64.case.02585, i32 %P_247, void %arrayidx1352.i64.case.42582, i32 %P_247, void %arrayidx1352.i64.case.22580, i32 %P_247, void %arrayidx1352.i64.case.12579, i32 %P_247, void %arrayidx1352.i64.case.02578, i32 %P_247, void %arrayidx1352.i64.case.2, i32 %P_247, void %arrayidx1352.i64.case.1, i32 %P_247, void %arrayidx1352.i64.case.42575, i32 %P_247, void %arrayidx1352.i64.case.22573, i32 %P_247, void %arrayidx1352.i64.case.12572, i32 %P_247, void %arrayidx1352.i64.case.02571, i32 %P_247, void %arrayidx1352.i64.case.42568, i32 %P_247, void %arrayidx1352.i64.case.5, i32 %P_247, void %arrayidx1352.i64.case.02599, i32 %m_5, void %arrayidx1352.i64.case.12600, i32 %P_247, void %arrayidx1352.i64.case.22601, i32 %P_247, void %arrayidx1352.i64.case.42603, i32 %P_247, void %arrayidx1311.i63.case.0, i32 %P_247, void %arrayidx1311.i63.case.1, i32 %P_247, void %arrayidx1311.i63.case.2, i32 %P_247, void %arrayidx1311.i63.case.3, i32 %P_247, void %arrayidx1311.i63.case.4"   --->   Operation 1543 'phi' 'P_283' <Predicate = true> <Delay = 0.00>
ST_80 : Operation 1544 [1/1] (0.00ns)   --->   "%P_282 = phi i32 %P_246, void %arrayidx1352.i64.case.4, i32 %P_246, void %arrayidx1352.i64.case.22594, i32 %P_246, void %arrayidx1352.i64.case.12593, i32 %P_246, void %arrayidx1352.i64.case.02592, i32 %P_246, void %arrayidx1352.i64.case.3, i32 %P_246, void %arrayidx1352.i64.case.42589, i32 %P_246, void %arrayidx1352.i64.case.22587, i32 %P_246, void %arrayidx1352.i64.case.12586, i32 %P_246, void %arrayidx1352.i64.case.02585, i32 %P_246, void %arrayidx1352.i64.case.42582, i32 %P_246, void %arrayidx1352.i64.case.22580, i32 %P_246, void %arrayidx1352.i64.case.12579, i32 %P_246, void %arrayidx1352.i64.case.02578, i32 %P_246, void %arrayidx1352.i64.case.2, i32 %P_246, void %arrayidx1352.i64.case.1, i32 %P_246, void %arrayidx1352.i64.case.42575, i32 %P_246, void %arrayidx1352.i64.case.22573, i32 %P_246, void %arrayidx1352.i64.case.12572, i32 %P_246, void %arrayidx1352.i64.case.02571, i32 %P_246, void %arrayidx1352.i64.case.42568, i32 %P_246, void %arrayidx1352.i64.case.5, i32 %P_246, void %arrayidx1352.i64.case.02599, i32 %P_246, void %arrayidx1352.i64.case.12600, i32 %m_5, void %arrayidx1352.i64.case.22601, i32 %P_246, void %arrayidx1352.i64.case.42603, i32 %P_246, void %arrayidx1311.i63.case.0, i32 %P_246, void %arrayidx1311.i63.case.1, i32 %P_246, void %arrayidx1311.i63.case.2, i32 %P_246, void %arrayidx1311.i63.case.3, i32 %P_246, void %arrayidx1311.i63.case.4"   --->   Operation 1544 'phi' 'P_282' <Predicate = true> <Delay = 0.00>
ST_80 : Operation 1545 [1/1] (0.00ns)   --->   "%P_281 = phi i32 %P_245, void %arrayidx1352.i64.case.4, i32 %P_245, void %arrayidx1352.i64.case.22594, i32 %P_245, void %arrayidx1352.i64.case.12593, i32 %P_245, void %arrayidx1352.i64.case.02592, i32 %P_245, void %arrayidx1352.i64.case.3, i32 %P_245, void %arrayidx1352.i64.case.42589, i32 %P_245, void %arrayidx1352.i64.case.22587, i32 %P_245, void %arrayidx1352.i64.case.12586, i32 %P_245, void %arrayidx1352.i64.case.02585, i32 %P_245, void %arrayidx1352.i64.case.42582, i32 %P_245, void %arrayidx1352.i64.case.22580, i32 %P_245, void %arrayidx1352.i64.case.12579, i32 %P_245, void %arrayidx1352.i64.case.02578, i32 %P_245, void %arrayidx1352.i64.case.2, i32 %P_245, void %arrayidx1352.i64.case.1, i32 %P_245, void %arrayidx1352.i64.case.42575, i32 %P_245, void %arrayidx1352.i64.case.22573, i32 %P_245, void %arrayidx1352.i64.case.12572, i32 %P_245, void %arrayidx1352.i64.case.02571, i32 %P_245, void %arrayidx1352.i64.case.42568, i32 %m_5, void %arrayidx1352.i64.case.5, i32 %P_245, void %arrayidx1352.i64.case.02599, i32 %P_245, void %arrayidx1352.i64.case.12600, i32 %P_245, void %arrayidx1352.i64.case.22601, i32 %P_245, void %arrayidx1352.i64.case.42603, i32 %P_245, void %arrayidx1311.i63.case.0, i32 %P_245, void %arrayidx1311.i63.case.1, i32 %P_245, void %arrayidx1311.i63.case.2, i32 %P_245, void %arrayidx1311.i63.case.3, i32 %P_245, void %arrayidx1311.i63.case.4"   --->   Operation 1545 'phi' 'P_281' <Predicate = true> <Delay = 0.00>
ST_80 : Operation 1546 [1/1] (0.00ns)   --->   "%P_280 = phi i32 %P_244, void %arrayidx1352.i64.case.4, i32 %P_244, void %arrayidx1352.i64.case.22594, i32 %P_244, void %arrayidx1352.i64.case.12593, i32 %P_244, void %arrayidx1352.i64.case.02592, i32 %P_244, void %arrayidx1352.i64.case.3, i32 %P_244, void %arrayidx1352.i64.case.42589, i32 %P_244, void %arrayidx1352.i64.case.22587, i32 %P_244, void %arrayidx1352.i64.case.12586, i32 %P_244, void %arrayidx1352.i64.case.02585, i32 %P_244, void %arrayidx1352.i64.case.42582, i32 %P_244, void %arrayidx1352.i64.case.22580, i32 %P_244, void %arrayidx1352.i64.case.12579, i32 %P_244, void %arrayidx1352.i64.case.02578, i32 %P_244, void %arrayidx1352.i64.case.2, i32 %P_244, void %arrayidx1352.i64.case.1, i32 %P_244, void %arrayidx1352.i64.case.42575, i32 %P_244, void %arrayidx1352.i64.case.22573, i32 %P_244, void %arrayidx1352.i64.case.12572, i32 %P_244, void %arrayidx1352.i64.case.02571, i32 %P_244, void %arrayidx1352.i64.case.42568, i32 %P_244, void %arrayidx1352.i64.case.5, i32 %P_244, void %arrayidx1352.i64.case.02599, i32 %P_244, void %arrayidx1352.i64.case.12600, i32 %P_244, void %arrayidx1352.i64.case.22601, i32 %m_5, void %arrayidx1352.i64.case.42603, i32 %P_244, void %arrayidx1311.i63.case.0, i32 %P_244, void %arrayidx1311.i63.case.1, i32 %P_244, void %arrayidx1311.i63.case.2, i32 %P_244, void %arrayidx1311.i63.case.3, i32 %P_244, void %arrayidx1311.i63.case.4"   --->   Operation 1546 'phi' 'P_280' <Predicate = true> <Delay = 0.00>
ST_80 : Operation 1547 [1/1] (0.79ns)   --->   "%add_ln120_1 = add i4 %j_1, i4 1" [ekf_core.cpp:120->ekf_core.cpp:169]   --->   Operation 1547 'add' 'add_ln120_1' <Predicate = true> <Delay = 0.79> <CoreInst = "Adder">   --->   Core 1 'Adder' <Latency = 0> <II = 1> <Delay = 0.79> <FuncUnit> <Opcode : 'add' 'sub'> <InPorts = 2> <OutPorts = 1>
ST_80 : Operation 1548 [1/1] (0.00ns)   --->   "%br_ln120 = br void %for.body127.i" [ekf_core.cpp:120->ekf_core.cpp:169]   --->   Operation 1548 'br' 'br_ln120' <Predicate = true> <Delay = 0.00>

State 81 <SV = 35> <Delay = 7.30>
ST_81 : Operation 1549 [1/2] (1.09ns)   --->   "%call_ln0 = call void @ekf_batch_Pipeline_VITIS_LOOP_173_9, i32 %local_5_load, i32 %local_load, i32 %local_1_load, i32 %local_2_load, i32 %local_3_load, i32 %local_4_load, i32 %x_17, i32 %x_16, i32 %x_15, i32 %x_14, i32 %x_13, i32 %x, i32 %p_loc, i32 %p_loc221, i32 %p_loc222, i32 %p_loc223, i32 %p_loc224, i32 %p_loc225"   --->   Operation 1549 'call' 'call_ln0' <Predicate = true> <Delay = 1.09> <CoreType = "Generic">   --->   Core 0 '' <Latency = 0> <II = 1> <Delay = 1.00> <Generic> <Opcode : >
ST_81 : Operation 1550 [1/1] (7.30ns)   --->   "%empty_54 = writereq i1 @_ssdm_op_WriteReq.m_axi.p1i32, i32 %gmem0_addr, i32 98" [ekf_core.cpp:176]   --->   Operation 1550 'writereq' 'empty_54' <Predicate = true> <Delay = 7.30> <CoreInst = "m_axi">   --->   Core 121 'm_axi' <Latency = 0> <II = 1> <Delay = 1.00> <Adapter> <Opcode : 'read' 'write' 'readreq' 'writereq' 'writeresp'>

State 82 <SV = 36> <Delay = 0.67>
ST_82 : Operation 1551 [1/1] (0.00ns)   --->   "%p_loc_load = load i32 %p_loc"   --->   Operation 1551 'load' 'p_loc_load' <Predicate = true> <Delay = 0.00>
ST_82 : Operation 1552 [1/1] (0.00ns)   --->   "%p_loc221_load = load i32 %p_loc221"   --->   Operation 1552 'load' 'p_loc221_load' <Predicate = true> <Delay = 0.00>
ST_82 : Operation 1553 [1/1] (0.00ns)   --->   "%p_loc222_load = load i32 %p_loc222"   --->   Operation 1553 'load' 'p_loc222_load' <Predicate = true> <Delay = 0.00>
ST_82 : Operation 1554 [1/1] (0.00ns)   --->   "%p_loc223_load = load i32 %p_loc223"   --->   Operation 1554 'load' 'p_loc223_load' <Predicate = true> <Delay = 0.00>
ST_82 : Operation 1555 [1/1] (0.00ns)   --->   "%p_loc224_load = load i32 %p_loc224"   --->   Operation 1555 'load' 'p_loc224_load' <Predicate = true> <Delay = 0.00>
ST_82 : Operation 1556 [1/1] (0.00ns)   --->   "%p_loc225_load = load i32 %p_loc225"   --->   Operation 1556 'load' 'p_loc225_load' <Predicate = true> <Delay = 0.00>
ST_82 : Operation 1557 [1/1] (0.67ns)   --->   "%store_ln173 = store i32 %p_loc225_load, i4 %local_4_addr" [ekf_core.cpp:173]   --->   Operation 1557 'store' 'store_ln173' <Predicate = true> <Delay = 0.67> <CoreInst = "RAM">   --->   Core 83 'RAM' <Latency = 1> <II = 1> <Delay = 0.67> <Storage> <Opcode : 'load' 'store'> <Ports = 2> <Width = 32> <Depth = 13> <RAM>
ST_82 : Operation 1558 [1/1] (0.67ns)   --->   "%store_ln173 = store i32 %p_loc224_load, i4 %local_3_addr" [ekf_core.cpp:173]   --->   Operation 1558 'store' 'store_ln173' <Predicate = true> <Delay = 0.67> <CoreInst = "RAM">   --->   Core 83 'RAM' <Latency = 1> <II = 1> <Delay = 0.67> <Storage> <Opcode : 'load' 'store'> <Ports = 2> <Width = 32> <Depth = 13> <RAM>
ST_82 : Operation 1559 [1/1] (0.67ns)   --->   "%store_ln173 = store i32 %p_loc223_load, i4 %local_2_addr" [ekf_core.cpp:173]   --->   Operation 1559 'store' 'store_ln173' <Predicate = true> <Delay = 0.67> <CoreInst = "RAM">   --->   Core 83 'RAM' <Latency = 1> <II = 1> <Delay = 0.67> <Storage> <Opcode : 'load' 'store'> <Ports = 2> <Width = 32> <Depth = 13> <RAM>
ST_82 : Operation 1560 [1/1] (0.67ns)   --->   "%store_ln173 = store i32 %p_loc222_load, i4 %local_1_addr" [ekf_core.cpp:173]   --->   Operation 1560 'store' 'store_ln173' <Predicate = true> <Delay = 0.67> <CoreInst = "RAM">   --->   Core 83 'RAM' <Latency = 1> <II = 1> <Delay = 0.67> <Storage> <Opcode : 'load' 'store'> <Ports = 2> <Width = 32> <Depth = 13> <RAM>
ST_82 : Operation 1561 [1/1] (0.67ns)   --->   "%store_ln173 = store i32 %p_loc221_load, i4 %local_addr" [ekf_core.cpp:173]   --->   Operation 1561 'store' 'store_ln173' <Predicate = true> <Delay = 0.67> <CoreInst = "RAM">   --->   Core 83 'RAM' <Latency = 1> <II = 1> <Delay = 0.67> <Storage> <Opcode : 'load' 'store'> <Ports = 2> <Width = 32> <Depth = 13> <RAM>
ST_82 : Operation 1562 [1/1] (0.67ns)   --->   "%store_ln173 = store i32 %p_loc_load, i4 %local_5_addr" [ekf_core.cpp:173]   --->   Operation 1562 'store' 'store_ln173' <Predicate = true> <Delay = 0.67> <CoreInst = "RAM">   --->   Core 83 'RAM' <Latency = 1> <II = 1> <Delay = 0.67> <Storage> <Opcode : 'load' 'store'> <Ports = 2> <Width = 32> <Depth = 13> <RAM>

State 83 <SV = 37> <Delay = 1.92>
ST_83 : Operation 1563 [2/2] (1.92ns)   --->   "%call_ln78 = call void @ekf_batch_Pipeline_VITIS_LOOP_174_10_VITIS_LOOP_175_11, i32 %P_124, i32 %P_123, i32 %P_122, i32 %P_121, i32 %P_120, i32 %P_119, i32 %P_118, i32 %P_117, i32 %P_116, i32 %P_115, i32 %P_114, i32 %P_113, i32 %P_112, i32 %P_111, i32 %P_110, i32 %P_109, i32 %P_108, i32 %P_107, i32 %P_125, i32 %P_126, i32 %P_127, i32 %P_128, i32 %P_129, i32 %P_130, i32 %P_131, i32 %P_132, i32 %P_133, i32 %P_134, i32 %P_135, i32 %P_136, i32 %P_137, i32 %P_138, i32 %P_139, i32 %P_140, i32 %P_141, i32 %P_142, i32 %local, i32 %local_1, i32 %local_2, i32 %local_3, i32 %local_4, i32 %local_5, i32 %local_6, i32 %local_7" [ekf_core.cpp:78->ekf_core.cpp:162]   --->   Operation 1563 'call' 'call_ln78' <Predicate = true> <Delay = 1.92> <CoreType = "Generic">   --->   Core 0 '' <Latency = 0> <II = 1> <Delay = 1.00> <Generic> <Opcode : >

State 84 <SV = 38> <Delay = 0.00>
ST_84 : Operation 1564 [1/2] (0.00ns)   --->   "%call_ln78 = call void @ekf_batch_Pipeline_VITIS_LOOP_174_10_VITIS_LOOP_175_11, i32 %P_124, i32 %P_123, i32 %P_122, i32 %P_121, i32 %P_120, i32 %P_119, i32 %P_118, i32 %P_117, i32 %P_116, i32 %P_115, i32 %P_114, i32 %P_113, i32 %P_112, i32 %P_111, i32 %P_110, i32 %P_109, i32 %P_108, i32 %P_107, i32 %P_125, i32 %P_126, i32 %P_127, i32 %P_128, i32 %P_129, i32 %P_130, i32 %P_131, i32 %P_132, i32 %P_133, i32 %P_134, i32 %P_135, i32 %P_136, i32 %P_137, i32 %P_138, i32 %P_139, i32 %P_140, i32 %P_141, i32 %P_142, i32 %local, i32 %local_1, i32 %local_2, i32 %local_3, i32 %local_4, i32 %local_5, i32 %local_6, i32 %local_7" [ekf_core.cpp:78->ekf_core.cpp:162]   --->   Operation 1564 'call' 'call_ln78' <Predicate = true> <Delay = 0.00> <CoreType = "Generic">   --->   Core 0 '' <Latency = 0> <II = 1> <Delay = 1.00> <Generic> <Opcode : >

State 85 <SV = 39> <Delay = 0.00>
ST_85 : Operation 1565 [2/2] (0.00ns)   --->   "%call_ln148 = call void @ekf_batch_Pipeline_VITIS_LOOP_176_12, i32 %gmem0, i62 %trunc_ln2, i32 %local, i32 %local_1, i32 %local_2, i32 %local_3, i32 %local_4, i32 %local_5, i32 %local_6, i32 %local_7" [ekf_core.cpp:148]   --->   Operation 1565 'call' 'call_ln148' <Predicate = true> <Delay = 0.00> <CoreType = "Generic">   --->   Core 0 '' <Latency = 0> <II = 1> <Delay = 1.00> <Generic> <Opcode : >

State 86 <SV = 40> <Delay = 0.00>
ST_86 : Operation 1566 [1/2] (0.00ns)   --->   "%call_ln148 = call void @ekf_batch_Pipeline_VITIS_LOOP_176_12, i32 %gmem0, i62 %trunc_ln2, i32 %local, i32 %local_1, i32 %local_2, i32 %local_3, i32 %local_4, i32 %local_5, i32 %local_6, i32 %local_7" [ekf_core.cpp:148]   --->   Operation 1566 'call' 'call_ln148' <Predicate = true> <Delay = 0.00> <CoreType = "Generic">   --->   Core 0 '' <Latency = 0> <II = 1> <Delay = 1.00> <Generic> <Opcode : >

State 87 <SV = 41> <Delay = 7.30>
ST_87 : Operation 1567 [5/5] (7.30ns)   --->   "%empty_55 = writeresp i1 @_ssdm_op_WriteResp.m_axi.p1i32, i32 %gmem0_addr" [ekf_core.cpp:180]   --->   Operation 1567 'writeresp' 'empty_55' <Predicate = true> <Delay = 7.30> <CoreInst = "m_axi">   --->   Core 121 'm_axi' <Latency = 0> <II = 1> <Delay = 1.00> <Adapter> <Opcode : 'read' 'write' 'readreq' 'writereq' 'writeresp'>

State 88 <SV = 42> <Delay = 7.30>
ST_88 : Operation 1568 [4/5] (7.30ns)   --->   "%empty_55 = writeresp i1 @_ssdm_op_WriteResp.m_axi.p1i32, i32 %gmem0_addr" [ekf_core.cpp:180]   --->   Operation 1568 'writeresp' 'empty_55' <Predicate = true> <Delay = 7.30> <CoreInst = "m_axi">   --->   Core 121 'm_axi' <Latency = 0> <II = 1> <Delay = 1.00> <Adapter> <Opcode : 'read' 'write' 'readreq' 'writereq' 'writeresp'>

State 89 <SV = 43> <Delay = 7.30>
ST_89 : Operation 1569 [3/5] (7.30ns)   --->   "%empty_55 = writeresp i1 @_ssdm_op_WriteResp.m_axi.p1i32, i32 %gmem0_addr" [ekf_core.cpp:180]   --->   Operation 1569 'writeresp' 'empty_55' <Predicate = true> <Delay = 7.30> <CoreInst = "m_axi">   --->   Core 121 'm_axi' <Latency = 0> <II = 1> <Delay = 1.00> <Adapter> <Opcode : 'read' 'write' 'readreq' 'writereq' 'writeresp'>

State 90 <SV = 44> <Delay = 7.30>
ST_90 : Operation 1570 [2/5] (7.30ns)   --->   "%empty_55 = writeresp i1 @_ssdm_op_WriteResp.m_axi.p1i32, i32 %gmem0_addr" [ekf_core.cpp:180]   --->   Operation 1570 'writeresp' 'empty_55' <Predicate = true> <Delay = 7.30> <CoreInst = "m_axi">   --->   Core 121 'm_axi' <Latency = 0> <II = 1> <Delay = 1.00> <Adapter> <Opcode : 'read' 'write' 'readreq' 'writereq' 'writeresp'>

State 91 <SV = 45> <Delay = 7.30>
ST_91 : Operation 1571 [1/5] (7.30ns)   --->   "%empty_55 = writeresp i1 @_ssdm_op_WriteResp.m_axi.p1i32, i32 %gmem0_addr" [ekf_core.cpp:180]   --->   Operation 1571 'writeresp' 'empty_55' <Predicate = true> <Delay = 7.30> <CoreInst = "m_axi">   --->   Core 121 'm_axi' <Latency = 0> <II = 1> <Delay = 1.00> <Adapter> <Opcode : 'read' 'write' 'readreq' 'writereq' 'writeresp'>
ST_91 : Operation 1572 [1/1] (0.00ns)   --->   "%br_ln138 = br void %VITIS_LOOP_148_3" [ekf_core.cpp:138]   --->   Operation 1572 'br' 'br_ln138' <Predicate = true> <Delay = 0.00>


============================================================
+ Verbose Summary: Timing violations
============================================================
Target clock period: 10.000ns, clock uncertainty: 2.700ns.

 <State 1>: 2.434ns
The critical path consists of the following:
	s_axi read operation ('num_tracks_read') on port 'num_tracks' [8]  (1.000 ns)
	'icmp' operation ('icmp_ln138', ekf_core.cpp:138) [487]  (1.016 ns)
	'select' operation ('empty', ekf_core.cpp:138) [491]  (0.418 ns)

 <State 2>: 7.300ns
The critical path consists of the following:
	bus request operation ('empty_52', ekf_core.cpp:138) on port 'gmem1' (ekf_core.cpp:138) [493]  (7.300 ns)

 <State 3>: 7.300ns
The critical path consists of the following:
	bus request operation ('empty_52', ekf_core.cpp:138) on port 'gmem1' (ekf_core.cpp:138) [493]  (7.300 ns)

 <State 4>: 7.300ns
The critical path consists of the following:
	bus request operation ('empty_52', ekf_core.cpp:138) on port 'gmem1' (ekf_core.cpp:138) [493]  (7.300 ns)

 <State 5>: 7.300ns
The critical path consists of the following:
	bus request operation ('empty_52', ekf_core.cpp:138) on port 'gmem1' (ekf_core.cpp:138) [493]  (7.300 ns)

 <State 6>: 7.300ns
The critical path consists of the following:
	bus request operation ('empty_52', ekf_core.cpp:138) on port 'gmem1' (ekf_core.cpp:138) [493]  (7.300 ns)

 <State 7>: 7.300ns
The critical path consists of the following:
	bus request operation ('empty_52', ekf_core.cpp:138) on port 'gmem1' (ekf_core.cpp:138) [493]  (7.300 ns)

 <State 8>: 7.300ns
The critical path consists of the following:
	bus request operation ('empty_52', ekf_core.cpp:138) on port 'gmem1' (ekf_core.cpp:138) [493]  (7.300 ns)

 <State 9>: 7.300ns
The critical path consists of the following:
	bus request operation ('empty_52', ekf_core.cpp:138) on port 'gmem1' (ekf_core.cpp:138) [493]  (7.300 ns)

 <State 10>: 1.085ns
The critical path consists of the following:
	'load' operation ('phi_mul_load', ekf_core.cpp:138) on local variable 'phi_mul' [504]  (0.000 ns)
	'add' operation ('add_ln143', ekf_core.cpp:143) [514]  (1.085 ns)

 <State 11>: 7.300ns
The critical path consists of the following:
	'getelementptr' operation ('gmem0_addr', ekf_core.cpp:148) [517]  (0.000 ns)
	bus request operation ('empty_53', ekf_core.cpp:148) on port 'gmem0' (ekf_core.cpp:148) [518]  (7.300 ns)

 <State 12>: 7.300ns
The critical path consists of the following:
	bus request operation ('empty_53', ekf_core.cpp:148) on port 'gmem0' (ekf_core.cpp:148) [518]  (7.300 ns)

 <State 13>: 7.300ns
The critical path consists of the following:
	bus request operation ('empty_53', ekf_core.cpp:148) on port 'gmem0' (ekf_core.cpp:148) [518]  (7.300 ns)

 <State 14>: 7.300ns
The critical path consists of the following:
	bus request operation ('empty_53', ekf_core.cpp:148) on port 'gmem0' (ekf_core.cpp:148) [518]  (7.300 ns)

 <State 15>: 7.300ns
The critical path consists of the following:
	bus request operation ('empty_53', ekf_core.cpp:148) on port 'gmem0' (ekf_core.cpp:148) [518]  (7.300 ns)

 <State 16>: 7.300ns
The critical path consists of the following:
	bus request operation ('empty_53', ekf_core.cpp:148) on port 'gmem0' (ekf_core.cpp:148) [518]  (7.300 ns)

 <State 17>: 7.300ns
The critical path consists of the following:
	bus request operation ('empty_53', ekf_core.cpp:148) on port 'gmem0' (ekf_core.cpp:148) [518]  (7.300 ns)

 <State 18>: 7.300ns
The critical path consists of the following:
	bus request operation ('empty_53', ekf_core.cpp:148) on port 'gmem0' (ekf_core.cpp:148) [518]  (7.300 ns)

 <State 19>: 0.000ns
The critical path consists of the following:

 <State 20>: 1.208ns
The critical path consists of the following:
	'call' operation ('call_ln0') to 'ekf_batch_Pipeline_VITIS_LOOP_41_1_VITIS_LOOP_42_2' [570]  (1.208 ns)

 <State 21>: 0.677ns
The critical path consists of the following:
	'load' operation ('local_load') on array 'local', ekf_core.cpp:146 [520]  (0.677 ns)

 <State 22>: 0.677ns
The critical path consists of the following:
	'load' operation ('local_load') on array 'local', ekf_core.cpp:146 [520]  (0.677 ns)

 <State 23>: 0.623ns
The critical path consists of the following:
	'call' operation ('call_ln0') to 'ekf_batch_Pipeline_VITIS_LOOP_157_4' [526]  (0.623 ns)

 <State 24>: 1.208ns
The critical path consists of the following:
	'call' operation ('call_ln0') to 'ekf_batch_Pipeline_VITIS_LOOP_158_5_VITIS_LOOP_159_6' [533]  (1.208 ns)

 <State 25>: 1.072ns
The critical path consists of the following:
	'load' operation ('P_35_loc_load') on local variable 'P_35_loc' [534]  (0.000 ns)
	'call' operation ('call_ln0') to 'ekf_batch_Pipeline_VITIS_LOOP_17_1_VITIS_LOOP_18_2' [631]  (1.072 ns)

 <State 26>: 0.000ns
The critical path consists of the following:

 <State 27>: 1.072ns
The critical path consists of the following:
	'load' operation ('mux_case_59772781_loc_load') on local variable 'mux_case_59772781_loc' [632]  (0.000 ns)
	'call' operation ('call_ln0') to 'ekf_batch_Pipeline_VITIS_LOOP_17_1_VITIS_LOOP_18_21' [705]  (1.072 ns)

 <State 28>: 1.100ns
The critical path consists of the following:
	'call' operation ('call_ln0') to 'ekf_batch_Pipeline_VITIS_LOOP_64_3' [624]  (1.100 ns)

 <State 29>: 1.246ns
The critical path consists of the following:
	'load' operation ('Q_11_loc_load') on local variable 'Q_11_loc' [605]  (0.000 ns)
	'call' operation ('call_ln0') to 'ekf_batch_Pipeline_VITIS_LOOP_73_4_VITIS_LOOP_74_5' [742]  (1.246 ns)

 <State 30>: 0.000ns
The critical path consists of the following:

 <State 31>: 0.427ns
The critical path consists of the following:
	multiplexor before 'phi' operation ('P') with incoming values : ('P_108_loc_load') ('m', ekf_core.cpp:78->ekf_core.cpp:162) [781]  (0.427 ns)

 <State 32>: 0.673ns
The critical path consists of the following:
	'phi' operation ('i', ekf_core.cpp:76->ekf_core.cpp:162) with incoming values : ('add_ln76', ekf_core.cpp:76->ekf_core.cpp:162) [816]  (0.000 ns)
	'icmp' operation ('icmp_ln76', ekf_core.cpp:76->ekf_core.cpp:162) [819]  (0.673 ns)

 <State 33>: 1.197ns
The critical path consists of the following:
	'phi' operation ('P') with incoming values : ('P_108_loc_load') ('m', ekf_core.cpp:78->ekf_core.cpp:162) [827]  (0.000 ns)
	'mux' operation ('tmp_45', ekf_core.cpp:78->ekf_core.cpp:162) [871]  (0.623 ns)
	'mux' operation ('tmp_48', ekf_core.cpp:78->ekf_core.cpp:162) [874]  (0.574 ns)

 <State 34>: 6.437ns
The critical path consists of the following:
	multiplexor before operation 'fadd' with delay (1.047 ns)
'fadd' operation ('add81_i', ekf_core.cpp:78->ekf_core.cpp:162) [882]  (5.390 ns)

 <State 35>: 6.437ns
The critical path consists of the following:
	'fadd' operation ('add81_i', ekf_core.cpp:78->ekf_core.cpp:162) [882]  (6.437 ns)

 <State 36>: 6.437ns
The critical path consists of the following:
	'fadd' operation ('add81_i', ekf_core.cpp:78->ekf_core.cpp:162) [882]  (6.437 ns)

 <State 37>: 6.437ns
The critical path consists of the following:
	'fadd' operation ('add81_i', ekf_core.cpp:78->ekf_core.cpp:162) [882]  (6.437 ns)

 <State 38>: 7.016ns
The critical path consists of the following:
	multiplexor before operation 'fmul' with delay (0.968 ns)
'fmul' operation ('m', ekf_core.cpp:78->ekf_core.cpp:162) [883]  (6.048 ns)

 <State 39>: 7.016ns
The critical path consists of the following:
	'fmul' operation ('m', ekf_core.cpp:78->ekf_core.cpp:162) [883]  (7.016 ns)

 <State 40>: 7.016ns
The critical path consists of the following:
	'fmul' operation ('m', ekf_core.cpp:78->ekf_core.cpp:162) [883]  (7.016 ns)

 <State 41>: 0.738ns
The critical path consists of the following:
	multiplexor before 'phi' operation ('P') with incoming values : ('P_79_loc_load') ('m', ekf_core.cpp:78->ekf_core.cpp:162) [946]  (0.738 ns)

 <State 42>: 0.797ns
The critical path consists of the following:
	'add' operation ('add_ln76_1', ekf_core.cpp:76->ekf_core.cpp:162) [981]  (0.797 ns)

 <State 43>: 7.300ns
The critical path consists of the following:
	bus read operation ('m', ekf_core.cpp:163) on port 'gmem1' (ekf_core.cpp:163) [987]  (7.300 ns)

 <State 44>: 1.434ns
The critical path consists of the following:
	'icmp' operation ('icmp_ln163', ekf_core.cpp:163) [989]  (0.985 ns)
	'select' operation ('m', ekf_core.cpp:163) [990]  (0.449 ns)

 <State 45>: 2.474ns
The critical path consists of the following:
	'phi' operation ('k', ekf_core.cpp:164) with incoming values : ('add_ln164', ekf_core.cpp:164) [1035]  (0.000 ns)
	'call' operation ('call_ln165', ekf_core.cpp:165) to 'ekf_batch_Pipeline_VITIS_LOOP_168_8' [1045]  (1.458 ns)
	blocking operation 1.016 ns on control path)

 <State 46>: 1.100ns
The critical path consists of the following:
	'call' operation ('call_ln165', ekf_core.cpp:165) to 'ekf_batch_Pipeline_VITIS_LOOP_168_8' [1045]  (1.100 ns)

 <State 47>: 0.623ns
The critical path consists of the following:
	'load' operation ('H_5_loc_load') on local variable 'H_5_loc' [1046]  (0.000 ns)
	'call' operation ('call_ln78', ekf_core.cpp:78->ekf_core.cpp:162) to 'ekf_batch_Pipeline_VITIS_LOOP_89_1' [1058]  (0.623 ns)

 <State 48>: 1.474ns
The critical path consists of the following:
	'add' operation ('add_ln169', ekf_core.cpp:169) [1052]  (0.797 ns)
	'getelementptr' operation ('local_addr_1', ekf_core.cpp:169) [1054]  (0.000 ns)
	'load' operation ('y', ekf_core.cpp:169) on array 'local', ekf_core.cpp:146 [1055]  (0.677 ns)

 <State 49>: 1.300ns
The critical path consists of the following:
	'load' operation ('s', ekf_core.cpp:169) on array 'local', ekf_core.cpp:146 [1057]  (0.677 ns)
	'call' operation ('call_ln169', ekf_core.cpp:169) to 'ekf_batch_Pipeline_VITIS_LOOP_96_3' [1065]  (0.623 ns)

 <State 50>: 0.000ns
The critical path consists of the following:

 <State 51>: 7.057ns
The critical path consists of the following:
	'load' operation ('s_loc_load') on local variable 's_loc' [1066]  (0.000 ns)
	'fdiv' operation ('inv_s', ekf_core.cpp:100->ekf_core.cpp:169) [1067]  (7.057 ns)

 <State 52>: 7.057ns
The critical path consists of the following:
	'fdiv' operation ('inv_s', ekf_core.cpp:100->ekf_core.cpp:169) [1067]  (7.057 ns)

 <State 53>: 7.057ns
The critical path consists of the following:
	'fdiv' operation ('inv_s', ekf_core.cpp:100->ekf_core.cpp:169) [1067]  (7.057 ns)

 <State 54>: 7.057ns
The critical path consists of the following:
	'fdiv' operation ('inv_s', ekf_core.cpp:100->ekf_core.cpp:169) [1067]  (7.057 ns)

 <State 55>: 7.057ns
The critical path consists of the following:
	'fdiv' operation ('inv_s', ekf_core.cpp:100->ekf_core.cpp:169) [1067]  (7.057 ns)

 <State 56>: 7.057ns
The critical path consists of the following:
	'fdiv' operation ('inv_s', ekf_core.cpp:100->ekf_core.cpp:169) [1067]  (7.057 ns)

 <State 57>: 7.057ns
The critical path consists of the following:
	'fdiv' operation ('inv_s', ekf_core.cpp:100->ekf_core.cpp:169) [1067]  (7.057 ns)

 <State 58>: 7.057ns
The critical path consists of the following:
	'fdiv' operation ('inv_s', ekf_core.cpp:100->ekf_core.cpp:169) [1067]  (7.057 ns)

 <State 59>: 7.057ns
The critical path consists of the following:
	'fdiv' operation ('inv_s', ekf_core.cpp:100->ekf_core.cpp:169) [1067]  (7.057 ns)

 <State 60>: 0.623ns
The critical path consists of the following:
	'call' operation ('call_ln100', ekf_core.cpp:100->ekf_core.cpp:169) to 'ekf_batch_Pipeline_VITIS_LOOP_101_4' [1068]  (0.623 ns)

 <State 61>: 0.000ns
The critical path consists of the following:

 <State 62>: 0.623ns
The critical path consists of the following:
	'load' operation ('K_5_loc_load') on local variable 'K_5_loc' [1069]  (0.000 ns)
	'call' operation ('call_ln169', ekf_core.cpp:169) to 'ekf_batch_Pipeline_VITIS_LOOP_102_5' [1075]  (0.623 ns)

 <State 63>: 0.000ns
The critical path consists of the following:

 <State 64>: 1.072ns
The critical path consists of the following:
	'load' operation ('A_35_loc_load') on local variable 'A_35_loc' [1083]  (0.000 ns)
	'call' operation ('call_ln78', ekf_core.cpp:78->ekf_core.cpp:162) to 'ekf_batch_Pipeline_VITIS_LOOP_17_1_VITIS_LOOP_18_22' [1119]  (1.072 ns)

 <State 65>: 1.100ns
The critical path consists of the following:
	'call' operation ('call_ln0') to 'ekf_batch_Pipeline_VITIS_LOOP_30_13' [1156]  (1.100 ns)

 <State 66>: 1.072ns
The critical path consists of the following:
	'load' operation ('mux_case_520153177_loc_load') on local variable 'mux_case_520153177_loc' [1120]  (0.000 ns)
	'call' operation ('call_ln0') to 'ekf_batch_Pipeline_VITIS_LOOP_17_1_VITIS_LOOP_18_24' [1193]  (1.072 ns)

 <State 67>: 0.000ns
The critical path consists of the following:

 <State 68>: 0.623ns
The critical path consists of the following:
	'load' operation ('mux_case_522243393_loc_load') on local variable 'mux_case_522243393_loc' [1194]  (0.000 ns)
	'call' operation ('call_ln78', ekf_core.cpp:78->ekf_core.cpp:162) to 'ekf_batch_Pipeline_VITIS_LOOP_117_8' [1230]  (0.623 ns)

 <State 69>: 0.000ns
The critical path consists of the following:

 <State 70>: 0.427ns
The critical path consists of the following:
	multiplexor before 'phi' operation ('P') with incoming values : ('P_318_loc_load') ('m', ekf_core.cpp:122->ekf_core.cpp:169) [1269]  (0.427 ns)

 <State 71>: 0.673ns
The critical path consists of the following:
	'phi' operation ('i', ekf_core.cpp:120->ekf_core.cpp:169) with incoming values : ('add_ln120', ekf_core.cpp:120->ekf_core.cpp:169) [1304]  (0.000 ns)
	'icmp' operation ('icmp_ln120', ekf_core.cpp:120->ekf_core.cpp:169) [1307]  (0.673 ns)

 <State 72>: 1.197ns
The critical path consists of the following:
	'phi' operation ('P') with incoming values : ('P_318_loc_load') ('m', ekf_core.cpp:122->ekf_core.cpp:169) [1315]  (0.000 ns)
	'mux' operation ('tmp_61', ekf_core.cpp:122->ekf_core.cpp:169) [1359]  (0.623 ns)
	'mux' operation ('tmp_64', ekf_core.cpp:122->ekf_core.cpp:169) [1362]  (0.574 ns)

 <State 73>: 6.437ns
The critical path consists of the following:
	multiplexor before operation 'fadd' with delay (1.047 ns)
'fadd' operation ('add136_i', ekf_core.cpp:122->ekf_core.cpp:169) [1370]  (5.390 ns)

 <State 74>: 6.437ns
The critical path consists of the following:
	'fadd' operation ('add136_i', ekf_core.cpp:122->ekf_core.cpp:169) [1370]  (6.437 ns)

 <State 75>: 6.437ns
The critical path consists of the following:
	'fadd' operation ('add136_i', ekf_core.cpp:122->ekf_core.cpp:169) [1370]  (6.437 ns)

 <State 76>: 6.437ns
The critical path consists of the following:
	'fadd' operation ('add136_i', ekf_core.cpp:122->ekf_core.cpp:169) [1370]  (6.437 ns)

 <State 77>: 7.016ns
The critical path consists of the following:
	multiplexor before operation 'fmul' with delay (0.968 ns)
'fmul' operation ('m', ekf_core.cpp:122->ekf_core.cpp:169) [1371]  (6.048 ns)

 <State 78>: 7.016ns
The critical path consists of the following:
	'fmul' operation ('m', ekf_core.cpp:122->ekf_core.cpp:169) [1371]  (7.016 ns)

 <State 79>: 7.016ns
The critical path consists of the following:
	'fmul' operation ('m', ekf_core.cpp:122->ekf_core.cpp:169) [1371]  (7.016 ns)

 <State 80>: 0.797ns
The critical path consists of the following:
	'add' operation ('add_ln120_1', ekf_core.cpp:120->ekf_core.cpp:169) [1469]  (0.797 ns)

 <State 81>: 7.300ns
The critical path consists of the following:
	bus request operation ('empty_54', ekf_core.cpp:176) on port 'gmem0' (ekf_core.cpp:176) [1491]  (7.300 ns)

 <State 82>: 0.677ns
The critical path consists of the following:
	'load' operation ('p_loc225_load') on local variable 'p_loc225' [1483]  (0.000 ns)
	'store' operation ('store_ln173', ekf_core.cpp:173) of variable 'p_loc225_load' on array 'local', ekf_core.cpp:146 [1484]  (0.677 ns)

 <State 83>: 1.923ns
The critical path consists of the following:
	'call' operation ('call_ln78', ekf_core.cpp:78->ekf_core.cpp:162) to 'ekf_batch_Pipeline_VITIS_LOOP_174_10_VITIS_LOOP_175_11' [1490]  (1.923 ns)

 <State 84>: 0.000ns
The critical path consists of the following:

 <State 85>: 0.000ns
The critical path consists of the following:

 <State 86>: 0.000ns
The critical path consists of the following:

 <State 87>: 7.300ns
The critical path consists of the following:
	bus response operation ('empty_55', ekf_core.cpp:180) on port 'gmem0' (ekf_core.cpp:180) [1493]  (7.300 ns)

 <State 88>: 7.300ns
The critical path consists of the following:
	bus response operation ('empty_55', ekf_core.cpp:180) on port 'gmem0' (ekf_core.cpp:180) [1493]  (7.300 ns)

 <State 89>: 7.300ns
The critical path consists of the following:
	bus response operation ('empty_55', ekf_core.cpp:180) on port 'gmem0' (ekf_core.cpp:180) [1493]  (7.300 ns)

 <State 90>: 7.300ns
The critical path consists of the following:
	bus response operation ('empty_55', ekf_core.cpp:180) on port 'gmem0' (ekf_core.cpp:180) [1493]  (7.300 ns)

 <State 91>: 7.300ns
The critical path consists of the following:
	bus response operation ('empty_55', ekf_core.cpp:180) on port 'gmem0' (ekf_core.cpp:180) [1493]  (7.300 ns)


============================================================
+ Verbose Summary: Binding
============================================================
N/A
* FSMD analyzer results:
  - Output states:
 - Input state : 
  - Chain level:
	State 1
	State 2
	State 3
	State 4
	State 5
	State 6
	State 7
	State 8
	State 9
	State 10
	State 11
	State 12
	State 13
	State 14
	State 15
	State 16
	State 17
	State 18
	State 19
	State 20
	State 21
	State 22
	State 23
	State 24
	State 25
	State 26
	State 27
	State 28
	State 29
	State 30
	State 31
	State 32
	State 33
	State 34
	State 35
	State 36
	State 37
	State 38
	State 39
	State 40
	State 41
	State 42
	State 43
	State 44
	State 45
	State 46
	State 47
	State 48
	State 49
	State 50
	State 51
	State 52
	State 53
	State 54
	State 55
	State 56
	State 57
	State 58
	State 59
	State 60
	State 61
	State 62
	State 63
	State 64
	State 65
	State 66
	State 67
	State 68
	State 69
	State 70
	State 71
	State 72
	State 73
	State 74
	State 75
	State 76
	State 77
	State 78
	State 79
	State 80
	State 81
	State 82
	State 83
	State 84
	State 85
	State 86
	State 87
	State 88
	State 89
	State 90
	State 91


============================================================
+ Verbose Summary: Datapath Resource usage 
============================================================
N/A
