

================================================================
== Vitis HLS Report for 'ekf_batch_Pipeline_VITIS_LOOP_41_1_VITIS_LOOP_42_2'
================================================================
* Date:           Thu Sep  3 12:11:16 2026

* Version:        2023.1 (Build 3854077 on May  4 2023)
* Project:        EKF
* Solution:       solution1 (Vivado IP Flow Target)
* Product family: zynquplus
* Target device:  xczu9eg-ffvb1156-2-e


================================================================
== Performance Estimates
================================================================
+ Timing: 
    * Summary: 
    +--------+----------+----------+------------+
    |  Clock |  Target  | Estimated| Uncertainty|
    +--------+----------+----------+------------+
    |ap_clk  |  10.00 ns|  2.002 ns|     2.70 ns|
    +--------+----------+----------+------------+

+ Latency: 
    * Summary: 
    +---------+---------+----------+----------+-----+-----+---------+
    |  Latency (cycles) |  Latency (absolute) |  Interval | Pipeline|
    |   min   |   max   |    min   |    max   | min | max |   Type  |
    +---------+---------+----------+----------+-----+-----+---------+
    |       38|       38|  0.380 us|  0.380 us|   38|   38|       no|
    +---------+---------+----------+----------+-----+-----+---------+

    + Detail: 
        * Instance: 
        N/A

        * Loop: 
        +-----------------------------------+---------+---------+----------+-----------+-----------+------+----------+
        |                                   |  Latency (cycles) | Iteration|  Initiation Interval  | Trip |          |
        |             Loop Name             |   min   |   max   |  Latency |  achieved |   target  | Count| Pipelined|
        +-----------------------------------+---------+---------+----------+-----------+-----------+------+----------+
        |- VITIS_LOOP_41_1_VITIS_LOOP_42_2  |       36|       36|         1|          1|          1|    36|       yes|
        +-----------------------------------+---------+---------+----------+-----------+-----------+------+----------+

============================================================
+ Verbose Summary: Synthesis Manager
============================================================
InlineROM: 1
ExposeGlobal: 0
============================================================
+ Verbose Summary: CDFG Model
============================================================
IsTopModel: 0
ResetActiveHigh: 1
IsCombinational: 0
IsDatapathOnly: 0
HasWiredReturn: 1
HasMFsm: 2
HasVarLatency: 1
IsPipeline: 0
IsRtlPipelined: 0
IsInstanceOverlapped: 0
IsDontTouch: 0
HasImplIP: 0
IsGatedGlobalClock: 0

+ Individual pipeline summary: 
  * Pipeline-0: initiation interval (II) = 1, depth = 1


============================================================
+ Verbose Summary: Schedule
============================================================
* Number of FSM states : 1
* Pipeline : 1
  Pipeline-0 : II = 1, D = 1, States = { 1 }
* Dataflow Pipeline: 0

* FSM state transitions: 
1 --> 

* FSM state operations: 

State 1 <SV = 0> <Delay = 2.00>
ST_1 : Operation 4 [1/1] (0.00ns)   --->   "%j = alloca i32 1"   --->   Operation 4 'alloca' 'j' <Predicate = true> <Delay = 0.00>
ST_1 : Operation 5 [1/1] (0.00ns)   --->   "%i_3 = alloca i32 1"   --->   Operation 5 'alloca' 'i_3' <Predicate = true> <Delay = 0.00>
ST_1 : Operation 6 [1/1] (0.00ns)   --->   "%indvar_flatten6 = alloca i32 1"   --->   Operation 6 'alloca' 'indvar_flatten6' <Predicate = true> <Delay = 0.00>
ST_1 : Operation 7 [1/1] (0.00ns)   --->   "%F = alloca i32 1"   --->   Operation 7 'alloca' 'F' <Predicate = true> <Delay = 0.00>
ST_1 : Operation 8 [1/1] (0.00ns)   --->   "%F_1 = alloca i32 1"   --->   Operation 8 'alloca' 'F_1' <Predicate = true> <Delay = 0.00>
ST_1 : Operation 9 [1/1] (0.00ns)   --->   "%F_2 = alloca i32 1"   --->   Operation 9 'alloca' 'F_2' <Predicate = true> <Delay = 0.00>
ST_1 : Operation 10 [1/1] (0.00ns)   --->   "%F_3 = alloca i32 1"   --->   Operation 10 'alloca' 'F_3' <Predicate = true> <Delay = 0.00>
ST_1 : Operation 11 [1/1] (0.00ns)   --->   "%F_4 = alloca i32 1"   --->   Operation 11 'alloca' 'F_4' <Predicate = true> <Delay = 0.00>
ST_1 : Operation 12 [1/1] (0.00ns)   --->   "%F_5 = alloca i32 1"   --->   Operation 12 'alloca' 'F_5' <Predicate = true> <Delay = 0.00>
ST_1 : Operation 13 [1/1] (0.00ns)   --->   "%F_6 = alloca i32 1"   --->   Operation 13 'alloca' 'F_6' <Predicate = true> <Delay = 0.00>
ST_1 : Operation 14 [1/1] (0.00ns)   --->   "%F_7 = alloca i32 1"   --->   Operation 14 'alloca' 'F_7' <Predicate = true> <Delay = 0.00>
ST_1 : Operation 15 [1/1] (0.00ns)   --->   "%F_8 = alloca i32 1"   --->   Operation 15 'alloca' 'F_8' <Predicate = true> <Delay = 0.00>
ST_1 : Operation 16 [1/1] (0.00ns)   --->   "%F_9 = alloca i32 1"   --->   Operation 16 'alloca' 'F_9' <Predicate = true> <Delay = 0.00>
ST_1 : Operation 17 [1/1] (0.00ns)   --->   "%F_10 = alloca i32 1"   --->   Operation 17 'alloca' 'F_10' <Predicate = true> <Delay = 0.00>
ST_1 : Operation 18 [1/1] (0.00ns)   --->   "%F_11 = alloca i32 1"   --->   Operation 18 'alloca' 'F_11' <Predicate = true> <Delay = 0.00>
ST_1 : Operation 19 [1/1] (0.00ns)   --->   "%F_12 = alloca i32 1"   --->   Operation 19 'alloca' 'F_12' <Predicate = true> <Delay = 0.00>
ST_1 : Operation 20 [1/1] (0.00ns)   --->   "%F_13 = alloca i32 1"   --->   Operation 20 'alloca' 'F_13' <Predicate = true> <Delay = 0.00>
ST_1 : Operation 21 [1/1] (0.00ns)   --->   "%F_14 = alloca i32 1"   --->   Operation 21 'alloca' 'F_14' <Predicate = true> <Delay = 0.00>
ST_1 : Operation 22 [1/1] (0.00ns)   --->   "%F_15 = alloca i32 1"   --->   Operation 22 'alloca' 'F_15' <Predicate = true> <Delay = 0.00>
ST_1 : Operation 23 [1/1] (0.00ns)   --->   "%F_16 = alloca i32 1"   --->   Operation 23 'alloca' 'F_16' <Predicate = true> <Delay = 0.00>
ST_1 : Operation 24 [1/1] (0.00ns)   --->   "%F_17 = alloca i32 1"   --->   Operation 24 'alloca' 'F_17' <Predicate = true> <Delay = 0.00>
ST_1 : Operation 25 [1/1] (0.00ns)   --->   "%F_18 = alloca i32 1"   --->   Operation 25 'alloca' 'F_18' <Predicate = true> <Delay = 0.00>
ST_1 : Operation 26 [1/1] (0.00ns)   --->   "%F_19 = alloca i32 1"   --->   Operation 26 'alloca' 'F_19' <Predicate = true> <Delay = 0.00>
ST_1 : Operation 27 [1/1] (0.00ns)   --->   "%F_20 = alloca i32 1"   --->   Operation 27 'alloca' 'F_20' <Predicate = true> <Delay = 0.00>
ST_1 : Operation 28 [1/1] (0.00ns)   --->   "%F_21 = alloca i32 1"   --->   Operation 28 'alloca' 'F_21' <Predicate = true> <Delay = 0.00>
ST_1 : Operation 29 [1/1] (0.00ns)   --->   "%F_22 = alloca i32 1"   --->   Operation 29 'alloca' 'F_22' <Predicate = true> <Delay = 0.00>
ST_1 : Operation 30 [1/1] (0.00ns)   --->   "%F_23 = alloca i32 1"   --->   Operation 30 'alloca' 'F_23' <Predicate = true> <Delay = 0.00>
ST_1 : Operation 31 [1/1] (0.00ns)   --->   "%F_24 = alloca i32 1"   --->   Operation 31 'alloca' 'F_24' <Predicate = true> <Delay = 0.00>
ST_1 : Operation 32 [1/1] (0.00ns)   --->   "%F_25 = alloca i32 1"   --->   Operation 32 'alloca' 'F_25' <Predicate = true> <Delay = 0.00>
ST_1 : Operation 33 [1/1] (0.00ns)   --->   "%F_26 = alloca i32 1"   --->   Operation 33 'alloca' 'F_26' <Predicate = true> <Delay = 0.00>
ST_1 : Operation 34 [1/1] (0.00ns)   --->   "%F_27 = alloca i32 1"   --->   Operation 34 'alloca' 'F_27' <Predicate = true> <Delay = 0.00>
ST_1 : Operation 35 [1/1] (0.00ns)   --->   "%F_28 = alloca i32 1"   --->   Operation 35 'alloca' 'F_28' <Predicate = true> <Delay = 0.00>
ST_1 : Operation 36 [1/1] (0.00ns)   --->   "%F_29 = alloca i32 1"   --->   Operation 36 'alloca' 'F_29' <Predicate = true> <Delay = 0.00>
ST_1 : Operation 37 [1/1] (0.00ns)   --->   "%F_30 = alloca i32 1"   --->   Operation 37 'alloca' 'F_30' <Predicate = true> <Delay = 0.00>
ST_1 : Operation 38 [1/1] (0.00ns)   --->   "%F_31 = alloca i32 1"   --->   Operation 38 'alloca' 'F_31' <Predicate = true> <Delay = 0.00>
ST_1 : Operation 39 [1/1] (0.00ns)   --->   "%F_32 = alloca i32 1"   --->   Operation 39 'alloca' 'F_32' <Predicate = true> <Delay = 0.00>
ST_1 : Operation 40 [1/1] (0.42ns)   --->   "%store_ln0 = store i6 0, i6 %indvar_flatten6"   --->   Operation 40 'store' 'store_ln0' <Predicate = true> <Delay = 0.42>
ST_1 : Operation 41 [1/1] (0.42ns)   --->   "%store_ln0 = store i3 0, i3 %i_3"   --->   Operation 41 'store' 'store_ln0' <Predicate = true> <Delay = 0.42>
ST_1 : Operation 42 [1/1] (0.42ns)   --->   "%store_ln0 = store i3 0, i3 %j"   --->   Operation 42 'store' 'store_ln0' <Predicate = true> <Delay = 0.42>
ST_1 : Operation 43 [1/1] (0.00ns)   --->   "%br_ln0 = br void %for.body4.i.i"   --->   Operation 43 'br' 'br_ln0' <Predicate = true> <Delay = 0.00>
ST_1 : Operation 44 [1/1] (0.00ns)   --->   "%indvar_flatten6_load = load i6 %indvar_flatten6" [ekf_core.cpp:41->ekf_core.cpp:54->ekf_core.cpp:162]   --->   Operation 44 'load' 'indvar_flatten6_load' <Predicate = true> <Delay = 0.00>
ST_1 : Operation 45 [1/1] (0.00ns)   --->   "%specpipeline_ln0 = specpipeline void @_ssdm_op_SpecPipeline, i32 4294967295, i32 0, i32 1, i32 0, void @p_str"   --->   Operation 45 'specpipeline' 'specpipeline_ln0' <Predicate = true> <Delay = 0.00>
ST_1 : Operation 46 [1/1] (0.78ns)   --->   "%icmp_ln41 = icmp_eq  i6 %indvar_flatten6_load, i6 36" [ekf_core.cpp:41->ekf_core.cpp:54->ekf_core.cpp:162]   --->   Operation 46 'icmp' 'icmp_ln41' <Predicate = true> <Delay = 0.78> <CoreInst = "Cmp">   --->   Core 9 'Cmp' <Latency = 0> <II = 1> <Delay = 0.78> <FuncUnit> <Opcode : 'icmp'> <InPorts = 2> <OutPorts = 1>
ST_1 : Operation 47 [1/1] (0.78ns)   --->   "%add_ln41 = add i6 %indvar_flatten6_load, i6 1" [ekf_core.cpp:41->ekf_core.cpp:54->ekf_core.cpp:162]   --->   Operation 47 'add' 'add_ln41' <Predicate = true> <Delay = 0.78> <CoreInst = "Adder">   --->   Core 1 'Adder' <Latency = 0> <II = 1> <Delay = 0.78> <FuncUnit> <Opcode : 'add' 'sub'> <InPorts = 2> <OutPorts = 1>
ST_1 : Operation 48 [1/1] (0.00ns)   --->   "%br_ln41 = br i1 %icmp_ln41, void %for.cond.cleanup3.i.i, void %for.body25.i.i.preheader.exitStub" [ekf_core.cpp:41->ekf_core.cpp:54->ekf_core.cpp:162]   --->   Operation 48 'br' 'br_ln41' <Predicate = true> <Delay = 0.00>
ST_1 : Operation 49 [1/1] (0.00ns)   --->   "%j_load = load i3 %j" [ekf_core.cpp:42->ekf_core.cpp:54->ekf_core.cpp:162]   --->   Operation 49 'load' 'j_load' <Predicate = (!icmp_ln41)> <Delay = 0.00>
ST_1 : Operation 50 [1/1] (0.00ns)   --->   "%i_3_load = load i3 %i_3" [ekf_core.cpp:41->ekf_core.cpp:54->ekf_core.cpp:162]   --->   Operation 50 'load' 'i_3_load' <Predicate = (!icmp_ln41)> <Delay = 0.00>
ST_1 : Operation 51 [1/1] (0.00ns)   --->   "%specloopname_ln0 = specloopname void @_ssdm_op_SpecLoopName, void @VITIS_LOOP_41_1_VITIS_LOOP_42_2_str"   --->   Operation 51 'specloopname' 'specloopname_ln0' <Predicate = (!icmp_ln41)> <Delay = 0.00>
ST_1 : Operation 52 [1/1] (0.00ns)   --->   "%speclooptripcount_ln0 = speclooptripcount void @_ssdm_op_SpecLoopTripCount, i64 36, i64 36, i64 36"   --->   Operation 52 'speclooptripcount' 'speclooptripcount_ln0' <Predicate = (!icmp_ln41)> <Delay = 0.00>
ST_1 : Operation 53 [1/1] (0.67ns)   --->   "%icmp_ln42 = icmp_eq  i3 %j_load, i3 6" [ekf_core.cpp:42->ekf_core.cpp:54->ekf_core.cpp:162]   --->   Operation 53 'icmp' 'icmp_ln42' <Predicate = (!icmp_ln41)> <Delay = 0.67> <CoreInst = "Cmp">   --->   Core 9 'Cmp' <Latency = 0> <II = 1> <Delay = 0.67> <FuncUnit> <Opcode : 'icmp'> <InPorts = 2> <OutPorts = 1>
ST_1 : Operation 54 [1/1] (0.20ns)   --->   "%select_ln51 = select i1 %icmp_ln42, i3 0, i3 %j_load" [ekf_core.cpp:51->ekf_core.cpp:162]   --->   Operation 54 'select' 'select_ln51' <Predicate = (!icmp_ln41)> <Delay = 0.20> <CoreInst = "Sel">   --->   Core 73 'Sel' <Latency = 0> <II = 1> <Delay = 0.20> <FuncUnit> <Opcode : 'select'> <InPorts = 3> <OutPorts = 1>
ST_1 : Operation 55 [1/1] (0.00ns)   --->   "%specpipeline_ln0 = specpipeline void @_ssdm_op_SpecPipeline, i32 4294967295, i32 0, i32 1, i32 0, void @p_str"   --->   Operation 55 'specpipeline' 'specpipeline_ln0' <Predicate = (!icmp_ln41)> <Delay = 0.00>
ST_1 : Operation 56 [1/1] (0.67ns)   --->   "%add_ln41_1 = add i3 %i_3_load, i3 1" [ekf_core.cpp:41->ekf_core.cpp:54->ekf_core.cpp:162]   --->   Operation 56 'add' 'add_ln41_1' <Predicate = (!icmp_ln41)> <Delay = 0.67> <CoreInst = "Adder">   --->   Core 1 'Adder' <Latency = 0> <II = 1> <Delay = 0.67> <FuncUnit> <Opcode : 'add' 'sub'> <InPorts = 2> <OutPorts = 1>
ST_1 : Operation 57 [1/1] (0.20ns)   --->   "%select_ln41 = select i1 %icmp_ln42, i3 %add_ln41_1, i3 %i_3_load" [ekf_core.cpp:41->ekf_core.cpp:54->ekf_core.cpp:162]   --->   Operation 57 'select' 'select_ln41' <Predicate = (!icmp_ln41)> <Delay = 0.20> <CoreInst = "Sel">   --->   Core 73 'Sel' <Latency = 0> <II = 1> <Delay = 0.20> <FuncUnit> <Opcode : 'select'> <InPorts = 3> <OutPorts = 1>
ST_1 : Operation 58 [1/1] (0.00ns)   --->   "%specloopname_ln42 = specloopname void @_ssdm_op_SpecLoopName, void @empty_6" [ekf_core.cpp:42->ekf_core.cpp:54->ekf_core.cpp:162]   --->   Operation 58 'specloopname' 'specloopname_ln42' <Predicate = (!icmp_ln41)> <Delay = 0.00>
ST_1 : Operation 59 [1/1] (0.67ns)   --->   "%icmp_ln42_1 = icmp_eq  i3 %select_ln41, i3 %select_ln51" [ekf_core.cpp:42->ekf_core.cpp:54->ekf_core.cpp:162]   --->   Operation 59 'icmp' 'icmp_ln42_1' <Predicate = (!icmp_ln41)> <Delay = 0.67> <CoreInst = "Cmp">   --->   Core 9 'Cmp' <Latency = 0> <II = 1> <Delay = 0.67> <FuncUnit> <Opcode : 'icmp'> <InPorts = 2> <OutPorts = 1>
ST_1 : Operation 60 [1/1] (0.44ns)   --->   "%F_33 = select i1 %icmp_ln42_1, i32 1, i32 0" [ekf_core.cpp:42->ekf_core.cpp:54->ekf_core.cpp:162]   --->   Operation 60 'select' 'F_33' <Predicate = (!icmp_ln41)> <Delay = 0.44> <CoreInst = "Sel">   --->   Core 73 'Sel' <Latency = 0> <II = 1> <Delay = 0.44> <FuncUnit> <Opcode : 'select'> <InPorts = 3> <OutPorts = 1>
ST_1 : Operation 61 [1/1] (0.73ns)   --->   "%switch_ln42 = switch i3 %select_ln41, void %arrayidx78.i.i100.case.5, i3 0, void %arrayidx78.i.i100.case.0, i3 1, void %arrayidx78.i.i100.case.1, i3 2, void %arrayidx78.i.i100.case.2, i3 3, void %arrayidx78.i.i100.case.3, i3 4, void %arrayidx78.i.i100.case.4" [ekf_core.cpp:42->ekf_core.cpp:54->ekf_core.cpp:162]   --->   Operation 61 'switch' 'switch_ln42' <Predicate = (!icmp_ln41)> <Delay = 0.73>
ST_1 : Operation 62 [1/1] (0.73ns)   --->   "%switch_ln42 = switch i3 %select_ln51, void %arrayidx119.i.i101.case.5513, i3 0, void %arrayidx78.i.i100.case.4.arrayidx119.i.i101.exit_crit_edge2, i3 1, void %arrayidx119.i.i101.case.1509, i3 2, void %arrayidx119.i.i101.case.2510, i3 3, void %arrayidx119.i.i101.case.3511, i3 4, void %arrayidx78.i.i100.case.4.arrayidx119.i.i101.exit_crit_edge" [ekf_core.cpp:42->ekf_core.cpp:54->ekf_core.cpp:162]   --->   Operation 62 'switch' 'switch_ln42' <Predicate = (!icmp_ln41 & select_ln41 == 4)> <Delay = 0.73>
ST_1 : Operation 63 [1/1] (0.00ns)   --->   "%store_ln42 = store i32 %F_33, i32 %F_25" [ekf_core.cpp:42->ekf_core.cpp:54->ekf_core.cpp:162]   --->   Operation 63 'store' 'store_ln42' <Predicate = (!icmp_ln41 & select_ln41 == 4 & select_ln51 == 4)> <Delay = 0.00>
ST_1 : Operation 64 [1/1] (0.00ns)   --->   "%br_ln42 = br void %arrayidx119.i.i101.exit" [ekf_core.cpp:42->ekf_core.cpp:54->ekf_core.cpp:162]   --->   Operation 64 'br' 'br_ln42' <Predicate = (!icmp_ln41 & select_ln41 == 4 & select_ln51 == 4)> <Delay = 0.00>
ST_1 : Operation 65 [1/1] (0.00ns)   --->   "%store_ln42 = store i32 %F_33, i32 %F_24" [ekf_core.cpp:42->ekf_core.cpp:54->ekf_core.cpp:162]   --->   Operation 65 'store' 'store_ln42' <Predicate = (!icmp_ln41 & select_ln41 == 4 & select_ln51 == 3)> <Delay = 0.00>
ST_1 : Operation 66 [1/1] (0.00ns)   --->   "%br_ln42 = br void %arrayidx119.i.i101.exit" [ekf_core.cpp:42->ekf_core.cpp:54->ekf_core.cpp:162]   --->   Operation 66 'br' 'br_ln42' <Predicate = (!icmp_ln41 & select_ln41 == 4 & select_ln51 == 3)> <Delay = 0.00>
ST_1 : Operation 67 [1/1] (0.00ns)   --->   "%store_ln42 = store i32 %F_33, i32 %F_23" [ekf_core.cpp:42->ekf_core.cpp:54->ekf_core.cpp:162]   --->   Operation 67 'store' 'store_ln42' <Predicate = (!icmp_ln41 & select_ln41 == 4 & select_ln51 == 2)> <Delay = 0.00>
ST_1 : Operation 68 [1/1] (0.00ns)   --->   "%br_ln42 = br void %arrayidx119.i.i101.exit" [ekf_core.cpp:42->ekf_core.cpp:54->ekf_core.cpp:162]   --->   Operation 68 'br' 'br_ln42' <Predicate = (!icmp_ln41 & select_ln41 == 4 & select_ln51 == 2)> <Delay = 0.00>
ST_1 : Operation 69 [1/1] (0.00ns)   --->   "%store_ln42 = store i32 %F_33, i32 %F_22" [ekf_core.cpp:42->ekf_core.cpp:54->ekf_core.cpp:162]   --->   Operation 69 'store' 'store_ln42' <Predicate = (!icmp_ln41 & select_ln41 == 4 & select_ln51 == 1)> <Delay = 0.00>
ST_1 : Operation 70 [1/1] (0.00ns)   --->   "%br_ln42 = br void %arrayidx119.i.i101.exit" [ekf_core.cpp:42->ekf_core.cpp:54->ekf_core.cpp:162]   --->   Operation 70 'br' 'br_ln42' <Predicate = (!icmp_ln41 & select_ln41 == 4 & select_ln51 == 1)> <Delay = 0.00>
ST_1 : Operation 71 [1/1] (0.00ns)   --->   "%store_ln42 = store i32 %F_33, i32 %F_21" [ekf_core.cpp:42->ekf_core.cpp:54->ekf_core.cpp:162]   --->   Operation 71 'store' 'store_ln42' <Predicate = (!icmp_ln41 & select_ln41 == 4 & select_ln51 == 0)> <Delay = 0.00>
ST_1 : Operation 72 [1/1] (0.00ns)   --->   "%br_ln42 = br void %arrayidx119.i.i101.exit" [ekf_core.cpp:42->ekf_core.cpp:54->ekf_core.cpp:162]   --->   Operation 72 'br' 'br_ln42' <Predicate = (!icmp_ln41 & select_ln41 == 4 & select_ln51 == 0)> <Delay = 0.00>
ST_1 : Operation 73 [1/1] (0.00ns)   --->   "%store_ln42 = store i32 %F_33, i32 %F_26" [ekf_core.cpp:42->ekf_core.cpp:54->ekf_core.cpp:162]   --->   Operation 73 'store' 'store_ln42' <Predicate = (!icmp_ln41 & select_ln41 == 4 & select_ln51 != 0 & select_ln51 != 1 & select_ln51 != 2 & select_ln51 != 3 & select_ln51 != 4)> <Delay = 0.00>
ST_1 : Operation 74 [1/1] (0.00ns)   --->   "%br_ln42 = br void %arrayidx119.i.i101.exit" [ekf_core.cpp:42->ekf_core.cpp:54->ekf_core.cpp:162]   --->   Operation 74 'br' 'br_ln42' <Predicate = (!icmp_ln41 & select_ln41 == 4 & select_ln51 != 0 & select_ln51 != 1 & select_ln51 != 2 & select_ln51 != 3 & select_ln51 != 4)> <Delay = 0.00>
ST_1 : Operation 75 [1/1] (0.73ns)   --->   "%switch_ln42 = switch i3 %select_ln51, void %arrayidx119.i.i101.case.5505, i3 0, void %arrayidx78.i.i100.case.3.arrayidx119.i.i101.exit_crit_edge, i3 1, void %arrayidx78.i.i100.case.3.arrayidx119.i.i101.exit_crit_edge3, i3 2, void %arrayidx78.i.i100.case.2454, i3 3, void %arrayidx119.i.i101.case.3503, i3 4, void %arrayidx78.i.i100.case.3.arrayidx119.i.i101.case.3.thread_crit_edge" [ekf_core.cpp:42->ekf_core.cpp:54->ekf_core.cpp:162]   --->   Operation 75 'switch' 'switch_ln42' <Predicate = (!icmp_ln41 & select_ln41 == 3)> <Delay = 0.73>
ST_1 : Operation 76 [1/1] (0.00ns)   --->   "%store_ln42 = store i32 %F_33, i32 %F_19" [ekf_core.cpp:42->ekf_core.cpp:54->ekf_core.cpp:162]   --->   Operation 76 'store' 'store_ln42' <Predicate = (!icmp_ln41 & select_ln41 == 3 & select_ln51 == 4)> <Delay = 0.00>
ST_1 : Operation 77 [1/1] (0.00ns)   --->   "%br_ln42 = br void %arrayidx119.i.i101.exit" [ekf_core.cpp:42->ekf_core.cpp:54->ekf_core.cpp:162]   --->   Operation 77 'br' 'br_ln42' <Predicate = (!icmp_ln41 & select_ln41 == 3 & select_ln51 == 4)> <Delay = 0.00>
ST_1 : Operation 78 [1/1] (0.00ns)   --->   "%store_ln42 = store i32 %F_33, i32 %F_18" [ekf_core.cpp:42->ekf_core.cpp:54->ekf_core.cpp:162]   --->   Operation 78 'store' 'store_ln42' <Predicate = (!icmp_ln41 & select_ln41 == 3 & select_ln51 == 3)> <Delay = 0.00>
ST_1 : Operation 79 [1/1] (0.00ns)   --->   "%br_ln42 = br void %arrayidx119.i.i101.exit" [ekf_core.cpp:42->ekf_core.cpp:54->ekf_core.cpp:162]   --->   Operation 79 'br' 'br_ln42' <Predicate = (!icmp_ln41 & select_ln41 == 3 & select_ln51 == 3)> <Delay = 0.00>
ST_1 : Operation 80 [1/1] (0.00ns)   --->   "%store_ln42 = store i32 %F_33, i32 %F_17" [ekf_core.cpp:42->ekf_core.cpp:54->ekf_core.cpp:162]   --->   Operation 80 'store' 'store_ln42' <Predicate = (!icmp_ln41 & select_ln41 == 3 & select_ln51 == 2)> <Delay = 0.00>
ST_1 : Operation 81 [1/1] (0.00ns)   --->   "%br_ln42 = br void %arrayidx119.i.i101.exit" [ekf_core.cpp:42->ekf_core.cpp:54->ekf_core.cpp:162]   --->   Operation 81 'br' 'br_ln42' <Predicate = (!icmp_ln41 & select_ln41 == 3 & select_ln51 == 2)> <Delay = 0.00>
ST_1 : Operation 82 [1/1] (0.00ns)   --->   "%store_ln42 = store i32 %F_33, i32 %F_16" [ekf_core.cpp:42->ekf_core.cpp:54->ekf_core.cpp:162]   --->   Operation 82 'store' 'store_ln42' <Predicate = (!icmp_ln41 & select_ln41 == 3 & select_ln51 == 1)> <Delay = 0.00>
ST_1 : Operation 83 [1/1] (0.00ns)   --->   "%br_ln42 = br void %arrayidx119.i.i101.exit" [ekf_core.cpp:42->ekf_core.cpp:54->ekf_core.cpp:162]   --->   Operation 83 'br' 'br_ln42' <Predicate = (!icmp_ln41 & select_ln41 == 3 & select_ln51 == 1)> <Delay = 0.00>
ST_1 : Operation 84 [1/1] (0.00ns)   --->   "%store_ln42 = store i32 %F_33, i32 %F_15" [ekf_core.cpp:42->ekf_core.cpp:54->ekf_core.cpp:162]   --->   Operation 84 'store' 'store_ln42' <Predicate = (!icmp_ln41 & select_ln41 == 3 & select_ln51 == 0)> <Delay = 0.00>
ST_1 : Operation 85 [1/1] (0.00ns)   --->   "%br_ln42 = br void %arrayidx119.i.i101.exit" [ekf_core.cpp:42->ekf_core.cpp:54->ekf_core.cpp:162]   --->   Operation 85 'br' 'br_ln42' <Predicate = (!icmp_ln41 & select_ln41 == 3 & select_ln51 == 0)> <Delay = 0.00>
ST_1 : Operation 86 [1/1] (0.00ns)   --->   "%store_ln42 = store i32 %F_33, i32 %F_20" [ekf_core.cpp:42->ekf_core.cpp:54->ekf_core.cpp:162]   --->   Operation 86 'store' 'store_ln42' <Predicate = (!icmp_ln41 & select_ln41 == 3 & select_ln51 != 0 & select_ln51 != 1 & select_ln51 != 2 & select_ln51 != 3 & select_ln51 != 4)> <Delay = 0.00>
ST_1 : Operation 87 [1/1] (0.00ns)   --->   "%br_ln42 = br void %arrayidx119.i.i101.exit" [ekf_core.cpp:42->ekf_core.cpp:54->ekf_core.cpp:162]   --->   Operation 87 'br' 'br_ln42' <Predicate = (!icmp_ln41 & select_ln41 == 3 & select_ln51 != 0 & select_ln51 != 1 & select_ln51 != 2 & select_ln51 != 3 & select_ln51 != 4)> <Delay = 0.00>
ST_1 : Operation 88 [1/1] (0.73ns)   --->   "%switch_ln42 = switch i3 %select_ln51, void %arrayidx119.i.i101.exit, i3 0, void %arrayidx78.i.i100.case.2.arrayidx119.i.i101.exit_crit_edge4, i3 1, void %arrayidx78.i.i100.case.1445, i3 2, void %arrayidx78.i.i100.case.2.arrayidx119.i.i101.exit_crit_edge, i3 3, void %arrayidx78.i.i100.case.3447, i3 4, void %arrayidx78.i.i100.case.2.arrayidx119.i.i101.case.2.thread_crit_edge" [ekf_core.cpp:42->ekf_core.cpp:54->ekf_core.cpp:162]   --->   Operation 88 'switch' 'switch_ln42' <Predicate = (!icmp_ln41 & select_ln41 == 2)> <Delay = 0.73>
ST_1 : Operation 89 [1/1] (0.00ns)   --->   "%store_ln42 = store i32 %F_33, i32 %F_14" [ekf_core.cpp:42->ekf_core.cpp:54->ekf_core.cpp:162]   --->   Operation 89 'store' 'store_ln42' <Predicate = (!icmp_ln41 & select_ln41 == 2 & select_ln51 == 4)> <Delay = 0.00>
ST_1 : Operation 90 [1/1] (0.00ns)   --->   "%br_ln42 = br void %arrayidx119.i.i101.exit" [ekf_core.cpp:42->ekf_core.cpp:54->ekf_core.cpp:162]   --->   Operation 90 'br' 'br_ln42' <Predicate = (!icmp_ln41 & select_ln41 == 2 & select_ln51 == 4)> <Delay = 0.00>
ST_1 : Operation 91 [1/1] (0.00ns)   --->   "%store_ln42 = store i32 %F_33, i32 %F_13" [ekf_core.cpp:42->ekf_core.cpp:54->ekf_core.cpp:162]   --->   Operation 91 'store' 'store_ln42' <Predicate = (!icmp_ln41 & select_ln41 == 2 & select_ln51 == 3)> <Delay = 0.00>
ST_1 : Operation 92 [1/1] (0.00ns)   --->   "%br_ln42 = br void %arrayidx119.i.i101.exit" [ekf_core.cpp:42->ekf_core.cpp:54->ekf_core.cpp:162]   --->   Operation 92 'br' 'br_ln42' <Predicate = (!icmp_ln41 & select_ln41 == 2 & select_ln51 == 3)> <Delay = 0.00>
ST_1 : Operation 93 [1/1] (0.00ns)   --->   "%store_ln42 = store i32 %F_33, i32 %F_12" [ekf_core.cpp:42->ekf_core.cpp:54->ekf_core.cpp:162]   --->   Operation 93 'store' 'store_ln42' <Predicate = (!icmp_ln41 & select_ln41 == 2 & select_ln51 == 2)> <Delay = 0.00>
ST_1 : Operation 94 [1/1] (0.00ns)   --->   "%br_ln42 = br void %arrayidx119.i.i101.exit" [ekf_core.cpp:42->ekf_core.cpp:54->ekf_core.cpp:162]   --->   Operation 94 'br' 'br_ln42' <Predicate = (!icmp_ln41 & select_ln41 == 2 & select_ln51 == 2)> <Delay = 0.00>
ST_1 : Operation 95 [1/1] (0.00ns)   --->   "%store_ln42 = store i32 %F_33, i32 %F_11" [ekf_core.cpp:42->ekf_core.cpp:54->ekf_core.cpp:162]   --->   Operation 95 'store' 'store_ln42' <Predicate = (!icmp_ln41 & select_ln41 == 2 & select_ln51 == 1)> <Delay = 0.00>
ST_1 : Operation 96 [1/1] (0.00ns)   --->   "%br_ln42 = br void %arrayidx119.i.i101.exit" [ekf_core.cpp:42->ekf_core.cpp:54->ekf_core.cpp:162]   --->   Operation 96 'br' 'br_ln42' <Predicate = (!icmp_ln41 & select_ln41 == 2 & select_ln51 == 1)> <Delay = 0.00>
ST_1 : Operation 97 [1/1] (0.00ns)   --->   "%store_ln42 = store i32 %F_33, i32 %F_10" [ekf_core.cpp:42->ekf_core.cpp:54->ekf_core.cpp:162]   --->   Operation 97 'store' 'store_ln42' <Predicate = (!icmp_ln41 & select_ln41 == 2 & select_ln51 == 0)> <Delay = 0.00>
ST_1 : Operation 98 [1/1] (0.00ns)   --->   "%br_ln42 = br void %arrayidx119.i.i101.exit" [ekf_core.cpp:42->ekf_core.cpp:54->ekf_core.cpp:162]   --->   Operation 98 'br' 'br_ln42' <Predicate = (!icmp_ln41 & select_ln41 == 2 & select_ln51 == 0)> <Delay = 0.00>
ST_1 : Operation 99 [1/1] (0.73ns)   --->   "%switch_ln42 = switch i3 %select_ln51, void %arrayidx119.i.i101.case.5489, i3 0, void %arrayidx78.i.i100.case.1.arrayidx119.i.i101.exit_crit_edge5, i3 1, void %arrayidx119.i.i101.case.1485, i3 2, void %arrayidx119.i.i101.case.2486, i3 3, void %arrayidx119.i.i101.case.3487, i3 4, void %arrayidx119.i.i101.exit" [ekf_core.cpp:42->ekf_core.cpp:54->ekf_core.cpp:162]   --->   Operation 99 'switch' 'switch_ln42' <Predicate = (!icmp_ln41 & select_ln41 == 1)> <Delay = 0.73>
ST_1 : Operation 100 [1/1] (0.00ns)   --->   "%store_ln42 = store i32 %F_33, i32 %F_8" [ekf_core.cpp:42->ekf_core.cpp:54->ekf_core.cpp:162]   --->   Operation 100 'store' 'store_ln42' <Predicate = (!icmp_ln41 & select_ln41 == 1 & select_ln51 == 3)> <Delay = 0.00>
ST_1 : Operation 101 [1/1] (0.00ns)   --->   "%br_ln42 = br void %arrayidx119.i.i101.exit" [ekf_core.cpp:42->ekf_core.cpp:54->ekf_core.cpp:162]   --->   Operation 101 'br' 'br_ln42' <Predicate = (!icmp_ln41 & select_ln41 == 1 & select_ln51 == 3)> <Delay = 0.00>
ST_1 : Operation 102 [1/1] (0.00ns)   --->   "%store_ln42 = store i32 %F_33, i32 %F_7" [ekf_core.cpp:42->ekf_core.cpp:54->ekf_core.cpp:162]   --->   Operation 102 'store' 'store_ln42' <Predicate = (!icmp_ln41 & select_ln41 == 1 & select_ln51 == 2)> <Delay = 0.00>
ST_1 : Operation 103 [1/1] (0.00ns)   --->   "%br_ln42 = br void %arrayidx119.i.i101.exit" [ekf_core.cpp:42->ekf_core.cpp:54->ekf_core.cpp:162]   --->   Operation 103 'br' 'br_ln42' <Predicate = (!icmp_ln41 & select_ln41 == 1 & select_ln51 == 2)> <Delay = 0.00>
ST_1 : Operation 104 [1/1] (0.00ns)   --->   "%store_ln42 = store i32 %F_33, i32 %F_6" [ekf_core.cpp:42->ekf_core.cpp:54->ekf_core.cpp:162]   --->   Operation 104 'store' 'store_ln42' <Predicate = (!icmp_ln41 & select_ln41 == 1 & select_ln51 == 1)> <Delay = 0.00>
ST_1 : Operation 105 [1/1] (0.00ns)   --->   "%br_ln42 = br void %arrayidx119.i.i101.exit" [ekf_core.cpp:42->ekf_core.cpp:54->ekf_core.cpp:162]   --->   Operation 105 'br' 'br_ln42' <Predicate = (!icmp_ln41 & select_ln41 == 1 & select_ln51 == 1)> <Delay = 0.00>
ST_1 : Operation 106 [1/1] (0.00ns)   --->   "%store_ln42 = store i32 %F_33, i32 %F_5" [ekf_core.cpp:42->ekf_core.cpp:54->ekf_core.cpp:162]   --->   Operation 106 'store' 'store_ln42' <Predicate = (!icmp_ln41 & select_ln41 == 1 & select_ln51 == 0)> <Delay = 0.00>
ST_1 : Operation 107 [1/1] (0.00ns)   --->   "%br_ln42 = br void %arrayidx119.i.i101.exit" [ekf_core.cpp:42->ekf_core.cpp:54->ekf_core.cpp:162]   --->   Operation 107 'br' 'br_ln42' <Predicate = (!icmp_ln41 & select_ln41 == 1 & select_ln51 == 0)> <Delay = 0.00>
ST_1 : Operation 108 [1/1] (0.00ns)   --->   "%store_ln42 = store i32 %F_33, i32 %F_9" [ekf_core.cpp:42->ekf_core.cpp:54->ekf_core.cpp:162]   --->   Operation 108 'store' 'store_ln42' <Predicate = (!icmp_ln41 & select_ln41 == 1 & select_ln51 != 0 & select_ln51 != 1 & select_ln51 != 2 & select_ln51 != 3 & select_ln51 != 4)> <Delay = 0.00>
ST_1 : Operation 109 [1/1] (0.00ns)   --->   "%br_ln42 = br void %arrayidx119.i.i101.exit" [ekf_core.cpp:42->ekf_core.cpp:54->ekf_core.cpp:162]   --->   Operation 109 'br' 'br_ln42' <Predicate = (!icmp_ln41 & select_ln41 == 1 & select_ln51 != 0 & select_ln51 != 1 & select_ln51 != 2 & select_ln51 != 3 & select_ln51 != 4)> <Delay = 0.00>
ST_1 : Operation 110 [1/1] (0.73ns)   --->   "%switch_ln42 = switch i3 %select_ln51, void %arrayidx119.i.i101.case.5481, i3 0, void %arrayidx78.i.i100.case.0.arrayidx119.i.i101.exit_crit_edge, i3 1, void %arrayidx78.i.i100.case.0.arrayidx119.i.i101.exit_crit_edge6, i3 2, void %arrayidx78.i.i100.case.2430, i3 3, void %arrayidx119.i.i101.exit, i3 4, void %arrayidx78.i.i100.case.0.arrayidx119.i.i101.case.0.thread_crit_edge" [ekf_core.cpp:42->ekf_core.cpp:54->ekf_core.cpp:162]   --->   Operation 110 'switch' 'switch_ln42' <Predicate = (!icmp_ln41 & select_ln41 == 0)> <Delay = 0.73>
ST_1 : Operation 111 [1/1] (0.00ns)   --->   "%store_ln42 = store i32 %F_33, i32 %F_3" [ekf_core.cpp:42->ekf_core.cpp:54->ekf_core.cpp:162]   --->   Operation 111 'store' 'store_ln42' <Predicate = (!icmp_ln41 & select_ln41 == 0 & select_ln51 == 4)> <Delay = 0.00>
ST_1 : Operation 112 [1/1] (0.00ns)   --->   "%br_ln42 = br void %arrayidx119.i.i101.exit" [ekf_core.cpp:42->ekf_core.cpp:54->ekf_core.cpp:162]   --->   Operation 112 'br' 'br_ln42' <Predicate = (!icmp_ln41 & select_ln41 == 0 & select_ln51 == 4)> <Delay = 0.00>
ST_1 : Operation 113 [1/1] (0.00ns)   --->   "%store_ln42 = store i32 %F_33, i32 %F_2" [ekf_core.cpp:42->ekf_core.cpp:54->ekf_core.cpp:162]   --->   Operation 113 'store' 'store_ln42' <Predicate = (!icmp_ln41 & select_ln41 == 0 & select_ln51 == 2)> <Delay = 0.00>
ST_1 : Operation 114 [1/1] (0.00ns)   --->   "%br_ln42 = br void %arrayidx119.i.i101.exit" [ekf_core.cpp:42->ekf_core.cpp:54->ekf_core.cpp:162]   --->   Operation 114 'br' 'br_ln42' <Predicate = (!icmp_ln41 & select_ln41 == 0 & select_ln51 == 2)> <Delay = 0.00>
ST_1 : Operation 115 [1/1] (0.00ns)   --->   "%store_ln42 = store i32 %F_33, i32 %F_1" [ekf_core.cpp:42->ekf_core.cpp:54->ekf_core.cpp:162]   --->   Operation 115 'store' 'store_ln42' <Predicate = (!icmp_ln41 & select_ln41 == 0 & select_ln51 == 1)> <Delay = 0.00>
ST_1 : Operation 116 [1/1] (0.00ns)   --->   "%br_ln42 = br void %arrayidx119.i.i101.exit" [ekf_core.cpp:42->ekf_core.cpp:54->ekf_core.cpp:162]   --->   Operation 116 'br' 'br_ln42' <Predicate = (!icmp_ln41 & select_ln41 == 0 & select_ln51 == 1)> <Delay = 0.00>
ST_1 : Operation 117 [1/1] (0.00ns)   --->   "%store_ln42 = store i32 %F_33, i32 %F" [ekf_core.cpp:42->ekf_core.cpp:54->ekf_core.cpp:162]   --->   Operation 117 'store' 'store_ln42' <Predicate = (!icmp_ln41 & select_ln41 == 0 & select_ln51 == 0)> <Delay = 0.00>
ST_1 : Operation 118 [1/1] (0.00ns)   --->   "%br_ln42 = br void %arrayidx119.i.i101.exit" [ekf_core.cpp:42->ekf_core.cpp:54->ekf_core.cpp:162]   --->   Operation 118 'br' 'br_ln42' <Predicate = (!icmp_ln41 & select_ln41 == 0 & select_ln51 == 0)> <Delay = 0.00>
ST_1 : Operation 119 [1/1] (0.00ns)   --->   "%store_ln42 = store i32 %F_33, i32 %F_4" [ekf_core.cpp:42->ekf_core.cpp:54->ekf_core.cpp:162]   --->   Operation 119 'store' 'store_ln42' <Predicate = (!icmp_ln41 & select_ln41 == 0 & select_ln51 != 0 & select_ln51 != 1 & select_ln51 != 2 & select_ln51 != 3 & select_ln51 != 4)> <Delay = 0.00>
ST_1 : Operation 120 [1/1] (0.00ns)   --->   "%br_ln42 = br void %arrayidx119.i.i101.exit" [ekf_core.cpp:42->ekf_core.cpp:54->ekf_core.cpp:162]   --->   Operation 120 'br' 'br_ln42' <Predicate = (!icmp_ln41 & select_ln41 == 0 & select_ln51 != 0 & select_ln51 != 1 & select_ln51 != 2 & select_ln51 != 3 & select_ln51 != 4)> <Delay = 0.00>
ST_1 : Operation 121 [1/1] (0.73ns)   --->   "%switch_ln42 = switch i3 %select_ln51, void %arrayidx119.i.i101.case.5521, i3 0, void %arrayidx78.i.i100.case.5.arrayidx119.i.i101.exit_crit_edge1, i3 1, void %arrayidx78.i.i100.case.1469, i3 2, void %arrayidx78.i.i100.case.5.arrayidx119.i.i101.exit_crit_edge, i3 3, void %arrayidx78.i.i100.case.3471, i3 4, void %arrayidx78.i.i100.case.5.arrayidx119.i.i101.case.5.thread_crit_edge" [ekf_core.cpp:42->ekf_core.cpp:54->ekf_core.cpp:162]   --->   Operation 121 'switch' 'switch_ln42' <Predicate = (!icmp_ln41 & select_ln41 != 0 & select_ln41 != 1 & select_ln41 != 2 & select_ln41 != 3 & select_ln41 != 4)> <Delay = 0.73>
ST_1 : Operation 122 [1/1] (0.00ns)   --->   "%store_ln42 = store i32 %F_33, i32 %F_31" [ekf_core.cpp:42->ekf_core.cpp:54->ekf_core.cpp:162]   --->   Operation 122 'store' 'store_ln42' <Predicate = (!icmp_ln41 & select_ln41 != 0 & select_ln41 != 1 & select_ln41 != 2 & select_ln41 != 3 & select_ln41 != 4 & select_ln51 == 4)> <Delay = 0.00>
ST_1 : Operation 123 [1/1] (0.00ns)   --->   "%br_ln42 = br void %arrayidx119.i.i101.exit" [ekf_core.cpp:42->ekf_core.cpp:54->ekf_core.cpp:162]   --->   Operation 123 'br' 'br_ln42' <Predicate = (!icmp_ln41 & select_ln41 != 0 & select_ln41 != 1 & select_ln41 != 2 & select_ln41 != 3 & select_ln41 != 4 & select_ln51 == 4)> <Delay = 0.00>
ST_1 : Operation 124 [1/1] (0.00ns)   --->   "%store_ln42 = store i32 %F_33, i32 %F_30" [ekf_core.cpp:42->ekf_core.cpp:54->ekf_core.cpp:162]   --->   Operation 124 'store' 'store_ln42' <Predicate = (!icmp_ln41 & select_ln41 != 0 & select_ln41 != 1 & select_ln41 != 2 & select_ln41 != 3 & select_ln41 != 4 & select_ln51 == 3)> <Delay = 0.00>
ST_1 : Operation 125 [1/1] (0.00ns)   --->   "%br_ln42 = br void %arrayidx119.i.i101.exit" [ekf_core.cpp:42->ekf_core.cpp:54->ekf_core.cpp:162]   --->   Operation 125 'br' 'br_ln42' <Predicate = (!icmp_ln41 & select_ln41 != 0 & select_ln41 != 1 & select_ln41 != 2 & select_ln41 != 3 & select_ln41 != 4 & select_ln51 == 3)> <Delay = 0.00>
ST_1 : Operation 126 [1/1] (0.00ns)   --->   "%store_ln42 = store i32 %F_33, i32 %F_29" [ekf_core.cpp:42->ekf_core.cpp:54->ekf_core.cpp:162]   --->   Operation 126 'store' 'store_ln42' <Predicate = (!icmp_ln41 & select_ln41 != 0 & select_ln41 != 1 & select_ln41 != 2 & select_ln41 != 3 & select_ln41 != 4 & select_ln51 == 2)> <Delay = 0.00>
ST_1 : Operation 127 [1/1] (0.00ns)   --->   "%br_ln42 = br void %arrayidx119.i.i101.exit" [ekf_core.cpp:42->ekf_core.cpp:54->ekf_core.cpp:162]   --->   Operation 127 'br' 'br_ln42' <Predicate = (!icmp_ln41 & select_ln41 != 0 & select_ln41 != 1 & select_ln41 != 2 & select_ln41 != 3 & select_ln41 != 4 & select_ln51 == 2)> <Delay = 0.00>
ST_1 : Operation 128 [1/1] (0.00ns)   --->   "%store_ln42 = store i32 %F_33, i32 %F_28" [ekf_core.cpp:42->ekf_core.cpp:54->ekf_core.cpp:162]   --->   Operation 128 'store' 'store_ln42' <Predicate = (!icmp_ln41 & select_ln41 != 0 & select_ln41 != 1 & select_ln41 != 2 & select_ln41 != 3 & select_ln41 != 4 & select_ln51 == 1)> <Delay = 0.00>
ST_1 : Operation 129 [1/1] (0.00ns)   --->   "%br_ln42 = br void %arrayidx119.i.i101.exit" [ekf_core.cpp:42->ekf_core.cpp:54->ekf_core.cpp:162]   --->   Operation 129 'br' 'br_ln42' <Predicate = (!icmp_ln41 & select_ln41 != 0 & select_ln41 != 1 & select_ln41 != 2 & select_ln41 != 3 & select_ln41 != 4 & select_ln51 == 1)> <Delay = 0.00>
ST_1 : Operation 130 [1/1] (0.00ns)   --->   "%store_ln42 = store i32 %F_33, i32 %F_27" [ekf_core.cpp:42->ekf_core.cpp:54->ekf_core.cpp:162]   --->   Operation 130 'store' 'store_ln42' <Predicate = (!icmp_ln41 & select_ln41 != 0 & select_ln41 != 1 & select_ln41 != 2 & select_ln41 != 3 & select_ln41 != 4 & select_ln51 == 0)> <Delay = 0.00>
ST_1 : Operation 131 [1/1] (0.00ns)   --->   "%br_ln42 = br void %arrayidx119.i.i101.exit" [ekf_core.cpp:42->ekf_core.cpp:54->ekf_core.cpp:162]   --->   Operation 131 'br' 'br_ln42' <Predicate = (!icmp_ln41 & select_ln41 != 0 & select_ln41 != 1 & select_ln41 != 2 & select_ln41 != 3 & select_ln41 != 4 & select_ln51 == 0)> <Delay = 0.00>
ST_1 : Operation 132 [1/1] (0.00ns)   --->   "%store_ln42 = store i32 %F_33, i32 %F_32" [ekf_core.cpp:42->ekf_core.cpp:54->ekf_core.cpp:162]   --->   Operation 132 'store' 'store_ln42' <Predicate = (!icmp_ln41 & select_ln41 != 0 & select_ln41 != 1 & select_ln41 != 2 & select_ln41 != 3 & select_ln41 != 4 & select_ln51 != 0 & select_ln51 != 1 & select_ln51 != 2 & select_ln51 != 3 & select_ln51 != 4)> <Delay = 0.00>
ST_1 : Operation 133 [1/1] (0.00ns)   --->   "%br_ln42 = br void %arrayidx119.i.i101.exit" [ekf_core.cpp:42->ekf_core.cpp:54->ekf_core.cpp:162]   --->   Operation 133 'br' 'br_ln42' <Predicate = (!icmp_ln41 & select_ln41 != 0 & select_ln41 != 1 & select_ln41 != 2 & select_ln41 != 3 & select_ln41 != 4 & select_ln51 != 0 & select_ln51 != 1 & select_ln51 != 2 & select_ln51 != 3 & select_ln51 != 4)> <Delay = 0.00>
ST_1 : Operation 134 [1/1] (0.67ns)   --->   "%add_ln42 = add i3 %select_ln51, i3 1" [ekf_core.cpp:42->ekf_core.cpp:54->ekf_core.cpp:162]   --->   Operation 134 'add' 'add_ln42' <Predicate = (!icmp_ln41)> <Delay = 0.67> <CoreInst = "Adder">   --->   Core 1 'Adder' <Latency = 0> <II = 1> <Delay = 0.67> <FuncUnit> <Opcode : 'add' 'sub'> <InPorts = 2> <OutPorts = 1>
ST_1 : Operation 135 [1/1] (0.42ns)   --->   "%store_ln42 = store i6 %add_ln41, i6 %indvar_flatten6" [ekf_core.cpp:42->ekf_core.cpp:54->ekf_core.cpp:162]   --->   Operation 135 'store' 'store_ln42' <Predicate = (!icmp_ln41)> <Delay = 0.42>
ST_1 : Operation 136 [1/1] (0.42ns)   --->   "%store_ln42 = store i3 %select_ln41, i3 %i_3" [ekf_core.cpp:42->ekf_core.cpp:54->ekf_core.cpp:162]   --->   Operation 136 'store' 'store_ln42' <Predicate = (!icmp_ln41)> <Delay = 0.42>
ST_1 : Operation 137 [1/1] (0.42ns)   --->   "%store_ln42 = store i3 %add_ln42, i3 %j" [ekf_core.cpp:42->ekf_core.cpp:54->ekf_core.cpp:162]   --->   Operation 137 'store' 'store_ln42' <Predicate = (!icmp_ln41)> <Delay = 0.42>
ST_1 : Operation 138 [1/1] (0.00ns)   --->   "%br_ln42 = br void %for.body4.i.i" [ekf_core.cpp:42->ekf_core.cpp:54->ekf_core.cpp:162]   --->   Operation 138 'br' 'br_ln42' <Predicate = (!icmp_ln41)> <Delay = 0.00>
ST_1 : Operation 139 [1/1] (0.00ns)   --->   "%F_load = load i32 %F"   --->   Operation 139 'load' 'F_load' <Predicate = (icmp_ln41)> <Delay = 0.00>
ST_1 : Operation 140 [1/1] (0.00ns)   --->   "%F_1_load = load i32 %F_1"   --->   Operation 140 'load' 'F_1_load' <Predicate = (icmp_ln41)> <Delay = 0.00>
ST_1 : Operation 141 [1/1] (0.00ns)   --->   "%F_2_load = load i32 %F_2"   --->   Operation 141 'load' 'F_2_load' <Predicate = (icmp_ln41)> <Delay = 0.00>
ST_1 : Operation 142 [1/1] (0.00ns)   --->   "%F_3_load = load i32 %F_3"   --->   Operation 142 'load' 'F_3_load' <Predicate = (icmp_ln41)> <Delay = 0.00>
ST_1 : Operation 143 [1/1] (0.00ns)   --->   "%F_4_load = load i32 %F_4"   --->   Operation 143 'load' 'F_4_load' <Predicate = (icmp_ln41)> <Delay = 0.00>
ST_1 : Operation 144 [1/1] (0.00ns)   --->   "%F_5_load = load i32 %F_5"   --->   Operation 144 'load' 'F_5_load' <Predicate = (icmp_ln41)> <Delay = 0.00>
ST_1 : Operation 145 [1/1] (0.00ns)   --->   "%F_6_load = load i32 %F_6"   --->   Operation 145 'load' 'F_6_load' <Predicate = (icmp_ln41)> <Delay = 0.00>
ST_1 : Operation 146 [1/1] (0.00ns)   --->   "%F_7_load = load i32 %F_7"   --->   Operation 146 'load' 'F_7_load' <Predicate = (icmp_ln41)> <Delay = 0.00>
ST_1 : Operation 147 [1/1] (0.00ns)   --->   "%F_8_load = load i32 %F_8"   --->   Operation 147 'load' 'F_8_load' <Predicate = (icmp_ln41)> <Delay = 0.00>
ST_1 : Operation 148 [1/1] (0.00ns)   --->   "%F_9_load = load i32 %F_9"   --->   Operation 148 'load' 'F_9_load' <Predicate = (icmp_ln41)> <Delay = 0.00>
ST_1 : Operation 149 [1/1] (0.00ns)   --->   "%F_10_load = load i32 %F_10"   --->   Operation 149 'load' 'F_10_load' <Predicate = (icmp_ln41)> <Delay = 0.00>
ST_1 : Operation 150 [1/1] (0.00ns)   --->   "%F_11_load = load i32 %F_11"   --->   Operation 150 'load' 'F_11_load' <Predicate = (icmp_ln41)> <Delay = 0.00>
ST_1 : Operation 151 [1/1] (0.00ns)   --->   "%F_12_load = load i32 %F_12"   --->   Operation 151 'load' 'F_12_load' <Predicate = (icmp_ln41)> <Delay = 0.00>
ST_1 : Operation 152 [1/1] (0.00ns)   --->   "%F_13_load = load i32 %F_13"   --->   Operation 152 'load' 'F_13_load' <Predicate = (icmp_ln41)> <Delay = 0.00>
ST_1 : Operation 153 [1/1] (0.00ns)   --->   "%F_14_load = load i32 %F_14"   --->   Operation 153 'load' 'F_14_load' <Predicate = (icmp_ln41)> <Delay = 0.00>
ST_1 : Operation 154 [1/1] (0.00ns)   --->   "%F_15_load = load i32 %F_15"   --->   Operation 154 'load' 'F_15_load' <Predicate = (icmp_ln41)> <Delay = 0.00>
ST_1 : Operation 155 [1/1] (0.00ns)   --->   "%F_16_load = load i32 %F_16"   --->   Operation 155 'load' 'F_16_load' <Predicate = (icmp_ln41)> <Delay = 0.00>
ST_1 : Operation 156 [1/1] (0.00ns)   --->   "%F_17_load = load i32 %F_17"   --->   Operation 156 'load' 'F_17_load' <Predicate = (icmp_ln41)> <Delay = 0.00>
ST_1 : Operation 157 [1/1] (0.00ns)   --->   "%F_18_load = load i32 %F_18"   --->   Operation 157 'load' 'F_18_load' <Predicate = (icmp_ln41)> <Delay = 0.00>
ST_1 : Operation 158 [1/1] (0.00ns)   --->   "%F_19_load = load i32 %F_19"   --->   Operation 158 'load' 'F_19_load' <Predicate = (icmp_ln41)> <Delay = 0.00>
ST_1 : Operation 159 [1/1] (0.00ns)   --->   "%F_20_load = load i32 %F_20"   --->   Operation 159 'load' 'F_20_load' <Predicate = (icmp_ln41)> <Delay = 0.00>
ST_1 : Operation 160 [1/1] (0.00ns)   --->   "%F_21_load = load i32 %F_21"   --->   Operation 160 'load' 'F_21_load' <Predicate = (icmp_ln41)> <Delay = 0.00>
ST_1 : Operation 161 [1/1] (0.00ns)   --->   "%F_22_load = load i32 %F_22"   --->   Operation 161 'load' 'F_22_load' <Predicate = (icmp_ln41)> <Delay = 0.00>
ST_1 : Operation 162 [1/1] (0.00ns)   --->   "%F_23_load = load i32 %F_23"   --->   Operation 162 'load' 'F_23_load' <Predicate = (icmp_ln41)> <Delay = 0.00>
ST_1 : Operation 163 [1/1] (0.00ns)   --->   "%F_24_load = load i32 %F_24"   --->   Operation 163 'load' 'F_24_load' <Predicate = (icmp_ln41)> <Delay = 0.00>
ST_1 : Operation 164 [1/1] (0.00ns)   --->   "%F_25_load = load i32 %F_25"   --->   Operation 164 'load' 'F_25_load' <Predicate = (icmp_ln41)> <Delay = 0.00>
ST_1 : Operation 165 [1/1] (0.00ns)   --->   "%F_26_load = load i32 %F_26"   --->   Operation 165 'load' 'F_26_load' <Predicate = (icmp_ln41)> <Delay = 0.00>
ST_1 : Operation 166 [1/1] (0.00ns)   --->   "%F_27_load = load i32 %F_27"   --->   Operation 166 'load' 'F_27_load' <Predicate = (icmp_ln41)> <Delay = 0.00>
ST_1 : Operation 167 [1/1] (0.00ns)   --->   "%F_28_load = load i32 %F_28"   --->   Operation 167 'load' 'F_28_load' <Predicate = (icmp_ln41)> <Delay = 0.00>
ST_1 : Operation 168 [1/1] (0.00ns)   --->   "%F_29_load = load i32 %F_29"   --->   Operation 168 'load' 'F_29_load' <Predicate = (icmp_ln41)> <Delay = 0.00>
ST_1 : Operation 169 [1/1] (0.00ns)   --->   "%F_30_load = load i32 %F_30"   --->   Operation 169 'load' 'F_30_load' <Predicate = (icmp_ln41)> <Delay = 0.00>
ST_1 : Operation 170 [1/1] (0.00ns)   --->   "%F_31_load = load i32 %F_31"   --->   Operation 170 'load' 'F_31_load' <Predicate = (icmp_ln41)> <Delay = 0.00>
ST_1 : Operation 171 [1/1] (0.00ns)   --->   "%F_32_load = load i32 %F_32"   --->   Operation 171 'load' 'F_32_load' <Predicate = (icmp_ln41)> <Delay = 0.00>
ST_1 : Operation 172 [1/1] (0.00ns)   --->   "%write_ln0 = write void @_ssdm_op_Write.ap_auto.floatP0A, i32 %F_32_out, i32 %F_32_load"   --->   Operation 172 'write' 'write_ln0' <Predicate = (icmp_ln41)> <Delay = 0.00>
ST_1 : Operation 173 [1/1] (0.00ns)   --->   "%write_ln0 = write void @_ssdm_op_Write.ap_auto.floatP0A, i32 %F_31_out, i32 %F_31_load"   --->   Operation 173 'write' 'write_ln0' <Predicate = (icmp_ln41)> <Delay = 0.00>
ST_1 : Operation 174 [1/1] (0.00ns)   --->   "%write_ln0 = write void @_ssdm_op_Write.ap_auto.floatP0A, i32 %F_30_out, i32 %F_30_load"   --->   Operation 174 'write' 'write_ln0' <Predicate = (icmp_ln41)> <Delay = 0.00>
ST_1 : Operation 175 [1/1] (0.00ns)   --->   "%write_ln0 = write void @_ssdm_op_Write.ap_auto.floatP0A, i32 %F_29_out, i32 %F_29_load"   --->   Operation 175 'write' 'write_ln0' <Predicate = (icmp_ln41)> <Delay = 0.00>
ST_1 : Operation 176 [1/1] (0.00ns)   --->   "%write_ln0 = write void @_ssdm_op_Write.ap_auto.floatP0A, i32 %F_28_out, i32 %F_28_load"   --->   Operation 176 'write' 'write_ln0' <Predicate = (icmp_ln41)> <Delay = 0.00>
ST_1 : Operation 177 [1/1] (0.00ns)   --->   "%write_ln0 = write void @_ssdm_op_Write.ap_auto.floatP0A, i32 %F_27_out, i32 %F_27_load"   --->   Operation 177 'write' 'write_ln0' <Predicate = (icmp_ln41)> <Delay = 0.00>
ST_1 : Operation 178 [1/1] (0.00ns)   --->   "%write_ln0 = write void @_ssdm_op_Write.ap_auto.floatP0A, i32 %F_26_out, i32 %F_26_load"   --->   Operation 178 'write' 'write_ln0' <Predicate = (icmp_ln41)> <Delay = 0.00>
ST_1 : Operation 179 [1/1] (0.00ns)   --->   "%write_ln0 = write void @_ssdm_op_Write.ap_auto.floatP0A, i32 %F_25_out, i32 %F_25_load"   --->   Operation 179 'write' 'write_ln0' <Predicate = (icmp_ln41)> <Delay = 0.00>
ST_1 : Operation 180 [1/1] (0.00ns)   --->   "%write_ln0 = write void @_ssdm_op_Write.ap_auto.floatP0A, i32 %F_24_out, i32 %F_24_load"   --->   Operation 180 'write' 'write_ln0' <Predicate = (icmp_ln41)> <Delay = 0.00>
ST_1 : Operation 181 [1/1] (0.00ns)   --->   "%write_ln0 = write void @_ssdm_op_Write.ap_auto.floatP0A, i32 %F_23_out, i32 %F_23_load"   --->   Operation 181 'write' 'write_ln0' <Predicate = (icmp_ln41)> <Delay = 0.00>
ST_1 : Operation 182 [1/1] (0.00ns)   --->   "%write_ln0 = write void @_ssdm_op_Write.ap_auto.floatP0A, i32 %F_22_out, i32 %F_22_load"   --->   Operation 182 'write' 'write_ln0' <Predicate = (icmp_ln41)> <Delay = 0.00>
ST_1 : Operation 183 [1/1] (0.00ns)   --->   "%write_ln0 = write void @_ssdm_op_Write.ap_auto.floatP0A, i32 %F_21_out, i32 %F_21_load"   --->   Operation 183 'write' 'write_ln0' <Predicate = (icmp_ln41)> <Delay = 0.00>
ST_1 : Operation 184 [1/1] (0.00ns)   --->   "%write_ln0 = write void @_ssdm_op_Write.ap_auto.floatP0A, i32 %F_20_out, i32 %F_20_load"   --->   Operation 184 'write' 'write_ln0' <Predicate = (icmp_ln41)> <Delay = 0.00>
ST_1 : Operation 185 [1/1] (0.00ns)   --->   "%write_ln0 = write void @_ssdm_op_Write.ap_auto.floatP0A, i32 %F_19_out, i32 %F_19_load"   --->   Operation 185 'write' 'write_ln0' <Predicate = (icmp_ln41)> <Delay = 0.00>
ST_1 : Operation 186 [1/1] (0.00ns)   --->   "%write_ln0 = write void @_ssdm_op_Write.ap_auto.floatP0A, i32 %F_18_out, i32 %F_18_load"   --->   Operation 186 'write' 'write_ln0' <Predicate = (icmp_ln41)> <Delay = 0.00>
ST_1 : Operation 187 [1/1] (0.00ns)   --->   "%write_ln0 = write void @_ssdm_op_Write.ap_auto.floatP0A, i32 %F_17_out, i32 %F_17_load"   --->   Operation 187 'write' 'write_ln0' <Predicate = (icmp_ln41)> <Delay = 0.00>
ST_1 : Operation 188 [1/1] (0.00ns)   --->   "%write_ln0 = write void @_ssdm_op_Write.ap_auto.floatP0A, i32 %F_16_out, i32 %F_16_load"   --->   Operation 188 'write' 'write_ln0' <Predicate = (icmp_ln41)> <Delay = 0.00>
ST_1 : Operation 189 [1/1] (0.00ns)   --->   "%write_ln0 = write void @_ssdm_op_Write.ap_auto.floatP0A, i32 %F_15_out, i32 %F_15_load"   --->   Operation 189 'write' 'write_ln0' <Predicate = (icmp_ln41)> <Delay = 0.00>
ST_1 : Operation 190 [1/1] (0.00ns)   --->   "%write_ln0 = write void @_ssdm_op_Write.ap_auto.floatP0A, i32 %F_14_out, i32 %F_14_load"   --->   Operation 190 'write' 'write_ln0' <Predicate = (icmp_ln41)> <Delay = 0.00>
ST_1 : Operation 191 [1/1] (0.00ns)   --->   "%write_ln0 = write void @_ssdm_op_Write.ap_auto.floatP0A, i32 %F_13_out, i32 %F_13_load"   --->   Operation 191 'write' 'write_ln0' <Predicate = (icmp_ln41)> <Delay = 0.00>
ST_1 : Operation 192 [1/1] (0.00ns)   --->   "%write_ln0 = write void @_ssdm_op_Write.ap_auto.floatP0A, i32 %F_12_out, i32 %F_12_load"   --->   Operation 192 'write' 'write_ln0' <Predicate = (icmp_ln41)> <Delay = 0.00>
ST_1 : Operation 193 [1/1] (0.00ns)   --->   "%write_ln0 = write void @_ssdm_op_Write.ap_auto.floatP0A, i32 %F_11_out, i32 %F_11_load"   --->   Operation 193 'write' 'write_ln0' <Predicate = (icmp_ln41)> <Delay = 0.00>
ST_1 : Operation 194 [1/1] (0.00ns)   --->   "%write_ln0 = write void @_ssdm_op_Write.ap_auto.floatP0A, i32 %F_10_out, i32 %F_10_load"   --->   Operation 194 'write' 'write_ln0' <Predicate = (icmp_ln41)> <Delay = 0.00>
ST_1 : Operation 195 [1/1] (0.00ns)   --->   "%write_ln0 = write void @_ssdm_op_Write.ap_auto.floatP0A, i32 %F_9_out, i32 %F_9_load"   --->   Operation 195 'write' 'write_ln0' <Predicate = (icmp_ln41)> <Delay = 0.00>
ST_1 : Operation 196 [1/1] (0.00ns)   --->   "%write_ln0 = write void @_ssdm_op_Write.ap_auto.floatP0A, i32 %F_8_out, i32 %F_8_load"   --->   Operation 196 'write' 'write_ln0' <Predicate = (icmp_ln41)> <Delay = 0.00>
ST_1 : Operation 197 [1/1] (0.00ns)   --->   "%write_ln0 = write void @_ssdm_op_Write.ap_auto.floatP0A, i32 %F_7_out, i32 %F_7_load"   --->   Operation 197 'write' 'write_ln0' <Predicate = (icmp_ln41)> <Delay = 0.00>
ST_1 : Operation 198 [1/1] (0.00ns)   --->   "%write_ln0 = write void @_ssdm_op_Write.ap_auto.floatP0A, i32 %F_6_out, i32 %F_6_load"   --->   Operation 198 'write' 'write_ln0' <Predicate = (icmp_ln41)> <Delay = 0.00>
ST_1 : Operation 199 [1/1] (0.00ns)   --->   "%write_ln0 = write void @_ssdm_op_Write.ap_auto.floatP0A, i32 %F_5_out, i32 %F_5_load"   --->   Operation 199 'write' 'write_ln0' <Predicate = (icmp_ln41)> <Delay = 0.00>
ST_1 : Operation 200 [1/1] (0.00ns)   --->   "%write_ln0 = write void @_ssdm_op_Write.ap_auto.floatP0A, i32 %F_4_out, i32 %F_4_load"   --->   Operation 200 'write' 'write_ln0' <Predicate = (icmp_ln41)> <Delay = 0.00>
ST_1 : Operation 201 [1/1] (0.00ns)   --->   "%write_ln0 = write void @_ssdm_op_Write.ap_auto.floatP0A, i32 %F_3_out, i32 %F_3_load"   --->   Operation 201 'write' 'write_ln0' <Predicate = (icmp_ln41)> <Delay = 0.00>
ST_1 : Operation 202 [1/1] (0.00ns)   --->   "%write_ln0 = write void @_ssdm_op_Write.ap_auto.floatP0A, i32 %F_2_out, i32 %F_2_load"   --->   Operation 202 'write' 'write_ln0' <Predicate = (icmp_ln41)> <Delay = 0.00>
ST_1 : Operation 203 [1/1] (0.00ns)   --->   "%write_ln0 = write void @_ssdm_op_Write.ap_auto.floatP0A, i32 %F_1_out, i32 %F_1_load"   --->   Operation 203 'write' 'write_ln0' <Predicate = (icmp_ln41)> <Delay = 0.00>
ST_1 : Operation 204 [1/1] (0.00ns)   --->   "%write_ln0 = write void @_ssdm_op_Write.ap_auto.floatP0A, i32 %F_out, i32 %F_load"   --->   Operation 204 'write' 'write_ln0' <Predicate = (icmp_ln41)> <Delay = 0.00>
ST_1 : Operation 205 [1/1] (0.00ns)   --->   "%ret_ln0 = ret"   --->   Operation 205 'ret' 'ret_ln0' <Predicate = (icmp_ln41)> <Delay = 0.00>


============================================================
+ Verbose Summary: Binding
============================================================
STG Binding: 
---------------- STG Properties BEGIN ----------------
- Is combinational: 0
- Is one-state seq: 0
- Is datapath-only: 0
- Is pipelined: 0
- Is top level: 0
Port [ Return ] is wired: 1; IO mode=ap_ctrl_hs:ce=0
Port [ F_32_out]:  wired=1; compound=0; hidden=0; nouse=0; global=0; static=0; extern=0; dir=1; type=0; pingpong=0; private_global=0; IO mode=ap_vld:ce=0
Port [ F_31_out]:  wired=1; compound=0; hidden=0; nouse=0; global=0; static=0; extern=0; dir=1; type=0; pingpong=0; private_global=0; IO mode=ap_vld:ce=0
Port [ F_30_out]:  wired=1; compound=0; hidden=0; nouse=0; global=0; static=0; extern=0; dir=1; type=0; pingpong=0; private_global=0; IO mode=ap_vld:ce=0
Port [ F_29_out]:  wired=1; compound=0; hidden=0; nouse=0; global=0; static=0; extern=0; dir=1; type=0; pingpong=0; private_global=0; IO mode=ap_vld:ce=0
Port [ F_28_out]:  wired=1; compound=0; hidden=0; nouse=0; global=0; static=0; extern=0; dir=1; type=0; pingpong=0; private_global=0; IO mode=ap_vld:ce=0
Port [ F_27_out]:  wired=1; compound=0; hidden=0; nouse=0; global=0; static=0; extern=0; dir=1; type=0; pingpong=0; private_global=0; IO mode=ap_vld:ce=0
Port [ F_26_out]:  wired=1; compound=0; hidden=0; nouse=0; global=0; static=0; extern=0; dir=1; type=0; pingpong=0; private_global=0; IO mode=ap_vld:ce=0
Port [ F_25_out]:  wired=1; compound=0; hidden=0; nouse=0; global=0; static=0; extern=0; dir=1; type=0; pingpong=0; private_global=0; IO mode=ap_vld:ce=0
Port [ F_24_out]:  wired=1; compound=0; hidden=0; nouse=0; global=0; static=0; extern=0; dir=1; type=0; pingpong=0; private_global=0; IO mode=ap_vld:ce=0
Port [ F_23_out]:  wired=1; compound=0; hidden=0; nouse=0; global=0; static=0; extern=0; dir=1; type=0; pingpong=0; private_global=0; IO mode=ap_vld:ce=0
Port [ F_22_out]:  wired=1; compound=0; hidden=0; nouse=0; global=0; static=0; extern=0; dir=1; type=0; pingpong=0; private_global=0; IO mode=ap_vld:ce=0
Port [ F_21_out]:  wired=1; compound=0; hidden=0; nouse=0; global=0; static=0; extern=0; dir=1; type=0; pingpong=0; private_global=0; IO mode=ap_vld:ce=0
Port [ F_20_out]:  wired=1; compound=0; hidden=0; nouse=0; global=0; static=0; extern=0; dir=1; type=0; pingpong=0; private_global=0; IO mode=ap_vld:ce=0
Port [ F_19_out]:  wired=1; compound=0; hidden=0; nouse=0; global=0; static=0; extern=0; dir=1; type=0; pingpong=0; private_global=0; IO mode=ap_vld:ce=0
Port [ F_18_out]:  wired=1; compound=0; hidden=0; nouse=0; global=0; static=0; extern=0; dir=1; type=0; pingpong=0; private_global=0; IO mode=ap_vld:ce=0
Port [ F_17_out]:  wired=1; compound=0; hidden=0; nouse=0; global=0; static=0; extern=0; dir=1; type=0; pingpong=0; private_global=0; IO mode=ap_vld:ce=0
Port [ F_16_out]:  wired=1; compound=0; hidden=0; nouse=0; global=0; static=0; extern=0; dir=1; type=0; pingpong=0; private_global=0; IO mode=ap_vld:ce=0
Port [ F_15_out]:  wired=1; compound=0; hidden=0; nouse=0; global=0; static=0; extern=0; dir=1; type=0; pingpong=0; private_global=0; IO mode=ap_vld:ce=0
Port [ F_14_out]:  wired=1; compound=0; hidden=0; nouse=0; global=0; static=0; extern=0; dir=1; type=0; pingpong=0; private_global=0; IO mode=ap_vld:ce=0
Port [ F_13_out]:  wired=1; compound=0; hidden=0; nouse=0; global=0; static=0; extern=0; dir=1; type=0; pingpong=0; private_global=0; IO mode=ap_vld:ce=0
Port [ F_12_out]:  wired=1; compound=0; hidden=0; nouse=0; global=0; static=0; extern=0; dir=1; type=0; pingpong=0; private_global=0; IO mode=ap_vld:ce=0
Port [ F_11_out]:  wired=1; compound=0; hidden=0; nouse=0; global=0; static=0; extern=0; dir=1; type=0; pingpong=0; private_global=0; IO mode=ap_vld:ce=0
Port [ F_10_out]:  wired=1; compound=0; hidden=0; nouse=0; global=0; static=0; extern=0; dir=1; type=0; pingpong=0; private_global=0; IO mode=ap_vld:ce=0
Port [ F_9_out]:  wired=1; compound=0; hidden=0; nouse=0; global=0; static=0; extern=0; dir=1; type=0; pingpong=0; private_global=0; IO mode=ap_vld:ce=0
Port [ F_8_out]:  wired=1; compound=0; hidden=0; nouse=0; global=0; static=0; extern=0; dir=1; type=0; pingpong=0; private_global=0; IO mode=ap_vld:ce=0
Port [ F_7_out]:  wired=1; compound=0; hidden=0; nouse=0; global=0; static=0; extern=0; dir=1; type=0; pingpong=0; private_global=0; IO mode=ap_vld:ce=0
Port [ F_6_out]:  wired=1; compound=0; hidden=0; nouse=0; global=0; static=0; extern=0; dir=1; type=0; pingpong=0; private_global=0; IO mode=ap_vld:ce=0
Port [ F_5_out]:  wired=1; compound=0; hidden=0; nouse=0; global=0; static=0; extern=0; dir=1; type=0; pingpong=0; private_global=0; IO mode=ap_vld:ce=0
Port [ F_4_out]:  wired=1; compound=0; hidden=0; nouse=0; global=0; static=0; extern=0; dir=1; type=0; pingpong=0; private_global=0; IO mode=ap_vld:ce=0
Port [ F_3_out]:  wired=1; compound=0; hidden=0; nouse=0; global=0; static=0; extern=0; dir=1; type=0; pingpong=0; private_global=0; IO mode=ap_vld:ce=0
Port [ F_2_out]:  wired=1; compound=0; hidden=0; nouse=0; global=0; static=0; extern=0; dir=1; type=0; pingpong=0; private_global=0; IO mode=ap_vld:ce=0
Port [ F_1_out]:  wired=1; compound=0; hidden=0; nouse=0; global=0; static=0; extern=0; dir=1; type=0; pingpong=0; private_global=0; IO mode=ap_vld:ce=0
Port [ F_out]:  wired=1; compound=0; hidden=0; nouse=0; global=0; static=0; extern=0; dir=1; type=0; pingpong=0; private_global=0; IO mode=ap_vld:ce=0
---------------- STG Properties END ------------------

---------------- Datapath Model BEGIN ----------------

<LifeTime>
<method=bitvector/>
j                     (alloca           ) [ 01]
i_3                   (alloca           ) [ 01]
indvar_flatten6       (alloca           ) [ 01]
F                     (alloca           ) [ 01]
F_1                   (alloca           ) [ 01]
F_2                   (alloca           ) [ 01]
F_3                   (alloca           ) [ 01]
F_4                   (alloca           ) [ 01]
F_5                   (alloca           ) [ 01]
F_6                   (alloca           ) [ 01]
F_7                   (alloca           ) [ 01]
F_8                   (alloca           ) [ 01]
F_9                   (alloca           ) [ 01]
F_10                  (alloca           ) [ 01]
F_11                  (alloca           ) [ 01]
F_12                  (alloca           ) [ 01]
F_13                  (alloca           ) [ 01]
F_14                  (alloca           ) [ 01]
F_15                  (alloca           ) [ 01]
F_16                  (alloca           ) [ 01]
F_17                  (alloca           ) [ 01]
F_18                  (alloca           ) [ 01]
F_19                  (alloca           ) [ 01]
F_20                  (alloca           ) [ 01]
F_21                  (alloca           ) [ 01]
F_22                  (alloca           ) [ 01]
F_23                  (alloca           ) [ 01]
F_24                  (alloca           ) [ 01]
F_25                  (alloca           ) [ 01]
F_26                  (alloca           ) [ 01]
F_27                  (alloca           ) [ 01]
F_28                  (alloca           ) [ 01]
F_29                  (alloca           ) [ 01]
F_30                  (alloca           ) [ 01]
F_31                  (alloca           ) [ 01]
F_32                  (alloca           ) [ 01]
store_ln0             (store            ) [ 00]
store_ln0             (store            ) [ 00]
store_ln0             (store            ) [ 00]
br_ln0                (br               ) [ 00]
indvar_flatten6_load  (load             ) [ 00]
specpipeline_ln0      (specpipeline     ) [ 00]
icmp_ln41             (icmp             ) [ 01]
add_ln41              (add              ) [ 00]
br_ln41               (br               ) [ 00]
j_load                (load             ) [ 00]
i_3_load              (load             ) [ 00]
specloopname_ln0      (specloopname     ) [ 00]
speclooptripcount_ln0 (speclooptripcount) [ 00]
icmp_ln42             (icmp             ) [ 00]
select_ln51           (select           ) [ 01]
specpipeline_ln0      (specpipeline     ) [ 00]
add_ln41_1            (add              ) [ 00]
select_ln41           (select           ) [ 01]
specloopname_ln42     (specloopname     ) [ 00]
icmp_ln42_1           (icmp             ) [ 00]
F_33                  (select           ) [ 00]
switch_ln42           (switch           ) [ 00]
switch_ln42           (switch           ) [ 00]
store_ln42            (store            ) [ 00]
br_ln42               (br               ) [ 00]
store_ln42            (store            ) [ 00]
br_ln42               (br               ) [ 00]
store_ln42            (store            ) [ 00]
br_ln42               (br               ) [ 00]
store_ln42            (store            ) [ 00]
br_ln42               (br               ) [ 00]
store_ln42            (store            ) [ 00]
br_ln42               (br               ) [ 00]
store_ln42            (store            ) [ 00]
br_ln42               (br               ) [ 00]
switch_ln42           (switch           ) [ 00]
store_ln42            (store            ) [ 00]
br_ln42               (br               ) [ 00]
store_ln42            (store            ) [ 00]
br_ln42               (br               ) [ 00]
store_ln42            (store            ) [ 00]
br_ln42               (br               ) [ 00]
store_ln42            (store            ) [ 00]
br_ln42               (br               ) [ 00]
store_ln42            (store            ) [ 00]
br_ln42               (br               ) [ 00]
store_ln42            (store            ) [ 00]
br_ln42               (br               ) [ 00]
switch_ln42           (switch           ) [ 00]
store_ln42            (store            ) [ 00]
br_ln42               (br               ) [ 00]
store_ln42            (store            ) [ 00]
br_ln42               (br               ) [ 00]
store_ln42            (store            ) [ 00]
br_ln42               (br               ) [ 00]
store_ln42            (store            ) [ 00]
br_ln42               (br               ) [ 00]
store_ln42            (store            ) [ 00]
br_ln42               (br               ) [ 00]
switch_ln42           (switch           ) [ 00]
store_ln42            (store            ) [ 00]
br_ln42               (br               ) [ 00]
store_ln42            (store            ) [ 00]
br_ln42               (br               ) [ 00]
store_ln42            (store            ) [ 00]
br_ln42               (br               ) [ 00]
store_ln42            (store            ) [ 00]
br_ln42               (br               ) [ 00]
store_ln42            (store            ) [ 00]
br_ln42               (br               ) [ 00]
switch_ln42           (switch           ) [ 00]
store_ln42            (store            ) [ 00]
br_ln42               (br               ) [ 00]
store_ln42            (store            ) [ 00]
br_ln42               (br               ) [ 00]
store_ln42            (store            ) [ 00]
br_ln42               (br               ) [ 00]
store_ln42            (store            ) [ 00]
br_ln42               (br               ) [ 00]
store_ln42            (store            ) [ 00]
br_ln42               (br               ) [ 00]
switch_ln42           (switch           ) [ 00]
store_ln42            (store            ) [ 00]
br_ln42               (br               ) [ 00]
store_ln42            (store            ) [ 00]
br_ln42               (br               ) [ 00]
store_ln42            (store            ) [ 00]
br_ln42               (br               ) [ 00]
store_ln42            (store            ) [ 00]
br_ln42               (br               ) [ 00]
store_ln42            (store            ) [ 00]
br_ln42               (br               ) [ 00]
store_ln42            (store            ) [ 00]
br_ln42               (br               ) [ 00]
add_ln42              (add              ) [ 00]
store_ln42            (store            ) [ 00]
store_ln42            (store            ) [ 00]
store_ln42            (store            ) [ 00]
br_ln42               (br               ) [ 00]
F_load                (load             ) [ 00]
F_1_load              (load             ) [ 00]
F_2_load              (load             ) [ 00]
F_3_load              (load             ) [ 00]
F_4_load              (load             ) [ 00]
F_5_load              (load             ) [ 00]
F_6_load              (load             ) [ 00]
F_7_load              (load             ) [ 00]
F_8_load              (load             ) [ 00]
F_9_load              (load             ) [ 00]
F_10_load             (load             ) [ 00]
F_11_load             (load             ) [ 00]
F_12_load             (load             ) [ 00]
F_13_load             (load             ) [ 00]
F_14_load             (load             ) [ 00]
F_15_load             (load             ) [ 00]
F_16_load             (load             ) [ 00]
F_17_load             (load             ) [ 00]
F_18_load             (load             ) [ 00]
F_19_load             (load             ) [ 00]
F_20_load             (load             ) [ 00]
F_21_load             (load             ) [ 00]
F_22_load             (load             ) [ 00]
F_23_load             (load             ) [ 00]
F_24_load             (load             ) [ 00]
F_25_load             (load             ) [ 00]
F_26_load             (load             ) [ 00]
F_27_load             (load             ) [ 00]
F_28_load             (load             ) [ 00]
F_29_load             (load             ) [ 00]
F_30_load             (load             ) [ 00]
F_31_load             (load             ) [ 00]
F_32_load             (load             ) [ 00]
write_ln0             (write            ) [ 00]
write_ln0             (write            ) [ 00]
write_ln0             (write            ) [ 00]
write_ln0             (write            ) [ 00]
write_ln0             (write            ) [ 00]
write_ln0             (write            ) [ 00]
write_ln0             (write            ) [ 00]
write_ln0             (write            ) [ 00]
write_ln0             (write            ) [ 00]
write_ln0             (write            ) [ 00]
write_ln0             (write            ) [ 00]
write_ln0             (write            ) [ 00]
write_ln0             (write            ) [ 00]
write_ln0             (write            ) [ 00]
write_ln0             (write            ) [ 00]
write_ln0             (write            ) [ 00]
write_ln0             (write            ) [ 00]
write_ln0             (write            ) [ 00]
write_ln0             (write            ) [ 00]
write_ln0             (write            ) [ 00]
write_ln0             (write            ) [ 00]
write_ln0             (write            ) [ 00]
write_ln0             (write            ) [ 00]
write_ln0             (write            ) [ 00]
write_ln0             (write            ) [ 00]
write_ln0             (write            ) [ 00]
write_ln0             (write            ) [ 00]
write_ln0             (write            ) [ 00]
write_ln0             (write            ) [ 00]
write_ln0             (write            ) [ 00]
write_ln0             (write            ) [ 00]
write_ln0             (write            ) [ 00]
write_ln0             (write            ) [ 00]
ret_ln0               (ret              ) [ 00]
</LifeTime>

<model>

<comp_list>
<comp id="0" class="1000" name="F_32_out">
<pin_list>
<pin id="1" dir="1" index="0" bw="1" slack="0"/>
</pin_list>
<bind>
<StgValue><ssdm name="F_32_out"/></StgValue>
</bind>
</comp>

<comp id="2" class="1000" name="F_31_out">
<pin_list>
<pin id="3" dir="1" index="0" bw="1" slack="0"/>
</pin_list>
<bind>
<StgValue><ssdm name="F_31_out"/></StgValue>
</bind>
</comp>

<comp id="4" class="1000" name="F_30_out">
<pin_list>
<pin id="5" dir="1" index="0" bw="1" slack="0"/>
</pin_list>
<bind>
<StgValue><ssdm name="F_30_out"/></StgValue>
</bind>
</comp>

<comp id="6" class="1000" name="F_29_out">
<pin_list>
<pin id="7" dir="1" index="0" bw="1" slack="0"/>
</pin_list>
<bind>
<StgValue><ssdm name="F_29_out"/></StgValue>
</bind>
</comp>

<comp id="8" class="1000" name="F_28_out">
<pin_list>
<pin id="9" dir="1" index="0" bw="1" slack="0"/>
</pin_list>
<bind>
<StgValue><ssdm name="F_28_out"/></StgValue>
</bind>
</comp>

<comp id="10" class="1000" name="F_27_out">
<pin_list>
<pin id="11" dir="1" index="0" bw="1" slack="0"/>
</pin_list>
<bind>
<StgValue><ssdm name="F_27_out"/></StgValue>
</bind>
</comp>

<comp id="12" class="1000" name="F_26_out">
<pin_list>
<pin id="13" dir="1" index="0" bw="1" slack="0"/>
</pin_list>
<bind>
<StgValue><ssdm name="F_26_out"/></StgValue>
</bind>
</comp>

<comp id="14" class="1000" name="F_25_out">
<pin_list>
<pin id="15" dir="1" index="0" bw="1" slack="0"/>
</pin_list>
<bind>
<StgValue><ssdm name="F_25_out"/></StgValue>
</bind>
</comp>

<comp id="16" class="1000" name="F_24_out">
<pin_list>
<pin id="17" dir="1" index="0" bw="1" slack="0"/>
</pin_list>
<bind>
<StgValue><ssdm name="F_24_out"/></StgValue>
</bind>
</comp>

<comp id="18" class="1000" name="F_23_out">
<pin_list>
<pin id="19" dir="1" index="0" bw="1" slack="0"/>
</pin_list>
<bind>
<StgValue><ssdm name="F_23_out"/></StgValue>
</bind>
</comp>

<comp id="20" class="1000" name="F_22_out">
<pin_list>
<pin id="21" dir="1" index="0" bw="1" slack="0"/>
</pin_list>
<bind>
<StgValue><ssdm name="F_22_out"/></StgValue>
</bind>
</comp>

<comp id="22" class="1000" name="F_21_out">
<pin_list>
<pin id="23" dir="1" index="0" bw="1" slack="0"/>
</pin_list>
<bind>
<StgValue><ssdm name="F_21_out"/></StgValue>
</bind>
</comp>

<comp id="24" class="1000" name="F_20_out">
<pin_list>
<pin id="25" dir="1" index="0" bw="1" slack="0"/>
</pin_list>
<bind>
<StgValue><ssdm name="F_20_out"/></StgValue>
</bind>
</comp>

<comp id="26" class="1000" name="F_19_out">
<pin_list>
<pin id="27" dir="1" index="0" bw="1" slack="0"/>
</pin_list>
<bind>
<StgValue><ssdm name="F_19_out"/></StgValue>
</bind>
</comp>

<comp id="28" class="1000" name="F_18_out">
<pin_list>
<pin id="29" dir="1" index="0" bw="1" slack="0"/>
</pin_list>
<bind>
<StgValue><ssdm name="F_18_out"/></StgValue>
</bind>
</comp>

<comp id="30" class="1000" name="F_17_out">
<pin_list>
<pin id="31" dir="1" index="0" bw="1" slack="0"/>
</pin_list>
<bind>
<StgValue><ssdm name="F_17_out"/></StgValue>
</bind>
</comp>

<comp id="32" class="1000" name="F_16_out">
<pin_list>
<pin id="33" dir="1" index="0" bw="1" slack="0"/>
</pin_list>
<bind>
<StgValue><ssdm name="F_16_out"/></StgValue>
</bind>
</comp>

<comp id="34" class="1000" name="F_15_out">
<pin_list>
<pin id="35" dir="1" index="0" bw="1" slack="0"/>
</pin_list>
<bind>
<StgValue><ssdm name="F_15_out"/></StgValue>
</bind>
</comp>

<comp id="36" class="1000" name="F_14_out">
<pin_list>
<pin id="37" dir="1" index="0" bw="1" slack="0"/>
</pin_list>
<bind>
<StgValue><ssdm name="F_14_out"/></StgValue>
</bind>
</comp>

<comp id="38" class="1000" name="F_13_out">
<pin_list>
<pin id="39" dir="1" index="0" bw="1" slack="0"/>
</pin_list>
<bind>
<StgValue><ssdm name="F_13_out"/></StgValue>
</bind>
</comp>

<comp id="40" class="1000" name="F_12_out">
<pin_list>
<pin id="41" dir="1" index="0" bw="1" slack="0"/>
</pin_list>
<bind>
<StgValue><ssdm name="F_12_out"/></StgValue>
</bind>
</comp>

<comp id="42" class="1000" name="F_11_out">
<pin_list>
<pin id="43" dir="1" index="0" bw="1" slack="0"/>
</pin_list>
<bind>
<StgValue><ssdm name="F_11_out"/></StgValue>
</bind>
</comp>

<comp id="44" class="1000" name="F_10_out">
<pin_list>
<pin id="45" dir="1" index="0" bw="1" slack="0"/>
</pin_list>
<bind>
<StgValue><ssdm name="F_10_out"/></StgValue>
</bind>
</comp>

<comp id="46" class="1000" name="F_9_out">
<pin_list>
<pin id="47" dir="1" index="0" bw="1" slack="0"/>
</pin_list>
<bind>
<StgValue><ssdm name="F_9_out"/></StgValue>
</bind>
</comp>

<comp id="48" class="1000" name="F_8_out">
<pin_list>
<pin id="49" dir="1" index="0" bw="1" slack="0"/>
</pin_list>
<bind>
<StgValue><ssdm name="F_8_out"/></StgValue>
</bind>
</comp>

<comp id="50" class="1000" name="F_7_out">
<pin_list>
<pin id="51" dir="1" index="0" bw="1" slack="0"/>
</pin_list>
<bind>
<StgValue><ssdm name="F_7_out"/></StgValue>
</bind>
</comp>

<comp id="52" class="1000" name="F_6_out">
<pin_list>
<pin id="53" dir="1" index="0" bw="1" slack="0"/>
</pin_list>
<bind>
<StgValue><ssdm name="F_6_out"/></StgValue>
</bind>
</comp>

<comp id="54" class="1000" name="F_5_out">
<pin_list>
<pin id="55" dir="1" index="0" bw="1" slack="0"/>
</pin_list>
<bind>
<StgValue><ssdm name="F_5_out"/></StgValue>
</bind>
</comp>

<comp id="56" class="1000" name="F_4_out">
<pin_list>
<pin id="57" dir="1" index="0" bw="1" slack="0"/>
</pin_list>
<bind>
<StgValue><ssdm name="F_4_out"/></StgValue>
</bind>
</comp>

<comp id="58" class="1000" name="F_3_out">
<pin_list>
<pin id="59" dir="1" index="0" bw="1" slack="0"/>
</pin_list>
<bind>
<StgValue><ssdm name="F_3_out"/></StgValue>
</bind>
</comp>

<comp id="60" class="1000" name="F_2_out">
<pin_list>
<pin id="61" dir="1" index="0" bw="1" slack="0"/>
</pin_list>
<bind>
<StgValue><ssdm name="F_2_out"/></StgValue>
</bind>
</comp>

<comp id="62" class="1000" name="F_1_out">
<pin_list>
<pin id="63" dir="1" index="0" bw="1" slack="0"/>
</pin_list>
<bind>
<StgValue><ssdm name="F_1_out"/></StgValue>
</bind>
</comp>

<comp id="64" class="1000" name="F_out">
<pin_list>
<pin id="65" dir="1" index="0" bw="1" slack="0"/>
</pin_list>
<bind>
<StgValue><ssdm name="F_out"/></StgValue>
</bind>
</comp>

<comp id="66" class="1001" name="const_66">
<pin_list>
<pin id="67" dir="1" index="0" bw="1" slack="0"/>
</pin_list>
<bind>
<StgValue><ssdm name=""/></StgValue>
</bind>
</comp>

<comp id="68" class="1001" name="const_68">
<pin_list>
<pin id="69" dir="1" index="0" bw="1" slack="0"/>
</pin_list>
<bind>
<StgValue><ssdm name=""/></StgValue>
</bind>
</comp>

<comp id="70" class="1001" name="const_70">
<pin_list>
<pin id="71" dir="1" index="0" bw="1" slack="0"/>
</pin_list>
<bind>
<StgValue><ssdm name=""/></StgValue>
</bind>
</comp>

<comp id="72" class="1001" name="const_72">
<pin_list>
<pin id="73" dir="1" index="0" bw="1" slack="2147483647"/>
</pin_list>
<bind>
<StgValue><ssdm name="_ssdm_op_SpecPipeline"/></StgValue>
</bind>
</comp>

<comp id="74" class="1001" name="const_74">
<pin_list>
<pin id="75" dir="1" index="0" bw="1" slack="2147483647"/>
</pin_list>
<bind>
<StgValue><ssdm name=""/></StgValue>
</bind>
</comp>

<comp id="76" class="1001" name="const_76">
<pin_list>
<pin id="77" dir="1" index="0" bw="1" slack="2147483647"/>
</pin_list>
<bind>
<StgValue><ssdm name=""/></StgValue>
</bind>
</comp>

<comp id="78" class="1001" name="const_78">
<pin_list>
<pin id="79" dir="1" index="0" bw="1" slack="2147483647"/>
</pin_list>
<bind>
<StgValue><ssdm name="p_str"/></StgValue>
</bind>
</comp>

<comp id="80" class="1001" name="const_80">
<pin_list>
<pin id="81" dir="1" index="0" bw="1" slack="0"/>
</pin_list>
<bind>
<StgValue><ssdm name=""/></StgValue>
</bind>
</comp>

<comp id="82" class="1001" name="const_82">
<pin_list>
<pin id="83" dir="1" index="0" bw="1" slack="0"/>
</pin_list>
<bind>
<StgValue><ssdm name=""/></StgValue>
</bind>
</comp>

<comp id="84" class="1001" name="const_84">
<pin_list>
<pin id="85" dir="1" index="0" bw="1" slack="2147483647"/>
</pin_list>
<bind>
<StgValue><ssdm name="_ssdm_op_SpecLoopName"/></StgValue>
</bind>
</comp>

<comp id="86" class="1001" name="const_86">
<pin_list>
<pin id="87" dir="1" index="0" bw="1" slack="2147483647"/>
</pin_list>
<bind>
<StgValue><ssdm name="VITIS_LOOP_41_1_VITIS_LOOP_42_2_str"/></StgValue>
</bind>
</comp>

<comp id="88" class="1001" name="const_88">
<pin_list>
<pin id="89" dir="1" index="0" bw="1" slack="2147483647"/>
</pin_list>
<bind>
<StgValue><ssdm name="_ssdm_op_SpecLoopTripCount"/></StgValue>
</bind>
</comp>

<comp id="90" class="1001" name="const_90">
<pin_list>
<pin id="91" dir="1" index="0" bw="1" slack="2147483647"/>
</pin_list>
<bind>
<StgValue><ssdm name=""/></StgValue>
</bind>
</comp>

<comp id="92" class="1001" name="const_92">
<pin_list>
<pin id="93" dir="1" index="0" bw="1" slack="0"/>
</pin_list>
<bind>
<StgValue><ssdm name=""/></StgValue>
</bind>
</comp>

<comp id="94" class="1001" name="const_94">
<pin_list>
<pin id="95" dir="1" index="0" bw="1" slack="0"/>
</pin_list>
<bind>
<StgValue><ssdm name=""/></StgValue>
</bind>
</comp>

<comp id="96" class="1001" name="const_96">
<pin_list>
<pin id="97" dir="1" index="0" bw="1" slack="2147483647"/>
</pin_list>
<bind>
<StgValue><ssdm name="empty_6"/></StgValue>
</bind>
</comp>

<comp id="98" class="1001" name="const_98">
<pin_list>
<pin id="99" dir="1" index="0" bw="1" slack="0"/>
</pin_list>
<bind>
<StgValue><ssdm name=""/></StgValue>
</bind>
</comp>

<comp id="100" class="1001" name="const_100">
<pin_list>
<pin id="101" dir="1" index="0" bw="1" slack="0"/>
</pin_list>
<bind>
<StgValue><ssdm name=""/></StgValue>
</bind>
</comp>

<comp id="102" class="1001" name="const_102">
<pin_list>
<pin id="103" dir="1" index="0" bw="1" slack="2147483647"/>
</pin_list>
<bind>
<StgValue><ssdm name=""/></StgValue>
</bind>
</comp>

<comp id="104" class="1001" name="const_104">
<pin_list>
<pin id="105" dir="1" index="0" bw="1" slack="2147483647"/>
</pin_list>
<bind>
<StgValue><ssdm name=""/></StgValue>
</bind>
</comp>

<comp id="106" class="1001" name="const_106">
<pin_list>
<pin id="107" dir="1" index="0" bw="1" slack="2147483647"/>
</pin_list>
<bind>
<StgValue><ssdm name=""/></StgValue>
</bind>
</comp>

<comp id="108" class="1001" name="const_108">
<pin_list>
<pin id="109" dir="1" index="0" bw="1" slack="0"/>
</pin_list>
<bind>
<StgValue><ssdm name="_ssdm_op_Write.ap_auto.floatP0A"/></StgValue>
</bind>
</comp>

<comp id="110" class="1004" name="j_fu_110">
<pin_list>
<pin id="111" dir="0" index="0" bw="1" slack="0"/>
<pin id="112" dir="1" index="1" bw="3" slack="0"/>
</pin_list>
<bind>
<opcode="alloca(26) " fcode="alloca"/>
<opset="j/1 "/>
</bind>
</comp>

<comp id="114" class="1004" name="i_3_fu_114">
<pin_list>
<pin id="115" dir="0" index="0" bw="1" slack="0"/>
<pin id="116" dir="1" index="1" bw="3" slack="0"/>
</pin_list>
<bind>
<opcode="alloca(26) " fcode="alloca"/>
<opset="i_3/1 "/>
</bind>
</comp>

<comp id="118" class="1004" name="indvar_flatten6_fu_118">
<pin_list>
<pin id="119" dir="0" index="0" bw="1" slack="0"/>
<pin id="120" dir="1" index="1" bw="6" slack="0"/>
</pin_list>
<bind>
<opcode="alloca(26) " fcode="alloca"/>
<opset="indvar_flatten6/1 "/>
</bind>
</comp>

<comp id="122" class="1004" name="F_fu_122">
<pin_list>
<pin id="123" dir="0" index="0" bw="1" slack="0"/>
<pin id="124" dir="1" index="1" bw="32" slack="0"/>
</pin_list>
<bind>
<opcode="alloca(26) " fcode="alloca"/>
<opset="F/1 "/>
</bind>
</comp>

<comp id="126" class="1004" name="F_1_fu_126">
<pin_list>
<pin id="127" dir="0" index="0" bw="1" slack="0"/>
<pin id="128" dir="1" index="1" bw="32" slack="0"/>
</pin_list>
<bind>
<opcode="alloca(26) " fcode="alloca"/>
<opset="F_1/1 "/>
</bind>
</comp>

<comp id="130" class="1004" name="F_2_fu_130">
<pin_list>
<pin id="131" dir="0" index="0" bw="1" slack="0"/>
<pin id="132" dir="1" index="1" bw="32" slack="0"/>
</pin_list>
<bind>
<opcode="alloca(26) " fcode="alloca"/>
<opset="F_2/1 "/>
</bind>
</comp>

<comp id="134" class="1004" name="F_3_fu_134">
<pin_list>
<pin id="135" dir="0" index="0" bw="1" slack="0"/>
<pin id="136" dir="1" index="1" bw="32" slack="0"/>
</pin_list>
<bind>
<opcode="alloca(26) " fcode="alloca"/>
<opset="F_3/1 "/>
</bind>
</comp>

<comp id="138" class="1004" name="F_4_fu_138">
<pin_list>
<pin id="139" dir="0" index="0" bw="1" slack="0"/>
<pin id="140" dir="1" index="1" bw="32" slack="0"/>
</pin_list>
<bind>
<opcode="alloca(26) " fcode="alloca"/>
<opset="F_4/1 "/>
</bind>
</comp>

<comp id="142" class="1004" name="F_5_fu_142">
<pin_list>
<pin id="143" dir="0" index="0" bw="1" slack="0"/>
<pin id="144" dir="1" index="1" bw="32" slack="0"/>
</pin_list>
<bind>
<opcode="alloca(26) " fcode="alloca"/>
<opset="F_5/1 "/>
</bind>
</comp>

<comp id="146" class="1004" name="F_6_fu_146">
<pin_list>
<pin id="147" dir="0" index="0" bw="1" slack="0"/>
<pin id="148" dir="1" index="1" bw="32" slack="0"/>
</pin_list>
<bind>
<opcode="alloca(26) " fcode="alloca"/>
<opset="F_6/1 "/>
</bind>
</comp>

<comp id="150" class="1004" name="F_7_fu_150">
<pin_list>
<pin id="151" dir="0" index="0" bw="1" slack="0"/>
<pin id="152" dir="1" index="1" bw="32" slack="0"/>
</pin_list>
<bind>
<opcode="alloca(26) " fcode="alloca"/>
<opset="F_7/1 "/>
</bind>
</comp>

<comp id="154" class="1004" name="F_8_fu_154">
<pin_list>
<pin id="155" dir="0" index="0" bw="1" slack="0"/>
<pin id="156" dir="1" index="1" bw="32" slack="0"/>
</pin_list>
<bind>
<opcode="alloca(26) " fcode="alloca"/>
<opset="F_8/1 "/>
</bind>
</comp>

<comp id="158" class="1004" name="F_9_fu_158">
<pin_list>
<pin id="159" dir="0" index="0" bw="1" slack="0"/>
<pin id="160" dir="1" index="1" bw="32" slack="0"/>
</pin_list>
<bind>
<opcode="alloca(26) " fcode="alloca"/>
<opset="F_9/1 "/>
</bind>
</comp>

<comp id="162" class="1004" name="F_10_fu_162">
<pin_list>
<pin id="163" dir="0" index="0" bw="1" slack="0"/>
<pin id="164" dir="1" index="1" bw="32" slack="0"/>
</pin_list>
<bind>
<opcode="alloca(26) " fcode="alloca"/>
<opset="F_10/1 "/>
</bind>
</comp>

<comp id="166" class="1004" name="F_11_fu_166">
<pin_list>
<pin id="167" dir="0" index="0" bw="1" slack="0"/>
<pin id="168" dir="1" index="1" bw="32" slack="0"/>
</pin_list>
<bind>
<opcode="alloca(26) " fcode="alloca"/>
<opset="F_11/1 "/>
</bind>
</comp>

<comp id="170" class="1004" name="F_12_fu_170">
<pin_list>
<pin id="171" dir="0" index="0" bw="1" slack="0"/>
<pin id="172" dir="1" index="1" bw="32" slack="0"/>
</pin_list>
<bind>
<opcode="alloca(26) " fcode="alloca"/>
<opset="F_12/1 "/>
</bind>
</comp>

<comp id="174" class="1004" name="F_13_fu_174">
<pin_list>
<pin id="175" dir="0" index="0" bw="1" slack="0"/>
<pin id="176" dir="1" index="1" bw="32" slack="0"/>
</pin_list>
<bind>
<opcode="alloca(26) " fcode="alloca"/>
<opset="F_13/1 "/>
</bind>
</comp>

<comp id="178" class="1004" name="F_14_fu_178">
<pin_list>
<pin id="179" dir="0" index="0" bw="1" slack="0"/>
<pin id="180" dir="1" index="1" bw="32" slack="0"/>
</pin_list>
<bind>
<opcode="alloca(26) " fcode="alloca"/>
<opset="F_14/1 "/>
</bind>
</comp>

<comp id="182" class="1004" name="F_15_fu_182">
<pin_list>
<pin id="183" dir="0" index="0" bw="1" slack="0"/>
<pin id="184" dir="1" index="1" bw="32" slack="0"/>
</pin_list>
<bind>
<opcode="alloca(26) " fcode="alloca"/>
<opset="F_15/1 "/>
</bind>
</comp>

<comp id="186" class="1004" name="F_16_fu_186">
<pin_list>
<pin id="187" dir="0" index="0" bw="1" slack="0"/>
<pin id="188" dir="1" index="1" bw="32" slack="0"/>
</pin_list>
<bind>
<opcode="alloca(26) " fcode="alloca"/>
<opset="F_16/1 "/>
</bind>
</comp>

<comp id="190" class="1004" name="F_17_fu_190">
<pin_list>
<pin id="191" dir="0" index="0" bw="1" slack="0"/>
<pin id="192" dir="1" index="1" bw="32" slack="0"/>
</pin_list>
<bind>
<opcode="alloca(26) " fcode="alloca"/>
<opset="F_17/1 "/>
</bind>
</comp>

<comp id="194" class="1004" name="F_18_fu_194">
<pin_list>
<pin id="195" dir="0" index="0" bw="1" slack="0"/>
<pin id="196" dir="1" index="1" bw="32" slack="0"/>
</pin_list>
<bind>
<opcode="alloca(26) " fcode="alloca"/>
<opset="F_18/1 "/>
</bind>
</comp>

<comp id="198" class="1004" name="F_19_fu_198">
<pin_list>
<pin id="199" dir="0" index="0" bw="1" slack="0"/>
<pin id="200" dir="1" index="1" bw="32" slack="0"/>
</pin_list>
<bind>
<opcode="alloca(26) " fcode="alloca"/>
<opset="F_19/1 "/>
</bind>
</comp>

<comp id="202" class="1004" name="F_20_fu_202">
<pin_list>
<pin id="203" dir="0" index="0" bw="1" slack="0"/>
<pin id="204" dir="1" index="1" bw="32" slack="0"/>
</pin_list>
<bind>
<opcode="alloca(26) " fcode="alloca"/>
<opset="F_20/1 "/>
</bind>
</comp>

<comp id="206" class="1004" name="F_21_fu_206">
<pin_list>
<pin id="207" dir="0" index="0" bw="1" slack="0"/>
<pin id="208" dir="1" index="1" bw="32" slack="0"/>
</pin_list>
<bind>
<opcode="alloca(26) " fcode="alloca"/>
<opset="F_21/1 "/>
</bind>
</comp>

<comp id="210" class="1004" name="F_22_fu_210">
<pin_list>
<pin id="211" dir="0" index="0" bw="1" slack="0"/>
<pin id="212" dir="1" index="1" bw="32" slack="0"/>
</pin_list>
<bind>
<opcode="alloca(26) " fcode="alloca"/>
<opset="F_22/1 "/>
</bind>
</comp>

<comp id="214" class="1004" name="F_23_fu_214">
<pin_list>
<pin id="215" dir="0" index="0" bw="1" slack="0"/>
<pin id="216" dir="1" index="1" bw="32" slack="0"/>
</pin_list>
<bind>
<opcode="alloca(26) " fcode="alloca"/>
<opset="F_23/1 "/>
</bind>
</comp>

<comp id="218" class="1004" name="F_24_fu_218">
<pin_list>
<pin id="219" dir="0" index="0" bw="1" slack="0"/>
<pin id="220" dir="1" index="1" bw="32" slack="0"/>
</pin_list>
<bind>
<opcode="alloca(26) " fcode="alloca"/>
<opset="F_24/1 "/>
</bind>
</comp>

<comp id="222" class="1004" name="F_25_fu_222">
<pin_list>
<pin id="223" dir="0" index="0" bw="1" slack="0"/>
<pin id="224" dir="1" index="1" bw="32" slack="0"/>
</pin_list>
<bind>
<opcode="alloca(26) " fcode="alloca"/>
<opset="F_25/1 "/>
</bind>
</comp>

<comp id="226" class="1004" name="F_26_fu_226">
<pin_list>
<pin id="227" dir="0" index="0" bw="1" slack="0"/>
<pin id="228" dir="1" index="1" bw="32" slack="0"/>
</pin_list>
<bind>
<opcode="alloca(26) " fcode="alloca"/>
<opset="F_26/1 "/>
</bind>
</comp>

<comp id="230" class="1004" name="F_27_fu_230">
<pin_list>
<pin id="231" dir="0" index="0" bw="1" slack="0"/>
<pin id="232" dir="1" index="1" bw="32" slack="0"/>
</pin_list>
<bind>
<opcode="alloca(26) " fcode="alloca"/>
<opset="F_27/1 "/>
</bind>
</comp>

<comp id="234" class="1004" name="F_28_fu_234">
<pin_list>
<pin id="235" dir="0" index="0" bw="1" slack="0"/>
<pin id="236" dir="1" index="1" bw="32" slack="0"/>
</pin_list>
<bind>
<opcode="alloca(26) " fcode="alloca"/>
<opset="F_28/1 "/>
</bind>
</comp>

<comp id="238" class="1004" name="F_29_fu_238">
<pin_list>
<pin id="239" dir="0" index="0" bw="1" slack="0"/>
<pin id="240" dir="1" index="1" bw="32" slack="0"/>
</pin_list>
<bind>
<opcode="alloca(26) " fcode="alloca"/>
<opset="F_29/1 "/>
</bind>
</comp>

<comp id="242" class="1004" name="F_30_fu_242">
<pin_list>
<pin id="243" dir="0" index="0" bw="1" slack="0"/>
<pin id="244" dir="1" index="1" bw="32" slack="0"/>
</pin_list>
<bind>
<opcode="alloca(26) " fcode="alloca"/>
<opset="F_30/1 "/>
</bind>
</comp>

<comp id="246" class="1004" name="F_31_fu_246">
<pin_list>
<pin id="247" dir="0" index="0" bw="1" slack="0"/>
<pin id="248" dir="1" index="1" bw="32" slack="0"/>
</pin_list>
<bind>
<opcode="alloca(26) " fcode="alloca"/>
<opset="F_31/1 "/>
</bind>
</comp>

<comp id="250" class="1004" name="F_32_fu_250">
<pin_list>
<pin id="251" dir="0" index="0" bw="1" slack="0"/>
<pin id="252" dir="1" index="1" bw="32" slack="0"/>
</pin_list>
<bind>
<opcode="alloca(26) " fcode="alloca"/>
<opset="F_32/1 "/>
</bind>
</comp>

<comp id="254" class="1004" name="write_ln0_write_fu_254">
<pin_list>
<pin id="255" dir="0" index="0" bw="0" slack="0"/>
<pin id="256" dir="0" index="1" bw="32" slack="0"/>
<pin id="257" dir="0" index="2" bw="32" slack="0"/>
<pin id="258" dir="1" index="3" bw="0" slack="2147483647"/>
</pin_list>
<bind>
<opcode="write(1151) " fcode="write"/>
<opset="write_ln0/1 "/>
</bind>
</comp>

<comp id="261" class="1004" name="write_ln0_write_fu_261">
<pin_list>
<pin id="262" dir="0" index="0" bw="0" slack="0"/>
<pin id="263" dir="0" index="1" bw="32" slack="0"/>
<pin id="264" dir="0" index="2" bw="32" slack="0"/>
<pin id="265" dir="1" index="3" bw="0" slack="2147483647"/>
</pin_list>
<bind>
<opcode="write(1151) " fcode="write"/>
<opset="write_ln0/1 "/>
</bind>
</comp>

<comp id="268" class="1004" name="write_ln0_write_fu_268">
<pin_list>
<pin id="269" dir="0" index="0" bw="0" slack="0"/>
<pin id="270" dir="0" index="1" bw="32" slack="0"/>
<pin id="271" dir="0" index="2" bw="32" slack="0"/>
<pin id="272" dir="1" index="3" bw="0" slack="2147483647"/>
</pin_list>
<bind>
<opcode="write(1151) " fcode="write"/>
<opset="write_ln0/1 "/>
</bind>
</comp>

<comp id="275" class="1004" name="write_ln0_write_fu_275">
<pin_list>
<pin id="276" dir="0" index="0" bw="0" slack="0"/>
<pin id="277" dir="0" index="1" bw="32" slack="0"/>
<pin id="278" dir="0" index="2" bw="32" slack="0"/>
<pin id="279" dir="1" index="3" bw="0" slack="2147483647"/>
</pin_list>
<bind>
<opcode="write(1151) " fcode="write"/>
<opset="write_ln0/1 "/>
</bind>
</comp>

<comp id="282" class="1004" name="write_ln0_write_fu_282">
<pin_list>
<pin id="283" dir="0" index="0" bw="0" slack="0"/>
<pin id="284" dir="0" index="1" bw="32" slack="0"/>
<pin id="285" dir="0" index="2" bw="32" slack="0"/>
<pin id="286" dir="1" index="3" bw="0" slack="2147483647"/>
</pin_list>
<bind>
<opcode="write(1151) " fcode="write"/>
<opset="write_ln0/1 "/>
</bind>
</comp>

<comp id="289" class="1004" name="write_ln0_write_fu_289">
<pin_list>
<pin id="290" dir="0" index="0" bw="0" slack="0"/>
<pin id="291" dir="0" index="1" bw="32" slack="0"/>
<pin id="292" dir="0" index="2" bw="32" slack="0"/>
<pin id="293" dir="1" index="3" bw="0" slack="2147483647"/>
</pin_list>
<bind>
<opcode="write(1151) " fcode="write"/>
<opset="write_ln0/1 "/>
</bind>
</comp>

<comp id="296" class="1004" name="write_ln0_write_fu_296">
<pin_list>
<pin id="297" dir="0" index="0" bw="0" slack="0"/>
<pin id="298" dir="0" index="1" bw="32" slack="0"/>
<pin id="299" dir="0" index="2" bw="32" slack="0"/>
<pin id="300" dir="1" index="3" bw="0" slack="2147483647"/>
</pin_list>
<bind>
<opcode="write(1151) " fcode="write"/>
<opset="write_ln0/1 "/>
</bind>
</comp>

<comp id="303" class="1004" name="write_ln0_write_fu_303">
<pin_list>
<pin id="304" dir="0" index="0" bw="0" slack="0"/>
<pin id="305" dir="0" index="1" bw="32" slack="0"/>
<pin id="306" dir="0" index="2" bw="32" slack="0"/>
<pin id="307" dir="1" index="3" bw="0" slack="2147483647"/>
</pin_list>
<bind>
<opcode="write(1151) " fcode="write"/>
<opset="write_ln0/1 "/>
</bind>
</comp>

<comp id="310" class="1004" name="write_ln0_write_fu_310">
<pin_list>
<pin id="311" dir="0" index="0" bw="0" slack="0"/>
<pin id="312" dir="0" index="1" bw="32" slack="0"/>
<pin id="313" dir="0" index="2" bw="32" slack="0"/>
<pin id="314" dir="1" index="3" bw="0" slack="2147483647"/>
</pin_list>
<bind>
<opcode="write(1151) " fcode="write"/>
<opset="write_ln0/1 "/>
</bind>
</comp>

<comp id="317" class="1004" name="write_ln0_write_fu_317">
<pin_list>
<pin id="318" dir="0" index="0" bw="0" slack="0"/>
<pin id="319" dir="0" index="1" bw="32" slack="0"/>
<pin id="320" dir="0" index="2" bw="32" slack="0"/>
<pin id="321" dir="1" index="3" bw="0" slack="2147483647"/>
</pin_list>
<bind>
<opcode="write(1151) " fcode="write"/>
<opset="write_ln0/1 "/>
</bind>
</comp>

<comp id="324" class="1004" name="write_ln0_write_fu_324">
<pin_list>
<pin id="325" dir="0" index="0" bw="0" slack="0"/>
<pin id="326" dir="0" index="1" bw="32" slack="0"/>
<pin id="327" dir="0" index="2" bw="32" slack="0"/>
<pin id="328" dir="1" index="3" bw="0" slack="2147483647"/>
</pin_list>
<bind>
<opcode="write(1151) " fcode="write"/>
<opset="write_ln0/1 "/>
</bind>
</comp>

<comp id="331" class="1004" name="write_ln0_write_fu_331">
<pin_list>
<pin id="332" dir="0" index="0" bw="0" slack="0"/>
<pin id="333" dir="0" index="1" bw="32" slack="0"/>
<pin id="334" dir="0" index="2" bw="32" slack="0"/>
<pin id="335" dir="1" index="3" bw="0" slack="2147483647"/>
</pin_list>
<bind>
<opcode="write(1151) " fcode="write"/>
<opset="write_ln0/1 "/>
</bind>
</comp>

<comp id="338" class="1004" name="write_ln0_write_fu_338">
<pin_list>
<pin id="339" dir="0" index="0" bw="0" slack="0"/>
<pin id="340" dir="0" index="1" bw="32" slack="0"/>
<pin id="341" dir="0" index="2" bw="32" slack="0"/>
<pin id="342" dir="1" index="3" bw="0" slack="2147483647"/>
</pin_list>
<bind>
<opcode="write(1151) " fcode="write"/>
<opset="write_ln0/1 "/>
</bind>
</comp>

<comp id="345" class="1004" name="write_ln0_write_fu_345">
<pin_list>
<pin id="346" dir="0" index="0" bw="0" slack="0"/>
<pin id="347" dir="0" index="1" bw="32" slack="0"/>
<pin id="348" dir="0" index="2" bw="32" slack="0"/>
<pin id="349" dir="1" index="3" bw="0" slack="2147483647"/>
</pin_list>
<bind>
<opcode="write(1151) " fcode="write"/>
<opset="write_ln0/1 "/>
</bind>
</comp>

<comp id="352" class="1004" name="write_ln0_write_fu_352">
<pin_list>
<pin id="353" dir="0" index="0" bw="0" slack="0"/>
<pin id="354" dir="0" index="1" bw="32" slack="0"/>
<pin id="355" dir="0" index="2" bw="32" slack="0"/>
<pin id="356" dir="1" index="3" bw="0" slack="2147483647"/>
</pin_list>
<bind>
<opcode="write(1151) " fcode="write"/>
<opset="write_ln0/1 "/>
</bind>
</comp>

<comp id="359" class="1004" name="write_ln0_write_fu_359">
<pin_list>
<pin id="360" dir="0" index="0" bw="0" slack="0"/>
<pin id="361" dir="0" index="1" bw="32" slack="0"/>
<pin id="362" dir="0" index="2" bw="32" slack="0"/>
<pin id="363" dir="1" index="3" bw="0" slack="2147483647"/>
</pin_list>
<bind>
<opcode="write(1151) " fcode="write"/>
<opset="write_ln0/1 "/>
</bind>
</comp>

<comp id="366" class="1004" name="write_ln0_write_fu_366">
<pin_list>
<pin id="367" dir="0" index="0" bw="0" slack="0"/>
<pin id="368" dir="0" index="1" bw="32" slack="0"/>
<pin id="369" dir="0" index="2" bw="32" slack="0"/>
<pin id="370" dir="1" index="3" bw="0" slack="2147483647"/>
</pin_list>
<bind>
<opcode="write(1151) " fcode="write"/>
<opset="write_ln0/1 "/>
</bind>
</comp>

<comp id="373" class="1004" name="write_ln0_write_fu_373">
<pin_list>
<pin id="374" dir="0" index="0" bw="0" slack="0"/>
<pin id="375" dir="0" index="1" bw="32" slack="0"/>
<pin id="376" dir="0" index="2" bw="32" slack="0"/>
<pin id="377" dir="1" index="3" bw="0" slack="2147483647"/>
</pin_list>
<bind>
<opcode="write(1151) " fcode="write"/>
<opset="write_ln0/1 "/>
</bind>
</comp>

<comp id="380" class="1004" name="write_ln0_write_fu_380">
<pin_list>
<pin id="381" dir="0" index="0" bw="0" slack="0"/>
<pin id="382" dir="0" index="1" bw="32" slack="0"/>
<pin id="383" dir="0" index="2" bw="32" slack="0"/>
<pin id="384" dir="1" index="3" bw="0" slack="2147483647"/>
</pin_list>
<bind>
<opcode="write(1151) " fcode="write"/>
<opset="write_ln0/1 "/>
</bind>
</comp>

<comp id="387" class="1004" name="write_ln0_write_fu_387">
<pin_list>
<pin id="388" dir="0" index="0" bw="0" slack="0"/>
<pin id="389" dir="0" index="1" bw="32" slack="0"/>
<pin id="390" dir="0" index="2" bw="32" slack="0"/>
<pin id="391" dir="1" index="3" bw="0" slack="2147483647"/>
</pin_list>
<bind>
<opcode="write(1151) " fcode="write"/>
<opset="write_ln0/1 "/>
</bind>
</comp>

<comp id="394" class="1004" name="write_ln0_write_fu_394">
<pin_list>
<pin id="395" dir="0" index="0" bw="0" slack="0"/>
<pin id="396" dir="0" index="1" bw="32" slack="0"/>
<pin id="397" dir="0" index="2" bw="32" slack="0"/>
<pin id="398" dir="1" index="3" bw="0" slack="2147483647"/>
</pin_list>
<bind>
<opcode="write(1151) " fcode="write"/>
<opset="write_ln0/1 "/>
</bind>
</comp>

<comp id="401" class="1004" name="write_ln0_write_fu_401">
<pin_list>
<pin id="402" dir="0" index="0" bw="0" slack="0"/>
<pin id="403" dir="0" index="1" bw="32" slack="0"/>
<pin id="404" dir="0" index="2" bw="32" slack="0"/>
<pin id="405" dir="1" index="3" bw="0" slack="2147483647"/>
</pin_list>
<bind>
<opcode="write(1151) " fcode="write"/>
<opset="write_ln0/1 "/>
</bind>
</comp>

<comp id="408" class="1004" name="write_ln0_write_fu_408">
<pin_list>
<pin id="409" dir="0" index="0" bw="0" slack="0"/>
<pin id="410" dir="0" index="1" bw="32" slack="0"/>
<pin id="411" dir="0" index="2" bw="32" slack="0"/>
<pin id="412" dir="1" index="3" bw="0" slack="2147483647"/>
</pin_list>
<bind>
<opcode="write(1151) " fcode="write"/>
<opset="write_ln0/1 "/>
</bind>
</comp>

<comp id="415" class="1004" name="write_ln0_write_fu_415">
<pin_list>
<pin id="416" dir="0" index="0" bw="0" slack="0"/>
<pin id="417" dir="0" index="1" bw="32" slack="0"/>
<pin id="418" dir="0" index="2" bw="32" slack="0"/>
<pin id="419" dir="1" index="3" bw="0" slack="2147483647"/>
</pin_list>
<bind>
<opcode="write(1151) " fcode="write"/>
<opset="write_ln0/1 "/>
</bind>
</comp>

<comp id="422" class="1004" name="write_ln0_write_fu_422">
<pin_list>
<pin id="423" dir="0" index="0" bw="0" slack="0"/>
<pin id="424" dir="0" index="1" bw="32" slack="0"/>
<pin id="425" dir="0" index="2" bw="32" slack="0"/>
<pin id="426" dir="1" index="3" bw="0" slack="2147483647"/>
</pin_list>
<bind>
<opcode="write(1151) " fcode="write"/>
<opset="write_ln0/1 "/>
</bind>
</comp>

<comp id="429" class="1004" name="write_ln0_write_fu_429">
<pin_list>
<pin id="430" dir="0" index="0" bw="0" slack="0"/>
<pin id="431" dir="0" index="1" bw="32" slack="0"/>
<pin id="432" dir="0" index="2" bw="32" slack="0"/>
<pin id="433" dir="1" index="3" bw="0" slack="2147483647"/>
</pin_list>
<bind>
<opcode="write(1151) " fcode="write"/>
<opset="write_ln0/1 "/>
</bind>
</comp>

<comp id="436" class="1004" name="write_ln0_write_fu_436">
<pin_list>
<pin id="437" dir="0" index="0" bw="0" slack="0"/>
<pin id="438" dir="0" index="1" bw="32" slack="0"/>
<pin id="439" dir="0" index="2" bw="32" slack="0"/>
<pin id="440" dir="1" index="3" bw="0" slack="2147483647"/>
</pin_list>
<bind>
<opcode="write(1151) " fcode="write"/>
<opset="write_ln0/1 "/>
</bind>
</comp>

<comp id="443" class="1004" name="write_ln0_write_fu_443">
<pin_list>
<pin id="444" dir="0" index="0" bw="0" slack="0"/>
<pin id="445" dir="0" index="1" bw="32" slack="0"/>
<pin id="446" dir="0" index="2" bw="32" slack="0"/>
<pin id="447" dir="1" index="3" bw="0" slack="2147483647"/>
</pin_list>
<bind>
<opcode="write(1151) " fcode="write"/>
<opset="write_ln0/1 "/>
</bind>
</comp>

<comp id="450" class="1004" name="write_ln0_write_fu_450">
<pin_list>
<pin id="451" dir="0" index="0" bw="0" slack="0"/>
<pin id="452" dir="0" index="1" bw="32" slack="0"/>
<pin id="453" dir="0" index="2" bw="32" slack="0"/>
<pin id="454" dir="1" index="3" bw="0" slack="2147483647"/>
</pin_list>
<bind>
<opcode="write(1151) " fcode="write"/>
<opset="write_ln0/1 "/>
</bind>
</comp>

<comp id="457" class="1004" name="write_ln0_write_fu_457">
<pin_list>
<pin id="458" dir="0" index="0" bw="0" slack="0"/>
<pin id="459" dir="0" index="1" bw="32" slack="0"/>
<pin id="460" dir="0" index="2" bw="32" slack="0"/>
<pin id="461" dir="1" index="3" bw="0" slack="2147483647"/>
</pin_list>
<bind>
<opcode="write(1151) " fcode="write"/>
<opset="write_ln0/1 "/>
</bind>
</comp>

<comp id="464" class="1004" name="write_ln0_write_fu_464">
<pin_list>
<pin id="465" dir="0" index="0" bw="0" slack="0"/>
<pin id="466" dir="0" index="1" bw="32" slack="0"/>
<pin id="467" dir="0" index="2" bw="32" slack="0"/>
<pin id="468" dir="1" index="3" bw="0" slack="2147483647"/>
</pin_list>
<bind>
<opcode="write(1151) " fcode="write"/>
<opset="write_ln0/1 "/>
</bind>
</comp>

<comp id="471" class="1004" name="write_ln0_write_fu_471">
<pin_list>
<pin id="472" dir="0" index="0" bw="0" slack="0"/>
<pin id="473" dir="0" index="1" bw="32" slack="0"/>
<pin id="474" dir="0" index="2" bw="32" slack="0"/>
<pin id="475" dir="1" index="3" bw="0" slack="2147483647"/>
</pin_list>
<bind>
<opcode="write(1151) " fcode="write"/>
<opset="write_ln0/1 "/>
</bind>
</comp>

<comp id="478" class="1004" name="write_ln0_write_fu_478">
<pin_list>
<pin id="479" dir="0" index="0" bw="0" slack="0"/>
<pin id="480" dir="0" index="1" bw="32" slack="0"/>
<pin id="481" dir="0" index="2" bw="32" slack="0"/>
<pin id="482" dir="1" index="3" bw="0" slack="2147483647"/>
</pin_list>
<bind>
<opcode="write(1151) " fcode="write"/>
<opset="write_ln0/1 "/>
</bind>
</comp>

<comp id="485" class="1004" name="store_ln0_store_fu_485">
<pin_list>
<pin id="486" dir="0" index="0" bw="1" slack="0"/>
<pin id="487" dir="0" index="1" bw="6" slack="0"/>
<pin id="488" dir="1" index="2" bw="0" slack="2147483647"/>
</pin_list>
<bind>
<opcode="store(28) " fcode="store"/>
<opset="store_ln0/1 "/>
</bind>
</comp>

<comp id="490" class="1004" name="store_ln0_store_fu_490">
<pin_list>
<pin id="491" dir="0" index="0" bw="1" slack="0"/>
<pin id="492" dir="0" index="1" bw="3" slack="0"/>
<pin id="493" dir="1" index="2" bw="0" slack="2147483647"/>
</pin_list>
<bind>
<opcode="store(28) " fcode="store"/>
<opset="store_ln0/1 "/>
</bind>
</comp>

<comp id="495" class="1004" name="store_ln0_store_fu_495">
<pin_list>
<pin id="496" dir="0" index="0" bw="1" slack="0"/>
<pin id="497" dir="0" index="1" bw="3" slack="0"/>
<pin id="498" dir="1" index="2" bw="0" slack="2147483647"/>
</pin_list>
<bind>
<opcode="store(28) " fcode="store"/>
<opset="store_ln0/1 "/>
</bind>
</comp>

<comp id="500" class="1004" name="indvar_flatten6_load_load_fu_500">
<pin_list>
<pin id="501" dir="0" index="0" bw="6" slack="0"/>
<pin id="502" dir="1" index="1" bw="6" slack="0"/>
</pin_list>
<bind>
<opcode="load(27) " fcode="load"/>
<opset="indvar_flatten6_load/1 "/>
</bind>
</comp>

<comp id="503" class="1004" name="icmp_ln41_fu_503">
<pin_list>
<pin id="504" dir="0" index="0" bw="6" slack="0"/>
<pin id="505" dir="0" index="1" bw="6" slack="0"/>
<pin id="506" dir="1" index="2" bw="1" slack="2147483647"/>
</pin_list>
<bind>
<opcode="icmp(45) " fcode="icmp"/>
<opset="icmp_ln41/1 "/>
</bind>
</comp>

<comp id="509" class="1004" name="add_ln41_fu_509">
<pin_list>
<pin id="510" dir="0" index="0" bw="6" slack="0"/>
<pin id="511" dir="0" index="1" bw="1" slack="0"/>
<pin id="512" dir="1" index="2" bw="6" slack="0"/>
</pin_list>
<bind>
<opcode="add(8) " fcode="add"/>
<opset="add_ln41/1 "/>
</bind>
</comp>

<comp id="515" class="1004" name="j_load_load_fu_515">
<pin_list>
<pin id="516" dir="0" index="0" bw="3" slack="0"/>
<pin id="517" dir="1" index="1" bw="3" slack="0"/>
</pin_list>
<bind>
<opcode="load(27) " fcode="load"/>
<opset="j_load/1 "/>
</bind>
</comp>

<comp id="518" class="1004" name="i_3_load_load_fu_518">
<pin_list>
<pin id="519" dir="0" index="0" bw="3" slack="0"/>
<pin id="520" dir="1" index="1" bw="3" slack="0"/>
</pin_list>
<bind>
<opcode="load(27) " fcode="load"/>
<opset="i_3_load/1 "/>
</bind>
</comp>

<comp id="521" class="1004" name="icmp_ln42_fu_521">
<pin_list>
<pin id="522" dir="0" index="0" bw="3" slack="0"/>
<pin id="523" dir="0" index="1" bw="2" slack="0"/>
<pin id="524" dir="1" index="2" bw="1" slack="0"/>
</pin_list>
<bind>
<opcode="icmp(45) " fcode="icmp"/>
<opset="icmp_ln42/1 "/>
</bind>
</comp>

<comp id="527" class="1004" name="select_ln51_fu_527">
<pin_list>
<pin id="528" dir="0" index="0" bw="1" slack="0"/>
<pin id="529" dir="0" index="1" bw="1" slack="0"/>
<pin id="530" dir="0" index="2" bw="3" slack="0"/>
<pin id="531" dir="1" index="3" bw="3" slack="0"/>
</pin_list>
<bind>
<opcode="select(49) " fcode="select"/>
<opset="select_ln51/1 "/>
</bind>
</comp>

<comp id="535" class="1004" name="add_ln41_1_fu_535">
<pin_list>
<pin id="536" dir="0" index="0" bw="3" slack="0"/>
<pin id="537" dir="0" index="1" bw="1" slack="0"/>
<pin id="538" dir="1" index="2" bw="3" slack="0"/>
</pin_list>
<bind>
<opcode="add(8) " fcode="add"/>
<opset="add_ln41_1/1 "/>
</bind>
</comp>

<comp id="541" class="1004" name="select_ln41_fu_541">
<pin_list>
<pin id="542" dir="0" index="0" bw="1" slack="0"/>
<pin id="543" dir="0" index="1" bw="3" slack="0"/>
<pin id="544" dir="0" index="2" bw="3" slack="0"/>
<pin id="545" dir="1" index="3" bw="3" slack="0"/>
</pin_list>
<bind>
<opcode="select(49) " fcode="select"/>
<opset="select_ln41/1 "/>
</bind>
</comp>

<comp id="549" class="1004" name="icmp_ln42_1_fu_549">
<pin_list>
<pin id="550" dir="0" index="0" bw="3" slack="0"/>
<pin id="551" dir="0" index="1" bw="3" slack="0"/>
<pin id="552" dir="1" index="2" bw="1" slack="0"/>
</pin_list>
<bind>
<opcode="icmp(45) " fcode="icmp"/>
<opset="icmp_ln42_1/1 "/>
</bind>
</comp>

<comp id="555" class="1004" name="F_33_fu_555">
<pin_list>
<pin id="556" dir="0" index="0" bw="1" slack="0"/>
<pin id="557" dir="0" index="1" bw="32" slack="0"/>
<pin id="558" dir="0" index="2" bw="32" slack="0"/>
<pin id="559" dir="1" index="3" bw="32" slack="0"/>
</pin_list>
<bind>
<opcode="select(49) " fcode="select"/>
<opset="F_33/1 "/>
</bind>
</comp>

<comp id="563" class="1004" name="store_ln42_store_fu_563">
<pin_list>
<pin id="564" dir="0" index="0" bw="32" slack="0"/>
<pin id="565" dir="0" index="1" bw="32" slack="0"/>
<pin id="566" dir="1" index="2" bw="0" slack="2147483647"/>
</pin_list>
<bind>
<opcode="store(28) " fcode="store"/>
<opset="store_ln42/1 "/>
</bind>
</comp>

<comp id="568" class="1004" name="store_ln42_store_fu_568">
<pin_list>
<pin id="569" dir="0" index="0" bw="32" slack="0"/>
<pin id="570" dir="0" index="1" bw="32" slack="0"/>
<pin id="571" dir="1" index="2" bw="0" slack="2147483647"/>
</pin_list>
<bind>
<opcode="store(28) " fcode="store"/>
<opset="store_ln42/1 "/>
</bind>
</comp>

<comp id="573" class="1004" name="store_ln42_store_fu_573">
<pin_list>
<pin id="574" dir="0" index="0" bw="32" slack="0"/>
<pin id="575" dir="0" index="1" bw="32" slack="0"/>
<pin id="576" dir="1" index="2" bw="0" slack="2147483647"/>
</pin_list>
<bind>
<opcode="store(28) " fcode="store"/>
<opset="store_ln42/1 "/>
</bind>
</comp>

<comp id="578" class="1004" name="store_ln42_store_fu_578">
<pin_list>
<pin id="579" dir="0" index="0" bw="32" slack="0"/>
<pin id="580" dir="0" index="1" bw="32" slack="0"/>
<pin id="581" dir="1" index="2" bw="0" slack="2147483647"/>
</pin_list>
<bind>
<opcode="store(28) " fcode="store"/>
<opset="store_ln42/1 "/>
</bind>
</comp>

<comp id="583" class="1004" name="store_ln42_store_fu_583">
<pin_list>
<pin id="584" dir="0" index="0" bw="32" slack="0"/>
<pin id="585" dir="0" index="1" bw="32" slack="0"/>
<pin id="586" dir="1" index="2" bw="0" slack="2147483647"/>
</pin_list>
<bind>
<opcode="store(28) " fcode="store"/>
<opset="store_ln42/1 "/>
</bind>
</comp>

<comp id="588" class="1004" name="store_ln42_store_fu_588">
<pin_list>
<pin id="589" dir="0" index="0" bw="32" slack="0"/>
<pin id="590" dir="0" index="1" bw="32" slack="0"/>
<pin id="591" dir="1" index="2" bw="0" slack="2147483647"/>
</pin_list>
<bind>
<opcode="store(28) " fcode="store"/>
<opset="store_ln42/1 "/>
</bind>
</comp>

<comp id="593" class="1004" name="store_ln42_store_fu_593">
<pin_list>
<pin id="594" dir="0" index="0" bw="32" slack="0"/>
<pin id="595" dir="0" index="1" bw="32" slack="0"/>
<pin id="596" dir="1" index="2" bw="0" slack="2147483647"/>
</pin_list>
<bind>
<opcode="store(28) " fcode="store"/>
<opset="store_ln42/1 "/>
</bind>
</comp>

<comp id="598" class="1004" name="store_ln42_store_fu_598">
<pin_list>
<pin id="599" dir="0" index="0" bw="32" slack="0"/>
<pin id="600" dir="0" index="1" bw="32" slack="0"/>
<pin id="601" dir="1" index="2" bw="0" slack="2147483647"/>
</pin_list>
<bind>
<opcode="store(28) " fcode="store"/>
<opset="store_ln42/1 "/>
</bind>
</comp>

<comp id="603" class="1004" name="store_ln42_store_fu_603">
<pin_list>
<pin id="604" dir="0" index="0" bw="32" slack="0"/>
<pin id="605" dir="0" index="1" bw="32" slack="0"/>
<pin id="606" dir="1" index="2" bw="0" slack="2147483647"/>
</pin_list>
<bind>
<opcode="store(28) " fcode="store"/>
<opset="store_ln42/1 "/>
</bind>
</comp>

<comp id="608" class="1004" name="store_ln42_store_fu_608">
<pin_list>
<pin id="609" dir="0" index="0" bw="32" slack="0"/>
<pin id="610" dir="0" index="1" bw="32" slack="0"/>
<pin id="611" dir="1" index="2" bw="0" slack="2147483647"/>
</pin_list>
<bind>
<opcode="store(28) " fcode="store"/>
<opset="store_ln42/1 "/>
</bind>
</comp>

<comp id="613" class="1004" name="store_ln42_store_fu_613">
<pin_list>
<pin id="614" dir="0" index="0" bw="32" slack="0"/>
<pin id="615" dir="0" index="1" bw="32" slack="0"/>
<pin id="616" dir="1" index="2" bw="0" slack="2147483647"/>
</pin_list>
<bind>
<opcode="store(28) " fcode="store"/>
<opset="store_ln42/1 "/>
</bind>
</comp>

<comp id="618" class="1004" name="store_ln42_store_fu_618">
<pin_list>
<pin id="619" dir="0" index="0" bw="32" slack="0"/>
<pin id="620" dir="0" index="1" bw="32" slack="0"/>
<pin id="621" dir="1" index="2" bw="0" slack="2147483647"/>
</pin_list>
<bind>
<opcode="store(28) " fcode="store"/>
<opset="store_ln42/1 "/>
</bind>
</comp>

<comp id="623" class="1004" name="store_ln42_store_fu_623">
<pin_list>
<pin id="624" dir="0" index="0" bw="32" slack="0"/>
<pin id="625" dir="0" index="1" bw="32" slack="0"/>
<pin id="626" dir="1" index="2" bw="0" slack="2147483647"/>
</pin_list>
<bind>
<opcode="store(28) " fcode="store"/>
<opset="store_ln42/1 "/>
</bind>
</comp>

<comp id="628" class="1004" name="store_ln42_store_fu_628">
<pin_list>
<pin id="629" dir="0" index="0" bw="32" slack="0"/>
<pin id="630" dir="0" index="1" bw="32" slack="0"/>
<pin id="631" dir="1" index="2" bw="0" slack="2147483647"/>
</pin_list>
<bind>
<opcode="store(28) " fcode="store"/>
<opset="store_ln42/1 "/>
</bind>
</comp>

<comp id="633" class="1004" name="store_ln42_store_fu_633">
<pin_list>
<pin id="634" dir="0" index="0" bw="32" slack="0"/>
<pin id="635" dir="0" index="1" bw="32" slack="0"/>
<pin id="636" dir="1" index="2" bw="0" slack="2147483647"/>
</pin_list>
<bind>
<opcode="store(28) " fcode="store"/>
<opset="store_ln42/1 "/>
</bind>
</comp>

<comp id="638" class="1004" name="store_ln42_store_fu_638">
<pin_list>
<pin id="639" dir="0" index="0" bw="32" slack="0"/>
<pin id="640" dir="0" index="1" bw="32" slack="0"/>
<pin id="641" dir="1" index="2" bw="0" slack="2147483647"/>
</pin_list>
<bind>
<opcode="store(28) " fcode="store"/>
<opset="store_ln42/1 "/>
</bind>
</comp>

<comp id="643" class="1004" name="store_ln42_store_fu_643">
<pin_list>
<pin id="644" dir="0" index="0" bw="32" slack="0"/>
<pin id="645" dir="0" index="1" bw="32" slack="0"/>
<pin id="646" dir="1" index="2" bw="0" slack="2147483647"/>
</pin_list>
<bind>
<opcode="store(28) " fcode="store"/>
<opset="store_ln42/1 "/>
</bind>
</comp>

<comp id="648" class="1004" name="store_ln42_store_fu_648">
<pin_list>
<pin id="649" dir="0" index="0" bw="32" slack="0"/>
<pin id="650" dir="0" index="1" bw="32" slack="0"/>
<pin id="651" dir="1" index="2" bw="0" slack="2147483647"/>
</pin_list>
<bind>
<opcode="store(28) " fcode="store"/>
<opset="store_ln42/1 "/>
</bind>
</comp>

<comp id="653" class="1004" name="store_ln42_store_fu_653">
<pin_list>
<pin id="654" dir="0" index="0" bw="32" slack="0"/>
<pin id="655" dir="0" index="1" bw="32" slack="0"/>
<pin id="656" dir="1" index="2" bw="0" slack="2147483647"/>
</pin_list>
<bind>
<opcode="store(28) " fcode="store"/>
<opset="store_ln42/1 "/>
</bind>
</comp>

<comp id="658" class="1004" name="store_ln42_store_fu_658">
<pin_list>
<pin id="659" dir="0" index="0" bw="32" slack="0"/>
<pin id="660" dir="0" index="1" bw="32" slack="0"/>
<pin id="661" dir="1" index="2" bw="0" slack="2147483647"/>
</pin_list>
<bind>
<opcode="store(28) " fcode="store"/>
<opset="store_ln42/1 "/>
</bind>
</comp>

<comp id="663" class="1004" name="store_ln42_store_fu_663">
<pin_list>
<pin id="664" dir="0" index="0" bw="32" slack="0"/>
<pin id="665" dir="0" index="1" bw="32" slack="0"/>
<pin id="666" dir="1" index="2" bw="0" slack="2147483647"/>
</pin_list>
<bind>
<opcode="store(28) " fcode="store"/>
<opset="store_ln42/1 "/>
</bind>
</comp>

<comp id="668" class="1004" name="store_ln42_store_fu_668">
<pin_list>
<pin id="669" dir="0" index="0" bw="32" slack="0"/>
<pin id="670" dir="0" index="1" bw="32" slack="0"/>
<pin id="671" dir="1" index="2" bw="0" slack="2147483647"/>
</pin_list>
<bind>
<opcode="store(28) " fcode="store"/>
<opset="store_ln42/1 "/>
</bind>
</comp>

<comp id="673" class="1004" name="store_ln42_store_fu_673">
<pin_list>
<pin id="674" dir="0" index="0" bw="32" slack="0"/>
<pin id="675" dir="0" index="1" bw="32" slack="0"/>
<pin id="676" dir="1" index="2" bw="0" slack="2147483647"/>
</pin_list>
<bind>
<opcode="store(28) " fcode="store"/>
<opset="store_ln42/1 "/>
</bind>
</comp>

<comp id="678" class="1004" name="store_ln42_store_fu_678">
<pin_list>
<pin id="679" dir="0" index="0" bw="32" slack="0"/>
<pin id="680" dir="0" index="1" bw="32" slack="0"/>
<pin id="681" dir="1" index="2" bw="0" slack="2147483647"/>
</pin_list>
<bind>
<opcode="store(28) " fcode="store"/>
<opset="store_ln42/1 "/>
</bind>
</comp>

<comp id="683" class="1004" name="store_ln42_store_fu_683">
<pin_list>
<pin id="684" dir="0" index="0" bw="32" slack="0"/>
<pin id="685" dir="0" index="1" bw="32" slack="0"/>
<pin id="686" dir="1" index="2" bw="0" slack="2147483647"/>
</pin_list>
<bind>
<opcode="store(28) " fcode="store"/>
<opset="store_ln42/1 "/>
</bind>
</comp>

<comp id="688" class="1004" name="store_ln42_store_fu_688">
<pin_list>
<pin id="689" dir="0" index="0" bw="32" slack="0"/>
<pin id="690" dir="0" index="1" bw="32" slack="0"/>
<pin id="691" dir="1" index="2" bw="0" slack="2147483647"/>
</pin_list>
<bind>
<opcode="store(28) " fcode="store"/>
<opset="store_ln42/1 "/>
</bind>
</comp>

<comp id="693" class="1004" name="store_ln42_store_fu_693">
<pin_list>
<pin id="694" dir="0" index="0" bw="32" slack="0"/>
<pin id="695" dir="0" index="1" bw="32" slack="0"/>
<pin id="696" dir="1" index="2" bw="0" slack="2147483647"/>
</pin_list>
<bind>
<opcode="store(28) " fcode="store"/>
<opset="store_ln42/1 "/>
</bind>
</comp>

<comp id="698" class="1004" name="store_ln42_store_fu_698">
<pin_list>
<pin id="699" dir="0" index="0" bw="32" slack="0"/>
<pin id="700" dir="0" index="1" bw="32" slack="0"/>
<pin id="701" dir="1" index="2" bw="0" slack="2147483647"/>
</pin_list>
<bind>
<opcode="store(28) " fcode="store"/>
<opset="store_ln42/1 "/>
</bind>
</comp>

<comp id="703" class="1004" name="store_ln42_store_fu_703">
<pin_list>
<pin id="704" dir="0" index="0" bw="32" slack="0"/>
<pin id="705" dir="0" index="1" bw="32" slack="0"/>
<pin id="706" dir="1" index="2" bw="0" slack="2147483647"/>
</pin_list>
<bind>
<opcode="store(28) " fcode="store"/>
<opset="store_ln42/1 "/>
</bind>
</comp>

<comp id="708" class="1004" name="store_ln42_store_fu_708">
<pin_list>
<pin id="709" dir="0" index="0" bw="32" slack="0"/>
<pin id="710" dir="0" index="1" bw="32" slack="0"/>
<pin id="711" dir="1" index="2" bw="0" slack="2147483647"/>
</pin_list>
<bind>
<opcode="store(28) " fcode="store"/>
<opset="store_ln42/1 "/>
</bind>
</comp>

<comp id="713" class="1004" name="store_ln42_store_fu_713">
<pin_list>
<pin id="714" dir="0" index="0" bw="32" slack="0"/>
<pin id="715" dir="0" index="1" bw="32" slack="0"/>
<pin id="716" dir="1" index="2" bw="0" slack="2147483647"/>
</pin_list>
<bind>
<opcode="store(28) " fcode="store"/>
<opset="store_ln42/1 "/>
</bind>
</comp>

<comp id="718" class="1004" name="store_ln42_store_fu_718">
<pin_list>
<pin id="719" dir="0" index="0" bw="32" slack="0"/>
<pin id="720" dir="0" index="1" bw="32" slack="0"/>
<pin id="721" dir="1" index="2" bw="0" slack="2147483647"/>
</pin_list>
<bind>
<opcode="store(28) " fcode="store"/>
<opset="store_ln42/1 "/>
</bind>
</comp>

<comp id="723" class="1004" name="store_ln42_store_fu_723">
<pin_list>
<pin id="724" dir="0" index="0" bw="32" slack="0"/>
<pin id="725" dir="0" index="1" bw="32" slack="0"/>
<pin id="726" dir="1" index="2" bw="0" slack="2147483647"/>
</pin_list>
<bind>
<opcode="store(28) " fcode="store"/>
<opset="store_ln42/1 "/>
</bind>
</comp>

<comp id="728" class="1004" name="add_ln42_fu_728">
<pin_list>
<pin id="729" dir="0" index="0" bw="3" slack="0"/>
<pin id="730" dir="0" index="1" bw="1" slack="0"/>
<pin id="731" dir="1" index="2" bw="3" slack="0"/>
</pin_list>
<bind>
<opcode="add(8) " fcode="add"/>
<opset="add_ln42/1 "/>
</bind>
</comp>

<comp id="734" class="1004" name="store_ln42_store_fu_734">
<pin_list>
<pin id="735" dir="0" index="0" bw="6" slack="0"/>
<pin id="736" dir="0" index="1" bw="6" slack="0"/>
<pin id="737" dir="1" index="2" bw="0" slack="2147483647"/>
</pin_list>
<bind>
<opcode="store(28) " fcode="store"/>
<opset="store_ln42/1 "/>
</bind>
</comp>

<comp id="739" class="1004" name="store_ln42_store_fu_739">
<pin_list>
<pin id="740" dir="0" index="0" bw="3" slack="0"/>
<pin id="741" dir="0" index="1" bw="3" slack="0"/>
<pin id="742" dir="1" index="2" bw="0" slack="2147483647"/>
</pin_list>
<bind>
<opcode="store(28) " fcode="store"/>
<opset="store_ln42/1 "/>
</bind>
</comp>

<comp id="744" class="1004" name="store_ln42_store_fu_744">
<pin_list>
<pin id="745" dir="0" index="0" bw="3" slack="0"/>
<pin id="746" dir="0" index="1" bw="3" slack="0"/>
<pin id="747" dir="1" index="2" bw="0" slack="2147483647"/>
</pin_list>
<bind>
<opcode="store(28) " fcode="store"/>
<opset="store_ln42/1 "/>
</bind>
</comp>

<comp id="749" class="1004" name="F_load_load_fu_749">
<pin_list>
<pin id="750" dir="0" index="0" bw="32" slack="0"/>
<pin id="751" dir="1" index="1" bw="32" slack="0"/>
</pin_list>
<bind>
<opcode="load(27) " fcode="load"/>
<opset="F_load/1 "/>
</bind>
</comp>

<comp id="753" class="1004" name="F_1_load_load_fu_753">
<pin_list>
<pin id="754" dir="0" index="0" bw="32" slack="0"/>
<pin id="755" dir="1" index="1" bw="32" slack="0"/>
</pin_list>
<bind>
<opcode="load(27) " fcode="load"/>
<opset="F_1_load/1 "/>
</bind>
</comp>

<comp id="757" class="1004" name="F_2_load_load_fu_757">
<pin_list>
<pin id="758" dir="0" index="0" bw="32" slack="0"/>
<pin id="759" dir="1" index="1" bw="32" slack="0"/>
</pin_list>
<bind>
<opcode="load(27) " fcode="load"/>
<opset="F_2_load/1 "/>
</bind>
</comp>

<comp id="761" class="1004" name="F_3_load_load_fu_761">
<pin_list>
<pin id="762" dir="0" index="0" bw="32" slack="0"/>
<pin id="763" dir="1" index="1" bw="32" slack="0"/>
</pin_list>
<bind>
<opcode="load(27) " fcode="load"/>
<opset="F_3_load/1 "/>
</bind>
</comp>

<comp id="765" class="1004" name="F_4_load_load_fu_765">
<pin_list>
<pin id="766" dir="0" index="0" bw="32" slack="0"/>
<pin id="767" dir="1" index="1" bw="32" slack="0"/>
</pin_list>
<bind>
<opcode="load(27) " fcode="load"/>
<opset="F_4_load/1 "/>
</bind>
</comp>

<comp id="769" class="1004" name="F_5_load_load_fu_769">
<pin_list>
<pin id="770" dir="0" index="0" bw="32" slack="0"/>
<pin id="771" dir="1" index="1" bw="32" slack="0"/>
</pin_list>
<bind>
<opcode="load(27) " fcode="load"/>
<opset="F_5_load/1 "/>
</bind>
</comp>

<comp id="773" class="1004" name="F_6_load_load_fu_773">
<pin_list>
<pin id="774" dir="0" index="0" bw="32" slack="0"/>
<pin id="775" dir="1" index="1" bw="32" slack="0"/>
</pin_list>
<bind>
<opcode="load(27) " fcode="load"/>
<opset="F_6_load/1 "/>
</bind>
</comp>

<comp id="777" class="1004" name="F_7_load_load_fu_777">
<pin_list>
<pin id="778" dir="0" index="0" bw="32" slack="0"/>
<pin id="779" dir="1" index="1" bw="32" slack="0"/>
</pin_list>
<bind>
<opcode="load(27) " fcode="load"/>
<opset="F_7_load/1 "/>
</bind>
</comp>

<comp id="781" class="1004" name="F_8_load_load_fu_781">
<pin_list>
<pin id="782" dir="0" index="0" bw="32" slack="0"/>
<pin id="783" dir="1" index="1" bw="32" slack="0"/>
</pin_list>
<bind>
<opcode="load(27) " fcode="load"/>
<opset="F_8_load/1 "/>
</bind>
</comp>

<comp id="785" class="1004" name="F_9_load_load_fu_785">
<pin_list>
<pin id="786" dir="0" index="0" bw="32" slack="0"/>
<pin id="787" dir="1" index="1" bw="32" slack="0"/>
</pin_list>
<bind>
<opcode="load(27) " fcode="load"/>
<opset="F_9_load/1 "/>
</bind>
</comp>

<comp id="789" class="1004" name="F_10_load_load_fu_789">
<pin_list>
<pin id="790" dir="0" index="0" bw="32" slack="0"/>
<pin id="791" dir="1" index="1" bw="32" slack="0"/>
</pin_list>
<bind>
<opcode="load(27) " fcode="load"/>
<opset="F_10_load/1 "/>
</bind>
</comp>

<comp id="793" class="1004" name="F_11_load_load_fu_793">
<pin_list>
<pin id="794" dir="0" index="0" bw="32" slack="0"/>
<pin id="795" dir="1" index="1" bw="32" slack="0"/>
</pin_list>
<bind>
<opcode="load(27) " fcode="load"/>
<opset="F_11_load/1 "/>
</bind>
</comp>

<comp id="797" class="1004" name="F_12_load_load_fu_797">
<pin_list>
<pin id="798" dir="0" index="0" bw="32" slack="0"/>
<pin id="799" dir="1" index="1" bw="32" slack="0"/>
</pin_list>
<bind>
<opcode="load(27) " fcode="load"/>
<opset="F_12_load/1 "/>
</bind>
</comp>

<comp id="801" class="1004" name="F_13_load_load_fu_801">
<pin_list>
<pin id="802" dir="0" index="0" bw="32" slack="0"/>
<pin id="803" dir="1" index="1" bw="32" slack="0"/>
</pin_list>
<bind>
<opcode="load(27) " fcode="load"/>
<opset="F_13_load/1 "/>
</bind>
</comp>

<comp id="805" class="1004" name="F_14_load_load_fu_805">
<pin_list>
<pin id="806" dir="0" index="0" bw="32" slack="0"/>
<pin id="807" dir="1" index="1" bw="32" slack="0"/>
</pin_list>
<bind>
<opcode="load(27) " fcode="load"/>
<opset="F_14_load/1 "/>
</bind>
</comp>

<comp id="809" class="1004" name="F_15_load_load_fu_809">
<pin_list>
<pin id="810" dir="0" index="0" bw="32" slack="0"/>
<pin id="811" dir="1" index="1" bw="32" slack="0"/>
</pin_list>
<bind>
<opcode="load(27) " fcode="load"/>
<opset="F_15_load/1 "/>
</bind>
</comp>

<comp id="813" class="1004" name="F_16_load_load_fu_813">
<pin_list>
<pin id="814" dir="0" index="0" bw="32" slack="0"/>
<pin id="815" dir="1" index="1" bw="32" slack="0"/>
</pin_list>
<bind>
<opcode="load(27) " fcode="load"/>
<opset="F_16_load/1 "/>
</bind>
</comp>

<comp id="817" class="1004" name="F_17_load_load_fu_817">
<pin_list>
<pin id="818" dir="0" index="0" bw="32" slack="0"/>
<pin id="819" dir="1" index="1" bw="32" slack="0"/>
</pin_list>
<bind>
<opcode="load(27) " fcode="load"/>
<opset="F_17_load/1 "/>
</bind>
</comp>

<comp id="821" class="1004" name="F_18_load_load_fu_821">
<pin_list>
<pin id="822" dir="0" index="0" bw="32" slack="0"/>
<pin id="823" dir="1" index="1" bw="32" slack="0"/>
</pin_list>
<bind>
<opcode="load(27) " fcode="load"/>
<opset="F_18_load/1 "/>
</bind>
</comp>

<comp id="825" class="1004" name="F_19_load_load_fu_825">
<pin_list>
<pin id="826" dir="0" index="0" bw="32" slack="0"/>
<pin id="827" dir="1" index="1" bw="32" slack="0"/>
</pin_list>
<bind>
<opcode="load(27) " fcode="load"/>
<opset="F_19_load/1 "/>
</bind>
</comp>

<comp id="829" class="1004" name="F_20_load_load_fu_829">
<pin_list>
<pin id="830" dir="0" index="0" bw="32" slack="0"/>
<pin id="831" dir="1" index="1" bw="32" slack="0"/>
</pin_list>
<bind>
<opcode="load(27) " fcode="load"/>
<opset="F_20_load/1 "/>
</bind>
</comp>

<comp id="833" class="1004" name="F_21_load_load_fu_833">
<pin_list>
<pin id="834" dir="0" index="0" bw="32" slack="0"/>
<pin id="835" dir="1" index="1" bw="32" slack="0"/>
</pin_list>
<bind>
<opcode="load(27) " fcode="load"/>
<opset="F_21_load/1 "/>
</bind>
</comp>

<comp id="837" class="1004" name="F_22_load_load_fu_837">
<pin_list>
<pin id="838" dir="0" index="0" bw="32" slack="0"/>
<pin id="839" dir="1" index="1" bw="32" slack="0"/>
</pin_list>
<bind>
<opcode="load(27) " fcode="load"/>
<opset="F_22_load/1 "/>
</bind>
</comp>

<comp id="841" class="1004" name="F_23_load_load_fu_841">
<pin_list>
<pin id="842" dir="0" index="0" bw="32" slack="0"/>
<pin id="843" dir="1" index="1" bw="32" slack="0"/>
</pin_list>
<bind>
<opcode="load(27) " fcode="load"/>
<opset="F_23_load/1 "/>
</bind>
</comp>

<comp id="845" class="1004" name="F_24_load_load_fu_845">
<pin_list>
<pin id="846" dir="0" index="0" bw="32" slack="0"/>
<pin id="847" dir="1" index="1" bw="32" slack="0"/>
</pin_list>
<bind>
<opcode="load(27) " fcode="load"/>
<opset="F_24_load/1 "/>
</bind>
</comp>

<comp id="849" class="1004" name="F_25_load_load_fu_849">
<pin_list>
<pin id="850" dir="0" index="0" bw="32" slack="0"/>
<pin id="851" dir="1" index="1" bw="32" slack="0"/>
</pin_list>
<bind>
<opcode="load(27) " fcode="load"/>
<opset="F_25_load/1 "/>
</bind>
</comp>

<comp id="853" class="1004" name="F_26_load_load_fu_853">
<pin_list>
<pin id="854" dir="0" index="0" bw="32" slack="0"/>
<pin id="855" dir="1" index="1" bw="32" slack="0"/>
</pin_list>
<bind>
<opcode="load(27) " fcode="load"/>
<opset="F_26_load/1 "/>
</bind>
</comp>

<comp id="857" class="1004" name="F_27_load_load_fu_857">
<pin_list>
<pin id="858" dir="0" index="0" bw="32" slack="0"/>
<pin id="859" dir="1" index="1" bw="32" slack="0"/>
</pin_list>
<bind>
<opcode="load(27) " fcode="load"/>
<opset="F_27_load/1 "/>
</bind>
</comp>

<comp id="861" class="1004" name="F_28_load_load_fu_861">
<pin_list>
<pin id="862" dir="0" index="0" bw="32" slack="0"/>
<pin id="863" dir="1" index="1" bw="32" slack="0"/>
</pin_list>
<bind>
<opcode="load(27) " fcode="load"/>
<opset="F_28_load/1 "/>
</bind>
</comp>

<comp id="865" class="1004" name="F_29_load_load_fu_865">
<pin_list>
<pin id="866" dir="0" index="0" bw="32" slack="0"/>
<pin id="867" dir="1" index="1" bw="32" slack="0"/>
</pin_list>
<bind>
<opcode="load(27) " fcode="load"/>
<opset="F_29_load/1 "/>
</bind>
</comp>

<comp id="869" class="1004" name="F_30_load_load_fu_869">
<pin_list>
<pin id="870" dir="0" index="0" bw="32" slack="0"/>
<pin id="871" dir="1" index="1" bw="32" slack="0"/>
</pin_list>
<bind>
<opcode="load(27) " fcode="load"/>
<opset="F_30_load/1 "/>
</bind>
</comp>

<comp id="873" class="1004" name="F_31_load_load_fu_873">
<pin_list>
<pin id="874" dir="0" index="0" bw="32" slack="0"/>
<pin id="875" dir="1" index="1" bw="32" slack="0"/>
</pin_list>
<bind>
<opcode="load(27) " fcode="load"/>
<opset="F_31_load/1 "/>
</bind>
</comp>

<comp id="877" class="1004" name="F_32_load_load_fu_877">
<pin_list>
<pin id="878" dir="0" index="0" bw="32" slack="0"/>
<pin id="879" dir="1" index="1" bw="32" slack="0"/>
</pin_list>
<bind>
<opcode="load(27) " fcode="load"/>
<opset="F_32_load/1 "/>
</bind>
</comp>

<comp id="881" class="1005" name="j_reg_881">
<pin_list>
<pin id="882" dir="0" index="0" bw="3" slack="0"/>
<pin id="883" dir="1" index="1" bw="3" slack="0"/>
</pin_list>
<bind>
<opset="j "/>
</bind>
</comp>

<comp id="888" class="1005" name="i_3_reg_888">
<pin_list>
<pin id="889" dir="0" index="0" bw="3" slack="0"/>
<pin id="890" dir="1" index="1" bw="3" slack="0"/>
</pin_list>
<bind>
<opset="i_3 "/>
</bind>
</comp>

<comp id="895" class="1005" name="indvar_flatten6_reg_895">
<pin_list>
<pin id="896" dir="0" index="0" bw="6" slack="0"/>
<pin id="897" dir="1" index="1" bw="6" slack="0"/>
</pin_list>
<bind>
<opset="indvar_flatten6 "/>
</bind>
</comp>

<comp id="902" class="1005" name="F_reg_902">
<pin_list>
<pin id="903" dir="0" index="0" bw="32" slack="0"/>
<pin id="904" dir="1" index="1" bw="32" slack="0"/>
</pin_list>
<bind>
<opset="F "/>
</bind>
</comp>

<comp id="908" class="1005" name="F_1_reg_908">
<pin_list>
<pin id="909" dir="0" index="0" bw="32" slack="0"/>
<pin id="910" dir="1" index="1" bw="32" slack="0"/>
</pin_list>
<bind>
<opset="F_1 "/>
</bind>
</comp>

<comp id="914" class="1005" name="F_2_reg_914">
<pin_list>
<pin id="915" dir="0" index="0" bw="32" slack="0"/>
<pin id="916" dir="1" index="1" bw="32" slack="0"/>
</pin_list>
<bind>
<opset="F_2 "/>
</bind>
</comp>

<comp id="920" class="1005" name="F_3_reg_920">
<pin_list>
<pin id="921" dir="0" index="0" bw="32" slack="0"/>
<pin id="922" dir="1" index="1" bw="32" slack="0"/>
</pin_list>
<bind>
<opset="F_3 "/>
</bind>
</comp>

<comp id="926" class="1005" name="F_4_reg_926">
<pin_list>
<pin id="927" dir="0" index="0" bw="32" slack="0"/>
<pin id="928" dir="1" index="1" bw="32" slack="0"/>
</pin_list>
<bind>
<opset="F_4 "/>
</bind>
</comp>

<comp id="932" class="1005" name="F_5_reg_932">
<pin_list>
<pin id="933" dir="0" index="0" bw="32" slack="0"/>
<pin id="934" dir="1" index="1" bw="32" slack="0"/>
</pin_list>
<bind>
<opset="F_5 "/>
</bind>
</comp>

<comp id="938" class="1005" name="F_6_reg_938">
<pin_list>
<pin id="939" dir="0" index="0" bw="32" slack="0"/>
<pin id="940" dir="1" index="1" bw="32" slack="0"/>
</pin_list>
<bind>
<opset="F_6 "/>
</bind>
</comp>

<comp id="944" class="1005" name="F_7_reg_944">
<pin_list>
<pin id="945" dir="0" index="0" bw="32" slack="0"/>
<pin id="946" dir="1" index="1" bw="32" slack="0"/>
</pin_list>
<bind>
<opset="F_7 "/>
</bind>
</comp>

<comp id="950" class="1005" name="F_8_reg_950">
<pin_list>
<pin id="951" dir="0" index="0" bw="32" slack="0"/>
<pin id="952" dir="1" index="1" bw="32" slack="0"/>
</pin_list>
<bind>
<opset="F_8 "/>
</bind>
</comp>

<comp id="956" class="1005" name="F_9_reg_956">
<pin_list>
<pin id="957" dir="0" index="0" bw="32" slack="0"/>
<pin id="958" dir="1" index="1" bw="32" slack="0"/>
</pin_list>
<bind>
<opset="F_9 "/>
</bind>
</comp>

<comp id="962" class="1005" name="F_10_reg_962">
<pin_list>
<pin id="963" dir="0" index="0" bw="32" slack="0"/>
<pin id="964" dir="1" index="1" bw="32" slack="0"/>
</pin_list>
<bind>
<opset="F_10 "/>
</bind>
</comp>

<comp id="968" class="1005" name="F_11_reg_968">
<pin_list>
<pin id="969" dir="0" index="0" bw="32" slack="0"/>
<pin id="970" dir="1" index="1" bw="32" slack="0"/>
</pin_list>
<bind>
<opset="F_11 "/>
</bind>
</comp>

<comp id="974" class="1005" name="F_12_reg_974">
<pin_list>
<pin id="975" dir="0" index="0" bw="32" slack="0"/>
<pin id="976" dir="1" index="1" bw="32" slack="0"/>
</pin_list>
<bind>
<opset="F_12 "/>
</bind>
</comp>

<comp id="980" class="1005" name="F_13_reg_980">
<pin_list>
<pin id="981" dir="0" index="0" bw="32" slack="0"/>
<pin id="982" dir="1" index="1" bw="32" slack="0"/>
</pin_list>
<bind>
<opset="F_13 "/>
</bind>
</comp>

<comp id="986" class="1005" name="F_14_reg_986">
<pin_list>
<pin id="987" dir="0" index="0" bw="32" slack="0"/>
<pin id="988" dir="1" index="1" bw="32" slack="0"/>
</pin_list>
<bind>
<opset="F_14 "/>
</bind>
</comp>

<comp id="992" class="1005" name="F_15_reg_992">
<pin_list>
<pin id="993" dir="0" index="0" bw="32" slack="0"/>
<pin id="994" dir="1" index="1" bw="32" slack="0"/>
</pin_list>
<bind>
<opset="F_15 "/>
</bind>
</comp>

<comp id="998" class="1005" name="F_16_reg_998">
<pin_list>
<pin id="999" dir="0" index="0" bw="32" slack="0"/>
<pin id="1000" dir="1" index="1" bw="32" slack="0"/>
</pin_list>
<bind>
<opset="F_16 "/>
</bind>
</comp>

<comp id="1004" class="1005" name="F_17_reg_1004">
<pin_list>
<pin id="1005" dir="0" index="0" bw="32" slack="0"/>
<pin id="1006" dir="1" index="1" bw="32" slack="0"/>
</pin_list>
<bind>
<opset="F_17 "/>
</bind>
</comp>

<comp id="1010" class="1005" name="F_18_reg_1010">
<pin_list>
<pin id="1011" dir="0" index="0" bw="32" slack="0"/>
<pin id="1012" dir="1" index="1" bw="32" slack="0"/>
</pin_list>
<bind>
<opset="F_18 "/>
</bind>
</comp>

<comp id="1016" class="1005" name="F_19_reg_1016">
<pin_list>
<pin id="1017" dir="0" index="0" bw="32" slack="0"/>
<pin id="1018" dir="1" index="1" bw="32" slack="0"/>
</pin_list>
<bind>
<opset="F_19 "/>
</bind>
</comp>

<comp id="1022" class="1005" name="F_20_reg_1022">
<pin_list>
<pin id="1023" dir="0" index="0" bw="32" slack="0"/>
<pin id="1024" dir="1" index="1" bw="32" slack="0"/>
</pin_list>
<bind>
<opset="F_20 "/>
</bind>
</comp>

<comp id="1028" class="1005" name="F_21_reg_1028">
<pin_list>
<pin id="1029" dir="0" index="0" bw="32" slack="0"/>
<pin id="1030" dir="1" index="1" bw="32" slack="0"/>
</pin_list>
<bind>
<opset="F_21 "/>
</bind>
</comp>

<comp id="1034" class="1005" name="F_22_reg_1034">
<pin_list>
<pin id="1035" dir="0" index="0" bw="32" slack="0"/>
<pin id="1036" dir="1" index="1" bw="32" slack="0"/>
</pin_list>
<bind>
<opset="F_22 "/>
</bind>
</comp>

<comp id="1040" class="1005" name="F_23_reg_1040">
<pin_list>
<pin id="1041" dir="0" index="0" bw="32" slack="0"/>
<pin id="1042" dir="1" index="1" bw="32" slack="0"/>
</pin_list>
<bind>
<opset="F_23 "/>
</bind>
</comp>

<comp id="1046" class="1005" name="F_24_reg_1046">
<pin_list>
<pin id="1047" dir="0" index="0" bw="32" slack="0"/>
<pin id="1048" dir="1" index="1" bw="32" slack="0"/>
</pin_list>
<bind>
<opset="F_24 "/>
</bind>
</comp>

<comp id="1052" class="1005" name="F_25_reg_1052">
<pin_list>
<pin id="1053" dir="0" index="0" bw="32" slack="0"/>
<pin id="1054" dir="1" index="1" bw="32" slack="0"/>
</pin_list>
<bind>
<opset="F_25 "/>
</bind>
</comp>

<comp id="1058" class="1005" name="F_26_reg_1058">
<pin_list>
<pin id="1059" dir="0" index="0" bw="32" slack="0"/>
<pin id="1060" dir="1" index="1" bw="32" slack="0"/>
</pin_list>
<bind>
<opset="F_26 "/>
</bind>
</comp>

<comp id="1064" class="1005" name="F_27_reg_1064">
<pin_list>
<pin id="1065" dir="0" index="0" bw="32" slack="0"/>
<pin id="1066" dir="1" index="1" bw="32" slack="0"/>
</pin_list>
<bind>
<opset="F_27 "/>
</bind>
</comp>

<comp id="1070" class="1005" name="F_28_reg_1070">
<pin_list>
<pin id="1071" dir="0" index="0" bw="32" slack="0"/>
<pin id="1072" dir="1" index="1" bw="32" slack="0"/>
</pin_list>
<bind>
<opset="F_28 "/>
</bind>
</comp>

<comp id="1076" class="1005" name="F_29_reg_1076">
<pin_list>
<pin id="1077" dir="0" index="0" bw="32" slack="0"/>
<pin id="1078" dir="1" index="1" bw="32" slack="0"/>
</pin_list>
<bind>
<opset="F_29 "/>
</bind>
</comp>

<comp id="1082" class="1005" name="F_30_reg_1082">
<pin_list>
<pin id="1083" dir="0" index="0" bw="32" slack="0"/>
<pin id="1084" dir="1" index="1" bw="32" slack="0"/>
</pin_list>
<bind>
<opset="F_30 "/>
</bind>
</comp>

<comp id="1088" class="1005" name="F_31_reg_1088">
<pin_list>
<pin id="1089" dir="0" index="0" bw="32" slack="0"/>
<pin id="1090" dir="1" index="1" bw="32" slack="0"/>
</pin_list>
<bind>
<opset="F_31 "/>
</bind>
</comp>

<comp id="1094" class="1005" name="F_32_reg_1094">
<pin_list>
<pin id="1095" dir="0" index="0" bw="32" slack="0"/>
<pin id="1096" dir="1" index="1" bw="32" slack="0"/>
</pin_list>
<bind>
<opset="F_32 "/>
</bind>
</comp>

</comp_list>

<net_list>
<net id="113"><net_src comp="66" pin="0"/><net_sink comp="110" pin=0"/></net>

<net id="117"><net_src comp="66" pin="0"/><net_sink comp="114" pin=0"/></net>

<net id="121"><net_src comp="66" pin="0"/><net_sink comp="118" pin=0"/></net>

<net id="125"><net_src comp="66" pin="0"/><net_sink comp="122" pin=0"/></net>

<net id="129"><net_src comp="66" pin="0"/><net_sink comp="126" pin=0"/></net>

<net id="133"><net_src comp="66" pin="0"/><net_sink comp="130" pin=0"/></net>

<net id="137"><net_src comp="66" pin="0"/><net_sink comp="134" pin=0"/></net>

<net id="141"><net_src comp="66" pin="0"/><net_sink comp="138" pin=0"/></net>

<net id="145"><net_src comp="66" pin="0"/><net_sink comp="142" pin=0"/></net>

<net id="149"><net_src comp="66" pin="0"/><net_sink comp="146" pin=0"/></net>

<net id="153"><net_src comp="66" pin="0"/><net_sink comp="150" pin=0"/></net>

<net id="157"><net_src comp="66" pin="0"/><net_sink comp="154" pin=0"/></net>

<net id="161"><net_src comp="66" pin="0"/><net_sink comp="158" pin=0"/></net>

<net id="165"><net_src comp="66" pin="0"/><net_sink comp="162" pin=0"/></net>

<net id="169"><net_src comp="66" pin="0"/><net_sink comp="166" pin=0"/></net>

<net id="173"><net_src comp="66" pin="0"/><net_sink comp="170" pin=0"/></net>

<net id="177"><net_src comp="66" pin="0"/><net_sink comp="174" pin=0"/></net>

<net id="181"><net_src comp="66" pin="0"/><net_sink comp="178" pin=0"/></net>

<net id="185"><net_src comp="66" pin="0"/><net_sink comp="182" pin=0"/></net>

<net id="189"><net_src comp="66" pin="0"/><net_sink comp="186" pin=0"/></net>

<net id="193"><net_src comp="66" pin="0"/><net_sink comp="190" pin=0"/></net>

<net id="197"><net_src comp="66" pin="0"/><net_sink comp="194" pin=0"/></net>

<net id="201"><net_src comp="66" pin="0"/><net_sink comp="198" pin=0"/></net>

<net id="205"><net_src comp="66" pin="0"/><net_sink comp="202" pin=0"/></net>

<net id="209"><net_src comp="66" pin="0"/><net_sink comp="206" pin=0"/></net>

<net id="213"><net_src comp="66" pin="0"/><net_sink comp="210" pin=0"/></net>

<net id="217"><net_src comp="66" pin="0"/><net_sink comp="214" pin=0"/></net>

<net id="221"><net_src comp="66" pin="0"/><net_sink comp="218" pin=0"/></net>

<net id="225"><net_src comp="66" pin="0"/><net_sink comp="222" pin=0"/></net>

<net id="229"><net_src comp="66" pin="0"/><net_sink comp="226" pin=0"/></net>

<net id="233"><net_src comp="66" pin="0"/><net_sink comp="230" pin=0"/></net>

<net id="237"><net_src comp="66" pin="0"/><net_sink comp="234" pin=0"/></net>

<net id="241"><net_src comp="66" pin="0"/><net_sink comp="238" pin=0"/></net>

<net id="245"><net_src comp="66" pin="0"/><net_sink comp="242" pin=0"/></net>

<net id="249"><net_src comp="66" pin="0"/><net_sink comp="246" pin=0"/></net>

<net id="253"><net_src comp="66" pin="0"/><net_sink comp="250" pin=0"/></net>

<net id="259"><net_src comp="108" pin="0"/><net_sink comp="254" pin=0"/></net>

<net id="260"><net_src comp="0" pin="0"/><net_sink comp="254" pin=1"/></net>

<net id="266"><net_src comp="108" pin="0"/><net_sink comp="261" pin=0"/></net>

<net id="267"><net_src comp="2" pin="0"/><net_sink comp="261" pin=1"/></net>

<net id="273"><net_src comp="108" pin="0"/><net_sink comp="268" pin=0"/></net>

<net id="274"><net_src comp="4" pin="0"/><net_sink comp="268" pin=1"/></net>

<net id="280"><net_src comp="108" pin="0"/><net_sink comp="275" pin=0"/></net>

<net id="281"><net_src comp="6" pin="0"/><net_sink comp="275" pin=1"/></net>

<net id="287"><net_src comp="108" pin="0"/><net_sink comp="282" pin=0"/></net>

<net id="288"><net_src comp="8" pin="0"/><net_sink comp="282" pin=1"/></net>

<net id="294"><net_src comp="108" pin="0"/><net_sink comp="289" pin=0"/></net>

<net id="295"><net_src comp="10" pin="0"/><net_sink comp="289" pin=1"/></net>

<net id="301"><net_src comp="108" pin="0"/><net_sink comp="296" pin=0"/></net>

<net id="302"><net_src comp="12" pin="0"/><net_sink comp="296" pin=1"/></net>

<net id="308"><net_src comp="108" pin="0"/><net_sink comp="303" pin=0"/></net>

<net id="309"><net_src comp="14" pin="0"/><net_sink comp="303" pin=1"/></net>

<net id="315"><net_src comp="108" pin="0"/><net_sink comp="310" pin=0"/></net>

<net id="316"><net_src comp="16" pin="0"/><net_sink comp="310" pin=1"/></net>

<net id="322"><net_src comp="108" pin="0"/><net_sink comp="317" pin=0"/></net>

<net id="323"><net_src comp="18" pin="0"/><net_sink comp="317" pin=1"/></net>

<net id="329"><net_src comp="108" pin="0"/><net_sink comp="324" pin=0"/></net>

<net id="330"><net_src comp="20" pin="0"/><net_sink comp="324" pin=1"/></net>

<net id="336"><net_src comp="108" pin="0"/><net_sink comp="331" pin=0"/></net>

<net id="337"><net_src comp="22" pin="0"/><net_sink comp="331" pin=1"/></net>

<net id="343"><net_src comp="108" pin="0"/><net_sink comp="338" pin=0"/></net>

<net id="344"><net_src comp="24" pin="0"/><net_sink comp="338" pin=1"/></net>

<net id="350"><net_src comp="108" pin="0"/><net_sink comp="345" pin=0"/></net>

<net id="351"><net_src comp="26" pin="0"/><net_sink comp="345" pin=1"/></net>

<net id="357"><net_src comp="108" pin="0"/><net_sink comp="352" pin=0"/></net>

<net id="358"><net_src comp="28" pin="0"/><net_sink comp="352" pin=1"/></net>

<net id="364"><net_src comp="108" pin="0"/><net_sink comp="359" pin=0"/></net>

<net id="365"><net_src comp="30" pin="0"/><net_sink comp="359" pin=1"/></net>

<net id="371"><net_src comp="108" pin="0"/><net_sink comp="366" pin=0"/></net>

<net id="372"><net_src comp="32" pin="0"/><net_sink comp="366" pin=1"/></net>

<net id="378"><net_src comp="108" pin="0"/><net_sink comp="373" pin=0"/></net>

<net id="379"><net_src comp="34" pin="0"/><net_sink comp="373" pin=1"/></net>

<net id="385"><net_src comp="108" pin="0"/><net_sink comp="380" pin=0"/></net>

<net id="386"><net_src comp="36" pin="0"/><net_sink comp="380" pin=1"/></net>

<net id="392"><net_src comp="108" pin="0"/><net_sink comp="387" pin=0"/></net>

<net id="393"><net_src comp="38" pin="0"/><net_sink comp="387" pin=1"/></net>

<net id="399"><net_src comp="108" pin="0"/><net_sink comp="394" pin=0"/></net>

<net id="400"><net_src comp="40" pin="0"/><net_sink comp="394" pin=1"/></net>

<net id="406"><net_src comp="108" pin="0"/><net_sink comp="401" pin=0"/></net>

<net id="407"><net_src comp="42" pin="0"/><net_sink comp="401" pin=1"/></net>

<net id="413"><net_src comp="108" pin="0"/><net_sink comp="408" pin=0"/></net>

<net id="414"><net_src comp="44" pin="0"/><net_sink comp="408" pin=1"/></net>

<net id="420"><net_src comp="108" pin="0"/><net_sink comp="415" pin=0"/></net>

<net id="421"><net_src comp="46" pin="0"/><net_sink comp="415" pin=1"/></net>

<net id="427"><net_src comp="108" pin="0"/><net_sink comp="422" pin=0"/></net>

<net id="428"><net_src comp="48" pin="0"/><net_sink comp="422" pin=1"/></net>

<net id="434"><net_src comp="108" pin="0"/><net_sink comp="429" pin=0"/></net>

<net id="435"><net_src comp="50" pin="0"/><net_sink comp="429" pin=1"/></net>

<net id="441"><net_src comp="108" pin="0"/><net_sink comp="436" pin=0"/></net>

<net id="442"><net_src comp="52" pin="0"/><net_sink comp="436" pin=1"/></net>

<net id="448"><net_src comp="108" pin="0"/><net_sink comp="443" pin=0"/></net>

<net id="449"><net_src comp="54" pin="0"/><net_sink comp="443" pin=1"/></net>

<net id="455"><net_src comp="108" pin="0"/><net_sink comp="450" pin=0"/></net>

<net id="456"><net_src comp="56" pin="0"/><net_sink comp="450" pin=1"/></net>

<net id="462"><net_src comp="108" pin="0"/><net_sink comp="457" pin=0"/></net>

<net id="463"><net_src comp="58" pin="0"/><net_sink comp="457" pin=1"/></net>

<net id="469"><net_src comp="108" pin="0"/><net_sink comp="464" pin=0"/></net>

<net id="470"><net_src comp="60" pin="0"/><net_sink comp="464" pin=1"/></net>

<net id="476"><net_src comp="108" pin="0"/><net_sink comp="471" pin=0"/></net>

<net id="477"><net_src comp="62" pin="0"/><net_sink comp="471" pin=1"/></net>

<net id="483"><net_src comp="108" pin="0"/><net_sink comp="478" pin=0"/></net>

<net id="484"><net_src comp="64" pin="0"/><net_sink comp="478" pin=1"/></net>

<net id="489"><net_src comp="68" pin="0"/><net_sink comp="485" pin=0"/></net>

<net id="494"><net_src comp="70" pin="0"/><net_sink comp="490" pin=0"/></net>

<net id="499"><net_src comp="70" pin="0"/><net_sink comp="495" pin=0"/></net>

<net id="507"><net_src comp="500" pin="1"/><net_sink comp="503" pin=0"/></net>

<net id="508"><net_src comp="80" pin="0"/><net_sink comp="503" pin=1"/></net>

<net id="513"><net_src comp="500" pin="1"/><net_sink comp="509" pin=0"/></net>

<net id="514"><net_src comp="82" pin="0"/><net_sink comp="509" pin=1"/></net>

<net id="525"><net_src comp="515" pin="1"/><net_sink comp="521" pin=0"/></net>

<net id="526"><net_src comp="92" pin="0"/><net_sink comp="521" pin=1"/></net>

<net id="532"><net_src comp="521" pin="2"/><net_sink comp="527" pin=0"/></net>

<net id="533"><net_src comp="70" pin="0"/><net_sink comp="527" pin=1"/></net>

<net id="534"><net_src comp="515" pin="1"/><net_sink comp="527" pin=2"/></net>

<net id="539"><net_src comp="518" pin="1"/><net_sink comp="535" pin=0"/></net>

<net id="540"><net_src comp="94" pin="0"/><net_sink comp="535" pin=1"/></net>

<net id="546"><net_src comp="521" pin="2"/><net_sink comp="541" pin=0"/></net>

<net id="547"><net_src comp="535" pin="2"/><net_sink comp="541" pin=1"/></net>

<net id="548"><net_src comp="518" pin="1"/><net_sink comp="541" pin=2"/></net>

<net id="553"><net_src comp="541" pin="3"/><net_sink comp="549" pin=0"/></net>

<net id="554"><net_src comp="527" pin="3"/><net_sink comp="549" pin=1"/></net>

<net id="560"><net_src comp="549" pin="2"/><net_sink comp="555" pin=0"/></net>

<net id="561"><net_src comp="98" pin="0"/><net_sink comp="555" pin=1"/></net>

<net id="562"><net_src comp="100" pin="0"/><net_sink comp="555" pin=2"/></net>

<net id="567"><net_src comp="555" pin="3"/><net_sink comp="563" pin=0"/></net>

<net id="572"><net_src comp="555" pin="3"/><net_sink comp="568" pin=0"/></net>

<net id="577"><net_src comp="555" pin="3"/><net_sink comp="573" pin=0"/></net>

<net id="582"><net_src comp="555" pin="3"/><net_sink comp="578" pin=0"/></net>

<net id="587"><net_src comp="555" pin="3"/><net_sink comp="583" pin=0"/></net>

<net id="592"><net_src comp="555" pin="3"/><net_sink comp="588" pin=0"/></net>

<net id="597"><net_src comp="555" pin="3"/><net_sink comp="593" pin=0"/></net>

<net id="602"><net_src comp="555" pin="3"/><net_sink comp="598" pin=0"/></net>

<net id="607"><net_src comp="555" pin="3"/><net_sink comp="603" pin=0"/></net>

<net id="612"><net_src comp="555" pin="3"/><net_sink comp="608" pin=0"/></net>

<net id="617"><net_src comp="555" pin="3"/><net_sink comp="613" pin=0"/></net>

<net id="622"><net_src comp="555" pin="3"/><net_sink comp="618" pin=0"/></net>

<net id="627"><net_src comp="555" pin="3"/><net_sink comp="623" pin=0"/></net>

<net id="632"><net_src comp="555" pin="3"/><net_sink comp="628" pin=0"/></net>

<net id="637"><net_src comp="555" pin="3"/><net_sink comp="633" pin=0"/></net>

<net id="642"><net_src comp="555" pin="3"/><net_sink comp="638" pin=0"/></net>

<net id="647"><net_src comp="555" pin="3"/><net_sink comp="643" pin=0"/></net>

<net id="652"><net_src comp="555" pin="3"/><net_sink comp="648" pin=0"/></net>

<net id="657"><net_src comp="555" pin="3"/><net_sink comp="653" pin=0"/></net>

<net id="662"><net_src comp="555" pin="3"/><net_sink comp="658" pin=0"/></net>

<net id="667"><net_src comp="555" pin="3"/><net_sink comp="663" pin=0"/></net>

<net id="672"><net_src comp="555" pin="3"/><net_sink comp="668" pin=0"/></net>

<net id="677"><net_src comp="555" pin="3"/><net_sink comp="673" pin=0"/></net>

<net id="682"><net_src comp="555" pin="3"/><net_sink comp="678" pin=0"/></net>

<net id="687"><net_src comp="555" pin="3"/><net_sink comp="683" pin=0"/></net>

<net id="692"><net_src comp="555" pin="3"/><net_sink comp="688" pin=0"/></net>

<net id="697"><net_src comp="555" pin="3"/><net_sink comp="693" pin=0"/></net>

<net id="702"><net_src comp="555" pin="3"/><net_sink comp="698" pin=0"/></net>

<net id="707"><net_src comp="555" pin="3"/><net_sink comp="703" pin=0"/></net>

<net id="712"><net_src comp="555" pin="3"/><net_sink comp="708" pin=0"/></net>

<net id="717"><net_src comp="555" pin="3"/><net_sink comp="713" pin=0"/></net>

<net id="722"><net_src comp="555" pin="3"/><net_sink comp="718" pin=0"/></net>

<net id="727"><net_src comp="555" pin="3"/><net_sink comp="723" pin=0"/></net>

<net id="732"><net_src comp="527" pin="3"/><net_sink comp="728" pin=0"/></net>

<net id="733"><net_src comp="94" pin="0"/><net_sink comp="728" pin=1"/></net>

<net id="738"><net_src comp="509" pin="2"/><net_sink comp="734" pin=0"/></net>

<net id="743"><net_src comp="541" pin="3"/><net_sink comp="739" pin=0"/></net>

<net id="748"><net_src comp="728" pin="2"/><net_sink comp="744" pin=0"/></net>

<net id="752"><net_src comp="749" pin="1"/><net_sink comp="478" pin=2"/></net>

<net id="756"><net_src comp="753" pin="1"/><net_sink comp="471" pin=2"/></net>

<net id="760"><net_src comp="757" pin="1"/><net_sink comp="464" pin=2"/></net>

<net id="764"><net_src comp="761" pin="1"/><net_sink comp="457" pin=2"/></net>

<net id="768"><net_src comp="765" pin="1"/><net_sink comp="450" pin=2"/></net>

<net id="772"><net_src comp="769" pin="1"/><net_sink comp="443" pin=2"/></net>

<net id="776"><net_src comp="773" pin="1"/><net_sink comp="436" pin=2"/></net>

<net id="780"><net_src comp="777" pin="1"/><net_sink comp="429" pin=2"/></net>

<net id="784"><net_src comp="781" pin="1"/><net_sink comp="422" pin=2"/></net>

<net id="788"><net_src comp="785" pin="1"/><net_sink comp="415" pin=2"/></net>

<net id="792"><net_src comp="789" pin="1"/><net_sink comp="408" pin=2"/></net>

<net id="796"><net_src comp="793" pin="1"/><net_sink comp="401" pin=2"/></net>

<net id="800"><net_src comp="797" pin="1"/><net_sink comp="394" pin=2"/></net>

<net id="804"><net_src comp="801" pin="1"/><net_sink comp="387" pin=2"/></net>

<net id="808"><net_src comp="805" pin="1"/><net_sink comp="380" pin=2"/></net>

<net id="812"><net_src comp="809" pin="1"/><net_sink comp="373" pin=2"/></net>

<net id="816"><net_src comp="813" pin="1"/><net_sink comp="366" pin=2"/></net>

<net id="820"><net_src comp="817" pin="1"/><net_sink comp="359" pin=2"/></net>

<net id="824"><net_src comp="821" pin="1"/><net_sink comp="352" pin=2"/></net>

<net id="828"><net_src comp="825" pin="1"/><net_sink comp="345" pin=2"/></net>

<net id="832"><net_src comp="829" pin="1"/><net_sink comp="338" pin=2"/></net>

<net id="836"><net_src comp="833" pin="1"/><net_sink comp="331" pin=2"/></net>

<net id="840"><net_src comp="837" pin="1"/><net_sink comp="324" pin=2"/></net>

<net id="844"><net_src comp="841" pin="1"/><net_sink comp="317" pin=2"/></net>

<net id="848"><net_src comp="845" pin="1"/><net_sink comp="310" pin=2"/></net>

<net id="852"><net_src comp="849" pin="1"/><net_sink comp="303" pin=2"/></net>

<net id="856"><net_src comp="853" pin="1"/><net_sink comp="296" pin=2"/></net>

<net id="860"><net_src comp="857" pin="1"/><net_sink comp="289" pin=2"/></net>

<net id="864"><net_src comp="861" pin="1"/><net_sink comp="282" pin=2"/></net>

<net id="868"><net_src comp="865" pin="1"/><net_sink comp="275" pin=2"/></net>

<net id="872"><net_src comp="869" pin="1"/><net_sink comp="268" pin=2"/></net>

<net id="876"><net_src comp="873" pin="1"/><net_sink comp="261" pin=2"/></net>

<net id="880"><net_src comp="877" pin="1"/><net_sink comp="254" pin=2"/></net>

<net id="884"><net_src comp="110" pin="1"/><net_sink comp="881" pin=0"/></net>

<net id="885"><net_src comp="881" pin="1"/><net_sink comp="495" pin=1"/></net>

<net id="886"><net_src comp="881" pin="1"/><net_sink comp="515" pin=0"/></net>

<net id="887"><net_src comp="881" pin="1"/><net_sink comp="744" pin=1"/></net>

<net id="891"><net_src comp="114" pin="1"/><net_sink comp="888" pin=0"/></net>

<net id="892"><net_src comp="888" pin="1"/><net_sink comp="490" pin=1"/></net>

<net id="893"><net_src comp="888" pin="1"/><net_sink comp="518" pin=0"/></net>

<net id="894"><net_src comp="888" pin="1"/><net_sink comp="739" pin=1"/></net>

<net id="898"><net_src comp="118" pin="1"/><net_sink comp="895" pin=0"/></net>

<net id="899"><net_src comp="895" pin="1"/><net_sink comp="485" pin=1"/></net>

<net id="900"><net_src comp="895" pin="1"/><net_sink comp="500" pin=0"/></net>

<net id="901"><net_src comp="895" pin="1"/><net_sink comp="734" pin=1"/></net>

<net id="905"><net_src comp="122" pin="1"/><net_sink comp="902" pin=0"/></net>

<net id="906"><net_src comp="902" pin="1"/><net_sink comp="688" pin=1"/></net>

<net id="907"><net_src comp="902" pin="1"/><net_sink comp="749" pin=0"/></net>

<net id="911"><net_src comp="126" pin="1"/><net_sink comp="908" pin=0"/></net>

<net id="912"><net_src comp="908" pin="1"/><net_sink comp="683" pin=1"/></net>

<net id="913"><net_src comp="908" pin="1"/><net_sink comp="753" pin=0"/></net>

<net id="917"><net_src comp="130" pin="1"/><net_sink comp="914" pin=0"/></net>

<net id="918"><net_src comp="914" pin="1"/><net_sink comp="678" pin=1"/></net>

<net id="919"><net_src comp="914" pin="1"/><net_sink comp="757" pin=0"/></net>

<net id="923"><net_src comp="134" pin="1"/><net_sink comp="920" pin=0"/></net>

<net id="924"><net_src comp="920" pin="1"/><net_sink comp="673" pin=1"/></net>

<net id="925"><net_src comp="920" pin="1"/><net_sink comp="761" pin=0"/></net>

<net id="929"><net_src comp="138" pin="1"/><net_sink comp="926" pin=0"/></net>

<net id="930"><net_src comp="926" pin="1"/><net_sink comp="693" pin=1"/></net>

<net id="931"><net_src comp="926" pin="1"/><net_sink comp="765" pin=0"/></net>

<net id="935"><net_src comp="142" pin="1"/><net_sink comp="932" pin=0"/></net>

<net id="936"><net_src comp="932" pin="1"/><net_sink comp="663" pin=1"/></net>

<net id="937"><net_src comp="932" pin="1"/><net_sink comp="769" pin=0"/></net>

<net id="941"><net_src comp="146" pin="1"/><net_sink comp="938" pin=0"/></net>

<net id="942"><net_src comp="938" pin="1"/><net_sink comp="658" pin=1"/></net>

<net id="943"><net_src comp="938" pin="1"/><net_sink comp="773" pin=0"/></net>

<net id="947"><net_src comp="150" pin="1"/><net_sink comp="944" pin=0"/></net>

<net id="948"><net_src comp="944" pin="1"/><net_sink comp="653" pin=1"/></net>

<net id="949"><net_src comp="944" pin="1"/><net_sink comp="777" pin=0"/></net>

<net id="953"><net_src comp="154" pin="1"/><net_sink comp="950" pin=0"/></net>

<net id="954"><net_src comp="950" pin="1"/><net_sink comp="648" pin=1"/></net>

<net id="955"><net_src comp="950" pin="1"/><net_sink comp="781" pin=0"/></net>

<net id="959"><net_src comp="158" pin="1"/><net_sink comp="956" pin=0"/></net>

<net id="960"><net_src comp="956" pin="1"/><net_sink comp="668" pin=1"/></net>

<net id="961"><net_src comp="956" pin="1"/><net_sink comp="785" pin=0"/></net>

<net id="965"><net_src comp="162" pin="1"/><net_sink comp="962" pin=0"/></net>

<net id="966"><net_src comp="962" pin="1"/><net_sink comp="643" pin=1"/></net>

<net id="967"><net_src comp="962" pin="1"/><net_sink comp="789" pin=0"/></net>

<net id="971"><net_src comp="166" pin="1"/><net_sink comp="968" pin=0"/></net>

<net id="972"><net_src comp="968" pin="1"/><net_sink comp="638" pin=1"/></net>

<net id="973"><net_src comp="968" pin="1"/><net_sink comp="793" pin=0"/></net>

<net id="977"><net_src comp="170" pin="1"/><net_sink comp="974" pin=0"/></net>

<net id="978"><net_src comp="974" pin="1"/><net_sink comp="633" pin=1"/></net>

<net id="979"><net_src comp="974" pin="1"/><net_sink comp="797" pin=0"/></net>

<net id="983"><net_src comp="174" pin="1"/><net_sink comp="980" pin=0"/></net>

<net id="984"><net_src comp="980" pin="1"/><net_sink comp="628" pin=1"/></net>

<net id="985"><net_src comp="980" pin="1"/><net_sink comp="801" pin=0"/></net>

<net id="989"><net_src comp="178" pin="1"/><net_sink comp="986" pin=0"/></net>

<net id="990"><net_src comp="986" pin="1"/><net_sink comp="623" pin=1"/></net>

<net id="991"><net_src comp="986" pin="1"/><net_sink comp="805" pin=0"/></net>

<net id="995"><net_src comp="182" pin="1"/><net_sink comp="992" pin=0"/></net>

<net id="996"><net_src comp="992" pin="1"/><net_sink comp="613" pin=1"/></net>

<net id="997"><net_src comp="992" pin="1"/><net_sink comp="809" pin=0"/></net>

<net id="1001"><net_src comp="186" pin="1"/><net_sink comp="998" pin=0"/></net>

<net id="1002"><net_src comp="998" pin="1"/><net_sink comp="608" pin=1"/></net>

<net id="1003"><net_src comp="998" pin="1"/><net_sink comp="813" pin=0"/></net>

<net id="1007"><net_src comp="190" pin="1"/><net_sink comp="1004" pin=0"/></net>

<net id="1008"><net_src comp="1004" pin="1"/><net_sink comp="603" pin=1"/></net>

<net id="1009"><net_src comp="1004" pin="1"/><net_sink comp="817" pin=0"/></net>

<net id="1013"><net_src comp="194" pin="1"/><net_sink comp="1010" pin=0"/></net>

<net id="1014"><net_src comp="1010" pin="1"/><net_sink comp="598" pin=1"/></net>

<net id="1015"><net_src comp="1010" pin="1"/><net_sink comp="821" pin=0"/></net>

<net id="1019"><net_src comp="198" pin="1"/><net_sink comp="1016" pin=0"/></net>

<net id="1020"><net_src comp="1016" pin="1"/><net_sink comp="593" pin=1"/></net>

<net id="1021"><net_src comp="1016" pin="1"/><net_sink comp="825" pin=0"/></net>

<net id="1025"><net_src comp="202" pin="1"/><net_sink comp="1022" pin=0"/></net>

<net id="1026"><net_src comp="1022" pin="1"/><net_sink comp="618" pin=1"/></net>

<net id="1027"><net_src comp="1022" pin="1"/><net_sink comp="829" pin=0"/></net>

<net id="1031"><net_src comp="206" pin="1"/><net_sink comp="1028" pin=0"/></net>

<net id="1032"><net_src comp="1028" pin="1"/><net_sink comp="583" pin=1"/></net>

<net id="1033"><net_src comp="1028" pin="1"/><net_sink comp="833" pin=0"/></net>

<net id="1037"><net_src comp="210" pin="1"/><net_sink comp="1034" pin=0"/></net>

<net id="1038"><net_src comp="1034" pin="1"/><net_sink comp="578" pin=1"/></net>

<net id="1039"><net_src comp="1034" pin="1"/><net_sink comp="837" pin=0"/></net>

<net id="1043"><net_src comp="214" pin="1"/><net_sink comp="1040" pin=0"/></net>

<net id="1044"><net_src comp="1040" pin="1"/><net_sink comp="573" pin=1"/></net>

<net id="1045"><net_src comp="1040" pin="1"/><net_sink comp="841" pin=0"/></net>

<net id="1049"><net_src comp="218" pin="1"/><net_sink comp="1046" pin=0"/></net>

<net id="1050"><net_src comp="1046" pin="1"/><net_sink comp="568" pin=1"/></net>

<net id="1051"><net_src comp="1046" pin="1"/><net_sink comp="845" pin=0"/></net>

<net id="1055"><net_src comp="222" pin="1"/><net_sink comp="1052" pin=0"/></net>

<net id="1056"><net_src comp="1052" pin="1"/><net_sink comp="563" pin=1"/></net>

<net id="1057"><net_src comp="1052" pin="1"/><net_sink comp="849" pin=0"/></net>

<net id="1061"><net_src comp="226" pin="1"/><net_sink comp="1058" pin=0"/></net>

<net id="1062"><net_src comp="1058" pin="1"/><net_sink comp="588" pin=1"/></net>

<net id="1063"><net_src comp="1058" pin="1"/><net_sink comp="853" pin=0"/></net>

<net id="1067"><net_src comp="230" pin="1"/><net_sink comp="1064" pin=0"/></net>

<net id="1068"><net_src comp="1064" pin="1"/><net_sink comp="718" pin=1"/></net>

<net id="1069"><net_src comp="1064" pin="1"/><net_sink comp="857" pin=0"/></net>

<net id="1073"><net_src comp="234" pin="1"/><net_sink comp="1070" pin=0"/></net>

<net id="1074"><net_src comp="1070" pin="1"/><net_sink comp="713" pin=1"/></net>

<net id="1075"><net_src comp="1070" pin="1"/><net_sink comp="861" pin=0"/></net>

<net id="1079"><net_src comp="238" pin="1"/><net_sink comp="1076" pin=0"/></net>

<net id="1080"><net_src comp="1076" pin="1"/><net_sink comp="708" pin=1"/></net>

<net id="1081"><net_src comp="1076" pin="1"/><net_sink comp="865" pin=0"/></net>

<net id="1085"><net_src comp="242" pin="1"/><net_sink comp="1082" pin=0"/></net>

<net id="1086"><net_src comp="1082" pin="1"/><net_sink comp="703" pin=1"/></net>

<net id="1087"><net_src comp="1082" pin="1"/><net_sink comp="869" pin=0"/></net>

<net id="1091"><net_src comp="246" pin="1"/><net_sink comp="1088" pin=0"/></net>

<net id="1092"><net_src comp="1088" pin="1"/><net_sink comp="698" pin=1"/></net>

<net id="1093"><net_src comp="1088" pin="1"/><net_sink comp="873" pin=0"/></net>

<net id="1097"><net_src comp="250" pin="1"/><net_sink comp="1094" pin=0"/></net>

<net id="1098"><net_src comp="1094" pin="1"/><net_sink comp="723" pin=1"/></net>

<net id="1099"><net_src comp="1094" pin="1"/><net_sink comp="877" pin=0"/></net>

</net_list>

</model> 
---------------- Datapath Model END ------------------

* FSMD analyzer results:
  - Output states:
	Port: F_32_out | {1 }
	Port: F_31_out | {1 }
	Port: F_30_out | {1 }
	Port: F_29_out | {1 }
	Port: F_28_out | {1 }
	Port: F_27_out | {1 }
	Port: F_26_out | {1 }
	Port: F_25_out | {1 }
	Port: F_24_out | {1 }
	Port: F_23_out | {1 }
	Port: F_22_out | {1 }
	Port: F_21_out | {1 }
	Port: F_20_out | {1 }
	Port: F_19_out | {1 }
	Port: F_18_out | {1 }
	Port: F_17_out | {1 }
	Port: F_16_out | {1 }
	Port: F_15_out | {1 }
	Port: F_14_out | {1 }
	Port: F_13_out | {1 }
	Port: F_12_out | {1 }
	Port: F_11_out | {1 }
	Port: F_10_out | {1 }
	Port: F_9_out | {1 }
	Port: F_8_out | {1 }
	Port: F_7_out | {1 }
	Port: F_6_out | {1 }
	Port: F_5_out | {1 }
	Port: F_4_out | {1 }
	Port: F_3_out | {1 }
	Port: F_2_out | {1 }
	Port: F_1_out | {1 }
	Port: F_out | {1 }
 - Input state : 
  - Chain level:
	State 1
		store_ln0 : 1
		store_ln0 : 1
		store_ln0 : 1
		indvar_flatten6_load : 1
		icmp_ln41 : 2
		add_ln41 : 2
		br_ln41 : 3
		j_load : 1
		i_3_load : 1
		icmp_ln42 : 2
		select_ln51 : 3
		add_ln41_1 : 2
		select_ln41 : 3
		icmp_ln42_1 : 4
		F_33 : 5
		switch_ln42 : 4
		switch_ln42 : 4
		store_ln42 : 6
		store_ln42 : 6
		store_ln42 : 6
		store_ln42 : 6
		store_ln42 : 6
		store_ln42 : 6
		switch_ln42 : 4
		store_ln42 : 6
		store_ln42 : 6
		store_ln42 : 6
		store_ln42 : 6
		store_ln42 : 6
		store_ln42 : 6
		switch_ln42 : 4
		store_ln42 : 6
		store_ln42 : 6
		store_ln42 : 6
		store_ln42 : 6
		store_ln42 : 6
		switch_ln42 : 4
		store_ln42 : 6
		store_ln42 : 6
		store_ln42 : 6
		store_ln42 : 6
		store_ln42 : 6
		switch_ln42 : 4
		store_ln42 : 6
		store_ln42 : 6
		store_ln42 : 6
		store_ln42 : 6
		store_ln42 : 6
		switch_ln42 : 4
		store_ln42 : 6
		store_ln42 : 6
		store_ln42 : 6
		store_ln42 : 6
		store_ln42 : 6
		store_ln42 : 6
		add_ln42 : 4
		store_ln42 : 3
		store_ln42 : 4
		store_ln42 : 5
		F_load : 1
		F_1_load : 1
		F_2_load : 1
		F_3_load : 1
		F_4_load : 1
		F_5_load : 1
		F_6_load : 1
		F_7_load : 1
		F_8_load : 1
		F_9_load : 1
		F_10_load : 1
		F_11_load : 1
		F_12_load : 1
		F_13_load : 1
		F_14_load : 1
		F_15_load : 1
		F_16_load : 1
		F_17_load : 1
		F_18_load : 1
		F_19_load : 1
		F_20_load : 1
		F_21_load : 1
		F_22_load : 1
		F_23_load : 1
		F_24_load : 1
		F_25_load : 1
		F_26_load : 1
		F_27_load : 1
		F_28_load : 1
		F_29_load : 1
		F_30_load : 1
		F_31_load : 1
		F_32_load : 1
		write_ln0 : 2
		write_ln0 : 2
		write_ln0 : 2
		write_ln0 : 2
		write_ln0 : 2
		write_ln0 : 2
		write_ln0 : 2
		write_ln0 : 2
		write_ln0 : 2
		write_ln0 : 2
		write_ln0 : 2
		write_ln0 : 2
		write_ln0 : 2
		write_ln0 : 2
		write_ln0 : 2
		write_ln0 : 2
		write_ln0 : 2
		write_ln0 : 2
		write_ln0 : 2
		write_ln0 : 2
		write_ln0 : 2
		write_ln0 : 2
		write_ln0 : 2
		write_ln0 : 2
		write_ln0 : 2
		write_ln0 : 2
		write_ln0 : 2
		write_ln0 : 2
		write_ln0 : 2
		write_ln0 : 2
		write_ln0 : 2
		write_ln0 : 2
		write_ln0 : 2


============================================================
+ Verbose Summary: Datapath Resource usage 
============================================================

* Functional unit list:
|----------|------------------------|---------|---------|
| Operation|     Functional Unit    |    FF   |   LUT   |
|----------|------------------------|---------|---------|
|          |   select_ln51_fu_527   |    0    |    3    |
|  select  |   select_ln41_fu_541   |    0    |    3    |
|          |       F_33_fu_555      |    0    |    32   |
|----------|------------------------|---------|---------|
|          |    icmp_ln41_fu_503    |    0    |    13   |
|   icmp   |    icmp_ln42_fu_521    |    0    |    10   |
|          |   icmp_ln42_1_fu_549   |    0    |    10   |
|----------|------------------------|---------|---------|
|          |     add_ln41_fu_509    |    0    |    13   |
|    add   |    add_ln41_1_fu_535   |    0    |    10   |
|          |     add_ln42_fu_728    |    0    |    10   |
|----------|------------------------|---------|---------|
|          | write_ln0_write_fu_254 |    0    |    0    |
|          | write_ln0_write_fu_261 |    0    |    0    |
|          | write_ln0_write_fu_268 |    0    |    0    |
|          | write_ln0_write_fu_275 |    0    |    0    |
|          | write_ln0_write_fu_282 |    0    |    0    |
|          | write_ln0_write_fu_289 |    0    |    0    |
|          | write_ln0_write_fu_296 |    0    |    0    |
|          | write_ln0_write_fu_303 |    0    |    0    |
|          | write_ln0_write_fu_310 |    0    |    0    |
|          | write_ln0_write_fu_317 |    0    |    0    |
|          | write_ln0_write_fu_324 |    0    |    0    |
|          | write_ln0_write_fu_331 |    0    |    0    |
|          | write_ln0_write_fu_338 |    0    |    0    |
|          | write_ln0_write_fu_345 |    0    |    0    |
|          | write_ln0_write_fu_352 |    0    |    0    |
|          | write_ln0_write_fu_359 |    0    |    0    |
|   write  | write_ln0_write_fu_366 |    0    |    0    |
|          | write_ln0_write_fu_373 |    0    |    0    |
|          | write_ln0_write_fu_380 |    0    |    0    |
|          | write_ln0_write_fu_387 |    0    |    0    |
|          | write_ln0_write_fu_394 |    0    |    0    |
|          | write_ln0_write_fu_401 |    0    |    0    |
|          | write_ln0_write_fu_408 |    0    |    0    |
|          | write_ln0_write_fu_415 |    0    |    0    |
|          | write_ln0_write_fu_422 |    0    |    0    |
|          | write_ln0_write_fu_429 |    0    |    0    |
|          | write_ln0_write_fu_436 |    0    |    0    |
|          | write_ln0_write_fu_443 |    0    |    0    |
|          | write_ln0_write_fu_450 |    0    |    0    |
|          | write_ln0_write_fu_457 |    0    |    0    |
|          | write_ln0_write_fu_464 |    0    |    0    |
|          | write_ln0_write_fu_471 |    0    |    0    |
|          | write_ln0_write_fu_478 |    0    |    0    |
|----------|------------------------|---------|---------|
|   Total  |                        |    0    |   104   |
|----------|------------------------|---------|---------|

Memories:
N/A

* Register list:
+-----------------------+--------+
|                       |   FF   |
+-----------------------+--------+
|      F_10_reg_962     |   32   |
|      F_11_reg_968     |   32   |
|      F_12_reg_974     |   32   |
|      F_13_reg_980     |   32   |
|      F_14_reg_986     |   32   |
|      F_15_reg_992     |   32   |
|      F_16_reg_998     |   32   |
|     F_17_reg_1004     |   32   |
|     F_18_reg_1010     |   32   |
|     F_19_reg_1016     |   32   |
|      F_1_reg_908      |   32   |
|     F_20_reg_1022     |   32   |
|     F_21_reg_1028     |   32   |
|     F_22_reg_1034     |   32   |
|     F_23_reg_1040     |   32   |
|     F_24_reg_1046     |   32   |
|     F_25_reg_1052     |   32   |
|     F_26_reg_1058     |   32   |
|     F_27_reg_1064     |   32   |
|     F_28_reg_1070     |   32   |
|     F_29_reg_1076     |   32   |
|      F_2_reg_914      |   32   |
|     F_30_reg_1082     |   32   |
|     F_31_reg_1088     |   32   |
|     F_32_reg_1094     |   32   |
|      F_3_reg_920      |   32   |
|      F_4_reg_926      |   32   |
|      F_5_reg_932      |   32   |
|      F_6_reg_938      |   32   |
|      F_7_reg_944      |   32   |
|      F_8_reg_950      |   32   |
|      F_9_reg_956      |   32   |
|       F_reg_902       |   32   |
|      i_3_reg_888      |    3   |
|indvar_flatten6_reg_895|    6   |
|       j_reg_881       |    3   |
+-----------------------+--------+
|         Total         |  1068  |
+-----------------------+--------+

* Multiplexer (MUX) list: 
|--------|------|------|------|--------|
|  Comp  |  Pin | Size |  BW  | S x BW |
|--------|------|------|------|--------|
|  Total |      |      |      |    0   |
|--------|------|------|------|--------|



* Summary:
+-----------+--------+--------+
|           |   FF   |   LUT  |
+-----------+--------+--------+
|  Function |    0   |   104  |
|   Memory  |    -   |    -   |
|Multiplexer|    -   |    -   |
|  Register |  1068  |    -   |
+-----------+--------+--------+
|   Total   |  1068  |   104  |
+-----------+--------+--------+
