

================================================================
== Vitis HLS Report for 'ekf_batch_Pipeline_VITIS_LOOP_30_13'
================================================================
* Date:           Thu Sep  3 12:11:27 2026

* Version:        2023.1 (Build 3854077 on May  4 2023)
* Project:        EKF
* Solution:       solution1 (Vivado IP Flow Target)
* Product family: zynquplus
* Target device:  xczu9eg-ffvb1156-2-e


================================================================
== Performance Estimates
================================================================
+ Timing: 
    * Summary: 
    +--------+----------+----------+------------+
    |  Clock |  Target  | Estimated| Uncertainty|
    +--------+----------+----------+------------+
    |ap_clk  |  10.00 ns|  1.100 ns|     2.70 ns|
    +--------+----------+----------+------------+

+ Latency: 
    * Summary: 
    +---------+---------+-----------+-----------+-----+-----+---------+
    |  Latency (cycles) |   Latency (absolute)  |  Interval | Pipeline|
    |   min   |   max   |    min    |    max    | min | max |   Type  |
    +---------+---------+-----------+-----------+-----+-----+---------+
    |        8|        8|  80.000 ns|  80.000 ns|    8|    8|       no|
    +---------+---------+-----------+-----------+-----+-----+---------+

    + Detail: 
        * Instance: 
        N/A

        * Loop: 
        +-------------------+---------+---------+----------+-----------+-----------+------+----------+
        |                   |  Latency (cycles) | Iteration|  Initiation Interval  | Trip |          |
        |     Loop Name     |   min   |   max   |  Latency |  achieved |   target  | Count| Pipelined|
        +-------------------+---------+---------+----------+-----------+-----------+------+----------+
        |- VITIS_LOOP_30_1  |        6|        6|         1|          1|          1|     6|       yes|
        +-------------------+---------+---------+----------+-----------+-----------+------+----------+

============================================================
+ Verbose Summary: Synthesis Manager
============================================================
InlineROM: 1
ExposeGlobal: 0
============================================================
+ Verbose Summary: CDFG Model
============================================================
IsTopModel: 0
ResetActiveHigh: 1
IsCombinational: 0
IsDatapathOnly: 0
HasWiredReturn: 1
HasMFsm: 2
HasVarLatency: 1
IsPipeline: 0
IsRtlPipelined: 0
IsInstanceOverlapped: 0
IsDontTouch: 0
HasImplIP: 0
IsGatedGlobalClock: 0

+ Individual pipeline summary: 
  * Pipeline-0: initiation interval (II) = 1, depth = 1


============================================================
+ Verbose Summary: Schedule
============================================================
* Number of FSM states : 1
* Pipeline : 1
  Pipeline-0 : II = 1, D = 1, States = { 1 }
* Dataflow Pipeline: 0

* FSM state transitions: 
1 --> 

* FSM state operations: 

State 1 <SV = 0> <Delay = 1.09>
ST_1 : Operation 4 [1/1] (0.00ns)   --->   "%i = alloca i32 1"   --->   Operation 4 'alloca' 'i' <Predicate = true> <Delay = 0.00>
ST_1 : Operation 5 [1/1] (0.00ns)   --->   "%At = alloca i32 1"   --->   Operation 5 'alloca' 'At' <Predicate = true> <Delay = 0.00>
ST_1 : Operation 6 [1/1] (0.00ns)   --->   "%At_1 = alloca i32 1"   --->   Operation 6 'alloca' 'At_1' <Predicate = true> <Delay = 0.00>
ST_1 : Operation 7 [1/1] (0.00ns)   --->   "%At_2 = alloca i32 1"   --->   Operation 7 'alloca' 'At_2' <Predicate = true> <Delay = 0.00>
ST_1 : Operation 8 [1/1] (0.00ns)   --->   "%At_3 = alloca i32 1"   --->   Operation 8 'alloca' 'At_3' <Predicate = true> <Delay = 0.00>
ST_1 : Operation 9 [1/1] (0.00ns)   --->   "%At_4 = alloca i32 1"   --->   Operation 9 'alloca' 'At_4' <Predicate = true> <Delay = 0.00>
ST_1 : Operation 10 [1/1] (0.00ns)   --->   "%At_5 = alloca i32 1"   --->   Operation 10 'alloca' 'At_5' <Predicate = true> <Delay = 0.00>
ST_1 : Operation 11 [1/1] (0.00ns)   --->   "%At_6 = alloca i32 1"   --->   Operation 11 'alloca' 'At_6' <Predicate = true> <Delay = 0.00>
ST_1 : Operation 12 [1/1] (0.00ns)   --->   "%At_7 = alloca i32 1"   --->   Operation 12 'alloca' 'At_7' <Predicate = true> <Delay = 0.00>
ST_1 : Operation 13 [1/1] (0.00ns)   --->   "%At_8 = alloca i32 1"   --->   Operation 13 'alloca' 'At_8' <Predicate = true> <Delay = 0.00>
ST_1 : Operation 14 [1/1] (0.00ns)   --->   "%At_9 = alloca i32 1"   --->   Operation 14 'alloca' 'At_9' <Predicate = true> <Delay = 0.00>
ST_1 : Operation 15 [1/1] (0.00ns)   --->   "%At_10 = alloca i32 1"   --->   Operation 15 'alloca' 'At_10' <Predicate = true> <Delay = 0.00>
ST_1 : Operation 16 [1/1] (0.00ns)   --->   "%At_11 = alloca i32 1"   --->   Operation 16 'alloca' 'At_11' <Predicate = true> <Delay = 0.00>
ST_1 : Operation 17 [1/1] (0.00ns)   --->   "%At_12 = alloca i32 1"   --->   Operation 17 'alloca' 'At_12' <Predicate = true> <Delay = 0.00>
ST_1 : Operation 18 [1/1] (0.00ns)   --->   "%At_13 = alloca i32 1"   --->   Operation 18 'alloca' 'At_13' <Predicate = true> <Delay = 0.00>
ST_1 : Operation 19 [1/1] (0.00ns)   --->   "%At_14 = alloca i32 1"   --->   Operation 19 'alloca' 'At_14' <Predicate = true> <Delay = 0.00>
ST_1 : Operation 20 [1/1] (0.00ns)   --->   "%At_15 = alloca i32 1"   --->   Operation 20 'alloca' 'At_15' <Predicate = true> <Delay = 0.00>
ST_1 : Operation 21 [1/1] (0.00ns)   --->   "%At_16 = alloca i32 1"   --->   Operation 21 'alloca' 'At_16' <Predicate = true> <Delay = 0.00>
ST_1 : Operation 22 [1/1] (0.00ns)   --->   "%At_17 = alloca i32 1"   --->   Operation 22 'alloca' 'At_17' <Predicate = true> <Delay = 0.00>
ST_1 : Operation 23 [1/1] (0.00ns)   --->   "%At_18 = alloca i32 1"   --->   Operation 23 'alloca' 'At_18' <Predicate = true> <Delay = 0.00>
ST_1 : Operation 24 [1/1] (0.00ns)   --->   "%At_19 = alloca i32 1"   --->   Operation 24 'alloca' 'At_19' <Predicate = true> <Delay = 0.00>
ST_1 : Operation 25 [1/1] (0.00ns)   --->   "%At_20 = alloca i32 1"   --->   Operation 25 'alloca' 'At_20' <Predicate = true> <Delay = 0.00>
ST_1 : Operation 26 [1/1] (0.00ns)   --->   "%At_21 = alloca i32 1"   --->   Operation 26 'alloca' 'At_21' <Predicate = true> <Delay = 0.00>
ST_1 : Operation 27 [1/1] (0.00ns)   --->   "%At_22 = alloca i32 1"   --->   Operation 27 'alloca' 'At_22' <Predicate = true> <Delay = 0.00>
ST_1 : Operation 28 [1/1] (0.00ns)   --->   "%At_23 = alloca i32 1"   --->   Operation 28 'alloca' 'At_23' <Predicate = true> <Delay = 0.00>
ST_1 : Operation 29 [1/1] (0.00ns)   --->   "%At_24 = alloca i32 1"   --->   Operation 29 'alloca' 'At_24' <Predicate = true> <Delay = 0.00>
ST_1 : Operation 30 [1/1] (0.00ns)   --->   "%At_25 = alloca i32 1"   --->   Operation 30 'alloca' 'At_25' <Predicate = true> <Delay = 0.00>
ST_1 : Operation 31 [1/1] (0.00ns)   --->   "%At_26 = alloca i32 1"   --->   Operation 31 'alloca' 'At_26' <Predicate = true> <Delay = 0.00>
ST_1 : Operation 32 [1/1] (0.00ns)   --->   "%At_27 = alloca i32 1"   --->   Operation 32 'alloca' 'At_27' <Predicate = true> <Delay = 0.00>
ST_1 : Operation 33 [1/1] (0.00ns)   --->   "%At_28 = alloca i32 1"   --->   Operation 33 'alloca' 'At_28' <Predicate = true> <Delay = 0.00>
ST_1 : Operation 34 [1/1] (0.00ns)   --->   "%At_29 = alloca i32 1"   --->   Operation 34 'alloca' 'At_29' <Predicate = true> <Delay = 0.00>
ST_1 : Operation 35 [1/1] (0.00ns)   --->   "%At_30 = alloca i32 1"   --->   Operation 35 'alloca' 'At_30' <Predicate = true> <Delay = 0.00>
ST_1 : Operation 36 [1/1] (0.00ns)   --->   "%At_31 = alloca i32 1"   --->   Operation 36 'alloca' 'At_31' <Predicate = true> <Delay = 0.00>
ST_1 : Operation 37 [1/1] (0.00ns)   --->   "%At_32 = alloca i32 1"   --->   Operation 37 'alloca' 'At_32' <Predicate = true> <Delay = 0.00>
ST_1 : Operation 38 [1/1] (0.00ns)   --->   "%At_33 = alloca i32 1"   --->   Operation 38 'alloca' 'At_33' <Predicate = true> <Delay = 0.00>
ST_1 : Operation 39 [1/1] (0.00ns)   --->   "%At_34 = alloca i32 1"   --->   Operation 39 'alloca' 'At_34' <Predicate = true> <Delay = 0.00>
ST_1 : Operation 40 [1/1] (0.00ns)   --->   "%At_35 = alloca i32 1"   --->   Operation 40 'alloca' 'At_35' <Predicate = true> <Delay = 0.00>
ST_1 : Operation 41 [1/1] (0.00ns)   --->   "%A_35_reload_read = read i32 @_ssdm_op_Read.ap_auto.float, i32 %A_35_reload"   --->   Operation 41 'read' 'A_35_reload_read' <Predicate = true> <Delay = 0.00>
ST_1 : Operation 42 [1/1] (0.00ns)   --->   "%A_29_reload_read = read i32 @_ssdm_op_Read.ap_auto.float, i32 %A_29_reload"   --->   Operation 42 'read' 'A_29_reload_read' <Predicate = true> <Delay = 0.00>
ST_1 : Operation 43 [1/1] (0.00ns)   --->   "%A_23_reload_read = read i32 @_ssdm_op_Read.ap_auto.float, i32 %A_23_reload"   --->   Operation 43 'read' 'A_23_reload_read' <Predicate = true> <Delay = 0.00>
ST_1 : Operation 44 [1/1] (0.00ns)   --->   "%A_17_reload_read = read i32 @_ssdm_op_Read.ap_auto.float, i32 %A_17_reload"   --->   Operation 44 'read' 'A_17_reload_read' <Predicate = true> <Delay = 0.00>
ST_1 : Operation 45 [1/1] (0.00ns)   --->   "%A_11_reload_read = read i32 @_ssdm_op_Read.ap_auto.float, i32 %A_11_reload"   --->   Operation 45 'read' 'A_11_reload_read' <Predicate = true> <Delay = 0.00>
ST_1 : Operation 46 [1/1] (0.00ns)   --->   "%A_5_reload_read = read i32 @_ssdm_op_Read.ap_auto.float, i32 %A_5_reload"   --->   Operation 46 'read' 'A_5_reload_read' <Predicate = true> <Delay = 0.00>
ST_1 : Operation 47 [1/1] (0.00ns)   --->   "%A_34_reload_read = read i32 @_ssdm_op_Read.ap_auto.float, i32 %A_34_reload"   --->   Operation 47 'read' 'A_34_reload_read' <Predicate = true> <Delay = 0.00>
ST_1 : Operation 48 [1/1] (0.00ns)   --->   "%A_28_reload_read = read i32 @_ssdm_op_Read.ap_auto.float, i32 %A_28_reload"   --->   Operation 48 'read' 'A_28_reload_read' <Predicate = true> <Delay = 0.00>
ST_1 : Operation 49 [1/1] (0.00ns)   --->   "%A_22_reload_read = read i32 @_ssdm_op_Read.ap_auto.float, i32 %A_22_reload"   --->   Operation 49 'read' 'A_22_reload_read' <Predicate = true> <Delay = 0.00>
ST_1 : Operation 50 [1/1] (0.00ns)   --->   "%A_16_reload_read = read i32 @_ssdm_op_Read.ap_auto.float, i32 %A_16_reload"   --->   Operation 50 'read' 'A_16_reload_read' <Predicate = true> <Delay = 0.00>
ST_1 : Operation 51 [1/1] (0.00ns)   --->   "%A_10_reload_read = read i32 @_ssdm_op_Read.ap_auto.float, i32 %A_10_reload"   --->   Operation 51 'read' 'A_10_reload_read' <Predicate = true> <Delay = 0.00>
ST_1 : Operation 52 [1/1] (0.00ns)   --->   "%A_4_reload_read = read i32 @_ssdm_op_Read.ap_auto.float, i32 %A_4_reload"   --->   Operation 52 'read' 'A_4_reload_read' <Predicate = true> <Delay = 0.00>
ST_1 : Operation 53 [1/1] (0.00ns)   --->   "%A_33_reload_read = read i32 @_ssdm_op_Read.ap_auto.float, i32 %A_33_reload"   --->   Operation 53 'read' 'A_33_reload_read' <Predicate = true> <Delay = 0.00>
ST_1 : Operation 54 [1/1] (0.00ns)   --->   "%A_27_reload_read = read i32 @_ssdm_op_Read.ap_auto.float, i32 %A_27_reload"   --->   Operation 54 'read' 'A_27_reload_read' <Predicate = true> <Delay = 0.00>
ST_1 : Operation 55 [1/1] (0.00ns)   --->   "%A_21_reload_read = read i32 @_ssdm_op_Read.ap_auto.float, i32 %A_21_reload"   --->   Operation 55 'read' 'A_21_reload_read' <Predicate = true> <Delay = 0.00>
ST_1 : Operation 56 [1/1] (0.00ns)   --->   "%A_15_reload_read = read i32 @_ssdm_op_Read.ap_auto.float, i32 %A_15_reload"   --->   Operation 56 'read' 'A_15_reload_read' <Predicate = true> <Delay = 0.00>
ST_1 : Operation 57 [1/1] (0.00ns)   --->   "%A_9_reload_read = read i32 @_ssdm_op_Read.ap_auto.float, i32 %A_9_reload"   --->   Operation 57 'read' 'A_9_reload_read' <Predicate = true> <Delay = 0.00>
ST_1 : Operation 58 [1/1] (0.00ns)   --->   "%A_3_reload_read = read i32 @_ssdm_op_Read.ap_auto.float, i32 %A_3_reload"   --->   Operation 58 'read' 'A_3_reload_read' <Predicate = true> <Delay = 0.00>
ST_1 : Operation 59 [1/1] (0.00ns)   --->   "%A_32_reload_read = read i32 @_ssdm_op_Read.ap_auto.float, i32 %A_32_reload"   --->   Operation 59 'read' 'A_32_reload_read' <Predicate = true> <Delay = 0.00>
ST_1 : Operation 60 [1/1] (0.00ns)   --->   "%A_26_reload_read = read i32 @_ssdm_op_Read.ap_auto.float, i32 %A_26_reload"   --->   Operation 60 'read' 'A_26_reload_read' <Predicate = true> <Delay = 0.00>
ST_1 : Operation 61 [1/1] (0.00ns)   --->   "%A_20_reload_read = read i32 @_ssdm_op_Read.ap_auto.float, i32 %A_20_reload"   --->   Operation 61 'read' 'A_20_reload_read' <Predicate = true> <Delay = 0.00>
ST_1 : Operation 62 [1/1] (0.00ns)   --->   "%A_14_reload_read = read i32 @_ssdm_op_Read.ap_auto.float, i32 %A_14_reload"   --->   Operation 62 'read' 'A_14_reload_read' <Predicate = true> <Delay = 0.00>
ST_1 : Operation 63 [1/1] (0.00ns)   --->   "%A_8_reload_read = read i32 @_ssdm_op_Read.ap_auto.float, i32 %A_8_reload"   --->   Operation 63 'read' 'A_8_reload_read' <Predicate = true> <Delay = 0.00>
ST_1 : Operation 64 [1/1] (0.00ns)   --->   "%A_2_reload_read = read i32 @_ssdm_op_Read.ap_auto.float, i32 %A_2_reload"   --->   Operation 64 'read' 'A_2_reload_read' <Predicate = true> <Delay = 0.00>
ST_1 : Operation 65 [1/1] (0.00ns)   --->   "%A_31_reload_read = read i32 @_ssdm_op_Read.ap_auto.float, i32 %A_31_reload"   --->   Operation 65 'read' 'A_31_reload_read' <Predicate = true> <Delay = 0.00>
ST_1 : Operation 66 [1/1] (0.00ns)   --->   "%A_25_reload_read = read i32 @_ssdm_op_Read.ap_auto.float, i32 %A_25_reload"   --->   Operation 66 'read' 'A_25_reload_read' <Predicate = true> <Delay = 0.00>
ST_1 : Operation 67 [1/1] (0.00ns)   --->   "%A_19_reload_read = read i32 @_ssdm_op_Read.ap_auto.float, i32 %A_19_reload"   --->   Operation 67 'read' 'A_19_reload_read' <Predicate = true> <Delay = 0.00>
ST_1 : Operation 68 [1/1] (0.00ns)   --->   "%A_13_reload_read = read i32 @_ssdm_op_Read.ap_auto.float, i32 %A_13_reload"   --->   Operation 68 'read' 'A_13_reload_read' <Predicate = true> <Delay = 0.00>
ST_1 : Operation 69 [1/1] (0.00ns)   --->   "%A_7_reload_read = read i32 @_ssdm_op_Read.ap_auto.float, i32 %A_7_reload"   --->   Operation 69 'read' 'A_7_reload_read' <Predicate = true> <Delay = 0.00>
ST_1 : Operation 70 [1/1] (0.00ns)   --->   "%A_1_reload_read = read i32 @_ssdm_op_Read.ap_auto.float, i32 %A_1_reload"   --->   Operation 70 'read' 'A_1_reload_read' <Predicate = true> <Delay = 0.00>
ST_1 : Operation 71 [1/1] (0.00ns)   --->   "%A_30_reload_read = read i32 @_ssdm_op_Read.ap_auto.float, i32 %A_30_reload"   --->   Operation 71 'read' 'A_30_reload_read' <Predicate = true> <Delay = 0.00>
ST_1 : Operation 72 [1/1] (0.00ns)   --->   "%A_24_reload_read = read i32 @_ssdm_op_Read.ap_auto.float, i32 %A_24_reload"   --->   Operation 72 'read' 'A_24_reload_read' <Predicate = true> <Delay = 0.00>
ST_1 : Operation 73 [1/1] (0.00ns)   --->   "%A_18_reload_read = read i32 @_ssdm_op_Read.ap_auto.float, i32 %A_18_reload"   --->   Operation 73 'read' 'A_18_reload_read' <Predicate = true> <Delay = 0.00>
ST_1 : Operation 74 [1/1] (0.00ns)   --->   "%A_12_reload_read = read i32 @_ssdm_op_Read.ap_auto.float, i32 %A_12_reload"   --->   Operation 74 'read' 'A_12_reload_read' <Predicate = true> <Delay = 0.00>
ST_1 : Operation 75 [1/1] (0.00ns)   --->   "%A_6_reload_read = read i32 @_ssdm_op_Read.ap_auto.float, i32 %A_6_reload"   --->   Operation 75 'read' 'A_6_reload_read' <Predicate = true> <Delay = 0.00>
ST_1 : Operation 76 [1/1] (0.00ns)   --->   "%A_reload_read = read i32 @_ssdm_op_Read.ap_auto.float, i32 %A_reload"   --->   Operation 76 'read' 'A_reload_read' <Predicate = true> <Delay = 0.00>
ST_1 : Operation 77 [1/1] (0.42ns)   --->   "%store_ln0 = store i3 0, i3 %i"   --->   Operation 77 'store' 'store_ln0' <Predicate = true> <Delay = 0.42>
ST_1 : Operation 78 [1/1] (0.00ns)   --->   "%br_ln0 = br void %for.body4.i51.i"   --->   Operation 78 'br' 'br_ln0' <Predicate = true> <Delay = 0.00>
ST_1 : Operation 79 [1/1] (0.00ns)   --->   "%i_5 = load i3 %i" [ekf_core.cpp:30->ekf_core.cpp:115->ekf_core.cpp:169]   --->   Operation 79 'load' 'i_5' <Predicate = true> <Delay = 0.00>
ST_1 : Operation 80 [1/1] (0.00ns)   --->   "%specpipeline_ln0 = specpipeline void @_ssdm_op_SpecPipeline, i32 4294967295, i32 0, i32 1, i32 0, void @p_str"   --->   Operation 80 'specpipeline' 'specpipeline_ln0' <Predicate = true> <Delay = 0.00>
ST_1 : Operation 81 [1/1] (0.67ns)   --->   "%icmp_ln30 = icmp_eq  i3 %i_5, i3 6" [ekf_core.cpp:30->ekf_core.cpp:115->ekf_core.cpp:169]   --->   Operation 81 'icmp' 'icmp_ln30' <Predicate = true> <Delay = 0.67> <CoreInst = "Cmp">   --->   Core 9 'Cmp' <Latency = 0> <II = 1> <Delay = 0.67> <FuncUnit> <Opcode : 'icmp'> <InPorts = 2> <OutPorts = 1>
ST_1 : Operation 82 [1/1] (0.67ns)   --->   "%add_ln30 = add i3 %i_5, i3 1" [ekf_core.cpp:30->ekf_core.cpp:115->ekf_core.cpp:169]   --->   Operation 82 'add' 'add_ln30' <Predicate = true> <Delay = 0.67> <CoreInst = "Adder">   --->   Core 1 'Adder' <Latency = 0> <II = 1> <Delay = 0.67> <FuncUnit> <Opcode : 'add' 'sub'> <InPorts = 2> <OutPorts = 1>
ST_1 : Operation 83 [1/1] (0.00ns)   --->   "%br_ln30 = br i1 %icmp_ln30, void %for.body4.i51.i.split, void %for.body8.i32.i.preheader.exitStub" [ekf_core.cpp:30->ekf_core.cpp:115->ekf_core.cpp:169]   --->   Operation 83 'br' 'br_ln30' <Predicate = true> <Delay = 0.00>
ST_1 : Operation 84 [1/1] (0.00ns)   --->   "%speclooptripcount_ln104 = speclooptripcount void @_ssdm_op_SpecLoopTripCount, i64 6, i64 6, i64 6" [ekf_core.cpp:104->ekf_core.cpp:169]   --->   Operation 84 'speclooptripcount' 'speclooptripcount_ln104' <Predicate = (!icmp_ln30)> <Delay = 0.00>
ST_1 : Operation 85 [1/1] (0.00ns)   --->   "%specloopname_ln30 = specloopname void @_ssdm_op_SpecLoopName, void @empty_11" [ekf_core.cpp:30->ekf_core.cpp:115->ekf_core.cpp:169]   --->   Operation 85 'specloopname' 'specloopname_ln30' <Predicate = (!icmp_ln30)> <Delay = 0.00>
ST_1 : Operation 86 [1/1] (0.62ns)   --->   "%At_41 = mux i32 @_ssdm_op_Mux.ap_auto.6f32.i3, i32 %A_reload_read, i32 %A_6_reload_read, i32 %A_12_reload_read, i32 %A_18_reload_read, i32 %A_24_reload_read, i32 %A_30_reload_read, i3 %i_5" [ekf_core.cpp:33->ekf_core.cpp:115->ekf_core.cpp:169]   --->   Operation 86 'mux' 'At_41' <Predicate = (!icmp_ln30)> <Delay = 0.62> <CoreInst = "Multiplexer">   --->   Core 76 'Multiplexer' <Latency = 0> <II = 1> <Delay = 0.62> <FuncUnit> <Opcode : 'mux'> <InPorts = 2> <OutPorts = 1>
ST_1 : Operation 87 [1/1] (0.62ns)   --->   "%At_42 = mux i32 @_ssdm_op_Mux.ap_auto.6f32.i3, i32 %A_1_reload_read, i32 %A_7_reload_read, i32 %A_13_reload_read, i32 %A_19_reload_read, i32 %A_25_reload_read, i32 %A_31_reload_read, i3 %i_5" [ekf_core.cpp:33->ekf_core.cpp:115->ekf_core.cpp:169]   --->   Operation 87 'mux' 'At_42' <Predicate = (!icmp_ln30)> <Delay = 0.62> <CoreInst = "Multiplexer">   --->   Core 76 'Multiplexer' <Latency = 0> <II = 1> <Delay = 0.62> <FuncUnit> <Opcode : 'mux'> <InPorts = 2> <OutPorts = 1>
ST_1 : Operation 88 [1/1] (0.62ns)   --->   "%At_43 = mux i32 @_ssdm_op_Mux.ap_auto.6f32.i3, i32 %A_2_reload_read, i32 %A_8_reload_read, i32 %A_14_reload_read, i32 %A_20_reload_read, i32 %A_26_reload_read, i32 %A_32_reload_read, i3 %i_5" [ekf_core.cpp:33->ekf_core.cpp:115->ekf_core.cpp:169]   --->   Operation 88 'mux' 'At_43' <Predicate = (!icmp_ln30)> <Delay = 0.62> <CoreInst = "Multiplexer">   --->   Core 76 'Multiplexer' <Latency = 0> <II = 1> <Delay = 0.62> <FuncUnit> <Opcode : 'mux'> <InPorts = 2> <OutPorts = 1>
ST_1 : Operation 89 [1/1] (0.62ns)   --->   "%At_44 = mux i32 @_ssdm_op_Mux.ap_auto.6f32.i3, i32 %A_3_reload_read, i32 %A_9_reload_read, i32 %A_15_reload_read, i32 %A_21_reload_read, i32 %A_27_reload_read, i32 %A_33_reload_read, i3 %i_5" [ekf_core.cpp:33->ekf_core.cpp:115->ekf_core.cpp:169]   --->   Operation 89 'mux' 'At_44' <Predicate = (!icmp_ln30)> <Delay = 0.62> <CoreInst = "Multiplexer">   --->   Core 76 'Multiplexer' <Latency = 0> <II = 1> <Delay = 0.62> <FuncUnit> <Opcode : 'mux'> <InPorts = 2> <OutPorts = 1>
ST_1 : Operation 90 [1/1] (0.62ns)   --->   "%At_45 = mux i32 @_ssdm_op_Mux.ap_auto.6f32.i3, i32 %A_4_reload_read, i32 %A_10_reload_read, i32 %A_16_reload_read, i32 %A_22_reload_read, i32 %A_28_reload_read, i32 %A_34_reload_read, i3 %i_5" [ekf_core.cpp:33->ekf_core.cpp:115->ekf_core.cpp:169]   --->   Operation 90 'mux' 'At_45' <Predicate = (!icmp_ln30)> <Delay = 0.62> <CoreInst = "Multiplexer">   --->   Core 76 'Multiplexer' <Latency = 0> <II = 1> <Delay = 0.62> <FuncUnit> <Opcode : 'mux'> <InPorts = 2> <OutPorts = 1>
ST_1 : Operation 91 [1/1] (0.62ns)   --->   "%At_46 = mux i32 @_ssdm_op_Mux.ap_auto.6f32.i3, i32 %A_5_reload_read, i32 %A_11_reload_read, i32 %A_17_reload_read, i32 %A_23_reload_read, i32 %A_29_reload_read, i32 %A_35_reload_read, i3 %i_5" [ekf_core.cpp:33->ekf_core.cpp:115->ekf_core.cpp:169]   --->   Operation 91 'mux' 'At_46' <Predicate = (!icmp_ln30)> <Delay = 0.62> <CoreInst = "Multiplexer">   --->   Core 76 'Multiplexer' <Latency = 0> <II = 1> <Delay = 0.62> <FuncUnit> <Opcode : 'mux'> <InPorts = 2> <OutPorts = 1>
ST_1 : Operation 92 [1/1] (0.73ns)   --->   "%switch_ln33 = switch i3 %i_5, void %arrayidx102.i50.i72.5.case.5, i3 0, void %for.body4.i51.i.split.arrayidx102.i50.i72.5.exit_crit_edge37, i3 1, void %arrayidx102.i50.i72.5.case.1, i3 2, void %arrayidx102.i50.i72.5.case.2, i3 3, void %arrayidx102.i50.i72.5.case.3, i3 4, void %for.body4.i51.i.split.arrayidx102.i50.i72.5.exit_crit_edge" [ekf_core.cpp:33->ekf_core.cpp:115->ekf_core.cpp:169]   --->   Operation 92 'switch' 'switch_ln33' <Predicate = (!icmp_ln30)> <Delay = 0.73>
ST_1 : Operation 93 [1/1] (0.00ns)   --->   "%store_ln33 = store i32 %At_46, i32 %At_34" [ekf_core.cpp:33->ekf_core.cpp:115->ekf_core.cpp:169]   --->   Operation 93 'store' 'store_ln33' <Predicate = (!icmp_ln30 & i_5 == 4)> <Delay = 0.00>
ST_1 : Operation 94 [1/1] (0.00ns)   --->   "%store_ln33 = store i32 %At_45, i32 %At_28" [ekf_core.cpp:33->ekf_core.cpp:115->ekf_core.cpp:169]   --->   Operation 94 'store' 'store_ln33' <Predicate = (!icmp_ln30 & i_5 == 4)> <Delay = 0.00>
ST_1 : Operation 95 [1/1] (0.00ns)   --->   "%store_ln33 = store i32 %At_44, i32 %At_22" [ekf_core.cpp:33->ekf_core.cpp:115->ekf_core.cpp:169]   --->   Operation 95 'store' 'store_ln33' <Predicate = (!icmp_ln30 & i_5 == 4)> <Delay = 0.00>
ST_1 : Operation 96 [1/1] (0.00ns)   --->   "%store_ln33 = store i32 %At_43, i32 %At_16" [ekf_core.cpp:33->ekf_core.cpp:115->ekf_core.cpp:169]   --->   Operation 96 'store' 'store_ln33' <Predicate = (!icmp_ln30 & i_5 == 4)> <Delay = 0.00>
ST_1 : Operation 97 [1/1] (0.00ns)   --->   "%store_ln33 = store i32 %At_42, i32 %At_10" [ekf_core.cpp:33->ekf_core.cpp:115->ekf_core.cpp:169]   --->   Operation 97 'store' 'store_ln33' <Predicate = (!icmp_ln30 & i_5 == 4)> <Delay = 0.00>
ST_1 : Operation 98 [1/1] (0.00ns)   --->   "%store_ln33 = store i32 %At_41, i32 %At_4" [ekf_core.cpp:33->ekf_core.cpp:115->ekf_core.cpp:169]   --->   Operation 98 'store' 'store_ln33' <Predicate = (!icmp_ln30 & i_5 == 4)> <Delay = 0.00>
ST_1 : Operation 99 [1/1] (0.00ns)   --->   "%br_ln33 = br void %arrayidx102.i50.i72.5.exit" [ekf_core.cpp:33->ekf_core.cpp:115->ekf_core.cpp:169]   --->   Operation 99 'br' 'br_ln33' <Predicate = (!icmp_ln30 & i_5 == 4)> <Delay = 0.00>
ST_1 : Operation 100 [1/1] (0.00ns)   --->   "%store_ln33 = store i32 %At_46, i32 %At_33" [ekf_core.cpp:33->ekf_core.cpp:115->ekf_core.cpp:169]   --->   Operation 100 'store' 'store_ln33' <Predicate = (!icmp_ln30 & i_5 == 3)> <Delay = 0.00>
ST_1 : Operation 101 [1/1] (0.00ns)   --->   "%store_ln33 = store i32 %At_45, i32 %At_27" [ekf_core.cpp:33->ekf_core.cpp:115->ekf_core.cpp:169]   --->   Operation 101 'store' 'store_ln33' <Predicate = (!icmp_ln30 & i_5 == 3)> <Delay = 0.00>
ST_1 : Operation 102 [1/1] (0.00ns)   --->   "%store_ln33 = store i32 %At_44, i32 %At_21" [ekf_core.cpp:33->ekf_core.cpp:115->ekf_core.cpp:169]   --->   Operation 102 'store' 'store_ln33' <Predicate = (!icmp_ln30 & i_5 == 3)> <Delay = 0.00>
ST_1 : Operation 103 [1/1] (0.00ns)   --->   "%store_ln33 = store i32 %At_43, i32 %At_15" [ekf_core.cpp:33->ekf_core.cpp:115->ekf_core.cpp:169]   --->   Operation 103 'store' 'store_ln33' <Predicate = (!icmp_ln30 & i_5 == 3)> <Delay = 0.00>
ST_1 : Operation 104 [1/1] (0.00ns)   --->   "%store_ln33 = store i32 %At_42, i32 %At_9" [ekf_core.cpp:33->ekf_core.cpp:115->ekf_core.cpp:169]   --->   Operation 104 'store' 'store_ln33' <Predicate = (!icmp_ln30 & i_5 == 3)> <Delay = 0.00>
ST_1 : Operation 105 [1/1] (0.00ns)   --->   "%store_ln33 = store i32 %At_41, i32 %At_3" [ekf_core.cpp:33->ekf_core.cpp:115->ekf_core.cpp:169]   --->   Operation 105 'store' 'store_ln33' <Predicate = (!icmp_ln30 & i_5 == 3)> <Delay = 0.00>
ST_1 : Operation 106 [1/1] (0.00ns)   --->   "%br_ln33 = br void %arrayidx102.i50.i72.5.exit" [ekf_core.cpp:33->ekf_core.cpp:115->ekf_core.cpp:169]   --->   Operation 106 'br' 'br_ln33' <Predicate = (!icmp_ln30 & i_5 == 3)> <Delay = 0.00>
ST_1 : Operation 107 [1/1] (0.00ns)   --->   "%store_ln33 = store i32 %At_46, i32 %At_32" [ekf_core.cpp:33->ekf_core.cpp:115->ekf_core.cpp:169]   --->   Operation 107 'store' 'store_ln33' <Predicate = (!icmp_ln30 & i_5 == 2)> <Delay = 0.00>
ST_1 : Operation 108 [1/1] (0.00ns)   --->   "%store_ln33 = store i32 %At_45, i32 %At_26" [ekf_core.cpp:33->ekf_core.cpp:115->ekf_core.cpp:169]   --->   Operation 108 'store' 'store_ln33' <Predicate = (!icmp_ln30 & i_5 == 2)> <Delay = 0.00>
ST_1 : Operation 109 [1/1] (0.00ns)   --->   "%store_ln33 = store i32 %At_44, i32 %At_20" [ekf_core.cpp:33->ekf_core.cpp:115->ekf_core.cpp:169]   --->   Operation 109 'store' 'store_ln33' <Predicate = (!icmp_ln30 & i_5 == 2)> <Delay = 0.00>
ST_1 : Operation 110 [1/1] (0.00ns)   --->   "%store_ln33 = store i32 %At_43, i32 %At_14" [ekf_core.cpp:33->ekf_core.cpp:115->ekf_core.cpp:169]   --->   Operation 110 'store' 'store_ln33' <Predicate = (!icmp_ln30 & i_5 == 2)> <Delay = 0.00>
ST_1 : Operation 111 [1/1] (0.00ns)   --->   "%store_ln33 = store i32 %At_42, i32 %At_8" [ekf_core.cpp:33->ekf_core.cpp:115->ekf_core.cpp:169]   --->   Operation 111 'store' 'store_ln33' <Predicate = (!icmp_ln30 & i_5 == 2)> <Delay = 0.00>
ST_1 : Operation 112 [1/1] (0.00ns)   --->   "%store_ln33 = store i32 %At_41, i32 %At_2" [ekf_core.cpp:33->ekf_core.cpp:115->ekf_core.cpp:169]   --->   Operation 112 'store' 'store_ln33' <Predicate = (!icmp_ln30 & i_5 == 2)> <Delay = 0.00>
ST_1 : Operation 113 [1/1] (0.00ns)   --->   "%br_ln33 = br void %arrayidx102.i50.i72.5.exit" [ekf_core.cpp:33->ekf_core.cpp:115->ekf_core.cpp:169]   --->   Operation 113 'br' 'br_ln33' <Predicate = (!icmp_ln30 & i_5 == 2)> <Delay = 0.00>
ST_1 : Operation 114 [1/1] (0.00ns)   --->   "%store_ln33 = store i32 %At_46, i32 %At_31" [ekf_core.cpp:33->ekf_core.cpp:115->ekf_core.cpp:169]   --->   Operation 114 'store' 'store_ln33' <Predicate = (!icmp_ln30 & i_5 == 1)> <Delay = 0.00>
ST_1 : Operation 115 [1/1] (0.00ns)   --->   "%store_ln33 = store i32 %At_45, i32 %At_25" [ekf_core.cpp:33->ekf_core.cpp:115->ekf_core.cpp:169]   --->   Operation 115 'store' 'store_ln33' <Predicate = (!icmp_ln30 & i_5 == 1)> <Delay = 0.00>
ST_1 : Operation 116 [1/1] (0.00ns)   --->   "%store_ln33 = store i32 %At_44, i32 %At_19" [ekf_core.cpp:33->ekf_core.cpp:115->ekf_core.cpp:169]   --->   Operation 116 'store' 'store_ln33' <Predicate = (!icmp_ln30 & i_5 == 1)> <Delay = 0.00>
ST_1 : Operation 117 [1/1] (0.00ns)   --->   "%store_ln33 = store i32 %At_43, i32 %At_13" [ekf_core.cpp:33->ekf_core.cpp:115->ekf_core.cpp:169]   --->   Operation 117 'store' 'store_ln33' <Predicate = (!icmp_ln30 & i_5 == 1)> <Delay = 0.00>
ST_1 : Operation 118 [1/1] (0.00ns)   --->   "%store_ln33 = store i32 %At_42, i32 %At_7" [ekf_core.cpp:33->ekf_core.cpp:115->ekf_core.cpp:169]   --->   Operation 118 'store' 'store_ln33' <Predicate = (!icmp_ln30 & i_5 == 1)> <Delay = 0.00>
ST_1 : Operation 119 [1/1] (0.00ns)   --->   "%store_ln33 = store i32 %At_41, i32 %At_1" [ekf_core.cpp:33->ekf_core.cpp:115->ekf_core.cpp:169]   --->   Operation 119 'store' 'store_ln33' <Predicate = (!icmp_ln30 & i_5 == 1)> <Delay = 0.00>
ST_1 : Operation 120 [1/1] (0.00ns)   --->   "%br_ln33 = br void %arrayidx102.i50.i72.5.exit" [ekf_core.cpp:33->ekf_core.cpp:115->ekf_core.cpp:169]   --->   Operation 120 'br' 'br_ln33' <Predicate = (!icmp_ln30 & i_5 == 1)> <Delay = 0.00>
ST_1 : Operation 121 [1/1] (0.00ns)   --->   "%store_ln33 = store i32 %At_46, i32 %At_30" [ekf_core.cpp:33->ekf_core.cpp:115->ekf_core.cpp:169]   --->   Operation 121 'store' 'store_ln33' <Predicate = (!icmp_ln30 & i_5 == 0)> <Delay = 0.00>
ST_1 : Operation 122 [1/1] (0.00ns)   --->   "%store_ln33 = store i32 %At_45, i32 %At_24" [ekf_core.cpp:33->ekf_core.cpp:115->ekf_core.cpp:169]   --->   Operation 122 'store' 'store_ln33' <Predicate = (!icmp_ln30 & i_5 == 0)> <Delay = 0.00>
ST_1 : Operation 123 [1/1] (0.00ns)   --->   "%store_ln33 = store i32 %At_44, i32 %At_18" [ekf_core.cpp:33->ekf_core.cpp:115->ekf_core.cpp:169]   --->   Operation 123 'store' 'store_ln33' <Predicate = (!icmp_ln30 & i_5 == 0)> <Delay = 0.00>
ST_1 : Operation 124 [1/1] (0.00ns)   --->   "%store_ln33 = store i32 %At_43, i32 %At_12" [ekf_core.cpp:33->ekf_core.cpp:115->ekf_core.cpp:169]   --->   Operation 124 'store' 'store_ln33' <Predicate = (!icmp_ln30 & i_5 == 0)> <Delay = 0.00>
ST_1 : Operation 125 [1/1] (0.00ns)   --->   "%store_ln33 = store i32 %At_42, i32 %At_6" [ekf_core.cpp:33->ekf_core.cpp:115->ekf_core.cpp:169]   --->   Operation 125 'store' 'store_ln33' <Predicate = (!icmp_ln30 & i_5 == 0)> <Delay = 0.00>
ST_1 : Operation 126 [1/1] (0.00ns)   --->   "%store_ln33 = store i32 %At_41, i32 %At" [ekf_core.cpp:33->ekf_core.cpp:115->ekf_core.cpp:169]   --->   Operation 126 'store' 'store_ln33' <Predicate = (!icmp_ln30 & i_5 == 0)> <Delay = 0.00>
ST_1 : Operation 127 [1/1] (0.00ns)   --->   "%br_ln33 = br void %arrayidx102.i50.i72.5.exit" [ekf_core.cpp:33->ekf_core.cpp:115->ekf_core.cpp:169]   --->   Operation 127 'br' 'br_ln33' <Predicate = (!icmp_ln30 & i_5 == 0)> <Delay = 0.00>
ST_1 : Operation 128 [1/1] (0.00ns)   --->   "%store_ln33 = store i32 %At_46, i32 %At_35" [ekf_core.cpp:33->ekf_core.cpp:115->ekf_core.cpp:169]   --->   Operation 128 'store' 'store_ln33' <Predicate = (!icmp_ln30 & i_5 != 0 & i_5 != 1 & i_5 != 2 & i_5 != 3 & i_5 != 4)> <Delay = 0.00>
ST_1 : Operation 129 [1/1] (0.00ns)   --->   "%store_ln33 = store i32 %At_45, i32 %At_29" [ekf_core.cpp:33->ekf_core.cpp:115->ekf_core.cpp:169]   --->   Operation 129 'store' 'store_ln33' <Predicate = (!icmp_ln30 & i_5 != 0 & i_5 != 1 & i_5 != 2 & i_5 != 3 & i_5 != 4)> <Delay = 0.00>
ST_1 : Operation 130 [1/1] (0.00ns)   --->   "%store_ln33 = store i32 %At_44, i32 %At_23" [ekf_core.cpp:33->ekf_core.cpp:115->ekf_core.cpp:169]   --->   Operation 130 'store' 'store_ln33' <Predicate = (!icmp_ln30 & i_5 != 0 & i_5 != 1 & i_5 != 2 & i_5 != 3 & i_5 != 4)> <Delay = 0.00>
ST_1 : Operation 131 [1/1] (0.00ns)   --->   "%store_ln33 = store i32 %At_43, i32 %At_17" [ekf_core.cpp:33->ekf_core.cpp:115->ekf_core.cpp:169]   --->   Operation 131 'store' 'store_ln33' <Predicate = (!icmp_ln30 & i_5 != 0 & i_5 != 1 & i_5 != 2 & i_5 != 3 & i_5 != 4)> <Delay = 0.00>
ST_1 : Operation 132 [1/1] (0.00ns)   --->   "%store_ln33 = store i32 %At_42, i32 %At_11" [ekf_core.cpp:33->ekf_core.cpp:115->ekf_core.cpp:169]   --->   Operation 132 'store' 'store_ln33' <Predicate = (!icmp_ln30 & i_5 != 0 & i_5 != 1 & i_5 != 2 & i_5 != 3 & i_5 != 4)> <Delay = 0.00>
ST_1 : Operation 133 [1/1] (0.00ns)   --->   "%store_ln33 = store i32 %At_41, i32 %At_5" [ekf_core.cpp:33->ekf_core.cpp:115->ekf_core.cpp:169]   --->   Operation 133 'store' 'store_ln33' <Predicate = (!icmp_ln30 & i_5 != 0 & i_5 != 1 & i_5 != 2 & i_5 != 3 & i_5 != 4)> <Delay = 0.00>
ST_1 : Operation 134 [1/1] (0.00ns)   --->   "%br_ln33 = br void %arrayidx102.i50.i72.5.exit" [ekf_core.cpp:33->ekf_core.cpp:115->ekf_core.cpp:169]   --->   Operation 134 'br' 'br_ln33' <Predicate = (!icmp_ln30 & i_5 != 0 & i_5 != 1 & i_5 != 2 & i_5 != 3 & i_5 != 4)> <Delay = 0.00>
ST_1 : Operation 135 [1/1] (0.42ns)   --->   "%store_ln30 = store i3 %add_ln30, i3 %i" [ekf_core.cpp:30->ekf_core.cpp:115->ekf_core.cpp:169]   --->   Operation 135 'store' 'store_ln30' <Predicate = (!icmp_ln30)> <Delay = 0.42>
ST_1 : Operation 136 [1/1] (0.00ns)   --->   "%br_ln30 = br void %for.body4.i51.i" [ekf_core.cpp:30->ekf_core.cpp:115->ekf_core.cpp:169]   --->   Operation 136 'br' 'br_ln30' <Predicate = (!icmp_ln30)> <Delay = 0.00>
ST_1 : Operation 137 [1/1] (0.00ns)   --->   "%At_load = load i32 %At"   --->   Operation 137 'load' 'At_load' <Predicate = (icmp_ln30)> <Delay = 0.00>
ST_1 : Operation 138 [1/1] (0.00ns)   --->   "%At_1_load = load i32 %At_1"   --->   Operation 138 'load' 'At_1_load' <Predicate = (icmp_ln30)> <Delay = 0.00>
ST_1 : Operation 139 [1/1] (0.00ns)   --->   "%At_2_load = load i32 %At_2"   --->   Operation 139 'load' 'At_2_load' <Predicate = (icmp_ln30)> <Delay = 0.00>
ST_1 : Operation 140 [1/1] (0.00ns)   --->   "%At_3_load = load i32 %At_3"   --->   Operation 140 'load' 'At_3_load' <Predicate = (icmp_ln30)> <Delay = 0.00>
ST_1 : Operation 141 [1/1] (0.00ns)   --->   "%At_4_load = load i32 %At_4"   --->   Operation 141 'load' 'At_4_load' <Predicate = (icmp_ln30)> <Delay = 0.00>
ST_1 : Operation 142 [1/1] (0.00ns)   --->   "%At_5_load = load i32 %At_5"   --->   Operation 142 'load' 'At_5_load' <Predicate = (icmp_ln30)> <Delay = 0.00>
ST_1 : Operation 143 [1/1] (0.00ns)   --->   "%At_6_load = load i32 %At_6"   --->   Operation 143 'load' 'At_6_load' <Predicate = (icmp_ln30)> <Delay = 0.00>
ST_1 : Operation 144 [1/1] (0.00ns)   --->   "%At_7_load = load i32 %At_7"   --->   Operation 144 'load' 'At_7_load' <Predicate = (icmp_ln30)> <Delay = 0.00>
ST_1 : Operation 145 [1/1] (0.00ns)   --->   "%At_8_load = load i32 %At_8"   --->   Operation 145 'load' 'At_8_load' <Predicate = (icmp_ln30)> <Delay = 0.00>
ST_1 : Operation 146 [1/1] (0.00ns)   --->   "%At_9_load = load i32 %At_9"   --->   Operation 146 'load' 'At_9_load' <Predicate = (icmp_ln30)> <Delay = 0.00>
ST_1 : Operation 147 [1/1] (0.00ns)   --->   "%At_10_load = load i32 %At_10"   --->   Operation 147 'load' 'At_10_load' <Predicate = (icmp_ln30)> <Delay = 0.00>
ST_1 : Operation 148 [1/1] (0.00ns)   --->   "%At_11_load = load i32 %At_11"   --->   Operation 148 'load' 'At_11_load' <Predicate = (icmp_ln30)> <Delay = 0.00>
ST_1 : Operation 149 [1/1] (0.00ns)   --->   "%At_12_load = load i32 %At_12"   --->   Operation 149 'load' 'At_12_load' <Predicate = (icmp_ln30)> <Delay = 0.00>
ST_1 : Operation 150 [1/1] (0.00ns)   --->   "%At_13_load = load i32 %At_13"   --->   Operation 150 'load' 'At_13_load' <Predicate = (icmp_ln30)> <Delay = 0.00>
ST_1 : Operation 151 [1/1] (0.00ns)   --->   "%At_14_load = load i32 %At_14"   --->   Operation 151 'load' 'At_14_load' <Predicate = (icmp_ln30)> <Delay = 0.00>
ST_1 : Operation 152 [1/1] (0.00ns)   --->   "%At_15_load = load i32 %At_15"   --->   Operation 152 'load' 'At_15_load' <Predicate = (icmp_ln30)> <Delay = 0.00>
ST_1 : Operation 153 [1/1] (0.00ns)   --->   "%At_16_load = load i32 %At_16"   --->   Operation 153 'load' 'At_16_load' <Predicate = (icmp_ln30)> <Delay = 0.00>
ST_1 : Operation 154 [1/1] (0.00ns)   --->   "%At_17_load = load i32 %At_17"   --->   Operation 154 'load' 'At_17_load' <Predicate = (icmp_ln30)> <Delay = 0.00>
ST_1 : Operation 155 [1/1] (0.00ns)   --->   "%At_18_load = load i32 %At_18"   --->   Operation 155 'load' 'At_18_load' <Predicate = (icmp_ln30)> <Delay = 0.00>
ST_1 : Operation 156 [1/1] (0.00ns)   --->   "%At_19_load = load i32 %At_19"   --->   Operation 156 'load' 'At_19_load' <Predicate = (icmp_ln30)> <Delay = 0.00>
ST_1 : Operation 157 [1/1] (0.00ns)   --->   "%At_20_load = load i32 %At_20"   --->   Operation 157 'load' 'At_20_load' <Predicate = (icmp_ln30)> <Delay = 0.00>
ST_1 : Operation 158 [1/1] (0.00ns)   --->   "%At_21_load = load i32 %At_21"   --->   Operation 158 'load' 'At_21_load' <Predicate = (icmp_ln30)> <Delay = 0.00>
ST_1 : Operation 159 [1/1] (0.00ns)   --->   "%At_22_load = load i32 %At_22"   --->   Operation 159 'load' 'At_22_load' <Predicate = (icmp_ln30)> <Delay = 0.00>
ST_1 : Operation 160 [1/1] (0.00ns)   --->   "%At_23_load = load i32 %At_23"   --->   Operation 160 'load' 'At_23_load' <Predicate = (icmp_ln30)> <Delay = 0.00>
ST_1 : Operation 161 [1/1] (0.00ns)   --->   "%At_24_load = load i32 %At_24"   --->   Operation 161 'load' 'At_24_load' <Predicate = (icmp_ln30)> <Delay = 0.00>
ST_1 : Operation 162 [1/1] (0.00ns)   --->   "%At_25_load = load i32 %At_25"   --->   Operation 162 'load' 'At_25_load' <Predicate = (icmp_ln30)> <Delay = 0.00>
ST_1 : Operation 163 [1/1] (0.00ns)   --->   "%At_26_load = load i32 %At_26"   --->   Operation 163 'load' 'At_26_load' <Predicate = (icmp_ln30)> <Delay = 0.00>
ST_1 : Operation 164 [1/1] (0.00ns)   --->   "%At_27_load = load i32 %At_27"   --->   Operation 164 'load' 'At_27_load' <Predicate = (icmp_ln30)> <Delay = 0.00>
ST_1 : Operation 165 [1/1] (0.00ns)   --->   "%At_28_load = load i32 %At_28"   --->   Operation 165 'load' 'At_28_load' <Predicate = (icmp_ln30)> <Delay = 0.00>
ST_1 : Operation 166 [1/1] (0.00ns)   --->   "%At_29_load = load i32 %At_29"   --->   Operation 166 'load' 'At_29_load' <Predicate = (icmp_ln30)> <Delay = 0.00>
ST_1 : Operation 167 [1/1] (0.00ns)   --->   "%At_30_load = load i32 %At_30"   --->   Operation 167 'load' 'At_30_load' <Predicate = (icmp_ln30)> <Delay = 0.00>
ST_1 : Operation 168 [1/1] (0.00ns)   --->   "%At_31_load = load i32 %At_31"   --->   Operation 168 'load' 'At_31_load' <Predicate = (icmp_ln30)> <Delay = 0.00>
ST_1 : Operation 169 [1/1] (0.00ns)   --->   "%At_32_load = load i32 %At_32"   --->   Operation 169 'load' 'At_32_load' <Predicate = (icmp_ln30)> <Delay = 0.00>
ST_1 : Operation 170 [1/1] (0.00ns)   --->   "%At_33_load = load i32 %At_33"   --->   Operation 170 'load' 'At_33_load' <Predicate = (icmp_ln30)> <Delay = 0.00>
ST_1 : Operation 171 [1/1] (0.00ns)   --->   "%At_34_load = load i32 %At_34"   --->   Operation 171 'load' 'At_34_load' <Predicate = (icmp_ln30)> <Delay = 0.00>
ST_1 : Operation 172 [1/1] (0.00ns)   --->   "%At_35_load = load i32 %At_35"   --->   Operation 172 'load' 'At_35_load' <Predicate = (icmp_ln30)> <Delay = 0.00>
ST_1 : Operation 173 [1/1] (0.00ns)   --->   "%write_ln0 = write void @_ssdm_op_Write.ap_auto.floatP0A, i32 %At_35_out, i32 %At_35_load"   --->   Operation 173 'write' 'write_ln0' <Predicate = (icmp_ln30)> <Delay = 0.00>
ST_1 : Operation 174 [1/1] (0.00ns)   --->   "%write_ln0 = write void @_ssdm_op_Write.ap_auto.floatP0A, i32 %At_34_out, i32 %At_34_load"   --->   Operation 174 'write' 'write_ln0' <Predicate = (icmp_ln30)> <Delay = 0.00>
ST_1 : Operation 175 [1/1] (0.00ns)   --->   "%write_ln0 = write void @_ssdm_op_Write.ap_auto.floatP0A, i32 %At_33_out, i32 %At_33_load"   --->   Operation 175 'write' 'write_ln0' <Predicate = (icmp_ln30)> <Delay = 0.00>
ST_1 : Operation 176 [1/1] (0.00ns)   --->   "%write_ln0 = write void @_ssdm_op_Write.ap_auto.floatP0A, i32 %At_32_out, i32 %At_32_load"   --->   Operation 176 'write' 'write_ln0' <Predicate = (icmp_ln30)> <Delay = 0.00>
ST_1 : Operation 177 [1/1] (0.00ns)   --->   "%write_ln0 = write void @_ssdm_op_Write.ap_auto.floatP0A, i32 %At_31_out, i32 %At_31_load"   --->   Operation 177 'write' 'write_ln0' <Predicate = (icmp_ln30)> <Delay = 0.00>
ST_1 : Operation 178 [1/1] (0.00ns)   --->   "%write_ln0 = write void @_ssdm_op_Write.ap_auto.floatP0A, i32 %At_30_out, i32 %At_30_load"   --->   Operation 178 'write' 'write_ln0' <Predicate = (icmp_ln30)> <Delay = 0.00>
ST_1 : Operation 179 [1/1] (0.00ns)   --->   "%write_ln0 = write void @_ssdm_op_Write.ap_auto.floatP0A, i32 %At_29_out, i32 %At_29_load"   --->   Operation 179 'write' 'write_ln0' <Predicate = (icmp_ln30)> <Delay = 0.00>
ST_1 : Operation 180 [1/1] (0.00ns)   --->   "%write_ln0 = write void @_ssdm_op_Write.ap_auto.floatP0A, i32 %At_28_out, i32 %At_28_load"   --->   Operation 180 'write' 'write_ln0' <Predicate = (icmp_ln30)> <Delay = 0.00>
ST_1 : Operation 181 [1/1] (0.00ns)   --->   "%write_ln0 = write void @_ssdm_op_Write.ap_auto.floatP0A, i32 %At_27_out, i32 %At_27_load"   --->   Operation 181 'write' 'write_ln0' <Predicate = (icmp_ln30)> <Delay = 0.00>
ST_1 : Operation 182 [1/1] (0.00ns)   --->   "%write_ln0 = write void @_ssdm_op_Write.ap_auto.floatP0A, i32 %At_26_out, i32 %At_26_load"   --->   Operation 182 'write' 'write_ln0' <Predicate = (icmp_ln30)> <Delay = 0.00>
ST_1 : Operation 183 [1/1] (0.00ns)   --->   "%write_ln0 = write void @_ssdm_op_Write.ap_auto.floatP0A, i32 %At_25_out, i32 %At_25_load"   --->   Operation 183 'write' 'write_ln0' <Predicate = (icmp_ln30)> <Delay = 0.00>
ST_1 : Operation 184 [1/1] (0.00ns)   --->   "%write_ln0 = write void @_ssdm_op_Write.ap_auto.floatP0A, i32 %At_24_out, i32 %At_24_load"   --->   Operation 184 'write' 'write_ln0' <Predicate = (icmp_ln30)> <Delay = 0.00>
ST_1 : Operation 185 [1/1] (0.00ns)   --->   "%write_ln0 = write void @_ssdm_op_Write.ap_auto.floatP0A, i32 %At_23_out, i32 %At_23_load"   --->   Operation 185 'write' 'write_ln0' <Predicate = (icmp_ln30)> <Delay = 0.00>
ST_1 : Operation 186 [1/1] (0.00ns)   --->   "%write_ln0 = write void @_ssdm_op_Write.ap_auto.floatP0A, i32 %At_22_out, i32 %At_22_load"   --->   Operation 186 'write' 'write_ln0' <Predicate = (icmp_ln30)> <Delay = 0.00>
ST_1 : Operation 187 [1/1] (0.00ns)   --->   "%write_ln0 = write void @_ssdm_op_Write.ap_auto.floatP0A, i32 %At_21_out, i32 %At_21_load"   --->   Operation 187 'write' 'write_ln0' <Predicate = (icmp_ln30)> <Delay = 0.00>
ST_1 : Operation 188 [1/1] (0.00ns)   --->   "%write_ln0 = write void @_ssdm_op_Write.ap_auto.floatP0A, i32 %At_20_out, i32 %At_20_load"   --->   Operation 188 'write' 'write_ln0' <Predicate = (icmp_ln30)> <Delay = 0.00>
ST_1 : Operation 189 [1/1] (0.00ns)   --->   "%write_ln0 = write void @_ssdm_op_Write.ap_auto.floatP0A, i32 %At_19_out, i32 %At_19_load"   --->   Operation 189 'write' 'write_ln0' <Predicate = (icmp_ln30)> <Delay = 0.00>
ST_1 : Operation 190 [1/1] (0.00ns)   --->   "%write_ln0 = write void @_ssdm_op_Write.ap_auto.floatP0A, i32 %At_18_out, i32 %At_18_load"   --->   Operation 190 'write' 'write_ln0' <Predicate = (icmp_ln30)> <Delay = 0.00>
ST_1 : Operation 191 [1/1] (0.00ns)   --->   "%write_ln0 = write void @_ssdm_op_Write.ap_auto.floatP0A, i32 %At_17_out, i32 %At_17_load"   --->   Operation 191 'write' 'write_ln0' <Predicate = (icmp_ln30)> <Delay = 0.00>
ST_1 : Operation 192 [1/1] (0.00ns)   --->   "%write_ln0 = write void @_ssdm_op_Write.ap_auto.floatP0A, i32 %At_16_out, i32 %At_16_load"   --->   Operation 192 'write' 'write_ln0' <Predicate = (icmp_ln30)> <Delay = 0.00>
ST_1 : Operation 193 [1/1] (0.00ns)   --->   "%write_ln0 = write void @_ssdm_op_Write.ap_auto.floatP0A, i32 %At_15_out, i32 %At_15_load"   --->   Operation 193 'write' 'write_ln0' <Predicate = (icmp_ln30)> <Delay = 0.00>
ST_1 : Operation 194 [1/1] (0.00ns)   --->   "%write_ln0 = write void @_ssdm_op_Write.ap_auto.floatP0A, i32 %At_14_out, i32 %At_14_load"   --->   Operation 194 'write' 'write_ln0' <Predicate = (icmp_ln30)> <Delay = 0.00>
ST_1 : Operation 195 [1/1] (0.00ns)   --->   "%write_ln0 = write void @_ssdm_op_Write.ap_auto.floatP0A, i32 %At_13_out, i32 %At_13_load"   --->   Operation 195 'write' 'write_ln0' <Predicate = (icmp_ln30)> <Delay = 0.00>
ST_1 : Operation 196 [1/1] (0.00ns)   --->   "%write_ln0 = write void @_ssdm_op_Write.ap_auto.floatP0A, i32 %At_12_out, i32 %At_12_load"   --->   Operation 196 'write' 'write_ln0' <Predicate = (icmp_ln30)> <Delay = 0.00>
ST_1 : Operation 197 [1/1] (0.00ns)   --->   "%write_ln0 = write void @_ssdm_op_Write.ap_auto.floatP0A, i32 %At_11_out, i32 %At_11_load"   --->   Operation 197 'write' 'write_ln0' <Predicate = (icmp_ln30)> <Delay = 0.00>
ST_1 : Operation 198 [1/1] (0.00ns)   --->   "%write_ln0 = write void @_ssdm_op_Write.ap_auto.floatP0A, i32 %At_10_out, i32 %At_10_load"   --->   Operation 198 'write' 'write_ln0' <Predicate = (icmp_ln30)> <Delay = 0.00>
ST_1 : Operation 199 [1/1] (0.00ns)   --->   "%write_ln0 = write void @_ssdm_op_Write.ap_auto.floatP0A, i32 %At_9_out, i32 %At_9_load"   --->   Operation 199 'write' 'write_ln0' <Predicate = (icmp_ln30)> <Delay = 0.00>
ST_1 : Operation 200 [1/1] (0.00ns)   --->   "%write_ln0 = write void @_ssdm_op_Write.ap_auto.floatP0A, i32 %At_8_out, i32 %At_8_load"   --->   Operation 200 'write' 'write_ln0' <Predicate = (icmp_ln30)> <Delay = 0.00>
ST_1 : Operation 201 [1/1] (0.00ns)   --->   "%write_ln0 = write void @_ssdm_op_Write.ap_auto.floatP0A, i32 %At_7_out, i32 %At_7_load"   --->   Operation 201 'write' 'write_ln0' <Predicate = (icmp_ln30)> <Delay = 0.00>
ST_1 : Operation 202 [1/1] (0.00ns)   --->   "%write_ln0 = write void @_ssdm_op_Write.ap_auto.floatP0A, i32 %At_6_out, i32 %At_6_load"   --->   Operation 202 'write' 'write_ln0' <Predicate = (icmp_ln30)> <Delay = 0.00>
ST_1 : Operation 203 [1/1] (0.00ns)   --->   "%write_ln0 = write void @_ssdm_op_Write.ap_auto.floatP0A, i32 %At_5_out, i32 %At_5_load"   --->   Operation 203 'write' 'write_ln0' <Predicate = (icmp_ln30)> <Delay = 0.00>
ST_1 : Operation 204 [1/1] (0.00ns)   --->   "%write_ln0 = write void @_ssdm_op_Write.ap_auto.floatP0A, i32 %At_4_out, i32 %At_4_load"   --->   Operation 204 'write' 'write_ln0' <Predicate = (icmp_ln30)> <Delay = 0.00>
ST_1 : Operation 205 [1/1] (0.00ns)   --->   "%write_ln0 = write void @_ssdm_op_Write.ap_auto.floatP0A, i32 %At_3_out, i32 %At_3_load"   --->   Operation 205 'write' 'write_ln0' <Predicate = (icmp_ln30)> <Delay = 0.00>
ST_1 : Operation 206 [1/1] (0.00ns)   --->   "%write_ln0 = write void @_ssdm_op_Write.ap_auto.floatP0A, i32 %At_2_out, i32 %At_2_load"   --->   Operation 206 'write' 'write_ln0' <Predicate = (icmp_ln30)> <Delay = 0.00>
ST_1 : Operation 207 [1/1] (0.00ns)   --->   "%write_ln0 = write void @_ssdm_op_Write.ap_auto.floatP0A, i32 %At_1_out, i32 %At_1_load"   --->   Operation 207 'write' 'write_ln0' <Predicate = (icmp_ln30)> <Delay = 0.00>
ST_1 : Operation 208 [1/1] (0.00ns)   --->   "%write_ln0 = write void @_ssdm_op_Write.ap_auto.floatP0A, i32 %At_out, i32 %At_load"   --->   Operation 208 'write' 'write_ln0' <Predicate = (icmp_ln30)> <Delay = 0.00>
ST_1 : Operation 209 [1/1] (0.00ns)   --->   "%ret_ln0 = ret"   --->   Operation 209 'ret' 'ret_ln0' <Predicate = (icmp_ln30)> <Delay = 0.00>


============================================================
+ Verbose Summary: Binding
============================================================
STG Binding: 
---------------- STG Properties BEGIN ----------------
- Is combinational: 0
- Is one-state seq: 0
- Is datapath-only: 0
- Is pipelined: 0
- Is top level: 0
Port [ Return ] is wired: 1; IO mode=ap_ctrl_hs:ce=0
Port [ A_reload]:  wired=1; compound=0; hidden=0; nouse=0; global=0; static=0; extern=0; dir=0; type=0; pingpong=0; private_global=0; IO mode=ap_none:ce=0
Port [ A_6_reload]:  wired=1; compound=0; hidden=0; nouse=0; global=0; static=0; extern=0; dir=0; type=0; pingpong=0; private_global=0; IO mode=ap_none:ce=0
Port [ A_12_reload]:  wired=1; compound=0; hidden=0; nouse=0; global=0; static=0; extern=0; dir=0; type=0; pingpong=0; private_global=0; IO mode=ap_none:ce=0
Port [ A_18_reload]:  wired=1; compound=0; hidden=0; nouse=0; global=0; static=0; extern=0; dir=0; type=0; pingpong=0; private_global=0; IO mode=ap_none:ce=0
Port [ A_24_reload]:  wired=1; compound=0; hidden=0; nouse=0; global=0; static=0; extern=0; dir=0; type=0; pingpong=0; private_global=0; IO mode=ap_none:ce=0
Port [ A_30_reload]:  wired=1; compound=0; hidden=0; nouse=0; global=0; static=0; extern=0; dir=0; type=0; pingpong=0; private_global=0; IO mode=ap_none:ce=0
Port [ A_1_reload]:  wired=1; compound=0; hidden=0; nouse=0; global=0; static=0; extern=0; dir=0; type=0; pingpong=0; private_global=0; IO mode=ap_none:ce=0
Port [ A_7_reload]:  wired=1; compound=0; hidden=0; nouse=0; global=0; static=0; extern=0; dir=0; type=0; pingpong=0; private_global=0; IO mode=ap_none:ce=0
Port [ A_13_reload]:  wired=1; compound=0; hidden=0; nouse=0; global=0; static=0; extern=0; dir=0; type=0; pingpong=0; private_global=0; IO mode=ap_none:ce=0
Port [ A_19_reload]:  wired=1; compound=0; hidden=0; nouse=0; global=0; static=0; extern=0; dir=0; type=0; pingpong=0; private_global=0; IO mode=ap_none:ce=0
Port [ A_25_reload]:  wired=1; compound=0; hidden=0; nouse=0; global=0; static=0; extern=0; dir=0; type=0; pingpong=0; private_global=0; IO mode=ap_none:ce=0
Port [ A_31_reload]:  wired=1; compound=0; hidden=0; nouse=0; global=0; static=0; extern=0; dir=0; type=0; pingpong=0; private_global=0; IO mode=ap_none:ce=0
Port [ A_2_reload]:  wired=1; compound=0; hidden=0; nouse=0; global=0; static=0; extern=0; dir=0; type=0; pingpong=0; private_global=0; IO mode=ap_none:ce=0
Port [ A_8_reload]:  wired=1; compound=0; hidden=0; nouse=0; global=0; static=0; extern=0; dir=0; type=0; pingpong=0; private_global=0; IO mode=ap_none:ce=0
Port [ A_14_reload]:  wired=1; compound=0; hidden=0; nouse=0; global=0; static=0; extern=0; dir=0; type=0; pingpong=0; private_global=0; IO mode=ap_none:ce=0
Port [ A_20_reload]:  wired=1; compound=0; hidden=0; nouse=0; global=0; static=0; extern=0; dir=0; type=0; pingpong=0; private_global=0; IO mode=ap_none:ce=0
Port [ A_26_reload]:  wired=1; compound=0; hidden=0; nouse=0; global=0; static=0; extern=0; dir=0; type=0; pingpong=0; private_global=0; IO mode=ap_none:ce=0
Port [ A_32_reload]:  wired=1; compound=0; hidden=0; nouse=0; global=0; static=0; extern=0; dir=0; type=0; pingpong=0; private_global=0; IO mode=ap_none:ce=0
Port [ A_3_reload]:  wired=1; compound=0; hidden=0; nouse=0; global=0; static=0; extern=0; dir=0; type=0; pingpong=0; private_global=0; IO mode=ap_none:ce=0
Port [ A_9_reload]:  wired=1; compound=0; hidden=0; nouse=0; global=0; static=0; extern=0; dir=0; type=0; pingpong=0; private_global=0; IO mode=ap_none:ce=0
Port [ A_15_reload]:  wired=1; compound=0; hidden=0; nouse=0; global=0; static=0; extern=0; dir=0; type=0; pingpong=0; private_global=0; IO mode=ap_none:ce=0
Port [ A_21_reload]:  wired=1; compound=0; hidden=0; nouse=0; global=0; static=0; extern=0; dir=0; type=0; pingpong=0; private_global=0; IO mode=ap_none:ce=0
Port [ A_27_reload]:  wired=1; compound=0; hidden=0; nouse=0; global=0; static=0; extern=0; dir=0; type=0; pingpong=0; private_global=0; IO mode=ap_none:ce=0
Port [ A_33_reload]:  wired=1; compound=0; hidden=0; nouse=0; global=0; static=0; extern=0; dir=0; type=0; pingpong=0; private_global=0; IO mode=ap_none:ce=0
Port [ A_4_reload]:  wired=1; compound=0; hidden=0; nouse=0; global=0; static=0; extern=0; dir=0; type=0; pingpong=0; private_global=0; IO mode=ap_none:ce=0
Port [ A_10_reload]:  wired=1; compound=0; hidden=0; nouse=0; global=0; static=0; extern=0; dir=0; type=0; pingpong=0; private_global=0; IO mode=ap_none:ce=0
Port [ A_16_reload]:  wired=1; compound=0; hidden=0; nouse=0; global=0; static=0; extern=0; dir=0; type=0; pingpong=0; private_global=0; IO mode=ap_none:ce=0
Port [ A_22_reload]:  wired=1; compound=0; hidden=0; nouse=0; global=0; static=0; extern=0; dir=0; type=0; pingpong=0; private_global=0; IO mode=ap_none:ce=0
Port [ A_28_reload]:  wired=1; compound=0; hidden=0; nouse=0; global=0; static=0; extern=0; dir=0; type=0; pingpong=0; private_global=0; IO mode=ap_none:ce=0
Port [ A_34_reload]:  wired=1; compound=0; hidden=0; nouse=0; global=0; static=0; extern=0; dir=0; type=0; pingpong=0; private_global=0; IO mode=ap_none:ce=0
Port [ A_5_reload]:  wired=1; compound=0; hidden=0; nouse=0; global=0; static=0; extern=0; dir=0; type=0; pingpong=0; private_global=0; IO mode=ap_none:ce=0
Port [ A_11_reload]:  wired=1; compound=0; hidden=0; nouse=0; global=0; static=0; extern=0; dir=0; type=0; pingpong=0; private_global=0; IO mode=ap_none:ce=0
Port [ A_17_reload]:  wired=1; compound=0; hidden=0; nouse=0; global=0; static=0; extern=0; dir=0; type=0; pingpong=0; private_global=0; IO mode=ap_none:ce=0
Port [ A_23_reload]:  wired=1; compound=0; hidden=0; nouse=0; global=0; static=0; extern=0; dir=0; type=0; pingpong=0; private_global=0; IO mode=ap_none:ce=0
Port [ A_29_reload]:  wired=1; compound=0; hidden=0; nouse=0; global=0; static=0; extern=0; dir=0; type=0; pingpong=0; private_global=0; IO mode=ap_none:ce=0
Port [ A_35_reload]:  wired=1; compound=0; hidden=0; nouse=0; global=0; static=0; extern=0; dir=0; type=0; pingpong=0; private_global=0; IO mode=ap_none:ce=0
Port [ At_35_out]:  wired=1; compound=0; hidden=0; nouse=0; global=0; static=0; extern=0; dir=1; type=0; pingpong=0; private_global=0; IO mode=ap_vld:ce=0
Port [ At_34_out]:  wired=1; compound=0; hidden=0; nouse=0; global=0; static=0; extern=0; dir=1; type=0; pingpong=0; private_global=0; IO mode=ap_vld:ce=0
Port [ At_33_out]:  wired=1; compound=0; hidden=0; nouse=0; global=0; static=0; extern=0; dir=1; type=0; pingpong=0; private_global=0; IO mode=ap_vld:ce=0
Port [ At_32_out]:  wired=1; compound=0; hidden=0; nouse=0; global=0; static=0; extern=0; dir=1; type=0; pingpong=0; private_global=0; IO mode=ap_vld:ce=0
Port [ At_31_out]:  wired=1; compound=0; hidden=0; nouse=0; global=0; static=0; extern=0; dir=1; type=0; pingpong=0; private_global=0; IO mode=ap_vld:ce=0
Port [ At_30_out]:  wired=1; compound=0; hidden=0; nouse=0; global=0; static=0; extern=0; dir=1; type=0; pingpong=0; private_global=0; IO mode=ap_vld:ce=0
Port [ At_29_out]:  wired=1; compound=0; hidden=0; nouse=0; global=0; static=0; extern=0; dir=1; type=0; pingpong=0; private_global=0; IO mode=ap_vld:ce=0
Port [ At_28_out]:  wired=1; compound=0; hidden=0; nouse=0; global=0; static=0; extern=0; dir=1; type=0; pingpong=0; private_global=0; IO mode=ap_vld:ce=0
Port [ At_27_out]:  wired=1; compound=0; hidden=0; nouse=0; global=0; static=0; extern=0; dir=1; type=0; pingpong=0; private_global=0; IO mode=ap_vld:ce=0
Port [ At_26_out]:  wired=1; compound=0; hidden=0; nouse=0; global=0; static=0; extern=0; dir=1; type=0; pingpong=0; private_global=0; IO mode=ap_vld:ce=0
Port [ At_25_out]:  wired=1; compound=0; hidden=0; nouse=0; global=0; static=0; extern=0; dir=1; type=0; pingpong=0; private_global=0; IO mode=ap_vld:ce=0
Port [ At_24_out]:  wired=1; compound=0; hidden=0; nouse=0; global=0; static=0; extern=0; dir=1; type=0; pingpong=0; private_global=0; IO mode=ap_vld:ce=0
Port [ At_23_out]:  wired=1; compound=0; hidden=0; nouse=0; global=0; static=0; extern=0; dir=1; type=0; pingpong=0; private_global=0; IO mode=ap_vld:ce=0
Port [ At_22_out]:  wired=1; compound=0; hidden=0; nouse=0; global=0; static=0; extern=0; dir=1; type=0; pingpong=0; private_global=0; IO mode=ap_vld:ce=0
Port [ At_21_out]:  wired=1; compound=0; hidden=0; nouse=0; global=0; static=0; extern=0; dir=1; type=0; pingpong=0; private_global=0; IO mode=ap_vld:ce=0
Port [ At_20_out]:  wired=1; compound=0; hidden=0; nouse=0; global=0; static=0; extern=0; dir=1; type=0; pingpong=0; private_global=0; IO mode=ap_vld:ce=0
Port [ At_19_out]:  wired=1; compound=0; hidden=0; nouse=0; global=0; static=0; extern=0; dir=1; type=0; pingpong=0; private_global=0; IO mode=ap_vld:ce=0
Port [ At_18_out]:  wired=1; compound=0; hidden=0; nouse=0; global=0; static=0; extern=0; dir=1; type=0; pingpong=0; private_global=0; IO mode=ap_vld:ce=0
Port [ At_17_out]:  wired=1; compound=0; hidden=0; nouse=0; global=0; static=0; extern=0; dir=1; type=0; pingpong=0; private_global=0; IO mode=ap_vld:ce=0
Port [ At_16_out]:  wired=1; compound=0; hidden=0; nouse=0; global=0; static=0; extern=0; dir=1; type=0; pingpong=0; private_global=0; IO mode=ap_vld:ce=0
Port [ At_15_out]:  wired=1; compound=0; hidden=0; nouse=0; global=0; static=0; extern=0; dir=1; type=0; pingpong=0; private_global=0; IO mode=ap_vld:ce=0
Port [ At_14_out]:  wired=1; compound=0; hidden=0; nouse=0; global=0; static=0; extern=0; dir=1; type=0; pingpong=0; private_global=0; IO mode=ap_vld:ce=0
Port [ At_13_out]:  wired=1; compound=0; hidden=0; nouse=0; global=0; static=0; extern=0; dir=1; type=0; pingpong=0; private_global=0; IO mode=ap_vld:ce=0
Port [ At_12_out]:  wired=1; compound=0; hidden=0; nouse=0; global=0; static=0; extern=0; dir=1; type=0; pingpong=0; private_global=0; IO mode=ap_vld:ce=0
Port [ At_11_out]:  wired=1; compound=0; hidden=0; nouse=0; global=0; static=0; extern=0; dir=1; type=0; pingpong=0; private_global=0; IO mode=ap_vld:ce=0
Port [ At_10_out]:  wired=1; compound=0; hidden=0; nouse=0; global=0; static=0; extern=0; dir=1; type=0; pingpong=0; private_global=0; IO mode=ap_vld:ce=0
Port [ At_9_out]:  wired=1; compound=0; hidden=0; nouse=0; global=0; static=0; extern=0; dir=1; type=0; pingpong=0; private_global=0; IO mode=ap_vld:ce=0
Port [ At_8_out]:  wired=1; compound=0; hidden=0; nouse=0; global=0; static=0; extern=0; dir=1; type=0; pingpong=0; private_global=0; IO mode=ap_vld:ce=0
Port [ At_7_out]:  wired=1; compound=0; hidden=0; nouse=0; global=0; static=0; extern=0; dir=1; type=0; pingpong=0; private_global=0; IO mode=ap_vld:ce=0
Port [ At_6_out]:  wired=1; compound=0; hidden=0; nouse=0; global=0; static=0; extern=0; dir=1; type=0; pingpong=0; private_global=0; IO mode=ap_vld:ce=0
Port [ At_5_out]:  wired=1; compound=0; hidden=0; nouse=0; global=0; static=0; extern=0; dir=1; type=0; pingpong=0; private_global=0; IO mode=ap_vld:ce=0
Port [ At_4_out]:  wired=1; compound=0; hidden=0; nouse=0; global=0; static=0; extern=0; dir=1; type=0; pingpong=0; private_global=0; IO mode=ap_vld:ce=0
Port [ At_3_out]:  wired=1; compound=0; hidden=0; nouse=0; global=0; static=0; extern=0; dir=1; type=0; pingpong=0; private_global=0; IO mode=ap_vld:ce=0
Port [ At_2_out]:  wired=1; compound=0; hidden=0; nouse=0; global=0; static=0; extern=0; dir=1; type=0; pingpong=0; private_global=0; IO mode=ap_vld:ce=0
Port [ At_1_out]:  wired=1; compound=0; hidden=0; nouse=0; global=0; static=0; extern=0; dir=1; type=0; pingpong=0; private_global=0; IO mode=ap_vld:ce=0
Port [ At_out]:  wired=1; compound=0; hidden=0; nouse=0; global=0; static=0; extern=0; dir=1; type=0; pingpong=0; private_global=0; IO mode=ap_vld:ce=0
---------------- STG Properties END ------------------

---------------- Datapath Model BEGIN ----------------

<LifeTime>
<method=bitvector/>
i                       (alloca           ) [ 01]
At                      (alloca           ) [ 01]
At_1                    (alloca           ) [ 01]
At_2                    (alloca           ) [ 01]
At_3                    (alloca           ) [ 01]
At_4                    (alloca           ) [ 01]
At_5                    (alloca           ) [ 01]
At_6                    (alloca           ) [ 01]
At_7                    (alloca           ) [ 01]
At_8                    (alloca           ) [ 01]
At_9                    (alloca           ) [ 01]
At_10                   (alloca           ) [ 01]
At_11                   (alloca           ) [ 01]
At_12                   (alloca           ) [ 01]
At_13                   (alloca           ) [ 01]
At_14                   (alloca           ) [ 01]
At_15                   (alloca           ) [ 01]
At_16                   (alloca           ) [ 01]
At_17                   (alloca           ) [ 01]
At_18                   (alloca           ) [ 01]
At_19                   (alloca           ) [ 01]
At_20                   (alloca           ) [ 01]
At_21                   (alloca           ) [ 01]
At_22                   (alloca           ) [ 01]
At_23                   (alloca           ) [ 01]
At_24                   (alloca           ) [ 01]
At_25                   (alloca           ) [ 01]
At_26                   (alloca           ) [ 01]
At_27                   (alloca           ) [ 01]
At_28                   (alloca           ) [ 01]
At_29                   (alloca           ) [ 01]
At_30                   (alloca           ) [ 01]
At_31                   (alloca           ) [ 01]
At_32                   (alloca           ) [ 01]
At_33                   (alloca           ) [ 01]
At_34                   (alloca           ) [ 01]
At_35                   (alloca           ) [ 01]
A_35_reload_read        (read             ) [ 00]
A_29_reload_read        (read             ) [ 00]
A_23_reload_read        (read             ) [ 00]
A_17_reload_read        (read             ) [ 00]
A_11_reload_read        (read             ) [ 00]
A_5_reload_read         (read             ) [ 00]
A_34_reload_read        (read             ) [ 00]
A_28_reload_read        (read             ) [ 00]
A_22_reload_read        (read             ) [ 00]
A_16_reload_read        (read             ) [ 00]
A_10_reload_read        (read             ) [ 00]
A_4_reload_read         (read             ) [ 00]
A_33_reload_read        (read             ) [ 00]
A_27_reload_read        (read             ) [ 00]
A_21_reload_read        (read             ) [ 00]
A_15_reload_read        (read             ) [ 00]
A_9_reload_read         (read             ) [ 00]
A_3_reload_read         (read             ) [ 00]
A_32_reload_read        (read             ) [ 00]
A_26_reload_read        (read             ) [ 00]
A_20_reload_read        (read             ) [ 00]
A_14_reload_read        (read             ) [ 00]
A_8_reload_read         (read             ) [ 00]
A_2_reload_read         (read             ) [ 00]
A_31_reload_read        (read             ) [ 00]
A_25_reload_read        (read             ) [ 00]
A_19_reload_read        (read             ) [ 00]
A_13_reload_read        (read             ) [ 00]
A_7_reload_read         (read             ) [ 00]
A_1_reload_read         (read             ) [ 00]
A_30_reload_read        (read             ) [ 00]
A_24_reload_read        (read             ) [ 00]
A_18_reload_read        (read             ) [ 00]
A_12_reload_read        (read             ) [ 00]
A_6_reload_read         (read             ) [ 00]
A_reload_read           (read             ) [ 00]
store_ln0               (store            ) [ 00]
br_ln0                  (br               ) [ 00]
i_5                     (load             ) [ 01]
specpipeline_ln0        (specpipeline     ) [ 00]
icmp_ln30               (icmp             ) [ 01]
add_ln30                (add              ) [ 00]
br_ln30                 (br               ) [ 00]
speclooptripcount_ln104 (speclooptripcount) [ 00]
specloopname_ln30       (specloopname     ) [ 00]
At_41                   (mux              ) [ 00]
At_42                   (mux              ) [ 00]
At_43                   (mux              ) [ 00]
At_44                   (mux              ) [ 00]
At_45                   (mux              ) [ 00]
At_46                   (mux              ) [ 00]
switch_ln33             (switch           ) [ 00]
store_ln33              (store            ) [ 00]
store_ln33              (store            ) [ 00]
store_ln33              (store            ) [ 00]
store_ln33              (store            ) [ 00]
store_ln33              (store            ) [ 00]
store_ln33              (store            ) [ 00]
br_ln33                 (br               ) [ 00]
store_ln33              (store            ) [ 00]
store_ln33              (store            ) [ 00]
store_ln33              (store            ) [ 00]
store_ln33              (store            ) [ 00]
store_ln33              (store            ) [ 00]
store_ln33              (store            ) [ 00]
br_ln33                 (br               ) [ 00]
store_ln33              (store            ) [ 00]
store_ln33              (store            ) [ 00]
store_ln33              (store            ) [ 00]
store_ln33              (store            ) [ 00]
store_ln33              (store            ) [ 00]
store_ln33              (store            ) [ 00]
br_ln33                 (br               ) [ 00]
store_ln33              (store            ) [ 00]
store_ln33              (store            ) [ 00]
store_ln33              (store            ) [ 00]
store_ln33              (store            ) [ 00]
store_ln33              (store            ) [ 00]
store_ln33              (store            ) [ 00]
br_ln33                 (br               ) [ 00]
store_ln33              (store            ) [ 00]
store_ln33              (store            ) [ 00]
store_ln33              (store            ) [ 00]
store_ln33              (store            ) [ 00]
store_ln33              (store            ) [ 00]
store_ln33              (store            ) [ 00]
br_ln33                 (br               ) [ 00]
store_ln33              (store            ) [ 00]
store_ln33              (store            ) [ 00]
store_ln33              (store            ) [ 00]
store_ln33              (store            ) [ 00]
store_ln33              (store            ) [ 00]
store_ln33              (store            ) [ 00]
br_ln33                 (br               ) [ 00]
store_ln30              (store            ) [ 00]
br_ln30                 (br               ) [ 00]
At_load                 (load             ) [ 00]
At_1_load               (load             ) [ 00]
At_2_load               (load             ) [ 00]
At_3_load               (load             ) [ 00]
At_4_load               (load             ) [ 00]
At_5_load               (load             ) [ 00]
At_6_load               (load             ) [ 00]
At_7_load               (load             ) [ 00]
At_8_load               (load             ) [ 00]
At_9_load               (load             ) [ 00]
At_10_load              (load             ) [ 00]
At_11_load              (load             ) [ 00]
At_12_load              (load             ) [ 00]
At_13_load              (load             ) [ 00]
At_14_load              (load             ) [ 00]
At_15_load              (load             ) [ 00]
At_16_load              (load             ) [ 00]
At_17_load              (load             ) [ 00]
At_18_load              (load             ) [ 00]
At_19_load              (load             ) [ 00]
At_20_load              (load             ) [ 00]
At_21_load              (load             ) [ 00]
At_22_load              (load             ) [ 00]
At_23_load              (load             ) [ 00]
At_24_load              (load             ) [ 00]
At_25_load              (load             ) [ 00]
At_26_load              (load             ) [ 00]
At_27_load              (load             ) [ 00]
At_28_load              (load             ) [ 00]
At_29_load              (load             ) [ 00]
At_30_load              (load             ) [ 00]
At_31_load              (load             ) [ 00]
At_32_load              (load             ) [ 00]
At_33_load              (load             ) [ 00]
At_34_load              (load             ) [ 00]
At_35_load              (load             ) [ 00]
write_ln0               (write            ) [ 00]
write_ln0               (write            ) [ 00]
write_ln0               (write            ) [ 00]
write_ln0               (write            ) [ 00]
write_ln0               (write            ) [ 00]
write_ln0               (write            ) [ 00]
write_ln0               (write            ) [ 00]
write_ln0               (write            ) [ 00]
write_ln0               (write            ) [ 00]
write_ln0               (write            ) [ 00]
write_ln0               (write            ) [ 00]
write_ln0               (write            ) [ 00]
write_ln0               (write            ) [ 00]
write_ln0               (write            ) [ 00]
write_ln0               (write            ) [ 00]
write_ln0               (write            ) [ 00]
write_ln0               (write            ) [ 00]
write_ln0               (write            ) [ 00]
write_ln0               (write            ) [ 00]
write_ln0               (write            ) [ 00]
write_ln0               (write            ) [ 00]
write_ln0               (write            ) [ 00]
write_ln0               (write            ) [ 00]
write_ln0               (write            ) [ 00]
write_ln0               (write            ) [ 00]
write_ln0               (write            ) [ 00]
write_ln0               (write            ) [ 00]
write_ln0               (write            ) [ 00]
write_ln0               (write            ) [ 00]
write_ln0               (write            ) [ 00]
write_ln0               (write            ) [ 00]
write_ln0               (write            ) [ 00]
write_ln0               (write            ) [ 00]
write_ln0               (write            ) [ 00]
write_ln0               (write            ) [ 00]
write_ln0               (write            ) [ 00]
ret_ln0                 (ret              ) [ 00]
</LifeTime>

<model>

<comp_list>
<comp id="0" class="1000" name="A_reload">
<pin_list>
<pin id="1" dir="1" index="0" bw="1" slack="0"/>
</pin_list>
<bind>
<StgValue><ssdm name="A_reload"/></StgValue>
</bind>
</comp>

<comp id="2" class="1000" name="A_6_reload">
<pin_list>
<pin id="3" dir="1" index="0" bw="1" slack="0"/>
</pin_list>
<bind>
<StgValue><ssdm name="A_6_reload"/></StgValue>
</bind>
</comp>

<comp id="4" class="1000" name="A_12_reload">
<pin_list>
<pin id="5" dir="1" index="0" bw="1" slack="0"/>
</pin_list>
<bind>
<StgValue><ssdm name="A_12_reload"/></StgValue>
</bind>
</comp>

<comp id="6" class="1000" name="A_18_reload">
<pin_list>
<pin id="7" dir="1" index="0" bw="1" slack="0"/>
</pin_list>
<bind>
<StgValue><ssdm name="A_18_reload"/></StgValue>
</bind>
</comp>

<comp id="8" class="1000" name="A_24_reload">
<pin_list>
<pin id="9" dir="1" index="0" bw="1" slack="0"/>
</pin_list>
<bind>
<StgValue><ssdm name="A_24_reload"/></StgValue>
</bind>
</comp>

<comp id="10" class="1000" name="A_30_reload">
<pin_list>
<pin id="11" dir="1" index="0" bw="1" slack="0"/>
</pin_list>
<bind>
<StgValue><ssdm name="A_30_reload"/></StgValue>
</bind>
</comp>

<comp id="12" class="1000" name="A_1_reload">
<pin_list>
<pin id="13" dir="1" index="0" bw="1" slack="0"/>
</pin_list>
<bind>
<StgValue><ssdm name="A_1_reload"/></StgValue>
</bind>
</comp>

<comp id="14" class="1000" name="A_7_reload">
<pin_list>
<pin id="15" dir="1" index="0" bw="1" slack="0"/>
</pin_list>
<bind>
<StgValue><ssdm name="A_7_reload"/></StgValue>
</bind>
</comp>

<comp id="16" class="1000" name="A_13_reload">
<pin_list>
<pin id="17" dir="1" index="0" bw="1" slack="0"/>
</pin_list>
<bind>
<StgValue><ssdm name="A_13_reload"/></StgValue>
</bind>
</comp>

<comp id="18" class="1000" name="A_19_reload">
<pin_list>
<pin id="19" dir="1" index="0" bw="1" slack="0"/>
</pin_list>
<bind>
<StgValue><ssdm name="A_19_reload"/></StgValue>
</bind>
</comp>

<comp id="20" class="1000" name="A_25_reload">
<pin_list>
<pin id="21" dir="1" index="0" bw="1" slack="0"/>
</pin_list>
<bind>
<StgValue><ssdm name="A_25_reload"/></StgValue>
</bind>
</comp>

<comp id="22" class="1000" name="A_31_reload">
<pin_list>
<pin id="23" dir="1" index="0" bw="1" slack="0"/>
</pin_list>
<bind>
<StgValue><ssdm name="A_31_reload"/></StgValue>
</bind>
</comp>

<comp id="24" class="1000" name="A_2_reload">
<pin_list>
<pin id="25" dir="1" index="0" bw="1" slack="0"/>
</pin_list>
<bind>
<StgValue><ssdm name="A_2_reload"/></StgValue>
</bind>
</comp>

<comp id="26" class="1000" name="A_8_reload">
<pin_list>
<pin id="27" dir="1" index="0" bw="1" slack="0"/>
</pin_list>
<bind>
<StgValue><ssdm name="A_8_reload"/></StgValue>
</bind>
</comp>

<comp id="28" class="1000" name="A_14_reload">
<pin_list>
<pin id="29" dir="1" index="0" bw="1" slack="0"/>
</pin_list>
<bind>
<StgValue><ssdm name="A_14_reload"/></StgValue>
</bind>
</comp>

<comp id="30" class="1000" name="A_20_reload">
<pin_list>
<pin id="31" dir="1" index="0" bw="1" slack="0"/>
</pin_list>
<bind>
<StgValue><ssdm name="A_20_reload"/></StgValue>
</bind>
</comp>

<comp id="32" class="1000" name="A_26_reload">
<pin_list>
<pin id="33" dir="1" index="0" bw="1" slack="0"/>
</pin_list>
<bind>
<StgValue><ssdm name="A_26_reload"/></StgValue>
</bind>
</comp>

<comp id="34" class="1000" name="A_32_reload">
<pin_list>
<pin id="35" dir="1" index="0" bw="1" slack="0"/>
</pin_list>
<bind>
<StgValue><ssdm name="A_32_reload"/></StgValue>
</bind>
</comp>

<comp id="36" class="1000" name="A_3_reload">
<pin_list>
<pin id="37" dir="1" index="0" bw="1" slack="0"/>
</pin_list>
<bind>
<StgValue><ssdm name="A_3_reload"/></StgValue>
</bind>
</comp>

<comp id="38" class="1000" name="A_9_reload">
<pin_list>
<pin id="39" dir="1" index="0" bw="1" slack="0"/>
</pin_list>
<bind>
<StgValue><ssdm name="A_9_reload"/></StgValue>
</bind>
</comp>

<comp id="40" class="1000" name="A_15_reload">
<pin_list>
<pin id="41" dir="1" index="0" bw="1" slack="0"/>
</pin_list>
<bind>
<StgValue><ssdm name="A_15_reload"/></StgValue>
</bind>
</comp>

<comp id="42" class="1000" name="A_21_reload">
<pin_list>
<pin id="43" dir="1" index="0" bw="1" slack="0"/>
</pin_list>
<bind>
<StgValue><ssdm name="A_21_reload"/></StgValue>
</bind>
</comp>

<comp id="44" class="1000" name="A_27_reload">
<pin_list>
<pin id="45" dir="1" index="0" bw="1" slack="0"/>
</pin_list>
<bind>
<StgValue><ssdm name="A_27_reload"/></StgValue>
</bind>
</comp>

<comp id="46" class="1000" name="A_33_reload">
<pin_list>
<pin id="47" dir="1" index="0" bw="1" slack="0"/>
</pin_list>
<bind>
<StgValue><ssdm name="A_33_reload"/></StgValue>
</bind>
</comp>

<comp id="48" class="1000" name="A_4_reload">
<pin_list>
<pin id="49" dir="1" index="0" bw="1" slack="0"/>
</pin_list>
<bind>
<StgValue><ssdm name="A_4_reload"/></StgValue>
</bind>
</comp>

<comp id="50" class="1000" name="A_10_reload">
<pin_list>
<pin id="51" dir="1" index="0" bw="1" slack="0"/>
</pin_list>
<bind>
<StgValue><ssdm name="A_10_reload"/></StgValue>
</bind>
</comp>

<comp id="52" class="1000" name="A_16_reload">
<pin_list>
<pin id="53" dir="1" index="0" bw="1" slack="0"/>
</pin_list>
<bind>
<StgValue><ssdm name="A_16_reload"/></StgValue>
</bind>
</comp>

<comp id="54" class="1000" name="A_22_reload">
<pin_list>
<pin id="55" dir="1" index="0" bw="1" slack="0"/>
</pin_list>
<bind>
<StgValue><ssdm name="A_22_reload"/></StgValue>
</bind>
</comp>

<comp id="56" class="1000" name="A_28_reload">
<pin_list>
<pin id="57" dir="1" index="0" bw="1" slack="0"/>
</pin_list>
<bind>
<StgValue><ssdm name="A_28_reload"/></StgValue>
</bind>
</comp>

<comp id="58" class="1000" name="A_34_reload">
<pin_list>
<pin id="59" dir="1" index="0" bw="1" slack="0"/>
</pin_list>
<bind>
<StgValue><ssdm name="A_34_reload"/></StgValue>
</bind>
</comp>

<comp id="60" class="1000" name="A_5_reload">
<pin_list>
<pin id="61" dir="1" index="0" bw="1" slack="0"/>
</pin_list>
<bind>
<StgValue><ssdm name="A_5_reload"/></StgValue>
</bind>
</comp>

<comp id="62" class="1000" name="A_11_reload">
<pin_list>
<pin id="63" dir="1" index="0" bw="1" slack="0"/>
</pin_list>
<bind>
<StgValue><ssdm name="A_11_reload"/></StgValue>
</bind>
</comp>

<comp id="64" class="1000" name="A_17_reload">
<pin_list>
<pin id="65" dir="1" index="0" bw="1" slack="0"/>
</pin_list>
<bind>
<StgValue><ssdm name="A_17_reload"/></StgValue>
</bind>
</comp>

<comp id="66" class="1000" name="A_23_reload">
<pin_list>
<pin id="67" dir="1" index="0" bw="1" slack="0"/>
</pin_list>
<bind>
<StgValue><ssdm name="A_23_reload"/></StgValue>
</bind>
</comp>

<comp id="68" class="1000" name="A_29_reload">
<pin_list>
<pin id="69" dir="1" index="0" bw="1" slack="0"/>
</pin_list>
<bind>
<StgValue><ssdm name="A_29_reload"/></StgValue>
</bind>
</comp>

<comp id="70" class="1000" name="A_35_reload">
<pin_list>
<pin id="71" dir="1" index="0" bw="1" slack="0"/>
</pin_list>
<bind>
<StgValue><ssdm name="A_35_reload"/></StgValue>
</bind>
</comp>

<comp id="72" class="1000" name="At_35_out">
<pin_list>
<pin id="73" dir="1" index="0" bw="1" slack="0"/>
</pin_list>
<bind>
<StgValue><ssdm name="At_35_out"/></StgValue>
</bind>
</comp>

<comp id="74" class="1000" name="At_34_out">
<pin_list>
<pin id="75" dir="1" index="0" bw="1" slack="0"/>
</pin_list>
<bind>
<StgValue><ssdm name="At_34_out"/></StgValue>
</bind>
</comp>

<comp id="76" class="1000" name="At_33_out">
<pin_list>
<pin id="77" dir="1" index="0" bw="1" slack="0"/>
</pin_list>
<bind>
<StgValue><ssdm name="At_33_out"/></StgValue>
</bind>
</comp>

<comp id="78" class="1000" name="At_32_out">
<pin_list>
<pin id="79" dir="1" index="0" bw="1" slack="0"/>
</pin_list>
<bind>
<StgValue><ssdm name="At_32_out"/></StgValue>
</bind>
</comp>

<comp id="80" class="1000" name="At_31_out">
<pin_list>
<pin id="81" dir="1" index="0" bw="1" slack="0"/>
</pin_list>
<bind>
<StgValue><ssdm name="At_31_out"/></StgValue>
</bind>
</comp>

<comp id="82" class="1000" name="At_30_out">
<pin_list>
<pin id="83" dir="1" index="0" bw="1" slack="0"/>
</pin_list>
<bind>
<StgValue><ssdm name="At_30_out"/></StgValue>
</bind>
</comp>

<comp id="84" class="1000" name="At_29_out">
<pin_list>
<pin id="85" dir="1" index="0" bw="1" slack="0"/>
</pin_list>
<bind>
<StgValue><ssdm name="At_29_out"/></StgValue>
</bind>
</comp>

<comp id="86" class="1000" name="At_28_out">
<pin_list>
<pin id="87" dir="1" index="0" bw="1" slack="0"/>
</pin_list>
<bind>
<StgValue><ssdm name="At_28_out"/></StgValue>
</bind>
</comp>

<comp id="88" class="1000" name="At_27_out">
<pin_list>
<pin id="89" dir="1" index="0" bw="1" slack="0"/>
</pin_list>
<bind>
<StgValue><ssdm name="At_27_out"/></StgValue>
</bind>
</comp>

<comp id="90" class="1000" name="At_26_out">
<pin_list>
<pin id="91" dir="1" index="0" bw="1" slack="0"/>
</pin_list>
<bind>
<StgValue><ssdm name="At_26_out"/></StgValue>
</bind>
</comp>

<comp id="92" class="1000" name="At_25_out">
<pin_list>
<pin id="93" dir="1" index="0" bw="1" slack="0"/>
</pin_list>
<bind>
<StgValue><ssdm name="At_25_out"/></StgValue>
</bind>
</comp>

<comp id="94" class="1000" name="At_24_out">
<pin_list>
<pin id="95" dir="1" index="0" bw="1" slack="0"/>
</pin_list>
<bind>
<StgValue><ssdm name="At_24_out"/></StgValue>
</bind>
</comp>

<comp id="96" class="1000" name="At_23_out">
<pin_list>
<pin id="97" dir="1" index="0" bw="1" slack="0"/>
</pin_list>
<bind>
<StgValue><ssdm name="At_23_out"/></StgValue>
</bind>
</comp>

<comp id="98" class="1000" name="At_22_out">
<pin_list>
<pin id="99" dir="1" index="0" bw="1" slack="0"/>
</pin_list>
<bind>
<StgValue><ssdm name="At_22_out"/></StgValue>
</bind>
</comp>

<comp id="100" class="1000" name="At_21_out">
<pin_list>
<pin id="101" dir="1" index="0" bw="1" slack="0"/>
</pin_list>
<bind>
<StgValue><ssdm name="At_21_out"/></StgValue>
</bind>
</comp>

<comp id="102" class="1000" name="At_20_out">
<pin_list>
<pin id="103" dir="1" index="0" bw="1" slack="0"/>
</pin_list>
<bind>
<StgValue><ssdm name="At_20_out"/></StgValue>
</bind>
</comp>

<comp id="104" class="1000" name="At_19_out">
<pin_list>
<pin id="105" dir="1" index="0" bw="1" slack="0"/>
</pin_list>
<bind>
<StgValue><ssdm name="At_19_out"/></StgValue>
</bind>
</comp>

<comp id="106" class="1000" name="At_18_out">
<pin_list>
<pin id="107" dir="1" index="0" bw="1" slack="0"/>
</pin_list>
<bind>
<StgValue><ssdm name="At_18_out"/></StgValue>
</bind>
</comp>

<comp id="108" class="1000" name="At_17_out">
<pin_list>
<pin id="109" dir="1" index="0" bw="1" slack="0"/>
</pin_list>
<bind>
<StgValue><ssdm name="At_17_out"/></StgValue>
</bind>
</comp>

<comp id="110" class="1000" name="At_16_out">
<pin_list>
<pin id="111" dir="1" index="0" bw="1" slack="0"/>
</pin_list>
<bind>
<StgValue><ssdm name="At_16_out"/></StgValue>
</bind>
</comp>

<comp id="112" class="1000" name="At_15_out">
<pin_list>
<pin id="113" dir="1" index="0" bw="1" slack="0"/>
</pin_list>
<bind>
<StgValue><ssdm name="At_15_out"/></StgValue>
</bind>
</comp>

<comp id="114" class="1000" name="At_14_out">
<pin_list>
<pin id="115" dir="1" index="0" bw="1" slack="0"/>
</pin_list>
<bind>
<StgValue><ssdm name="At_14_out"/></StgValue>
</bind>
</comp>

<comp id="116" class="1000" name="At_13_out">
<pin_list>
<pin id="117" dir="1" index="0" bw="1" slack="0"/>
</pin_list>
<bind>
<StgValue><ssdm name="At_13_out"/></StgValue>
</bind>
</comp>

<comp id="118" class="1000" name="At_12_out">
<pin_list>
<pin id="119" dir="1" index="0" bw="1" slack="0"/>
</pin_list>
<bind>
<StgValue><ssdm name="At_12_out"/></StgValue>
</bind>
</comp>

<comp id="120" class="1000" name="At_11_out">
<pin_list>
<pin id="121" dir="1" index="0" bw="1" slack="0"/>
</pin_list>
<bind>
<StgValue><ssdm name="At_11_out"/></StgValue>
</bind>
</comp>

<comp id="122" class="1000" name="At_10_out">
<pin_list>
<pin id="123" dir="1" index="0" bw="1" slack="0"/>
</pin_list>
<bind>
<StgValue><ssdm name="At_10_out"/></StgValue>
</bind>
</comp>

<comp id="124" class="1000" name="At_9_out">
<pin_list>
<pin id="125" dir="1" index="0" bw="1" slack="0"/>
</pin_list>
<bind>
<StgValue><ssdm name="At_9_out"/></StgValue>
</bind>
</comp>

<comp id="126" class="1000" name="At_8_out">
<pin_list>
<pin id="127" dir="1" index="0" bw="1" slack="0"/>
</pin_list>
<bind>
<StgValue><ssdm name="At_8_out"/></StgValue>
</bind>
</comp>

<comp id="128" class="1000" name="At_7_out">
<pin_list>
<pin id="129" dir="1" index="0" bw="1" slack="0"/>
</pin_list>
<bind>
<StgValue><ssdm name="At_7_out"/></StgValue>
</bind>
</comp>

<comp id="130" class="1000" name="At_6_out">
<pin_list>
<pin id="131" dir="1" index="0" bw="1" slack="0"/>
</pin_list>
<bind>
<StgValue><ssdm name="At_6_out"/></StgValue>
</bind>
</comp>

<comp id="132" class="1000" name="At_5_out">
<pin_list>
<pin id="133" dir="1" index="0" bw="1" slack="0"/>
</pin_list>
<bind>
<StgValue><ssdm name="At_5_out"/></StgValue>
</bind>
</comp>

<comp id="134" class="1000" name="At_4_out">
<pin_list>
<pin id="135" dir="1" index="0" bw="1" slack="0"/>
</pin_list>
<bind>
<StgValue><ssdm name="At_4_out"/></StgValue>
</bind>
</comp>

<comp id="136" class="1000" name="At_3_out">
<pin_list>
<pin id="137" dir="1" index="0" bw="1" slack="0"/>
</pin_list>
<bind>
<StgValue><ssdm name="At_3_out"/></StgValue>
</bind>
</comp>

<comp id="138" class="1000" name="At_2_out">
<pin_list>
<pin id="139" dir="1" index="0" bw="1" slack="0"/>
</pin_list>
<bind>
<StgValue><ssdm name="At_2_out"/></StgValue>
</bind>
</comp>

<comp id="140" class="1000" name="At_1_out">
<pin_list>
<pin id="141" dir="1" index="0" bw="1" slack="0"/>
</pin_list>
<bind>
<StgValue><ssdm name="At_1_out"/></StgValue>
</bind>
</comp>

<comp id="142" class="1000" name="At_out">
<pin_list>
<pin id="143" dir="1" index="0" bw="1" slack="0"/>
</pin_list>
<bind>
<StgValue><ssdm name="At_out"/></StgValue>
</bind>
</comp>

<comp id="144" class="1001" name="const_144">
<pin_list>
<pin id="145" dir="1" index="0" bw="1" slack="0"/>
</pin_list>
<bind>
<StgValue><ssdm name=""/></StgValue>
</bind>
</comp>

<comp id="146" class="1001" name="const_146">
<pin_list>
<pin id="147" dir="1" index="0" bw="1" slack="0"/>
</pin_list>
<bind>
<StgValue><ssdm name="_ssdm_op_Read.ap_auto.float"/></StgValue>
</bind>
</comp>

<comp id="148" class="1001" name="const_148">
<pin_list>
<pin id="149" dir="1" index="0" bw="1" slack="0"/>
</pin_list>
<bind>
<StgValue><ssdm name=""/></StgValue>
</bind>
</comp>

<comp id="150" class="1001" name="const_150">
<pin_list>
<pin id="151" dir="1" index="0" bw="1" slack="2147483647"/>
</pin_list>
<bind>
<StgValue><ssdm name="_ssdm_op_SpecPipeline"/></StgValue>
</bind>
</comp>

<comp id="152" class="1001" name="const_152">
<pin_list>
<pin id="153" dir="1" index="0" bw="1" slack="2147483647"/>
</pin_list>
<bind>
<StgValue><ssdm name=""/></StgValue>
</bind>
</comp>

<comp id="154" class="1001" name="const_154">
<pin_list>
<pin id="155" dir="1" index="0" bw="1" slack="2147483647"/>
</pin_list>
<bind>
<StgValue><ssdm name=""/></StgValue>
</bind>
</comp>

<comp id="156" class="1001" name="const_156">
<pin_list>
<pin id="157" dir="1" index="0" bw="1" slack="2147483647"/>
</pin_list>
<bind>
<StgValue><ssdm name="p_str"/></StgValue>
</bind>
</comp>

<comp id="158" class="1001" name="const_158">
<pin_list>
<pin id="159" dir="1" index="0" bw="1" slack="0"/>
</pin_list>
<bind>
<StgValue><ssdm name=""/></StgValue>
</bind>
</comp>

<comp id="160" class="1001" name="const_160">
<pin_list>
<pin id="161" dir="1" index="0" bw="1" slack="0"/>
</pin_list>
<bind>
<StgValue><ssdm name=""/></StgValue>
</bind>
</comp>

<comp id="162" class="1001" name="const_162">
<pin_list>
<pin id="163" dir="1" index="0" bw="1" slack="2147483647"/>
</pin_list>
<bind>
<StgValue><ssdm name="_ssdm_op_SpecLoopTripCount"/></StgValue>
</bind>
</comp>

<comp id="164" class="1001" name="const_164">
<pin_list>
<pin id="165" dir="1" index="0" bw="1" slack="2147483647"/>
</pin_list>
<bind>
<StgValue><ssdm name=""/></StgValue>
</bind>
</comp>

<comp id="166" class="1001" name="const_166">
<pin_list>
<pin id="167" dir="1" index="0" bw="1" slack="2147483647"/>
</pin_list>
<bind>
<StgValue><ssdm name="_ssdm_op_SpecLoopName"/></StgValue>
</bind>
</comp>

<comp id="168" class="1001" name="const_168">
<pin_list>
<pin id="169" dir="1" index="0" bw="1" slack="2147483647"/>
</pin_list>
<bind>
<StgValue><ssdm name="empty_11"/></StgValue>
</bind>
</comp>

<comp id="170" class="1001" name="const_170">
<pin_list>
<pin id="171" dir="1" index="0" bw="1" slack="0"/>
</pin_list>
<bind>
<StgValue><ssdm name="_ssdm_op_Mux.ap_auto.6f32.i3"/></StgValue>
</bind>
</comp>

<comp id="172" class="1001" name="const_172">
<pin_list>
<pin id="173" dir="1" index="0" bw="1" slack="2147483647"/>
</pin_list>
<bind>
<StgValue><ssdm name=""/></StgValue>
</bind>
</comp>

<comp id="174" class="1001" name="const_174">
<pin_list>
<pin id="175" dir="1" index="0" bw="1" slack="2147483647"/>
</pin_list>
<bind>
<StgValue><ssdm name=""/></StgValue>
</bind>
</comp>

<comp id="176" class="1001" name="const_176">
<pin_list>
<pin id="177" dir="1" index="0" bw="1" slack="2147483647"/>
</pin_list>
<bind>
<StgValue><ssdm name=""/></StgValue>
</bind>
</comp>

<comp id="178" class="1001" name="const_178">
<pin_list>
<pin id="179" dir="1" index="0" bw="1" slack="0"/>
</pin_list>
<bind>
<StgValue><ssdm name="_ssdm_op_Write.ap_auto.floatP0A"/></StgValue>
</bind>
</comp>

<comp id="180" class="1004" name="i_fu_180">
<pin_list>
<pin id="181" dir="0" index="0" bw="1" slack="0"/>
<pin id="182" dir="1" index="1" bw="3" slack="0"/>
</pin_list>
<bind>
<opcode="alloca(26) " fcode="alloca"/>
<opset="i/1 "/>
</bind>
</comp>

<comp id="184" class="1004" name="At_fu_184">
<pin_list>
<pin id="185" dir="0" index="0" bw="1" slack="0"/>
<pin id="186" dir="1" index="1" bw="32" slack="0"/>
</pin_list>
<bind>
<opcode="alloca(26) " fcode="alloca"/>
<opset="At/1 "/>
</bind>
</comp>

<comp id="188" class="1004" name="At_1_fu_188">
<pin_list>
<pin id="189" dir="0" index="0" bw="1" slack="0"/>
<pin id="190" dir="1" index="1" bw="32" slack="0"/>
</pin_list>
<bind>
<opcode="alloca(26) " fcode="alloca"/>
<opset="At_1/1 "/>
</bind>
</comp>

<comp id="192" class="1004" name="At_2_fu_192">
<pin_list>
<pin id="193" dir="0" index="0" bw="1" slack="0"/>
<pin id="194" dir="1" index="1" bw="32" slack="0"/>
</pin_list>
<bind>
<opcode="alloca(26) " fcode="alloca"/>
<opset="At_2/1 "/>
</bind>
</comp>

<comp id="196" class="1004" name="At_3_fu_196">
<pin_list>
<pin id="197" dir="0" index="0" bw="1" slack="0"/>
<pin id="198" dir="1" index="1" bw="32" slack="0"/>
</pin_list>
<bind>
<opcode="alloca(26) " fcode="alloca"/>
<opset="At_3/1 "/>
</bind>
</comp>

<comp id="200" class="1004" name="At_4_fu_200">
<pin_list>
<pin id="201" dir="0" index="0" bw="1" slack="0"/>
<pin id="202" dir="1" index="1" bw="32" slack="0"/>
</pin_list>
<bind>
<opcode="alloca(26) " fcode="alloca"/>
<opset="At_4/1 "/>
</bind>
</comp>

<comp id="204" class="1004" name="At_5_fu_204">
<pin_list>
<pin id="205" dir="0" index="0" bw="1" slack="0"/>
<pin id="206" dir="1" index="1" bw="32" slack="0"/>
</pin_list>
<bind>
<opcode="alloca(26) " fcode="alloca"/>
<opset="At_5/1 "/>
</bind>
</comp>

<comp id="208" class="1004" name="At_6_fu_208">
<pin_list>
<pin id="209" dir="0" index="0" bw="1" slack="0"/>
<pin id="210" dir="1" index="1" bw="32" slack="0"/>
</pin_list>
<bind>
<opcode="alloca(26) " fcode="alloca"/>
<opset="At_6/1 "/>
</bind>
</comp>

<comp id="212" class="1004" name="At_7_fu_212">
<pin_list>
<pin id="213" dir="0" index="0" bw="1" slack="0"/>
<pin id="214" dir="1" index="1" bw="32" slack="0"/>
</pin_list>
<bind>
<opcode="alloca(26) " fcode="alloca"/>
<opset="At_7/1 "/>
</bind>
</comp>

<comp id="216" class="1004" name="At_8_fu_216">
<pin_list>
<pin id="217" dir="0" index="0" bw="1" slack="0"/>
<pin id="218" dir="1" index="1" bw="32" slack="0"/>
</pin_list>
<bind>
<opcode="alloca(26) " fcode="alloca"/>
<opset="At_8/1 "/>
</bind>
</comp>

<comp id="220" class="1004" name="At_9_fu_220">
<pin_list>
<pin id="221" dir="0" index="0" bw="1" slack="0"/>
<pin id="222" dir="1" index="1" bw="32" slack="0"/>
</pin_list>
<bind>
<opcode="alloca(26) " fcode="alloca"/>
<opset="At_9/1 "/>
</bind>
</comp>

<comp id="224" class="1004" name="At_10_fu_224">
<pin_list>
<pin id="225" dir="0" index="0" bw="1" slack="0"/>
<pin id="226" dir="1" index="1" bw="32" slack="0"/>
</pin_list>
<bind>
<opcode="alloca(26) " fcode="alloca"/>
<opset="At_10/1 "/>
</bind>
</comp>

<comp id="228" class="1004" name="At_11_fu_228">
<pin_list>
<pin id="229" dir="0" index="0" bw="1" slack="0"/>
<pin id="230" dir="1" index="1" bw="32" slack="0"/>
</pin_list>
<bind>
<opcode="alloca(26) " fcode="alloca"/>
<opset="At_11/1 "/>
</bind>
</comp>

<comp id="232" class="1004" name="At_12_fu_232">
<pin_list>
<pin id="233" dir="0" index="0" bw="1" slack="0"/>
<pin id="234" dir="1" index="1" bw="32" slack="0"/>
</pin_list>
<bind>
<opcode="alloca(26) " fcode="alloca"/>
<opset="At_12/1 "/>
</bind>
</comp>

<comp id="236" class="1004" name="At_13_fu_236">
<pin_list>
<pin id="237" dir="0" index="0" bw="1" slack="0"/>
<pin id="238" dir="1" index="1" bw="32" slack="0"/>
</pin_list>
<bind>
<opcode="alloca(26) " fcode="alloca"/>
<opset="At_13/1 "/>
</bind>
</comp>

<comp id="240" class="1004" name="At_14_fu_240">
<pin_list>
<pin id="241" dir="0" index="0" bw="1" slack="0"/>
<pin id="242" dir="1" index="1" bw="32" slack="0"/>
</pin_list>
<bind>
<opcode="alloca(26) " fcode="alloca"/>
<opset="At_14/1 "/>
</bind>
</comp>

<comp id="244" class="1004" name="At_15_fu_244">
<pin_list>
<pin id="245" dir="0" index="0" bw="1" slack="0"/>
<pin id="246" dir="1" index="1" bw="32" slack="0"/>
</pin_list>
<bind>
<opcode="alloca(26) " fcode="alloca"/>
<opset="At_15/1 "/>
</bind>
</comp>

<comp id="248" class="1004" name="At_16_fu_248">
<pin_list>
<pin id="249" dir="0" index="0" bw="1" slack="0"/>
<pin id="250" dir="1" index="1" bw="32" slack="0"/>
</pin_list>
<bind>
<opcode="alloca(26) " fcode="alloca"/>
<opset="At_16/1 "/>
</bind>
</comp>

<comp id="252" class="1004" name="At_17_fu_252">
<pin_list>
<pin id="253" dir="0" index="0" bw="1" slack="0"/>
<pin id="254" dir="1" index="1" bw="32" slack="0"/>
</pin_list>
<bind>
<opcode="alloca(26) " fcode="alloca"/>
<opset="At_17/1 "/>
</bind>
</comp>

<comp id="256" class="1004" name="At_18_fu_256">
<pin_list>
<pin id="257" dir="0" index="0" bw="1" slack="0"/>
<pin id="258" dir="1" index="1" bw="32" slack="0"/>
</pin_list>
<bind>
<opcode="alloca(26) " fcode="alloca"/>
<opset="At_18/1 "/>
</bind>
</comp>

<comp id="260" class="1004" name="At_19_fu_260">
<pin_list>
<pin id="261" dir="0" index="0" bw="1" slack="0"/>
<pin id="262" dir="1" index="1" bw="32" slack="0"/>
</pin_list>
<bind>
<opcode="alloca(26) " fcode="alloca"/>
<opset="At_19/1 "/>
</bind>
</comp>

<comp id="264" class="1004" name="At_20_fu_264">
<pin_list>
<pin id="265" dir="0" index="0" bw="1" slack="0"/>
<pin id="266" dir="1" index="1" bw="32" slack="0"/>
</pin_list>
<bind>
<opcode="alloca(26) " fcode="alloca"/>
<opset="At_20/1 "/>
</bind>
</comp>

<comp id="268" class="1004" name="At_21_fu_268">
<pin_list>
<pin id="269" dir="0" index="0" bw="1" slack="0"/>
<pin id="270" dir="1" index="1" bw="32" slack="0"/>
</pin_list>
<bind>
<opcode="alloca(26) " fcode="alloca"/>
<opset="At_21/1 "/>
</bind>
</comp>

<comp id="272" class="1004" name="At_22_fu_272">
<pin_list>
<pin id="273" dir="0" index="0" bw="1" slack="0"/>
<pin id="274" dir="1" index="1" bw="32" slack="0"/>
</pin_list>
<bind>
<opcode="alloca(26) " fcode="alloca"/>
<opset="At_22/1 "/>
</bind>
</comp>

<comp id="276" class="1004" name="At_23_fu_276">
<pin_list>
<pin id="277" dir="0" index="0" bw="1" slack="0"/>
<pin id="278" dir="1" index="1" bw="32" slack="0"/>
</pin_list>
<bind>
<opcode="alloca(26) " fcode="alloca"/>
<opset="At_23/1 "/>
</bind>
</comp>

<comp id="280" class="1004" name="At_24_fu_280">
<pin_list>
<pin id="281" dir="0" index="0" bw="1" slack="0"/>
<pin id="282" dir="1" index="1" bw="32" slack="0"/>
</pin_list>
<bind>
<opcode="alloca(26) " fcode="alloca"/>
<opset="At_24/1 "/>
</bind>
</comp>

<comp id="284" class="1004" name="At_25_fu_284">
<pin_list>
<pin id="285" dir="0" index="0" bw="1" slack="0"/>
<pin id="286" dir="1" index="1" bw="32" slack="0"/>
</pin_list>
<bind>
<opcode="alloca(26) " fcode="alloca"/>
<opset="At_25/1 "/>
</bind>
</comp>

<comp id="288" class="1004" name="At_26_fu_288">
<pin_list>
<pin id="289" dir="0" index="0" bw="1" slack="0"/>
<pin id="290" dir="1" index="1" bw="32" slack="0"/>
</pin_list>
<bind>
<opcode="alloca(26) " fcode="alloca"/>
<opset="At_26/1 "/>
</bind>
</comp>

<comp id="292" class="1004" name="At_27_fu_292">
<pin_list>
<pin id="293" dir="0" index="0" bw="1" slack="0"/>
<pin id="294" dir="1" index="1" bw="32" slack="0"/>
</pin_list>
<bind>
<opcode="alloca(26) " fcode="alloca"/>
<opset="At_27/1 "/>
</bind>
</comp>

<comp id="296" class="1004" name="At_28_fu_296">
<pin_list>
<pin id="297" dir="0" index="0" bw="1" slack="0"/>
<pin id="298" dir="1" index="1" bw="32" slack="0"/>
</pin_list>
<bind>
<opcode="alloca(26) " fcode="alloca"/>
<opset="At_28/1 "/>
</bind>
</comp>

<comp id="300" class="1004" name="At_29_fu_300">
<pin_list>
<pin id="301" dir="0" index="0" bw="1" slack="0"/>
<pin id="302" dir="1" index="1" bw="32" slack="0"/>
</pin_list>
<bind>
<opcode="alloca(26) " fcode="alloca"/>
<opset="At_29/1 "/>
</bind>
</comp>

<comp id="304" class="1004" name="At_30_fu_304">
<pin_list>
<pin id="305" dir="0" index="0" bw="1" slack="0"/>
<pin id="306" dir="1" index="1" bw="32" slack="0"/>
</pin_list>
<bind>
<opcode="alloca(26) " fcode="alloca"/>
<opset="At_30/1 "/>
</bind>
</comp>

<comp id="308" class="1004" name="At_31_fu_308">
<pin_list>
<pin id="309" dir="0" index="0" bw="1" slack="0"/>
<pin id="310" dir="1" index="1" bw="32" slack="0"/>
</pin_list>
<bind>
<opcode="alloca(26) " fcode="alloca"/>
<opset="At_31/1 "/>
</bind>
</comp>

<comp id="312" class="1004" name="At_32_fu_312">
<pin_list>
<pin id="313" dir="0" index="0" bw="1" slack="0"/>
<pin id="314" dir="1" index="1" bw="32" slack="0"/>
</pin_list>
<bind>
<opcode="alloca(26) " fcode="alloca"/>
<opset="At_32/1 "/>
</bind>
</comp>

<comp id="316" class="1004" name="At_33_fu_316">
<pin_list>
<pin id="317" dir="0" index="0" bw="1" slack="0"/>
<pin id="318" dir="1" index="1" bw="32" slack="0"/>
</pin_list>
<bind>
<opcode="alloca(26) " fcode="alloca"/>
<opset="At_33/1 "/>
</bind>
</comp>

<comp id="320" class="1004" name="At_34_fu_320">
<pin_list>
<pin id="321" dir="0" index="0" bw="1" slack="0"/>
<pin id="322" dir="1" index="1" bw="32" slack="0"/>
</pin_list>
<bind>
<opcode="alloca(26) " fcode="alloca"/>
<opset="At_34/1 "/>
</bind>
</comp>

<comp id="324" class="1004" name="At_35_fu_324">
<pin_list>
<pin id="325" dir="0" index="0" bw="1" slack="0"/>
<pin id="326" dir="1" index="1" bw="32" slack="0"/>
</pin_list>
<bind>
<opcode="alloca(26) " fcode="alloca"/>
<opset="At_35/1 "/>
</bind>
</comp>

<comp id="328" class="1004" name="A_35_reload_read_read_fu_328">
<pin_list>
<pin id="329" dir="0" index="0" bw="32" slack="0"/>
<pin id="330" dir="0" index="1" bw="32" slack="0"/>
<pin id="331" dir="1" index="2" bw="32" slack="0"/>
</pin_list>
<bind>
<opcode="read(1150) " fcode="read"/>
<opset="A_35_reload_read/1 "/>
</bind>
</comp>

<comp id="334" class="1004" name="A_29_reload_read_read_fu_334">
<pin_list>
<pin id="335" dir="0" index="0" bw="32" slack="0"/>
<pin id="336" dir="0" index="1" bw="32" slack="0"/>
<pin id="337" dir="1" index="2" bw="32" slack="0"/>
</pin_list>
<bind>
<opcode="read(1150) " fcode="read"/>
<opset="A_29_reload_read/1 "/>
</bind>
</comp>

<comp id="340" class="1004" name="A_23_reload_read_read_fu_340">
<pin_list>
<pin id="341" dir="0" index="0" bw="32" slack="0"/>
<pin id="342" dir="0" index="1" bw="32" slack="0"/>
<pin id="343" dir="1" index="2" bw="32" slack="0"/>
</pin_list>
<bind>
<opcode="read(1150) " fcode="read"/>
<opset="A_23_reload_read/1 "/>
</bind>
</comp>

<comp id="346" class="1004" name="A_17_reload_read_read_fu_346">
<pin_list>
<pin id="347" dir="0" index="0" bw="32" slack="0"/>
<pin id="348" dir="0" index="1" bw="32" slack="0"/>
<pin id="349" dir="1" index="2" bw="32" slack="0"/>
</pin_list>
<bind>
<opcode="read(1150) " fcode="read"/>
<opset="A_17_reload_read/1 "/>
</bind>
</comp>

<comp id="352" class="1004" name="A_11_reload_read_read_fu_352">
<pin_list>
<pin id="353" dir="0" index="0" bw="32" slack="0"/>
<pin id="354" dir="0" index="1" bw="32" slack="0"/>
<pin id="355" dir="1" index="2" bw="32" slack="0"/>
</pin_list>
<bind>
<opcode="read(1150) " fcode="read"/>
<opset="A_11_reload_read/1 "/>
</bind>
</comp>

<comp id="358" class="1004" name="A_5_reload_read_read_fu_358">
<pin_list>
<pin id="359" dir="0" index="0" bw="32" slack="0"/>
<pin id="360" dir="0" index="1" bw="32" slack="0"/>
<pin id="361" dir="1" index="2" bw="32" slack="0"/>
</pin_list>
<bind>
<opcode="read(1150) " fcode="read"/>
<opset="A_5_reload_read/1 "/>
</bind>
</comp>

<comp id="364" class="1004" name="A_34_reload_read_read_fu_364">
<pin_list>
<pin id="365" dir="0" index="0" bw="32" slack="0"/>
<pin id="366" dir="0" index="1" bw="32" slack="0"/>
<pin id="367" dir="1" index="2" bw="32" slack="0"/>
</pin_list>
<bind>
<opcode="read(1150) " fcode="read"/>
<opset="A_34_reload_read/1 "/>
</bind>
</comp>

<comp id="370" class="1004" name="A_28_reload_read_read_fu_370">
<pin_list>
<pin id="371" dir="0" index="0" bw="32" slack="0"/>
<pin id="372" dir="0" index="1" bw="32" slack="0"/>
<pin id="373" dir="1" index="2" bw="32" slack="0"/>
</pin_list>
<bind>
<opcode="read(1150) " fcode="read"/>
<opset="A_28_reload_read/1 "/>
</bind>
</comp>

<comp id="376" class="1004" name="A_22_reload_read_read_fu_376">
<pin_list>
<pin id="377" dir="0" index="0" bw="32" slack="0"/>
<pin id="378" dir="0" index="1" bw="32" slack="0"/>
<pin id="379" dir="1" index="2" bw="32" slack="0"/>
</pin_list>
<bind>
<opcode="read(1150) " fcode="read"/>
<opset="A_22_reload_read/1 "/>
</bind>
</comp>

<comp id="382" class="1004" name="A_16_reload_read_read_fu_382">
<pin_list>
<pin id="383" dir="0" index="0" bw="32" slack="0"/>
<pin id="384" dir="0" index="1" bw="32" slack="0"/>
<pin id="385" dir="1" index="2" bw="32" slack="0"/>
</pin_list>
<bind>
<opcode="read(1150) " fcode="read"/>
<opset="A_16_reload_read/1 "/>
</bind>
</comp>

<comp id="388" class="1004" name="A_10_reload_read_read_fu_388">
<pin_list>
<pin id="389" dir="0" index="0" bw="32" slack="0"/>
<pin id="390" dir="0" index="1" bw="32" slack="0"/>
<pin id="391" dir="1" index="2" bw="32" slack="0"/>
</pin_list>
<bind>
<opcode="read(1150) " fcode="read"/>
<opset="A_10_reload_read/1 "/>
</bind>
</comp>

<comp id="394" class="1004" name="A_4_reload_read_read_fu_394">
<pin_list>
<pin id="395" dir="0" index="0" bw="32" slack="0"/>
<pin id="396" dir="0" index="1" bw="32" slack="0"/>
<pin id="397" dir="1" index="2" bw="32" slack="0"/>
</pin_list>
<bind>
<opcode="read(1150) " fcode="read"/>
<opset="A_4_reload_read/1 "/>
</bind>
</comp>

<comp id="400" class="1004" name="A_33_reload_read_read_fu_400">
<pin_list>
<pin id="401" dir="0" index="0" bw="32" slack="0"/>
<pin id="402" dir="0" index="1" bw="32" slack="0"/>
<pin id="403" dir="1" index="2" bw="32" slack="0"/>
</pin_list>
<bind>
<opcode="read(1150) " fcode="read"/>
<opset="A_33_reload_read/1 "/>
</bind>
</comp>

<comp id="406" class="1004" name="A_27_reload_read_read_fu_406">
<pin_list>
<pin id="407" dir="0" index="0" bw="32" slack="0"/>
<pin id="408" dir="0" index="1" bw="32" slack="0"/>
<pin id="409" dir="1" index="2" bw="32" slack="0"/>
</pin_list>
<bind>
<opcode="read(1150) " fcode="read"/>
<opset="A_27_reload_read/1 "/>
</bind>
</comp>

<comp id="412" class="1004" name="A_21_reload_read_read_fu_412">
<pin_list>
<pin id="413" dir="0" index="0" bw="32" slack="0"/>
<pin id="414" dir="0" index="1" bw="32" slack="0"/>
<pin id="415" dir="1" index="2" bw="32" slack="0"/>
</pin_list>
<bind>
<opcode="read(1150) " fcode="read"/>
<opset="A_21_reload_read/1 "/>
</bind>
</comp>

<comp id="418" class="1004" name="A_15_reload_read_read_fu_418">
<pin_list>
<pin id="419" dir="0" index="0" bw="32" slack="0"/>
<pin id="420" dir="0" index="1" bw="32" slack="0"/>
<pin id="421" dir="1" index="2" bw="32" slack="0"/>
</pin_list>
<bind>
<opcode="read(1150) " fcode="read"/>
<opset="A_15_reload_read/1 "/>
</bind>
</comp>

<comp id="424" class="1004" name="A_9_reload_read_read_fu_424">
<pin_list>
<pin id="425" dir="0" index="0" bw="32" slack="0"/>
<pin id="426" dir="0" index="1" bw="32" slack="0"/>
<pin id="427" dir="1" index="2" bw="32" slack="0"/>
</pin_list>
<bind>
<opcode="read(1150) " fcode="read"/>
<opset="A_9_reload_read/1 "/>
</bind>
</comp>

<comp id="430" class="1004" name="A_3_reload_read_read_fu_430">
<pin_list>
<pin id="431" dir="0" index="0" bw="32" slack="0"/>
<pin id="432" dir="0" index="1" bw="32" slack="0"/>
<pin id="433" dir="1" index="2" bw="32" slack="0"/>
</pin_list>
<bind>
<opcode="read(1150) " fcode="read"/>
<opset="A_3_reload_read/1 "/>
</bind>
</comp>

<comp id="436" class="1004" name="A_32_reload_read_read_fu_436">
<pin_list>
<pin id="437" dir="0" index="0" bw="32" slack="0"/>
<pin id="438" dir="0" index="1" bw="32" slack="0"/>
<pin id="439" dir="1" index="2" bw="32" slack="0"/>
</pin_list>
<bind>
<opcode="read(1150) " fcode="read"/>
<opset="A_32_reload_read/1 "/>
</bind>
</comp>

<comp id="442" class="1004" name="A_26_reload_read_read_fu_442">
<pin_list>
<pin id="443" dir="0" index="0" bw="32" slack="0"/>
<pin id="444" dir="0" index="1" bw="32" slack="0"/>
<pin id="445" dir="1" index="2" bw="32" slack="0"/>
</pin_list>
<bind>
<opcode="read(1150) " fcode="read"/>
<opset="A_26_reload_read/1 "/>
</bind>
</comp>

<comp id="448" class="1004" name="A_20_reload_read_read_fu_448">
<pin_list>
<pin id="449" dir="0" index="0" bw="32" slack="0"/>
<pin id="450" dir="0" index="1" bw="32" slack="0"/>
<pin id="451" dir="1" index="2" bw="32" slack="0"/>
</pin_list>
<bind>
<opcode="read(1150) " fcode="read"/>
<opset="A_20_reload_read/1 "/>
</bind>
</comp>

<comp id="454" class="1004" name="A_14_reload_read_read_fu_454">
<pin_list>
<pin id="455" dir="0" index="0" bw="32" slack="0"/>
<pin id="456" dir="0" index="1" bw="32" slack="0"/>
<pin id="457" dir="1" index="2" bw="32" slack="0"/>
</pin_list>
<bind>
<opcode="read(1150) " fcode="read"/>
<opset="A_14_reload_read/1 "/>
</bind>
</comp>

<comp id="460" class="1004" name="A_8_reload_read_read_fu_460">
<pin_list>
<pin id="461" dir="0" index="0" bw="32" slack="0"/>
<pin id="462" dir="0" index="1" bw="32" slack="0"/>
<pin id="463" dir="1" index="2" bw="32" slack="0"/>
</pin_list>
<bind>
<opcode="read(1150) " fcode="read"/>
<opset="A_8_reload_read/1 "/>
</bind>
</comp>

<comp id="466" class="1004" name="A_2_reload_read_read_fu_466">
<pin_list>
<pin id="467" dir="0" index="0" bw="32" slack="0"/>
<pin id="468" dir="0" index="1" bw="32" slack="0"/>
<pin id="469" dir="1" index="2" bw="32" slack="0"/>
</pin_list>
<bind>
<opcode="read(1150) " fcode="read"/>
<opset="A_2_reload_read/1 "/>
</bind>
</comp>

<comp id="472" class="1004" name="A_31_reload_read_read_fu_472">
<pin_list>
<pin id="473" dir="0" index="0" bw="32" slack="0"/>
<pin id="474" dir="0" index="1" bw="32" slack="0"/>
<pin id="475" dir="1" index="2" bw="32" slack="0"/>
</pin_list>
<bind>
<opcode="read(1150) " fcode="read"/>
<opset="A_31_reload_read/1 "/>
</bind>
</comp>

<comp id="478" class="1004" name="A_25_reload_read_read_fu_478">
<pin_list>
<pin id="479" dir="0" index="0" bw="32" slack="0"/>
<pin id="480" dir="0" index="1" bw="32" slack="0"/>
<pin id="481" dir="1" index="2" bw="32" slack="0"/>
</pin_list>
<bind>
<opcode="read(1150) " fcode="read"/>
<opset="A_25_reload_read/1 "/>
</bind>
</comp>

<comp id="484" class="1004" name="A_19_reload_read_read_fu_484">
<pin_list>
<pin id="485" dir="0" index="0" bw="32" slack="0"/>
<pin id="486" dir="0" index="1" bw="32" slack="0"/>
<pin id="487" dir="1" index="2" bw="32" slack="0"/>
</pin_list>
<bind>
<opcode="read(1150) " fcode="read"/>
<opset="A_19_reload_read/1 "/>
</bind>
</comp>

<comp id="490" class="1004" name="A_13_reload_read_read_fu_490">
<pin_list>
<pin id="491" dir="0" index="0" bw="32" slack="0"/>
<pin id="492" dir="0" index="1" bw="32" slack="0"/>
<pin id="493" dir="1" index="2" bw="32" slack="0"/>
</pin_list>
<bind>
<opcode="read(1150) " fcode="read"/>
<opset="A_13_reload_read/1 "/>
</bind>
</comp>

<comp id="496" class="1004" name="A_7_reload_read_read_fu_496">
<pin_list>
<pin id="497" dir="0" index="0" bw="32" slack="0"/>
<pin id="498" dir="0" index="1" bw="32" slack="0"/>
<pin id="499" dir="1" index="2" bw="32" slack="0"/>
</pin_list>
<bind>
<opcode="read(1150) " fcode="read"/>
<opset="A_7_reload_read/1 "/>
</bind>
</comp>

<comp id="502" class="1004" name="A_1_reload_read_read_fu_502">
<pin_list>
<pin id="503" dir="0" index="0" bw="32" slack="0"/>
<pin id="504" dir="0" index="1" bw="32" slack="0"/>
<pin id="505" dir="1" index="2" bw="32" slack="0"/>
</pin_list>
<bind>
<opcode="read(1150) " fcode="read"/>
<opset="A_1_reload_read/1 "/>
</bind>
</comp>

<comp id="508" class="1004" name="A_30_reload_read_read_fu_508">
<pin_list>
<pin id="509" dir="0" index="0" bw="32" slack="0"/>
<pin id="510" dir="0" index="1" bw="32" slack="0"/>
<pin id="511" dir="1" index="2" bw="32" slack="0"/>
</pin_list>
<bind>
<opcode="read(1150) " fcode="read"/>
<opset="A_30_reload_read/1 "/>
</bind>
</comp>

<comp id="514" class="1004" name="A_24_reload_read_read_fu_514">
<pin_list>
<pin id="515" dir="0" index="0" bw="32" slack="0"/>
<pin id="516" dir="0" index="1" bw="32" slack="0"/>
<pin id="517" dir="1" index="2" bw="32" slack="0"/>
</pin_list>
<bind>
<opcode="read(1150) " fcode="read"/>
<opset="A_24_reload_read/1 "/>
</bind>
</comp>

<comp id="520" class="1004" name="A_18_reload_read_read_fu_520">
<pin_list>
<pin id="521" dir="0" index="0" bw="32" slack="0"/>
<pin id="522" dir="0" index="1" bw="32" slack="0"/>
<pin id="523" dir="1" index="2" bw="32" slack="0"/>
</pin_list>
<bind>
<opcode="read(1150) " fcode="read"/>
<opset="A_18_reload_read/1 "/>
</bind>
</comp>

<comp id="526" class="1004" name="A_12_reload_read_read_fu_526">
<pin_list>
<pin id="527" dir="0" index="0" bw="32" slack="0"/>
<pin id="528" dir="0" index="1" bw="32" slack="0"/>
<pin id="529" dir="1" index="2" bw="32" slack="0"/>
</pin_list>
<bind>
<opcode="read(1150) " fcode="read"/>
<opset="A_12_reload_read/1 "/>
</bind>
</comp>

<comp id="532" class="1004" name="A_6_reload_read_read_fu_532">
<pin_list>
<pin id="533" dir="0" index="0" bw="32" slack="0"/>
<pin id="534" dir="0" index="1" bw="32" slack="0"/>
<pin id="535" dir="1" index="2" bw="32" slack="0"/>
</pin_list>
<bind>
<opcode="read(1150) " fcode="read"/>
<opset="A_6_reload_read/1 "/>
</bind>
</comp>

<comp id="538" class="1004" name="A_reload_read_read_fu_538">
<pin_list>
<pin id="539" dir="0" index="0" bw="32" slack="0"/>
<pin id="540" dir="0" index="1" bw="32" slack="0"/>
<pin id="541" dir="1" index="2" bw="32" slack="0"/>
</pin_list>
<bind>
<opcode="read(1150) " fcode="read"/>
<opset="A_reload_read/1 "/>
</bind>
</comp>

<comp id="544" class="1004" name="write_ln0_write_fu_544">
<pin_list>
<pin id="545" dir="0" index="0" bw="0" slack="0"/>
<pin id="546" dir="0" index="1" bw="32" slack="0"/>
<pin id="547" dir="0" index="2" bw="32" slack="0"/>
<pin id="548" dir="1" index="3" bw="0" slack="2147483647"/>
</pin_list>
<bind>
<opcode="write(1151) " fcode="write"/>
<opset="write_ln0/1 "/>
</bind>
</comp>

<comp id="551" class="1004" name="write_ln0_write_fu_551">
<pin_list>
<pin id="552" dir="0" index="0" bw="0" slack="0"/>
<pin id="553" dir="0" index="1" bw="32" slack="0"/>
<pin id="554" dir="0" index="2" bw="32" slack="0"/>
<pin id="555" dir="1" index="3" bw="0" slack="2147483647"/>
</pin_list>
<bind>
<opcode="write(1151) " fcode="write"/>
<opset="write_ln0/1 "/>
</bind>
</comp>

<comp id="558" class="1004" name="write_ln0_write_fu_558">
<pin_list>
<pin id="559" dir="0" index="0" bw="0" slack="0"/>
<pin id="560" dir="0" index="1" bw="32" slack="0"/>
<pin id="561" dir="0" index="2" bw="32" slack="0"/>
<pin id="562" dir="1" index="3" bw="0" slack="2147483647"/>
</pin_list>
<bind>
<opcode="write(1151) " fcode="write"/>
<opset="write_ln0/1 "/>
</bind>
</comp>

<comp id="565" class="1004" name="write_ln0_write_fu_565">
<pin_list>
<pin id="566" dir="0" index="0" bw="0" slack="0"/>
<pin id="567" dir="0" index="1" bw="32" slack="0"/>
<pin id="568" dir="0" index="2" bw="32" slack="0"/>
<pin id="569" dir="1" index="3" bw="0" slack="2147483647"/>
</pin_list>
<bind>
<opcode="write(1151) " fcode="write"/>
<opset="write_ln0/1 "/>
</bind>
</comp>

<comp id="572" class="1004" name="write_ln0_write_fu_572">
<pin_list>
<pin id="573" dir="0" index="0" bw="0" slack="0"/>
<pin id="574" dir="0" index="1" bw="32" slack="0"/>
<pin id="575" dir="0" index="2" bw="32" slack="0"/>
<pin id="576" dir="1" index="3" bw="0" slack="2147483647"/>
</pin_list>
<bind>
<opcode="write(1151) " fcode="write"/>
<opset="write_ln0/1 "/>
</bind>
</comp>

<comp id="579" class="1004" name="write_ln0_write_fu_579">
<pin_list>
<pin id="580" dir="0" index="0" bw="0" slack="0"/>
<pin id="581" dir="0" index="1" bw="32" slack="0"/>
<pin id="582" dir="0" index="2" bw="32" slack="0"/>
<pin id="583" dir="1" index="3" bw="0" slack="2147483647"/>
</pin_list>
<bind>
<opcode="write(1151) " fcode="write"/>
<opset="write_ln0/1 "/>
</bind>
</comp>

<comp id="586" class="1004" name="write_ln0_write_fu_586">
<pin_list>
<pin id="587" dir="0" index="0" bw="0" slack="0"/>
<pin id="588" dir="0" index="1" bw="32" slack="0"/>
<pin id="589" dir="0" index="2" bw="32" slack="0"/>
<pin id="590" dir="1" index="3" bw="0" slack="2147483647"/>
</pin_list>
<bind>
<opcode="write(1151) " fcode="write"/>
<opset="write_ln0/1 "/>
</bind>
</comp>

<comp id="593" class="1004" name="write_ln0_write_fu_593">
<pin_list>
<pin id="594" dir="0" index="0" bw="0" slack="0"/>
<pin id="595" dir="0" index="1" bw="32" slack="0"/>
<pin id="596" dir="0" index="2" bw="32" slack="0"/>
<pin id="597" dir="1" index="3" bw="0" slack="2147483647"/>
</pin_list>
<bind>
<opcode="write(1151) " fcode="write"/>
<opset="write_ln0/1 "/>
</bind>
</comp>

<comp id="600" class="1004" name="write_ln0_write_fu_600">
<pin_list>
<pin id="601" dir="0" index="0" bw="0" slack="0"/>
<pin id="602" dir="0" index="1" bw="32" slack="0"/>
<pin id="603" dir="0" index="2" bw="32" slack="0"/>
<pin id="604" dir="1" index="3" bw="0" slack="2147483647"/>
</pin_list>
<bind>
<opcode="write(1151) " fcode="write"/>
<opset="write_ln0/1 "/>
</bind>
</comp>

<comp id="607" class="1004" name="write_ln0_write_fu_607">
<pin_list>
<pin id="608" dir="0" index="0" bw="0" slack="0"/>
<pin id="609" dir="0" index="1" bw="32" slack="0"/>
<pin id="610" dir="0" index="2" bw="32" slack="0"/>
<pin id="611" dir="1" index="3" bw="0" slack="2147483647"/>
</pin_list>
<bind>
<opcode="write(1151) " fcode="write"/>
<opset="write_ln0/1 "/>
</bind>
</comp>

<comp id="614" class="1004" name="write_ln0_write_fu_614">
<pin_list>
<pin id="615" dir="0" index="0" bw="0" slack="0"/>
<pin id="616" dir="0" index="1" bw="32" slack="0"/>
<pin id="617" dir="0" index="2" bw="32" slack="0"/>
<pin id="618" dir="1" index="3" bw="0" slack="2147483647"/>
</pin_list>
<bind>
<opcode="write(1151) " fcode="write"/>
<opset="write_ln0/1 "/>
</bind>
</comp>

<comp id="621" class="1004" name="write_ln0_write_fu_621">
<pin_list>
<pin id="622" dir="0" index="0" bw="0" slack="0"/>
<pin id="623" dir="0" index="1" bw="32" slack="0"/>
<pin id="624" dir="0" index="2" bw="32" slack="0"/>
<pin id="625" dir="1" index="3" bw="0" slack="2147483647"/>
</pin_list>
<bind>
<opcode="write(1151) " fcode="write"/>
<opset="write_ln0/1 "/>
</bind>
</comp>

<comp id="628" class="1004" name="write_ln0_write_fu_628">
<pin_list>
<pin id="629" dir="0" index="0" bw="0" slack="0"/>
<pin id="630" dir="0" index="1" bw="32" slack="0"/>
<pin id="631" dir="0" index="2" bw="32" slack="0"/>
<pin id="632" dir="1" index="3" bw="0" slack="2147483647"/>
</pin_list>
<bind>
<opcode="write(1151) " fcode="write"/>
<opset="write_ln0/1 "/>
</bind>
</comp>

<comp id="635" class="1004" name="write_ln0_write_fu_635">
<pin_list>
<pin id="636" dir="0" index="0" bw="0" slack="0"/>
<pin id="637" dir="0" index="1" bw="32" slack="0"/>
<pin id="638" dir="0" index="2" bw="32" slack="0"/>
<pin id="639" dir="1" index="3" bw="0" slack="2147483647"/>
</pin_list>
<bind>
<opcode="write(1151) " fcode="write"/>
<opset="write_ln0/1 "/>
</bind>
</comp>

<comp id="642" class="1004" name="write_ln0_write_fu_642">
<pin_list>
<pin id="643" dir="0" index="0" bw="0" slack="0"/>
<pin id="644" dir="0" index="1" bw="32" slack="0"/>
<pin id="645" dir="0" index="2" bw="32" slack="0"/>
<pin id="646" dir="1" index="3" bw="0" slack="2147483647"/>
</pin_list>
<bind>
<opcode="write(1151) " fcode="write"/>
<opset="write_ln0/1 "/>
</bind>
</comp>

<comp id="649" class="1004" name="write_ln0_write_fu_649">
<pin_list>
<pin id="650" dir="0" index="0" bw="0" slack="0"/>
<pin id="651" dir="0" index="1" bw="32" slack="0"/>
<pin id="652" dir="0" index="2" bw="32" slack="0"/>
<pin id="653" dir="1" index="3" bw="0" slack="2147483647"/>
</pin_list>
<bind>
<opcode="write(1151) " fcode="write"/>
<opset="write_ln0/1 "/>
</bind>
</comp>

<comp id="656" class="1004" name="write_ln0_write_fu_656">
<pin_list>
<pin id="657" dir="0" index="0" bw="0" slack="0"/>
<pin id="658" dir="0" index="1" bw="32" slack="0"/>
<pin id="659" dir="0" index="2" bw="32" slack="0"/>
<pin id="660" dir="1" index="3" bw="0" slack="2147483647"/>
</pin_list>
<bind>
<opcode="write(1151) " fcode="write"/>
<opset="write_ln0/1 "/>
</bind>
</comp>

<comp id="663" class="1004" name="write_ln0_write_fu_663">
<pin_list>
<pin id="664" dir="0" index="0" bw="0" slack="0"/>
<pin id="665" dir="0" index="1" bw="32" slack="0"/>
<pin id="666" dir="0" index="2" bw="32" slack="0"/>
<pin id="667" dir="1" index="3" bw="0" slack="2147483647"/>
</pin_list>
<bind>
<opcode="write(1151) " fcode="write"/>
<opset="write_ln0/1 "/>
</bind>
</comp>

<comp id="670" class="1004" name="write_ln0_write_fu_670">
<pin_list>
<pin id="671" dir="0" index="0" bw="0" slack="0"/>
<pin id="672" dir="0" index="1" bw="32" slack="0"/>
<pin id="673" dir="0" index="2" bw="32" slack="0"/>
<pin id="674" dir="1" index="3" bw="0" slack="2147483647"/>
</pin_list>
<bind>
<opcode="write(1151) " fcode="write"/>
<opset="write_ln0/1 "/>
</bind>
</comp>

<comp id="677" class="1004" name="write_ln0_write_fu_677">
<pin_list>
<pin id="678" dir="0" index="0" bw="0" slack="0"/>
<pin id="679" dir="0" index="1" bw="32" slack="0"/>
<pin id="680" dir="0" index="2" bw="32" slack="0"/>
<pin id="681" dir="1" index="3" bw="0" slack="2147483647"/>
</pin_list>
<bind>
<opcode="write(1151) " fcode="write"/>
<opset="write_ln0/1 "/>
</bind>
</comp>

<comp id="684" class="1004" name="write_ln0_write_fu_684">
<pin_list>
<pin id="685" dir="0" index="0" bw="0" slack="0"/>
<pin id="686" dir="0" index="1" bw="32" slack="0"/>
<pin id="687" dir="0" index="2" bw="32" slack="0"/>
<pin id="688" dir="1" index="3" bw="0" slack="2147483647"/>
</pin_list>
<bind>
<opcode="write(1151) " fcode="write"/>
<opset="write_ln0/1 "/>
</bind>
</comp>

<comp id="691" class="1004" name="write_ln0_write_fu_691">
<pin_list>
<pin id="692" dir="0" index="0" bw="0" slack="0"/>
<pin id="693" dir="0" index="1" bw="32" slack="0"/>
<pin id="694" dir="0" index="2" bw="32" slack="0"/>
<pin id="695" dir="1" index="3" bw="0" slack="2147483647"/>
</pin_list>
<bind>
<opcode="write(1151) " fcode="write"/>
<opset="write_ln0/1 "/>
</bind>
</comp>

<comp id="698" class="1004" name="write_ln0_write_fu_698">
<pin_list>
<pin id="699" dir="0" index="0" bw="0" slack="0"/>
<pin id="700" dir="0" index="1" bw="32" slack="0"/>
<pin id="701" dir="0" index="2" bw="32" slack="0"/>
<pin id="702" dir="1" index="3" bw="0" slack="2147483647"/>
</pin_list>
<bind>
<opcode="write(1151) " fcode="write"/>
<opset="write_ln0/1 "/>
</bind>
</comp>

<comp id="705" class="1004" name="write_ln0_write_fu_705">
<pin_list>
<pin id="706" dir="0" index="0" bw="0" slack="0"/>
<pin id="707" dir="0" index="1" bw="32" slack="0"/>
<pin id="708" dir="0" index="2" bw="32" slack="0"/>
<pin id="709" dir="1" index="3" bw="0" slack="2147483647"/>
</pin_list>
<bind>
<opcode="write(1151) " fcode="write"/>
<opset="write_ln0/1 "/>
</bind>
</comp>

<comp id="712" class="1004" name="write_ln0_write_fu_712">
<pin_list>
<pin id="713" dir="0" index="0" bw="0" slack="0"/>
<pin id="714" dir="0" index="1" bw="32" slack="0"/>
<pin id="715" dir="0" index="2" bw="32" slack="0"/>
<pin id="716" dir="1" index="3" bw="0" slack="2147483647"/>
</pin_list>
<bind>
<opcode="write(1151) " fcode="write"/>
<opset="write_ln0/1 "/>
</bind>
</comp>

<comp id="719" class="1004" name="write_ln0_write_fu_719">
<pin_list>
<pin id="720" dir="0" index="0" bw="0" slack="0"/>
<pin id="721" dir="0" index="1" bw="32" slack="0"/>
<pin id="722" dir="0" index="2" bw="32" slack="0"/>
<pin id="723" dir="1" index="3" bw="0" slack="2147483647"/>
</pin_list>
<bind>
<opcode="write(1151) " fcode="write"/>
<opset="write_ln0/1 "/>
</bind>
</comp>

<comp id="726" class="1004" name="write_ln0_write_fu_726">
<pin_list>
<pin id="727" dir="0" index="0" bw="0" slack="0"/>
<pin id="728" dir="0" index="1" bw="32" slack="0"/>
<pin id="729" dir="0" index="2" bw="32" slack="0"/>
<pin id="730" dir="1" index="3" bw="0" slack="2147483647"/>
</pin_list>
<bind>
<opcode="write(1151) " fcode="write"/>
<opset="write_ln0/1 "/>
</bind>
</comp>

<comp id="733" class="1004" name="write_ln0_write_fu_733">
<pin_list>
<pin id="734" dir="0" index="0" bw="0" slack="0"/>
<pin id="735" dir="0" index="1" bw="32" slack="0"/>
<pin id="736" dir="0" index="2" bw="32" slack="0"/>
<pin id="737" dir="1" index="3" bw="0" slack="2147483647"/>
</pin_list>
<bind>
<opcode="write(1151) " fcode="write"/>
<opset="write_ln0/1 "/>
</bind>
</comp>

<comp id="740" class="1004" name="write_ln0_write_fu_740">
<pin_list>
<pin id="741" dir="0" index="0" bw="0" slack="0"/>
<pin id="742" dir="0" index="1" bw="32" slack="0"/>
<pin id="743" dir="0" index="2" bw="32" slack="0"/>
<pin id="744" dir="1" index="3" bw="0" slack="2147483647"/>
</pin_list>
<bind>
<opcode="write(1151) " fcode="write"/>
<opset="write_ln0/1 "/>
</bind>
</comp>

<comp id="747" class="1004" name="write_ln0_write_fu_747">
<pin_list>
<pin id="748" dir="0" index="0" bw="0" slack="0"/>
<pin id="749" dir="0" index="1" bw="32" slack="0"/>
<pin id="750" dir="0" index="2" bw="32" slack="0"/>
<pin id="751" dir="1" index="3" bw="0" slack="2147483647"/>
</pin_list>
<bind>
<opcode="write(1151) " fcode="write"/>
<opset="write_ln0/1 "/>
</bind>
</comp>

<comp id="754" class="1004" name="write_ln0_write_fu_754">
<pin_list>
<pin id="755" dir="0" index="0" bw="0" slack="0"/>
<pin id="756" dir="0" index="1" bw="32" slack="0"/>
<pin id="757" dir="0" index="2" bw="32" slack="0"/>
<pin id="758" dir="1" index="3" bw="0" slack="2147483647"/>
</pin_list>
<bind>
<opcode="write(1151) " fcode="write"/>
<opset="write_ln0/1 "/>
</bind>
</comp>

<comp id="761" class="1004" name="write_ln0_write_fu_761">
<pin_list>
<pin id="762" dir="0" index="0" bw="0" slack="0"/>
<pin id="763" dir="0" index="1" bw="32" slack="0"/>
<pin id="764" dir="0" index="2" bw="32" slack="0"/>
<pin id="765" dir="1" index="3" bw="0" slack="2147483647"/>
</pin_list>
<bind>
<opcode="write(1151) " fcode="write"/>
<opset="write_ln0/1 "/>
</bind>
</comp>

<comp id="768" class="1004" name="write_ln0_write_fu_768">
<pin_list>
<pin id="769" dir="0" index="0" bw="0" slack="0"/>
<pin id="770" dir="0" index="1" bw="32" slack="0"/>
<pin id="771" dir="0" index="2" bw="32" slack="0"/>
<pin id="772" dir="1" index="3" bw="0" slack="2147483647"/>
</pin_list>
<bind>
<opcode="write(1151) " fcode="write"/>
<opset="write_ln0/1 "/>
</bind>
</comp>

<comp id="775" class="1004" name="write_ln0_write_fu_775">
<pin_list>
<pin id="776" dir="0" index="0" bw="0" slack="0"/>
<pin id="777" dir="0" index="1" bw="32" slack="0"/>
<pin id="778" dir="0" index="2" bw="32" slack="0"/>
<pin id="779" dir="1" index="3" bw="0" slack="2147483647"/>
</pin_list>
<bind>
<opcode="write(1151) " fcode="write"/>
<opset="write_ln0/1 "/>
</bind>
</comp>

<comp id="782" class="1004" name="write_ln0_write_fu_782">
<pin_list>
<pin id="783" dir="0" index="0" bw="0" slack="0"/>
<pin id="784" dir="0" index="1" bw="32" slack="0"/>
<pin id="785" dir="0" index="2" bw="32" slack="0"/>
<pin id="786" dir="1" index="3" bw="0" slack="2147483647"/>
</pin_list>
<bind>
<opcode="write(1151) " fcode="write"/>
<opset="write_ln0/1 "/>
</bind>
</comp>

<comp id="789" class="1004" name="write_ln0_write_fu_789">
<pin_list>
<pin id="790" dir="0" index="0" bw="0" slack="0"/>
<pin id="791" dir="0" index="1" bw="32" slack="0"/>
<pin id="792" dir="0" index="2" bw="32" slack="0"/>
<pin id="793" dir="1" index="3" bw="0" slack="2147483647"/>
</pin_list>
<bind>
<opcode="write(1151) " fcode="write"/>
<opset="write_ln0/1 "/>
</bind>
</comp>

<comp id="796" class="1004" name="store_ln0_store_fu_796">
<pin_list>
<pin id="797" dir="0" index="0" bw="1" slack="0"/>
<pin id="798" dir="0" index="1" bw="3" slack="0"/>
<pin id="799" dir="1" index="2" bw="0" slack="2147483647"/>
</pin_list>
<bind>
<opcode="store(28) " fcode="store"/>
<opset="store_ln0/1 "/>
</bind>
</comp>

<comp id="801" class="1004" name="i_5_load_fu_801">
<pin_list>
<pin id="802" dir="0" index="0" bw="3" slack="0"/>
<pin id="803" dir="1" index="1" bw="3" slack="0"/>
</pin_list>
<bind>
<opcode="load(27) " fcode="load"/>
<opset="i_5/1 "/>
</bind>
</comp>

<comp id="804" class="1004" name="icmp_ln30_fu_804">
<pin_list>
<pin id="805" dir="0" index="0" bw="3" slack="0"/>
<pin id="806" dir="0" index="1" bw="2" slack="0"/>
<pin id="807" dir="1" index="2" bw="1" slack="2147483647"/>
</pin_list>
<bind>
<opcode="icmp(45) " fcode="icmp"/>
<opset="icmp_ln30/1 "/>
</bind>
</comp>

<comp id="810" class="1004" name="add_ln30_fu_810">
<pin_list>
<pin id="811" dir="0" index="0" bw="3" slack="0"/>
<pin id="812" dir="0" index="1" bw="1" slack="0"/>
<pin id="813" dir="1" index="2" bw="3" slack="0"/>
</pin_list>
<bind>
<opcode="add(8) " fcode="add"/>
<opset="add_ln30/1 "/>
</bind>
</comp>

<comp id="816" class="1004" name="At_41_fu_816">
<pin_list>
<pin id="817" dir="0" index="0" bw="32" slack="0"/>
<pin id="818" dir="0" index="1" bw="32" slack="0"/>
<pin id="819" dir="0" index="2" bw="32" slack="0"/>
<pin id="820" dir="0" index="3" bw="32" slack="0"/>
<pin id="821" dir="0" index="4" bw="32" slack="0"/>
<pin id="822" dir="0" index="5" bw="32" slack="0"/>
<pin id="823" dir="0" index="6" bw="32" slack="0"/>
<pin id="824" dir="0" index="7" bw="3" slack="0"/>
<pin id="825" dir="1" index="8" bw="32" slack="0"/>
</pin_list>
<bind>
<opcode="mux(1196) " fcode="mux"/>
<opset="At_41/1 "/>
</bind>
</comp>

<comp id="834" class="1004" name="At_42_fu_834">
<pin_list>
<pin id="835" dir="0" index="0" bw="32" slack="0"/>
<pin id="836" dir="0" index="1" bw="32" slack="0"/>
<pin id="837" dir="0" index="2" bw="32" slack="0"/>
<pin id="838" dir="0" index="3" bw="32" slack="0"/>
<pin id="839" dir="0" index="4" bw="32" slack="0"/>
<pin id="840" dir="0" index="5" bw="32" slack="0"/>
<pin id="841" dir="0" index="6" bw="32" slack="0"/>
<pin id="842" dir="0" index="7" bw="3" slack="0"/>
<pin id="843" dir="1" index="8" bw="32" slack="0"/>
</pin_list>
<bind>
<opcode="mux(1196) " fcode="mux"/>
<opset="At_42/1 "/>
</bind>
</comp>

<comp id="852" class="1004" name="At_43_fu_852">
<pin_list>
<pin id="853" dir="0" index="0" bw="32" slack="0"/>
<pin id="854" dir="0" index="1" bw="32" slack="0"/>
<pin id="855" dir="0" index="2" bw="32" slack="0"/>
<pin id="856" dir="0" index="3" bw="32" slack="0"/>
<pin id="857" dir="0" index="4" bw="32" slack="0"/>
<pin id="858" dir="0" index="5" bw="32" slack="0"/>
<pin id="859" dir="0" index="6" bw="32" slack="0"/>
<pin id="860" dir="0" index="7" bw="3" slack="0"/>
<pin id="861" dir="1" index="8" bw="32" slack="0"/>
</pin_list>
<bind>
<opcode="mux(1196) " fcode="mux"/>
<opset="At_43/1 "/>
</bind>
</comp>

<comp id="870" class="1004" name="At_44_fu_870">
<pin_list>
<pin id="871" dir="0" index="0" bw="32" slack="0"/>
<pin id="872" dir="0" index="1" bw="32" slack="0"/>
<pin id="873" dir="0" index="2" bw="32" slack="0"/>
<pin id="874" dir="0" index="3" bw="32" slack="0"/>
<pin id="875" dir="0" index="4" bw="32" slack="0"/>
<pin id="876" dir="0" index="5" bw="32" slack="0"/>
<pin id="877" dir="0" index="6" bw="32" slack="0"/>
<pin id="878" dir="0" index="7" bw="3" slack="0"/>
<pin id="879" dir="1" index="8" bw="32" slack="0"/>
</pin_list>
<bind>
<opcode="mux(1196) " fcode="mux"/>
<opset="At_44/1 "/>
</bind>
</comp>

<comp id="888" class="1004" name="At_45_fu_888">
<pin_list>
<pin id="889" dir="0" index="0" bw="32" slack="0"/>
<pin id="890" dir="0" index="1" bw="32" slack="0"/>
<pin id="891" dir="0" index="2" bw="32" slack="0"/>
<pin id="892" dir="0" index="3" bw="32" slack="0"/>
<pin id="893" dir="0" index="4" bw="32" slack="0"/>
<pin id="894" dir="0" index="5" bw="32" slack="0"/>
<pin id="895" dir="0" index="6" bw="32" slack="0"/>
<pin id="896" dir="0" index="7" bw="3" slack="0"/>
<pin id="897" dir="1" index="8" bw="32" slack="0"/>
</pin_list>
<bind>
<opcode="mux(1196) " fcode="mux"/>
<opset="At_45/1 "/>
</bind>
</comp>

<comp id="906" class="1004" name="At_46_fu_906">
<pin_list>
<pin id="907" dir="0" index="0" bw="32" slack="0"/>
<pin id="908" dir="0" index="1" bw="32" slack="0"/>
<pin id="909" dir="0" index="2" bw="32" slack="0"/>
<pin id="910" dir="0" index="3" bw="32" slack="0"/>
<pin id="911" dir="0" index="4" bw="32" slack="0"/>
<pin id="912" dir="0" index="5" bw="32" slack="0"/>
<pin id="913" dir="0" index="6" bw="32" slack="0"/>
<pin id="914" dir="0" index="7" bw="3" slack="0"/>
<pin id="915" dir="1" index="8" bw="32" slack="0"/>
</pin_list>
<bind>
<opcode="mux(1196) " fcode="mux"/>
<opset="At_46/1 "/>
</bind>
</comp>

<comp id="924" class="1004" name="store_ln33_store_fu_924">
<pin_list>
<pin id="925" dir="0" index="0" bw="32" slack="0"/>
<pin id="926" dir="0" index="1" bw="32" slack="0"/>
<pin id="927" dir="1" index="2" bw="0" slack="2147483647"/>
</pin_list>
<bind>
<opcode="store(28) " fcode="store"/>
<opset="store_ln33/1 "/>
</bind>
</comp>

<comp id="929" class="1004" name="store_ln33_store_fu_929">
<pin_list>
<pin id="930" dir="0" index="0" bw="32" slack="0"/>
<pin id="931" dir="0" index="1" bw="32" slack="0"/>
<pin id="932" dir="1" index="2" bw="0" slack="2147483647"/>
</pin_list>
<bind>
<opcode="store(28) " fcode="store"/>
<opset="store_ln33/1 "/>
</bind>
</comp>

<comp id="934" class="1004" name="store_ln33_store_fu_934">
<pin_list>
<pin id="935" dir="0" index="0" bw="32" slack="0"/>
<pin id="936" dir="0" index="1" bw="32" slack="0"/>
<pin id="937" dir="1" index="2" bw="0" slack="2147483647"/>
</pin_list>
<bind>
<opcode="store(28) " fcode="store"/>
<opset="store_ln33/1 "/>
</bind>
</comp>

<comp id="939" class="1004" name="store_ln33_store_fu_939">
<pin_list>
<pin id="940" dir="0" index="0" bw="32" slack="0"/>
<pin id="941" dir="0" index="1" bw="32" slack="0"/>
<pin id="942" dir="1" index="2" bw="0" slack="2147483647"/>
</pin_list>
<bind>
<opcode="store(28) " fcode="store"/>
<opset="store_ln33/1 "/>
</bind>
</comp>

<comp id="944" class="1004" name="store_ln33_store_fu_944">
<pin_list>
<pin id="945" dir="0" index="0" bw="32" slack="0"/>
<pin id="946" dir="0" index="1" bw="32" slack="0"/>
<pin id="947" dir="1" index="2" bw="0" slack="2147483647"/>
</pin_list>
<bind>
<opcode="store(28) " fcode="store"/>
<opset="store_ln33/1 "/>
</bind>
</comp>

<comp id="949" class="1004" name="store_ln33_store_fu_949">
<pin_list>
<pin id="950" dir="0" index="0" bw="32" slack="0"/>
<pin id="951" dir="0" index="1" bw="32" slack="0"/>
<pin id="952" dir="1" index="2" bw="0" slack="2147483647"/>
</pin_list>
<bind>
<opcode="store(28) " fcode="store"/>
<opset="store_ln33/1 "/>
</bind>
</comp>

<comp id="954" class="1004" name="store_ln33_store_fu_954">
<pin_list>
<pin id="955" dir="0" index="0" bw="32" slack="0"/>
<pin id="956" dir="0" index="1" bw="32" slack="0"/>
<pin id="957" dir="1" index="2" bw="0" slack="2147483647"/>
</pin_list>
<bind>
<opcode="store(28) " fcode="store"/>
<opset="store_ln33/1 "/>
</bind>
</comp>

<comp id="959" class="1004" name="store_ln33_store_fu_959">
<pin_list>
<pin id="960" dir="0" index="0" bw="32" slack="0"/>
<pin id="961" dir="0" index="1" bw="32" slack="0"/>
<pin id="962" dir="1" index="2" bw="0" slack="2147483647"/>
</pin_list>
<bind>
<opcode="store(28) " fcode="store"/>
<opset="store_ln33/1 "/>
</bind>
</comp>

<comp id="964" class="1004" name="store_ln33_store_fu_964">
<pin_list>
<pin id="965" dir="0" index="0" bw="32" slack="0"/>
<pin id="966" dir="0" index="1" bw="32" slack="0"/>
<pin id="967" dir="1" index="2" bw="0" slack="2147483647"/>
</pin_list>
<bind>
<opcode="store(28) " fcode="store"/>
<opset="store_ln33/1 "/>
</bind>
</comp>

<comp id="969" class="1004" name="store_ln33_store_fu_969">
<pin_list>
<pin id="970" dir="0" index="0" bw="32" slack="0"/>
<pin id="971" dir="0" index="1" bw="32" slack="0"/>
<pin id="972" dir="1" index="2" bw="0" slack="2147483647"/>
</pin_list>
<bind>
<opcode="store(28) " fcode="store"/>
<opset="store_ln33/1 "/>
</bind>
</comp>

<comp id="974" class="1004" name="store_ln33_store_fu_974">
<pin_list>
<pin id="975" dir="0" index="0" bw="32" slack="0"/>
<pin id="976" dir="0" index="1" bw="32" slack="0"/>
<pin id="977" dir="1" index="2" bw="0" slack="2147483647"/>
</pin_list>
<bind>
<opcode="store(28) " fcode="store"/>
<opset="store_ln33/1 "/>
</bind>
</comp>

<comp id="979" class="1004" name="store_ln33_store_fu_979">
<pin_list>
<pin id="980" dir="0" index="0" bw="32" slack="0"/>
<pin id="981" dir="0" index="1" bw="32" slack="0"/>
<pin id="982" dir="1" index="2" bw="0" slack="2147483647"/>
</pin_list>
<bind>
<opcode="store(28) " fcode="store"/>
<opset="store_ln33/1 "/>
</bind>
</comp>

<comp id="984" class="1004" name="store_ln33_store_fu_984">
<pin_list>
<pin id="985" dir="0" index="0" bw="32" slack="0"/>
<pin id="986" dir="0" index="1" bw="32" slack="0"/>
<pin id="987" dir="1" index="2" bw="0" slack="2147483647"/>
</pin_list>
<bind>
<opcode="store(28) " fcode="store"/>
<opset="store_ln33/1 "/>
</bind>
</comp>

<comp id="989" class="1004" name="store_ln33_store_fu_989">
<pin_list>
<pin id="990" dir="0" index="0" bw="32" slack="0"/>
<pin id="991" dir="0" index="1" bw="32" slack="0"/>
<pin id="992" dir="1" index="2" bw="0" slack="2147483647"/>
</pin_list>
<bind>
<opcode="store(28) " fcode="store"/>
<opset="store_ln33/1 "/>
</bind>
</comp>

<comp id="994" class="1004" name="store_ln33_store_fu_994">
<pin_list>
<pin id="995" dir="0" index="0" bw="32" slack="0"/>
<pin id="996" dir="0" index="1" bw="32" slack="0"/>
<pin id="997" dir="1" index="2" bw="0" slack="2147483647"/>
</pin_list>
<bind>
<opcode="store(28) " fcode="store"/>
<opset="store_ln33/1 "/>
</bind>
</comp>

<comp id="999" class="1004" name="store_ln33_store_fu_999">
<pin_list>
<pin id="1000" dir="0" index="0" bw="32" slack="0"/>
<pin id="1001" dir="0" index="1" bw="32" slack="0"/>
<pin id="1002" dir="1" index="2" bw="0" slack="2147483647"/>
</pin_list>
<bind>
<opcode="store(28) " fcode="store"/>
<opset="store_ln33/1 "/>
</bind>
</comp>

<comp id="1004" class="1004" name="store_ln33_store_fu_1004">
<pin_list>
<pin id="1005" dir="0" index="0" bw="32" slack="0"/>
<pin id="1006" dir="0" index="1" bw="32" slack="0"/>
<pin id="1007" dir="1" index="2" bw="0" slack="2147483647"/>
</pin_list>
<bind>
<opcode="store(28) " fcode="store"/>
<opset="store_ln33/1 "/>
</bind>
</comp>

<comp id="1009" class="1004" name="store_ln33_store_fu_1009">
<pin_list>
<pin id="1010" dir="0" index="0" bw="32" slack="0"/>
<pin id="1011" dir="0" index="1" bw="32" slack="0"/>
<pin id="1012" dir="1" index="2" bw="0" slack="2147483647"/>
</pin_list>
<bind>
<opcode="store(28) " fcode="store"/>
<opset="store_ln33/1 "/>
</bind>
</comp>

<comp id="1014" class="1004" name="store_ln33_store_fu_1014">
<pin_list>
<pin id="1015" dir="0" index="0" bw="32" slack="0"/>
<pin id="1016" dir="0" index="1" bw="32" slack="0"/>
<pin id="1017" dir="1" index="2" bw="0" slack="2147483647"/>
</pin_list>
<bind>
<opcode="store(28) " fcode="store"/>
<opset="store_ln33/1 "/>
</bind>
</comp>

<comp id="1019" class="1004" name="store_ln33_store_fu_1019">
<pin_list>
<pin id="1020" dir="0" index="0" bw="32" slack="0"/>
<pin id="1021" dir="0" index="1" bw="32" slack="0"/>
<pin id="1022" dir="1" index="2" bw="0" slack="2147483647"/>
</pin_list>
<bind>
<opcode="store(28) " fcode="store"/>
<opset="store_ln33/1 "/>
</bind>
</comp>

<comp id="1024" class="1004" name="store_ln33_store_fu_1024">
<pin_list>
<pin id="1025" dir="0" index="0" bw="32" slack="0"/>
<pin id="1026" dir="0" index="1" bw="32" slack="0"/>
<pin id="1027" dir="1" index="2" bw="0" slack="2147483647"/>
</pin_list>
<bind>
<opcode="store(28) " fcode="store"/>
<opset="store_ln33/1 "/>
</bind>
</comp>

<comp id="1029" class="1004" name="store_ln33_store_fu_1029">
<pin_list>
<pin id="1030" dir="0" index="0" bw="32" slack="0"/>
<pin id="1031" dir="0" index="1" bw="32" slack="0"/>
<pin id="1032" dir="1" index="2" bw="0" slack="2147483647"/>
</pin_list>
<bind>
<opcode="store(28) " fcode="store"/>
<opset="store_ln33/1 "/>
</bind>
</comp>

<comp id="1034" class="1004" name="store_ln33_store_fu_1034">
<pin_list>
<pin id="1035" dir="0" index="0" bw="32" slack="0"/>
<pin id="1036" dir="0" index="1" bw="32" slack="0"/>
<pin id="1037" dir="1" index="2" bw="0" slack="2147483647"/>
</pin_list>
<bind>
<opcode="store(28) " fcode="store"/>
<opset="store_ln33/1 "/>
</bind>
</comp>

<comp id="1039" class="1004" name="store_ln33_store_fu_1039">
<pin_list>
<pin id="1040" dir="0" index="0" bw="32" slack="0"/>
<pin id="1041" dir="0" index="1" bw="32" slack="0"/>
<pin id="1042" dir="1" index="2" bw="0" slack="2147483647"/>
</pin_list>
<bind>
<opcode="store(28) " fcode="store"/>
<opset="store_ln33/1 "/>
</bind>
</comp>

<comp id="1044" class="1004" name="store_ln33_store_fu_1044">
<pin_list>
<pin id="1045" dir="0" index="0" bw="32" slack="0"/>
<pin id="1046" dir="0" index="1" bw="32" slack="0"/>
<pin id="1047" dir="1" index="2" bw="0" slack="2147483647"/>
</pin_list>
<bind>
<opcode="store(28) " fcode="store"/>
<opset="store_ln33/1 "/>
</bind>
</comp>

<comp id="1049" class="1004" name="store_ln33_store_fu_1049">
<pin_list>
<pin id="1050" dir="0" index="0" bw="32" slack="0"/>
<pin id="1051" dir="0" index="1" bw="32" slack="0"/>
<pin id="1052" dir="1" index="2" bw="0" slack="2147483647"/>
</pin_list>
<bind>
<opcode="store(28) " fcode="store"/>
<opset="store_ln33/1 "/>
</bind>
</comp>

<comp id="1054" class="1004" name="store_ln33_store_fu_1054">
<pin_list>
<pin id="1055" dir="0" index="0" bw="32" slack="0"/>
<pin id="1056" dir="0" index="1" bw="32" slack="0"/>
<pin id="1057" dir="1" index="2" bw="0" slack="2147483647"/>
</pin_list>
<bind>
<opcode="store(28) " fcode="store"/>
<opset="store_ln33/1 "/>
</bind>
</comp>

<comp id="1059" class="1004" name="store_ln33_store_fu_1059">
<pin_list>
<pin id="1060" dir="0" index="0" bw="32" slack="0"/>
<pin id="1061" dir="0" index="1" bw="32" slack="0"/>
<pin id="1062" dir="1" index="2" bw="0" slack="2147483647"/>
</pin_list>
<bind>
<opcode="store(28) " fcode="store"/>
<opset="store_ln33/1 "/>
</bind>
</comp>

<comp id="1064" class="1004" name="store_ln33_store_fu_1064">
<pin_list>
<pin id="1065" dir="0" index="0" bw="32" slack="0"/>
<pin id="1066" dir="0" index="1" bw="32" slack="0"/>
<pin id="1067" dir="1" index="2" bw="0" slack="2147483647"/>
</pin_list>
<bind>
<opcode="store(28) " fcode="store"/>
<opset="store_ln33/1 "/>
</bind>
</comp>

<comp id="1069" class="1004" name="store_ln33_store_fu_1069">
<pin_list>
<pin id="1070" dir="0" index="0" bw="32" slack="0"/>
<pin id="1071" dir="0" index="1" bw="32" slack="0"/>
<pin id="1072" dir="1" index="2" bw="0" slack="2147483647"/>
</pin_list>
<bind>
<opcode="store(28) " fcode="store"/>
<opset="store_ln33/1 "/>
</bind>
</comp>

<comp id="1074" class="1004" name="store_ln33_store_fu_1074">
<pin_list>
<pin id="1075" dir="0" index="0" bw="32" slack="0"/>
<pin id="1076" dir="0" index="1" bw="32" slack="0"/>
<pin id="1077" dir="1" index="2" bw="0" slack="2147483647"/>
</pin_list>
<bind>
<opcode="store(28) " fcode="store"/>
<opset="store_ln33/1 "/>
</bind>
</comp>

<comp id="1079" class="1004" name="store_ln33_store_fu_1079">
<pin_list>
<pin id="1080" dir="0" index="0" bw="32" slack="0"/>
<pin id="1081" dir="0" index="1" bw="32" slack="0"/>
<pin id="1082" dir="1" index="2" bw="0" slack="2147483647"/>
</pin_list>
<bind>
<opcode="store(28) " fcode="store"/>
<opset="store_ln33/1 "/>
</bind>
</comp>

<comp id="1084" class="1004" name="store_ln33_store_fu_1084">
<pin_list>
<pin id="1085" dir="0" index="0" bw="32" slack="0"/>
<pin id="1086" dir="0" index="1" bw="32" slack="0"/>
<pin id="1087" dir="1" index="2" bw="0" slack="2147483647"/>
</pin_list>
<bind>
<opcode="store(28) " fcode="store"/>
<opset="store_ln33/1 "/>
</bind>
</comp>

<comp id="1089" class="1004" name="store_ln33_store_fu_1089">
<pin_list>
<pin id="1090" dir="0" index="0" bw="32" slack="0"/>
<pin id="1091" dir="0" index="1" bw="32" slack="0"/>
<pin id="1092" dir="1" index="2" bw="0" slack="2147483647"/>
</pin_list>
<bind>
<opcode="store(28) " fcode="store"/>
<opset="store_ln33/1 "/>
</bind>
</comp>

<comp id="1094" class="1004" name="store_ln33_store_fu_1094">
<pin_list>
<pin id="1095" dir="0" index="0" bw="32" slack="0"/>
<pin id="1096" dir="0" index="1" bw="32" slack="0"/>
<pin id="1097" dir="1" index="2" bw="0" slack="2147483647"/>
</pin_list>
<bind>
<opcode="store(28) " fcode="store"/>
<opset="store_ln33/1 "/>
</bind>
</comp>

<comp id="1099" class="1004" name="store_ln33_store_fu_1099">
<pin_list>
<pin id="1100" dir="0" index="0" bw="32" slack="0"/>
<pin id="1101" dir="0" index="1" bw="32" slack="0"/>
<pin id="1102" dir="1" index="2" bw="0" slack="2147483647"/>
</pin_list>
<bind>
<opcode="store(28) " fcode="store"/>
<opset="store_ln33/1 "/>
</bind>
</comp>

<comp id="1104" class="1004" name="store_ln30_store_fu_1104">
<pin_list>
<pin id="1105" dir="0" index="0" bw="3" slack="0"/>
<pin id="1106" dir="0" index="1" bw="3" slack="0"/>
<pin id="1107" dir="1" index="2" bw="0" slack="2147483647"/>
</pin_list>
<bind>
<opcode="store(28) " fcode="store"/>
<opset="store_ln30/1 "/>
</bind>
</comp>

<comp id="1109" class="1004" name="At_load_load_fu_1109">
<pin_list>
<pin id="1110" dir="0" index="0" bw="32" slack="0"/>
<pin id="1111" dir="1" index="1" bw="32" slack="0"/>
</pin_list>
<bind>
<opcode="load(27) " fcode="load"/>
<opset="At_load/1 "/>
</bind>
</comp>

<comp id="1113" class="1004" name="At_1_load_load_fu_1113">
<pin_list>
<pin id="1114" dir="0" index="0" bw="32" slack="0"/>
<pin id="1115" dir="1" index="1" bw="32" slack="0"/>
</pin_list>
<bind>
<opcode="load(27) " fcode="load"/>
<opset="At_1_load/1 "/>
</bind>
</comp>

<comp id="1117" class="1004" name="At_2_load_load_fu_1117">
<pin_list>
<pin id="1118" dir="0" index="0" bw="32" slack="0"/>
<pin id="1119" dir="1" index="1" bw="32" slack="0"/>
</pin_list>
<bind>
<opcode="load(27) " fcode="load"/>
<opset="At_2_load/1 "/>
</bind>
</comp>

<comp id="1121" class="1004" name="At_3_load_load_fu_1121">
<pin_list>
<pin id="1122" dir="0" index="0" bw="32" slack="0"/>
<pin id="1123" dir="1" index="1" bw="32" slack="0"/>
</pin_list>
<bind>
<opcode="load(27) " fcode="load"/>
<opset="At_3_load/1 "/>
</bind>
</comp>

<comp id="1125" class="1004" name="At_4_load_load_fu_1125">
<pin_list>
<pin id="1126" dir="0" index="0" bw="32" slack="0"/>
<pin id="1127" dir="1" index="1" bw="32" slack="0"/>
</pin_list>
<bind>
<opcode="load(27) " fcode="load"/>
<opset="At_4_load/1 "/>
</bind>
</comp>

<comp id="1129" class="1004" name="At_5_load_load_fu_1129">
<pin_list>
<pin id="1130" dir="0" index="0" bw="32" slack="0"/>
<pin id="1131" dir="1" index="1" bw="32" slack="0"/>
</pin_list>
<bind>
<opcode="load(27) " fcode="load"/>
<opset="At_5_load/1 "/>
</bind>
</comp>

<comp id="1133" class="1004" name="At_6_load_load_fu_1133">
<pin_list>
<pin id="1134" dir="0" index="0" bw="32" slack="0"/>
<pin id="1135" dir="1" index="1" bw="32" slack="0"/>
</pin_list>
<bind>
<opcode="load(27) " fcode="load"/>
<opset="At_6_load/1 "/>
</bind>
</comp>

<comp id="1137" class="1004" name="At_7_load_load_fu_1137">
<pin_list>
<pin id="1138" dir="0" index="0" bw="32" slack="0"/>
<pin id="1139" dir="1" index="1" bw="32" slack="0"/>
</pin_list>
<bind>
<opcode="load(27) " fcode="load"/>
<opset="At_7_load/1 "/>
</bind>
</comp>

<comp id="1141" class="1004" name="At_8_load_load_fu_1141">
<pin_list>
<pin id="1142" dir="0" index="0" bw="32" slack="0"/>
<pin id="1143" dir="1" index="1" bw="32" slack="0"/>
</pin_list>
<bind>
<opcode="load(27) " fcode="load"/>
<opset="At_8_load/1 "/>
</bind>
</comp>

<comp id="1145" class="1004" name="At_9_load_load_fu_1145">
<pin_list>
<pin id="1146" dir="0" index="0" bw="32" slack="0"/>
<pin id="1147" dir="1" index="1" bw="32" slack="0"/>
</pin_list>
<bind>
<opcode="load(27) " fcode="load"/>
<opset="At_9_load/1 "/>
</bind>
</comp>

<comp id="1149" class="1004" name="At_10_load_load_fu_1149">
<pin_list>
<pin id="1150" dir="0" index="0" bw="32" slack="0"/>
<pin id="1151" dir="1" index="1" bw="32" slack="0"/>
</pin_list>
<bind>
<opcode="load(27) " fcode="load"/>
<opset="At_10_load/1 "/>
</bind>
</comp>

<comp id="1153" class="1004" name="At_11_load_load_fu_1153">
<pin_list>
<pin id="1154" dir="0" index="0" bw="32" slack="0"/>
<pin id="1155" dir="1" index="1" bw="32" slack="0"/>
</pin_list>
<bind>
<opcode="load(27) " fcode="load"/>
<opset="At_11_load/1 "/>
</bind>
</comp>

<comp id="1157" class="1004" name="At_12_load_load_fu_1157">
<pin_list>
<pin id="1158" dir="0" index="0" bw="32" slack="0"/>
<pin id="1159" dir="1" index="1" bw="32" slack="0"/>
</pin_list>
<bind>
<opcode="load(27) " fcode="load"/>
<opset="At_12_load/1 "/>
</bind>
</comp>

<comp id="1161" class="1004" name="At_13_load_load_fu_1161">
<pin_list>
<pin id="1162" dir="0" index="0" bw="32" slack="0"/>
<pin id="1163" dir="1" index="1" bw="32" slack="0"/>
</pin_list>
<bind>
<opcode="load(27) " fcode="load"/>
<opset="At_13_load/1 "/>
</bind>
</comp>

<comp id="1165" class="1004" name="At_14_load_load_fu_1165">
<pin_list>
<pin id="1166" dir="0" index="0" bw="32" slack="0"/>
<pin id="1167" dir="1" index="1" bw="32" slack="0"/>
</pin_list>
<bind>
<opcode="load(27) " fcode="load"/>
<opset="At_14_load/1 "/>
</bind>
</comp>

<comp id="1169" class="1004" name="At_15_load_load_fu_1169">
<pin_list>
<pin id="1170" dir="0" index="0" bw="32" slack="0"/>
<pin id="1171" dir="1" index="1" bw="32" slack="0"/>
</pin_list>
<bind>
<opcode="load(27) " fcode="load"/>
<opset="At_15_load/1 "/>
</bind>
</comp>

<comp id="1173" class="1004" name="At_16_load_load_fu_1173">
<pin_list>
<pin id="1174" dir="0" index="0" bw="32" slack="0"/>
<pin id="1175" dir="1" index="1" bw="32" slack="0"/>
</pin_list>
<bind>
<opcode="load(27) " fcode="load"/>
<opset="At_16_load/1 "/>
</bind>
</comp>

<comp id="1177" class="1004" name="At_17_load_load_fu_1177">
<pin_list>
<pin id="1178" dir="0" index="0" bw="32" slack="0"/>
<pin id="1179" dir="1" index="1" bw="32" slack="0"/>
</pin_list>
<bind>
<opcode="load(27) " fcode="load"/>
<opset="At_17_load/1 "/>
</bind>
</comp>

<comp id="1181" class="1004" name="At_18_load_load_fu_1181">
<pin_list>
<pin id="1182" dir="0" index="0" bw="32" slack="0"/>
<pin id="1183" dir="1" index="1" bw="32" slack="0"/>
</pin_list>
<bind>
<opcode="load(27) " fcode="load"/>
<opset="At_18_load/1 "/>
</bind>
</comp>

<comp id="1185" class="1004" name="At_19_load_load_fu_1185">
<pin_list>
<pin id="1186" dir="0" index="0" bw="32" slack="0"/>
<pin id="1187" dir="1" index="1" bw="32" slack="0"/>
</pin_list>
<bind>
<opcode="load(27) " fcode="load"/>
<opset="At_19_load/1 "/>
</bind>
</comp>

<comp id="1189" class="1004" name="At_20_load_load_fu_1189">
<pin_list>
<pin id="1190" dir="0" index="0" bw="32" slack="0"/>
<pin id="1191" dir="1" index="1" bw="32" slack="0"/>
</pin_list>
<bind>
<opcode="load(27) " fcode="load"/>
<opset="At_20_load/1 "/>
</bind>
</comp>

<comp id="1193" class="1004" name="At_21_load_load_fu_1193">
<pin_list>
<pin id="1194" dir="0" index="0" bw="32" slack="0"/>
<pin id="1195" dir="1" index="1" bw="32" slack="0"/>
</pin_list>
<bind>
<opcode="load(27) " fcode="load"/>
<opset="At_21_load/1 "/>
</bind>
</comp>

<comp id="1197" class="1004" name="At_22_load_load_fu_1197">
<pin_list>
<pin id="1198" dir="0" index="0" bw="32" slack="0"/>
<pin id="1199" dir="1" index="1" bw="32" slack="0"/>
</pin_list>
<bind>
<opcode="load(27) " fcode="load"/>
<opset="At_22_load/1 "/>
</bind>
</comp>

<comp id="1201" class="1004" name="At_23_load_load_fu_1201">
<pin_list>
<pin id="1202" dir="0" index="0" bw="32" slack="0"/>
<pin id="1203" dir="1" index="1" bw="32" slack="0"/>
</pin_list>
<bind>
<opcode="load(27) " fcode="load"/>
<opset="At_23_load/1 "/>
</bind>
</comp>

<comp id="1205" class="1004" name="At_24_load_load_fu_1205">
<pin_list>
<pin id="1206" dir="0" index="0" bw="32" slack="0"/>
<pin id="1207" dir="1" index="1" bw="32" slack="0"/>
</pin_list>
<bind>
<opcode="load(27) " fcode="load"/>
<opset="At_24_load/1 "/>
</bind>
</comp>

<comp id="1209" class="1004" name="At_25_load_load_fu_1209">
<pin_list>
<pin id="1210" dir="0" index="0" bw="32" slack="0"/>
<pin id="1211" dir="1" index="1" bw="32" slack="0"/>
</pin_list>
<bind>
<opcode="load(27) " fcode="load"/>
<opset="At_25_load/1 "/>
</bind>
</comp>

<comp id="1213" class="1004" name="At_26_load_load_fu_1213">
<pin_list>
<pin id="1214" dir="0" index="0" bw="32" slack="0"/>
<pin id="1215" dir="1" index="1" bw="32" slack="0"/>
</pin_list>
<bind>
<opcode="load(27) " fcode="load"/>
<opset="At_26_load/1 "/>
</bind>
</comp>

<comp id="1217" class="1004" name="At_27_load_load_fu_1217">
<pin_list>
<pin id="1218" dir="0" index="0" bw="32" slack="0"/>
<pin id="1219" dir="1" index="1" bw="32" slack="0"/>
</pin_list>
<bind>
<opcode="load(27) " fcode="load"/>
<opset="At_27_load/1 "/>
</bind>
</comp>

<comp id="1221" class="1004" name="At_28_load_load_fu_1221">
<pin_list>
<pin id="1222" dir="0" index="0" bw="32" slack="0"/>
<pin id="1223" dir="1" index="1" bw="32" slack="0"/>
</pin_list>
<bind>
<opcode="load(27) " fcode="load"/>
<opset="At_28_load/1 "/>
</bind>
</comp>

<comp id="1225" class="1004" name="At_29_load_load_fu_1225">
<pin_list>
<pin id="1226" dir="0" index="0" bw="32" slack="0"/>
<pin id="1227" dir="1" index="1" bw="32" slack="0"/>
</pin_list>
<bind>
<opcode="load(27) " fcode="load"/>
<opset="At_29_load/1 "/>
</bind>
</comp>

<comp id="1229" class="1004" name="At_30_load_load_fu_1229">
<pin_list>
<pin id="1230" dir="0" index="0" bw="32" slack="0"/>
<pin id="1231" dir="1" index="1" bw="32" slack="0"/>
</pin_list>
<bind>
<opcode="load(27) " fcode="load"/>
<opset="At_30_load/1 "/>
</bind>
</comp>

<comp id="1233" class="1004" name="At_31_load_load_fu_1233">
<pin_list>
<pin id="1234" dir="0" index="0" bw="32" slack="0"/>
<pin id="1235" dir="1" index="1" bw="32" slack="0"/>
</pin_list>
<bind>
<opcode="load(27) " fcode="load"/>
<opset="At_31_load/1 "/>
</bind>
</comp>

<comp id="1237" class="1004" name="At_32_load_load_fu_1237">
<pin_list>
<pin id="1238" dir="0" index="0" bw="32" slack="0"/>
<pin id="1239" dir="1" index="1" bw="32" slack="0"/>
</pin_list>
<bind>
<opcode="load(27) " fcode="load"/>
<opset="At_32_load/1 "/>
</bind>
</comp>

<comp id="1241" class="1004" name="At_33_load_load_fu_1241">
<pin_list>
<pin id="1242" dir="0" index="0" bw="32" slack="0"/>
<pin id="1243" dir="1" index="1" bw="32" slack="0"/>
</pin_list>
<bind>
<opcode="load(27) " fcode="load"/>
<opset="At_33_load/1 "/>
</bind>
</comp>

<comp id="1245" class="1004" name="At_34_load_load_fu_1245">
<pin_list>
<pin id="1246" dir="0" index="0" bw="32" slack="0"/>
<pin id="1247" dir="1" index="1" bw="32" slack="0"/>
</pin_list>
<bind>
<opcode="load(27) " fcode="load"/>
<opset="At_34_load/1 "/>
</bind>
</comp>

<comp id="1249" class="1004" name="At_35_load_load_fu_1249">
<pin_list>
<pin id="1250" dir="0" index="0" bw="32" slack="0"/>
<pin id="1251" dir="1" index="1" bw="32" slack="0"/>
</pin_list>
<bind>
<opcode="load(27) " fcode="load"/>
<opset="At_35_load/1 "/>
</bind>
</comp>

<comp id="1253" class="1005" name="i_reg_1253">
<pin_list>
<pin id="1254" dir="0" index="0" bw="3" slack="0"/>
<pin id="1255" dir="1" index="1" bw="3" slack="0"/>
</pin_list>
<bind>
<opset="i "/>
</bind>
</comp>

<comp id="1260" class="1005" name="At_reg_1260">
<pin_list>
<pin id="1261" dir="0" index="0" bw="32" slack="0"/>
<pin id="1262" dir="1" index="1" bw="32" slack="0"/>
</pin_list>
<bind>
<opset="At "/>
</bind>
</comp>

<comp id="1266" class="1005" name="At_1_reg_1266">
<pin_list>
<pin id="1267" dir="0" index="0" bw="32" slack="0"/>
<pin id="1268" dir="1" index="1" bw="32" slack="0"/>
</pin_list>
<bind>
<opset="At_1 "/>
</bind>
</comp>

<comp id="1272" class="1005" name="At_2_reg_1272">
<pin_list>
<pin id="1273" dir="0" index="0" bw="32" slack="0"/>
<pin id="1274" dir="1" index="1" bw="32" slack="0"/>
</pin_list>
<bind>
<opset="At_2 "/>
</bind>
</comp>

<comp id="1278" class="1005" name="At_3_reg_1278">
<pin_list>
<pin id="1279" dir="0" index="0" bw="32" slack="0"/>
<pin id="1280" dir="1" index="1" bw="32" slack="0"/>
</pin_list>
<bind>
<opset="At_3 "/>
</bind>
</comp>

<comp id="1284" class="1005" name="At_4_reg_1284">
<pin_list>
<pin id="1285" dir="0" index="0" bw="32" slack="0"/>
<pin id="1286" dir="1" index="1" bw="32" slack="0"/>
</pin_list>
<bind>
<opset="At_4 "/>
</bind>
</comp>

<comp id="1290" class="1005" name="At_5_reg_1290">
<pin_list>
<pin id="1291" dir="0" index="0" bw="32" slack="0"/>
<pin id="1292" dir="1" index="1" bw="32" slack="0"/>
</pin_list>
<bind>
<opset="At_5 "/>
</bind>
</comp>

<comp id="1296" class="1005" name="At_6_reg_1296">
<pin_list>
<pin id="1297" dir="0" index="0" bw="32" slack="0"/>
<pin id="1298" dir="1" index="1" bw="32" slack="0"/>
</pin_list>
<bind>
<opset="At_6 "/>
</bind>
</comp>

<comp id="1302" class="1005" name="At_7_reg_1302">
<pin_list>
<pin id="1303" dir="0" index="0" bw="32" slack="0"/>
<pin id="1304" dir="1" index="1" bw="32" slack="0"/>
</pin_list>
<bind>
<opset="At_7 "/>
</bind>
</comp>

<comp id="1308" class="1005" name="At_8_reg_1308">
<pin_list>
<pin id="1309" dir="0" index="0" bw="32" slack="0"/>
<pin id="1310" dir="1" index="1" bw="32" slack="0"/>
</pin_list>
<bind>
<opset="At_8 "/>
</bind>
</comp>

<comp id="1314" class="1005" name="At_9_reg_1314">
<pin_list>
<pin id="1315" dir="0" index="0" bw="32" slack="0"/>
<pin id="1316" dir="1" index="1" bw="32" slack="0"/>
</pin_list>
<bind>
<opset="At_9 "/>
</bind>
</comp>

<comp id="1320" class="1005" name="At_10_reg_1320">
<pin_list>
<pin id="1321" dir="0" index="0" bw="32" slack="0"/>
<pin id="1322" dir="1" index="1" bw="32" slack="0"/>
</pin_list>
<bind>
<opset="At_10 "/>
</bind>
</comp>

<comp id="1326" class="1005" name="At_11_reg_1326">
<pin_list>
<pin id="1327" dir="0" index="0" bw="32" slack="0"/>
<pin id="1328" dir="1" index="1" bw="32" slack="0"/>
</pin_list>
<bind>
<opset="At_11 "/>
</bind>
</comp>

<comp id="1332" class="1005" name="At_12_reg_1332">
<pin_list>
<pin id="1333" dir="0" index="0" bw="32" slack="0"/>
<pin id="1334" dir="1" index="1" bw="32" slack="0"/>
</pin_list>
<bind>
<opset="At_12 "/>
</bind>
</comp>

<comp id="1338" class="1005" name="At_13_reg_1338">
<pin_list>
<pin id="1339" dir="0" index="0" bw="32" slack="0"/>
<pin id="1340" dir="1" index="1" bw="32" slack="0"/>
</pin_list>
<bind>
<opset="At_13 "/>
</bind>
</comp>

<comp id="1344" class="1005" name="At_14_reg_1344">
<pin_list>
<pin id="1345" dir="0" index="0" bw="32" slack="0"/>
<pin id="1346" dir="1" index="1" bw="32" slack="0"/>
</pin_list>
<bind>
<opset="At_14 "/>
</bind>
</comp>

<comp id="1350" class="1005" name="At_15_reg_1350">
<pin_list>
<pin id="1351" dir="0" index="0" bw="32" slack="0"/>
<pin id="1352" dir="1" index="1" bw="32" slack="0"/>
</pin_list>
<bind>
<opset="At_15 "/>
</bind>
</comp>

<comp id="1356" class="1005" name="At_16_reg_1356">
<pin_list>
<pin id="1357" dir="0" index="0" bw="32" slack="0"/>
<pin id="1358" dir="1" index="1" bw="32" slack="0"/>
</pin_list>
<bind>
<opset="At_16 "/>
</bind>
</comp>

<comp id="1362" class="1005" name="At_17_reg_1362">
<pin_list>
<pin id="1363" dir="0" index="0" bw="32" slack="0"/>
<pin id="1364" dir="1" index="1" bw="32" slack="0"/>
</pin_list>
<bind>
<opset="At_17 "/>
</bind>
</comp>

<comp id="1368" class="1005" name="At_18_reg_1368">
<pin_list>
<pin id="1369" dir="0" index="0" bw="32" slack="0"/>
<pin id="1370" dir="1" index="1" bw="32" slack="0"/>
</pin_list>
<bind>
<opset="At_18 "/>
</bind>
</comp>

<comp id="1374" class="1005" name="At_19_reg_1374">
<pin_list>
<pin id="1375" dir="0" index="0" bw="32" slack="0"/>
<pin id="1376" dir="1" index="1" bw="32" slack="0"/>
</pin_list>
<bind>
<opset="At_19 "/>
</bind>
</comp>

<comp id="1380" class="1005" name="At_20_reg_1380">
<pin_list>
<pin id="1381" dir="0" index="0" bw="32" slack="0"/>
<pin id="1382" dir="1" index="1" bw="32" slack="0"/>
</pin_list>
<bind>
<opset="At_20 "/>
</bind>
</comp>

<comp id="1386" class="1005" name="At_21_reg_1386">
<pin_list>
<pin id="1387" dir="0" index="0" bw="32" slack="0"/>
<pin id="1388" dir="1" index="1" bw="32" slack="0"/>
</pin_list>
<bind>
<opset="At_21 "/>
</bind>
</comp>

<comp id="1392" class="1005" name="At_22_reg_1392">
<pin_list>
<pin id="1393" dir="0" index="0" bw="32" slack="0"/>
<pin id="1394" dir="1" index="1" bw="32" slack="0"/>
</pin_list>
<bind>
<opset="At_22 "/>
</bind>
</comp>

<comp id="1398" class="1005" name="At_23_reg_1398">
<pin_list>
<pin id="1399" dir="0" index="0" bw="32" slack="0"/>
<pin id="1400" dir="1" index="1" bw="32" slack="0"/>
</pin_list>
<bind>
<opset="At_23 "/>
</bind>
</comp>

<comp id="1404" class="1005" name="At_24_reg_1404">
<pin_list>
<pin id="1405" dir="0" index="0" bw="32" slack="0"/>
<pin id="1406" dir="1" index="1" bw="32" slack="0"/>
</pin_list>
<bind>
<opset="At_24 "/>
</bind>
</comp>

<comp id="1410" class="1005" name="At_25_reg_1410">
<pin_list>
<pin id="1411" dir="0" index="0" bw="32" slack="0"/>
<pin id="1412" dir="1" index="1" bw="32" slack="0"/>
</pin_list>
<bind>
<opset="At_25 "/>
</bind>
</comp>

<comp id="1416" class="1005" name="At_26_reg_1416">
<pin_list>
<pin id="1417" dir="0" index="0" bw="32" slack="0"/>
<pin id="1418" dir="1" index="1" bw="32" slack="0"/>
</pin_list>
<bind>
<opset="At_26 "/>
</bind>
</comp>

<comp id="1422" class="1005" name="At_27_reg_1422">
<pin_list>
<pin id="1423" dir="0" index="0" bw="32" slack="0"/>
<pin id="1424" dir="1" index="1" bw="32" slack="0"/>
</pin_list>
<bind>
<opset="At_27 "/>
</bind>
</comp>

<comp id="1428" class="1005" name="At_28_reg_1428">
<pin_list>
<pin id="1429" dir="0" index="0" bw="32" slack="0"/>
<pin id="1430" dir="1" index="1" bw="32" slack="0"/>
</pin_list>
<bind>
<opset="At_28 "/>
</bind>
</comp>

<comp id="1434" class="1005" name="At_29_reg_1434">
<pin_list>
<pin id="1435" dir="0" index="0" bw="32" slack="0"/>
<pin id="1436" dir="1" index="1" bw="32" slack="0"/>
</pin_list>
<bind>
<opset="At_29 "/>
</bind>
</comp>

<comp id="1440" class="1005" name="At_30_reg_1440">
<pin_list>
<pin id="1441" dir="0" index="0" bw="32" slack="0"/>
<pin id="1442" dir="1" index="1" bw="32" slack="0"/>
</pin_list>
<bind>
<opset="At_30 "/>
</bind>
</comp>

<comp id="1446" class="1005" name="At_31_reg_1446">
<pin_list>
<pin id="1447" dir="0" index="0" bw="32" slack="0"/>
<pin id="1448" dir="1" index="1" bw="32" slack="0"/>
</pin_list>
<bind>
<opset="At_31 "/>
</bind>
</comp>

<comp id="1452" class="1005" name="At_32_reg_1452">
<pin_list>
<pin id="1453" dir="0" index="0" bw="32" slack="0"/>
<pin id="1454" dir="1" index="1" bw="32" slack="0"/>
</pin_list>
<bind>
<opset="At_32 "/>
</bind>
</comp>

<comp id="1458" class="1005" name="At_33_reg_1458">
<pin_list>
<pin id="1459" dir="0" index="0" bw="32" slack="0"/>
<pin id="1460" dir="1" index="1" bw="32" slack="0"/>
</pin_list>
<bind>
<opset="At_33 "/>
</bind>
</comp>

<comp id="1464" class="1005" name="At_34_reg_1464">
<pin_list>
<pin id="1465" dir="0" index="0" bw="32" slack="0"/>
<pin id="1466" dir="1" index="1" bw="32" slack="0"/>
</pin_list>
<bind>
<opset="At_34 "/>
</bind>
</comp>

<comp id="1470" class="1005" name="At_35_reg_1470">
<pin_list>
<pin id="1471" dir="0" index="0" bw="32" slack="0"/>
<pin id="1472" dir="1" index="1" bw="32" slack="0"/>
</pin_list>
<bind>
<opset="At_35 "/>
</bind>
</comp>

</comp_list>

<net_list>
<net id="183"><net_src comp="144" pin="0"/><net_sink comp="180" pin=0"/></net>

<net id="187"><net_src comp="144" pin="0"/><net_sink comp="184" pin=0"/></net>

<net id="191"><net_src comp="144" pin="0"/><net_sink comp="188" pin=0"/></net>

<net id="195"><net_src comp="144" pin="0"/><net_sink comp="192" pin=0"/></net>

<net id="199"><net_src comp="144" pin="0"/><net_sink comp="196" pin=0"/></net>

<net id="203"><net_src comp="144" pin="0"/><net_sink comp="200" pin=0"/></net>

<net id="207"><net_src comp="144" pin="0"/><net_sink comp="204" pin=0"/></net>

<net id="211"><net_src comp="144" pin="0"/><net_sink comp="208" pin=0"/></net>

<net id="215"><net_src comp="144" pin="0"/><net_sink comp="212" pin=0"/></net>

<net id="219"><net_src comp="144" pin="0"/><net_sink comp="216" pin=0"/></net>

<net id="223"><net_src comp="144" pin="0"/><net_sink comp="220" pin=0"/></net>

<net id="227"><net_src comp="144" pin="0"/><net_sink comp="224" pin=0"/></net>

<net id="231"><net_src comp="144" pin="0"/><net_sink comp="228" pin=0"/></net>

<net id="235"><net_src comp="144" pin="0"/><net_sink comp="232" pin=0"/></net>

<net id="239"><net_src comp="144" pin="0"/><net_sink comp="236" pin=0"/></net>

<net id="243"><net_src comp="144" pin="0"/><net_sink comp="240" pin=0"/></net>

<net id="247"><net_src comp="144" pin="0"/><net_sink comp="244" pin=0"/></net>

<net id="251"><net_src comp="144" pin="0"/><net_sink comp="248" pin=0"/></net>

<net id="255"><net_src comp="144" pin="0"/><net_sink comp="252" pin=0"/></net>

<net id="259"><net_src comp="144" pin="0"/><net_sink comp="256" pin=0"/></net>

<net id="263"><net_src comp="144" pin="0"/><net_sink comp="260" pin=0"/></net>

<net id="267"><net_src comp="144" pin="0"/><net_sink comp="264" pin=0"/></net>

<net id="271"><net_src comp="144" pin="0"/><net_sink comp="268" pin=0"/></net>

<net id="275"><net_src comp="144" pin="0"/><net_sink comp="272" pin=0"/></net>

<net id="279"><net_src comp="144" pin="0"/><net_sink comp="276" pin=0"/></net>

<net id="283"><net_src comp="144" pin="0"/><net_sink comp="280" pin=0"/></net>

<net id="287"><net_src comp="144" pin="0"/><net_sink comp="284" pin=0"/></net>

<net id="291"><net_src comp="144" pin="0"/><net_sink comp="288" pin=0"/></net>

<net id="295"><net_src comp="144" pin="0"/><net_sink comp="292" pin=0"/></net>

<net id="299"><net_src comp="144" pin="0"/><net_sink comp="296" pin=0"/></net>

<net id="303"><net_src comp="144" pin="0"/><net_sink comp="300" pin=0"/></net>

<net id="307"><net_src comp="144" pin="0"/><net_sink comp="304" pin=0"/></net>

<net id="311"><net_src comp="144" pin="0"/><net_sink comp="308" pin=0"/></net>

<net id="315"><net_src comp="144" pin="0"/><net_sink comp="312" pin=0"/></net>

<net id="319"><net_src comp="144" pin="0"/><net_sink comp="316" pin=0"/></net>

<net id="323"><net_src comp="144" pin="0"/><net_sink comp="320" pin=0"/></net>

<net id="327"><net_src comp="144" pin="0"/><net_sink comp="324" pin=0"/></net>

<net id="332"><net_src comp="146" pin="0"/><net_sink comp="328" pin=0"/></net>

<net id="333"><net_src comp="70" pin="0"/><net_sink comp="328" pin=1"/></net>

<net id="338"><net_src comp="146" pin="0"/><net_sink comp="334" pin=0"/></net>

<net id="339"><net_src comp="68" pin="0"/><net_sink comp="334" pin=1"/></net>

<net id="344"><net_src comp="146" pin="0"/><net_sink comp="340" pin=0"/></net>

<net id="345"><net_src comp="66" pin="0"/><net_sink comp="340" pin=1"/></net>

<net id="350"><net_src comp="146" pin="0"/><net_sink comp="346" pin=0"/></net>

<net id="351"><net_src comp="64" pin="0"/><net_sink comp="346" pin=1"/></net>

<net id="356"><net_src comp="146" pin="0"/><net_sink comp="352" pin=0"/></net>

<net id="357"><net_src comp="62" pin="0"/><net_sink comp="352" pin=1"/></net>

<net id="362"><net_src comp="146" pin="0"/><net_sink comp="358" pin=0"/></net>

<net id="363"><net_src comp="60" pin="0"/><net_sink comp="358" pin=1"/></net>

<net id="368"><net_src comp="146" pin="0"/><net_sink comp="364" pin=0"/></net>

<net id="369"><net_src comp="58" pin="0"/><net_sink comp="364" pin=1"/></net>

<net id="374"><net_src comp="146" pin="0"/><net_sink comp="370" pin=0"/></net>

<net id="375"><net_src comp="56" pin="0"/><net_sink comp="370" pin=1"/></net>

<net id="380"><net_src comp="146" pin="0"/><net_sink comp="376" pin=0"/></net>

<net id="381"><net_src comp="54" pin="0"/><net_sink comp="376" pin=1"/></net>

<net id="386"><net_src comp="146" pin="0"/><net_sink comp="382" pin=0"/></net>

<net id="387"><net_src comp="52" pin="0"/><net_sink comp="382" pin=1"/></net>

<net id="392"><net_src comp="146" pin="0"/><net_sink comp="388" pin=0"/></net>

<net id="393"><net_src comp="50" pin="0"/><net_sink comp="388" pin=1"/></net>

<net id="398"><net_src comp="146" pin="0"/><net_sink comp="394" pin=0"/></net>

<net id="399"><net_src comp="48" pin="0"/><net_sink comp="394" pin=1"/></net>

<net id="404"><net_src comp="146" pin="0"/><net_sink comp="400" pin=0"/></net>

<net id="405"><net_src comp="46" pin="0"/><net_sink comp="400" pin=1"/></net>

<net id="410"><net_src comp="146" pin="0"/><net_sink comp="406" pin=0"/></net>

<net id="411"><net_src comp="44" pin="0"/><net_sink comp="406" pin=1"/></net>

<net id="416"><net_src comp="146" pin="0"/><net_sink comp="412" pin=0"/></net>

<net id="417"><net_src comp="42" pin="0"/><net_sink comp="412" pin=1"/></net>

<net id="422"><net_src comp="146" pin="0"/><net_sink comp="418" pin=0"/></net>

<net id="423"><net_src comp="40" pin="0"/><net_sink comp="418" pin=1"/></net>

<net id="428"><net_src comp="146" pin="0"/><net_sink comp="424" pin=0"/></net>

<net id="429"><net_src comp="38" pin="0"/><net_sink comp="424" pin=1"/></net>

<net id="434"><net_src comp="146" pin="0"/><net_sink comp="430" pin=0"/></net>

<net id="435"><net_src comp="36" pin="0"/><net_sink comp="430" pin=1"/></net>

<net id="440"><net_src comp="146" pin="0"/><net_sink comp="436" pin=0"/></net>

<net id="441"><net_src comp="34" pin="0"/><net_sink comp="436" pin=1"/></net>

<net id="446"><net_src comp="146" pin="0"/><net_sink comp="442" pin=0"/></net>

<net id="447"><net_src comp="32" pin="0"/><net_sink comp="442" pin=1"/></net>

<net id="452"><net_src comp="146" pin="0"/><net_sink comp="448" pin=0"/></net>

<net id="453"><net_src comp="30" pin="0"/><net_sink comp="448" pin=1"/></net>

<net id="458"><net_src comp="146" pin="0"/><net_sink comp="454" pin=0"/></net>

<net id="459"><net_src comp="28" pin="0"/><net_sink comp="454" pin=1"/></net>

<net id="464"><net_src comp="146" pin="0"/><net_sink comp="460" pin=0"/></net>

<net id="465"><net_src comp="26" pin="0"/><net_sink comp="460" pin=1"/></net>

<net id="470"><net_src comp="146" pin="0"/><net_sink comp="466" pin=0"/></net>

<net id="471"><net_src comp="24" pin="0"/><net_sink comp="466" pin=1"/></net>

<net id="476"><net_src comp="146" pin="0"/><net_sink comp="472" pin=0"/></net>

<net id="477"><net_src comp="22" pin="0"/><net_sink comp="472" pin=1"/></net>

<net id="482"><net_src comp="146" pin="0"/><net_sink comp="478" pin=0"/></net>

<net id="483"><net_src comp="20" pin="0"/><net_sink comp="478" pin=1"/></net>

<net id="488"><net_src comp="146" pin="0"/><net_sink comp="484" pin=0"/></net>

<net id="489"><net_src comp="18" pin="0"/><net_sink comp="484" pin=1"/></net>

<net id="494"><net_src comp="146" pin="0"/><net_sink comp="490" pin=0"/></net>

<net id="495"><net_src comp="16" pin="0"/><net_sink comp="490" pin=1"/></net>

<net id="500"><net_src comp="146" pin="0"/><net_sink comp="496" pin=0"/></net>

<net id="501"><net_src comp="14" pin="0"/><net_sink comp="496" pin=1"/></net>

<net id="506"><net_src comp="146" pin="0"/><net_sink comp="502" pin=0"/></net>

<net id="507"><net_src comp="12" pin="0"/><net_sink comp="502" pin=1"/></net>

<net id="512"><net_src comp="146" pin="0"/><net_sink comp="508" pin=0"/></net>

<net id="513"><net_src comp="10" pin="0"/><net_sink comp="508" pin=1"/></net>

<net id="518"><net_src comp="146" pin="0"/><net_sink comp="514" pin=0"/></net>

<net id="519"><net_src comp="8" pin="0"/><net_sink comp="514" pin=1"/></net>

<net id="524"><net_src comp="146" pin="0"/><net_sink comp="520" pin=0"/></net>

<net id="525"><net_src comp="6" pin="0"/><net_sink comp="520" pin=1"/></net>

<net id="530"><net_src comp="146" pin="0"/><net_sink comp="526" pin=0"/></net>

<net id="531"><net_src comp="4" pin="0"/><net_sink comp="526" pin=1"/></net>

<net id="536"><net_src comp="146" pin="0"/><net_sink comp="532" pin=0"/></net>

<net id="537"><net_src comp="2" pin="0"/><net_sink comp="532" pin=1"/></net>

<net id="542"><net_src comp="146" pin="0"/><net_sink comp="538" pin=0"/></net>

<net id="543"><net_src comp="0" pin="0"/><net_sink comp="538" pin=1"/></net>

<net id="549"><net_src comp="178" pin="0"/><net_sink comp="544" pin=0"/></net>

<net id="550"><net_src comp="72" pin="0"/><net_sink comp="544" pin=1"/></net>

<net id="556"><net_src comp="178" pin="0"/><net_sink comp="551" pin=0"/></net>

<net id="557"><net_src comp="74" pin="0"/><net_sink comp="551" pin=1"/></net>

<net id="563"><net_src comp="178" pin="0"/><net_sink comp="558" pin=0"/></net>

<net id="564"><net_src comp="76" pin="0"/><net_sink comp="558" pin=1"/></net>

<net id="570"><net_src comp="178" pin="0"/><net_sink comp="565" pin=0"/></net>

<net id="571"><net_src comp="78" pin="0"/><net_sink comp="565" pin=1"/></net>

<net id="577"><net_src comp="178" pin="0"/><net_sink comp="572" pin=0"/></net>

<net id="578"><net_src comp="80" pin="0"/><net_sink comp="572" pin=1"/></net>

<net id="584"><net_src comp="178" pin="0"/><net_sink comp="579" pin=0"/></net>

<net id="585"><net_src comp="82" pin="0"/><net_sink comp="579" pin=1"/></net>

<net id="591"><net_src comp="178" pin="0"/><net_sink comp="586" pin=0"/></net>

<net id="592"><net_src comp="84" pin="0"/><net_sink comp="586" pin=1"/></net>

<net id="598"><net_src comp="178" pin="0"/><net_sink comp="593" pin=0"/></net>

<net id="599"><net_src comp="86" pin="0"/><net_sink comp="593" pin=1"/></net>

<net id="605"><net_src comp="178" pin="0"/><net_sink comp="600" pin=0"/></net>

<net id="606"><net_src comp="88" pin="0"/><net_sink comp="600" pin=1"/></net>

<net id="612"><net_src comp="178" pin="0"/><net_sink comp="607" pin=0"/></net>

<net id="613"><net_src comp="90" pin="0"/><net_sink comp="607" pin=1"/></net>

<net id="619"><net_src comp="178" pin="0"/><net_sink comp="614" pin=0"/></net>

<net id="620"><net_src comp="92" pin="0"/><net_sink comp="614" pin=1"/></net>

<net id="626"><net_src comp="178" pin="0"/><net_sink comp="621" pin=0"/></net>

<net id="627"><net_src comp="94" pin="0"/><net_sink comp="621" pin=1"/></net>

<net id="633"><net_src comp="178" pin="0"/><net_sink comp="628" pin=0"/></net>

<net id="634"><net_src comp="96" pin="0"/><net_sink comp="628" pin=1"/></net>

<net id="640"><net_src comp="178" pin="0"/><net_sink comp="635" pin=0"/></net>

<net id="641"><net_src comp="98" pin="0"/><net_sink comp="635" pin=1"/></net>

<net id="647"><net_src comp="178" pin="0"/><net_sink comp="642" pin=0"/></net>

<net id="648"><net_src comp="100" pin="0"/><net_sink comp="642" pin=1"/></net>

<net id="654"><net_src comp="178" pin="0"/><net_sink comp="649" pin=0"/></net>

<net id="655"><net_src comp="102" pin="0"/><net_sink comp="649" pin=1"/></net>

<net id="661"><net_src comp="178" pin="0"/><net_sink comp="656" pin=0"/></net>

<net id="662"><net_src comp="104" pin="0"/><net_sink comp="656" pin=1"/></net>

<net id="668"><net_src comp="178" pin="0"/><net_sink comp="663" pin=0"/></net>

<net id="669"><net_src comp="106" pin="0"/><net_sink comp="663" pin=1"/></net>

<net id="675"><net_src comp="178" pin="0"/><net_sink comp="670" pin=0"/></net>

<net id="676"><net_src comp="108" pin="0"/><net_sink comp="670" pin=1"/></net>

<net id="682"><net_src comp="178" pin="0"/><net_sink comp="677" pin=0"/></net>

<net id="683"><net_src comp="110" pin="0"/><net_sink comp="677" pin=1"/></net>

<net id="689"><net_src comp="178" pin="0"/><net_sink comp="684" pin=0"/></net>

<net id="690"><net_src comp="112" pin="0"/><net_sink comp="684" pin=1"/></net>

<net id="696"><net_src comp="178" pin="0"/><net_sink comp="691" pin=0"/></net>

<net id="697"><net_src comp="114" pin="0"/><net_sink comp="691" pin=1"/></net>

<net id="703"><net_src comp="178" pin="0"/><net_sink comp="698" pin=0"/></net>

<net id="704"><net_src comp="116" pin="0"/><net_sink comp="698" pin=1"/></net>

<net id="710"><net_src comp="178" pin="0"/><net_sink comp="705" pin=0"/></net>

<net id="711"><net_src comp="118" pin="0"/><net_sink comp="705" pin=1"/></net>

<net id="717"><net_src comp="178" pin="0"/><net_sink comp="712" pin=0"/></net>

<net id="718"><net_src comp="120" pin="0"/><net_sink comp="712" pin=1"/></net>

<net id="724"><net_src comp="178" pin="0"/><net_sink comp="719" pin=0"/></net>

<net id="725"><net_src comp="122" pin="0"/><net_sink comp="719" pin=1"/></net>

<net id="731"><net_src comp="178" pin="0"/><net_sink comp="726" pin=0"/></net>

<net id="732"><net_src comp="124" pin="0"/><net_sink comp="726" pin=1"/></net>

<net id="738"><net_src comp="178" pin="0"/><net_sink comp="733" pin=0"/></net>

<net id="739"><net_src comp="126" pin="0"/><net_sink comp="733" pin=1"/></net>

<net id="745"><net_src comp="178" pin="0"/><net_sink comp="740" pin=0"/></net>

<net id="746"><net_src comp="128" pin="0"/><net_sink comp="740" pin=1"/></net>

<net id="752"><net_src comp="178" pin="0"/><net_sink comp="747" pin=0"/></net>

<net id="753"><net_src comp="130" pin="0"/><net_sink comp="747" pin=1"/></net>

<net id="759"><net_src comp="178" pin="0"/><net_sink comp="754" pin=0"/></net>

<net id="760"><net_src comp="132" pin="0"/><net_sink comp="754" pin=1"/></net>

<net id="766"><net_src comp="178" pin="0"/><net_sink comp="761" pin=0"/></net>

<net id="767"><net_src comp="134" pin="0"/><net_sink comp="761" pin=1"/></net>

<net id="773"><net_src comp="178" pin="0"/><net_sink comp="768" pin=0"/></net>

<net id="774"><net_src comp="136" pin="0"/><net_sink comp="768" pin=1"/></net>

<net id="780"><net_src comp="178" pin="0"/><net_sink comp="775" pin=0"/></net>

<net id="781"><net_src comp="138" pin="0"/><net_sink comp="775" pin=1"/></net>

<net id="787"><net_src comp="178" pin="0"/><net_sink comp="782" pin=0"/></net>

<net id="788"><net_src comp="140" pin="0"/><net_sink comp="782" pin=1"/></net>

<net id="794"><net_src comp="178" pin="0"/><net_sink comp="789" pin=0"/></net>

<net id="795"><net_src comp="142" pin="0"/><net_sink comp="789" pin=1"/></net>

<net id="800"><net_src comp="148" pin="0"/><net_sink comp="796" pin=0"/></net>

<net id="808"><net_src comp="801" pin="1"/><net_sink comp="804" pin=0"/></net>

<net id="809"><net_src comp="158" pin="0"/><net_sink comp="804" pin=1"/></net>

<net id="814"><net_src comp="801" pin="1"/><net_sink comp="810" pin=0"/></net>

<net id="815"><net_src comp="160" pin="0"/><net_sink comp="810" pin=1"/></net>

<net id="826"><net_src comp="170" pin="0"/><net_sink comp="816" pin=0"/></net>

<net id="827"><net_src comp="538" pin="2"/><net_sink comp="816" pin=1"/></net>

<net id="828"><net_src comp="532" pin="2"/><net_sink comp="816" pin=2"/></net>

<net id="829"><net_src comp="526" pin="2"/><net_sink comp="816" pin=3"/></net>

<net id="830"><net_src comp="520" pin="2"/><net_sink comp="816" pin=4"/></net>

<net id="831"><net_src comp="514" pin="2"/><net_sink comp="816" pin=5"/></net>

<net id="832"><net_src comp="508" pin="2"/><net_sink comp="816" pin=6"/></net>

<net id="833"><net_src comp="801" pin="1"/><net_sink comp="816" pin=7"/></net>

<net id="844"><net_src comp="170" pin="0"/><net_sink comp="834" pin=0"/></net>

<net id="845"><net_src comp="502" pin="2"/><net_sink comp="834" pin=1"/></net>

<net id="846"><net_src comp="496" pin="2"/><net_sink comp="834" pin=2"/></net>

<net id="847"><net_src comp="490" pin="2"/><net_sink comp="834" pin=3"/></net>

<net id="848"><net_src comp="484" pin="2"/><net_sink comp="834" pin=4"/></net>

<net id="849"><net_src comp="478" pin="2"/><net_sink comp="834" pin=5"/></net>

<net id="850"><net_src comp="472" pin="2"/><net_sink comp="834" pin=6"/></net>

<net id="851"><net_src comp="801" pin="1"/><net_sink comp="834" pin=7"/></net>

<net id="862"><net_src comp="170" pin="0"/><net_sink comp="852" pin=0"/></net>

<net id="863"><net_src comp="466" pin="2"/><net_sink comp="852" pin=1"/></net>

<net id="864"><net_src comp="460" pin="2"/><net_sink comp="852" pin=2"/></net>

<net id="865"><net_src comp="454" pin="2"/><net_sink comp="852" pin=3"/></net>

<net id="866"><net_src comp="448" pin="2"/><net_sink comp="852" pin=4"/></net>

<net id="867"><net_src comp="442" pin="2"/><net_sink comp="852" pin=5"/></net>

<net id="868"><net_src comp="436" pin="2"/><net_sink comp="852" pin=6"/></net>

<net id="869"><net_src comp="801" pin="1"/><net_sink comp="852" pin=7"/></net>

<net id="880"><net_src comp="170" pin="0"/><net_sink comp="870" pin=0"/></net>

<net id="881"><net_src comp="430" pin="2"/><net_sink comp="870" pin=1"/></net>

<net id="882"><net_src comp="424" pin="2"/><net_sink comp="870" pin=2"/></net>

<net id="883"><net_src comp="418" pin="2"/><net_sink comp="870" pin=3"/></net>

<net id="884"><net_src comp="412" pin="2"/><net_sink comp="870" pin=4"/></net>

<net id="885"><net_src comp="406" pin="2"/><net_sink comp="870" pin=5"/></net>

<net id="886"><net_src comp="400" pin="2"/><net_sink comp="870" pin=6"/></net>

<net id="887"><net_src comp="801" pin="1"/><net_sink comp="870" pin=7"/></net>

<net id="898"><net_src comp="170" pin="0"/><net_sink comp="888" pin=0"/></net>

<net id="899"><net_src comp="394" pin="2"/><net_sink comp="888" pin=1"/></net>

<net id="900"><net_src comp="388" pin="2"/><net_sink comp="888" pin=2"/></net>

<net id="901"><net_src comp="382" pin="2"/><net_sink comp="888" pin=3"/></net>

<net id="902"><net_src comp="376" pin="2"/><net_sink comp="888" pin=4"/></net>

<net id="903"><net_src comp="370" pin="2"/><net_sink comp="888" pin=5"/></net>

<net id="904"><net_src comp="364" pin="2"/><net_sink comp="888" pin=6"/></net>

<net id="905"><net_src comp="801" pin="1"/><net_sink comp="888" pin=7"/></net>

<net id="916"><net_src comp="170" pin="0"/><net_sink comp="906" pin=0"/></net>

<net id="917"><net_src comp="358" pin="2"/><net_sink comp="906" pin=1"/></net>

<net id="918"><net_src comp="352" pin="2"/><net_sink comp="906" pin=2"/></net>

<net id="919"><net_src comp="346" pin="2"/><net_sink comp="906" pin=3"/></net>

<net id="920"><net_src comp="340" pin="2"/><net_sink comp="906" pin=4"/></net>

<net id="921"><net_src comp="334" pin="2"/><net_sink comp="906" pin=5"/></net>

<net id="922"><net_src comp="328" pin="2"/><net_sink comp="906" pin=6"/></net>

<net id="923"><net_src comp="801" pin="1"/><net_sink comp="906" pin=7"/></net>

<net id="928"><net_src comp="906" pin="8"/><net_sink comp="924" pin=0"/></net>

<net id="933"><net_src comp="888" pin="8"/><net_sink comp="929" pin=0"/></net>

<net id="938"><net_src comp="870" pin="8"/><net_sink comp="934" pin=0"/></net>

<net id="943"><net_src comp="852" pin="8"/><net_sink comp="939" pin=0"/></net>

<net id="948"><net_src comp="834" pin="8"/><net_sink comp="944" pin=0"/></net>

<net id="953"><net_src comp="816" pin="8"/><net_sink comp="949" pin=0"/></net>

<net id="958"><net_src comp="906" pin="8"/><net_sink comp="954" pin=0"/></net>

<net id="963"><net_src comp="888" pin="8"/><net_sink comp="959" pin=0"/></net>

<net id="968"><net_src comp="870" pin="8"/><net_sink comp="964" pin=0"/></net>

<net id="973"><net_src comp="852" pin="8"/><net_sink comp="969" pin=0"/></net>

<net id="978"><net_src comp="834" pin="8"/><net_sink comp="974" pin=0"/></net>

<net id="983"><net_src comp="816" pin="8"/><net_sink comp="979" pin=0"/></net>

<net id="988"><net_src comp="906" pin="8"/><net_sink comp="984" pin=0"/></net>

<net id="993"><net_src comp="888" pin="8"/><net_sink comp="989" pin=0"/></net>

<net id="998"><net_src comp="870" pin="8"/><net_sink comp="994" pin=0"/></net>

<net id="1003"><net_src comp="852" pin="8"/><net_sink comp="999" pin=0"/></net>

<net id="1008"><net_src comp="834" pin="8"/><net_sink comp="1004" pin=0"/></net>

<net id="1013"><net_src comp="816" pin="8"/><net_sink comp="1009" pin=0"/></net>

<net id="1018"><net_src comp="906" pin="8"/><net_sink comp="1014" pin=0"/></net>

<net id="1023"><net_src comp="888" pin="8"/><net_sink comp="1019" pin=0"/></net>

<net id="1028"><net_src comp="870" pin="8"/><net_sink comp="1024" pin=0"/></net>

<net id="1033"><net_src comp="852" pin="8"/><net_sink comp="1029" pin=0"/></net>

<net id="1038"><net_src comp="834" pin="8"/><net_sink comp="1034" pin=0"/></net>

<net id="1043"><net_src comp="816" pin="8"/><net_sink comp="1039" pin=0"/></net>

<net id="1048"><net_src comp="906" pin="8"/><net_sink comp="1044" pin=0"/></net>

<net id="1053"><net_src comp="888" pin="8"/><net_sink comp="1049" pin=0"/></net>

<net id="1058"><net_src comp="870" pin="8"/><net_sink comp="1054" pin=0"/></net>

<net id="1063"><net_src comp="852" pin="8"/><net_sink comp="1059" pin=0"/></net>

<net id="1068"><net_src comp="834" pin="8"/><net_sink comp="1064" pin=0"/></net>

<net id="1073"><net_src comp="816" pin="8"/><net_sink comp="1069" pin=0"/></net>

<net id="1078"><net_src comp="906" pin="8"/><net_sink comp="1074" pin=0"/></net>

<net id="1083"><net_src comp="888" pin="8"/><net_sink comp="1079" pin=0"/></net>

<net id="1088"><net_src comp="870" pin="8"/><net_sink comp="1084" pin=0"/></net>

<net id="1093"><net_src comp="852" pin="8"/><net_sink comp="1089" pin=0"/></net>

<net id="1098"><net_src comp="834" pin="8"/><net_sink comp="1094" pin=0"/></net>

<net id="1103"><net_src comp="816" pin="8"/><net_sink comp="1099" pin=0"/></net>

<net id="1108"><net_src comp="810" pin="2"/><net_sink comp="1104" pin=0"/></net>

<net id="1112"><net_src comp="1109" pin="1"/><net_sink comp="789" pin=2"/></net>

<net id="1116"><net_src comp="1113" pin="1"/><net_sink comp="782" pin=2"/></net>

<net id="1120"><net_src comp="1117" pin="1"/><net_sink comp="775" pin=2"/></net>

<net id="1124"><net_src comp="1121" pin="1"/><net_sink comp="768" pin=2"/></net>

<net id="1128"><net_src comp="1125" pin="1"/><net_sink comp="761" pin=2"/></net>

<net id="1132"><net_src comp="1129" pin="1"/><net_sink comp="754" pin=2"/></net>

<net id="1136"><net_src comp="1133" pin="1"/><net_sink comp="747" pin=2"/></net>

<net id="1140"><net_src comp="1137" pin="1"/><net_sink comp="740" pin=2"/></net>

<net id="1144"><net_src comp="1141" pin="1"/><net_sink comp="733" pin=2"/></net>

<net id="1148"><net_src comp="1145" pin="1"/><net_sink comp="726" pin=2"/></net>

<net id="1152"><net_src comp="1149" pin="1"/><net_sink comp="719" pin=2"/></net>

<net id="1156"><net_src comp="1153" pin="1"/><net_sink comp="712" pin=2"/></net>

<net id="1160"><net_src comp="1157" pin="1"/><net_sink comp="705" pin=2"/></net>

<net id="1164"><net_src comp="1161" pin="1"/><net_sink comp="698" pin=2"/></net>

<net id="1168"><net_src comp="1165" pin="1"/><net_sink comp="691" pin=2"/></net>

<net id="1172"><net_src comp="1169" pin="1"/><net_sink comp="684" pin=2"/></net>

<net id="1176"><net_src comp="1173" pin="1"/><net_sink comp="677" pin=2"/></net>

<net id="1180"><net_src comp="1177" pin="1"/><net_sink comp="670" pin=2"/></net>

<net id="1184"><net_src comp="1181" pin="1"/><net_sink comp="663" pin=2"/></net>

<net id="1188"><net_src comp="1185" pin="1"/><net_sink comp="656" pin=2"/></net>

<net id="1192"><net_src comp="1189" pin="1"/><net_sink comp="649" pin=2"/></net>

<net id="1196"><net_src comp="1193" pin="1"/><net_sink comp="642" pin=2"/></net>

<net id="1200"><net_src comp="1197" pin="1"/><net_sink comp="635" pin=2"/></net>

<net id="1204"><net_src comp="1201" pin="1"/><net_sink comp="628" pin=2"/></net>

<net id="1208"><net_src comp="1205" pin="1"/><net_sink comp="621" pin=2"/></net>

<net id="1212"><net_src comp="1209" pin="1"/><net_sink comp="614" pin=2"/></net>

<net id="1216"><net_src comp="1213" pin="1"/><net_sink comp="607" pin=2"/></net>

<net id="1220"><net_src comp="1217" pin="1"/><net_sink comp="600" pin=2"/></net>

<net id="1224"><net_src comp="1221" pin="1"/><net_sink comp="593" pin=2"/></net>

<net id="1228"><net_src comp="1225" pin="1"/><net_sink comp="586" pin=2"/></net>

<net id="1232"><net_src comp="1229" pin="1"/><net_sink comp="579" pin=2"/></net>

<net id="1236"><net_src comp="1233" pin="1"/><net_sink comp="572" pin=2"/></net>

<net id="1240"><net_src comp="1237" pin="1"/><net_sink comp="565" pin=2"/></net>

<net id="1244"><net_src comp="1241" pin="1"/><net_sink comp="558" pin=2"/></net>

<net id="1248"><net_src comp="1245" pin="1"/><net_sink comp="551" pin=2"/></net>

<net id="1252"><net_src comp="1249" pin="1"/><net_sink comp="544" pin=2"/></net>

<net id="1256"><net_src comp="180" pin="1"/><net_sink comp="1253" pin=0"/></net>

<net id="1257"><net_src comp="1253" pin="1"/><net_sink comp="796" pin=1"/></net>

<net id="1258"><net_src comp="1253" pin="1"/><net_sink comp="801" pin=0"/></net>

<net id="1259"><net_src comp="1253" pin="1"/><net_sink comp="1104" pin=1"/></net>

<net id="1263"><net_src comp="184" pin="1"/><net_sink comp="1260" pin=0"/></net>

<net id="1264"><net_src comp="1260" pin="1"/><net_sink comp="1069" pin=1"/></net>

<net id="1265"><net_src comp="1260" pin="1"/><net_sink comp="1109" pin=0"/></net>

<net id="1269"><net_src comp="188" pin="1"/><net_sink comp="1266" pin=0"/></net>

<net id="1270"><net_src comp="1266" pin="1"/><net_sink comp="1039" pin=1"/></net>

<net id="1271"><net_src comp="1266" pin="1"/><net_sink comp="1113" pin=0"/></net>

<net id="1275"><net_src comp="192" pin="1"/><net_sink comp="1272" pin=0"/></net>

<net id="1276"><net_src comp="1272" pin="1"/><net_sink comp="1009" pin=1"/></net>

<net id="1277"><net_src comp="1272" pin="1"/><net_sink comp="1117" pin=0"/></net>

<net id="1281"><net_src comp="196" pin="1"/><net_sink comp="1278" pin=0"/></net>

<net id="1282"><net_src comp="1278" pin="1"/><net_sink comp="979" pin=1"/></net>

<net id="1283"><net_src comp="1278" pin="1"/><net_sink comp="1121" pin=0"/></net>

<net id="1287"><net_src comp="200" pin="1"/><net_sink comp="1284" pin=0"/></net>

<net id="1288"><net_src comp="1284" pin="1"/><net_sink comp="949" pin=1"/></net>

<net id="1289"><net_src comp="1284" pin="1"/><net_sink comp="1125" pin=0"/></net>

<net id="1293"><net_src comp="204" pin="1"/><net_sink comp="1290" pin=0"/></net>

<net id="1294"><net_src comp="1290" pin="1"/><net_sink comp="1099" pin=1"/></net>

<net id="1295"><net_src comp="1290" pin="1"/><net_sink comp="1129" pin=0"/></net>

<net id="1299"><net_src comp="208" pin="1"/><net_sink comp="1296" pin=0"/></net>

<net id="1300"><net_src comp="1296" pin="1"/><net_sink comp="1064" pin=1"/></net>

<net id="1301"><net_src comp="1296" pin="1"/><net_sink comp="1133" pin=0"/></net>

<net id="1305"><net_src comp="212" pin="1"/><net_sink comp="1302" pin=0"/></net>

<net id="1306"><net_src comp="1302" pin="1"/><net_sink comp="1034" pin=1"/></net>

<net id="1307"><net_src comp="1302" pin="1"/><net_sink comp="1137" pin=0"/></net>

<net id="1311"><net_src comp="216" pin="1"/><net_sink comp="1308" pin=0"/></net>

<net id="1312"><net_src comp="1308" pin="1"/><net_sink comp="1004" pin=1"/></net>

<net id="1313"><net_src comp="1308" pin="1"/><net_sink comp="1141" pin=0"/></net>

<net id="1317"><net_src comp="220" pin="1"/><net_sink comp="1314" pin=0"/></net>

<net id="1318"><net_src comp="1314" pin="1"/><net_sink comp="974" pin=1"/></net>

<net id="1319"><net_src comp="1314" pin="1"/><net_sink comp="1145" pin=0"/></net>

<net id="1323"><net_src comp="224" pin="1"/><net_sink comp="1320" pin=0"/></net>

<net id="1324"><net_src comp="1320" pin="1"/><net_sink comp="944" pin=1"/></net>

<net id="1325"><net_src comp="1320" pin="1"/><net_sink comp="1149" pin=0"/></net>

<net id="1329"><net_src comp="228" pin="1"/><net_sink comp="1326" pin=0"/></net>

<net id="1330"><net_src comp="1326" pin="1"/><net_sink comp="1094" pin=1"/></net>

<net id="1331"><net_src comp="1326" pin="1"/><net_sink comp="1153" pin=0"/></net>

<net id="1335"><net_src comp="232" pin="1"/><net_sink comp="1332" pin=0"/></net>

<net id="1336"><net_src comp="1332" pin="1"/><net_sink comp="1059" pin=1"/></net>

<net id="1337"><net_src comp="1332" pin="1"/><net_sink comp="1157" pin=0"/></net>

<net id="1341"><net_src comp="236" pin="1"/><net_sink comp="1338" pin=0"/></net>

<net id="1342"><net_src comp="1338" pin="1"/><net_sink comp="1029" pin=1"/></net>

<net id="1343"><net_src comp="1338" pin="1"/><net_sink comp="1161" pin=0"/></net>

<net id="1347"><net_src comp="240" pin="1"/><net_sink comp="1344" pin=0"/></net>

<net id="1348"><net_src comp="1344" pin="1"/><net_sink comp="999" pin=1"/></net>

<net id="1349"><net_src comp="1344" pin="1"/><net_sink comp="1165" pin=0"/></net>

<net id="1353"><net_src comp="244" pin="1"/><net_sink comp="1350" pin=0"/></net>

<net id="1354"><net_src comp="1350" pin="1"/><net_sink comp="969" pin=1"/></net>

<net id="1355"><net_src comp="1350" pin="1"/><net_sink comp="1169" pin=0"/></net>

<net id="1359"><net_src comp="248" pin="1"/><net_sink comp="1356" pin=0"/></net>

<net id="1360"><net_src comp="1356" pin="1"/><net_sink comp="939" pin=1"/></net>

<net id="1361"><net_src comp="1356" pin="1"/><net_sink comp="1173" pin=0"/></net>

<net id="1365"><net_src comp="252" pin="1"/><net_sink comp="1362" pin=0"/></net>

<net id="1366"><net_src comp="1362" pin="1"/><net_sink comp="1089" pin=1"/></net>

<net id="1367"><net_src comp="1362" pin="1"/><net_sink comp="1177" pin=0"/></net>

<net id="1371"><net_src comp="256" pin="1"/><net_sink comp="1368" pin=0"/></net>

<net id="1372"><net_src comp="1368" pin="1"/><net_sink comp="1054" pin=1"/></net>

<net id="1373"><net_src comp="1368" pin="1"/><net_sink comp="1181" pin=0"/></net>

<net id="1377"><net_src comp="260" pin="1"/><net_sink comp="1374" pin=0"/></net>

<net id="1378"><net_src comp="1374" pin="1"/><net_sink comp="1024" pin=1"/></net>

<net id="1379"><net_src comp="1374" pin="1"/><net_sink comp="1185" pin=0"/></net>

<net id="1383"><net_src comp="264" pin="1"/><net_sink comp="1380" pin=0"/></net>

<net id="1384"><net_src comp="1380" pin="1"/><net_sink comp="994" pin=1"/></net>

<net id="1385"><net_src comp="1380" pin="1"/><net_sink comp="1189" pin=0"/></net>

<net id="1389"><net_src comp="268" pin="1"/><net_sink comp="1386" pin=0"/></net>

<net id="1390"><net_src comp="1386" pin="1"/><net_sink comp="964" pin=1"/></net>

<net id="1391"><net_src comp="1386" pin="1"/><net_sink comp="1193" pin=0"/></net>

<net id="1395"><net_src comp="272" pin="1"/><net_sink comp="1392" pin=0"/></net>

<net id="1396"><net_src comp="1392" pin="1"/><net_sink comp="934" pin=1"/></net>

<net id="1397"><net_src comp="1392" pin="1"/><net_sink comp="1197" pin=0"/></net>

<net id="1401"><net_src comp="276" pin="1"/><net_sink comp="1398" pin=0"/></net>

<net id="1402"><net_src comp="1398" pin="1"/><net_sink comp="1084" pin=1"/></net>

<net id="1403"><net_src comp="1398" pin="1"/><net_sink comp="1201" pin=0"/></net>

<net id="1407"><net_src comp="280" pin="1"/><net_sink comp="1404" pin=0"/></net>

<net id="1408"><net_src comp="1404" pin="1"/><net_sink comp="1049" pin=1"/></net>

<net id="1409"><net_src comp="1404" pin="1"/><net_sink comp="1205" pin=0"/></net>

<net id="1413"><net_src comp="284" pin="1"/><net_sink comp="1410" pin=0"/></net>

<net id="1414"><net_src comp="1410" pin="1"/><net_sink comp="1019" pin=1"/></net>

<net id="1415"><net_src comp="1410" pin="1"/><net_sink comp="1209" pin=0"/></net>

<net id="1419"><net_src comp="288" pin="1"/><net_sink comp="1416" pin=0"/></net>

<net id="1420"><net_src comp="1416" pin="1"/><net_sink comp="989" pin=1"/></net>

<net id="1421"><net_src comp="1416" pin="1"/><net_sink comp="1213" pin=0"/></net>

<net id="1425"><net_src comp="292" pin="1"/><net_sink comp="1422" pin=0"/></net>

<net id="1426"><net_src comp="1422" pin="1"/><net_sink comp="959" pin=1"/></net>

<net id="1427"><net_src comp="1422" pin="1"/><net_sink comp="1217" pin=0"/></net>

<net id="1431"><net_src comp="296" pin="1"/><net_sink comp="1428" pin=0"/></net>

<net id="1432"><net_src comp="1428" pin="1"/><net_sink comp="929" pin=1"/></net>

<net id="1433"><net_src comp="1428" pin="1"/><net_sink comp="1221" pin=0"/></net>

<net id="1437"><net_src comp="300" pin="1"/><net_sink comp="1434" pin=0"/></net>

<net id="1438"><net_src comp="1434" pin="1"/><net_sink comp="1079" pin=1"/></net>

<net id="1439"><net_src comp="1434" pin="1"/><net_sink comp="1225" pin=0"/></net>

<net id="1443"><net_src comp="304" pin="1"/><net_sink comp="1440" pin=0"/></net>

<net id="1444"><net_src comp="1440" pin="1"/><net_sink comp="1044" pin=1"/></net>

<net id="1445"><net_src comp="1440" pin="1"/><net_sink comp="1229" pin=0"/></net>

<net id="1449"><net_src comp="308" pin="1"/><net_sink comp="1446" pin=0"/></net>

<net id="1450"><net_src comp="1446" pin="1"/><net_sink comp="1014" pin=1"/></net>

<net id="1451"><net_src comp="1446" pin="1"/><net_sink comp="1233" pin=0"/></net>

<net id="1455"><net_src comp="312" pin="1"/><net_sink comp="1452" pin=0"/></net>

<net id="1456"><net_src comp="1452" pin="1"/><net_sink comp="984" pin=1"/></net>

<net id="1457"><net_src comp="1452" pin="1"/><net_sink comp="1237" pin=0"/></net>

<net id="1461"><net_src comp="316" pin="1"/><net_sink comp="1458" pin=0"/></net>

<net id="1462"><net_src comp="1458" pin="1"/><net_sink comp="954" pin=1"/></net>

<net id="1463"><net_src comp="1458" pin="1"/><net_sink comp="1241" pin=0"/></net>

<net id="1467"><net_src comp="320" pin="1"/><net_sink comp="1464" pin=0"/></net>

<net id="1468"><net_src comp="1464" pin="1"/><net_sink comp="924" pin=1"/></net>

<net id="1469"><net_src comp="1464" pin="1"/><net_sink comp="1245" pin=0"/></net>

<net id="1473"><net_src comp="324" pin="1"/><net_sink comp="1470" pin=0"/></net>

<net id="1474"><net_src comp="1470" pin="1"/><net_sink comp="1074" pin=1"/></net>

<net id="1475"><net_src comp="1470" pin="1"/><net_sink comp="1249" pin=0"/></net>

</net_list>

</model> 
---------------- Datapath Model END ------------------

* FSMD analyzer results:
  - Output states:
	Port: At_35_out | {1 }
	Port: At_34_out | {1 }
	Port: At_33_out | {1 }
	Port: At_32_out | {1 }
	Port: At_31_out | {1 }
	Port: At_30_out | {1 }
	Port: At_29_out | {1 }
	Port: At_28_out | {1 }
	Port: At_27_out | {1 }
	Port: At_26_out | {1 }
	Port: At_25_out | {1 }
	Port: At_24_out | {1 }
	Port: At_23_out | {1 }
	Port: At_22_out | {1 }
	Port: At_21_out | {1 }
	Port: At_20_out | {1 }
	Port: At_19_out | {1 }
	Port: At_18_out | {1 }
	Port: At_17_out | {1 }
	Port: At_16_out | {1 }
	Port: At_15_out | {1 }
	Port: At_14_out | {1 }
	Port: At_13_out | {1 }
	Port: At_12_out | {1 }
	Port: At_11_out | {1 }
	Port: At_10_out | {1 }
	Port: At_9_out | {1 }
	Port: At_8_out | {1 }
	Port: At_7_out | {1 }
	Port: At_6_out | {1 }
	Port: At_5_out | {1 }
	Port: At_4_out | {1 }
	Port: At_3_out | {1 }
	Port: At_2_out | {1 }
	Port: At_1_out | {1 }
	Port: At_out | {1 }
 - Input state : 
	Port: ekf_batch_Pipeline_VITIS_LOOP_30_13 : A_reload | {1 }
	Port: ekf_batch_Pipeline_VITIS_LOOP_30_13 : A_6_reload | {1 }
	Port: ekf_batch_Pipeline_VITIS_LOOP_30_13 : A_12_reload | {1 }
	Port: ekf_batch_Pipeline_VITIS_LOOP_30_13 : A_18_reload | {1 }
	Port: ekf_batch_Pipeline_VITIS_LOOP_30_13 : A_24_reload | {1 }
	Port: ekf_batch_Pipeline_VITIS_LOOP_30_13 : A_30_reload | {1 }
	Port: ekf_batch_Pipeline_VITIS_LOOP_30_13 : A_1_reload | {1 }
	Port: ekf_batch_Pipeline_VITIS_LOOP_30_13 : A_7_reload | {1 }
	Port: ekf_batch_Pipeline_VITIS_LOOP_30_13 : A_13_reload | {1 }
	Port: ekf_batch_Pipeline_VITIS_LOOP_30_13 : A_19_reload | {1 }
	Port: ekf_batch_Pipeline_VITIS_LOOP_30_13 : A_25_reload | {1 }
	Port: ekf_batch_Pipeline_VITIS_LOOP_30_13 : A_31_reload | {1 }
	Port: ekf_batch_Pipeline_VITIS_LOOP_30_13 : A_2_reload | {1 }
	Port: ekf_batch_Pipeline_VITIS_LOOP_30_13 : A_8_reload | {1 }
	Port: ekf_batch_Pipeline_VITIS_LOOP_30_13 : A_14_reload | {1 }
	Port: ekf_batch_Pipeline_VITIS_LOOP_30_13 : A_20_reload | {1 }
	Port: ekf_batch_Pipeline_VITIS_LOOP_30_13 : A_26_reload | {1 }
	Port: ekf_batch_Pipeline_VITIS_LOOP_30_13 : A_32_reload | {1 }
	Port: ekf_batch_Pipeline_VITIS_LOOP_30_13 : A_3_reload | {1 }
	Port: ekf_batch_Pipeline_VITIS_LOOP_30_13 : A_9_reload | {1 }
	Port: ekf_batch_Pipeline_VITIS_LOOP_30_13 : A_15_reload | {1 }
	Port: ekf_batch_Pipeline_VITIS_LOOP_30_13 : A_21_reload | {1 }
	Port: ekf_batch_Pipeline_VITIS_LOOP_30_13 : A_27_reload | {1 }
	Port: ekf_batch_Pipeline_VITIS_LOOP_30_13 : A_33_reload | {1 }
	Port: ekf_batch_Pipeline_VITIS_LOOP_30_13 : A_4_reload | {1 }
	Port: ekf_batch_Pipeline_VITIS_LOOP_30_13 : A_10_reload | {1 }
	Port: ekf_batch_Pipeline_VITIS_LOOP_30_13 : A_16_reload | {1 }
	Port: ekf_batch_Pipeline_VITIS_LOOP_30_13 : A_22_reload | {1 }
	Port: ekf_batch_Pipeline_VITIS_LOOP_30_13 : A_28_reload | {1 }
	Port: ekf_batch_Pipeline_VITIS_LOOP_30_13 : A_34_reload | {1 }
	Port: ekf_batch_Pipeline_VITIS_LOOP_30_13 : A_5_reload | {1 }
	Port: ekf_batch_Pipeline_VITIS_LOOP_30_13 : A_11_reload | {1 }
	Port: ekf_batch_Pipeline_VITIS_LOOP_30_13 : A_17_reload | {1 }
	Port: ekf_batch_Pipeline_VITIS_LOOP_30_13 : A_23_reload | {1 }
	Port: ekf_batch_Pipeline_VITIS_LOOP_30_13 : A_29_reload | {1 }
	Port: ekf_batch_Pipeline_VITIS_LOOP_30_13 : A_35_reload | {1 }
  - Chain level:
	State 1
		store_ln0 : 1
		i_5 : 1
		icmp_ln30 : 2
		add_ln30 : 2
		br_ln30 : 3
		At_41 : 2
		At_42 : 2
		At_43 : 2
		At_44 : 2
		At_45 : 2
		At_46 : 2
		switch_ln33 : 2
		store_ln33 : 3
		store_ln33 : 3
		store_ln33 : 3
		store_ln33 : 3
		store_ln33 : 3
		store_ln33 : 3
		store_ln33 : 3
		store_ln33 : 3
		store_ln33 : 3
		store_ln33 : 3
		store_ln33 : 3
		store_ln33 : 3
		store_ln33 : 3
		store_ln33 : 3
		store_ln33 : 3
		store_ln33 : 3
		store_ln33 : 3
		store_ln33 : 3
		store_ln33 : 3
		store_ln33 : 3
		store_ln33 : 3
		store_ln33 : 3
		store_ln33 : 3
		store_ln33 : 3
		store_ln33 : 3
		store_ln33 : 3
		store_ln33 : 3
		store_ln33 : 3
		store_ln33 : 3
		store_ln33 : 3
		store_ln33 : 3
		store_ln33 : 3
		store_ln33 : 3
		store_ln33 : 3
		store_ln33 : 3
		store_ln33 : 3
		store_ln30 : 3
		At_load : 1
		At_1_load : 1
		At_2_load : 1
		At_3_load : 1
		At_4_load : 1
		At_5_load : 1
		At_6_load : 1
		At_7_load : 1
		At_8_load : 1
		At_9_load : 1
		At_10_load : 1
		At_11_load : 1
		At_12_load : 1
		At_13_load : 1
		At_14_load : 1
		At_15_load : 1
		At_16_load : 1
		At_17_load : 1
		At_18_load : 1
		At_19_load : 1
		At_20_load : 1
		At_21_load : 1
		At_22_load : 1
		At_23_load : 1
		At_24_load : 1
		At_25_load : 1
		At_26_load : 1
		At_27_load : 1
		At_28_load : 1
		At_29_load : 1
		At_30_load : 1
		At_31_load : 1
		At_32_load : 1
		At_33_load : 1
		At_34_load : 1
		At_35_load : 1
		write_ln0 : 2
		write_ln0 : 2
		write_ln0 : 2
		write_ln0 : 2
		write_ln0 : 2
		write_ln0 : 2
		write_ln0 : 2
		write_ln0 : 2
		write_ln0 : 2
		write_ln0 : 2
		write_ln0 : 2
		write_ln0 : 2
		write_ln0 : 2
		write_ln0 : 2
		write_ln0 : 2
		write_ln0 : 2
		write_ln0 : 2
		write_ln0 : 2
		write_ln0 : 2
		write_ln0 : 2
		write_ln0 : 2
		write_ln0 : 2
		write_ln0 : 2
		write_ln0 : 2
		write_ln0 : 2
		write_ln0 : 2
		write_ln0 : 2
		write_ln0 : 2
		write_ln0 : 2
		write_ln0 : 2
		write_ln0 : 2
		write_ln0 : 2
		write_ln0 : 2
		write_ln0 : 2
		write_ln0 : 2
		write_ln0 : 2


============================================================
+ Verbose Summary: Datapath Resource usage 
============================================================

* Functional unit list:
|----------|------------------------------|---------|---------|
| Operation|        Functional Unit       |    FF   |   LUT   |
|----------|------------------------------|---------|---------|
|          |         At_41_fu_816         |    0    |    31   |
|          |         At_42_fu_834         |    0    |    31   |
|    mux   |         At_43_fu_852         |    0    |    31   |
|          |         At_44_fu_870         |    0    |    31   |
|          |         At_45_fu_888         |    0    |    31   |
|          |         At_46_fu_906         |    0    |    31   |
|----------|------------------------------|---------|---------|
|   icmp   |       icmp_ln30_fu_804       |    0    |    10   |
|----------|------------------------------|---------|---------|
|    add   |        add_ln30_fu_810       |    0    |    10   |
|----------|------------------------------|---------|---------|
|          | A_35_reload_read_read_fu_328 |    0    |    0    |
|          | A_29_reload_read_read_fu_334 |    0    |    0    |
|          | A_23_reload_read_read_fu_340 |    0    |    0    |
|          | A_17_reload_read_read_fu_346 |    0    |    0    |
|          | A_11_reload_read_read_fu_352 |    0    |    0    |
|          |  A_5_reload_read_read_fu_358 |    0    |    0    |
|          | A_34_reload_read_read_fu_364 |    0    |    0    |
|          | A_28_reload_read_read_fu_370 |    0    |    0    |
|          | A_22_reload_read_read_fu_376 |    0    |    0    |
|          | A_16_reload_read_read_fu_382 |    0    |    0    |
|          | A_10_reload_read_read_fu_388 |    0    |    0    |
|          |  A_4_reload_read_read_fu_394 |    0    |    0    |
|          | A_33_reload_read_read_fu_400 |    0    |    0    |
|          | A_27_reload_read_read_fu_406 |    0    |    0    |
|          | A_21_reload_read_read_fu_412 |    0    |    0    |
|          | A_15_reload_read_read_fu_418 |    0    |    0    |
|          |  A_9_reload_read_read_fu_424 |    0    |    0    |
|   read   |  A_3_reload_read_read_fu_430 |    0    |    0    |
|          | A_32_reload_read_read_fu_436 |    0    |    0    |
|          | A_26_reload_read_read_fu_442 |    0    |    0    |
|          | A_20_reload_read_read_fu_448 |    0    |    0    |
|          | A_14_reload_read_read_fu_454 |    0    |    0    |
|          |  A_8_reload_read_read_fu_460 |    0    |    0    |
|          |  A_2_reload_read_read_fu_466 |    0    |    0    |
|          | A_31_reload_read_read_fu_472 |    0    |    0    |
|          | A_25_reload_read_read_fu_478 |    0    |    0    |
|          | A_19_reload_read_read_fu_484 |    0    |    0    |
|          | A_13_reload_read_read_fu_490 |    0    |    0    |
|          |  A_7_reload_read_read_fu_496 |    0    |    0    |
|          |  A_1_reload_read_read_fu_502 |    0    |    0    |
|          | A_30_reload_read_read_fu_508 |    0    |    0    |
|          | A_24_reload_read_read_fu_514 |    0    |    0    |
|          | A_18_reload_read_read_fu_520 |    0    |    0    |
|          | A_12_reload_read_read_fu_526 |    0    |    0    |
|          |  A_6_reload_read_read_fu_532 |    0    |    0    |
|          |   A_reload_read_read_fu_538  |    0    |    0    |
|----------|------------------------------|---------|---------|
|          |    write_ln0_write_fu_544    |    0    |    0    |
|          |    write_ln0_write_fu_551    |    0    |    0    |
|          |    write_ln0_write_fu_558    |    0    |    0    |
|          |    write_ln0_write_fu_565    |    0    |    0    |
|          |    write_ln0_write_fu_572    |    0    |    0    |
|          |    write_ln0_write_fu_579    |    0    |    0    |
|          |    write_ln0_write_fu_586    |    0    |    0    |
|          |    write_ln0_write_fu_593    |    0    |    0    |
|          |    write_ln0_write_fu_600    |    0    |    0    |
|          |    write_ln0_write_fu_607    |    0    |    0    |
|          |    write_ln0_write_fu_614    |    0    |    0    |
|          |    write_ln0_write_fu_621    |    0    |    0    |
|          |    write_ln0_write_fu_628    |    0    |    0    |
|          |    write_ln0_write_fu_635    |    0    |    0    |
|          |    write_ln0_write_fu_642    |    0    |    0    |
|          |    write_ln0_write_fu_649    |    0    |    0    |
|          |    write_ln0_write_fu_656    |    0    |    0    |
|   write  |    write_ln0_write_fu_663    |    0    |    0    |
|          |    write_ln0_write_fu_670    |    0    |    0    |
|          |    write_ln0_write_fu_677    |    0    |    0    |
|          |    write_ln0_write_fu_684    |    0    |    0    |
|          |    write_ln0_write_fu_691    |    0    |    0    |
|          |    write_ln0_write_fu_698    |    0    |    0    |
|          |    write_ln0_write_fu_705    |    0    |    0    |
|          |    write_ln0_write_fu_712    |    0    |    0    |
|          |    write_ln0_write_fu_719    |    0    |    0    |
|          |    write_ln0_write_fu_726    |    0    |    0    |
|          |    write_ln0_write_fu_733    |    0    |    0    |
|          |    write_ln0_write_fu_740    |    0    |    0    |
|          |    write_ln0_write_fu_747    |    0    |    0    |
|          |    write_ln0_write_fu_754    |    0    |    0    |
|          |    write_ln0_write_fu_761    |    0    |    0    |
|          |    write_ln0_write_fu_768    |    0    |    0    |
|          |    write_ln0_write_fu_775    |    0    |    0    |
|          |    write_ln0_write_fu_782    |    0    |    0    |
|          |    write_ln0_write_fu_789    |    0    |    0    |
|----------|------------------------------|---------|---------|
|   Total  |                              |    0    |   206   |
|----------|------------------------------|---------|---------|

Memories:
N/A

* Register list:
+--------------+--------+
|              |   FF   |
+--------------+--------+
|At_10_reg_1320|   32   |
|At_11_reg_1326|   32   |
|At_12_reg_1332|   32   |
|At_13_reg_1338|   32   |
|At_14_reg_1344|   32   |
|At_15_reg_1350|   32   |
|At_16_reg_1356|   32   |
|At_17_reg_1362|   32   |
|At_18_reg_1368|   32   |
|At_19_reg_1374|   32   |
| At_1_reg_1266|   32   |
|At_20_reg_1380|   32   |
|At_21_reg_1386|   32   |
|At_22_reg_1392|   32   |
|At_23_reg_1398|   32   |
|At_24_reg_1404|   32   |
|At_25_reg_1410|   32   |
|At_26_reg_1416|   32   |
|At_27_reg_1422|   32   |
|At_28_reg_1428|   32   |
|At_29_reg_1434|   32   |
| At_2_reg_1272|   32   |
|At_30_reg_1440|   32   |
|At_31_reg_1446|   32   |
|At_32_reg_1452|   32   |
|At_33_reg_1458|   32   |
|At_34_reg_1464|   32   |
|At_35_reg_1470|   32   |
| At_3_reg_1278|   32   |
| At_4_reg_1284|   32   |
| At_5_reg_1290|   32   |
| At_6_reg_1296|   32   |
| At_7_reg_1302|   32   |
| At_8_reg_1308|   32   |
| At_9_reg_1314|   32   |
|  At_reg_1260 |   32   |
|  i_reg_1253  |    3   |
+--------------+--------+
|     Total    |  1155  |
+--------------+--------+

* Multiplexer (MUX) list: 
|--------|------|------|------|--------|
|  Comp  |  Pin | Size |  BW  | S x BW |
|--------|------|------|------|--------|
|  Total |      |      |      |    0   |
|--------|------|------|------|--------|



* Summary:
+-----------+--------+--------+
|           |   FF   |   LUT  |
+-----------+--------+--------+
|  Function |    0   |   206  |
|   Memory  |    -   |    -   |
|Multiplexer|    -   |    -   |
|  Register |  1155  |    -   |
+-----------+--------+--------+
|   Total   |  1155  |   206  |
+-----------+--------+--------+
