

================================================================
== Vitis HLS Report for 'ekf_batch_Pipeline_VITIS_LOOP_30_1'
================================================================
* Date:           Thu Sep  3 12:11:18 2026

* Version:        2023.1 (Build 3854077 on May  4 2023)
* Project:        EKF
* Solution:       solution1 (Vivado IP Flow Target)
* Product family: zynquplus
* Target device:  xczu9eg-ffvb1156-2-e


================================================================
== Performance Estimates
================================================================
+ Timing: 
    * Summary: 
    +--------+----------+----------+------------+
    |  Clock |  Target  | Estimated| Uncertainty|
    +--------+----------+----------+------------+
    |ap_clk  |  10.00 ns|  1.100 ns|     2.70 ns|
    +--------+----------+----------+------------+

+ Latency: 
    * Summary: 
    +---------+---------+-----------+-----------+-----+-----+---------+
    |  Latency (cycles) |   Latency (absolute)  |  Interval | Pipeline|
    |   min   |   max   |    min    |    max    | min | max |   Type  |
    +---------+---------+-----------+-----------+-----+-----+---------+
    |        8|        8|  80.000 ns|  80.000 ns|    8|    8|       no|
    +---------+---------+-----------+-----------+-----+-----+---------+

    + Detail: 
        * Instance: 
        N/A

        * Loop: 
        +-------------------+---------+---------+----------+-----------+-----------+------+----------+
        |                   |  Latency (cycles) | Iteration|  Initiation Interval  | Trip |          |
        |     Loop Name     |   min   |   max   |  Latency |  achieved |   target  | Count| Pipelined|
        +-------------------+---------+---------+----------+-----------+-----------+------+----------+
        |- VITIS_LOOP_30_1  |        6|        6|         1|          1|          1|     6|       yes|
        +-------------------+---------+---------+----------+-----------+-----------+------+----------+

============================================================
+ Verbose Summary: Synthesis Manager
============================================================
InlineROM: 1
ExposeGlobal: 0
============================================================
+ Verbose Summary: CDFG Model
============================================================
IsTopModel: 0
ResetActiveHigh: 1
IsCombinational: 0
IsDatapathOnly: 0
HasWiredReturn: 1
HasMFsm: 2
HasVarLatency: 1
IsPipeline: 0
IsRtlPipelined: 0
IsInstanceOverlapped: 0
IsDontTouch: 0
HasImplIP: 0
IsGatedGlobalClock: 0

+ Individual pipeline summary: 
  * Pipeline-0: initiation interval (II) = 1, depth = 1


============================================================
+ Verbose Summary: Schedule
============================================================
* Number of FSM states : 1
* Pipeline : 1
  Pipeline-0 : II = 1, D = 1, States = { 1 }
* Dataflow Pipeline: 0

* FSM state transitions: 
1 --> 

* FSM state operations: 

State 1 <SV = 0> <Delay = 1.09>
ST_1 : Operation 4 [1/1] (0.00ns)   --->   "%i = alloca i32 1"   --->   Operation 4 'alloca' 'i' <Predicate = true> <Delay = 0.00>
ST_1 : Operation 5 [1/1] (0.00ns)   --->   "%Ft = alloca i32 1"   --->   Operation 5 'alloca' 'Ft' <Predicate = true> <Delay = 0.00>
ST_1 : Operation 6 [1/1] (0.00ns)   --->   "%Ft_1 = alloca i32 1"   --->   Operation 6 'alloca' 'Ft_1' <Predicate = true> <Delay = 0.00>
ST_1 : Operation 7 [1/1] (0.00ns)   --->   "%Ft_2 = alloca i32 1"   --->   Operation 7 'alloca' 'Ft_2' <Predicate = true> <Delay = 0.00>
ST_1 : Operation 8 [1/1] (0.00ns)   --->   "%Ft_3 = alloca i32 1"   --->   Operation 8 'alloca' 'Ft_3' <Predicate = true> <Delay = 0.00>
ST_1 : Operation 9 [1/1] (0.00ns)   --->   "%Ft_4 = alloca i32 1"   --->   Operation 9 'alloca' 'Ft_4' <Predicate = true> <Delay = 0.00>
ST_1 : Operation 10 [1/1] (0.00ns)   --->   "%Ft_5 = alloca i32 1"   --->   Operation 10 'alloca' 'Ft_5' <Predicate = true> <Delay = 0.00>
ST_1 : Operation 11 [1/1] (0.00ns)   --->   "%Ft_6 = alloca i32 1"   --->   Operation 11 'alloca' 'Ft_6' <Predicate = true> <Delay = 0.00>
ST_1 : Operation 12 [1/1] (0.00ns)   --->   "%Ft_7 = alloca i32 1"   --->   Operation 12 'alloca' 'Ft_7' <Predicate = true> <Delay = 0.00>
ST_1 : Operation 13 [1/1] (0.00ns)   --->   "%Ft_8 = alloca i32 1"   --->   Operation 13 'alloca' 'Ft_8' <Predicate = true> <Delay = 0.00>
ST_1 : Operation 14 [1/1] (0.00ns)   --->   "%Ft_9 = alloca i32 1"   --->   Operation 14 'alloca' 'Ft_9' <Predicate = true> <Delay = 0.00>
ST_1 : Operation 15 [1/1] (0.00ns)   --->   "%Ft_10 = alloca i32 1"   --->   Operation 15 'alloca' 'Ft_10' <Predicate = true> <Delay = 0.00>
ST_1 : Operation 16 [1/1] (0.00ns)   --->   "%Ft_11 = alloca i32 1"   --->   Operation 16 'alloca' 'Ft_11' <Predicate = true> <Delay = 0.00>
ST_1 : Operation 17 [1/1] (0.00ns)   --->   "%Ft_12 = alloca i32 1"   --->   Operation 17 'alloca' 'Ft_12' <Predicate = true> <Delay = 0.00>
ST_1 : Operation 18 [1/1] (0.00ns)   --->   "%Ft_13 = alloca i32 1"   --->   Operation 18 'alloca' 'Ft_13' <Predicate = true> <Delay = 0.00>
ST_1 : Operation 19 [1/1] (0.00ns)   --->   "%Ft_14 = alloca i32 1"   --->   Operation 19 'alloca' 'Ft_14' <Predicate = true> <Delay = 0.00>
ST_1 : Operation 20 [1/1] (0.00ns)   --->   "%Ft_15 = alloca i32 1"   --->   Operation 20 'alloca' 'Ft_15' <Predicate = true> <Delay = 0.00>
ST_1 : Operation 21 [1/1] (0.00ns)   --->   "%Ft_16 = alloca i32 1"   --->   Operation 21 'alloca' 'Ft_16' <Predicate = true> <Delay = 0.00>
ST_1 : Operation 22 [1/1] (0.00ns)   --->   "%Ft_17 = alloca i32 1"   --->   Operation 22 'alloca' 'Ft_17' <Predicate = true> <Delay = 0.00>
ST_1 : Operation 23 [1/1] (0.00ns)   --->   "%Ft_18 = alloca i32 1"   --->   Operation 23 'alloca' 'Ft_18' <Predicate = true> <Delay = 0.00>
ST_1 : Operation 24 [1/1] (0.00ns)   --->   "%Ft_19 = alloca i32 1"   --->   Operation 24 'alloca' 'Ft_19' <Predicate = true> <Delay = 0.00>
ST_1 : Operation 25 [1/1] (0.00ns)   --->   "%Ft_20 = alloca i32 1"   --->   Operation 25 'alloca' 'Ft_20' <Predicate = true> <Delay = 0.00>
ST_1 : Operation 26 [1/1] (0.00ns)   --->   "%Ft_21 = alloca i32 1"   --->   Operation 26 'alloca' 'Ft_21' <Predicate = true> <Delay = 0.00>
ST_1 : Operation 27 [1/1] (0.00ns)   --->   "%Ft_22 = alloca i32 1"   --->   Operation 27 'alloca' 'Ft_22' <Predicate = true> <Delay = 0.00>
ST_1 : Operation 28 [1/1] (0.00ns)   --->   "%Ft_23 = alloca i32 1"   --->   Operation 28 'alloca' 'Ft_23' <Predicate = true> <Delay = 0.00>
ST_1 : Operation 29 [1/1] (0.00ns)   --->   "%Ft_24 = alloca i32 1"   --->   Operation 29 'alloca' 'Ft_24' <Predicate = true> <Delay = 0.00>
ST_1 : Operation 30 [1/1] (0.00ns)   --->   "%Ft_25 = alloca i32 1"   --->   Operation 30 'alloca' 'Ft_25' <Predicate = true> <Delay = 0.00>
ST_1 : Operation 31 [1/1] (0.00ns)   --->   "%Ft_26 = alloca i32 1"   --->   Operation 31 'alloca' 'Ft_26' <Predicate = true> <Delay = 0.00>
ST_1 : Operation 32 [1/1] (0.00ns)   --->   "%Ft_27 = alloca i32 1"   --->   Operation 32 'alloca' 'Ft_27' <Predicate = true> <Delay = 0.00>
ST_1 : Operation 33 [1/1] (0.00ns)   --->   "%Ft_28 = alloca i32 1"   --->   Operation 33 'alloca' 'Ft_28' <Predicate = true> <Delay = 0.00>
ST_1 : Operation 34 [1/1] (0.00ns)   --->   "%Ft_29 = alloca i32 1"   --->   Operation 34 'alloca' 'Ft_29' <Predicate = true> <Delay = 0.00>
ST_1 : Operation 35 [1/1] (0.00ns)   --->   "%Ft_30 = alloca i32 1"   --->   Operation 35 'alloca' 'Ft_30' <Predicate = true> <Delay = 0.00>
ST_1 : Operation 36 [1/1] (0.00ns)   --->   "%Ft_31 = alloca i32 1"   --->   Operation 36 'alloca' 'Ft_31' <Predicate = true> <Delay = 0.00>
ST_1 : Operation 37 [1/1] (0.00ns)   --->   "%Ft_32 = alloca i32 1"   --->   Operation 37 'alloca' 'Ft_32' <Predicate = true> <Delay = 0.00>
ST_1 : Operation 38 [1/1] (0.00ns)   --->   "%Ft_33 = alloca i32 1"   --->   Operation 38 'alloca' 'Ft_33' <Predicate = true> <Delay = 0.00>
ST_1 : Operation 39 [1/1] (0.00ns)   --->   "%Ft_34 = alloca i32 1"   --->   Operation 39 'alloca' 'Ft_34' <Predicate = true> <Delay = 0.00>
ST_1 : Operation 40 [1/1] (0.00ns)   --->   "%Ft_35 = alloca i32 1"   --->   Operation 40 'alloca' 'Ft_35' <Predicate = true> <Delay = 0.00>
ST_1 : Operation 41 [1/1] (0.00ns)   --->   "%F_32_reload_read = read i32 @_ssdm_op_Read.ap_auto.float, i32 %F_32_reload"   --->   Operation 41 'read' 'F_32_reload_read' <Predicate = true> <Delay = 0.00>
ST_1 : Operation 42 [1/1] (0.00ns)   --->   "%F_26_reload_read = read i32 @_ssdm_op_Read.ap_auto.float, i32 %F_26_reload"   --->   Operation 42 'read' 'F_26_reload_read' <Predicate = true> <Delay = 0.00>
ST_1 : Operation 43 [1/1] (0.00ns)   --->   "%F_20_reload_read = read i32 @_ssdm_op_Read.ap_auto.float, i32 %F_20_reload"   --->   Operation 43 'read' 'F_20_reload_read' <Predicate = true> <Delay = 0.00>
ST_1 : Operation 44 [1/1] (0.00ns)   --->   "%F_9_reload_read = read i32 @_ssdm_op_Read.ap_auto.float, i32 %F_9_reload"   --->   Operation 44 'read' 'F_9_reload_read' <Predicate = true> <Delay = 0.00>
ST_1 : Operation 45 [1/1] (0.00ns)   --->   "%F_4_reload_read = read i32 @_ssdm_op_Read.ap_auto.float, i32 %F_4_reload"   --->   Operation 45 'read' 'F_4_reload_read' <Predicate = true> <Delay = 0.00>
ST_1 : Operation 46 [1/1] (0.00ns)   --->   "%F_31_reload_read = read i32 @_ssdm_op_Read.ap_auto.float, i32 %F_31_reload"   --->   Operation 46 'read' 'F_31_reload_read' <Predicate = true> <Delay = 0.00>
ST_1 : Operation 47 [1/1] (0.00ns)   --->   "%F_25_reload_read = read i32 @_ssdm_op_Read.ap_auto.float, i32 %F_25_reload"   --->   Operation 47 'read' 'F_25_reload_read' <Predicate = true> <Delay = 0.00>
ST_1 : Operation 48 [1/1] (0.00ns)   --->   "%F_19_reload_read = read i32 @_ssdm_op_Read.ap_auto.float, i32 %F_19_reload"   --->   Operation 48 'read' 'F_19_reload_read' <Predicate = true> <Delay = 0.00>
ST_1 : Operation 49 [1/1] (0.00ns)   --->   "%F_14_reload_read = read i32 @_ssdm_op_Read.ap_auto.float, i32 %F_14_reload"   --->   Operation 49 'read' 'F_14_reload_read' <Predicate = true> <Delay = 0.00>
ST_1 : Operation 50 [1/1] (0.00ns)   --->   "%F_3_reload_read = read i32 @_ssdm_op_Read.ap_auto.float, i32 %F_3_reload"   --->   Operation 50 'read' 'F_3_reload_read' <Predicate = true> <Delay = 0.00>
ST_1 : Operation 51 [1/1] (0.00ns)   --->   "%F_30_reload_read = read i32 @_ssdm_op_Read.ap_auto.float, i32 %F_30_reload"   --->   Operation 51 'read' 'F_30_reload_read' <Predicate = true> <Delay = 0.00>
ST_1 : Operation 52 [1/1] (0.00ns)   --->   "%F_24_reload_read = read i32 @_ssdm_op_Read.ap_auto.float, i32 %F_24_reload"   --->   Operation 52 'read' 'F_24_reload_read' <Predicate = true> <Delay = 0.00>
ST_1 : Operation 53 [1/1] (0.00ns)   --->   "%F_18_reload_read = read i32 @_ssdm_op_Read.ap_auto.float, i32 %F_18_reload"   --->   Operation 53 'read' 'F_18_reload_read' <Predicate = true> <Delay = 0.00>
ST_1 : Operation 54 [1/1] (0.00ns)   --->   "%F_13_reload_read = read i32 @_ssdm_op_Read.ap_auto.float, i32 %F_13_reload"   --->   Operation 54 'read' 'F_13_reload_read' <Predicate = true> <Delay = 0.00>
ST_1 : Operation 55 [1/1] (0.00ns)   --->   "%F_8_reload_read = read i32 @_ssdm_op_Read.ap_auto.float, i32 %F_8_reload"   --->   Operation 55 'read' 'F_8_reload_read' <Predicate = true> <Delay = 0.00>
ST_1 : Operation 56 [1/1] (0.00ns)   --->   "%F_29_reload_read = read i32 @_ssdm_op_Read.ap_auto.float, i32 %F_29_reload"   --->   Operation 56 'read' 'F_29_reload_read' <Predicate = true> <Delay = 0.00>
ST_1 : Operation 57 [1/1] (0.00ns)   --->   "%F_23_reload_read = read i32 @_ssdm_op_Read.ap_auto.float, i32 %F_23_reload"   --->   Operation 57 'read' 'F_23_reload_read' <Predicate = true> <Delay = 0.00>
ST_1 : Operation 58 [1/1] (0.00ns)   --->   "%F_17_reload_read = read i32 @_ssdm_op_Read.ap_auto.float, i32 %F_17_reload"   --->   Operation 58 'read' 'F_17_reload_read' <Predicate = true> <Delay = 0.00>
ST_1 : Operation 59 [1/1] (0.00ns)   --->   "%F_12_reload_read = read i32 @_ssdm_op_Read.ap_auto.float, i32 %F_12_reload"   --->   Operation 59 'read' 'F_12_reload_read' <Predicate = true> <Delay = 0.00>
ST_1 : Operation 60 [1/1] (0.00ns)   --->   "%F_7_reload_read = read i32 @_ssdm_op_Read.ap_auto.float, i32 %F_7_reload"   --->   Operation 60 'read' 'F_7_reload_read' <Predicate = true> <Delay = 0.00>
ST_1 : Operation 61 [1/1] (0.00ns)   --->   "%F_2_reload_read = read i32 @_ssdm_op_Read.ap_auto.float, i32 %F_2_reload"   --->   Operation 61 'read' 'F_2_reload_read' <Predicate = true> <Delay = 0.00>
ST_1 : Operation 62 [1/1] (0.00ns)   --->   "%F_28_reload_read = read i32 @_ssdm_op_Read.ap_auto.float, i32 %F_28_reload"   --->   Operation 62 'read' 'F_28_reload_read' <Predicate = true> <Delay = 0.00>
ST_1 : Operation 63 [1/1] (0.00ns)   --->   "%F_22_reload_read = read i32 @_ssdm_op_Read.ap_auto.float, i32 %F_22_reload"   --->   Operation 63 'read' 'F_22_reload_read' <Predicate = true> <Delay = 0.00>
ST_1 : Operation 64 [1/1] (0.00ns)   --->   "%F_16_reload_read = read i32 @_ssdm_op_Read.ap_auto.float, i32 %F_16_reload"   --->   Operation 64 'read' 'F_16_reload_read' <Predicate = true> <Delay = 0.00>
ST_1 : Operation 65 [1/1] (0.00ns)   --->   "%F_11_reload_read = read i32 @_ssdm_op_Read.ap_auto.float, i32 %F_11_reload"   --->   Operation 65 'read' 'F_11_reload_read' <Predicate = true> <Delay = 0.00>
ST_1 : Operation 66 [1/1] (0.00ns)   --->   "%F_6_reload_read = read i32 @_ssdm_op_Read.ap_auto.float, i32 %F_6_reload"   --->   Operation 66 'read' 'F_6_reload_read' <Predicate = true> <Delay = 0.00>
ST_1 : Operation 67 [1/1] (0.00ns)   --->   "%F_1_reload_read = read i32 @_ssdm_op_Read.ap_auto.float, i32 %F_1_reload"   --->   Operation 67 'read' 'F_1_reload_read' <Predicate = true> <Delay = 0.00>
ST_1 : Operation 68 [1/1] (0.00ns)   --->   "%F_27_reload_read = read i32 @_ssdm_op_Read.ap_auto.float, i32 %F_27_reload"   --->   Operation 68 'read' 'F_27_reload_read' <Predicate = true> <Delay = 0.00>
ST_1 : Operation 69 [1/1] (0.00ns)   --->   "%F_21_reload_read = read i32 @_ssdm_op_Read.ap_auto.float, i32 %F_21_reload"   --->   Operation 69 'read' 'F_21_reload_read' <Predicate = true> <Delay = 0.00>
ST_1 : Operation 70 [1/1] (0.00ns)   --->   "%F_15_reload_read = read i32 @_ssdm_op_Read.ap_auto.float, i32 %F_15_reload"   --->   Operation 70 'read' 'F_15_reload_read' <Predicate = true> <Delay = 0.00>
ST_1 : Operation 71 [1/1] (0.00ns)   --->   "%F_10_reload_read = read i32 @_ssdm_op_Read.ap_auto.float, i32 %F_10_reload"   --->   Operation 71 'read' 'F_10_reload_read' <Predicate = true> <Delay = 0.00>
ST_1 : Operation 72 [1/1] (0.00ns)   --->   "%F_5_reload_read = read i32 @_ssdm_op_Read.ap_auto.float, i32 %F_5_reload"   --->   Operation 72 'read' 'F_5_reload_read' <Predicate = true> <Delay = 0.00>
ST_1 : Operation 73 [1/1] (0.00ns)   --->   "%F_reload_read = read i32 @_ssdm_op_Read.ap_auto.float, i32 %F_reload"   --->   Operation 73 'read' 'F_reload_read' <Predicate = true> <Delay = 0.00>
ST_1 : Operation 74 [1/1] (0.42ns)   --->   "%store_ln0 = store i3 0, i3 %i"   --->   Operation 74 'store' 'store_ln0' <Predicate = true> <Delay = 0.42>
ST_1 : Operation 75 [1/1] (0.00ns)   --->   "%br_ln0 = br void %for.body4.i34.i"   --->   Operation 75 'br' 'br_ln0' <Predicate = true> <Delay = 0.00>
ST_1 : Operation 76 [1/1] (0.00ns)   --->   "%i_6 = load i3 %i" [ekf_core.cpp:30->ekf_core.cpp:71->ekf_core.cpp:162]   --->   Operation 76 'load' 'i_6' <Predicate = true> <Delay = 0.00>
ST_1 : Operation 77 [1/1] (0.00ns)   --->   "%specpipeline_ln0 = specpipeline void @_ssdm_op_SpecPipeline, i32 4294967295, i32 0, i32 1, i32 0, void @p_str"   --->   Operation 77 'specpipeline' 'specpipeline_ln0' <Predicate = true> <Delay = 0.00>
ST_1 : Operation 78 [1/1] (0.67ns)   --->   "%icmp_ln30 = icmp_eq  i3 %i_6, i3 6" [ekf_core.cpp:30->ekf_core.cpp:71->ekf_core.cpp:162]   --->   Operation 78 'icmp' 'icmp_ln30' <Predicate = true> <Delay = 0.67> <CoreInst = "Cmp">   --->   Core 9 'Cmp' <Latency = 0> <II = 1> <Delay = 0.67> <FuncUnit> <Opcode : 'icmp'> <InPorts = 2> <OutPorts = 1>
ST_1 : Operation 79 [1/1] (0.67ns)   --->   "%add_ln30 = add i3 %i_6, i3 1" [ekf_core.cpp:30->ekf_core.cpp:71->ekf_core.cpp:162]   --->   Operation 79 'add' 'add_ln30' <Predicate = true> <Delay = 0.67> <CoreInst = "Adder">   --->   Core 1 'Adder' <Latency = 0> <II = 1> <Delay = 0.67> <FuncUnit> <Opcode : 'add' 'sub'> <InPorts = 2> <OutPorts = 1>
ST_1 : Operation 80 [1/1] (0.00ns)   --->   "%br_ln30 = br i1 %icmp_ln30, void %for.body4.i34.i.split, void %for.body8.i.i.preheader.exitStub" [ekf_core.cpp:30->ekf_core.cpp:71->ekf_core.cpp:162]   --->   Operation 80 'br' 'br_ln30' <Predicate = true> <Delay = 0.00>
ST_1 : Operation 81 [1/1] (0.00ns)   --->   "%speclooptripcount_ln66 = speclooptripcount void @_ssdm_op_SpecLoopTripCount, i64 6, i64 6, i64 6" [ekf_core.cpp:66->ekf_core.cpp:162]   --->   Operation 81 'speclooptripcount' 'speclooptripcount_ln66' <Predicate = (!icmp_ln30)> <Delay = 0.00>
ST_1 : Operation 82 [1/1] (0.00ns)   --->   "%specloopname_ln30 = specloopname void @_ssdm_op_SpecLoopName, void @empty_11" [ekf_core.cpp:30->ekf_core.cpp:71->ekf_core.cpp:162]   --->   Operation 82 'specloopname' 'specloopname_ln30' <Predicate = (!icmp_ln30)> <Delay = 0.00>
ST_1 : Operation 83 [1/1] (0.62ns)   --->   "%Ft_41 = mux i32 @_ssdm_op_Mux.ap_auto.6f32.i3, i32 %F_reload_read, i32 %F_5_reload_read, i32 %F_10_reload_read, i32 %F_15_reload_read, i32 %F_21_reload_read, i32 %F_27_reload_read, i3 %i_6" [ekf_core.cpp:33->ekf_core.cpp:71->ekf_core.cpp:162]   --->   Operation 83 'mux' 'Ft_41' <Predicate = (!icmp_ln30)> <Delay = 0.62> <CoreInst = "Multiplexer">   --->   Core 76 'Multiplexer' <Latency = 0> <II = 1> <Delay = 0.62> <FuncUnit> <Opcode : 'mux'> <InPorts = 2> <OutPorts = 1>
ST_1 : Operation 84 [1/1] (0.62ns)   --->   "%Ft_42 = mux i32 @_ssdm_op_Mux.ap_auto.6f32.i3, i32 %F_1_reload_read, i32 %F_6_reload_read, i32 %F_11_reload_read, i32 %F_16_reload_read, i32 %F_22_reload_read, i32 %F_28_reload_read, i3 %i_6" [ekf_core.cpp:33->ekf_core.cpp:71->ekf_core.cpp:162]   --->   Operation 84 'mux' 'Ft_42' <Predicate = (!icmp_ln30)> <Delay = 0.62> <CoreInst = "Multiplexer">   --->   Core 76 'Multiplexer' <Latency = 0> <II = 1> <Delay = 0.62> <FuncUnit> <Opcode : 'mux'> <InPorts = 2> <OutPorts = 1>
ST_1 : Operation 85 [1/1] (0.62ns)   --->   "%Ft_43 = mux i32 @_ssdm_op_Mux.ap_auto.6f32.i3, i32 %F_2_reload_read, i32 %F_7_reload_read, i32 %F_12_reload_read, i32 %F_17_reload_read, i32 %F_23_reload_read, i32 %F_29_reload_read, i3 %i_6" [ekf_core.cpp:33->ekf_core.cpp:71->ekf_core.cpp:162]   --->   Operation 85 'mux' 'Ft_43' <Predicate = (!icmp_ln30)> <Delay = 0.62> <CoreInst = "Multiplexer">   --->   Core 76 'Multiplexer' <Latency = 0> <II = 1> <Delay = 0.62> <FuncUnit> <Opcode : 'mux'> <InPorts = 2> <OutPorts = 1>
ST_1 : Operation 86 [1/1] (0.62ns)   --->   "%Ft_44 = mux i32 @_ssdm_op_Mux.ap_auto.6f32.i3, i32 0.1, i32 %F_8_reload_read, i32 %F_13_reload_read, i32 %F_18_reload_read, i32 %F_24_reload_read, i32 %F_30_reload_read, i3 %i_6" [ekf_core.cpp:33->ekf_core.cpp:71->ekf_core.cpp:162]   --->   Operation 86 'mux' 'Ft_44' <Predicate = (!icmp_ln30)> <Delay = 0.62> <CoreInst = "Multiplexer">   --->   Core 76 'Multiplexer' <Latency = 0> <II = 1> <Delay = 0.62> <FuncUnit> <Opcode : 'mux'> <InPorts = 2> <OutPorts = 1>
ST_1 : Operation 87 [1/1] (0.62ns)   --->   "%Ft_45 = mux i32 @_ssdm_op_Mux.ap_auto.6f32.i3, i32 %F_3_reload_read, i32 0.1, i32 %F_14_reload_read, i32 %F_19_reload_read, i32 %F_25_reload_read, i32 %F_31_reload_read, i3 %i_6" [ekf_core.cpp:33->ekf_core.cpp:71->ekf_core.cpp:162]   --->   Operation 87 'mux' 'Ft_45' <Predicate = (!icmp_ln30)> <Delay = 0.62> <CoreInst = "Multiplexer">   --->   Core 76 'Multiplexer' <Latency = 0> <II = 1> <Delay = 0.62> <FuncUnit> <Opcode : 'mux'> <InPorts = 2> <OutPorts = 1>
ST_1 : Operation 88 [1/1] (0.62ns)   --->   "%Ft_46 = mux i32 @_ssdm_op_Mux.ap_auto.6f32.i3, i32 %F_4_reload_read, i32 %F_9_reload_read, i32 0.1, i32 %F_20_reload_read, i32 %F_26_reload_read, i32 %F_32_reload_read, i3 %i_6" [ekf_core.cpp:33->ekf_core.cpp:71->ekf_core.cpp:162]   --->   Operation 88 'mux' 'Ft_46' <Predicate = (!icmp_ln30)> <Delay = 0.62> <CoreInst = "Multiplexer">   --->   Core 76 'Multiplexer' <Latency = 0> <II = 1> <Delay = 0.62> <FuncUnit> <Opcode : 'mux'> <InPorts = 2> <OutPorts = 1>
ST_1 : Operation 89 [1/1] (0.73ns)   --->   "%switch_ln33 = switch i3 %i_6, void %arrayidx102.i33.i90.5.case.5, i3 0, void %for.body4.i34.i.split.arrayidx102.i33.i90.5.exit_crit_edge34, i3 1, void %arrayidx102.i33.i90.5.case.1, i3 2, void %arrayidx102.i33.i90.5.case.2, i3 3, void %arrayidx102.i33.i90.5.case.3, i3 4, void %for.body4.i34.i.split.arrayidx102.i33.i90.5.exit_crit_edge" [ekf_core.cpp:33->ekf_core.cpp:71->ekf_core.cpp:162]   --->   Operation 89 'switch' 'switch_ln33' <Predicate = (!icmp_ln30)> <Delay = 0.73>
ST_1 : Operation 90 [1/1] (0.00ns)   --->   "%store_ln33 = store i32 %Ft_46, i32 %Ft_34" [ekf_core.cpp:33->ekf_core.cpp:71->ekf_core.cpp:162]   --->   Operation 90 'store' 'store_ln33' <Predicate = (!icmp_ln30 & i_6 == 4)> <Delay = 0.00>
ST_1 : Operation 91 [1/1] (0.00ns)   --->   "%store_ln33 = store i32 %Ft_45, i32 %Ft_28" [ekf_core.cpp:33->ekf_core.cpp:71->ekf_core.cpp:162]   --->   Operation 91 'store' 'store_ln33' <Predicate = (!icmp_ln30 & i_6 == 4)> <Delay = 0.00>
ST_1 : Operation 92 [1/1] (0.00ns)   --->   "%store_ln33 = store i32 %Ft_44, i32 %Ft_22" [ekf_core.cpp:33->ekf_core.cpp:71->ekf_core.cpp:162]   --->   Operation 92 'store' 'store_ln33' <Predicate = (!icmp_ln30 & i_6 == 4)> <Delay = 0.00>
ST_1 : Operation 93 [1/1] (0.00ns)   --->   "%store_ln33 = store i32 %Ft_43, i32 %Ft_16" [ekf_core.cpp:33->ekf_core.cpp:71->ekf_core.cpp:162]   --->   Operation 93 'store' 'store_ln33' <Predicate = (!icmp_ln30 & i_6 == 4)> <Delay = 0.00>
ST_1 : Operation 94 [1/1] (0.00ns)   --->   "%store_ln33 = store i32 %Ft_42, i32 %Ft_10" [ekf_core.cpp:33->ekf_core.cpp:71->ekf_core.cpp:162]   --->   Operation 94 'store' 'store_ln33' <Predicate = (!icmp_ln30 & i_6 == 4)> <Delay = 0.00>
ST_1 : Operation 95 [1/1] (0.00ns)   --->   "%store_ln33 = store i32 %Ft_41, i32 %Ft_4" [ekf_core.cpp:33->ekf_core.cpp:71->ekf_core.cpp:162]   --->   Operation 95 'store' 'store_ln33' <Predicate = (!icmp_ln30 & i_6 == 4)> <Delay = 0.00>
ST_1 : Operation 96 [1/1] (0.00ns)   --->   "%br_ln33 = br void %arrayidx102.i33.i90.5.exit" [ekf_core.cpp:33->ekf_core.cpp:71->ekf_core.cpp:162]   --->   Operation 96 'br' 'br_ln33' <Predicate = (!icmp_ln30 & i_6 == 4)> <Delay = 0.00>
ST_1 : Operation 97 [1/1] (0.00ns)   --->   "%store_ln33 = store i32 %Ft_46, i32 %Ft_33" [ekf_core.cpp:33->ekf_core.cpp:71->ekf_core.cpp:162]   --->   Operation 97 'store' 'store_ln33' <Predicate = (!icmp_ln30 & i_6 == 3)> <Delay = 0.00>
ST_1 : Operation 98 [1/1] (0.00ns)   --->   "%store_ln33 = store i32 %Ft_45, i32 %Ft_27" [ekf_core.cpp:33->ekf_core.cpp:71->ekf_core.cpp:162]   --->   Operation 98 'store' 'store_ln33' <Predicate = (!icmp_ln30 & i_6 == 3)> <Delay = 0.00>
ST_1 : Operation 99 [1/1] (0.00ns)   --->   "%store_ln33 = store i32 %Ft_44, i32 %Ft_21" [ekf_core.cpp:33->ekf_core.cpp:71->ekf_core.cpp:162]   --->   Operation 99 'store' 'store_ln33' <Predicate = (!icmp_ln30 & i_6 == 3)> <Delay = 0.00>
ST_1 : Operation 100 [1/1] (0.00ns)   --->   "%store_ln33 = store i32 %Ft_43, i32 %Ft_15" [ekf_core.cpp:33->ekf_core.cpp:71->ekf_core.cpp:162]   --->   Operation 100 'store' 'store_ln33' <Predicate = (!icmp_ln30 & i_6 == 3)> <Delay = 0.00>
ST_1 : Operation 101 [1/1] (0.00ns)   --->   "%store_ln33 = store i32 %Ft_42, i32 %Ft_9" [ekf_core.cpp:33->ekf_core.cpp:71->ekf_core.cpp:162]   --->   Operation 101 'store' 'store_ln33' <Predicate = (!icmp_ln30 & i_6 == 3)> <Delay = 0.00>
ST_1 : Operation 102 [1/1] (0.00ns)   --->   "%store_ln33 = store i32 %Ft_41, i32 %Ft_3" [ekf_core.cpp:33->ekf_core.cpp:71->ekf_core.cpp:162]   --->   Operation 102 'store' 'store_ln33' <Predicate = (!icmp_ln30 & i_6 == 3)> <Delay = 0.00>
ST_1 : Operation 103 [1/1] (0.00ns)   --->   "%br_ln33 = br void %arrayidx102.i33.i90.5.exit" [ekf_core.cpp:33->ekf_core.cpp:71->ekf_core.cpp:162]   --->   Operation 103 'br' 'br_ln33' <Predicate = (!icmp_ln30 & i_6 == 3)> <Delay = 0.00>
ST_1 : Operation 104 [1/1] (0.00ns)   --->   "%store_ln33 = store i32 %Ft_46, i32 %Ft_32" [ekf_core.cpp:33->ekf_core.cpp:71->ekf_core.cpp:162]   --->   Operation 104 'store' 'store_ln33' <Predicate = (!icmp_ln30 & i_6 == 2)> <Delay = 0.00>
ST_1 : Operation 105 [1/1] (0.00ns)   --->   "%store_ln33 = store i32 %Ft_45, i32 %Ft_26" [ekf_core.cpp:33->ekf_core.cpp:71->ekf_core.cpp:162]   --->   Operation 105 'store' 'store_ln33' <Predicate = (!icmp_ln30 & i_6 == 2)> <Delay = 0.00>
ST_1 : Operation 106 [1/1] (0.00ns)   --->   "%store_ln33 = store i32 %Ft_44, i32 %Ft_20" [ekf_core.cpp:33->ekf_core.cpp:71->ekf_core.cpp:162]   --->   Operation 106 'store' 'store_ln33' <Predicate = (!icmp_ln30 & i_6 == 2)> <Delay = 0.00>
ST_1 : Operation 107 [1/1] (0.00ns)   --->   "%store_ln33 = store i32 %Ft_43, i32 %Ft_14" [ekf_core.cpp:33->ekf_core.cpp:71->ekf_core.cpp:162]   --->   Operation 107 'store' 'store_ln33' <Predicate = (!icmp_ln30 & i_6 == 2)> <Delay = 0.00>
ST_1 : Operation 108 [1/1] (0.00ns)   --->   "%store_ln33 = store i32 %Ft_42, i32 %Ft_8" [ekf_core.cpp:33->ekf_core.cpp:71->ekf_core.cpp:162]   --->   Operation 108 'store' 'store_ln33' <Predicate = (!icmp_ln30 & i_6 == 2)> <Delay = 0.00>
ST_1 : Operation 109 [1/1] (0.00ns)   --->   "%store_ln33 = store i32 %Ft_41, i32 %Ft_2" [ekf_core.cpp:33->ekf_core.cpp:71->ekf_core.cpp:162]   --->   Operation 109 'store' 'store_ln33' <Predicate = (!icmp_ln30 & i_6 == 2)> <Delay = 0.00>
ST_1 : Operation 110 [1/1] (0.00ns)   --->   "%br_ln33 = br void %arrayidx102.i33.i90.5.exit" [ekf_core.cpp:33->ekf_core.cpp:71->ekf_core.cpp:162]   --->   Operation 110 'br' 'br_ln33' <Predicate = (!icmp_ln30 & i_6 == 2)> <Delay = 0.00>
ST_1 : Operation 111 [1/1] (0.00ns)   --->   "%store_ln33 = store i32 %Ft_46, i32 %Ft_31" [ekf_core.cpp:33->ekf_core.cpp:71->ekf_core.cpp:162]   --->   Operation 111 'store' 'store_ln33' <Predicate = (!icmp_ln30 & i_6 == 1)> <Delay = 0.00>
ST_1 : Operation 112 [1/1] (0.00ns)   --->   "%store_ln33 = store i32 %Ft_45, i32 %Ft_25" [ekf_core.cpp:33->ekf_core.cpp:71->ekf_core.cpp:162]   --->   Operation 112 'store' 'store_ln33' <Predicate = (!icmp_ln30 & i_6 == 1)> <Delay = 0.00>
ST_1 : Operation 113 [1/1] (0.00ns)   --->   "%store_ln33 = store i32 %Ft_44, i32 %Ft_19" [ekf_core.cpp:33->ekf_core.cpp:71->ekf_core.cpp:162]   --->   Operation 113 'store' 'store_ln33' <Predicate = (!icmp_ln30 & i_6 == 1)> <Delay = 0.00>
ST_1 : Operation 114 [1/1] (0.00ns)   --->   "%store_ln33 = store i32 %Ft_43, i32 %Ft_13" [ekf_core.cpp:33->ekf_core.cpp:71->ekf_core.cpp:162]   --->   Operation 114 'store' 'store_ln33' <Predicate = (!icmp_ln30 & i_6 == 1)> <Delay = 0.00>
ST_1 : Operation 115 [1/1] (0.00ns)   --->   "%store_ln33 = store i32 %Ft_42, i32 %Ft_7" [ekf_core.cpp:33->ekf_core.cpp:71->ekf_core.cpp:162]   --->   Operation 115 'store' 'store_ln33' <Predicate = (!icmp_ln30 & i_6 == 1)> <Delay = 0.00>
ST_1 : Operation 116 [1/1] (0.00ns)   --->   "%store_ln33 = store i32 %Ft_41, i32 %Ft_1" [ekf_core.cpp:33->ekf_core.cpp:71->ekf_core.cpp:162]   --->   Operation 116 'store' 'store_ln33' <Predicate = (!icmp_ln30 & i_6 == 1)> <Delay = 0.00>
ST_1 : Operation 117 [1/1] (0.00ns)   --->   "%br_ln33 = br void %arrayidx102.i33.i90.5.exit" [ekf_core.cpp:33->ekf_core.cpp:71->ekf_core.cpp:162]   --->   Operation 117 'br' 'br_ln33' <Predicate = (!icmp_ln30 & i_6 == 1)> <Delay = 0.00>
ST_1 : Operation 118 [1/1] (0.00ns)   --->   "%store_ln33 = store i32 %Ft_46, i32 %Ft_30" [ekf_core.cpp:33->ekf_core.cpp:71->ekf_core.cpp:162]   --->   Operation 118 'store' 'store_ln33' <Predicate = (!icmp_ln30 & i_6 == 0)> <Delay = 0.00>
ST_1 : Operation 119 [1/1] (0.00ns)   --->   "%store_ln33 = store i32 %Ft_45, i32 %Ft_24" [ekf_core.cpp:33->ekf_core.cpp:71->ekf_core.cpp:162]   --->   Operation 119 'store' 'store_ln33' <Predicate = (!icmp_ln30 & i_6 == 0)> <Delay = 0.00>
ST_1 : Operation 120 [1/1] (0.00ns)   --->   "%store_ln33 = store i32 %Ft_44, i32 %Ft_18" [ekf_core.cpp:33->ekf_core.cpp:71->ekf_core.cpp:162]   --->   Operation 120 'store' 'store_ln33' <Predicate = (!icmp_ln30 & i_6 == 0)> <Delay = 0.00>
ST_1 : Operation 121 [1/1] (0.00ns)   --->   "%store_ln33 = store i32 %Ft_43, i32 %Ft_12" [ekf_core.cpp:33->ekf_core.cpp:71->ekf_core.cpp:162]   --->   Operation 121 'store' 'store_ln33' <Predicate = (!icmp_ln30 & i_6 == 0)> <Delay = 0.00>
ST_1 : Operation 122 [1/1] (0.00ns)   --->   "%store_ln33 = store i32 %Ft_42, i32 %Ft_6" [ekf_core.cpp:33->ekf_core.cpp:71->ekf_core.cpp:162]   --->   Operation 122 'store' 'store_ln33' <Predicate = (!icmp_ln30 & i_6 == 0)> <Delay = 0.00>
ST_1 : Operation 123 [1/1] (0.00ns)   --->   "%store_ln33 = store i32 %Ft_41, i32 %Ft" [ekf_core.cpp:33->ekf_core.cpp:71->ekf_core.cpp:162]   --->   Operation 123 'store' 'store_ln33' <Predicate = (!icmp_ln30 & i_6 == 0)> <Delay = 0.00>
ST_1 : Operation 124 [1/1] (0.00ns)   --->   "%br_ln33 = br void %arrayidx102.i33.i90.5.exit" [ekf_core.cpp:33->ekf_core.cpp:71->ekf_core.cpp:162]   --->   Operation 124 'br' 'br_ln33' <Predicate = (!icmp_ln30 & i_6 == 0)> <Delay = 0.00>
ST_1 : Operation 125 [1/1] (0.00ns)   --->   "%store_ln33 = store i32 %Ft_46, i32 %Ft_35" [ekf_core.cpp:33->ekf_core.cpp:71->ekf_core.cpp:162]   --->   Operation 125 'store' 'store_ln33' <Predicate = (!icmp_ln30 & i_6 != 0 & i_6 != 1 & i_6 != 2 & i_6 != 3 & i_6 != 4)> <Delay = 0.00>
ST_1 : Operation 126 [1/1] (0.00ns)   --->   "%store_ln33 = store i32 %Ft_45, i32 %Ft_29" [ekf_core.cpp:33->ekf_core.cpp:71->ekf_core.cpp:162]   --->   Operation 126 'store' 'store_ln33' <Predicate = (!icmp_ln30 & i_6 != 0 & i_6 != 1 & i_6 != 2 & i_6 != 3 & i_6 != 4)> <Delay = 0.00>
ST_1 : Operation 127 [1/1] (0.00ns)   --->   "%store_ln33 = store i32 %Ft_44, i32 %Ft_23" [ekf_core.cpp:33->ekf_core.cpp:71->ekf_core.cpp:162]   --->   Operation 127 'store' 'store_ln33' <Predicate = (!icmp_ln30 & i_6 != 0 & i_6 != 1 & i_6 != 2 & i_6 != 3 & i_6 != 4)> <Delay = 0.00>
ST_1 : Operation 128 [1/1] (0.00ns)   --->   "%store_ln33 = store i32 %Ft_43, i32 %Ft_17" [ekf_core.cpp:33->ekf_core.cpp:71->ekf_core.cpp:162]   --->   Operation 128 'store' 'store_ln33' <Predicate = (!icmp_ln30 & i_6 != 0 & i_6 != 1 & i_6 != 2 & i_6 != 3 & i_6 != 4)> <Delay = 0.00>
ST_1 : Operation 129 [1/1] (0.00ns)   --->   "%store_ln33 = store i32 %Ft_42, i32 %Ft_11" [ekf_core.cpp:33->ekf_core.cpp:71->ekf_core.cpp:162]   --->   Operation 129 'store' 'store_ln33' <Predicate = (!icmp_ln30 & i_6 != 0 & i_6 != 1 & i_6 != 2 & i_6 != 3 & i_6 != 4)> <Delay = 0.00>
ST_1 : Operation 130 [1/1] (0.00ns)   --->   "%store_ln33 = store i32 %Ft_41, i32 %Ft_5" [ekf_core.cpp:33->ekf_core.cpp:71->ekf_core.cpp:162]   --->   Operation 130 'store' 'store_ln33' <Predicate = (!icmp_ln30 & i_6 != 0 & i_6 != 1 & i_6 != 2 & i_6 != 3 & i_6 != 4)> <Delay = 0.00>
ST_1 : Operation 131 [1/1] (0.00ns)   --->   "%br_ln33 = br void %arrayidx102.i33.i90.5.exit" [ekf_core.cpp:33->ekf_core.cpp:71->ekf_core.cpp:162]   --->   Operation 131 'br' 'br_ln33' <Predicate = (!icmp_ln30 & i_6 != 0 & i_6 != 1 & i_6 != 2 & i_6 != 3 & i_6 != 4)> <Delay = 0.00>
ST_1 : Operation 132 [1/1] (0.42ns)   --->   "%store_ln30 = store i3 %add_ln30, i3 %i" [ekf_core.cpp:30->ekf_core.cpp:71->ekf_core.cpp:162]   --->   Operation 132 'store' 'store_ln30' <Predicate = (!icmp_ln30)> <Delay = 0.42>
ST_1 : Operation 133 [1/1] (0.00ns)   --->   "%br_ln30 = br void %for.body4.i34.i" [ekf_core.cpp:30->ekf_core.cpp:71->ekf_core.cpp:162]   --->   Operation 133 'br' 'br_ln30' <Predicate = (!icmp_ln30)> <Delay = 0.00>
ST_1 : Operation 134 [1/1] (0.00ns)   --->   "%Ft_load = load i32 %Ft"   --->   Operation 134 'load' 'Ft_load' <Predicate = (icmp_ln30)> <Delay = 0.00>
ST_1 : Operation 135 [1/1] (0.00ns)   --->   "%Ft_1_load = load i32 %Ft_1"   --->   Operation 135 'load' 'Ft_1_load' <Predicate = (icmp_ln30)> <Delay = 0.00>
ST_1 : Operation 136 [1/1] (0.00ns)   --->   "%Ft_2_load = load i32 %Ft_2"   --->   Operation 136 'load' 'Ft_2_load' <Predicate = (icmp_ln30)> <Delay = 0.00>
ST_1 : Operation 137 [1/1] (0.00ns)   --->   "%Ft_3_load = load i32 %Ft_3"   --->   Operation 137 'load' 'Ft_3_load' <Predicate = (icmp_ln30)> <Delay = 0.00>
ST_1 : Operation 138 [1/1] (0.00ns)   --->   "%Ft_4_load = load i32 %Ft_4"   --->   Operation 138 'load' 'Ft_4_load' <Predicate = (icmp_ln30)> <Delay = 0.00>
ST_1 : Operation 139 [1/1] (0.00ns)   --->   "%Ft_5_load = load i32 %Ft_5"   --->   Operation 139 'load' 'Ft_5_load' <Predicate = (icmp_ln30)> <Delay = 0.00>
ST_1 : Operation 140 [1/1] (0.00ns)   --->   "%Ft_6_load = load i32 %Ft_6"   --->   Operation 140 'load' 'Ft_6_load' <Predicate = (icmp_ln30)> <Delay = 0.00>
ST_1 : Operation 141 [1/1] (0.00ns)   --->   "%Ft_7_load = load i32 %Ft_7"   --->   Operation 141 'load' 'Ft_7_load' <Predicate = (icmp_ln30)> <Delay = 0.00>
ST_1 : Operation 142 [1/1] (0.00ns)   --->   "%Ft_8_load = load i32 %Ft_8"   --->   Operation 142 'load' 'Ft_8_load' <Predicate = (icmp_ln30)> <Delay = 0.00>
ST_1 : Operation 143 [1/1] (0.00ns)   --->   "%Ft_9_load = load i32 %Ft_9"   --->   Operation 143 'load' 'Ft_9_load' <Predicate = (icmp_ln30)> <Delay = 0.00>
ST_1 : Operation 144 [1/1] (0.00ns)   --->   "%Ft_10_load = load i32 %Ft_10"   --->   Operation 144 'load' 'Ft_10_load' <Predicate = (icmp_ln30)> <Delay = 0.00>
ST_1 : Operation 145 [1/1] (0.00ns)   --->   "%Ft_11_load = load i32 %Ft_11"   --->   Operation 145 'load' 'Ft_11_load' <Predicate = (icmp_ln30)> <Delay = 0.00>
ST_1 : Operation 146 [1/1] (0.00ns)   --->   "%Ft_12_load = load i32 %Ft_12"   --->   Operation 146 'load' 'Ft_12_load' <Predicate = (icmp_ln30)> <Delay = 0.00>
ST_1 : Operation 147 [1/1] (0.00ns)   --->   "%Ft_13_load = load i32 %Ft_13"   --->   Operation 147 'load' 'Ft_13_load' <Predicate = (icmp_ln30)> <Delay = 0.00>
ST_1 : Operation 148 [1/1] (0.00ns)   --->   "%Ft_14_load = load i32 %Ft_14"   --->   Operation 148 'load' 'Ft_14_load' <Predicate = (icmp_ln30)> <Delay = 0.00>
ST_1 : Operation 149 [1/1] (0.00ns)   --->   "%Ft_15_load = load i32 %Ft_15"   --->   Operation 149 'load' 'Ft_15_load' <Predicate = (icmp_ln30)> <Delay = 0.00>
ST_1 : Operation 150 [1/1] (0.00ns)   --->   "%Ft_16_load = load i32 %Ft_16"   --->   Operation 150 'load' 'Ft_16_load' <Predicate = (icmp_ln30)> <Delay = 0.00>
ST_1 : Operation 151 [1/1] (0.00ns)   --->   "%Ft_17_load = load i32 %Ft_17"   --->   Operation 151 'load' 'Ft_17_load' <Predicate = (icmp_ln30)> <Delay = 0.00>
ST_1 : Operation 152 [1/1] (0.00ns)   --->   "%Ft_18_load = load i32 %Ft_18"   --->   Operation 152 'load' 'Ft_18_load' <Predicate = (icmp_ln30)> <Delay = 0.00>
ST_1 : Operation 153 [1/1] (0.00ns)   --->   "%Ft_19_load = load i32 %Ft_19"   --->   Operation 153 'load' 'Ft_19_load' <Predicate = (icmp_ln30)> <Delay = 0.00>
ST_1 : Operation 154 [1/1] (0.00ns)   --->   "%Ft_20_load = load i32 %Ft_20"   --->   Operation 154 'load' 'Ft_20_load' <Predicate = (icmp_ln30)> <Delay = 0.00>
ST_1 : Operation 155 [1/1] (0.00ns)   --->   "%Ft_21_load = load i32 %Ft_21"   --->   Operation 155 'load' 'Ft_21_load' <Predicate = (icmp_ln30)> <Delay = 0.00>
ST_1 : Operation 156 [1/1] (0.00ns)   --->   "%Ft_22_load = load i32 %Ft_22"   --->   Operation 156 'load' 'Ft_22_load' <Predicate = (icmp_ln30)> <Delay = 0.00>
ST_1 : Operation 157 [1/1] (0.00ns)   --->   "%Ft_23_load = load i32 %Ft_23"   --->   Operation 157 'load' 'Ft_23_load' <Predicate = (icmp_ln30)> <Delay = 0.00>
ST_1 : Operation 158 [1/1] (0.00ns)   --->   "%Ft_24_load = load i32 %Ft_24"   --->   Operation 158 'load' 'Ft_24_load' <Predicate = (icmp_ln30)> <Delay = 0.00>
ST_1 : Operation 159 [1/1] (0.00ns)   --->   "%Ft_25_load = load i32 %Ft_25"   --->   Operation 159 'load' 'Ft_25_load' <Predicate = (icmp_ln30)> <Delay = 0.00>
ST_1 : Operation 160 [1/1] (0.00ns)   --->   "%Ft_26_load = load i32 %Ft_26"   --->   Operation 160 'load' 'Ft_26_load' <Predicate = (icmp_ln30)> <Delay = 0.00>
ST_1 : Operation 161 [1/1] (0.00ns)   --->   "%Ft_27_load = load i32 %Ft_27"   --->   Operation 161 'load' 'Ft_27_load' <Predicate = (icmp_ln30)> <Delay = 0.00>
ST_1 : Operation 162 [1/1] (0.00ns)   --->   "%Ft_28_load = load i32 %Ft_28"   --->   Operation 162 'load' 'Ft_28_load' <Predicate = (icmp_ln30)> <Delay = 0.00>
ST_1 : Operation 163 [1/1] (0.00ns)   --->   "%Ft_29_load = load i32 %Ft_29"   --->   Operation 163 'load' 'Ft_29_load' <Predicate = (icmp_ln30)> <Delay = 0.00>
ST_1 : Operation 164 [1/1] (0.00ns)   --->   "%Ft_30_load = load i32 %Ft_30"   --->   Operation 164 'load' 'Ft_30_load' <Predicate = (icmp_ln30)> <Delay = 0.00>
ST_1 : Operation 165 [1/1] (0.00ns)   --->   "%Ft_31_load = load i32 %Ft_31"   --->   Operation 165 'load' 'Ft_31_load' <Predicate = (icmp_ln30)> <Delay = 0.00>
ST_1 : Operation 166 [1/1] (0.00ns)   --->   "%Ft_32_load = load i32 %Ft_32"   --->   Operation 166 'load' 'Ft_32_load' <Predicate = (icmp_ln30)> <Delay = 0.00>
ST_1 : Operation 167 [1/1] (0.00ns)   --->   "%Ft_33_load = load i32 %Ft_33"   --->   Operation 167 'load' 'Ft_33_load' <Predicate = (icmp_ln30)> <Delay = 0.00>
ST_1 : Operation 168 [1/1] (0.00ns)   --->   "%Ft_34_load = load i32 %Ft_34"   --->   Operation 168 'load' 'Ft_34_load' <Predicate = (icmp_ln30)> <Delay = 0.00>
ST_1 : Operation 169 [1/1] (0.00ns)   --->   "%Ft_35_load = load i32 %Ft_35"   --->   Operation 169 'load' 'Ft_35_load' <Predicate = (icmp_ln30)> <Delay = 0.00>
ST_1 : Operation 170 [1/1] (0.00ns)   --->   "%write_ln0 = write void @_ssdm_op_Write.ap_auto.floatP0A, i32 %Ft_35_out, i32 %Ft_35_load"   --->   Operation 170 'write' 'write_ln0' <Predicate = (icmp_ln30)> <Delay = 0.00>
ST_1 : Operation 171 [1/1] (0.00ns)   --->   "%write_ln0 = write void @_ssdm_op_Write.ap_auto.floatP0A, i32 %Ft_34_out, i32 %Ft_34_load"   --->   Operation 171 'write' 'write_ln0' <Predicate = (icmp_ln30)> <Delay = 0.00>
ST_1 : Operation 172 [1/1] (0.00ns)   --->   "%write_ln0 = write void @_ssdm_op_Write.ap_auto.floatP0A, i32 %Ft_33_out, i32 %Ft_33_load"   --->   Operation 172 'write' 'write_ln0' <Predicate = (icmp_ln30)> <Delay = 0.00>
ST_1 : Operation 173 [1/1] (0.00ns)   --->   "%write_ln0 = write void @_ssdm_op_Write.ap_auto.floatP0A, i32 %Ft_32_out, i32 %Ft_32_load"   --->   Operation 173 'write' 'write_ln0' <Predicate = (icmp_ln30)> <Delay = 0.00>
ST_1 : Operation 174 [1/1] (0.00ns)   --->   "%write_ln0 = write void @_ssdm_op_Write.ap_auto.floatP0A, i32 %Ft_31_out, i32 %Ft_31_load"   --->   Operation 174 'write' 'write_ln0' <Predicate = (icmp_ln30)> <Delay = 0.00>
ST_1 : Operation 175 [1/1] (0.00ns)   --->   "%write_ln0 = write void @_ssdm_op_Write.ap_auto.floatP0A, i32 %Ft_30_out, i32 %Ft_30_load"   --->   Operation 175 'write' 'write_ln0' <Predicate = (icmp_ln30)> <Delay = 0.00>
ST_1 : Operation 176 [1/1] (0.00ns)   --->   "%write_ln0 = write void @_ssdm_op_Write.ap_auto.floatP0A, i32 %Ft_29_out, i32 %Ft_29_load"   --->   Operation 176 'write' 'write_ln0' <Predicate = (icmp_ln30)> <Delay = 0.00>
ST_1 : Operation 177 [1/1] (0.00ns)   --->   "%write_ln0 = write void @_ssdm_op_Write.ap_auto.floatP0A, i32 %Ft_28_out, i32 %Ft_28_load"   --->   Operation 177 'write' 'write_ln0' <Predicate = (icmp_ln30)> <Delay = 0.00>
ST_1 : Operation 178 [1/1] (0.00ns)   --->   "%write_ln0 = write void @_ssdm_op_Write.ap_auto.floatP0A, i32 %Ft_27_out, i32 %Ft_27_load"   --->   Operation 178 'write' 'write_ln0' <Predicate = (icmp_ln30)> <Delay = 0.00>
ST_1 : Operation 179 [1/1] (0.00ns)   --->   "%write_ln0 = write void @_ssdm_op_Write.ap_auto.floatP0A, i32 %Ft_26_out, i32 %Ft_26_load"   --->   Operation 179 'write' 'write_ln0' <Predicate = (icmp_ln30)> <Delay = 0.00>
ST_1 : Operation 180 [1/1] (0.00ns)   --->   "%write_ln0 = write void @_ssdm_op_Write.ap_auto.floatP0A, i32 %Ft_25_out, i32 %Ft_25_load"   --->   Operation 180 'write' 'write_ln0' <Predicate = (icmp_ln30)> <Delay = 0.00>
ST_1 : Operation 181 [1/1] (0.00ns)   --->   "%write_ln0 = write void @_ssdm_op_Write.ap_auto.floatP0A, i32 %Ft_24_out, i32 %Ft_24_load"   --->   Operation 181 'write' 'write_ln0' <Predicate = (icmp_ln30)> <Delay = 0.00>
ST_1 : Operation 182 [1/1] (0.00ns)   --->   "%write_ln0 = write void @_ssdm_op_Write.ap_auto.floatP0A, i32 %Ft_23_out, i32 %Ft_23_load"   --->   Operation 182 'write' 'write_ln0' <Predicate = (icmp_ln30)> <Delay = 0.00>
ST_1 : Operation 183 [1/1] (0.00ns)   --->   "%write_ln0 = write void @_ssdm_op_Write.ap_auto.floatP0A, i32 %Ft_22_out, i32 %Ft_22_load"   --->   Operation 183 'write' 'write_ln0' <Predicate = (icmp_ln30)> <Delay = 0.00>
ST_1 : Operation 184 [1/1] (0.00ns)   --->   "%write_ln0 = write void @_ssdm_op_Write.ap_auto.floatP0A, i32 %Ft_21_out, i32 %Ft_21_load"   --->   Operation 184 'write' 'write_ln0' <Predicate = (icmp_ln30)> <Delay = 0.00>
ST_1 : Operation 185 [1/1] (0.00ns)   --->   "%write_ln0 = write void @_ssdm_op_Write.ap_auto.floatP0A, i32 %Ft_20_out, i32 %Ft_20_load"   --->   Operation 185 'write' 'write_ln0' <Predicate = (icmp_ln30)> <Delay = 0.00>
ST_1 : Operation 186 [1/1] (0.00ns)   --->   "%write_ln0 = write void @_ssdm_op_Write.ap_auto.floatP0A, i32 %Ft_19_out, i32 %Ft_19_load"   --->   Operation 186 'write' 'write_ln0' <Predicate = (icmp_ln30)> <Delay = 0.00>
ST_1 : Operation 187 [1/1] (0.00ns)   --->   "%write_ln0 = write void @_ssdm_op_Write.ap_auto.floatP0A, i32 %Ft_18_out, i32 %Ft_18_load"   --->   Operation 187 'write' 'write_ln0' <Predicate = (icmp_ln30)> <Delay = 0.00>
ST_1 : Operation 188 [1/1] (0.00ns)   --->   "%write_ln0 = write void @_ssdm_op_Write.ap_auto.floatP0A, i32 %Ft_17_out, i32 %Ft_17_load"   --->   Operation 188 'write' 'write_ln0' <Predicate = (icmp_ln30)> <Delay = 0.00>
ST_1 : Operation 189 [1/1] (0.00ns)   --->   "%write_ln0 = write void @_ssdm_op_Write.ap_auto.floatP0A, i32 %Ft_16_out, i32 %Ft_16_load"   --->   Operation 189 'write' 'write_ln0' <Predicate = (icmp_ln30)> <Delay = 0.00>
ST_1 : Operation 190 [1/1] (0.00ns)   --->   "%write_ln0 = write void @_ssdm_op_Write.ap_auto.floatP0A, i32 %Ft_15_out, i32 %Ft_15_load"   --->   Operation 190 'write' 'write_ln0' <Predicate = (icmp_ln30)> <Delay = 0.00>
ST_1 : Operation 191 [1/1] (0.00ns)   --->   "%write_ln0 = write void @_ssdm_op_Write.ap_auto.floatP0A, i32 %Ft_14_out, i32 %Ft_14_load"   --->   Operation 191 'write' 'write_ln0' <Predicate = (icmp_ln30)> <Delay = 0.00>
ST_1 : Operation 192 [1/1] (0.00ns)   --->   "%write_ln0 = write void @_ssdm_op_Write.ap_auto.floatP0A, i32 %Ft_13_out, i32 %Ft_13_load"   --->   Operation 192 'write' 'write_ln0' <Predicate = (icmp_ln30)> <Delay = 0.00>
ST_1 : Operation 193 [1/1] (0.00ns)   --->   "%write_ln0 = write void @_ssdm_op_Write.ap_auto.floatP0A, i32 %Ft_12_out, i32 %Ft_12_load"   --->   Operation 193 'write' 'write_ln0' <Predicate = (icmp_ln30)> <Delay = 0.00>
ST_1 : Operation 194 [1/1] (0.00ns)   --->   "%write_ln0 = write void @_ssdm_op_Write.ap_auto.floatP0A, i32 %Ft_11_out, i32 %Ft_11_load"   --->   Operation 194 'write' 'write_ln0' <Predicate = (icmp_ln30)> <Delay = 0.00>
ST_1 : Operation 195 [1/1] (0.00ns)   --->   "%write_ln0 = write void @_ssdm_op_Write.ap_auto.floatP0A, i32 %Ft_10_out, i32 %Ft_10_load"   --->   Operation 195 'write' 'write_ln0' <Predicate = (icmp_ln30)> <Delay = 0.00>
ST_1 : Operation 196 [1/1] (0.00ns)   --->   "%write_ln0 = write void @_ssdm_op_Write.ap_auto.floatP0A, i32 %Ft_9_out, i32 %Ft_9_load"   --->   Operation 196 'write' 'write_ln0' <Predicate = (icmp_ln30)> <Delay = 0.00>
ST_1 : Operation 197 [1/1] (0.00ns)   --->   "%write_ln0 = write void @_ssdm_op_Write.ap_auto.floatP0A, i32 %Ft_8_out, i32 %Ft_8_load"   --->   Operation 197 'write' 'write_ln0' <Predicate = (icmp_ln30)> <Delay = 0.00>
ST_1 : Operation 198 [1/1] (0.00ns)   --->   "%write_ln0 = write void @_ssdm_op_Write.ap_auto.floatP0A, i32 %Ft_7_out, i32 %Ft_7_load"   --->   Operation 198 'write' 'write_ln0' <Predicate = (icmp_ln30)> <Delay = 0.00>
ST_1 : Operation 199 [1/1] (0.00ns)   --->   "%write_ln0 = write void @_ssdm_op_Write.ap_auto.floatP0A, i32 %Ft_6_out, i32 %Ft_6_load"   --->   Operation 199 'write' 'write_ln0' <Predicate = (icmp_ln30)> <Delay = 0.00>
ST_1 : Operation 200 [1/1] (0.00ns)   --->   "%write_ln0 = write void @_ssdm_op_Write.ap_auto.floatP0A, i32 %Ft_5_out, i32 %Ft_5_load"   --->   Operation 200 'write' 'write_ln0' <Predicate = (icmp_ln30)> <Delay = 0.00>
ST_1 : Operation 201 [1/1] (0.00ns)   --->   "%write_ln0 = write void @_ssdm_op_Write.ap_auto.floatP0A, i32 %Ft_4_out, i32 %Ft_4_load"   --->   Operation 201 'write' 'write_ln0' <Predicate = (icmp_ln30)> <Delay = 0.00>
ST_1 : Operation 202 [1/1] (0.00ns)   --->   "%write_ln0 = write void @_ssdm_op_Write.ap_auto.floatP0A, i32 %Ft_3_out, i32 %Ft_3_load"   --->   Operation 202 'write' 'write_ln0' <Predicate = (icmp_ln30)> <Delay = 0.00>
ST_1 : Operation 203 [1/1] (0.00ns)   --->   "%write_ln0 = write void @_ssdm_op_Write.ap_auto.floatP0A, i32 %Ft_2_out, i32 %Ft_2_load"   --->   Operation 203 'write' 'write_ln0' <Predicate = (icmp_ln30)> <Delay = 0.00>
ST_1 : Operation 204 [1/1] (0.00ns)   --->   "%write_ln0 = write void @_ssdm_op_Write.ap_auto.floatP0A, i32 %Ft_1_out, i32 %Ft_1_load"   --->   Operation 204 'write' 'write_ln0' <Predicate = (icmp_ln30)> <Delay = 0.00>
ST_1 : Operation 205 [1/1] (0.00ns)   --->   "%write_ln0 = write void @_ssdm_op_Write.ap_auto.floatP0A, i32 %Ft_out, i32 %Ft_load"   --->   Operation 205 'write' 'write_ln0' <Predicate = (icmp_ln30)> <Delay = 0.00>
ST_1 : Operation 206 [1/1] (0.00ns)   --->   "%ret_ln0 = ret"   --->   Operation 206 'ret' 'ret_ln0' <Predicate = (icmp_ln30)> <Delay = 0.00>


============================================================
+ Verbose Summary: Binding
============================================================
STG Binding: 
---------------- STG Properties BEGIN ----------------
- Is combinational: 0
- Is one-state seq: 0
- Is datapath-only: 0
- Is pipelined: 0
- Is top level: 0
Port [ Return ] is wired: 1; IO mode=ap_ctrl_hs:ce=0
Port [ F_reload]:  wired=1; compound=0; hidden=0; nouse=0; global=0; static=0; extern=0; dir=0; type=0; pingpong=0; private_global=0; IO mode=ap_none:ce=0
Port [ F_5_reload]:  wired=1; compound=0; hidden=0; nouse=0; global=0; static=0; extern=0; dir=0; type=0; pingpong=0; private_global=0; IO mode=ap_none:ce=0
Port [ F_10_reload]:  wired=1; compound=0; hidden=0; nouse=0; global=0; static=0; extern=0; dir=0; type=0; pingpong=0; private_global=0; IO mode=ap_none:ce=0
Port [ F_15_reload]:  wired=1; compound=0; hidden=0; nouse=0; global=0; static=0; extern=0; dir=0; type=0; pingpong=0; private_global=0; IO mode=ap_none:ce=0
Port [ F_21_reload]:  wired=1; compound=0; hidden=0; nouse=0; global=0; static=0; extern=0; dir=0; type=0; pingpong=0; private_global=0; IO mode=ap_none:ce=0
Port [ F_27_reload]:  wired=1; compound=0; hidden=0; nouse=0; global=0; static=0; extern=0; dir=0; type=0; pingpong=0; private_global=0; IO mode=ap_none:ce=0
Port [ F_1_reload]:  wired=1; compound=0; hidden=0; nouse=0; global=0; static=0; extern=0; dir=0; type=0; pingpong=0; private_global=0; IO mode=ap_none:ce=0
Port [ F_6_reload]:  wired=1; compound=0; hidden=0; nouse=0; global=0; static=0; extern=0; dir=0; type=0; pingpong=0; private_global=0; IO mode=ap_none:ce=0
Port [ F_11_reload]:  wired=1; compound=0; hidden=0; nouse=0; global=0; static=0; extern=0; dir=0; type=0; pingpong=0; private_global=0; IO mode=ap_none:ce=0
Port [ F_16_reload]:  wired=1; compound=0; hidden=0; nouse=0; global=0; static=0; extern=0; dir=0; type=0; pingpong=0; private_global=0; IO mode=ap_none:ce=0
Port [ F_22_reload]:  wired=1; compound=0; hidden=0; nouse=0; global=0; static=0; extern=0; dir=0; type=0; pingpong=0; private_global=0; IO mode=ap_none:ce=0
Port [ F_28_reload]:  wired=1; compound=0; hidden=0; nouse=0; global=0; static=0; extern=0; dir=0; type=0; pingpong=0; private_global=0; IO mode=ap_none:ce=0
Port [ F_2_reload]:  wired=1; compound=0; hidden=0; nouse=0; global=0; static=0; extern=0; dir=0; type=0; pingpong=0; private_global=0; IO mode=ap_none:ce=0
Port [ F_7_reload]:  wired=1; compound=0; hidden=0; nouse=0; global=0; static=0; extern=0; dir=0; type=0; pingpong=0; private_global=0; IO mode=ap_none:ce=0
Port [ F_12_reload]:  wired=1; compound=0; hidden=0; nouse=0; global=0; static=0; extern=0; dir=0; type=0; pingpong=0; private_global=0; IO mode=ap_none:ce=0
Port [ F_17_reload]:  wired=1; compound=0; hidden=0; nouse=0; global=0; static=0; extern=0; dir=0; type=0; pingpong=0; private_global=0; IO mode=ap_none:ce=0
Port [ F_23_reload]:  wired=1; compound=0; hidden=0; nouse=0; global=0; static=0; extern=0; dir=0; type=0; pingpong=0; private_global=0; IO mode=ap_none:ce=0
Port [ F_29_reload]:  wired=1; compound=0; hidden=0; nouse=0; global=0; static=0; extern=0; dir=0; type=0; pingpong=0; private_global=0; IO mode=ap_none:ce=0
Port [ F_8_reload]:  wired=1; compound=0; hidden=0; nouse=0; global=0; static=0; extern=0; dir=0; type=0; pingpong=0; private_global=0; IO mode=ap_none:ce=0
Port [ F_13_reload]:  wired=1; compound=0; hidden=0; nouse=0; global=0; static=0; extern=0; dir=0; type=0; pingpong=0; private_global=0; IO mode=ap_none:ce=0
Port [ F_18_reload]:  wired=1; compound=0; hidden=0; nouse=0; global=0; static=0; extern=0; dir=0; type=0; pingpong=0; private_global=0; IO mode=ap_none:ce=0
Port [ F_24_reload]:  wired=1; compound=0; hidden=0; nouse=0; global=0; static=0; extern=0; dir=0; type=0; pingpong=0; private_global=0; IO mode=ap_none:ce=0
Port [ F_30_reload]:  wired=1; compound=0; hidden=0; nouse=0; global=0; static=0; extern=0; dir=0; type=0; pingpong=0; private_global=0; IO mode=ap_none:ce=0
Port [ F_3_reload]:  wired=1; compound=0; hidden=0; nouse=0; global=0; static=0; extern=0; dir=0; type=0; pingpong=0; private_global=0; IO mode=ap_none:ce=0
Port [ F_14_reload]:  wired=1; compound=0; hidden=0; nouse=0; global=0; static=0; extern=0; dir=0; type=0; pingpong=0; private_global=0; IO mode=ap_none:ce=0
Port [ F_19_reload]:  wired=1; compound=0; hidden=0; nouse=0; global=0; static=0; extern=0; dir=0; type=0; pingpong=0; private_global=0; IO mode=ap_none:ce=0
Port [ F_25_reload]:  wired=1; compound=0; hidden=0; nouse=0; global=0; static=0; extern=0; dir=0; type=0; pingpong=0; private_global=0; IO mode=ap_none:ce=0
Port [ F_31_reload]:  wired=1; compound=0; hidden=0; nouse=0; global=0; static=0; extern=0; dir=0; type=0; pingpong=0; private_global=0; IO mode=ap_none:ce=0
Port [ F_4_reload]:  wired=1; compound=0; hidden=0; nouse=0; global=0; static=0; extern=0; dir=0; type=0; pingpong=0; private_global=0; IO mode=ap_none:ce=0
Port [ F_9_reload]:  wired=1; compound=0; hidden=0; nouse=0; global=0; static=0; extern=0; dir=0; type=0; pingpong=0; private_global=0; IO mode=ap_none:ce=0
Port [ F_20_reload]:  wired=1; compound=0; hidden=0; nouse=0; global=0; static=0; extern=0; dir=0; type=0; pingpong=0; private_global=0; IO mode=ap_none:ce=0
Port [ F_26_reload]:  wired=1; compound=0; hidden=0; nouse=0; global=0; static=0; extern=0; dir=0; type=0; pingpong=0; private_global=0; IO mode=ap_none:ce=0
Port [ F_32_reload]:  wired=1; compound=0; hidden=0; nouse=0; global=0; static=0; extern=0; dir=0; type=0; pingpong=0; private_global=0; IO mode=ap_none:ce=0
Port [ Ft_35_out]:  wired=1; compound=0; hidden=0; nouse=0; global=0; static=0; extern=0; dir=1; type=0; pingpong=0; private_global=0; IO mode=ap_vld:ce=0
Port [ Ft_34_out]:  wired=1; compound=0; hidden=0; nouse=0; global=0; static=0; extern=0; dir=1; type=0; pingpong=0; private_global=0; IO mode=ap_vld:ce=0
Port [ Ft_33_out]:  wired=1; compound=0; hidden=0; nouse=0; global=0; static=0; extern=0; dir=1; type=0; pingpong=0; private_global=0; IO mode=ap_vld:ce=0
Port [ Ft_32_out]:  wired=1; compound=0; hidden=0; nouse=0; global=0; static=0; extern=0; dir=1; type=0; pingpong=0; private_global=0; IO mode=ap_vld:ce=0
Port [ Ft_31_out]:  wired=1; compound=0; hidden=0; nouse=0; global=0; static=0; extern=0; dir=1; type=0; pingpong=0; private_global=0; IO mode=ap_vld:ce=0
Port [ Ft_30_out]:  wired=1; compound=0; hidden=0; nouse=0; global=0; static=0; extern=0; dir=1; type=0; pingpong=0; private_global=0; IO mode=ap_vld:ce=0
Port [ Ft_29_out]:  wired=1; compound=0; hidden=0; nouse=0; global=0; static=0; extern=0; dir=1; type=0; pingpong=0; private_global=0; IO mode=ap_vld:ce=0
Port [ Ft_28_out]:  wired=1; compound=0; hidden=0; nouse=0; global=0; static=0; extern=0; dir=1; type=0; pingpong=0; private_global=0; IO mode=ap_vld:ce=0
Port [ Ft_27_out]:  wired=1; compound=0; hidden=0; nouse=0; global=0; static=0; extern=0; dir=1; type=0; pingpong=0; private_global=0; IO mode=ap_vld:ce=0
Port [ Ft_26_out]:  wired=1; compound=0; hidden=0; nouse=0; global=0; static=0; extern=0; dir=1; type=0; pingpong=0; private_global=0; IO mode=ap_vld:ce=0
Port [ Ft_25_out]:  wired=1; compound=0; hidden=0; nouse=0; global=0; static=0; extern=0; dir=1; type=0; pingpong=0; private_global=0; IO mode=ap_vld:ce=0
Port [ Ft_24_out]:  wired=1; compound=0; hidden=0; nouse=0; global=0; static=0; extern=0; dir=1; type=0; pingpong=0; private_global=0; IO mode=ap_vld:ce=0
Port [ Ft_23_out]:  wired=1; compound=0; hidden=0; nouse=0; global=0; static=0; extern=0; dir=1; type=0; pingpong=0; private_global=0; IO mode=ap_vld:ce=0
Port [ Ft_22_out]:  wired=1; compound=0; hidden=0; nouse=0; global=0; static=0; extern=0; dir=1; type=0; pingpong=0; private_global=0; IO mode=ap_vld:ce=0
Port [ Ft_21_out]:  wired=1; compound=0; hidden=0; nouse=0; global=0; static=0; extern=0; dir=1; type=0; pingpong=0; private_global=0; IO mode=ap_vld:ce=0
Port [ Ft_20_out]:  wired=1; compound=0; hidden=0; nouse=0; global=0; static=0; extern=0; dir=1; type=0; pingpong=0; private_global=0; IO mode=ap_vld:ce=0
Port [ Ft_19_out]:  wired=1; compound=0; hidden=0; nouse=0; global=0; static=0; extern=0; dir=1; type=0; pingpong=0; private_global=0; IO mode=ap_vld:ce=0
Port [ Ft_18_out]:  wired=1; compound=0; hidden=0; nouse=0; global=0; static=0; extern=0; dir=1; type=0; pingpong=0; private_global=0; IO mode=ap_vld:ce=0
Port [ Ft_17_out]:  wired=1; compound=0; hidden=0; nouse=0; global=0; static=0; extern=0; dir=1; type=0; pingpong=0; private_global=0; IO mode=ap_vld:ce=0
Port [ Ft_16_out]:  wired=1; compound=0; hidden=0; nouse=0; global=0; static=0; extern=0; dir=1; type=0; pingpong=0; private_global=0; IO mode=ap_vld:ce=0
Port [ Ft_15_out]:  wired=1; compound=0; hidden=0; nouse=0; global=0; static=0; extern=0; dir=1; type=0; pingpong=0; private_global=0; IO mode=ap_vld:ce=0
Port [ Ft_14_out]:  wired=1; compound=0; hidden=0; nouse=0; global=0; static=0; extern=0; dir=1; type=0; pingpong=0; private_global=0; IO mode=ap_vld:ce=0
Port [ Ft_13_out]:  wired=1; compound=0; hidden=0; nouse=0; global=0; static=0; extern=0; dir=1; type=0; pingpong=0; private_global=0; IO mode=ap_vld:ce=0
Port [ Ft_12_out]:  wired=1; compound=0; hidden=0; nouse=0; global=0; static=0; extern=0; dir=1; type=0; pingpong=0; private_global=0; IO mode=ap_vld:ce=0
Port [ Ft_11_out]:  wired=1; compound=0; hidden=0; nouse=0; global=0; static=0; extern=0; dir=1; type=0; pingpong=0; private_global=0; IO mode=ap_vld:ce=0
Port [ Ft_10_out]:  wired=1; compound=0; hidden=0; nouse=0; global=0; static=0; extern=0; dir=1; type=0; pingpong=0; private_global=0; IO mode=ap_vld:ce=0
Port [ Ft_9_out]:  wired=1; compound=0; hidden=0; nouse=0; global=0; static=0; extern=0; dir=1; type=0; pingpong=0; private_global=0; IO mode=ap_vld:ce=0
Port [ Ft_8_out]:  wired=1; compound=0; hidden=0; nouse=0; global=0; static=0; extern=0; dir=1; type=0; pingpong=0; private_global=0; IO mode=ap_vld:ce=0
Port [ Ft_7_out]:  wired=1; compound=0; hidden=0; nouse=0; global=0; static=0; extern=0; dir=1; type=0; pingpong=0; private_global=0; IO mode=ap_vld:ce=0
Port [ Ft_6_out]:  wired=1; compound=0; hidden=0; nouse=0; global=0; static=0; extern=0; dir=1; type=0; pingpong=0; private_global=0; IO mode=ap_vld:ce=0
Port [ Ft_5_out]:  wired=1; compound=0; hidden=0; nouse=0; global=0; static=0; extern=0; dir=1; type=0; pingpong=0; private_global=0; IO mode=ap_vld:ce=0
Port [ Ft_4_out]:  wired=1; compound=0; hidden=0; nouse=0; global=0; static=0; extern=0; dir=1; type=0; pingpong=0; private_global=0; IO mode=ap_vld:ce=0
Port [ Ft_3_out]:  wired=1; compound=0; hidden=0; nouse=0; global=0; static=0; extern=0; dir=1; type=0; pingpong=0; private_global=0; IO mode=ap_vld:ce=0
Port [ Ft_2_out]:  wired=1; compound=0; hidden=0; nouse=0; global=0; static=0; extern=0; dir=1; type=0; pingpong=0; private_global=0; IO mode=ap_vld:ce=0
Port [ Ft_1_out]:  wired=1; compound=0; hidden=0; nouse=0; global=0; static=0; extern=0; dir=1; type=0; pingpong=0; private_global=0; IO mode=ap_vld:ce=0
Port [ Ft_out]:  wired=1; compound=0; hidden=0; nouse=0; global=0; static=0; extern=0; dir=1; type=0; pingpong=0; private_global=0; IO mode=ap_vld:ce=0
---------------- STG Properties END ------------------

---------------- Datapath Model BEGIN ----------------

<LifeTime>
<method=bitvector/>
i                      (alloca           ) [ 01]
Ft                     (alloca           ) [ 01]
Ft_1                   (alloca           ) [ 01]
Ft_2                   (alloca           ) [ 01]
Ft_3                   (alloca           ) [ 01]
Ft_4                   (alloca           ) [ 01]
Ft_5                   (alloca           ) [ 01]
Ft_6                   (alloca           ) [ 01]
Ft_7                   (alloca           ) [ 01]
Ft_8                   (alloca           ) [ 01]
Ft_9                   (alloca           ) [ 01]
Ft_10                  (alloca           ) [ 01]
Ft_11                  (alloca           ) [ 01]
Ft_12                  (alloca           ) [ 01]
Ft_13                  (alloca           ) [ 01]
Ft_14                  (alloca           ) [ 01]
Ft_15                  (alloca           ) [ 01]
Ft_16                  (alloca           ) [ 01]
Ft_17                  (alloca           ) [ 01]
Ft_18                  (alloca           ) [ 01]
Ft_19                  (alloca           ) [ 01]
Ft_20                  (alloca           ) [ 01]
Ft_21                  (alloca           ) [ 01]
Ft_22                  (alloca           ) [ 01]
Ft_23                  (alloca           ) [ 01]
Ft_24                  (alloca           ) [ 01]
Ft_25                  (alloca           ) [ 01]
Ft_26                  (alloca           ) [ 01]
Ft_27                  (alloca           ) [ 01]
Ft_28                  (alloca           ) [ 01]
Ft_29                  (alloca           ) [ 01]
Ft_30                  (alloca           ) [ 01]
Ft_31                  (alloca           ) [ 01]
Ft_32                  (alloca           ) [ 01]
Ft_33                  (alloca           ) [ 01]
Ft_34                  (alloca           ) [ 01]
Ft_35                  (alloca           ) [ 01]
F_32_reload_read       (read             ) [ 00]
F_26_reload_read       (read             ) [ 00]
F_20_reload_read       (read             ) [ 00]
F_9_reload_read        (read             ) [ 00]
F_4_reload_read        (read             ) [ 00]
F_31_reload_read       (read             ) [ 00]
F_25_reload_read       (read             ) [ 00]
F_19_reload_read       (read             ) [ 00]
F_14_reload_read       (read             ) [ 00]
F_3_reload_read        (read             ) [ 00]
F_30_reload_read       (read             ) [ 00]
F_24_reload_read       (read             ) [ 00]
F_18_reload_read       (read             ) [ 00]
F_13_reload_read       (read             ) [ 00]
F_8_reload_read        (read             ) [ 00]
F_29_reload_read       (read             ) [ 00]
F_23_reload_read       (read             ) [ 00]
F_17_reload_read       (read             ) [ 00]
F_12_reload_read       (read             ) [ 00]
F_7_reload_read        (read             ) [ 00]
F_2_reload_read        (read             ) [ 00]
F_28_reload_read       (read             ) [ 00]
F_22_reload_read       (read             ) [ 00]
F_16_reload_read       (read             ) [ 00]
F_11_reload_read       (read             ) [ 00]
F_6_reload_read        (read             ) [ 00]
F_1_reload_read        (read             ) [ 00]
F_27_reload_read       (read             ) [ 00]
F_21_reload_read       (read             ) [ 00]
F_15_reload_read       (read             ) [ 00]
F_10_reload_read       (read             ) [ 00]
F_5_reload_read        (read             ) [ 00]
F_reload_read          (read             ) [ 00]
store_ln0              (store            ) [ 00]
br_ln0                 (br               ) [ 00]
i_6                    (load             ) [ 01]
specpipeline_ln0       (specpipeline     ) [ 00]
icmp_ln30              (icmp             ) [ 01]
add_ln30               (add              ) [ 00]
br_ln30                (br               ) [ 00]
speclooptripcount_ln66 (speclooptripcount) [ 00]
specloopname_ln30      (specloopname     ) [ 00]
Ft_41                  (mux              ) [ 00]
Ft_42                  (mux              ) [ 00]
Ft_43                  (mux              ) [ 00]
Ft_44                  (mux              ) [ 00]
Ft_45                  (mux              ) [ 00]
Ft_46                  (mux              ) [ 00]
switch_ln33            (switch           ) [ 00]
store_ln33             (store            ) [ 00]
store_ln33             (store            ) [ 00]
store_ln33             (store            ) [ 00]
store_ln33             (store            ) [ 00]
store_ln33             (store            ) [ 00]
store_ln33             (store            ) [ 00]
br_ln33                (br               ) [ 00]
store_ln33             (store            ) [ 00]
store_ln33             (store            ) [ 00]
store_ln33             (store            ) [ 00]
store_ln33             (store            ) [ 00]
store_ln33             (store            ) [ 00]
store_ln33             (store            ) [ 00]
br_ln33                (br               ) [ 00]
store_ln33             (store            ) [ 00]
store_ln33             (store            ) [ 00]
store_ln33             (store            ) [ 00]
store_ln33             (store            ) [ 00]
store_ln33             (store            ) [ 00]
store_ln33             (store            ) [ 00]
br_ln33                (br               ) [ 00]
store_ln33             (store            ) [ 00]
store_ln33             (store            ) [ 00]
store_ln33             (store            ) [ 00]
store_ln33             (store            ) [ 00]
store_ln33             (store            ) [ 00]
store_ln33             (store            ) [ 00]
br_ln33                (br               ) [ 00]
store_ln33             (store            ) [ 00]
store_ln33             (store            ) [ 00]
store_ln33             (store            ) [ 00]
store_ln33             (store            ) [ 00]
store_ln33             (store            ) [ 00]
store_ln33             (store            ) [ 00]
br_ln33                (br               ) [ 00]
store_ln33             (store            ) [ 00]
store_ln33             (store            ) [ 00]
store_ln33             (store            ) [ 00]
store_ln33             (store            ) [ 00]
store_ln33             (store            ) [ 00]
store_ln33             (store            ) [ 00]
br_ln33                (br               ) [ 00]
store_ln30             (store            ) [ 00]
br_ln30                (br               ) [ 00]
Ft_load                (load             ) [ 00]
Ft_1_load              (load             ) [ 00]
Ft_2_load              (load             ) [ 00]
Ft_3_load              (load             ) [ 00]
Ft_4_load              (load             ) [ 00]
Ft_5_load              (load             ) [ 00]
Ft_6_load              (load             ) [ 00]
Ft_7_load              (load             ) [ 00]
Ft_8_load              (load             ) [ 00]
Ft_9_load              (load             ) [ 00]
Ft_10_load             (load             ) [ 00]
Ft_11_load             (load             ) [ 00]
Ft_12_load             (load             ) [ 00]
Ft_13_load             (load             ) [ 00]
Ft_14_load             (load             ) [ 00]
Ft_15_load             (load             ) [ 00]
Ft_16_load             (load             ) [ 00]
Ft_17_load             (load             ) [ 00]
Ft_18_load             (load             ) [ 00]
Ft_19_load             (load             ) [ 00]
Ft_20_load             (load             ) [ 00]
Ft_21_load             (load             ) [ 00]
Ft_22_load             (load             ) [ 00]
Ft_23_load             (load             ) [ 00]
Ft_24_load             (load             ) [ 00]
Ft_25_load             (load             ) [ 00]
Ft_26_load             (load             ) [ 00]
Ft_27_load             (load             ) [ 00]
Ft_28_load             (load             ) [ 00]
Ft_29_load             (load             ) [ 00]
Ft_30_load             (load             ) [ 00]
Ft_31_load             (load             ) [ 00]
Ft_32_load             (load             ) [ 00]
Ft_33_load             (load             ) [ 00]
Ft_34_load             (load             ) [ 00]
Ft_35_load             (load             ) [ 00]
write_ln0              (write            ) [ 00]
write_ln0              (write            ) [ 00]
write_ln0              (write            ) [ 00]
write_ln0              (write            ) [ 00]
write_ln0              (write            ) [ 00]
write_ln0              (write            ) [ 00]
write_ln0              (write            ) [ 00]
write_ln0              (write            ) [ 00]
write_ln0              (write            ) [ 00]
write_ln0              (write            ) [ 00]
write_ln0              (write            ) [ 00]
write_ln0              (write            ) [ 00]
write_ln0              (write            ) [ 00]
write_ln0              (write            ) [ 00]
write_ln0              (write            ) [ 00]
write_ln0              (write            ) [ 00]
write_ln0              (write            ) [ 00]
write_ln0              (write            ) [ 00]
write_ln0              (write            ) [ 00]
write_ln0              (write            ) [ 00]
write_ln0              (write            ) [ 00]
write_ln0              (write            ) [ 00]
write_ln0              (write            ) [ 00]
write_ln0              (write            ) [ 00]
write_ln0              (write            ) [ 00]
write_ln0              (write            ) [ 00]
write_ln0              (write            ) [ 00]
write_ln0              (write            ) [ 00]
write_ln0              (write            ) [ 00]
write_ln0              (write            ) [ 00]
write_ln0              (write            ) [ 00]
write_ln0              (write            ) [ 00]
write_ln0              (write            ) [ 00]
write_ln0              (write            ) [ 00]
write_ln0              (write            ) [ 00]
write_ln0              (write            ) [ 00]
ret_ln0                (ret              ) [ 00]
</LifeTime>

<model>

<comp_list>
<comp id="0" class="1000" name="F_reload">
<pin_list>
<pin id="1" dir="1" index="0" bw="1" slack="0"/>
</pin_list>
<bind>
<StgValue><ssdm name="F_reload"/></StgValue>
</bind>
</comp>

<comp id="2" class="1000" name="F_5_reload">
<pin_list>
<pin id="3" dir="1" index="0" bw="1" slack="0"/>
</pin_list>
<bind>
<StgValue><ssdm name="F_5_reload"/></StgValue>
</bind>
</comp>

<comp id="4" class="1000" name="F_10_reload">
<pin_list>
<pin id="5" dir="1" index="0" bw="1" slack="0"/>
</pin_list>
<bind>
<StgValue><ssdm name="F_10_reload"/></StgValue>
</bind>
</comp>

<comp id="6" class="1000" name="F_15_reload">
<pin_list>
<pin id="7" dir="1" index="0" bw="1" slack="0"/>
</pin_list>
<bind>
<StgValue><ssdm name="F_15_reload"/></StgValue>
</bind>
</comp>

<comp id="8" class="1000" name="F_21_reload">
<pin_list>
<pin id="9" dir="1" index="0" bw="1" slack="0"/>
</pin_list>
<bind>
<StgValue><ssdm name="F_21_reload"/></StgValue>
</bind>
</comp>

<comp id="10" class="1000" name="F_27_reload">
<pin_list>
<pin id="11" dir="1" index="0" bw="1" slack="0"/>
</pin_list>
<bind>
<StgValue><ssdm name="F_27_reload"/></StgValue>
</bind>
</comp>

<comp id="12" class="1000" name="F_1_reload">
<pin_list>
<pin id="13" dir="1" index="0" bw="1" slack="0"/>
</pin_list>
<bind>
<StgValue><ssdm name="F_1_reload"/></StgValue>
</bind>
</comp>

<comp id="14" class="1000" name="F_6_reload">
<pin_list>
<pin id="15" dir="1" index="0" bw="1" slack="0"/>
</pin_list>
<bind>
<StgValue><ssdm name="F_6_reload"/></StgValue>
</bind>
</comp>

<comp id="16" class="1000" name="F_11_reload">
<pin_list>
<pin id="17" dir="1" index="0" bw="1" slack="0"/>
</pin_list>
<bind>
<StgValue><ssdm name="F_11_reload"/></StgValue>
</bind>
</comp>

<comp id="18" class="1000" name="F_16_reload">
<pin_list>
<pin id="19" dir="1" index="0" bw="1" slack="0"/>
</pin_list>
<bind>
<StgValue><ssdm name="F_16_reload"/></StgValue>
</bind>
</comp>

<comp id="20" class="1000" name="F_22_reload">
<pin_list>
<pin id="21" dir="1" index="0" bw="1" slack="0"/>
</pin_list>
<bind>
<StgValue><ssdm name="F_22_reload"/></StgValue>
</bind>
</comp>

<comp id="22" class="1000" name="F_28_reload">
<pin_list>
<pin id="23" dir="1" index="0" bw="1" slack="0"/>
</pin_list>
<bind>
<StgValue><ssdm name="F_28_reload"/></StgValue>
</bind>
</comp>

<comp id="24" class="1000" name="F_2_reload">
<pin_list>
<pin id="25" dir="1" index="0" bw="1" slack="0"/>
</pin_list>
<bind>
<StgValue><ssdm name="F_2_reload"/></StgValue>
</bind>
</comp>

<comp id="26" class="1000" name="F_7_reload">
<pin_list>
<pin id="27" dir="1" index="0" bw="1" slack="0"/>
</pin_list>
<bind>
<StgValue><ssdm name="F_7_reload"/></StgValue>
</bind>
</comp>

<comp id="28" class="1000" name="F_12_reload">
<pin_list>
<pin id="29" dir="1" index="0" bw="1" slack="0"/>
</pin_list>
<bind>
<StgValue><ssdm name="F_12_reload"/></StgValue>
</bind>
</comp>

<comp id="30" class="1000" name="F_17_reload">
<pin_list>
<pin id="31" dir="1" index="0" bw="1" slack="0"/>
</pin_list>
<bind>
<StgValue><ssdm name="F_17_reload"/></StgValue>
</bind>
</comp>

<comp id="32" class="1000" name="F_23_reload">
<pin_list>
<pin id="33" dir="1" index="0" bw="1" slack="0"/>
</pin_list>
<bind>
<StgValue><ssdm name="F_23_reload"/></StgValue>
</bind>
</comp>

<comp id="34" class="1000" name="F_29_reload">
<pin_list>
<pin id="35" dir="1" index="0" bw="1" slack="0"/>
</pin_list>
<bind>
<StgValue><ssdm name="F_29_reload"/></StgValue>
</bind>
</comp>

<comp id="36" class="1000" name="F_8_reload">
<pin_list>
<pin id="37" dir="1" index="0" bw="1" slack="0"/>
</pin_list>
<bind>
<StgValue><ssdm name="F_8_reload"/></StgValue>
</bind>
</comp>

<comp id="38" class="1000" name="F_13_reload">
<pin_list>
<pin id="39" dir="1" index="0" bw="1" slack="0"/>
</pin_list>
<bind>
<StgValue><ssdm name="F_13_reload"/></StgValue>
</bind>
</comp>

<comp id="40" class="1000" name="F_18_reload">
<pin_list>
<pin id="41" dir="1" index="0" bw="1" slack="0"/>
</pin_list>
<bind>
<StgValue><ssdm name="F_18_reload"/></StgValue>
</bind>
</comp>

<comp id="42" class="1000" name="F_24_reload">
<pin_list>
<pin id="43" dir="1" index="0" bw="1" slack="0"/>
</pin_list>
<bind>
<StgValue><ssdm name="F_24_reload"/></StgValue>
</bind>
</comp>

<comp id="44" class="1000" name="F_30_reload">
<pin_list>
<pin id="45" dir="1" index="0" bw="1" slack="0"/>
</pin_list>
<bind>
<StgValue><ssdm name="F_30_reload"/></StgValue>
</bind>
</comp>

<comp id="46" class="1000" name="F_3_reload">
<pin_list>
<pin id="47" dir="1" index="0" bw="1" slack="0"/>
</pin_list>
<bind>
<StgValue><ssdm name="F_3_reload"/></StgValue>
</bind>
</comp>

<comp id="48" class="1000" name="F_14_reload">
<pin_list>
<pin id="49" dir="1" index="0" bw="1" slack="0"/>
</pin_list>
<bind>
<StgValue><ssdm name="F_14_reload"/></StgValue>
</bind>
</comp>

<comp id="50" class="1000" name="F_19_reload">
<pin_list>
<pin id="51" dir="1" index="0" bw="1" slack="0"/>
</pin_list>
<bind>
<StgValue><ssdm name="F_19_reload"/></StgValue>
</bind>
</comp>

<comp id="52" class="1000" name="F_25_reload">
<pin_list>
<pin id="53" dir="1" index="0" bw="1" slack="0"/>
</pin_list>
<bind>
<StgValue><ssdm name="F_25_reload"/></StgValue>
</bind>
</comp>

<comp id="54" class="1000" name="F_31_reload">
<pin_list>
<pin id="55" dir="1" index="0" bw="1" slack="0"/>
</pin_list>
<bind>
<StgValue><ssdm name="F_31_reload"/></StgValue>
</bind>
</comp>

<comp id="56" class="1000" name="F_4_reload">
<pin_list>
<pin id="57" dir="1" index="0" bw="1" slack="0"/>
</pin_list>
<bind>
<StgValue><ssdm name="F_4_reload"/></StgValue>
</bind>
</comp>

<comp id="58" class="1000" name="F_9_reload">
<pin_list>
<pin id="59" dir="1" index="0" bw="1" slack="0"/>
</pin_list>
<bind>
<StgValue><ssdm name="F_9_reload"/></StgValue>
</bind>
</comp>

<comp id="60" class="1000" name="F_20_reload">
<pin_list>
<pin id="61" dir="1" index="0" bw="1" slack="0"/>
</pin_list>
<bind>
<StgValue><ssdm name="F_20_reload"/></StgValue>
</bind>
</comp>

<comp id="62" class="1000" name="F_26_reload">
<pin_list>
<pin id="63" dir="1" index="0" bw="1" slack="0"/>
</pin_list>
<bind>
<StgValue><ssdm name="F_26_reload"/></StgValue>
</bind>
</comp>

<comp id="64" class="1000" name="F_32_reload">
<pin_list>
<pin id="65" dir="1" index="0" bw="1" slack="0"/>
</pin_list>
<bind>
<StgValue><ssdm name="F_32_reload"/></StgValue>
</bind>
</comp>

<comp id="66" class="1000" name="Ft_35_out">
<pin_list>
<pin id="67" dir="1" index="0" bw="1" slack="0"/>
</pin_list>
<bind>
<StgValue><ssdm name="Ft_35_out"/></StgValue>
</bind>
</comp>

<comp id="68" class="1000" name="Ft_34_out">
<pin_list>
<pin id="69" dir="1" index="0" bw="1" slack="0"/>
</pin_list>
<bind>
<StgValue><ssdm name="Ft_34_out"/></StgValue>
</bind>
</comp>

<comp id="70" class="1000" name="Ft_33_out">
<pin_list>
<pin id="71" dir="1" index="0" bw="1" slack="0"/>
</pin_list>
<bind>
<StgValue><ssdm name="Ft_33_out"/></StgValue>
</bind>
</comp>

<comp id="72" class="1000" name="Ft_32_out">
<pin_list>
<pin id="73" dir="1" index="0" bw="1" slack="0"/>
</pin_list>
<bind>
<StgValue><ssdm name="Ft_32_out"/></StgValue>
</bind>
</comp>

<comp id="74" class="1000" name="Ft_31_out">
<pin_list>
<pin id="75" dir="1" index="0" bw="1" slack="0"/>
</pin_list>
<bind>
<StgValue><ssdm name="Ft_31_out"/></StgValue>
</bind>
</comp>

<comp id="76" class="1000" name="Ft_30_out">
<pin_list>
<pin id="77" dir="1" index="0" bw="1" slack="0"/>
</pin_list>
<bind>
<StgValue><ssdm name="Ft_30_out"/></StgValue>
</bind>
</comp>

<comp id="78" class="1000" name="Ft_29_out">
<pin_list>
<pin id="79" dir="1" index="0" bw="1" slack="0"/>
</pin_list>
<bind>
<StgValue><ssdm name="Ft_29_out"/></StgValue>
</bind>
</comp>

<comp id="80" class="1000" name="Ft_28_out">
<pin_list>
<pin id="81" dir="1" index="0" bw="1" slack="0"/>
</pin_list>
<bind>
<StgValue><ssdm name="Ft_28_out"/></StgValue>
</bind>
</comp>

<comp id="82" class="1000" name="Ft_27_out">
<pin_list>
<pin id="83" dir="1" index="0" bw="1" slack="0"/>
</pin_list>
<bind>
<StgValue><ssdm name="Ft_27_out"/></StgValue>
</bind>
</comp>

<comp id="84" class="1000" name="Ft_26_out">
<pin_list>
<pin id="85" dir="1" index="0" bw="1" slack="0"/>
</pin_list>
<bind>
<StgValue><ssdm name="Ft_26_out"/></StgValue>
</bind>
</comp>

<comp id="86" class="1000" name="Ft_25_out">
<pin_list>
<pin id="87" dir="1" index="0" bw="1" slack="0"/>
</pin_list>
<bind>
<StgValue><ssdm name="Ft_25_out"/></StgValue>
</bind>
</comp>

<comp id="88" class="1000" name="Ft_24_out">
<pin_list>
<pin id="89" dir="1" index="0" bw="1" slack="0"/>
</pin_list>
<bind>
<StgValue><ssdm name="Ft_24_out"/></StgValue>
</bind>
</comp>

<comp id="90" class="1000" name="Ft_23_out">
<pin_list>
<pin id="91" dir="1" index="0" bw="1" slack="0"/>
</pin_list>
<bind>
<StgValue><ssdm name="Ft_23_out"/></StgValue>
</bind>
</comp>

<comp id="92" class="1000" name="Ft_22_out">
<pin_list>
<pin id="93" dir="1" index="0" bw="1" slack="0"/>
</pin_list>
<bind>
<StgValue><ssdm name="Ft_22_out"/></StgValue>
</bind>
</comp>

<comp id="94" class="1000" name="Ft_21_out">
<pin_list>
<pin id="95" dir="1" index="0" bw="1" slack="0"/>
</pin_list>
<bind>
<StgValue><ssdm name="Ft_21_out"/></StgValue>
</bind>
</comp>

<comp id="96" class="1000" name="Ft_20_out">
<pin_list>
<pin id="97" dir="1" index="0" bw="1" slack="0"/>
</pin_list>
<bind>
<StgValue><ssdm name="Ft_20_out"/></StgValue>
</bind>
</comp>

<comp id="98" class="1000" name="Ft_19_out">
<pin_list>
<pin id="99" dir="1" index="0" bw="1" slack="0"/>
</pin_list>
<bind>
<StgValue><ssdm name="Ft_19_out"/></StgValue>
</bind>
</comp>

<comp id="100" class="1000" name="Ft_18_out">
<pin_list>
<pin id="101" dir="1" index="0" bw="1" slack="0"/>
</pin_list>
<bind>
<StgValue><ssdm name="Ft_18_out"/></StgValue>
</bind>
</comp>

<comp id="102" class="1000" name="Ft_17_out">
<pin_list>
<pin id="103" dir="1" index="0" bw="1" slack="0"/>
</pin_list>
<bind>
<StgValue><ssdm name="Ft_17_out"/></StgValue>
</bind>
</comp>

<comp id="104" class="1000" name="Ft_16_out">
<pin_list>
<pin id="105" dir="1" index="0" bw="1" slack="0"/>
</pin_list>
<bind>
<StgValue><ssdm name="Ft_16_out"/></StgValue>
</bind>
</comp>

<comp id="106" class="1000" name="Ft_15_out">
<pin_list>
<pin id="107" dir="1" index="0" bw="1" slack="0"/>
</pin_list>
<bind>
<StgValue><ssdm name="Ft_15_out"/></StgValue>
</bind>
</comp>

<comp id="108" class="1000" name="Ft_14_out">
<pin_list>
<pin id="109" dir="1" index="0" bw="1" slack="0"/>
</pin_list>
<bind>
<StgValue><ssdm name="Ft_14_out"/></StgValue>
</bind>
</comp>

<comp id="110" class="1000" name="Ft_13_out">
<pin_list>
<pin id="111" dir="1" index="0" bw="1" slack="0"/>
</pin_list>
<bind>
<StgValue><ssdm name="Ft_13_out"/></StgValue>
</bind>
</comp>

<comp id="112" class="1000" name="Ft_12_out">
<pin_list>
<pin id="113" dir="1" index="0" bw="1" slack="0"/>
</pin_list>
<bind>
<StgValue><ssdm name="Ft_12_out"/></StgValue>
</bind>
</comp>

<comp id="114" class="1000" name="Ft_11_out">
<pin_list>
<pin id="115" dir="1" index="0" bw="1" slack="0"/>
</pin_list>
<bind>
<StgValue><ssdm name="Ft_11_out"/></StgValue>
</bind>
</comp>

<comp id="116" class="1000" name="Ft_10_out">
<pin_list>
<pin id="117" dir="1" index="0" bw="1" slack="0"/>
</pin_list>
<bind>
<StgValue><ssdm name="Ft_10_out"/></StgValue>
</bind>
</comp>

<comp id="118" class="1000" name="Ft_9_out">
<pin_list>
<pin id="119" dir="1" index="0" bw="1" slack="0"/>
</pin_list>
<bind>
<StgValue><ssdm name="Ft_9_out"/></StgValue>
</bind>
</comp>

<comp id="120" class="1000" name="Ft_8_out">
<pin_list>
<pin id="121" dir="1" index="0" bw="1" slack="0"/>
</pin_list>
<bind>
<StgValue><ssdm name="Ft_8_out"/></StgValue>
</bind>
</comp>

<comp id="122" class="1000" name="Ft_7_out">
<pin_list>
<pin id="123" dir="1" index="0" bw="1" slack="0"/>
</pin_list>
<bind>
<StgValue><ssdm name="Ft_7_out"/></StgValue>
</bind>
</comp>

<comp id="124" class="1000" name="Ft_6_out">
<pin_list>
<pin id="125" dir="1" index="0" bw="1" slack="0"/>
</pin_list>
<bind>
<StgValue><ssdm name="Ft_6_out"/></StgValue>
</bind>
</comp>

<comp id="126" class="1000" name="Ft_5_out">
<pin_list>
<pin id="127" dir="1" index="0" bw="1" slack="0"/>
</pin_list>
<bind>
<StgValue><ssdm name="Ft_5_out"/></StgValue>
</bind>
</comp>

<comp id="128" class="1000" name="Ft_4_out">
<pin_list>
<pin id="129" dir="1" index="0" bw="1" slack="0"/>
</pin_list>
<bind>
<StgValue><ssdm name="Ft_4_out"/></StgValue>
</bind>
</comp>

<comp id="130" class="1000" name="Ft_3_out">
<pin_list>
<pin id="131" dir="1" index="0" bw="1" slack="0"/>
</pin_list>
<bind>
<StgValue><ssdm name="Ft_3_out"/></StgValue>
</bind>
</comp>

<comp id="132" class="1000" name="Ft_2_out">
<pin_list>
<pin id="133" dir="1" index="0" bw="1" slack="0"/>
</pin_list>
<bind>
<StgValue><ssdm name="Ft_2_out"/></StgValue>
</bind>
</comp>

<comp id="134" class="1000" name="Ft_1_out">
<pin_list>
<pin id="135" dir="1" index="0" bw="1" slack="0"/>
</pin_list>
<bind>
<StgValue><ssdm name="Ft_1_out"/></StgValue>
</bind>
</comp>

<comp id="136" class="1000" name="Ft_out">
<pin_list>
<pin id="137" dir="1" index="0" bw="1" slack="0"/>
</pin_list>
<bind>
<StgValue><ssdm name="Ft_out"/></StgValue>
</bind>
</comp>

<comp id="138" class="1001" name="const_138">
<pin_list>
<pin id="139" dir="1" index="0" bw="1" slack="0"/>
</pin_list>
<bind>
<StgValue><ssdm name=""/></StgValue>
</bind>
</comp>

<comp id="140" class="1001" name="const_140">
<pin_list>
<pin id="141" dir="1" index="0" bw="1" slack="0"/>
</pin_list>
<bind>
<StgValue><ssdm name="_ssdm_op_Read.ap_auto.float"/></StgValue>
</bind>
</comp>

<comp id="142" class="1001" name="const_142">
<pin_list>
<pin id="143" dir="1" index="0" bw="1" slack="0"/>
</pin_list>
<bind>
<StgValue><ssdm name=""/></StgValue>
</bind>
</comp>

<comp id="144" class="1001" name="const_144">
<pin_list>
<pin id="145" dir="1" index="0" bw="1" slack="2147483647"/>
</pin_list>
<bind>
<StgValue><ssdm name="_ssdm_op_SpecPipeline"/></StgValue>
</bind>
</comp>

<comp id="146" class="1001" name="const_146">
<pin_list>
<pin id="147" dir="1" index="0" bw="1" slack="2147483647"/>
</pin_list>
<bind>
<StgValue><ssdm name=""/></StgValue>
</bind>
</comp>

<comp id="148" class="1001" name="const_148">
<pin_list>
<pin id="149" dir="1" index="0" bw="1" slack="2147483647"/>
</pin_list>
<bind>
<StgValue><ssdm name=""/></StgValue>
</bind>
</comp>

<comp id="150" class="1001" name="const_150">
<pin_list>
<pin id="151" dir="1" index="0" bw="1" slack="2147483647"/>
</pin_list>
<bind>
<StgValue><ssdm name="p_str"/></StgValue>
</bind>
</comp>

<comp id="152" class="1001" name="const_152">
<pin_list>
<pin id="153" dir="1" index="0" bw="1" slack="0"/>
</pin_list>
<bind>
<StgValue><ssdm name=""/></StgValue>
</bind>
</comp>

<comp id="154" class="1001" name="const_154">
<pin_list>
<pin id="155" dir="1" index="0" bw="1" slack="0"/>
</pin_list>
<bind>
<StgValue><ssdm name=""/></StgValue>
</bind>
</comp>

<comp id="156" class="1001" name="const_156">
<pin_list>
<pin id="157" dir="1" index="0" bw="1" slack="2147483647"/>
</pin_list>
<bind>
<StgValue><ssdm name="_ssdm_op_SpecLoopTripCount"/></StgValue>
</bind>
</comp>

<comp id="158" class="1001" name="const_158">
<pin_list>
<pin id="159" dir="1" index="0" bw="1" slack="2147483647"/>
</pin_list>
<bind>
<StgValue><ssdm name=""/></StgValue>
</bind>
</comp>

<comp id="160" class="1001" name="const_160">
<pin_list>
<pin id="161" dir="1" index="0" bw="1" slack="2147483647"/>
</pin_list>
<bind>
<StgValue><ssdm name="_ssdm_op_SpecLoopName"/></StgValue>
</bind>
</comp>

<comp id="162" class="1001" name="const_162">
<pin_list>
<pin id="163" dir="1" index="0" bw="1" slack="2147483647"/>
</pin_list>
<bind>
<StgValue><ssdm name="empty_11"/></StgValue>
</bind>
</comp>

<comp id="164" class="1001" name="const_164">
<pin_list>
<pin id="165" dir="1" index="0" bw="1" slack="0"/>
</pin_list>
<bind>
<StgValue><ssdm name="_ssdm_op_Mux.ap_auto.6f32.i3"/></StgValue>
</bind>
</comp>

<comp id="166" class="1001" name="const_166">
<pin_list>
<pin id="167" dir="1" index="0" bw="1" slack="0"/>
</pin_list>
<bind>
<StgValue><ssdm name=""/></StgValue>
</bind>
</comp>

<comp id="168" class="1001" name="const_168">
<pin_list>
<pin id="169" dir="1" index="0" bw="1" slack="2147483647"/>
</pin_list>
<bind>
<StgValue><ssdm name=""/></StgValue>
</bind>
</comp>

<comp id="170" class="1001" name="const_170">
<pin_list>
<pin id="171" dir="1" index="0" bw="1" slack="2147483647"/>
</pin_list>
<bind>
<StgValue><ssdm name=""/></StgValue>
</bind>
</comp>

<comp id="172" class="1001" name="const_172">
<pin_list>
<pin id="173" dir="1" index="0" bw="1" slack="2147483647"/>
</pin_list>
<bind>
<StgValue><ssdm name=""/></StgValue>
</bind>
</comp>

<comp id="174" class="1001" name="const_174">
<pin_list>
<pin id="175" dir="1" index="0" bw="1" slack="0"/>
</pin_list>
<bind>
<StgValue><ssdm name="_ssdm_op_Write.ap_auto.floatP0A"/></StgValue>
</bind>
</comp>

<comp id="176" class="1004" name="i_fu_176">
<pin_list>
<pin id="177" dir="0" index="0" bw="1" slack="0"/>
<pin id="178" dir="1" index="1" bw="3" slack="0"/>
</pin_list>
<bind>
<opcode="alloca(26) " fcode="alloca"/>
<opset="i/1 "/>
</bind>
</comp>

<comp id="180" class="1004" name="Ft_fu_180">
<pin_list>
<pin id="181" dir="0" index="0" bw="1" slack="0"/>
<pin id="182" dir="1" index="1" bw="32" slack="0"/>
</pin_list>
<bind>
<opcode="alloca(26) " fcode="alloca"/>
<opset="Ft/1 "/>
</bind>
</comp>

<comp id="184" class="1004" name="Ft_1_fu_184">
<pin_list>
<pin id="185" dir="0" index="0" bw="1" slack="0"/>
<pin id="186" dir="1" index="1" bw="32" slack="0"/>
</pin_list>
<bind>
<opcode="alloca(26) " fcode="alloca"/>
<opset="Ft_1/1 "/>
</bind>
</comp>

<comp id="188" class="1004" name="Ft_2_fu_188">
<pin_list>
<pin id="189" dir="0" index="0" bw="1" slack="0"/>
<pin id="190" dir="1" index="1" bw="32" slack="0"/>
</pin_list>
<bind>
<opcode="alloca(26) " fcode="alloca"/>
<opset="Ft_2/1 "/>
</bind>
</comp>

<comp id="192" class="1004" name="Ft_3_fu_192">
<pin_list>
<pin id="193" dir="0" index="0" bw="1" slack="0"/>
<pin id="194" dir="1" index="1" bw="32" slack="0"/>
</pin_list>
<bind>
<opcode="alloca(26) " fcode="alloca"/>
<opset="Ft_3/1 "/>
</bind>
</comp>

<comp id="196" class="1004" name="Ft_4_fu_196">
<pin_list>
<pin id="197" dir="0" index="0" bw="1" slack="0"/>
<pin id="198" dir="1" index="1" bw="32" slack="0"/>
</pin_list>
<bind>
<opcode="alloca(26) " fcode="alloca"/>
<opset="Ft_4/1 "/>
</bind>
</comp>

<comp id="200" class="1004" name="Ft_5_fu_200">
<pin_list>
<pin id="201" dir="0" index="0" bw="1" slack="0"/>
<pin id="202" dir="1" index="1" bw="32" slack="0"/>
</pin_list>
<bind>
<opcode="alloca(26) " fcode="alloca"/>
<opset="Ft_5/1 "/>
</bind>
</comp>

<comp id="204" class="1004" name="Ft_6_fu_204">
<pin_list>
<pin id="205" dir="0" index="0" bw="1" slack="0"/>
<pin id="206" dir="1" index="1" bw="32" slack="0"/>
</pin_list>
<bind>
<opcode="alloca(26) " fcode="alloca"/>
<opset="Ft_6/1 "/>
</bind>
</comp>

<comp id="208" class="1004" name="Ft_7_fu_208">
<pin_list>
<pin id="209" dir="0" index="0" bw="1" slack="0"/>
<pin id="210" dir="1" index="1" bw="32" slack="0"/>
</pin_list>
<bind>
<opcode="alloca(26) " fcode="alloca"/>
<opset="Ft_7/1 "/>
</bind>
</comp>

<comp id="212" class="1004" name="Ft_8_fu_212">
<pin_list>
<pin id="213" dir="0" index="0" bw="1" slack="0"/>
<pin id="214" dir="1" index="1" bw="32" slack="0"/>
</pin_list>
<bind>
<opcode="alloca(26) " fcode="alloca"/>
<opset="Ft_8/1 "/>
</bind>
</comp>

<comp id="216" class="1004" name="Ft_9_fu_216">
<pin_list>
<pin id="217" dir="0" index="0" bw="1" slack="0"/>
<pin id="218" dir="1" index="1" bw="32" slack="0"/>
</pin_list>
<bind>
<opcode="alloca(26) " fcode="alloca"/>
<opset="Ft_9/1 "/>
</bind>
</comp>

<comp id="220" class="1004" name="Ft_10_fu_220">
<pin_list>
<pin id="221" dir="0" index="0" bw="1" slack="0"/>
<pin id="222" dir="1" index="1" bw="32" slack="0"/>
</pin_list>
<bind>
<opcode="alloca(26) " fcode="alloca"/>
<opset="Ft_10/1 "/>
</bind>
</comp>

<comp id="224" class="1004" name="Ft_11_fu_224">
<pin_list>
<pin id="225" dir="0" index="0" bw="1" slack="0"/>
<pin id="226" dir="1" index="1" bw="32" slack="0"/>
</pin_list>
<bind>
<opcode="alloca(26) " fcode="alloca"/>
<opset="Ft_11/1 "/>
</bind>
</comp>

<comp id="228" class="1004" name="Ft_12_fu_228">
<pin_list>
<pin id="229" dir="0" index="0" bw="1" slack="0"/>
<pin id="230" dir="1" index="1" bw="32" slack="0"/>
</pin_list>
<bind>
<opcode="alloca(26) " fcode="alloca"/>
<opset="Ft_12/1 "/>
</bind>
</comp>

<comp id="232" class="1004" name="Ft_13_fu_232">
<pin_list>
<pin id="233" dir="0" index="0" bw="1" slack="0"/>
<pin id="234" dir="1" index="1" bw="32" slack="0"/>
</pin_list>
<bind>
<opcode="alloca(26) " fcode="alloca"/>
<opset="Ft_13/1 "/>
</bind>
</comp>

<comp id="236" class="1004" name="Ft_14_fu_236">
<pin_list>
<pin id="237" dir="0" index="0" bw="1" slack="0"/>
<pin id="238" dir="1" index="1" bw="32" slack="0"/>
</pin_list>
<bind>
<opcode="alloca(26) " fcode="alloca"/>
<opset="Ft_14/1 "/>
</bind>
</comp>

<comp id="240" class="1004" name="Ft_15_fu_240">
<pin_list>
<pin id="241" dir="0" index="0" bw="1" slack="0"/>
<pin id="242" dir="1" index="1" bw="32" slack="0"/>
</pin_list>
<bind>
<opcode="alloca(26) " fcode="alloca"/>
<opset="Ft_15/1 "/>
</bind>
</comp>

<comp id="244" class="1004" name="Ft_16_fu_244">
<pin_list>
<pin id="245" dir="0" index="0" bw="1" slack="0"/>
<pin id="246" dir="1" index="1" bw="32" slack="0"/>
</pin_list>
<bind>
<opcode="alloca(26) " fcode="alloca"/>
<opset="Ft_16/1 "/>
</bind>
</comp>

<comp id="248" class="1004" name="Ft_17_fu_248">
<pin_list>
<pin id="249" dir="0" index="0" bw="1" slack="0"/>
<pin id="250" dir="1" index="1" bw="32" slack="0"/>
</pin_list>
<bind>
<opcode="alloca(26) " fcode="alloca"/>
<opset="Ft_17/1 "/>
</bind>
</comp>

<comp id="252" class="1004" name="Ft_18_fu_252">
<pin_list>
<pin id="253" dir="0" index="0" bw="1" slack="0"/>
<pin id="254" dir="1" index="1" bw="32" slack="0"/>
</pin_list>
<bind>
<opcode="alloca(26) " fcode="alloca"/>
<opset="Ft_18/1 "/>
</bind>
</comp>

<comp id="256" class="1004" name="Ft_19_fu_256">
<pin_list>
<pin id="257" dir="0" index="0" bw="1" slack="0"/>
<pin id="258" dir="1" index="1" bw="32" slack="0"/>
</pin_list>
<bind>
<opcode="alloca(26) " fcode="alloca"/>
<opset="Ft_19/1 "/>
</bind>
</comp>

<comp id="260" class="1004" name="Ft_20_fu_260">
<pin_list>
<pin id="261" dir="0" index="0" bw="1" slack="0"/>
<pin id="262" dir="1" index="1" bw="32" slack="0"/>
</pin_list>
<bind>
<opcode="alloca(26) " fcode="alloca"/>
<opset="Ft_20/1 "/>
</bind>
</comp>

<comp id="264" class="1004" name="Ft_21_fu_264">
<pin_list>
<pin id="265" dir="0" index="0" bw="1" slack="0"/>
<pin id="266" dir="1" index="1" bw="32" slack="0"/>
</pin_list>
<bind>
<opcode="alloca(26) " fcode="alloca"/>
<opset="Ft_21/1 "/>
</bind>
</comp>

<comp id="268" class="1004" name="Ft_22_fu_268">
<pin_list>
<pin id="269" dir="0" index="0" bw="1" slack="0"/>
<pin id="270" dir="1" index="1" bw="32" slack="0"/>
</pin_list>
<bind>
<opcode="alloca(26) " fcode="alloca"/>
<opset="Ft_22/1 "/>
</bind>
</comp>

<comp id="272" class="1004" name="Ft_23_fu_272">
<pin_list>
<pin id="273" dir="0" index="0" bw="1" slack="0"/>
<pin id="274" dir="1" index="1" bw="32" slack="0"/>
</pin_list>
<bind>
<opcode="alloca(26) " fcode="alloca"/>
<opset="Ft_23/1 "/>
</bind>
</comp>

<comp id="276" class="1004" name="Ft_24_fu_276">
<pin_list>
<pin id="277" dir="0" index="0" bw="1" slack="0"/>
<pin id="278" dir="1" index="1" bw="32" slack="0"/>
</pin_list>
<bind>
<opcode="alloca(26) " fcode="alloca"/>
<opset="Ft_24/1 "/>
</bind>
</comp>

<comp id="280" class="1004" name="Ft_25_fu_280">
<pin_list>
<pin id="281" dir="0" index="0" bw="1" slack="0"/>
<pin id="282" dir="1" index="1" bw="32" slack="0"/>
</pin_list>
<bind>
<opcode="alloca(26) " fcode="alloca"/>
<opset="Ft_25/1 "/>
</bind>
</comp>

<comp id="284" class="1004" name="Ft_26_fu_284">
<pin_list>
<pin id="285" dir="0" index="0" bw="1" slack="0"/>
<pin id="286" dir="1" index="1" bw="32" slack="0"/>
</pin_list>
<bind>
<opcode="alloca(26) " fcode="alloca"/>
<opset="Ft_26/1 "/>
</bind>
</comp>

<comp id="288" class="1004" name="Ft_27_fu_288">
<pin_list>
<pin id="289" dir="0" index="0" bw="1" slack="0"/>
<pin id="290" dir="1" index="1" bw="32" slack="0"/>
</pin_list>
<bind>
<opcode="alloca(26) " fcode="alloca"/>
<opset="Ft_27/1 "/>
</bind>
</comp>

<comp id="292" class="1004" name="Ft_28_fu_292">
<pin_list>
<pin id="293" dir="0" index="0" bw="1" slack="0"/>
<pin id="294" dir="1" index="1" bw="32" slack="0"/>
</pin_list>
<bind>
<opcode="alloca(26) " fcode="alloca"/>
<opset="Ft_28/1 "/>
</bind>
</comp>

<comp id="296" class="1004" name="Ft_29_fu_296">
<pin_list>
<pin id="297" dir="0" index="0" bw="1" slack="0"/>
<pin id="298" dir="1" index="1" bw="32" slack="0"/>
</pin_list>
<bind>
<opcode="alloca(26) " fcode="alloca"/>
<opset="Ft_29/1 "/>
</bind>
</comp>

<comp id="300" class="1004" name="Ft_30_fu_300">
<pin_list>
<pin id="301" dir="0" index="0" bw="1" slack="0"/>
<pin id="302" dir="1" index="1" bw="32" slack="0"/>
</pin_list>
<bind>
<opcode="alloca(26) " fcode="alloca"/>
<opset="Ft_30/1 "/>
</bind>
</comp>

<comp id="304" class="1004" name="Ft_31_fu_304">
<pin_list>
<pin id="305" dir="0" index="0" bw="1" slack="0"/>
<pin id="306" dir="1" index="1" bw="32" slack="0"/>
</pin_list>
<bind>
<opcode="alloca(26) " fcode="alloca"/>
<opset="Ft_31/1 "/>
</bind>
</comp>

<comp id="308" class="1004" name="Ft_32_fu_308">
<pin_list>
<pin id="309" dir="0" index="0" bw="1" slack="0"/>
<pin id="310" dir="1" index="1" bw="32" slack="0"/>
</pin_list>
<bind>
<opcode="alloca(26) " fcode="alloca"/>
<opset="Ft_32/1 "/>
</bind>
</comp>

<comp id="312" class="1004" name="Ft_33_fu_312">
<pin_list>
<pin id="313" dir="0" index="0" bw="1" slack="0"/>
<pin id="314" dir="1" index="1" bw="32" slack="0"/>
</pin_list>
<bind>
<opcode="alloca(26) " fcode="alloca"/>
<opset="Ft_33/1 "/>
</bind>
</comp>

<comp id="316" class="1004" name="Ft_34_fu_316">
<pin_list>
<pin id="317" dir="0" index="0" bw="1" slack="0"/>
<pin id="318" dir="1" index="1" bw="32" slack="0"/>
</pin_list>
<bind>
<opcode="alloca(26) " fcode="alloca"/>
<opset="Ft_34/1 "/>
</bind>
</comp>

<comp id="320" class="1004" name="Ft_35_fu_320">
<pin_list>
<pin id="321" dir="0" index="0" bw="1" slack="0"/>
<pin id="322" dir="1" index="1" bw="32" slack="0"/>
</pin_list>
<bind>
<opcode="alloca(26) " fcode="alloca"/>
<opset="Ft_35/1 "/>
</bind>
</comp>

<comp id="324" class="1004" name="F_32_reload_read_read_fu_324">
<pin_list>
<pin id="325" dir="0" index="0" bw="32" slack="0"/>
<pin id="326" dir="0" index="1" bw="32" slack="0"/>
<pin id="327" dir="1" index="2" bw="32" slack="0"/>
</pin_list>
<bind>
<opcode="read(1150) " fcode="read"/>
<opset="F_32_reload_read/1 "/>
</bind>
</comp>

<comp id="330" class="1004" name="F_26_reload_read_read_fu_330">
<pin_list>
<pin id="331" dir="0" index="0" bw="32" slack="0"/>
<pin id="332" dir="0" index="1" bw="32" slack="0"/>
<pin id="333" dir="1" index="2" bw="32" slack="0"/>
</pin_list>
<bind>
<opcode="read(1150) " fcode="read"/>
<opset="F_26_reload_read/1 "/>
</bind>
</comp>

<comp id="336" class="1004" name="F_20_reload_read_read_fu_336">
<pin_list>
<pin id="337" dir="0" index="0" bw="32" slack="0"/>
<pin id="338" dir="0" index="1" bw="32" slack="0"/>
<pin id="339" dir="1" index="2" bw="32" slack="0"/>
</pin_list>
<bind>
<opcode="read(1150) " fcode="read"/>
<opset="F_20_reload_read/1 "/>
</bind>
</comp>

<comp id="342" class="1004" name="F_9_reload_read_read_fu_342">
<pin_list>
<pin id="343" dir="0" index="0" bw="32" slack="0"/>
<pin id="344" dir="0" index="1" bw="32" slack="0"/>
<pin id="345" dir="1" index="2" bw="32" slack="0"/>
</pin_list>
<bind>
<opcode="read(1150) " fcode="read"/>
<opset="F_9_reload_read/1 "/>
</bind>
</comp>

<comp id="348" class="1004" name="F_4_reload_read_read_fu_348">
<pin_list>
<pin id="349" dir="0" index="0" bw="32" slack="0"/>
<pin id="350" dir="0" index="1" bw="32" slack="0"/>
<pin id="351" dir="1" index="2" bw="32" slack="0"/>
</pin_list>
<bind>
<opcode="read(1150) " fcode="read"/>
<opset="F_4_reload_read/1 "/>
</bind>
</comp>

<comp id="354" class="1004" name="F_31_reload_read_read_fu_354">
<pin_list>
<pin id="355" dir="0" index="0" bw="32" slack="0"/>
<pin id="356" dir="0" index="1" bw="32" slack="0"/>
<pin id="357" dir="1" index="2" bw="32" slack="0"/>
</pin_list>
<bind>
<opcode="read(1150) " fcode="read"/>
<opset="F_31_reload_read/1 "/>
</bind>
</comp>

<comp id="360" class="1004" name="F_25_reload_read_read_fu_360">
<pin_list>
<pin id="361" dir="0" index="0" bw="32" slack="0"/>
<pin id="362" dir="0" index="1" bw="32" slack="0"/>
<pin id="363" dir="1" index="2" bw="32" slack="0"/>
</pin_list>
<bind>
<opcode="read(1150) " fcode="read"/>
<opset="F_25_reload_read/1 "/>
</bind>
</comp>

<comp id="366" class="1004" name="F_19_reload_read_read_fu_366">
<pin_list>
<pin id="367" dir="0" index="0" bw="32" slack="0"/>
<pin id="368" dir="0" index="1" bw="32" slack="0"/>
<pin id="369" dir="1" index="2" bw="32" slack="0"/>
</pin_list>
<bind>
<opcode="read(1150) " fcode="read"/>
<opset="F_19_reload_read/1 "/>
</bind>
</comp>

<comp id="372" class="1004" name="F_14_reload_read_read_fu_372">
<pin_list>
<pin id="373" dir="0" index="0" bw="32" slack="0"/>
<pin id="374" dir="0" index="1" bw="32" slack="0"/>
<pin id="375" dir="1" index="2" bw="32" slack="0"/>
</pin_list>
<bind>
<opcode="read(1150) " fcode="read"/>
<opset="F_14_reload_read/1 "/>
</bind>
</comp>

<comp id="378" class="1004" name="F_3_reload_read_read_fu_378">
<pin_list>
<pin id="379" dir="0" index="0" bw="32" slack="0"/>
<pin id="380" dir="0" index="1" bw="32" slack="0"/>
<pin id="381" dir="1" index="2" bw="32" slack="0"/>
</pin_list>
<bind>
<opcode="read(1150) " fcode="read"/>
<opset="F_3_reload_read/1 "/>
</bind>
</comp>

<comp id="384" class="1004" name="F_30_reload_read_read_fu_384">
<pin_list>
<pin id="385" dir="0" index="0" bw="32" slack="0"/>
<pin id="386" dir="0" index="1" bw="32" slack="0"/>
<pin id="387" dir="1" index="2" bw="32" slack="0"/>
</pin_list>
<bind>
<opcode="read(1150) " fcode="read"/>
<opset="F_30_reload_read/1 "/>
</bind>
</comp>

<comp id="390" class="1004" name="F_24_reload_read_read_fu_390">
<pin_list>
<pin id="391" dir="0" index="0" bw="32" slack="0"/>
<pin id="392" dir="0" index="1" bw="32" slack="0"/>
<pin id="393" dir="1" index="2" bw="32" slack="0"/>
</pin_list>
<bind>
<opcode="read(1150) " fcode="read"/>
<opset="F_24_reload_read/1 "/>
</bind>
</comp>

<comp id="396" class="1004" name="F_18_reload_read_read_fu_396">
<pin_list>
<pin id="397" dir="0" index="0" bw="32" slack="0"/>
<pin id="398" dir="0" index="1" bw="32" slack="0"/>
<pin id="399" dir="1" index="2" bw="32" slack="0"/>
</pin_list>
<bind>
<opcode="read(1150) " fcode="read"/>
<opset="F_18_reload_read/1 "/>
</bind>
</comp>

<comp id="402" class="1004" name="F_13_reload_read_read_fu_402">
<pin_list>
<pin id="403" dir="0" index="0" bw="32" slack="0"/>
<pin id="404" dir="0" index="1" bw="32" slack="0"/>
<pin id="405" dir="1" index="2" bw="32" slack="0"/>
</pin_list>
<bind>
<opcode="read(1150) " fcode="read"/>
<opset="F_13_reload_read/1 "/>
</bind>
</comp>

<comp id="408" class="1004" name="F_8_reload_read_read_fu_408">
<pin_list>
<pin id="409" dir="0" index="0" bw="32" slack="0"/>
<pin id="410" dir="0" index="1" bw="32" slack="0"/>
<pin id="411" dir="1" index="2" bw="32" slack="0"/>
</pin_list>
<bind>
<opcode="read(1150) " fcode="read"/>
<opset="F_8_reload_read/1 "/>
</bind>
</comp>

<comp id="414" class="1004" name="F_29_reload_read_read_fu_414">
<pin_list>
<pin id="415" dir="0" index="0" bw="32" slack="0"/>
<pin id="416" dir="0" index="1" bw="32" slack="0"/>
<pin id="417" dir="1" index="2" bw="32" slack="0"/>
</pin_list>
<bind>
<opcode="read(1150) " fcode="read"/>
<opset="F_29_reload_read/1 "/>
</bind>
</comp>

<comp id="420" class="1004" name="F_23_reload_read_read_fu_420">
<pin_list>
<pin id="421" dir="0" index="0" bw="32" slack="0"/>
<pin id="422" dir="0" index="1" bw="32" slack="0"/>
<pin id="423" dir="1" index="2" bw="32" slack="0"/>
</pin_list>
<bind>
<opcode="read(1150) " fcode="read"/>
<opset="F_23_reload_read/1 "/>
</bind>
</comp>

<comp id="426" class="1004" name="F_17_reload_read_read_fu_426">
<pin_list>
<pin id="427" dir="0" index="0" bw="32" slack="0"/>
<pin id="428" dir="0" index="1" bw="32" slack="0"/>
<pin id="429" dir="1" index="2" bw="32" slack="0"/>
</pin_list>
<bind>
<opcode="read(1150) " fcode="read"/>
<opset="F_17_reload_read/1 "/>
</bind>
</comp>

<comp id="432" class="1004" name="F_12_reload_read_read_fu_432">
<pin_list>
<pin id="433" dir="0" index="0" bw="32" slack="0"/>
<pin id="434" dir="0" index="1" bw="32" slack="0"/>
<pin id="435" dir="1" index="2" bw="32" slack="0"/>
</pin_list>
<bind>
<opcode="read(1150) " fcode="read"/>
<opset="F_12_reload_read/1 "/>
</bind>
</comp>

<comp id="438" class="1004" name="F_7_reload_read_read_fu_438">
<pin_list>
<pin id="439" dir="0" index="0" bw="32" slack="0"/>
<pin id="440" dir="0" index="1" bw="32" slack="0"/>
<pin id="441" dir="1" index="2" bw="32" slack="0"/>
</pin_list>
<bind>
<opcode="read(1150) " fcode="read"/>
<opset="F_7_reload_read/1 "/>
</bind>
</comp>

<comp id="444" class="1004" name="F_2_reload_read_read_fu_444">
<pin_list>
<pin id="445" dir="0" index="0" bw="32" slack="0"/>
<pin id="446" dir="0" index="1" bw="32" slack="0"/>
<pin id="447" dir="1" index="2" bw="32" slack="0"/>
</pin_list>
<bind>
<opcode="read(1150) " fcode="read"/>
<opset="F_2_reload_read/1 "/>
</bind>
</comp>

<comp id="450" class="1004" name="F_28_reload_read_read_fu_450">
<pin_list>
<pin id="451" dir="0" index="0" bw="32" slack="0"/>
<pin id="452" dir="0" index="1" bw="32" slack="0"/>
<pin id="453" dir="1" index="2" bw="32" slack="0"/>
</pin_list>
<bind>
<opcode="read(1150) " fcode="read"/>
<opset="F_28_reload_read/1 "/>
</bind>
</comp>

<comp id="456" class="1004" name="F_22_reload_read_read_fu_456">
<pin_list>
<pin id="457" dir="0" index="0" bw="32" slack="0"/>
<pin id="458" dir="0" index="1" bw="32" slack="0"/>
<pin id="459" dir="1" index="2" bw="32" slack="0"/>
</pin_list>
<bind>
<opcode="read(1150) " fcode="read"/>
<opset="F_22_reload_read/1 "/>
</bind>
</comp>

<comp id="462" class="1004" name="F_16_reload_read_read_fu_462">
<pin_list>
<pin id="463" dir="0" index="0" bw="32" slack="0"/>
<pin id="464" dir="0" index="1" bw="32" slack="0"/>
<pin id="465" dir="1" index="2" bw="32" slack="0"/>
</pin_list>
<bind>
<opcode="read(1150) " fcode="read"/>
<opset="F_16_reload_read/1 "/>
</bind>
</comp>

<comp id="468" class="1004" name="F_11_reload_read_read_fu_468">
<pin_list>
<pin id="469" dir="0" index="0" bw="32" slack="0"/>
<pin id="470" dir="0" index="1" bw="32" slack="0"/>
<pin id="471" dir="1" index="2" bw="32" slack="0"/>
</pin_list>
<bind>
<opcode="read(1150) " fcode="read"/>
<opset="F_11_reload_read/1 "/>
</bind>
</comp>

<comp id="474" class="1004" name="F_6_reload_read_read_fu_474">
<pin_list>
<pin id="475" dir="0" index="0" bw="32" slack="0"/>
<pin id="476" dir="0" index="1" bw="32" slack="0"/>
<pin id="477" dir="1" index="2" bw="32" slack="0"/>
</pin_list>
<bind>
<opcode="read(1150) " fcode="read"/>
<opset="F_6_reload_read/1 "/>
</bind>
</comp>

<comp id="480" class="1004" name="F_1_reload_read_read_fu_480">
<pin_list>
<pin id="481" dir="0" index="0" bw="32" slack="0"/>
<pin id="482" dir="0" index="1" bw="32" slack="0"/>
<pin id="483" dir="1" index="2" bw="32" slack="0"/>
</pin_list>
<bind>
<opcode="read(1150) " fcode="read"/>
<opset="F_1_reload_read/1 "/>
</bind>
</comp>

<comp id="486" class="1004" name="F_27_reload_read_read_fu_486">
<pin_list>
<pin id="487" dir="0" index="0" bw="32" slack="0"/>
<pin id="488" dir="0" index="1" bw="32" slack="0"/>
<pin id="489" dir="1" index="2" bw="32" slack="0"/>
</pin_list>
<bind>
<opcode="read(1150) " fcode="read"/>
<opset="F_27_reload_read/1 "/>
</bind>
</comp>

<comp id="492" class="1004" name="F_21_reload_read_read_fu_492">
<pin_list>
<pin id="493" dir="0" index="0" bw="32" slack="0"/>
<pin id="494" dir="0" index="1" bw="32" slack="0"/>
<pin id="495" dir="1" index="2" bw="32" slack="0"/>
</pin_list>
<bind>
<opcode="read(1150) " fcode="read"/>
<opset="F_21_reload_read/1 "/>
</bind>
</comp>

<comp id="498" class="1004" name="F_15_reload_read_read_fu_498">
<pin_list>
<pin id="499" dir="0" index="0" bw="32" slack="0"/>
<pin id="500" dir="0" index="1" bw="32" slack="0"/>
<pin id="501" dir="1" index="2" bw="32" slack="0"/>
</pin_list>
<bind>
<opcode="read(1150) " fcode="read"/>
<opset="F_15_reload_read/1 "/>
</bind>
</comp>

<comp id="504" class="1004" name="F_10_reload_read_read_fu_504">
<pin_list>
<pin id="505" dir="0" index="0" bw="32" slack="0"/>
<pin id="506" dir="0" index="1" bw="32" slack="0"/>
<pin id="507" dir="1" index="2" bw="32" slack="0"/>
</pin_list>
<bind>
<opcode="read(1150) " fcode="read"/>
<opset="F_10_reload_read/1 "/>
</bind>
</comp>

<comp id="510" class="1004" name="F_5_reload_read_read_fu_510">
<pin_list>
<pin id="511" dir="0" index="0" bw="32" slack="0"/>
<pin id="512" dir="0" index="1" bw="32" slack="0"/>
<pin id="513" dir="1" index="2" bw="32" slack="0"/>
</pin_list>
<bind>
<opcode="read(1150) " fcode="read"/>
<opset="F_5_reload_read/1 "/>
</bind>
</comp>

<comp id="516" class="1004" name="F_reload_read_read_fu_516">
<pin_list>
<pin id="517" dir="0" index="0" bw="32" slack="0"/>
<pin id="518" dir="0" index="1" bw="32" slack="0"/>
<pin id="519" dir="1" index="2" bw="32" slack="0"/>
</pin_list>
<bind>
<opcode="read(1150) " fcode="read"/>
<opset="F_reload_read/1 "/>
</bind>
</comp>

<comp id="522" class="1004" name="write_ln0_write_fu_522">
<pin_list>
<pin id="523" dir="0" index="0" bw="0" slack="0"/>
<pin id="524" dir="0" index="1" bw="32" slack="0"/>
<pin id="525" dir="0" index="2" bw="32" slack="0"/>
<pin id="526" dir="1" index="3" bw="0" slack="2147483647"/>
</pin_list>
<bind>
<opcode="write(1151) " fcode="write"/>
<opset="write_ln0/1 "/>
</bind>
</comp>

<comp id="529" class="1004" name="write_ln0_write_fu_529">
<pin_list>
<pin id="530" dir="0" index="0" bw="0" slack="0"/>
<pin id="531" dir="0" index="1" bw="32" slack="0"/>
<pin id="532" dir="0" index="2" bw="32" slack="0"/>
<pin id="533" dir="1" index="3" bw="0" slack="2147483647"/>
</pin_list>
<bind>
<opcode="write(1151) " fcode="write"/>
<opset="write_ln0/1 "/>
</bind>
</comp>

<comp id="536" class="1004" name="write_ln0_write_fu_536">
<pin_list>
<pin id="537" dir="0" index="0" bw="0" slack="0"/>
<pin id="538" dir="0" index="1" bw="32" slack="0"/>
<pin id="539" dir="0" index="2" bw="32" slack="0"/>
<pin id="540" dir="1" index="3" bw="0" slack="2147483647"/>
</pin_list>
<bind>
<opcode="write(1151) " fcode="write"/>
<opset="write_ln0/1 "/>
</bind>
</comp>

<comp id="543" class="1004" name="write_ln0_write_fu_543">
<pin_list>
<pin id="544" dir="0" index="0" bw="0" slack="0"/>
<pin id="545" dir="0" index="1" bw="32" slack="0"/>
<pin id="546" dir="0" index="2" bw="32" slack="0"/>
<pin id="547" dir="1" index="3" bw="0" slack="2147483647"/>
</pin_list>
<bind>
<opcode="write(1151) " fcode="write"/>
<opset="write_ln0/1 "/>
</bind>
</comp>

<comp id="550" class="1004" name="write_ln0_write_fu_550">
<pin_list>
<pin id="551" dir="0" index="0" bw="0" slack="0"/>
<pin id="552" dir="0" index="1" bw="32" slack="0"/>
<pin id="553" dir="0" index="2" bw="32" slack="0"/>
<pin id="554" dir="1" index="3" bw="0" slack="2147483647"/>
</pin_list>
<bind>
<opcode="write(1151) " fcode="write"/>
<opset="write_ln0/1 "/>
</bind>
</comp>

<comp id="557" class="1004" name="write_ln0_write_fu_557">
<pin_list>
<pin id="558" dir="0" index="0" bw="0" slack="0"/>
<pin id="559" dir="0" index="1" bw="32" slack="0"/>
<pin id="560" dir="0" index="2" bw="32" slack="0"/>
<pin id="561" dir="1" index="3" bw="0" slack="2147483647"/>
</pin_list>
<bind>
<opcode="write(1151) " fcode="write"/>
<opset="write_ln0/1 "/>
</bind>
</comp>

<comp id="564" class="1004" name="write_ln0_write_fu_564">
<pin_list>
<pin id="565" dir="0" index="0" bw="0" slack="0"/>
<pin id="566" dir="0" index="1" bw="32" slack="0"/>
<pin id="567" dir="0" index="2" bw="32" slack="0"/>
<pin id="568" dir="1" index="3" bw="0" slack="2147483647"/>
</pin_list>
<bind>
<opcode="write(1151) " fcode="write"/>
<opset="write_ln0/1 "/>
</bind>
</comp>

<comp id="571" class="1004" name="write_ln0_write_fu_571">
<pin_list>
<pin id="572" dir="0" index="0" bw="0" slack="0"/>
<pin id="573" dir="0" index="1" bw="32" slack="0"/>
<pin id="574" dir="0" index="2" bw="32" slack="0"/>
<pin id="575" dir="1" index="3" bw="0" slack="2147483647"/>
</pin_list>
<bind>
<opcode="write(1151) " fcode="write"/>
<opset="write_ln0/1 "/>
</bind>
</comp>

<comp id="578" class="1004" name="write_ln0_write_fu_578">
<pin_list>
<pin id="579" dir="0" index="0" bw="0" slack="0"/>
<pin id="580" dir="0" index="1" bw="32" slack="0"/>
<pin id="581" dir="0" index="2" bw="32" slack="0"/>
<pin id="582" dir="1" index="3" bw="0" slack="2147483647"/>
</pin_list>
<bind>
<opcode="write(1151) " fcode="write"/>
<opset="write_ln0/1 "/>
</bind>
</comp>

<comp id="585" class="1004" name="write_ln0_write_fu_585">
<pin_list>
<pin id="586" dir="0" index="0" bw="0" slack="0"/>
<pin id="587" dir="0" index="1" bw="32" slack="0"/>
<pin id="588" dir="0" index="2" bw="32" slack="0"/>
<pin id="589" dir="1" index="3" bw="0" slack="2147483647"/>
</pin_list>
<bind>
<opcode="write(1151) " fcode="write"/>
<opset="write_ln0/1 "/>
</bind>
</comp>

<comp id="592" class="1004" name="write_ln0_write_fu_592">
<pin_list>
<pin id="593" dir="0" index="0" bw="0" slack="0"/>
<pin id="594" dir="0" index="1" bw="32" slack="0"/>
<pin id="595" dir="0" index="2" bw="32" slack="0"/>
<pin id="596" dir="1" index="3" bw="0" slack="2147483647"/>
</pin_list>
<bind>
<opcode="write(1151) " fcode="write"/>
<opset="write_ln0/1 "/>
</bind>
</comp>

<comp id="599" class="1004" name="write_ln0_write_fu_599">
<pin_list>
<pin id="600" dir="0" index="0" bw="0" slack="0"/>
<pin id="601" dir="0" index="1" bw="32" slack="0"/>
<pin id="602" dir="0" index="2" bw="32" slack="0"/>
<pin id="603" dir="1" index="3" bw="0" slack="2147483647"/>
</pin_list>
<bind>
<opcode="write(1151) " fcode="write"/>
<opset="write_ln0/1 "/>
</bind>
</comp>

<comp id="606" class="1004" name="write_ln0_write_fu_606">
<pin_list>
<pin id="607" dir="0" index="0" bw="0" slack="0"/>
<pin id="608" dir="0" index="1" bw="32" slack="0"/>
<pin id="609" dir="0" index="2" bw="32" slack="0"/>
<pin id="610" dir="1" index="3" bw="0" slack="2147483647"/>
</pin_list>
<bind>
<opcode="write(1151) " fcode="write"/>
<opset="write_ln0/1 "/>
</bind>
</comp>

<comp id="613" class="1004" name="write_ln0_write_fu_613">
<pin_list>
<pin id="614" dir="0" index="0" bw="0" slack="0"/>
<pin id="615" dir="0" index="1" bw="32" slack="0"/>
<pin id="616" dir="0" index="2" bw="32" slack="0"/>
<pin id="617" dir="1" index="3" bw="0" slack="2147483647"/>
</pin_list>
<bind>
<opcode="write(1151) " fcode="write"/>
<opset="write_ln0/1 "/>
</bind>
</comp>

<comp id="620" class="1004" name="write_ln0_write_fu_620">
<pin_list>
<pin id="621" dir="0" index="0" bw="0" slack="0"/>
<pin id="622" dir="0" index="1" bw="32" slack="0"/>
<pin id="623" dir="0" index="2" bw="32" slack="0"/>
<pin id="624" dir="1" index="3" bw="0" slack="2147483647"/>
</pin_list>
<bind>
<opcode="write(1151) " fcode="write"/>
<opset="write_ln0/1 "/>
</bind>
</comp>

<comp id="627" class="1004" name="write_ln0_write_fu_627">
<pin_list>
<pin id="628" dir="0" index="0" bw="0" slack="0"/>
<pin id="629" dir="0" index="1" bw="32" slack="0"/>
<pin id="630" dir="0" index="2" bw="32" slack="0"/>
<pin id="631" dir="1" index="3" bw="0" slack="2147483647"/>
</pin_list>
<bind>
<opcode="write(1151) " fcode="write"/>
<opset="write_ln0/1 "/>
</bind>
</comp>

<comp id="634" class="1004" name="write_ln0_write_fu_634">
<pin_list>
<pin id="635" dir="0" index="0" bw="0" slack="0"/>
<pin id="636" dir="0" index="1" bw="32" slack="0"/>
<pin id="637" dir="0" index="2" bw="32" slack="0"/>
<pin id="638" dir="1" index="3" bw="0" slack="2147483647"/>
</pin_list>
<bind>
<opcode="write(1151) " fcode="write"/>
<opset="write_ln0/1 "/>
</bind>
</comp>

<comp id="641" class="1004" name="write_ln0_write_fu_641">
<pin_list>
<pin id="642" dir="0" index="0" bw="0" slack="0"/>
<pin id="643" dir="0" index="1" bw="32" slack="0"/>
<pin id="644" dir="0" index="2" bw="32" slack="0"/>
<pin id="645" dir="1" index="3" bw="0" slack="2147483647"/>
</pin_list>
<bind>
<opcode="write(1151) " fcode="write"/>
<opset="write_ln0/1 "/>
</bind>
</comp>

<comp id="648" class="1004" name="write_ln0_write_fu_648">
<pin_list>
<pin id="649" dir="0" index="0" bw="0" slack="0"/>
<pin id="650" dir="0" index="1" bw="32" slack="0"/>
<pin id="651" dir="0" index="2" bw="32" slack="0"/>
<pin id="652" dir="1" index="3" bw="0" slack="2147483647"/>
</pin_list>
<bind>
<opcode="write(1151) " fcode="write"/>
<opset="write_ln0/1 "/>
</bind>
</comp>

<comp id="655" class="1004" name="write_ln0_write_fu_655">
<pin_list>
<pin id="656" dir="0" index="0" bw="0" slack="0"/>
<pin id="657" dir="0" index="1" bw="32" slack="0"/>
<pin id="658" dir="0" index="2" bw="32" slack="0"/>
<pin id="659" dir="1" index="3" bw="0" slack="2147483647"/>
</pin_list>
<bind>
<opcode="write(1151) " fcode="write"/>
<opset="write_ln0/1 "/>
</bind>
</comp>

<comp id="662" class="1004" name="write_ln0_write_fu_662">
<pin_list>
<pin id="663" dir="0" index="0" bw="0" slack="0"/>
<pin id="664" dir="0" index="1" bw="32" slack="0"/>
<pin id="665" dir="0" index="2" bw="32" slack="0"/>
<pin id="666" dir="1" index="3" bw="0" slack="2147483647"/>
</pin_list>
<bind>
<opcode="write(1151) " fcode="write"/>
<opset="write_ln0/1 "/>
</bind>
</comp>

<comp id="669" class="1004" name="write_ln0_write_fu_669">
<pin_list>
<pin id="670" dir="0" index="0" bw="0" slack="0"/>
<pin id="671" dir="0" index="1" bw="32" slack="0"/>
<pin id="672" dir="0" index="2" bw="32" slack="0"/>
<pin id="673" dir="1" index="3" bw="0" slack="2147483647"/>
</pin_list>
<bind>
<opcode="write(1151) " fcode="write"/>
<opset="write_ln0/1 "/>
</bind>
</comp>

<comp id="676" class="1004" name="write_ln0_write_fu_676">
<pin_list>
<pin id="677" dir="0" index="0" bw="0" slack="0"/>
<pin id="678" dir="0" index="1" bw="32" slack="0"/>
<pin id="679" dir="0" index="2" bw="32" slack="0"/>
<pin id="680" dir="1" index="3" bw="0" slack="2147483647"/>
</pin_list>
<bind>
<opcode="write(1151) " fcode="write"/>
<opset="write_ln0/1 "/>
</bind>
</comp>

<comp id="683" class="1004" name="write_ln0_write_fu_683">
<pin_list>
<pin id="684" dir="0" index="0" bw="0" slack="0"/>
<pin id="685" dir="0" index="1" bw="32" slack="0"/>
<pin id="686" dir="0" index="2" bw="32" slack="0"/>
<pin id="687" dir="1" index="3" bw="0" slack="2147483647"/>
</pin_list>
<bind>
<opcode="write(1151) " fcode="write"/>
<opset="write_ln0/1 "/>
</bind>
</comp>

<comp id="690" class="1004" name="write_ln0_write_fu_690">
<pin_list>
<pin id="691" dir="0" index="0" bw="0" slack="0"/>
<pin id="692" dir="0" index="1" bw="32" slack="0"/>
<pin id="693" dir="0" index="2" bw="32" slack="0"/>
<pin id="694" dir="1" index="3" bw="0" slack="2147483647"/>
</pin_list>
<bind>
<opcode="write(1151) " fcode="write"/>
<opset="write_ln0/1 "/>
</bind>
</comp>

<comp id="697" class="1004" name="write_ln0_write_fu_697">
<pin_list>
<pin id="698" dir="0" index="0" bw="0" slack="0"/>
<pin id="699" dir="0" index="1" bw="32" slack="0"/>
<pin id="700" dir="0" index="2" bw="32" slack="0"/>
<pin id="701" dir="1" index="3" bw="0" slack="2147483647"/>
</pin_list>
<bind>
<opcode="write(1151) " fcode="write"/>
<opset="write_ln0/1 "/>
</bind>
</comp>

<comp id="704" class="1004" name="write_ln0_write_fu_704">
<pin_list>
<pin id="705" dir="0" index="0" bw="0" slack="0"/>
<pin id="706" dir="0" index="1" bw="32" slack="0"/>
<pin id="707" dir="0" index="2" bw="32" slack="0"/>
<pin id="708" dir="1" index="3" bw="0" slack="2147483647"/>
</pin_list>
<bind>
<opcode="write(1151) " fcode="write"/>
<opset="write_ln0/1 "/>
</bind>
</comp>

<comp id="711" class="1004" name="write_ln0_write_fu_711">
<pin_list>
<pin id="712" dir="0" index="0" bw="0" slack="0"/>
<pin id="713" dir="0" index="1" bw="32" slack="0"/>
<pin id="714" dir="0" index="2" bw="32" slack="0"/>
<pin id="715" dir="1" index="3" bw="0" slack="2147483647"/>
</pin_list>
<bind>
<opcode="write(1151) " fcode="write"/>
<opset="write_ln0/1 "/>
</bind>
</comp>

<comp id="718" class="1004" name="write_ln0_write_fu_718">
<pin_list>
<pin id="719" dir="0" index="0" bw="0" slack="0"/>
<pin id="720" dir="0" index="1" bw="32" slack="0"/>
<pin id="721" dir="0" index="2" bw="32" slack="0"/>
<pin id="722" dir="1" index="3" bw="0" slack="2147483647"/>
</pin_list>
<bind>
<opcode="write(1151) " fcode="write"/>
<opset="write_ln0/1 "/>
</bind>
</comp>

<comp id="725" class="1004" name="write_ln0_write_fu_725">
<pin_list>
<pin id="726" dir="0" index="0" bw="0" slack="0"/>
<pin id="727" dir="0" index="1" bw="32" slack="0"/>
<pin id="728" dir="0" index="2" bw="32" slack="0"/>
<pin id="729" dir="1" index="3" bw="0" slack="2147483647"/>
</pin_list>
<bind>
<opcode="write(1151) " fcode="write"/>
<opset="write_ln0/1 "/>
</bind>
</comp>

<comp id="732" class="1004" name="write_ln0_write_fu_732">
<pin_list>
<pin id="733" dir="0" index="0" bw="0" slack="0"/>
<pin id="734" dir="0" index="1" bw="32" slack="0"/>
<pin id="735" dir="0" index="2" bw="32" slack="0"/>
<pin id="736" dir="1" index="3" bw="0" slack="2147483647"/>
</pin_list>
<bind>
<opcode="write(1151) " fcode="write"/>
<opset="write_ln0/1 "/>
</bind>
</comp>

<comp id="739" class="1004" name="write_ln0_write_fu_739">
<pin_list>
<pin id="740" dir="0" index="0" bw="0" slack="0"/>
<pin id="741" dir="0" index="1" bw="32" slack="0"/>
<pin id="742" dir="0" index="2" bw="32" slack="0"/>
<pin id="743" dir="1" index="3" bw="0" slack="2147483647"/>
</pin_list>
<bind>
<opcode="write(1151) " fcode="write"/>
<opset="write_ln0/1 "/>
</bind>
</comp>

<comp id="746" class="1004" name="write_ln0_write_fu_746">
<pin_list>
<pin id="747" dir="0" index="0" bw="0" slack="0"/>
<pin id="748" dir="0" index="1" bw="32" slack="0"/>
<pin id="749" dir="0" index="2" bw="32" slack="0"/>
<pin id="750" dir="1" index="3" bw="0" slack="2147483647"/>
</pin_list>
<bind>
<opcode="write(1151) " fcode="write"/>
<opset="write_ln0/1 "/>
</bind>
</comp>

<comp id="753" class="1004" name="write_ln0_write_fu_753">
<pin_list>
<pin id="754" dir="0" index="0" bw="0" slack="0"/>
<pin id="755" dir="0" index="1" bw="32" slack="0"/>
<pin id="756" dir="0" index="2" bw="32" slack="0"/>
<pin id="757" dir="1" index="3" bw="0" slack="2147483647"/>
</pin_list>
<bind>
<opcode="write(1151) " fcode="write"/>
<opset="write_ln0/1 "/>
</bind>
</comp>

<comp id="760" class="1004" name="write_ln0_write_fu_760">
<pin_list>
<pin id="761" dir="0" index="0" bw="0" slack="0"/>
<pin id="762" dir="0" index="1" bw="32" slack="0"/>
<pin id="763" dir="0" index="2" bw="32" slack="0"/>
<pin id="764" dir="1" index="3" bw="0" slack="2147483647"/>
</pin_list>
<bind>
<opcode="write(1151) " fcode="write"/>
<opset="write_ln0/1 "/>
</bind>
</comp>

<comp id="767" class="1004" name="write_ln0_write_fu_767">
<pin_list>
<pin id="768" dir="0" index="0" bw="0" slack="0"/>
<pin id="769" dir="0" index="1" bw="32" slack="0"/>
<pin id="770" dir="0" index="2" bw="32" slack="0"/>
<pin id="771" dir="1" index="3" bw="0" slack="2147483647"/>
</pin_list>
<bind>
<opcode="write(1151) " fcode="write"/>
<opset="write_ln0/1 "/>
</bind>
</comp>

<comp id="774" class="1004" name="store_ln0_store_fu_774">
<pin_list>
<pin id="775" dir="0" index="0" bw="1" slack="0"/>
<pin id="776" dir="0" index="1" bw="3" slack="0"/>
<pin id="777" dir="1" index="2" bw="0" slack="2147483647"/>
</pin_list>
<bind>
<opcode="store(28) " fcode="store"/>
<opset="store_ln0/1 "/>
</bind>
</comp>

<comp id="779" class="1004" name="i_6_load_fu_779">
<pin_list>
<pin id="780" dir="0" index="0" bw="3" slack="0"/>
<pin id="781" dir="1" index="1" bw="3" slack="0"/>
</pin_list>
<bind>
<opcode="load(27) " fcode="load"/>
<opset="i_6/1 "/>
</bind>
</comp>

<comp id="782" class="1004" name="icmp_ln30_fu_782">
<pin_list>
<pin id="783" dir="0" index="0" bw="3" slack="0"/>
<pin id="784" dir="0" index="1" bw="2" slack="0"/>
<pin id="785" dir="1" index="2" bw="1" slack="2147483647"/>
</pin_list>
<bind>
<opcode="icmp(45) " fcode="icmp"/>
<opset="icmp_ln30/1 "/>
</bind>
</comp>

<comp id="788" class="1004" name="add_ln30_fu_788">
<pin_list>
<pin id="789" dir="0" index="0" bw="3" slack="0"/>
<pin id="790" dir="0" index="1" bw="1" slack="0"/>
<pin id="791" dir="1" index="2" bw="3" slack="0"/>
</pin_list>
<bind>
<opcode="add(8) " fcode="add"/>
<opset="add_ln30/1 "/>
</bind>
</comp>

<comp id="794" class="1004" name="Ft_41_fu_794">
<pin_list>
<pin id="795" dir="0" index="0" bw="32" slack="0"/>
<pin id="796" dir="0" index="1" bw="32" slack="0"/>
<pin id="797" dir="0" index="2" bw="32" slack="0"/>
<pin id="798" dir="0" index="3" bw="32" slack="0"/>
<pin id="799" dir="0" index="4" bw="32" slack="0"/>
<pin id="800" dir="0" index="5" bw="32" slack="0"/>
<pin id="801" dir="0" index="6" bw="32" slack="0"/>
<pin id="802" dir="0" index="7" bw="3" slack="0"/>
<pin id="803" dir="1" index="8" bw="32" slack="0"/>
</pin_list>
<bind>
<opcode="mux(1196) " fcode="mux"/>
<opset="Ft_41/1 "/>
</bind>
</comp>

<comp id="812" class="1004" name="Ft_42_fu_812">
<pin_list>
<pin id="813" dir="0" index="0" bw="32" slack="0"/>
<pin id="814" dir="0" index="1" bw="32" slack="0"/>
<pin id="815" dir="0" index="2" bw="32" slack="0"/>
<pin id="816" dir="0" index="3" bw="32" slack="0"/>
<pin id="817" dir="0" index="4" bw="32" slack="0"/>
<pin id="818" dir="0" index="5" bw="32" slack="0"/>
<pin id="819" dir="0" index="6" bw="32" slack="0"/>
<pin id="820" dir="0" index="7" bw="3" slack="0"/>
<pin id="821" dir="1" index="8" bw="32" slack="0"/>
</pin_list>
<bind>
<opcode="mux(1196) " fcode="mux"/>
<opset="Ft_42/1 "/>
</bind>
</comp>

<comp id="830" class="1004" name="Ft_43_fu_830">
<pin_list>
<pin id="831" dir="0" index="0" bw="32" slack="0"/>
<pin id="832" dir="0" index="1" bw="32" slack="0"/>
<pin id="833" dir="0" index="2" bw="32" slack="0"/>
<pin id="834" dir="0" index="3" bw="32" slack="0"/>
<pin id="835" dir="0" index="4" bw="32" slack="0"/>
<pin id="836" dir="0" index="5" bw="32" slack="0"/>
<pin id="837" dir="0" index="6" bw="32" slack="0"/>
<pin id="838" dir="0" index="7" bw="3" slack="0"/>
<pin id="839" dir="1" index="8" bw="32" slack="0"/>
</pin_list>
<bind>
<opcode="mux(1196) " fcode="mux"/>
<opset="Ft_43/1 "/>
</bind>
</comp>

<comp id="848" class="1004" name="Ft_44_fu_848">
<pin_list>
<pin id="849" dir="0" index="0" bw="32" slack="0"/>
<pin id="850" dir="0" index="1" bw="32" slack="0"/>
<pin id="851" dir="0" index="2" bw="32" slack="0"/>
<pin id="852" dir="0" index="3" bw="32" slack="0"/>
<pin id="853" dir="0" index="4" bw="32" slack="0"/>
<pin id="854" dir="0" index="5" bw="32" slack="0"/>
<pin id="855" dir="0" index="6" bw="32" slack="0"/>
<pin id="856" dir="0" index="7" bw="3" slack="0"/>
<pin id="857" dir="1" index="8" bw="32" slack="0"/>
</pin_list>
<bind>
<opcode="mux(1196) " fcode="mux"/>
<opset="Ft_44/1 "/>
</bind>
</comp>

<comp id="866" class="1004" name="Ft_45_fu_866">
<pin_list>
<pin id="867" dir="0" index="0" bw="32" slack="0"/>
<pin id="868" dir="0" index="1" bw="32" slack="0"/>
<pin id="869" dir="0" index="2" bw="32" slack="0"/>
<pin id="870" dir="0" index="3" bw="32" slack="0"/>
<pin id="871" dir="0" index="4" bw="32" slack="0"/>
<pin id="872" dir="0" index="5" bw="32" slack="0"/>
<pin id="873" dir="0" index="6" bw="32" slack="0"/>
<pin id="874" dir="0" index="7" bw="3" slack="0"/>
<pin id="875" dir="1" index="8" bw="32" slack="0"/>
</pin_list>
<bind>
<opcode="mux(1196) " fcode="mux"/>
<opset="Ft_45/1 "/>
</bind>
</comp>

<comp id="884" class="1004" name="Ft_46_fu_884">
<pin_list>
<pin id="885" dir="0" index="0" bw="32" slack="0"/>
<pin id="886" dir="0" index="1" bw="32" slack="0"/>
<pin id="887" dir="0" index="2" bw="32" slack="0"/>
<pin id="888" dir="0" index="3" bw="32" slack="0"/>
<pin id="889" dir="0" index="4" bw="32" slack="0"/>
<pin id="890" dir="0" index="5" bw="32" slack="0"/>
<pin id="891" dir="0" index="6" bw="32" slack="0"/>
<pin id="892" dir="0" index="7" bw="3" slack="0"/>
<pin id="893" dir="1" index="8" bw="32" slack="0"/>
</pin_list>
<bind>
<opcode="mux(1196) " fcode="mux"/>
<opset="Ft_46/1 "/>
</bind>
</comp>

<comp id="902" class="1004" name="store_ln33_store_fu_902">
<pin_list>
<pin id="903" dir="0" index="0" bw="32" slack="0"/>
<pin id="904" dir="0" index="1" bw="32" slack="0"/>
<pin id="905" dir="1" index="2" bw="0" slack="2147483647"/>
</pin_list>
<bind>
<opcode="store(28) " fcode="store"/>
<opset="store_ln33/1 "/>
</bind>
</comp>

<comp id="907" class="1004" name="store_ln33_store_fu_907">
<pin_list>
<pin id="908" dir="0" index="0" bw="32" slack="0"/>
<pin id="909" dir="0" index="1" bw="32" slack="0"/>
<pin id="910" dir="1" index="2" bw="0" slack="2147483647"/>
</pin_list>
<bind>
<opcode="store(28) " fcode="store"/>
<opset="store_ln33/1 "/>
</bind>
</comp>

<comp id="912" class="1004" name="store_ln33_store_fu_912">
<pin_list>
<pin id="913" dir="0" index="0" bw="32" slack="0"/>
<pin id="914" dir="0" index="1" bw="32" slack="0"/>
<pin id="915" dir="1" index="2" bw="0" slack="2147483647"/>
</pin_list>
<bind>
<opcode="store(28) " fcode="store"/>
<opset="store_ln33/1 "/>
</bind>
</comp>

<comp id="917" class="1004" name="store_ln33_store_fu_917">
<pin_list>
<pin id="918" dir="0" index="0" bw="32" slack="0"/>
<pin id="919" dir="0" index="1" bw="32" slack="0"/>
<pin id="920" dir="1" index="2" bw="0" slack="2147483647"/>
</pin_list>
<bind>
<opcode="store(28) " fcode="store"/>
<opset="store_ln33/1 "/>
</bind>
</comp>

<comp id="922" class="1004" name="store_ln33_store_fu_922">
<pin_list>
<pin id="923" dir="0" index="0" bw="32" slack="0"/>
<pin id="924" dir="0" index="1" bw="32" slack="0"/>
<pin id="925" dir="1" index="2" bw="0" slack="2147483647"/>
</pin_list>
<bind>
<opcode="store(28) " fcode="store"/>
<opset="store_ln33/1 "/>
</bind>
</comp>

<comp id="927" class="1004" name="store_ln33_store_fu_927">
<pin_list>
<pin id="928" dir="0" index="0" bw="32" slack="0"/>
<pin id="929" dir="0" index="1" bw="32" slack="0"/>
<pin id="930" dir="1" index="2" bw="0" slack="2147483647"/>
</pin_list>
<bind>
<opcode="store(28) " fcode="store"/>
<opset="store_ln33/1 "/>
</bind>
</comp>

<comp id="932" class="1004" name="store_ln33_store_fu_932">
<pin_list>
<pin id="933" dir="0" index="0" bw="32" slack="0"/>
<pin id="934" dir="0" index="1" bw="32" slack="0"/>
<pin id="935" dir="1" index="2" bw="0" slack="2147483647"/>
</pin_list>
<bind>
<opcode="store(28) " fcode="store"/>
<opset="store_ln33/1 "/>
</bind>
</comp>

<comp id="937" class="1004" name="store_ln33_store_fu_937">
<pin_list>
<pin id="938" dir="0" index="0" bw="32" slack="0"/>
<pin id="939" dir="0" index="1" bw="32" slack="0"/>
<pin id="940" dir="1" index="2" bw="0" slack="2147483647"/>
</pin_list>
<bind>
<opcode="store(28) " fcode="store"/>
<opset="store_ln33/1 "/>
</bind>
</comp>

<comp id="942" class="1004" name="store_ln33_store_fu_942">
<pin_list>
<pin id="943" dir="0" index="0" bw="32" slack="0"/>
<pin id="944" dir="0" index="1" bw="32" slack="0"/>
<pin id="945" dir="1" index="2" bw="0" slack="2147483647"/>
</pin_list>
<bind>
<opcode="store(28) " fcode="store"/>
<opset="store_ln33/1 "/>
</bind>
</comp>

<comp id="947" class="1004" name="store_ln33_store_fu_947">
<pin_list>
<pin id="948" dir="0" index="0" bw="32" slack="0"/>
<pin id="949" dir="0" index="1" bw="32" slack="0"/>
<pin id="950" dir="1" index="2" bw="0" slack="2147483647"/>
</pin_list>
<bind>
<opcode="store(28) " fcode="store"/>
<opset="store_ln33/1 "/>
</bind>
</comp>

<comp id="952" class="1004" name="store_ln33_store_fu_952">
<pin_list>
<pin id="953" dir="0" index="0" bw="32" slack="0"/>
<pin id="954" dir="0" index="1" bw="32" slack="0"/>
<pin id="955" dir="1" index="2" bw="0" slack="2147483647"/>
</pin_list>
<bind>
<opcode="store(28) " fcode="store"/>
<opset="store_ln33/1 "/>
</bind>
</comp>

<comp id="957" class="1004" name="store_ln33_store_fu_957">
<pin_list>
<pin id="958" dir="0" index="0" bw="32" slack="0"/>
<pin id="959" dir="0" index="1" bw="32" slack="0"/>
<pin id="960" dir="1" index="2" bw="0" slack="2147483647"/>
</pin_list>
<bind>
<opcode="store(28) " fcode="store"/>
<opset="store_ln33/1 "/>
</bind>
</comp>

<comp id="962" class="1004" name="store_ln33_store_fu_962">
<pin_list>
<pin id="963" dir="0" index="0" bw="32" slack="0"/>
<pin id="964" dir="0" index="1" bw="32" slack="0"/>
<pin id="965" dir="1" index="2" bw="0" slack="2147483647"/>
</pin_list>
<bind>
<opcode="store(28) " fcode="store"/>
<opset="store_ln33/1 "/>
</bind>
</comp>

<comp id="967" class="1004" name="store_ln33_store_fu_967">
<pin_list>
<pin id="968" dir="0" index="0" bw="32" slack="0"/>
<pin id="969" dir="0" index="1" bw="32" slack="0"/>
<pin id="970" dir="1" index="2" bw="0" slack="2147483647"/>
</pin_list>
<bind>
<opcode="store(28) " fcode="store"/>
<opset="store_ln33/1 "/>
</bind>
</comp>

<comp id="972" class="1004" name="store_ln33_store_fu_972">
<pin_list>
<pin id="973" dir="0" index="0" bw="32" slack="0"/>
<pin id="974" dir="0" index="1" bw="32" slack="0"/>
<pin id="975" dir="1" index="2" bw="0" slack="2147483647"/>
</pin_list>
<bind>
<opcode="store(28) " fcode="store"/>
<opset="store_ln33/1 "/>
</bind>
</comp>

<comp id="977" class="1004" name="store_ln33_store_fu_977">
<pin_list>
<pin id="978" dir="0" index="0" bw="32" slack="0"/>
<pin id="979" dir="0" index="1" bw="32" slack="0"/>
<pin id="980" dir="1" index="2" bw="0" slack="2147483647"/>
</pin_list>
<bind>
<opcode="store(28) " fcode="store"/>
<opset="store_ln33/1 "/>
</bind>
</comp>

<comp id="982" class="1004" name="store_ln33_store_fu_982">
<pin_list>
<pin id="983" dir="0" index="0" bw="32" slack="0"/>
<pin id="984" dir="0" index="1" bw="32" slack="0"/>
<pin id="985" dir="1" index="2" bw="0" slack="2147483647"/>
</pin_list>
<bind>
<opcode="store(28) " fcode="store"/>
<opset="store_ln33/1 "/>
</bind>
</comp>

<comp id="987" class="1004" name="store_ln33_store_fu_987">
<pin_list>
<pin id="988" dir="0" index="0" bw="32" slack="0"/>
<pin id="989" dir="0" index="1" bw="32" slack="0"/>
<pin id="990" dir="1" index="2" bw="0" slack="2147483647"/>
</pin_list>
<bind>
<opcode="store(28) " fcode="store"/>
<opset="store_ln33/1 "/>
</bind>
</comp>

<comp id="992" class="1004" name="store_ln33_store_fu_992">
<pin_list>
<pin id="993" dir="0" index="0" bw="32" slack="0"/>
<pin id="994" dir="0" index="1" bw="32" slack="0"/>
<pin id="995" dir="1" index="2" bw="0" slack="2147483647"/>
</pin_list>
<bind>
<opcode="store(28) " fcode="store"/>
<opset="store_ln33/1 "/>
</bind>
</comp>

<comp id="997" class="1004" name="store_ln33_store_fu_997">
<pin_list>
<pin id="998" dir="0" index="0" bw="32" slack="0"/>
<pin id="999" dir="0" index="1" bw="32" slack="0"/>
<pin id="1000" dir="1" index="2" bw="0" slack="2147483647"/>
</pin_list>
<bind>
<opcode="store(28) " fcode="store"/>
<opset="store_ln33/1 "/>
</bind>
</comp>

<comp id="1002" class="1004" name="store_ln33_store_fu_1002">
<pin_list>
<pin id="1003" dir="0" index="0" bw="32" slack="0"/>
<pin id="1004" dir="0" index="1" bw="32" slack="0"/>
<pin id="1005" dir="1" index="2" bw="0" slack="2147483647"/>
</pin_list>
<bind>
<opcode="store(28) " fcode="store"/>
<opset="store_ln33/1 "/>
</bind>
</comp>

<comp id="1007" class="1004" name="store_ln33_store_fu_1007">
<pin_list>
<pin id="1008" dir="0" index="0" bw="32" slack="0"/>
<pin id="1009" dir="0" index="1" bw="32" slack="0"/>
<pin id="1010" dir="1" index="2" bw="0" slack="2147483647"/>
</pin_list>
<bind>
<opcode="store(28) " fcode="store"/>
<opset="store_ln33/1 "/>
</bind>
</comp>

<comp id="1012" class="1004" name="store_ln33_store_fu_1012">
<pin_list>
<pin id="1013" dir="0" index="0" bw="32" slack="0"/>
<pin id="1014" dir="0" index="1" bw="32" slack="0"/>
<pin id="1015" dir="1" index="2" bw="0" slack="2147483647"/>
</pin_list>
<bind>
<opcode="store(28) " fcode="store"/>
<opset="store_ln33/1 "/>
</bind>
</comp>

<comp id="1017" class="1004" name="store_ln33_store_fu_1017">
<pin_list>
<pin id="1018" dir="0" index="0" bw="32" slack="0"/>
<pin id="1019" dir="0" index="1" bw="32" slack="0"/>
<pin id="1020" dir="1" index="2" bw="0" slack="2147483647"/>
</pin_list>
<bind>
<opcode="store(28) " fcode="store"/>
<opset="store_ln33/1 "/>
</bind>
</comp>

<comp id="1022" class="1004" name="store_ln33_store_fu_1022">
<pin_list>
<pin id="1023" dir="0" index="0" bw="32" slack="0"/>
<pin id="1024" dir="0" index="1" bw="32" slack="0"/>
<pin id="1025" dir="1" index="2" bw="0" slack="2147483647"/>
</pin_list>
<bind>
<opcode="store(28) " fcode="store"/>
<opset="store_ln33/1 "/>
</bind>
</comp>

<comp id="1027" class="1004" name="store_ln33_store_fu_1027">
<pin_list>
<pin id="1028" dir="0" index="0" bw="32" slack="0"/>
<pin id="1029" dir="0" index="1" bw="32" slack="0"/>
<pin id="1030" dir="1" index="2" bw="0" slack="2147483647"/>
</pin_list>
<bind>
<opcode="store(28) " fcode="store"/>
<opset="store_ln33/1 "/>
</bind>
</comp>

<comp id="1032" class="1004" name="store_ln33_store_fu_1032">
<pin_list>
<pin id="1033" dir="0" index="0" bw="32" slack="0"/>
<pin id="1034" dir="0" index="1" bw="32" slack="0"/>
<pin id="1035" dir="1" index="2" bw="0" slack="2147483647"/>
</pin_list>
<bind>
<opcode="store(28) " fcode="store"/>
<opset="store_ln33/1 "/>
</bind>
</comp>

<comp id="1037" class="1004" name="store_ln33_store_fu_1037">
<pin_list>
<pin id="1038" dir="0" index="0" bw="32" slack="0"/>
<pin id="1039" dir="0" index="1" bw="32" slack="0"/>
<pin id="1040" dir="1" index="2" bw="0" slack="2147483647"/>
</pin_list>
<bind>
<opcode="store(28) " fcode="store"/>
<opset="store_ln33/1 "/>
</bind>
</comp>

<comp id="1042" class="1004" name="store_ln33_store_fu_1042">
<pin_list>
<pin id="1043" dir="0" index="0" bw="32" slack="0"/>
<pin id="1044" dir="0" index="1" bw="32" slack="0"/>
<pin id="1045" dir="1" index="2" bw="0" slack="2147483647"/>
</pin_list>
<bind>
<opcode="store(28) " fcode="store"/>
<opset="store_ln33/1 "/>
</bind>
</comp>

<comp id="1047" class="1004" name="store_ln33_store_fu_1047">
<pin_list>
<pin id="1048" dir="0" index="0" bw="32" slack="0"/>
<pin id="1049" dir="0" index="1" bw="32" slack="0"/>
<pin id="1050" dir="1" index="2" bw="0" slack="2147483647"/>
</pin_list>
<bind>
<opcode="store(28) " fcode="store"/>
<opset="store_ln33/1 "/>
</bind>
</comp>

<comp id="1052" class="1004" name="store_ln33_store_fu_1052">
<pin_list>
<pin id="1053" dir="0" index="0" bw="32" slack="0"/>
<pin id="1054" dir="0" index="1" bw="32" slack="0"/>
<pin id="1055" dir="1" index="2" bw="0" slack="2147483647"/>
</pin_list>
<bind>
<opcode="store(28) " fcode="store"/>
<opset="store_ln33/1 "/>
</bind>
</comp>

<comp id="1057" class="1004" name="store_ln33_store_fu_1057">
<pin_list>
<pin id="1058" dir="0" index="0" bw="32" slack="0"/>
<pin id="1059" dir="0" index="1" bw="32" slack="0"/>
<pin id="1060" dir="1" index="2" bw="0" slack="2147483647"/>
</pin_list>
<bind>
<opcode="store(28) " fcode="store"/>
<opset="store_ln33/1 "/>
</bind>
</comp>

<comp id="1062" class="1004" name="store_ln33_store_fu_1062">
<pin_list>
<pin id="1063" dir="0" index="0" bw="32" slack="0"/>
<pin id="1064" dir="0" index="1" bw="32" slack="0"/>
<pin id="1065" dir="1" index="2" bw="0" slack="2147483647"/>
</pin_list>
<bind>
<opcode="store(28) " fcode="store"/>
<opset="store_ln33/1 "/>
</bind>
</comp>

<comp id="1067" class="1004" name="store_ln33_store_fu_1067">
<pin_list>
<pin id="1068" dir="0" index="0" bw="32" slack="0"/>
<pin id="1069" dir="0" index="1" bw="32" slack="0"/>
<pin id="1070" dir="1" index="2" bw="0" slack="2147483647"/>
</pin_list>
<bind>
<opcode="store(28) " fcode="store"/>
<opset="store_ln33/1 "/>
</bind>
</comp>

<comp id="1072" class="1004" name="store_ln33_store_fu_1072">
<pin_list>
<pin id="1073" dir="0" index="0" bw="32" slack="0"/>
<pin id="1074" dir="0" index="1" bw="32" slack="0"/>
<pin id="1075" dir="1" index="2" bw="0" slack="2147483647"/>
</pin_list>
<bind>
<opcode="store(28) " fcode="store"/>
<opset="store_ln33/1 "/>
</bind>
</comp>

<comp id="1077" class="1004" name="store_ln33_store_fu_1077">
<pin_list>
<pin id="1078" dir="0" index="0" bw="32" slack="0"/>
<pin id="1079" dir="0" index="1" bw="32" slack="0"/>
<pin id="1080" dir="1" index="2" bw="0" slack="2147483647"/>
</pin_list>
<bind>
<opcode="store(28) " fcode="store"/>
<opset="store_ln33/1 "/>
</bind>
</comp>

<comp id="1082" class="1004" name="store_ln30_store_fu_1082">
<pin_list>
<pin id="1083" dir="0" index="0" bw="3" slack="0"/>
<pin id="1084" dir="0" index="1" bw="3" slack="0"/>
<pin id="1085" dir="1" index="2" bw="0" slack="2147483647"/>
</pin_list>
<bind>
<opcode="store(28) " fcode="store"/>
<opset="store_ln30/1 "/>
</bind>
</comp>

<comp id="1087" class="1004" name="Ft_load_load_fu_1087">
<pin_list>
<pin id="1088" dir="0" index="0" bw="32" slack="0"/>
<pin id="1089" dir="1" index="1" bw="32" slack="0"/>
</pin_list>
<bind>
<opcode="load(27) " fcode="load"/>
<opset="Ft_load/1 "/>
</bind>
</comp>

<comp id="1091" class="1004" name="Ft_1_load_load_fu_1091">
<pin_list>
<pin id="1092" dir="0" index="0" bw="32" slack="0"/>
<pin id="1093" dir="1" index="1" bw="32" slack="0"/>
</pin_list>
<bind>
<opcode="load(27) " fcode="load"/>
<opset="Ft_1_load/1 "/>
</bind>
</comp>

<comp id="1095" class="1004" name="Ft_2_load_load_fu_1095">
<pin_list>
<pin id="1096" dir="0" index="0" bw="32" slack="0"/>
<pin id="1097" dir="1" index="1" bw="32" slack="0"/>
</pin_list>
<bind>
<opcode="load(27) " fcode="load"/>
<opset="Ft_2_load/1 "/>
</bind>
</comp>

<comp id="1099" class="1004" name="Ft_3_load_load_fu_1099">
<pin_list>
<pin id="1100" dir="0" index="0" bw="32" slack="0"/>
<pin id="1101" dir="1" index="1" bw="32" slack="0"/>
</pin_list>
<bind>
<opcode="load(27) " fcode="load"/>
<opset="Ft_3_load/1 "/>
</bind>
</comp>

<comp id="1103" class="1004" name="Ft_4_load_load_fu_1103">
<pin_list>
<pin id="1104" dir="0" index="0" bw="32" slack="0"/>
<pin id="1105" dir="1" index="1" bw="32" slack="0"/>
</pin_list>
<bind>
<opcode="load(27) " fcode="load"/>
<opset="Ft_4_load/1 "/>
</bind>
</comp>

<comp id="1107" class="1004" name="Ft_5_load_load_fu_1107">
<pin_list>
<pin id="1108" dir="0" index="0" bw="32" slack="0"/>
<pin id="1109" dir="1" index="1" bw="32" slack="0"/>
</pin_list>
<bind>
<opcode="load(27) " fcode="load"/>
<opset="Ft_5_load/1 "/>
</bind>
</comp>

<comp id="1111" class="1004" name="Ft_6_load_load_fu_1111">
<pin_list>
<pin id="1112" dir="0" index="0" bw="32" slack="0"/>
<pin id="1113" dir="1" index="1" bw="32" slack="0"/>
</pin_list>
<bind>
<opcode="load(27) " fcode="load"/>
<opset="Ft_6_load/1 "/>
</bind>
</comp>

<comp id="1115" class="1004" name="Ft_7_load_load_fu_1115">
<pin_list>
<pin id="1116" dir="0" index="0" bw="32" slack="0"/>
<pin id="1117" dir="1" index="1" bw="32" slack="0"/>
</pin_list>
<bind>
<opcode="load(27) " fcode="load"/>
<opset="Ft_7_load/1 "/>
</bind>
</comp>

<comp id="1119" class="1004" name="Ft_8_load_load_fu_1119">
<pin_list>
<pin id="1120" dir="0" index="0" bw="32" slack="0"/>
<pin id="1121" dir="1" index="1" bw="32" slack="0"/>
</pin_list>
<bind>
<opcode="load(27) " fcode="load"/>
<opset="Ft_8_load/1 "/>
</bind>
</comp>

<comp id="1123" class="1004" name="Ft_9_load_load_fu_1123">
<pin_list>
<pin id="1124" dir="0" index="0" bw="32" slack="0"/>
<pin id="1125" dir="1" index="1" bw="32" slack="0"/>
</pin_list>
<bind>
<opcode="load(27) " fcode="load"/>
<opset="Ft_9_load/1 "/>
</bind>
</comp>

<comp id="1127" class="1004" name="Ft_10_load_load_fu_1127">
<pin_list>
<pin id="1128" dir="0" index="0" bw="32" slack="0"/>
<pin id="1129" dir="1" index="1" bw="32" slack="0"/>
</pin_list>
<bind>
<opcode="load(27) " fcode="load"/>
<opset="Ft_10_load/1 "/>
</bind>
</comp>

<comp id="1131" class="1004" name="Ft_11_load_load_fu_1131">
<pin_list>
<pin id="1132" dir="0" index="0" bw="32" slack="0"/>
<pin id="1133" dir="1" index="1" bw="32" slack="0"/>
</pin_list>
<bind>
<opcode="load(27) " fcode="load"/>
<opset="Ft_11_load/1 "/>
</bind>
</comp>

<comp id="1135" class="1004" name="Ft_12_load_load_fu_1135">
<pin_list>
<pin id="1136" dir="0" index="0" bw="32" slack="0"/>
<pin id="1137" dir="1" index="1" bw="32" slack="0"/>
</pin_list>
<bind>
<opcode="load(27) " fcode="load"/>
<opset="Ft_12_load/1 "/>
</bind>
</comp>

<comp id="1139" class="1004" name="Ft_13_load_load_fu_1139">
<pin_list>
<pin id="1140" dir="0" index="0" bw="32" slack="0"/>
<pin id="1141" dir="1" index="1" bw="32" slack="0"/>
</pin_list>
<bind>
<opcode="load(27) " fcode="load"/>
<opset="Ft_13_load/1 "/>
</bind>
</comp>

<comp id="1143" class="1004" name="Ft_14_load_load_fu_1143">
<pin_list>
<pin id="1144" dir="0" index="0" bw="32" slack="0"/>
<pin id="1145" dir="1" index="1" bw="32" slack="0"/>
</pin_list>
<bind>
<opcode="load(27) " fcode="load"/>
<opset="Ft_14_load/1 "/>
</bind>
</comp>

<comp id="1147" class="1004" name="Ft_15_load_load_fu_1147">
<pin_list>
<pin id="1148" dir="0" index="0" bw="32" slack="0"/>
<pin id="1149" dir="1" index="1" bw="32" slack="0"/>
</pin_list>
<bind>
<opcode="load(27) " fcode="load"/>
<opset="Ft_15_load/1 "/>
</bind>
</comp>

<comp id="1151" class="1004" name="Ft_16_load_load_fu_1151">
<pin_list>
<pin id="1152" dir="0" index="0" bw="32" slack="0"/>
<pin id="1153" dir="1" index="1" bw="32" slack="0"/>
</pin_list>
<bind>
<opcode="load(27) " fcode="load"/>
<opset="Ft_16_load/1 "/>
</bind>
</comp>

<comp id="1155" class="1004" name="Ft_17_load_load_fu_1155">
<pin_list>
<pin id="1156" dir="0" index="0" bw="32" slack="0"/>
<pin id="1157" dir="1" index="1" bw="32" slack="0"/>
</pin_list>
<bind>
<opcode="load(27) " fcode="load"/>
<opset="Ft_17_load/1 "/>
</bind>
</comp>

<comp id="1159" class="1004" name="Ft_18_load_load_fu_1159">
<pin_list>
<pin id="1160" dir="0" index="0" bw="32" slack="0"/>
<pin id="1161" dir="1" index="1" bw="32" slack="0"/>
</pin_list>
<bind>
<opcode="load(27) " fcode="load"/>
<opset="Ft_18_load/1 "/>
</bind>
</comp>

<comp id="1163" class="1004" name="Ft_19_load_load_fu_1163">
<pin_list>
<pin id="1164" dir="0" index="0" bw="32" slack="0"/>
<pin id="1165" dir="1" index="1" bw="32" slack="0"/>
</pin_list>
<bind>
<opcode="load(27) " fcode="load"/>
<opset="Ft_19_load/1 "/>
</bind>
</comp>

<comp id="1167" class="1004" name="Ft_20_load_load_fu_1167">
<pin_list>
<pin id="1168" dir="0" index="0" bw="32" slack="0"/>
<pin id="1169" dir="1" index="1" bw="32" slack="0"/>
</pin_list>
<bind>
<opcode="load(27) " fcode="load"/>
<opset="Ft_20_load/1 "/>
</bind>
</comp>

<comp id="1171" class="1004" name="Ft_21_load_load_fu_1171">
<pin_list>
<pin id="1172" dir="0" index="0" bw="32" slack="0"/>
<pin id="1173" dir="1" index="1" bw="32" slack="0"/>
</pin_list>
<bind>
<opcode="load(27) " fcode="load"/>
<opset="Ft_21_load/1 "/>
</bind>
</comp>

<comp id="1175" class="1004" name="Ft_22_load_load_fu_1175">
<pin_list>
<pin id="1176" dir="0" index="0" bw="32" slack="0"/>
<pin id="1177" dir="1" index="1" bw="32" slack="0"/>
</pin_list>
<bind>
<opcode="load(27) " fcode="load"/>
<opset="Ft_22_load/1 "/>
</bind>
</comp>

<comp id="1179" class="1004" name="Ft_23_load_load_fu_1179">
<pin_list>
<pin id="1180" dir="0" index="0" bw="32" slack="0"/>
<pin id="1181" dir="1" index="1" bw="32" slack="0"/>
</pin_list>
<bind>
<opcode="load(27) " fcode="load"/>
<opset="Ft_23_load/1 "/>
</bind>
</comp>

<comp id="1183" class="1004" name="Ft_24_load_load_fu_1183">
<pin_list>
<pin id="1184" dir="0" index="0" bw="32" slack="0"/>
<pin id="1185" dir="1" index="1" bw="32" slack="0"/>
</pin_list>
<bind>
<opcode="load(27) " fcode="load"/>
<opset="Ft_24_load/1 "/>
</bind>
</comp>

<comp id="1187" class="1004" name="Ft_25_load_load_fu_1187">
<pin_list>
<pin id="1188" dir="0" index="0" bw="32" slack="0"/>
<pin id="1189" dir="1" index="1" bw="32" slack="0"/>
</pin_list>
<bind>
<opcode="load(27) " fcode="load"/>
<opset="Ft_25_load/1 "/>
</bind>
</comp>

<comp id="1191" class="1004" name="Ft_26_load_load_fu_1191">
<pin_list>
<pin id="1192" dir="0" index="0" bw="32" slack="0"/>
<pin id="1193" dir="1" index="1" bw="32" slack="0"/>
</pin_list>
<bind>
<opcode="load(27) " fcode="load"/>
<opset="Ft_26_load/1 "/>
</bind>
</comp>

<comp id="1195" class="1004" name="Ft_27_load_load_fu_1195">
<pin_list>
<pin id="1196" dir="0" index="0" bw="32" slack="0"/>
<pin id="1197" dir="1" index="1" bw="32" slack="0"/>
</pin_list>
<bind>
<opcode="load(27) " fcode="load"/>
<opset="Ft_27_load/1 "/>
</bind>
</comp>

<comp id="1199" class="1004" name="Ft_28_load_load_fu_1199">
<pin_list>
<pin id="1200" dir="0" index="0" bw="32" slack="0"/>
<pin id="1201" dir="1" index="1" bw="32" slack="0"/>
</pin_list>
<bind>
<opcode="load(27) " fcode="load"/>
<opset="Ft_28_load/1 "/>
</bind>
</comp>

<comp id="1203" class="1004" name="Ft_29_load_load_fu_1203">
<pin_list>
<pin id="1204" dir="0" index="0" bw="32" slack="0"/>
<pin id="1205" dir="1" index="1" bw="32" slack="0"/>
</pin_list>
<bind>
<opcode="load(27) " fcode="load"/>
<opset="Ft_29_load/1 "/>
</bind>
</comp>

<comp id="1207" class="1004" name="Ft_30_load_load_fu_1207">
<pin_list>
<pin id="1208" dir="0" index="0" bw="32" slack="0"/>
<pin id="1209" dir="1" index="1" bw="32" slack="0"/>
</pin_list>
<bind>
<opcode="load(27) " fcode="load"/>
<opset="Ft_30_load/1 "/>
</bind>
</comp>

<comp id="1211" class="1004" name="Ft_31_load_load_fu_1211">
<pin_list>
<pin id="1212" dir="0" index="0" bw="32" slack="0"/>
<pin id="1213" dir="1" index="1" bw="32" slack="0"/>
</pin_list>
<bind>
<opcode="load(27) " fcode="load"/>
<opset="Ft_31_load/1 "/>
</bind>
</comp>

<comp id="1215" class="1004" name="Ft_32_load_load_fu_1215">
<pin_list>
<pin id="1216" dir="0" index="0" bw="32" slack="0"/>
<pin id="1217" dir="1" index="1" bw="32" slack="0"/>
</pin_list>
<bind>
<opcode="load(27) " fcode="load"/>
<opset="Ft_32_load/1 "/>
</bind>
</comp>

<comp id="1219" class="1004" name="Ft_33_load_load_fu_1219">
<pin_list>
<pin id="1220" dir="0" index="0" bw="32" slack="0"/>
<pin id="1221" dir="1" index="1" bw="32" slack="0"/>
</pin_list>
<bind>
<opcode="load(27) " fcode="load"/>
<opset="Ft_33_load/1 "/>
</bind>
</comp>

<comp id="1223" class="1004" name="Ft_34_load_load_fu_1223">
<pin_list>
<pin id="1224" dir="0" index="0" bw="32" slack="0"/>
<pin id="1225" dir="1" index="1" bw="32" slack="0"/>
</pin_list>
<bind>
<opcode="load(27) " fcode="load"/>
<opset="Ft_34_load/1 "/>
</bind>
</comp>

<comp id="1227" class="1004" name="Ft_35_load_load_fu_1227">
<pin_list>
<pin id="1228" dir="0" index="0" bw="32" slack="0"/>
<pin id="1229" dir="1" index="1" bw="32" slack="0"/>
</pin_list>
<bind>
<opcode="load(27) " fcode="load"/>
<opset="Ft_35_load/1 "/>
</bind>
</comp>

<comp id="1231" class="1005" name="i_reg_1231">
<pin_list>
<pin id="1232" dir="0" index="0" bw="3" slack="0"/>
<pin id="1233" dir="1" index="1" bw="3" slack="0"/>
</pin_list>
<bind>
<opset="i "/>
</bind>
</comp>

<comp id="1238" class="1005" name="Ft_reg_1238">
<pin_list>
<pin id="1239" dir="0" index="0" bw="32" slack="0"/>
<pin id="1240" dir="1" index="1" bw="32" slack="0"/>
</pin_list>
<bind>
<opset="Ft "/>
</bind>
</comp>

<comp id="1244" class="1005" name="Ft_1_reg_1244">
<pin_list>
<pin id="1245" dir="0" index="0" bw="32" slack="0"/>
<pin id="1246" dir="1" index="1" bw="32" slack="0"/>
</pin_list>
<bind>
<opset="Ft_1 "/>
</bind>
</comp>

<comp id="1250" class="1005" name="Ft_2_reg_1250">
<pin_list>
<pin id="1251" dir="0" index="0" bw="32" slack="0"/>
<pin id="1252" dir="1" index="1" bw="32" slack="0"/>
</pin_list>
<bind>
<opset="Ft_2 "/>
</bind>
</comp>

<comp id="1256" class="1005" name="Ft_3_reg_1256">
<pin_list>
<pin id="1257" dir="0" index="0" bw="32" slack="0"/>
<pin id="1258" dir="1" index="1" bw="32" slack="0"/>
</pin_list>
<bind>
<opset="Ft_3 "/>
</bind>
</comp>

<comp id="1262" class="1005" name="Ft_4_reg_1262">
<pin_list>
<pin id="1263" dir="0" index="0" bw="32" slack="0"/>
<pin id="1264" dir="1" index="1" bw="32" slack="0"/>
</pin_list>
<bind>
<opset="Ft_4 "/>
</bind>
</comp>

<comp id="1268" class="1005" name="Ft_5_reg_1268">
<pin_list>
<pin id="1269" dir="0" index="0" bw="32" slack="0"/>
<pin id="1270" dir="1" index="1" bw="32" slack="0"/>
</pin_list>
<bind>
<opset="Ft_5 "/>
</bind>
</comp>

<comp id="1274" class="1005" name="Ft_6_reg_1274">
<pin_list>
<pin id="1275" dir="0" index="0" bw="32" slack="0"/>
<pin id="1276" dir="1" index="1" bw="32" slack="0"/>
</pin_list>
<bind>
<opset="Ft_6 "/>
</bind>
</comp>

<comp id="1280" class="1005" name="Ft_7_reg_1280">
<pin_list>
<pin id="1281" dir="0" index="0" bw="32" slack="0"/>
<pin id="1282" dir="1" index="1" bw="32" slack="0"/>
</pin_list>
<bind>
<opset="Ft_7 "/>
</bind>
</comp>

<comp id="1286" class="1005" name="Ft_8_reg_1286">
<pin_list>
<pin id="1287" dir="0" index="0" bw="32" slack="0"/>
<pin id="1288" dir="1" index="1" bw="32" slack="0"/>
</pin_list>
<bind>
<opset="Ft_8 "/>
</bind>
</comp>

<comp id="1292" class="1005" name="Ft_9_reg_1292">
<pin_list>
<pin id="1293" dir="0" index="0" bw="32" slack="0"/>
<pin id="1294" dir="1" index="1" bw="32" slack="0"/>
</pin_list>
<bind>
<opset="Ft_9 "/>
</bind>
</comp>

<comp id="1298" class="1005" name="Ft_10_reg_1298">
<pin_list>
<pin id="1299" dir="0" index="0" bw="32" slack="0"/>
<pin id="1300" dir="1" index="1" bw="32" slack="0"/>
</pin_list>
<bind>
<opset="Ft_10 "/>
</bind>
</comp>

<comp id="1304" class="1005" name="Ft_11_reg_1304">
<pin_list>
<pin id="1305" dir="0" index="0" bw="32" slack="0"/>
<pin id="1306" dir="1" index="1" bw="32" slack="0"/>
</pin_list>
<bind>
<opset="Ft_11 "/>
</bind>
</comp>

<comp id="1310" class="1005" name="Ft_12_reg_1310">
<pin_list>
<pin id="1311" dir="0" index="0" bw="32" slack="0"/>
<pin id="1312" dir="1" index="1" bw="32" slack="0"/>
</pin_list>
<bind>
<opset="Ft_12 "/>
</bind>
</comp>

<comp id="1316" class="1005" name="Ft_13_reg_1316">
<pin_list>
<pin id="1317" dir="0" index="0" bw="32" slack="0"/>
<pin id="1318" dir="1" index="1" bw="32" slack="0"/>
</pin_list>
<bind>
<opset="Ft_13 "/>
</bind>
</comp>

<comp id="1322" class="1005" name="Ft_14_reg_1322">
<pin_list>
<pin id="1323" dir="0" index="0" bw="32" slack="0"/>
<pin id="1324" dir="1" index="1" bw="32" slack="0"/>
</pin_list>
<bind>
<opset="Ft_14 "/>
</bind>
</comp>

<comp id="1328" class="1005" name="Ft_15_reg_1328">
<pin_list>
<pin id="1329" dir="0" index="0" bw="32" slack="0"/>
<pin id="1330" dir="1" index="1" bw="32" slack="0"/>
</pin_list>
<bind>
<opset="Ft_15 "/>
</bind>
</comp>

<comp id="1334" class="1005" name="Ft_16_reg_1334">
<pin_list>
<pin id="1335" dir="0" index="0" bw="32" slack="0"/>
<pin id="1336" dir="1" index="1" bw="32" slack="0"/>
</pin_list>
<bind>
<opset="Ft_16 "/>
</bind>
</comp>

<comp id="1340" class="1005" name="Ft_17_reg_1340">
<pin_list>
<pin id="1341" dir="0" index="0" bw="32" slack="0"/>
<pin id="1342" dir="1" index="1" bw="32" slack="0"/>
</pin_list>
<bind>
<opset="Ft_17 "/>
</bind>
</comp>

<comp id="1346" class="1005" name="Ft_18_reg_1346">
<pin_list>
<pin id="1347" dir="0" index="0" bw="32" slack="0"/>
<pin id="1348" dir="1" index="1" bw="32" slack="0"/>
</pin_list>
<bind>
<opset="Ft_18 "/>
</bind>
</comp>

<comp id="1352" class="1005" name="Ft_19_reg_1352">
<pin_list>
<pin id="1353" dir="0" index="0" bw="32" slack="0"/>
<pin id="1354" dir="1" index="1" bw="32" slack="0"/>
</pin_list>
<bind>
<opset="Ft_19 "/>
</bind>
</comp>

<comp id="1358" class="1005" name="Ft_20_reg_1358">
<pin_list>
<pin id="1359" dir="0" index="0" bw="32" slack="0"/>
<pin id="1360" dir="1" index="1" bw="32" slack="0"/>
</pin_list>
<bind>
<opset="Ft_20 "/>
</bind>
</comp>

<comp id="1364" class="1005" name="Ft_21_reg_1364">
<pin_list>
<pin id="1365" dir="0" index="0" bw="32" slack="0"/>
<pin id="1366" dir="1" index="1" bw="32" slack="0"/>
</pin_list>
<bind>
<opset="Ft_21 "/>
</bind>
</comp>

<comp id="1370" class="1005" name="Ft_22_reg_1370">
<pin_list>
<pin id="1371" dir="0" index="0" bw="32" slack="0"/>
<pin id="1372" dir="1" index="1" bw="32" slack="0"/>
</pin_list>
<bind>
<opset="Ft_22 "/>
</bind>
</comp>

<comp id="1376" class="1005" name="Ft_23_reg_1376">
<pin_list>
<pin id="1377" dir="0" index="0" bw="32" slack="0"/>
<pin id="1378" dir="1" index="1" bw="32" slack="0"/>
</pin_list>
<bind>
<opset="Ft_23 "/>
</bind>
</comp>

<comp id="1382" class="1005" name="Ft_24_reg_1382">
<pin_list>
<pin id="1383" dir="0" index="0" bw="32" slack="0"/>
<pin id="1384" dir="1" index="1" bw="32" slack="0"/>
</pin_list>
<bind>
<opset="Ft_24 "/>
</bind>
</comp>

<comp id="1388" class="1005" name="Ft_25_reg_1388">
<pin_list>
<pin id="1389" dir="0" index="0" bw="32" slack="0"/>
<pin id="1390" dir="1" index="1" bw="32" slack="0"/>
</pin_list>
<bind>
<opset="Ft_25 "/>
</bind>
</comp>

<comp id="1394" class="1005" name="Ft_26_reg_1394">
<pin_list>
<pin id="1395" dir="0" index="0" bw="32" slack="0"/>
<pin id="1396" dir="1" index="1" bw="32" slack="0"/>
</pin_list>
<bind>
<opset="Ft_26 "/>
</bind>
</comp>

<comp id="1400" class="1005" name="Ft_27_reg_1400">
<pin_list>
<pin id="1401" dir="0" index="0" bw="32" slack="0"/>
<pin id="1402" dir="1" index="1" bw="32" slack="0"/>
</pin_list>
<bind>
<opset="Ft_27 "/>
</bind>
</comp>

<comp id="1406" class="1005" name="Ft_28_reg_1406">
<pin_list>
<pin id="1407" dir="0" index="0" bw="32" slack="0"/>
<pin id="1408" dir="1" index="1" bw="32" slack="0"/>
</pin_list>
<bind>
<opset="Ft_28 "/>
</bind>
</comp>

<comp id="1412" class="1005" name="Ft_29_reg_1412">
<pin_list>
<pin id="1413" dir="0" index="0" bw="32" slack="0"/>
<pin id="1414" dir="1" index="1" bw="32" slack="0"/>
</pin_list>
<bind>
<opset="Ft_29 "/>
</bind>
</comp>

<comp id="1418" class="1005" name="Ft_30_reg_1418">
<pin_list>
<pin id="1419" dir="0" index="0" bw="32" slack="0"/>
<pin id="1420" dir="1" index="1" bw="32" slack="0"/>
</pin_list>
<bind>
<opset="Ft_30 "/>
</bind>
</comp>

<comp id="1424" class="1005" name="Ft_31_reg_1424">
<pin_list>
<pin id="1425" dir="0" index="0" bw="32" slack="0"/>
<pin id="1426" dir="1" index="1" bw="32" slack="0"/>
</pin_list>
<bind>
<opset="Ft_31 "/>
</bind>
</comp>

<comp id="1430" class="1005" name="Ft_32_reg_1430">
<pin_list>
<pin id="1431" dir="0" index="0" bw="32" slack="0"/>
<pin id="1432" dir="1" index="1" bw="32" slack="0"/>
</pin_list>
<bind>
<opset="Ft_32 "/>
</bind>
</comp>

<comp id="1436" class="1005" name="Ft_33_reg_1436">
<pin_list>
<pin id="1437" dir="0" index="0" bw="32" slack="0"/>
<pin id="1438" dir="1" index="1" bw="32" slack="0"/>
</pin_list>
<bind>
<opset="Ft_33 "/>
</bind>
</comp>

<comp id="1442" class="1005" name="Ft_34_reg_1442">
<pin_list>
<pin id="1443" dir="0" index="0" bw="32" slack="0"/>
<pin id="1444" dir="1" index="1" bw="32" slack="0"/>
</pin_list>
<bind>
<opset="Ft_34 "/>
</bind>
</comp>

<comp id="1448" class="1005" name="Ft_35_reg_1448">
<pin_list>
<pin id="1449" dir="0" index="0" bw="32" slack="0"/>
<pin id="1450" dir="1" index="1" bw="32" slack="0"/>
</pin_list>
<bind>
<opset="Ft_35 "/>
</bind>
</comp>

</comp_list>

<net_list>
<net id="179"><net_src comp="138" pin="0"/><net_sink comp="176" pin=0"/></net>

<net id="183"><net_src comp="138" pin="0"/><net_sink comp="180" pin=0"/></net>

<net id="187"><net_src comp="138" pin="0"/><net_sink comp="184" pin=0"/></net>

<net id="191"><net_src comp="138" pin="0"/><net_sink comp="188" pin=0"/></net>

<net id="195"><net_src comp="138" pin="0"/><net_sink comp="192" pin=0"/></net>

<net id="199"><net_src comp="138" pin="0"/><net_sink comp="196" pin=0"/></net>

<net id="203"><net_src comp="138" pin="0"/><net_sink comp="200" pin=0"/></net>

<net id="207"><net_src comp="138" pin="0"/><net_sink comp="204" pin=0"/></net>

<net id="211"><net_src comp="138" pin="0"/><net_sink comp="208" pin=0"/></net>

<net id="215"><net_src comp="138" pin="0"/><net_sink comp="212" pin=0"/></net>

<net id="219"><net_src comp="138" pin="0"/><net_sink comp="216" pin=0"/></net>

<net id="223"><net_src comp="138" pin="0"/><net_sink comp="220" pin=0"/></net>

<net id="227"><net_src comp="138" pin="0"/><net_sink comp="224" pin=0"/></net>

<net id="231"><net_src comp="138" pin="0"/><net_sink comp="228" pin=0"/></net>

<net id="235"><net_src comp="138" pin="0"/><net_sink comp="232" pin=0"/></net>

<net id="239"><net_src comp="138" pin="0"/><net_sink comp="236" pin=0"/></net>

<net id="243"><net_src comp="138" pin="0"/><net_sink comp="240" pin=0"/></net>

<net id="247"><net_src comp="138" pin="0"/><net_sink comp="244" pin=0"/></net>

<net id="251"><net_src comp="138" pin="0"/><net_sink comp="248" pin=0"/></net>

<net id="255"><net_src comp="138" pin="0"/><net_sink comp="252" pin=0"/></net>

<net id="259"><net_src comp="138" pin="0"/><net_sink comp="256" pin=0"/></net>

<net id="263"><net_src comp="138" pin="0"/><net_sink comp="260" pin=0"/></net>

<net id="267"><net_src comp="138" pin="0"/><net_sink comp="264" pin=0"/></net>

<net id="271"><net_src comp="138" pin="0"/><net_sink comp="268" pin=0"/></net>

<net id="275"><net_src comp="138" pin="0"/><net_sink comp="272" pin=0"/></net>

<net id="279"><net_src comp="138" pin="0"/><net_sink comp="276" pin=0"/></net>

<net id="283"><net_src comp="138" pin="0"/><net_sink comp="280" pin=0"/></net>

<net id="287"><net_src comp="138" pin="0"/><net_sink comp="284" pin=0"/></net>

<net id="291"><net_src comp="138" pin="0"/><net_sink comp="288" pin=0"/></net>

<net id="295"><net_src comp="138" pin="0"/><net_sink comp="292" pin=0"/></net>

<net id="299"><net_src comp="138" pin="0"/><net_sink comp="296" pin=0"/></net>

<net id="303"><net_src comp="138" pin="0"/><net_sink comp="300" pin=0"/></net>

<net id="307"><net_src comp="138" pin="0"/><net_sink comp="304" pin=0"/></net>

<net id="311"><net_src comp="138" pin="0"/><net_sink comp="308" pin=0"/></net>

<net id="315"><net_src comp="138" pin="0"/><net_sink comp="312" pin=0"/></net>

<net id="319"><net_src comp="138" pin="0"/><net_sink comp="316" pin=0"/></net>

<net id="323"><net_src comp="138" pin="0"/><net_sink comp="320" pin=0"/></net>

<net id="328"><net_src comp="140" pin="0"/><net_sink comp="324" pin=0"/></net>

<net id="329"><net_src comp="64" pin="0"/><net_sink comp="324" pin=1"/></net>

<net id="334"><net_src comp="140" pin="0"/><net_sink comp="330" pin=0"/></net>

<net id="335"><net_src comp="62" pin="0"/><net_sink comp="330" pin=1"/></net>

<net id="340"><net_src comp="140" pin="0"/><net_sink comp="336" pin=0"/></net>

<net id="341"><net_src comp="60" pin="0"/><net_sink comp="336" pin=1"/></net>

<net id="346"><net_src comp="140" pin="0"/><net_sink comp="342" pin=0"/></net>

<net id="347"><net_src comp="58" pin="0"/><net_sink comp="342" pin=1"/></net>

<net id="352"><net_src comp="140" pin="0"/><net_sink comp="348" pin=0"/></net>

<net id="353"><net_src comp="56" pin="0"/><net_sink comp="348" pin=1"/></net>

<net id="358"><net_src comp="140" pin="0"/><net_sink comp="354" pin=0"/></net>

<net id="359"><net_src comp="54" pin="0"/><net_sink comp="354" pin=1"/></net>

<net id="364"><net_src comp="140" pin="0"/><net_sink comp="360" pin=0"/></net>

<net id="365"><net_src comp="52" pin="0"/><net_sink comp="360" pin=1"/></net>

<net id="370"><net_src comp="140" pin="0"/><net_sink comp="366" pin=0"/></net>

<net id="371"><net_src comp="50" pin="0"/><net_sink comp="366" pin=1"/></net>

<net id="376"><net_src comp="140" pin="0"/><net_sink comp="372" pin=0"/></net>

<net id="377"><net_src comp="48" pin="0"/><net_sink comp="372" pin=1"/></net>

<net id="382"><net_src comp="140" pin="0"/><net_sink comp="378" pin=0"/></net>

<net id="383"><net_src comp="46" pin="0"/><net_sink comp="378" pin=1"/></net>

<net id="388"><net_src comp="140" pin="0"/><net_sink comp="384" pin=0"/></net>

<net id="389"><net_src comp="44" pin="0"/><net_sink comp="384" pin=1"/></net>

<net id="394"><net_src comp="140" pin="0"/><net_sink comp="390" pin=0"/></net>

<net id="395"><net_src comp="42" pin="0"/><net_sink comp="390" pin=1"/></net>

<net id="400"><net_src comp="140" pin="0"/><net_sink comp="396" pin=0"/></net>

<net id="401"><net_src comp="40" pin="0"/><net_sink comp="396" pin=1"/></net>

<net id="406"><net_src comp="140" pin="0"/><net_sink comp="402" pin=0"/></net>

<net id="407"><net_src comp="38" pin="0"/><net_sink comp="402" pin=1"/></net>

<net id="412"><net_src comp="140" pin="0"/><net_sink comp="408" pin=0"/></net>

<net id="413"><net_src comp="36" pin="0"/><net_sink comp="408" pin=1"/></net>

<net id="418"><net_src comp="140" pin="0"/><net_sink comp="414" pin=0"/></net>

<net id="419"><net_src comp="34" pin="0"/><net_sink comp="414" pin=1"/></net>

<net id="424"><net_src comp="140" pin="0"/><net_sink comp="420" pin=0"/></net>

<net id="425"><net_src comp="32" pin="0"/><net_sink comp="420" pin=1"/></net>

<net id="430"><net_src comp="140" pin="0"/><net_sink comp="426" pin=0"/></net>

<net id="431"><net_src comp="30" pin="0"/><net_sink comp="426" pin=1"/></net>

<net id="436"><net_src comp="140" pin="0"/><net_sink comp="432" pin=0"/></net>

<net id="437"><net_src comp="28" pin="0"/><net_sink comp="432" pin=1"/></net>

<net id="442"><net_src comp="140" pin="0"/><net_sink comp="438" pin=0"/></net>

<net id="443"><net_src comp="26" pin="0"/><net_sink comp="438" pin=1"/></net>

<net id="448"><net_src comp="140" pin="0"/><net_sink comp="444" pin=0"/></net>

<net id="449"><net_src comp="24" pin="0"/><net_sink comp="444" pin=1"/></net>

<net id="454"><net_src comp="140" pin="0"/><net_sink comp="450" pin=0"/></net>

<net id="455"><net_src comp="22" pin="0"/><net_sink comp="450" pin=1"/></net>

<net id="460"><net_src comp="140" pin="0"/><net_sink comp="456" pin=0"/></net>

<net id="461"><net_src comp="20" pin="0"/><net_sink comp="456" pin=1"/></net>

<net id="466"><net_src comp="140" pin="0"/><net_sink comp="462" pin=0"/></net>

<net id="467"><net_src comp="18" pin="0"/><net_sink comp="462" pin=1"/></net>

<net id="472"><net_src comp="140" pin="0"/><net_sink comp="468" pin=0"/></net>

<net id="473"><net_src comp="16" pin="0"/><net_sink comp="468" pin=1"/></net>

<net id="478"><net_src comp="140" pin="0"/><net_sink comp="474" pin=0"/></net>

<net id="479"><net_src comp="14" pin="0"/><net_sink comp="474" pin=1"/></net>

<net id="484"><net_src comp="140" pin="0"/><net_sink comp="480" pin=0"/></net>

<net id="485"><net_src comp="12" pin="0"/><net_sink comp="480" pin=1"/></net>

<net id="490"><net_src comp="140" pin="0"/><net_sink comp="486" pin=0"/></net>

<net id="491"><net_src comp="10" pin="0"/><net_sink comp="486" pin=1"/></net>

<net id="496"><net_src comp="140" pin="0"/><net_sink comp="492" pin=0"/></net>

<net id="497"><net_src comp="8" pin="0"/><net_sink comp="492" pin=1"/></net>

<net id="502"><net_src comp="140" pin="0"/><net_sink comp="498" pin=0"/></net>

<net id="503"><net_src comp="6" pin="0"/><net_sink comp="498" pin=1"/></net>

<net id="508"><net_src comp="140" pin="0"/><net_sink comp="504" pin=0"/></net>

<net id="509"><net_src comp="4" pin="0"/><net_sink comp="504" pin=1"/></net>

<net id="514"><net_src comp="140" pin="0"/><net_sink comp="510" pin=0"/></net>

<net id="515"><net_src comp="2" pin="0"/><net_sink comp="510" pin=1"/></net>

<net id="520"><net_src comp="140" pin="0"/><net_sink comp="516" pin=0"/></net>

<net id="521"><net_src comp="0" pin="0"/><net_sink comp="516" pin=1"/></net>

<net id="527"><net_src comp="174" pin="0"/><net_sink comp="522" pin=0"/></net>

<net id="528"><net_src comp="66" pin="0"/><net_sink comp="522" pin=1"/></net>

<net id="534"><net_src comp="174" pin="0"/><net_sink comp="529" pin=0"/></net>

<net id="535"><net_src comp="68" pin="0"/><net_sink comp="529" pin=1"/></net>

<net id="541"><net_src comp="174" pin="0"/><net_sink comp="536" pin=0"/></net>

<net id="542"><net_src comp="70" pin="0"/><net_sink comp="536" pin=1"/></net>

<net id="548"><net_src comp="174" pin="0"/><net_sink comp="543" pin=0"/></net>

<net id="549"><net_src comp="72" pin="0"/><net_sink comp="543" pin=1"/></net>

<net id="555"><net_src comp="174" pin="0"/><net_sink comp="550" pin=0"/></net>

<net id="556"><net_src comp="74" pin="0"/><net_sink comp="550" pin=1"/></net>

<net id="562"><net_src comp="174" pin="0"/><net_sink comp="557" pin=0"/></net>

<net id="563"><net_src comp="76" pin="0"/><net_sink comp="557" pin=1"/></net>

<net id="569"><net_src comp="174" pin="0"/><net_sink comp="564" pin=0"/></net>

<net id="570"><net_src comp="78" pin="0"/><net_sink comp="564" pin=1"/></net>

<net id="576"><net_src comp="174" pin="0"/><net_sink comp="571" pin=0"/></net>

<net id="577"><net_src comp="80" pin="0"/><net_sink comp="571" pin=1"/></net>

<net id="583"><net_src comp="174" pin="0"/><net_sink comp="578" pin=0"/></net>

<net id="584"><net_src comp="82" pin="0"/><net_sink comp="578" pin=1"/></net>

<net id="590"><net_src comp="174" pin="0"/><net_sink comp="585" pin=0"/></net>

<net id="591"><net_src comp="84" pin="0"/><net_sink comp="585" pin=1"/></net>

<net id="597"><net_src comp="174" pin="0"/><net_sink comp="592" pin=0"/></net>

<net id="598"><net_src comp="86" pin="0"/><net_sink comp="592" pin=1"/></net>

<net id="604"><net_src comp="174" pin="0"/><net_sink comp="599" pin=0"/></net>

<net id="605"><net_src comp="88" pin="0"/><net_sink comp="599" pin=1"/></net>

<net id="611"><net_src comp="174" pin="0"/><net_sink comp="606" pin=0"/></net>

<net id="612"><net_src comp="90" pin="0"/><net_sink comp="606" pin=1"/></net>

<net id="618"><net_src comp="174" pin="0"/><net_sink comp="613" pin=0"/></net>

<net id="619"><net_src comp="92" pin="0"/><net_sink comp="613" pin=1"/></net>

<net id="625"><net_src comp="174" pin="0"/><net_sink comp="620" pin=0"/></net>

<net id="626"><net_src comp="94" pin="0"/><net_sink comp="620" pin=1"/></net>

<net id="632"><net_src comp="174" pin="0"/><net_sink comp="627" pin=0"/></net>

<net id="633"><net_src comp="96" pin="0"/><net_sink comp="627" pin=1"/></net>

<net id="639"><net_src comp="174" pin="0"/><net_sink comp="634" pin=0"/></net>

<net id="640"><net_src comp="98" pin="0"/><net_sink comp="634" pin=1"/></net>

<net id="646"><net_src comp="174" pin="0"/><net_sink comp="641" pin=0"/></net>

<net id="647"><net_src comp="100" pin="0"/><net_sink comp="641" pin=1"/></net>

<net id="653"><net_src comp="174" pin="0"/><net_sink comp="648" pin=0"/></net>

<net id="654"><net_src comp="102" pin="0"/><net_sink comp="648" pin=1"/></net>

<net id="660"><net_src comp="174" pin="0"/><net_sink comp="655" pin=0"/></net>

<net id="661"><net_src comp="104" pin="0"/><net_sink comp="655" pin=1"/></net>

<net id="667"><net_src comp="174" pin="0"/><net_sink comp="662" pin=0"/></net>

<net id="668"><net_src comp="106" pin="0"/><net_sink comp="662" pin=1"/></net>

<net id="674"><net_src comp="174" pin="0"/><net_sink comp="669" pin=0"/></net>

<net id="675"><net_src comp="108" pin="0"/><net_sink comp="669" pin=1"/></net>

<net id="681"><net_src comp="174" pin="0"/><net_sink comp="676" pin=0"/></net>

<net id="682"><net_src comp="110" pin="0"/><net_sink comp="676" pin=1"/></net>

<net id="688"><net_src comp="174" pin="0"/><net_sink comp="683" pin=0"/></net>

<net id="689"><net_src comp="112" pin="0"/><net_sink comp="683" pin=1"/></net>

<net id="695"><net_src comp="174" pin="0"/><net_sink comp="690" pin=0"/></net>

<net id="696"><net_src comp="114" pin="0"/><net_sink comp="690" pin=1"/></net>

<net id="702"><net_src comp="174" pin="0"/><net_sink comp="697" pin=0"/></net>

<net id="703"><net_src comp="116" pin="0"/><net_sink comp="697" pin=1"/></net>

<net id="709"><net_src comp="174" pin="0"/><net_sink comp="704" pin=0"/></net>

<net id="710"><net_src comp="118" pin="0"/><net_sink comp="704" pin=1"/></net>

<net id="716"><net_src comp="174" pin="0"/><net_sink comp="711" pin=0"/></net>

<net id="717"><net_src comp="120" pin="0"/><net_sink comp="711" pin=1"/></net>

<net id="723"><net_src comp="174" pin="0"/><net_sink comp="718" pin=0"/></net>

<net id="724"><net_src comp="122" pin="0"/><net_sink comp="718" pin=1"/></net>

<net id="730"><net_src comp="174" pin="0"/><net_sink comp="725" pin=0"/></net>

<net id="731"><net_src comp="124" pin="0"/><net_sink comp="725" pin=1"/></net>

<net id="737"><net_src comp="174" pin="0"/><net_sink comp="732" pin=0"/></net>

<net id="738"><net_src comp="126" pin="0"/><net_sink comp="732" pin=1"/></net>

<net id="744"><net_src comp="174" pin="0"/><net_sink comp="739" pin=0"/></net>

<net id="745"><net_src comp="128" pin="0"/><net_sink comp="739" pin=1"/></net>

<net id="751"><net_src comp="174" pin="0"/><net_sink comp="746" pin=0"/></net>

<net id="752"><net_src comp="130" pin="0"/><net_sink comp="746" pin=1"/></net>

<net id="758"><net_src comp="174" pin="0"/><net_sink comp="753" pin=0"/></net>

<net id="759"><net_src comp="132" pin="0"/><net_sink comp="753" pin=1"/></net>

<net id="765"><net_src comp="174" pin="0"/><net_sink comp="760" pin=0"/></net>

<net id="766"><net_src comp="134" pin="0"/><net_sink comp="760" pin=1"/></net>

<net id="772"><net_src comp="174" pin="0"/><net_sink comp="767" pin=0"/></net>

<net id="773"><net_src comp="136" pin="0"/><net_sink comp="767" pin=1"/></net>

<net id="778"><net_src comp="142" pin="0"/><net_sink comp="774" pin=0"/></net>

<net id="786"><net_src comp="779" pin="1"/><net_sink comp="782" pin=0"/></net>

<net id="787"><net_src comp="152" pin="0"/><net_sink comp="782" pin=1"/></net>

<net id="792"><net_src comp="779" pin="1"/><net_sink comp="788" pin=0"/></net>

<net id="793"><net_src comp="154" pin="0"/><net_sink comp="788" pin=1"/></net>

<net id="804"><net_src comp="164" pin="0"/><net_sink comp="794" pin=0"/></net>

<net id="805"><net_src comp="516" pin="2"/><net_sink comp="794" pin=1"/></net>

<net id="806"><net_src comp="510" pin="2"/><net_sink comp="794" pin=2"/></net>

<net id="807"><net_src comp="504" pin="2"/><net_sink comp="794" pin=3"/></net>

<net id="808"><net_src comp="498" pin="2"/><net_sink comp="794" pin=4"/></net>

<net id="809"><net_src comp="492" pin="2"/><net_sink comp="794" pin=5"/></net>

<net id="810"><net_src comp="486" pin="2"/><net_sink comp="794" pin=6"/></net>

<net id="811"><net_src comp="779" pin="1"/><net_sink comp="794" pin=7"/></net>

<net id="822"><net_src comp="164" pin="0"/><net_sink comp="812" pin=0"/></net>

<net id="823"><net_src comp="480" pin="2"/><net_sink comp="812" pin=1"/></net>

<net id="824"><net_src comp="474" pin="2"/><net_sink comp="812" pin=2"/></net>

<net id="825"><net_src comp="468" pin="2"/><net_sink comp="812" pin=3"/></net>

<net id="826"><net_src comp="462" pin="2"/><net_sink comp="812" pin=4"/></net>

<net id="827"><net_src comp="456" pin="2"/><net_sink comp="812" pin=5"/></net>

<net id="828"><net_src comp="450" pin="2"/><net_sink comp="812" pin=6"/></net>

<net id="829"><net_src comp="779" pin="1"/><net_sink comp="812" pin=7"/></net>

<net id="840"><net_src comp="164" pin="0"/><net_sink comp="830" pin=0"/></net>

<net id="841"><net_src comp="444" pin="2"/><net_sink comp="830" pin=1"/></net>

<net id="842"><net_src comp="438" pin="2"/><net_sink comp="830" pin=2"/></net>

<net id="843"><net_src comp="432" pin="2"/><net_sink comp="830" pin=3"/></net>

<net id="844"><net_src comp="426" pin="2"/><net_sink comp="830" pin=4"/></net>

<net id="845"><net_src comp="420" pin="2"/><net_sink comp="830" pin=5"/></net>

<net id="846"><net_src comp="414" pin="2"/><net_sink comp="830" pin=6"/></net>

<net id="847"><net_src comp="779" pin="1"/><net_sink comp="830" pin=7"/></net>

<net id="858"><net_src comp="164" pin="0"/><net_sink comp="848" pin=0"/></net>

<net id="859"><net_src comp="166" pin="0"/><net_sink comp="848" pin=1"/></net>

<net id="860"><net_src comp="408" pin="2"/><net_sink comp="848" pin=2"/></net>

<net id="861"><net_src comp="402" pin="2"/><net_sink comp="848" pin=3"/></net>

<net id="862"><net_src comp="396" pin="2"/><net_sink comp="848" pin=4"/></net>

<net id="863"><net_src comp="390" pin="2"/><net_sink comp="848" pin=5"/></net>

<net id="864"><net_src comp="384" pin="2"/><net_sink comp="848" pin=6"/></net>

<net id="865"><net_src comp="779" pin="1"/><net_sink comp="848" pin=7"/></net>

<net id="876"><net_src comp="164" pin="0"/><net_sink comp="866" pin=0"/></net>

<net id="877"><net_src comp="378" pin="2"/><net_sink comp="866" pin=1"/></net>

<net id="878"><net_src comp="166" pin="0"/><net_sink comp="866" pin=2"/></net>

<net id="879"><net_src comp="372" pin="2"/><net_sink comp="866" pin=3"/></net>

<net id="880"><net_src comp="366" pin="2"/><net_sink comp="866" pin=4"/></net>

<net id="881"><net_src comp="360" pin="2"/><net_sink comp="866" pin=5"/></net>

<net id="882"><net_src comp="354" pin="2"/><net_sink comp="866" pin=6"/></net>

<net id="883"><net_src comp="779" pin="1"/><net_sink comp="866" pin=7"/></net>

<net id="894"><net_src comp="164" pin="0"/><net_sink comp="884" pin=0"/></net>

<net id="895"><net_src comp="348" pin="2"/><net_sink comp="884" pin=1"/></net>

<net id="896"><net_src comp="342" pin="2"/><net_sink comp="884" pin=2"/></net>

<net id="897"><net_src comp="166" pin="0"/><net_sink comp="884" pin=3"/></net>

<net id="898"><net_src comp="336" pin="2"/><net_sink comp="884" pin=4"/></net>

<net id="899"><net_src comp="330" pin="2"/><net_sink comp="884" pin=5"/></net>

<net id="900"><net_src comp="324" pin="2"/><net_sink comp="884" pin=6"/></net>

<net id="901"><net_src comp="779" pin="1"/><net_sink comp="884" pin=7"/></net>

<net id="906"><net_src comp="884" pin="8"/><net_sink comp="902" pin=0"/></net>

<net id="911"><net_src comp="866" pin="8"/><net_sink comp="907" pin=0"/></net>

<net id="916"><net_src comp="848" pin="8"/><net_sink comp="912" pin=0"/></net>

<net id="921"><net_src comp="830" pin="8"/><net_sink comp="917" pin=0"/></net>

<net id="926"><net_src comp="812" pin="8"/><net_sink comp="922" pin=0"/></net>

<net id="931"><net_src comp="794" pin="8"/><net_sink comp="927" pin=0"/></net>

<net id="936"><net_src comp="884" pin="8"/><net_sink comp="932" pin=0"/></net>

<net id="941"><net_src comp="866" pin="8"/><net_sink comp="937" pin=0"/></net>

<net id="946"><net_src comp="848" pin="8"/><net_sink comp="942" pin=0"/></net>

<net id="951"><net_src comp="830" pin="8"/><net_sink comp="947" pin=0"/></net>

<net id="956"><net_src comp="812" pin="8"/><net_sink comp="952" pin=0"/></net>

<net id="961"><net_src comp="794" pin="8"/><net_sink comp="957" pin=0"/></net>

<net id="966"><net_src comp="884" pin="8"/><net_sink comp="962" pin=0"/></net>

<net id="971"><net_src comp="866" pin="8"/><net_sink comp="967" pin=0"/></net>

<net id="976"><net_src comp="848" pin="8"/><net_sink comp="972" pin=0"/></net>

<net id="981"><net_src comp="830" pin="8"/><net_sink comp="977" pin=0"/></net>

<net id="986"><net_src comp="812" pin="8"/><net_sink comp="982" pin=0"/></net>

<net id="991"><net_src comp="794" pin="8"/><net_sink comp="987" pin=0"/></net>

<net id="996"><net_src comp="884" pin="8"/><net_sink comp="992" pin=0"/></net>

<net id="1001"><net_src comp="866" pin="8"/><net_sink comp="997" pin=0"/></net>

<net id="1006"><net_src comp="848" pin="8"/><net_sink comp="1002" pin=0"/></net>

<net id="1011"><net_src comp="830" pin="8"/><net_sink comp="1007" pin=0"/></net>

<net id="1016"><net_src comp="812" pin="8"/><net_sink comp="1012" pin=0"/></net>

<net id="1021"><net_src comp="794" pin="8"/><net_sink comp="1017" pin=0"/></net>

<net id="1026"><net_src comp="884" pin="8"/><net_sink comp="1022" pin=0"/></net>

<net id="1031"><net_src comp="866" pin="8"/><net_sink comp="1027" pin=0"/></net>

<net id="1036"><net_src comp="848" pin="8"/><net_sink comp="1032" pin=0"/></net>

<net id="1041"><net_src comp="830" pin="8"/><net_sink comp="1037" pin=0"/></net>

<net id="1046"><net_src comp="812" pin="8"/><net_sink comp="1042" pin=0"/></net>

<net id="1051"><net_src comp="794" pin="8"/><net_sink comp="1047" pin=0"/></net>

<net id="1056"><net_src comp="884" pin="8"/><net_sink comp="1052" pin=0"/></net>

<net id="1061"><net_src comp="866" pin="8"/><net_sink comp="1057" pin=0"/></net>

<net id="1066"><net_src comp="848" pin="8"/><net_sink comp="1062" pin=0"/></net>

<net id="1071"><net_src comp="830" pin="8"/><net_sink comp="1067" pin=0"/></net>

<net id="1076"><net_src comp="812" pin="8"/><net_sink comp="1072" pin=0"/></net>

<net id="1081"><net_src comp="794" pin="8"/><net_sink comp="1077" pin=0"/></net>

<net id="1086"><net_src comp="788" pin="2"/><net_sink comp="1082" pin=0"/></net>

<net id="1090"><net_src comp="1087" pin="1"/><net_sink comp="767" pin=2"/></net>

<net id="1094"><net_src comp="1091" pin="1"/><net_sink comp="760" pin=2"/></net>

<net id="1098"><net_src comp="1095" pin="1"/><net_sink comp="753" pin=2"/></net>

<net id="1102"><net_src comp="1099" pin="1"/><net_sink comp="746" pin=2"/></net>

<net id="1106"><net_src comp="1103" pin="1"/><net_sink comp="739" pin=2"/></net>

<net id="1110"><net_src comp="1107" pin="1"/><net_sink comp="732" pin=2"/></net>

<net id="1114"><net_src comp="1111" pin="1"/><net_sink comp="725" pin=2"/></net>

<net id="1118"><net_src comp="1115" pin="1"/><net_sink comp="718" pin=2"/></net>

<net id="1122"><net_src comp="1119" pin="1"/><net_sink comp="711" pin=2"/></net>

<net id="1126"><net_src comp="1123" pin="1"/><net_sink comp="704" pin=2"/></net>

<net id="1130"><net_src comp="1127" pin="1"/><net_sink comp="697" pin=2"/></net>

<net id="1134"><net_src comp="1131" pin="1"/><net_sink comp="690" pin=2"/></net>

<net id="1138"><net_src comp="1135" pin="1"/><net_sink comp="683" pin=2"/></net>

<net id="1142"><net_src comp="1139" pin="1"/><net_sink comp="676" pin=2"/></net>

<net id="1146"><net_src comp="1143" pin="1"/><net_sink comp="669" pin=2"/></net>

<net id="1150"><net_src comp="1147" pin="1"/><net_sink comp="662" pin=2"/></net>

<net id="1154"><net_src comp="1151" pin="1"/><net_sink comp="655" pin=2"/></net>

<net id="1158"><net_src comp="1155" pin="1"/><net_sink comp="648" pin=2"/></net>

<net id="1162"><net_src comp="1159" pin="1"/><net_sink comp="641" pin=2"/></net>

<net id="1166"><net_src comp="1163" pin="1"/><net_sink comp="634" pin=2"/></net>

<net id="1170"><net_src comp="1167" pin="1"/><net_sink comp="627" pin=2"/></net>

<net id="1174"><net_src comp="1171" pin="1"/><net_sink comp="620" pin=2"/></net>

<net id="1178"><net_src comp="1175" pin="1"/><net_sink comp="613" pin=2"/></net>

<net id="1182"><net_src comp="1179" pin="1"/><net_sink comp="606" pin=2"/></net>

<net id="1186"><net_src comp="1183" pin="1"/><net_sink comp="599" pin=2"/></net>

<net id="1190"><net_src comp="1187" pin="1"/><net_sink comp="592" pin=2"/></net>

<net id="1194"><net_src comp="1191" pin="1"/><net_sink comp="585" pin=2"/></net>

<net id="1198"><net_src comp="1195" pin="1"/><net_sink comp="578" pin=2"/></net>

<net id="1202"><net_src comp="1199" pin="1"/><net_sink comp="571" pin=2"/></net>

<net id="1206"><net_src comp="1203" pin="1"/><net_sink comp="564" pin=2"/></net>

<net id="1210"><net_src comp="1207" pin="1"/><net_sink comp="557" pin=2"/></net>

<net id="1214"><net_src comp="1211" pin="1"/><net_sink comp="550" pin=2"/></net>

<net id="1218"><net_src comp="1215" pin="1"/><net_sink comp="543" pin=2"/></net>

<net id="1222"><net_src comp="1219" pin="1"/><net_sink comp="536" pin=2"/></net>

<net id="1226"><net_src comp="1223" pin="1"/><net_sink comp="529" pin=2"/></net>

<net id="1230"><net_src comp="1227" pin="1"/><net_sink comp="522" pin=2"/></net>

<net id="1234"><net_src comp="176" pin="1"/><net_sink comp="1231" pin=0"/></net>

<net id="1235"><net_src comp="1231" pin="1"/><net_sink comp="774" pin=1"/></net>

<net id="1236"><net_src comp="1231" pin="1"/><net_sink comp="779" pin=0"/></net>

<net id="1237"><net_src comp="1231" pin="1"/><net_sink comp="1082" pin=1"/></net>

<net id="1241"><net_src comp="180" pin="1"/><net_sink comp="1238" pin=0"/></net>

<net id="1242"><net_src comp="1238" pin="1"/><net_sink comp="1047" pin=1"/></net>

<net id="1243"><net_src comp="1238" pin="1"/><net_sink comp="1087" pin=0"/></net>

<net id="1247"><net_src comp="184" pin="1"/><net_sink comp="1244" pin=0"/></net>

<net id="1248"><net_src comp="1244" pin="1"/><net_sink comp="1017" pin=1"/></net>

<net id="1249"><net_src comp="1244" pin="1"/><net_sink comp="1091" pin=0"/></net>

<net id="1253"><net_src comp="188" pin="1"/><net_sink comp="1250" pin=0"/></net>

<net id="1254"><net_src comp="1250" pin="1"/><net_sink comp="987" pin=1"/></net>

<net id="1255"><net_src comp="1250" pin="1"/><net_sink comp="1095" pin=0"/></net>

<net id="1259"><net_src comp="192" pin="1"/><net_sink comp="1256" pin=0"/></net>

<net id="1260"><net_src comp="1256" pin="1"/><net_sink comp="957" pin=1"/></net>

<net id="1261"><net_src comp="1256" pin="1"/><net_sink comp="1099" pin=0"/></net>

<net id="1265"><net_src comp="196" pin="1"/><net_sink comp="1262" pin=0"/></net>

<net id="1266"><net_src comp="1262" pin="1"/><net_sink comp="927" pin=1"/></net>

<net id="1267"><net_src comp="1262" pin="1"/><net_sink comp="1103" pin=0"/></net>

<net id="1271"><net_src comp="200" pin="1"/><net_sink comp="1268" pin=0"/></net>

<net id="1272"><net_src comp="1268" pin="1"/><net_sink comp="1077" pin=1"/></net>

<net id="1273"><net_src comp="1268" pin="1"/><net_sink comp="1107" pin=0"/></net>

<net id="1277"><net_src comp="204" pin="1"/><net_sink comp="1274" pin=0"/></net>

<net id="1278"><net_src comp="1274" pin="1"/><net_sink comp="1042" pin=1"/></net>

<net id="1279"><net_src comp="1274" pin="1"/><net_sink comp="1111" pin=0"/></net>

<net id="1283"><net_src comp="208" pin="1"/><net_sink comp="1280" pin=0"/></net>

<net id="1284"><net_src comp="1280" pin="1"/><net_sink comp="1012" pin=1"/></net>

<net id="1285"><net_src comp="1280" pin="1"/><net_sink comp="1115" pin=0"/></net>

<net id="1289"><net_src comp="212" pin="1"/><net_sink comp="1286" pin=0"/></net>

<net id="1290"><net_src comp="1286" pin="1"/><net_sink comp="982" pin=1"/></net>

<net id="1291"><net_src comp="1286" pin="1"/><net_sink comp="1119" pin=0"/></net>

<net id="1295"><net_src comp="216" pin="1"/><net_sink comp="1292" pin=0"/></net>

<net id="1296"><net_src comp="1292" pin="1"/><net_sink comp="952" pin=1"/></net>

<net id="1297"><net_src comp="1292" pin="1"/><net_sink comp="1123" pin=0"/></net>

<net id="1301"><net_src comp="220" pin="1"/><net_sink comp="1298" pin=0"/></net>

<net id="1302"><net_src comp="1298" pin="1"/><net_sink comp="922" pin=1"/></net>

<net id="1303"><net_src comp="1298" pin="1"/><net_sink comp="1127" pin=0"/></net>

<net id="1307"><net_src comp="224" pin="1"/><net_sink comp="1304" pin=0"/></net>

<net id="1308"><net_src comp="1304" pin="1"/><net_sink comp="1072" pin=1"/></net>

<net id="1309"><net_src comp="1304" pin="1"/><net_sink comp="1131" pin=0"/></net>

<net id="1313"><net_src comp="228" pin="1"/><net_sink comp="1310" pin=0"/></net>

<net id="1314"><net_src comp="1310" pin="1"/><net_sink comp="1037" pin=1"/></net>

<net id="1315"><net_src comp="1310" pin="1"/><net_sink comp="1135" pin=0"/></net>

<net id="1319"><net_src comp="232" pin="1"/><net_sink comp="1316" pin=0"/></net>

<net id="1320"><net_src comp="1316" pin="1"/><net_sink comp="1007" pin=1"/></net>

<net id="1321"><net_src comp="1316" pin="1"/><net_sink comp="1139" pin=0"/></net>

<net id="1325"><net_src comp="236" pin="1"/><net_sink comp="1322" pin=0"/></net>

<net id="1326"><net_src comp="1322" pin="1"/><net_sink comp="977" pin=1"/></net>

<net id="1327"><net_src comp="1322" pin="1"/><net_sink comp="1143" pin=0"/></net>

<net id="1331"><net_src comp="240" pin="1"/><net_sink comp="1328" pin=0"/></net>

<net id="1332"><net_src comp="1328" pin="1"/><net_sink comp="947" pin=1"/></net>

<net id="1333"><net_src comp="1328" pin="1"/><net_sink comp="1147" pin=0"/></net>

<net id="1337"><net_src comp="244" pin="1"/><net_sink comp="1334" pin=0"/></net>

<net id="1338"><net_src comp="1334" pin="1"/><net_sink comp="917" pin=1"/></net>

<net id="1339"><net_src comp="1334" pin="1"/><net_sink comp="1151" pin=0"/></net>

<net id="1343"><net_src comp="248" pin="1"/><net_sink comp="1340" pin=0"/></net>

<net id="1344"><net_src comp="1340" pin="1"/><net_sink comp="1067" pin=1"/></net>

<net id="1345"><net_src comp="1340" pin="1"/><net_sink comp="1155" pin=0"/></net>

<net id="1349"><net_src comp="252" pin="1"/><net_sink comp="1346" pin=0"/></net>

<net id="1350"><net_src comp="1346" pin="1"/><net_sink comp="1032" pin=1"/></net>

<net id="1351"><net_src comp="1346" pin="1"/><net_sink comp="1159" pin=0"/></net>

<net id="1355"><net_src comp="256" pin="1"/><net_sink comp="1352" pin=0"/></net>

<net id="1356"><net_src comp="1352" pin="1"/><net_sink comp="1002" pin=1"/></net>

<net id="1357"><net_src comp="1352" pin="1"/><net_sink comp="1163" pin=0"/></net>

<net id="1361"><net_src comp="260" pin="1"/><net_sink comp="1358" pin=0"/></net>

<net id="1362"><net_src comp="1358" pin="1"/><net_sink comp="972" pin=1"/></net>

<net id="1363"><net_src comp="1358" pin="1"/><net_sink comp="1167" pin=0"/></net>

<net id="1367"><net_src comp="264" pin="1"/><net_sink comp="1364" pin=0"/></net>

<net id="1368"><net_src comp="1364" pin="1"/><net_sink comp="942" pin=1"/></net>

<net id="1369"><net_src comp="1364" pin="1"/><net_sink comp="1171" pin=0"/></net>

<net id="1373"><net_src comp="268" pin="1"/><net_sink comp="1370" pin=0"/></net>

<net id="1374"><net_src comp="1370" pin="1"/><net_sink comp="912" pin=1"/></net>

<net id="1375"><net_src comp="1370" pin="1"/><net_sink comp="1175" pin=0"/></net>

<net id="1379"><net_src comp="272" pin="1"/><net_sink comp="1376" pin=0"/></net>

<net id="1380"><net_src comp="1376" pin="1"/><net_sink comp="1062" pin=1"/></net>

<net id="1381"><net_src comp="1376" pin="1"/><net_sink comp="1179" pin=0"/></net>

<net id="1385"><net_src comp="276" pin="1"/><net_sink comp="1382" pin=0"/></net>

<net id="1386"><net_src comp="1382" pin="1"/><net_sink comp="1027" pin=1"/></net>

<net id="1387"><net_src comp="1382" pin="1"/><net_sink comp="1183" pin=0"/></net>

<net id="1391"><net_src comp="280" pin="1"/><net_sink comp="1388" pin=0"/></net>

<net id="1392"><net_src comp="1388" pin="1"/><net_sink comp="997" pin=1"/></net>

<net id="1393"><net_src comp="1388" pin="1"/><net_sink comp="1187" pin=0"/></net>

<net id="1397"><net_src comp="284" pin="1"/><net_sink comp="1394" pin=0"/></net>

<net id="1398"><net_src comp="1394" pin="1"/><net_sink comp="967" pin=1"/></net>

<net id="1399"><net_src comp="1394" pin="1"/><net_sink comp="1191" pin=0"/></net>

<net id="1403"><net_src comp="288" pin="1"/><net_sink comp="1400" pin=0"/></net>

<net id="1404"><net_src comp="1400" pin="1"/><net_sink comp="937" pin=1"/></net>

<net id="1405"><net_src comp="1400" pin="1"/><net_sink comp="1195" pin=0"/></net>

<net id="1409"><net_src comp="292" pin="1"/><net_sink comp="1406" pin=0"/></net>

<net id="1410"><net_src comp="1406" pin="1"/><net_sink comp="907" pin=1"/></net>

<net id="1411"><net_src comp="1406" pin="1"/><net_sink comp="1199" pin=0"/></net>

<net id="1415"><net_src comp="296" pin="1"/><net_sink comp="1412" pin=0"/></net>

<net id="1416"><net_src comp="1412" pin="1"/><net_sink comp="1057" pin=1"/></net>

<net id="1417"><net_src comp="1412" pin="1"/><net_sink comp="1203" pin=0"/></net>

<net id="1421"><net_src comp="300" pin="1"/><net_sink comp="1418" pin=0"/></net>

<net id="1422"><net_src comp="1418" pin="1"/><net_sink comp="1022" pin=1"/></net>

<net id="1423"><net_src comp="1418" pin="1"/><net_sink comp="1207" pin=0"/></net>

<net id="1427"><net_src comp="304" pin="1"/><net_sink comp="1424" pin=0"/></net>

<net id="1428"><net_src comp="1424" pin="1"/><net_sink comp="992" pin=1"/></net>

<net id="1429"><net_src comp="1424" pin="1"/><net_sink comp="1211" pin=0"/></net>

<net id="1433"><net_src comp="308" pin="1"/><net_sink comp="1430" pin=0"/></net>

<net id="1434"><net_src comp="1430" pin="1"/><net_sink comp="962" pin=1"/></net>

<net id="1435"><net_src comp="1430" pin="1"/><net_sink comp="1215" pin=0"/></net>

<net id="1439"><net_src comp="312" pin="1"/><net_sink comp="1436" pin=0"/></net>

<net id="1440"><net_src comp="1436" pin="1"/><net_sink comp="932" pin=1"/></net>

<net id="1441"><net_src comp="1436" pin="1"/><net_sink comp="1219" pin=0"/></net>

<net id="1445"><net_src comp="316" pin="1"/><net_sink comp="1442" pin=0"/></net>

<net id="1446"><net_src comp="1442" pin="1"/><net_sink comp="902" pin=1"/></net>

<net id="1447"><net_src comp="1442" pin="1"/><net_sink comp="1223" pin=0"/></net>

<net id="1451"><net_src comp="320" pin="1"/><net_sink comp="1448" pin=0"/></net>

<net id="1452"><net_src comp="1448" pin="1"/><net_sink comp="1052" pin=1"/></net>

<net id="1453"><net_src comp="1448" pin="1"/><net_sink comp="1227" pin=0"/></net>

</net_list>

</model> 
---------------- Datapath Model END ------------------

* FSMD analyzer results:
  - Output states:
	Port: Ft_35_out | {1 }
	Port: Ft_34_out | {1 }
	Port: Ft_33_out | {1 }
	Port: Ft_32_out | {1 }
	Port: Ft_31_out | {1 }
	Port: Ft_30_out | {1 }
	Port: Ft_29_out | {1 }
	Port: Ft_28_out | {1 }
	Port: Ft_27_out | {1 }
	Port: Ft_26_out | {1 }
	Port: Ft_25_out | {1 }
	Port: Ft_24_out | {1 }
	Port: Ft_23_out | {1 }
	Port: Ft_22_out | {1 }
	Port: Ft_21_out | {1 }
	Port: Ft_20_out | {1 }
	Port: Ft_19_out | {1 }
	Port: Ft_18_out | {1 }
	Port: Ft_17_out | {1 }
	Port: Ft_16_out | {1 }
	Port: Ft_15_out | {1 }
	Port: Ft_14_out | {1 }
	Port: Ft_13_out | {1 }
	Port: Ft_12_out | {1 }
	Port: Ft_11_out | {1 }
	Port: Ft_10_out | {1 }
	Port: Ft_9_out | {1 }
	Port: Ft_8_out | {1 }
	Port: Ft_7_out | {1 }
	Port: Ft_6_out | {1 }
	Port: Ft_5_out | {1 }
	Port: Ft_4_out | {1 }
	Port: Ft_3_out | {1 }
	Port: Ft_2_out | {1 }
	Port: Ft_1_out | {1 }
	Port: Ft_out | {1 }
 - Input state : 
	Port: ekf_batch_Pipeline_VITIS_LOOP_30_1 : F_reload | {1 }
	Port: ekf_batch_Pipeline_VITIS_LOOP_30_1 : F_5_reload | {1 }
	Port: ekf_batch_Pipeline_VITIS_LOOP_30_1 : F_10_reload | {1 }
	Port: ekf_batch_Pipeline_VITIS_LOOP_30_1 : F_15_reload | {1 }
	Port: ekf_batch_Pipeline_VITIS_LOOP_30_1 : F_21_reload | {1 }
	Port: ekf_batch_Pipeline_VITIS_LOOP_30_1 : F_27_reload | {1 }
	Port: ekf_batch_Pipeline_VITIS_LOOP_30_1 : F_1_reload | {1 }
	Port: ekf_batch_Pipeline_VITIS_LOOP_30_1 : F_6_reload | {1 }
	Port: ekf_batch_Pipeline_VITIS_LOOP_30_1 : F_11_reload | {1 }
	Port: ekf_batch_Pipeline_VITIS_LOOP_30_1 : F_16_reload | {1 }
	Port: ekf_batch_Pipeline_VITIS_LOOP_30_1 : F_22_reload | {1 }
	Port: ekf_batch_Pipeline_VITIS_LOOP_30_1 : F_28_reload | {1 }
	Port: ekf_batch_Pipeline_VITIS_LOOP_30_1 : F_2_reload | {1 }
	Port: ekf_batch_Pipeline_VITIS_LOOP_30_1 : F_7_reload | {1 }
	Port: ekf_batch_Pipeline_VITIS_LOOP_30_1 : F_12_reload | {1 }
	Port: ekf_batch_Pipeline_VITIS_LOOP_30_1 : F_17_reload | {1 }
	Port: ekf_batch_Pipeline_VITIS_LOOP_30_1 : F_23_reload | {1 }
	Port: ekf_batch_Pipeline_VITIS_LOOP_30_1 : F_29_reload | {1 }
	Port: ekf_batch_Pipeline_VITIS_LOOP_30_1 : F_8_reload | {1 }
	Port: ekf_batch_Pipeline_VITIS_LOOP_30_1 : F_13_reload | {1 }
	Port: ekf_batch_Pipeline_VITIS_LOOP_30_1 : F_18_reload | {1 }
	Port: ekf_batch_Pipeline_VITIS_LOOP_30_1 : F_24_reload | {1 }
	Port: ekf_batch_Pipeline_VITIS_LOOP_30_1 : F_30_reload | {1 }
	Port: ekf_batch_Pipeline_VITIS_LOOP_30_1 : F_3_reload | {1 }
	Port: ekf_batch_Pipeline_VITIS_LOOP_30_1 : F_14_reload | {1 }
	Port: ekf_batch_Pipeline_VITIS_LOOP_30_1 : F_19_reload | {1 }
	Port: ekf_batch_Pipeline_VITIS_LOOP_30_1 : F_25_reload | {1 }
	Port: ekf_batch_Pipeline_VITIS_LOOP_30_1 : F_31_reload | {1 }
	Port: ekf_batch_Pipeline_VITIS_LOOP_30_1 : F_4_reload | {1 }
	Port: ekf_batch_Pipeline_VITIS_LOOP_30_1 : F_9_reload | {1 }
	Port: ekf_batch_Pipeline_VITIS_LOOP_30_1 : F_20_reload | {1 }
	Port: ekf_batch_Pipeline_VITIS_LOOP_30_1 : F_26_reload | {1 }
	Port: ekf_batch_Pipeline_VITIS_LOOP_30_1 : F_32_reload | {1 }
  - Chain level:
	State 1
		store_ln0 : 1
		i_6 : 1
		icmp_ln30 : 2
		add_ln30 : 2
		br_ln30 : 3
		Ft_41 : 2
		Ft_42 : 2
		Ft_43 : 2
		Ft_44 : 2
		Ft_45 : 2
		Ft_46 : 2
		switch_ln33 : 2
		store_ln33 : 3
		store_ln33 : 3
		store_ln33 : 3
		store_ln33 : 3
		store_ln33 : 3
		store_ln33 : 3
		store_ln33 : 3
		store_ln33 : 3
		store_ln33 : 3
		store_ln33 : 3
		store_ln33 : 3
		store_ln33 : 3
		store_ln33 : 3
		store_ln33 : 3
		store_ln33 : 3
		store_ln33 : 3
		store_ln33 : 3
		store_ln33 : 3
		store_ln33 : 3
		store_ln33 : 3
		store_ln33 : 3
		store_ln33 : 3
		store_ln33 : 3
		store_ln33 : 3
		store_ln33 : 3
		store_ln33 : 3
		store_ln33 : 3
		store_ln33 : 3
		store_ln33 : 3
		store_ln33 : 3
		store_ln33 : 3
		store_ln33 : 3
		store_ln33 : 3
		store_ln33 : 3
		store_ln33 : 3
		store_ln33 : 3
		store_ln30 : 3
		Ft_load : 1
		Ft_1_load : 1
		Ft_2_load : 1
		Ft_3_load : 1
		Ft_4_load : 1
		Ft_5_load : 1
		Ft_6_load : 1
		Ft_7_load : 1
		Ft_8_load : 1
		Ft_9_load : 1
		Ft_10_load : 1
		Ft_11_load : 1
		Ft_12_load : 1
		Ft_13_load : 1
		Ft_14_load : 1
		Ft_15_load : 1
		Ft_16_load : 1
		Ft_17_load : 1
		Ft_18_load : 1
		Ft_19_load : 1
		Ft_20_load : 1
		Ft_21_load : 1
		Ft_22_load : 1
		Ft_23_load : 1
		Ft_24_load : 1
		Ft_25_load : 1
		Ft_26_load : 1
		Ft_27_load : 1
		Ft_28_load : 1
		Ft_29_load : 1
		Ft_30_load : 1
		Ft_31_load : 1
		Ft_32_load : 1
		Ft_33_load : 1
		Ft_34_load : 1
		Ft_35_load : 1
		write_ln0 : 2
		write_ln0 : 2
		write_ln0 : 2
		write_ln0 : 2
		write_ln0 : 2
		write_ln0 : 2
		write_ln0 : 2
		write_ln0 : 2
		write_ln0 : 2
		write_ln0 : 2
		write_ln0 : 2
		write_ln0 : 2
		write_ln0 : 2
		write_ln0 : 2
		write_ln0 : 2
		write_ln0 : 2
		write_ln0 : 2
		write_ln0 : 2
		write_ln0 : 2
		write_ln0 : 2
		write_ln0 : 2
		write_ln0 : 2
		write_ln0 : 2
		write_ln0 : 2
		write_ln0 : 2
		write_ln0 : 2
		write_ln0 : 2
		write_ln0 : 2
		write_ln0 : 2
		write_ln0 : 2
		write_ln0 : 2
		write_ln0 : 2
		write_ln0 : 2
		write_ln0 : 2
		write_ln0 : 2
		write_ln0 : 2


============================================================
+ Verbose Summary: Datapath Resource usage 
============================================================

* Functional unit list:
|----------|------------------------------|---------|---------|
| Operation|        Functional Unit       |    FF   |   LUT   |
|----------|------------------------------|---------|---------|
|          |         Ft_41_fu_794         |    0    |    31   |
|          |         Ft_42_fu_812         |    0    |    31   |
|    mux   |         Ft_43_fu_830         |    0    |    31   |
|          |         Ft_44_fu_848         |    0    |    31   |
|          |         Ft_45_fu_866         |    0    |    31   |
|          |         Ft_46_fu_884         |    0    |    31   |
|----------|------------------------------|---------|---------|
|   icmp   |       icmp_ln30_fu_782       |    0    |    10   |
|----------|------------------------------|---------|---------|
|    add   |        add_ln30_fu_788       |    0    |    10   |
|----------|------------------------------|---------|---------|
|          | F_32_reload_read_read_fu_324 |    0    |    0    |
|          | F_26_reload_read_read_fu_330 |    0    |    0    |
|          | F_20_reload_read_read_fu_336 |    0    |    0    |
|          |  F_9_reload_read_read_fu_342 |    0    |    0    |
|          |  F_4_reload_read_read_fu_348 |    0    |    0    |
|          | F_31_reload_read_read_fu_354 |    0    |    0    |
|          | F_25_reload_read_read_fu_360 |    0    |    0    |
|          | F_19_reload_read_read_fu_366 |    0    |    0    |
|          | F_14_reload_read_read_fu_372 |    0    |    0    |
|          |  F_3_reload_read_read_fu_378 |    0    |    0    |
|          | F_30_reload_read_read_fu_384 |    0    |    0    |
|          | F_24_reload_read_read_fu_390 |    0    |    0    |
|          | F_18_reload_read_read_fu_396 |    0    |    0    |
|          | F_13_reload_read_read_fu_402 |    0    |    0    |
|          |  F_8_reload_read_read_fu_408 |    0    |    0    |
|          | F_29_reload_read_read_fu_414 |    0    |    0    |
|   read   | F_23_reload_read_read_fu_420 |    0    |    0    |
|          | F_17_reload_read_read_fu_426 |    0    |    0    |
|          | F_12_reload_read_read_fu_432 |    0    |    0    |
|          |  F_7_reload_read_read_fu_438 |    0    |    0    |
|          |  F_2_reload_read_read_fu_444 |    0    |    0    |
|          | F_28_reload_read_read_fu_450 |    0    |    0    |
|          | F_22_reload_read_read_fu_456 |    0    |    0    |
|          | F_16_reload_read_read_fu_462 |    0    |    0    |
|          | F_11_reload_read_read_fu_468 |    0    |    0    |
|          |  F_6_reload_read_read_fu_474 |    0    |    0    |
|          |  F_1_reload_read_read_fu_480 |    0    |    0    |
|          | F_27_reload_read_read_fu_486 |    0    |    0    |
|          | F_21_reload_read_read_fu_492 |    0    |    0    |
|          | F_15_reload_read_read_fu_498 |    0    |    0    |
|          | F_10_reload_read_read_fu_504 |    0    |    0    |
|          |  F_5_reload_read_read_fu_510 |    0    |    0    |
|          |   F_reload_read_read_fu_516  |    0    |    0    |
|----------|------------------------------|---------|---------|
|          |    write_ln0_write_fu_522    |    0    |    0    |
|          |    write_ln0_write_fu_529    |    0    |    0    |
|          |    write_ln0_write_fu_536    |    0    |    0    |
|          |    write_ln0_write_fu_543    |    0    |    0    |
|          |    write_ln0_write_fu_550    |    0    |    0    |
|          |    write_ln0_write_fu_557    |    0    |    0    |
|          |    write_ln0_write_fu_564    |    0    |    0    |
|          |    write_ln0_write_fu_571    |    0    |    0    |
|          |    write_ln0_write_fu_578    |    0    |    0    |
|          |    write_ln0_write_fu_585    |    0    |    0    |
|          |    write_ln0_write_fu_592    |    0    |    0    |
|          |    write_ln0_write_fu_599    |    0    |    0    |
|          |    write_ln0_write_fu_606    |    0    |    0    |
|          |    write_ln0_write_fu_613    |    0    |    0    |
|          |    write_ln0_write_fu_620    |    0    |    0    |
|          |    write_ln0_write_fu_627    |    0    |    0    |
|          |    write_ln0_write_fu_634    |    0    |    0    |
|   write  |    write_ln0_write_fu_641    |    0    |    0    |
|          |    write_ln0_write_fu_648    |    0    |    0    |
|          |    write_ln0_write_fu_655    |    0    |    0    |
|          |    write_ln0_write_fu_662    |    0    |    0    |
|          |    write_ln0_write_fu_669    |    0    |    0    |
|          |    write_ln0_write_fu_676    |    0    |    0    |
|          |    write_ln0_write_fu_683    |    0    |    0    |
|          |    write_ln0_write_fu_690    |    0    |    0    |
|          |    write_ln0_write_fu_697    |    0    |    0    |
|          |    write_ln0_write_fu_704    |    0    |    0    |
|          |    write_ln0_write_fu_711    |    0    |    0    |
|          |    write_ln0_write_fu_718    |    0    |    0    |
|          |    write_ln0_write_fu_725    |    0    |    0    |
|          |    write_ln0_write_fu_732    |    0    |    0    |
|          |    write_ln0_write_fu_739    |    0    |    0    |
|          |    write_ln0_write_fu_746    |    0    |    0    |
|          |    write_ln0_write_fu_753    |    0    |    0    |
|          |    write_ln0_write_fu_760    |    0    |    0    |
|          |    write_ln0_write_fu_767    |    0    |    0    |
|----------|------------------------------|---------|---------|
|   Total  |                              |    0    |   206   |
|----------|------------------------------|---------|---------|

Memories:
N/A

* Register list:
+--------------+--------+
|              |   FF   |
+--------------+--------+
|Ft_10_reg_1298|   32   |
|Ft_11_reg_1304|   32   |
|Ft_12_reg_1310|   32   |
|Ft_13_reg_1316|   32   |
|Ft_14_reg_1322|   32   |
|Ft_15_reg_1328|   32   |
|Ft_16_reg_1334|   32   |
|Ft_17_reg_1340|   32   |
|Ft_18_reg_1346|   32   |
|Ft_19_reg_1352|   32   |
| Ft_1_reg_1244|   32   |
|Ft_20_reg_1358|   32   |
|Ft_21_reg_1364|   32   |
|Ft_22_reg_1370|   32   |
|Ft_23_reg_1376|   32   |
|Ft_24_reg_1382|   32   |
|Ft_25_reg_1388|   32   |
|Ft_26_reg_1394|   32   |
|Ft_27_reg_1400|   32   |
|Ft_28_reg_1406|   32   |
|Ft_29_reg_1412|   32   |
| Ft_2_reg_1250|   32   |
|Ft_30_reg_1418|   32   |
|Ft_31_reg_1424|   32   |
|Ft_32_reg_1430|   32   |
|Ft_33_reg_1436|   32   |
|Ft_34_reg_1442|   32   |
|Ft_35_reg_1448|   32   |
| Ft_3_reg_1256|   32   |
| Ft_4_reg_1262|   32   |
| Ft_5_reg_1268|   32   |
| Ft_6_reg_1274|   32   |
| Ft_7_reg_1280|   32   |
| Ft_8_reg_1286|   32   |
| Ft_9_reg_1292|   32   |
|  Ft_reg_1238 |   32   |
|  i_reg_1231  |    3   |
+--------------+--------+
|     Total    |  1155  |
+--------------+--------+

* Multiplexer (MUX) list: 
|--------|------|------|------|--------|
|  Comp  |  Pin | Size |  BW  | S x BW |
|--------|------|------|------|--------|
|  Total |      |      |      |    0   |
|--------|------|------|------|--------|



* Summary:
+-----------+--------+--------+
|           |   FF   |   LUT  |
+-----------+--------+--------+
|  Function |    0   |   206  |
|   Memory  |    -   |    -   |
|Multiplexer|    -   |    -   |
|  Register |  1155  |    -   |
+-----------+--------+--------+
|   Total   |  1155  |   206  |
+-----------+--------+--------+
