Copyright 1986-2022 Xilinx, Inc. All Rights Reserved. Copyright 2022-2023 Advanced Micro Devices, Inc. All Rights Reserved.
---------------------------------------------------------------------------------------------------------------------------------------------
| Tool Version : Vivado v.2023.1 (win64) Build 3865809 Sun May  7 15:05:29 MDT 2023
| Date         : Thu Sep  3 12:53:06 2026
| Host         : Aswathy running 64-bit major release  (build 9200)
| Command      : report_drc -file design_1_wrapper_drc_routed.rpt -pb design_1_wrapper_drc_routed.pb -rpx design_1_wrapper_drc_routed.rpx
| Design       : design_1_wrapper
| Device       : xczu9eg-ffvb1156-2-e
| Speed File   : -2
| Design State : Fully Routed
---------------------------------------------------------------------------------------------------------------------------------------------

Report DRC

Table of Contents
-----------------
1. REPORT SUMMARY
2. REPORT DETAILS

1. REPORT SUMMARY
-----------------
            Netlist: netlist
          Floorplan: design_1
      Design limits: <entire design considered>
           Ruledeck: default
             Max violations: <unlimited>
             Violations found: 341
+-----------+----------+---------------------------------------------------------------------+------------+
| Rule      | Severity | Description                                                         | Violations |
+-----------+----------+---------------------------------------------------------------------+------------+
| DPIP-2    | Warning  | Input pipelining                                                    | 118        |
| DPOP-3    | Warning  | PREG Output pipelining                                              | 96         |
| DPOP-4    | Warning  | MREG Output pipelining                                              | 48         |
| DPREG-7   | Warning  | DSP48E2_PregDynOpmodeZmuxP:                                         | 12         |
| PDCN-1569 | Warning  | LUT equation term check                                             | 6          |
| RTSTAT-10 | Warning  | No routable loads                                                   | 1          |
| AVAL-155  | Advisory | enum_AMULTSEL_BMULTSEL_enum_DREG_ADREG_0_connects_CED_CEAD_RSTD_GND | 48         |
| AVAL-156  | Advisory | enum_USE_MULT_NONE__enum_DREG_ADREG_0_connects_CED_CEAD_RSTD_GND    | 12         |
+-----------+----------+---------------------------------------------------------------------+------------+

2. REPORT DETAILS
-----------------
DPIP-2#1 Warning
Input pipelining  
DSP design_1_i/ekf_batch_0/inst/fadd_32ns_32ns_32_4_full_dsp_1_U1450/ekf_batch_fadd_32ns_32ns_32_4_full_dsp_1_ip_u/inst/i_synth/ADDSUB_OP.ADDSUB/DSP.OP/DSP48E1_BODY.ALIGN_ADD/DSP2/i_no_versal_es1_workaround.DSP input design_1_i/ekf_batch_0/inst/fadd_32ns_32ns_32_4_full_dsp_1_U1450/ekf_batch_fadd_32ns_32ns_32_4_full_dsp_1_ip_u/inst/i_synth/ADDSUB_OP.ADDSUB/DSP.OP/DSP48E1_BODY.ALIGN_ADD/DSP2/i_no_versal_es1_workaround.DSP/A[29:0] is not pipelined. Pipelining DSP48 input will improve performance.
Related violations: <none>

DPIP-2#2 Warning
Input pipelining  
DSP design_1_i/ekf_batch_0/inst/fadd_32ns_32ns_32_4_full_dsp_1_U1450/ekf_batch_fadd_32ns_32ns_32_4_full_dsp_1_ip_u/inst/i_synth/ADDSUB_OP.ADDSUB/DSP.OP/DSP48E1_BODY.ALIGN_ADD/DSP2/i_no_versal_es1_workaround.DSP input design_1_i/ekf_batch_0/inst/fadd_32ns_32ns_32_4_full_dsp_1_U1450/ekf_batch_fadd_32ns_32ns_32_4_full_dsp_1_ip_u/inst/i_synth/ADDSUB_OP.ADDSUB/DSP.OP/DSP48E1_BODY.ALIGN_ADD/DSP2/i_no_versal_es1_workaround.DSP/B[17:0] is not pipelined. Pipelining DSP48 input will improve performance.
Related violations: <none>

DPIP-2#3 Warning
Input pipelining  
DSP design_1_i/ekf_batch_0/inst/fadd_32ns_32ns_32_4_full_dsp_1_U1450/ekf_batch_fadd_32ns_32ns_32_4_full_dsp_1_ip_u/inst/i_synth/ADDSUB_OP.ADDSUB/DSP.OP/DSP48E1_BODY.ALIGN_ADD/DSP2/i_no_versal_es1_workaround.DSP input design_1_i/ekf_batch_0/inst/fadd_32ns_32ns_32_4_full_dsp_1_U1450/ekf_batch_fadd_32ns_32ns_32_4_full_dsp_1_ip_u/inst/i_synth/ADDSUB_OP.ADDSUB/DSP.OP/DSP48E1_BODY.ALIGN_ADD/DSP2/i_no_versal_es1_workaround.DSP/C[47:0] is not pipelined. Pipelining DSP48 input will improve performance.
Related violations: <none>

DPIP-2#4 Warning
Input pipelining  
DSP design_1_i/ekf_batch_0/inst/fadd_32ns_32ns_32_4_full_dsp_1_U1450/ekf_batch_fadd_32ns_32ns_32_4_full_dsp_1_ip_u/inst/i_synth/ADDSUB_OP.ADDSUB/DSP.OP/DSP48E1_BODY.NORM_RND/FULL_USAGE_DSP.SHIFT_RND/i_no_versal_es1_workaround.DSP input design_1_i/ekf_batch_0/inst/fadd_32ns_32ns_32_4_full_dsp_1_U1450/ekf_batch_fadd_32ns_32ns_32_4_full_dsp_1_ip_u/inst/i_synth/ADDSUB_OP.ADDSUB/DSP.OP/DSP48E1_BODY.NORM_RND/FULL_USAGE_DSP.SHIFT_RND/i_no_versal_es1_workaround.DSP/A[29:0] is not pipelined. Pipelining DSP48 input will improve performance.
Related violations: <none>

DPIP-2#5 Warning
Input pipelining  
DSP design_1_i/ekf_batch_0/inst/fadd_32ns_32ns_32_4_full_dsp_1_U1450/ekf_batch_fadd_32ns_32ns_32_4_full_dsp_1_ip_u/inst/i_synth/ADDSUB_OP.ADDSUB/DSP.OP/DSP48E1_BODY.NORM_RND/FULL_USAGE_DSP.SHIFT_RND/i_no_versal_es1_workaround.DSP input design_1_i/ekf_batch_0/inst/fadd_32ns_32ns_32_4_full_dsp_1_U1450/ekf_batch_fadd_32ns_32ns_32_4_full_dsp_1_ip_u/inst/i_synth/ADDSUB_OP.ADDSUB/DSP.OP/DSP48E1_BODY.NORM_RND/FULL_USAGE_DSP.SHIFT_RND/i_no_versal_es1_workaround.DSP/B[17:0] is not pipelined. Pipelining DSP48 input will improve performance.
Related violations: <none>

DPIP-2#6 Warning
Input pipelining  
DSP design_1_i/ekf_batch_0/inst/fadd_32ns_32ns_32_4_full_dsp_1_U1450/ekf_batch_fadd_32ns_32ns_32_4_full_dsp_1_ip_u/inst/i_synth/ADDSUB_OP.ADDSUB/DSP.OP/DSP48E1_BODY.NORM_RND/FULL_USAGE_DSP.SHIFT_RND/i_no_versal_es1_workaround.DSP input design_1_i/ekf_batch_0/inst/fadd_32ns_32ns_32_4_full_dsp_1_U1450/ekf_batch_fadd_32ns_32ns_32_4_full_dsp_1_ip_u/inst/i_synth/ADDSUB_OP.ADDSUB/DSP.OP/DSP48E1_BODY.NORM_RND/FULL_USAGE_DSP.SHIFT_RND/i_no_versal_es1_workaround.DSP/C[47:0] is not pipelined. Pipelining DSP48 input will improve performance.
Related violations: <none>

DPIP-2#7 Warning
Input pipelining  
DSP design_1_i/ekf_batch_0/inst/faddfsub_32ns_32ns_32_4_full_dsp_1_U1479/ekf_batch_faddfsub_32ns_32ns_32_4_full_dsp_1_ip_u/inst/i_synth/ADDSUB_OP.ADDSUB/DSP.OP/DSP48E1_BODY.ALIGN_ADD/DSP2/i_no_versal_es1_workaround.DSP input design_1_i/ekf_batch_0/inst/faddfsub_32ns_32ns_32_4_full_dsp_1_U1479/ekf_batch_faddfsub_32ns_32ns_32_4_full_dsp_1_ip_u/inst/i_synth/ADDSUB_OP.ADDSUB/DSP.OP/DSP48E1_BODY.ALIGN_ADD/DSP2/i_no_versal_es1_workaround.DSP/A[29:0] is not pipelined. Pipelining DSP48 input will improve performance.
Related violations: <none>

DPIP-2#8 Warning
Input pipelining  
DSP design_1_i/ekf_batch_0/inst/faddfsub_32ns_32ns_32_4_full_dsp_1_U1479/ekf_batch_faddfsub_32ns_32ns_32_4_full_dsp_1_ip_u/inst/i_synth/ADDSUB_OP.ADDSUB/DSP.OP/DSP48E1_BODY.ALIGN_ADD/DSP2/i_no_versal_es1_workaround.DSP input design_1_i/ekf_batch_0/inst/faddfsub_32ns_32ns_32_4_full_dsp_1_U1479/ekf_batch_faddfsub_32ns_32ns_32_4_full_dsp_1_ip_u/inst/i_synth/ADDSUB_OP.ADDSUB/DSP.OP/DSP48E1_BODY.ALIGN_ADD/DSP2/i_no_versal_es1_workaround.DSP/B[17:0] is not pipelined. Pipelining DSP48 input will improve performance.
Related violations: <none>

DPIP-2#9 Warning
Input pipelining  
DSP design_1_i/ekf_batch_0/inst/faddfsub_32ns_32ns_32_4_full_dsp_1_U1479/ekf_batch_faddfsub_32ns_32ns_32_4_full_dsp_1_ip_u/inst/i_synth/ADDSUB_OP.ADDSUB/DSP.OP/DSP48E1_BODY.ALIGN_ADD/DSP2/i_no_versal_es1_workaround.DSP input design_1_i/ekf_batch_0/inst/faddfsub_32ns_32ns_32_4_full_dsp_1_U1479/ekf_batch_faddfsub_32ns_32ns_32_4_full_dsp_1_ip_u/inst/i_synth/ADDSUB_OP.ADDSUB/DSP.OP/DSP48E1_BODY.ALIGN_ADD/DSP2/i_no_versal_es1_workaround.DSP/C[47:0] is not pipelined. Pipelining DSP48 input will improve performance.
Related violations: <none>

DPIP-2#10 Warning
Input pipelining  
DSP design_1_i/ekf_batch_0/inst/faddfsub_32ns_32ns_32_4_full_dsp_1_U1479/ekf_batch_faddfsub_32ns_32ns_32_4_full_dsp_1_ip_u/inst/i_synth/ADDSUB_OP.ADDSUB/DSP.OP/DSP48E1_BODY.NORM_RND/FULL_USAGE_DSP.SHIFT_RND/i_no_versal_es1_workaround.DSP input design_1_i/ekf_batch_0/inst/faddfsub_32ns_32ns_32_4_full_dsp_1_U1479/ekf_batch_faddfsub_32ns_32ns_32_4_full_dsp_1_ip_u/inst/i_synth/ADDSUB_OP.ADDSUB/DSP.OP/DSP48E1_BODY.NORM_RND/FULL_USAGE_DSP.SHIFT_RND/i_no_versal_es1_workaround.DSP/A[29:0] is not pipelined. Pipelining DSP48 input will improve performance.
Related violations: <none>

DPIP-2#11 Warning
Input pipelining  
DSP design_1_i/ekf_batch_0/inst/faddfsub_32ns_32ns_32_4_full_dsp_1_U1479/ekf_batch_faddfsub_32ns_32ns_32_4_full_dsp_1_ip_u/inst/i_synth/ADDSUB_OP.ADDSUB/DSP.OP/DSP48E1_BODY.NORM_RND/FULL_USAGE_DSP.SHIFT_RND/i_no_versal_es1_workaround.DSP input design_1_i/ekf_batch_0/inst/faddfsub_32ns_32ns_32_4_full_dsp_1_U1479/ekf_batch_faddfsub_32ns_32ns_32_4_full_dsp_1_ip_u/inst/i_synth/ADDSUB_OP.ADDSUB/DSP.OP/DSP48E1_BODY.NORM_RND/FULL_USAGE_DSP.SHIFT_RND/i_no_versal_es1_workaround.DSP/B[17:0] is not pipelined. Pipelining DSP48 input will improve performance.
Related violations: <none>

DPIP-2#12 Warning
Input pipelining  
DSP design_1_i/ekf_batch_0/inst/faddfsub_32ns_32ns_32_4_full_dsp_1_U1479/ekf_batch_faddfsub_32ns_32ns_32_4_full_dsp_1_ip_u/inst/i_synth/ADDSUB_OP.ADDSUB/DSP.OP/DSP48E1_BODY.NORM_RND/FULL_USAGE_DSP.SHIFT_RND/i_no_versal_es1_workaround.DSP input design_1_i/ekf_batch_0/inst/faddfsub_32ns_32ns_32_4_full_dsp_1_U1479/ekf_batch_faddfsub_32ns_32ns_32_4_full_dsp_1_ip_u/inst/i_synth/ADDSUB_OP.ADDSUB/DSP.OP/DSP48E1_BODY.NORM_RND/FULL_USAGE_DSP.SHIFT_RND/i_no_versal_es1_workaround.DSP/C[47:0] is not pipelined. Pipelining DSP48 input will improve performance.
Related violations: <none>

DPIP-2#13 Warning
Input pipelining  
DSP design_1_i/ekf_batch_0/inst/faddfsub_32ns_32ns_32_4_full_dsp_1_U1481/ekf_batch_faddfsub_32ns_32ns_32_4_full_dsp_1_ip_u/inst/i_synth/ADDSUB_OP.ADDSUB/DSP.OP/DSP48E1_BODY.ALIGN_ADD/DSP2/i_no_versal_es1_workaround.DSP input design_1_i/ekf_batch_0/inst/faddfsub_32ns_32ns_32_4_full_dsp_1_U1481/ekf_batch_faddfsub_32ns_32ns_32_4_full_dsp_1_ip_u/inst/i_synth/ADDSUB_OP.ADDSUB/DSP.OP/DSP48E1_BODY.ALIGN_ADD/DSP2/i_no_versal_es1_workaround.DSP/A[29:0] is not pipelined. Pipelining DSP48 input will improve performance.
Related violations: <none>

DPIP-2#14 Warning
Input pipelining  
DSP design_1_i/ekf_batch_0/inst/faddfsub_32ns_32ns_32_4_full_dsp_1_U1481/ekf_batch_faddfsub_32ns_32ns_32_4_full_dsp_1_ip_u/inst/i_synth/ADDSUB_OP.ADDSUB/DSP.OP/DSP48E1_BODY.ALIGN_ADD/DSP2/i_no_versal_es1_workaround.DSP input design_1_i/ekf_batch_0/inst/faddfsub_32ns_32ns_32_4_full_dsp_1_U1481/ekf_batch_faddfsub_32ns_32ns_32_4_full_dsp_1_ip_u/inst/i_synth/ADDSUB_OP.ADDSUB/DSP.OP/DSP48E1_BODY.ALIGN_ADD/DSP2/i_no_versal_es1_workaround.DSP/B[17:0] is not pipelined. Pipelining DSP48 input will improve performance.
Related violations: <none>

DPIP-2#15 Warning
Input pipelining  
DSP design_1_i/ekf_batch_0/inst/faddfsub_32ns_32ns_32_4_full_dsp_1_U1481/ekf_batch_faddfsub_32ns_32ns_32_4_full_dsp_1_ip_u/inst/i_synth/ADDSUB_OP.ADDSUB/DSP.OP/DSP48E1_BODY.ALIGN_ADD/DSP2/i_no_versal_es1_workaround.DSP input design_1_i/ekf_batch_0/inst/faddfsub_32ns_32ns_32_4_full_dsp_1_U1481/ekf_batch_faddfsub_32ns_32ns_32_4_full_dsp_1_ip_u/inst/i_synth/ADDSUB_OP.ADDSUB/DSP.OP/DSP48E1_BODY.ALIGN_ADD/DSP2/i_no_versal_es1_workaround.DSP/C[47:0] is not pipelined. Pipelining DSP48 input will improve performance.
Related violations: <none>

DPIP-2#16 Warning
Input pipelining  
DSP design_1_i/ekf_batch_0/inst/faddfsub_32ns_32ns_32_4_full_dsp_1_U1481/ekf_batch_faddfsub_32ns_32ns_32_4_full_dsp_1_ip_u/inst/i_synth/ADDSUB_OP.ADDSUB/DSP.OP/DSP48E1_BODY.NORM_RND/FULL_USAGE_DSP.SHIFT_RND/i_no_versal_es1_workaround.DSP input design_1_i/ekf_batch_0/inst/faddfsub_32ns_32ns_32_4_full_dsp_1_U1481/ekf_batch_faddfsub_32ns_32ns_32_4_full_dsp_1_ip_u/inst/i_synth/ADDSUB_OP.ADDSUB/DSP.OP/DSP48E1_BODY.NORM_RND/FULL_USAGE_DSP.SHIFT_RND/i_no_versal_es1_workaround.DSP/A[29:0] is not pipelined. Pipelining DSP48 input will improve performance.
Related violations: <none>

DPIP-2#17 Warning
Input pipelining  
DSP design_1_i/ekf_batch_0/inst/faddfsub_32ns_32ns_32_4_full_dsp_1_U1481/ekf_batch_faddfsub_32ns_32ns_32_4_full_dsp_1_ip_u/inst/i_synth/ADDSUB_OP.ADDSUB/DSP.OP/DSP48E1_BODY.NORM_RND/FULL_USAGE_DSP.SHIFT_RND/i_no_versal_es1_workaround.DSP input design_1_i/ekf_batch_0/inst/faddfsub_32ns_32ns_32_4_full_dsp_1_U1481/ekf_batch_faddfsub_32ns_32ns_32_4_full_dsp_1_ip_u/inst/i_synth/ADDSUB_OP.ADDSUB/DSP.OP/DSP48E1_BODY.NORM_RND/FULL_USAGE_DSP.SHIFT_RND/i_no_versal_es1_workaround.DSP/B[17:0] is not pipelined. Pipelining DSP48 input will improve performance.
Related violations: <none>

DPIP-2#18 Warning
Input pipelining  
DSP design_1_i/ekf_batch_0/inst/faddfsub_32ns_32ns_32_4_full_dsp_1_U1481/ekf_batch_faddfsub_32ns_32ns_32_4_full_dsp_1_ip_u/inst/i_synth/ADDSUB_OP.ADDSUB/DSP.OP/DSP48E1_BODY.NORM_RND/FULL_USAGE_DSP.SHIFT_RND/i_no_versal_es1_workaround.DSP input design_1_i/ekf_batch_0/inst/faddfsub_32ns_32ns_32_4_full_dsp_1_U1481/ekf_batch_faddfsub_32ns_32ns_32_4_full_dsp_1_ip_u/inst/i_synth/ADDSUB_OP.ADDSUB/DSP.OP/DSP48E1_BODY.NORM_RND/FULL_USAGE_DSP.SHIFT_RND/i_no_versal_es1_workaround.DSP/C[47:0] is not pipelined. Pipelining DSP48 input will improve performance.
Related violations: <none>

DPIP-2#19 Warning
Input pipelining  
DSP design_1_i/ekf_batch_0/inst/faddfsub_32ns_32ns_32_4_full_dsp_1_U1482/ekf_batch_faddfsub_32ns_32ns_32_4_full_dsp_1_ip_u/inst/i_synth/ADDSUB_OP.ADDSUB/DSP.OP/DSP48E1_BODY.ALIGN_ADD/DSP2/i_no_versal_es1_workaround.DSP input design_1_i/ekf_batch_0/inst/faddfsub_32ns_32ns_32_4_full_dsp_1_U1482/ekf_batch_faddfsub_32ns_32ns_32_4_full_dsp_1_ip_u/inst/i_synth/ADDSUB_OP.ADDSUB/DSP.OP/DSP48E1_BODY.ALIGN_ADD/DSP2/i_no_versal_es1_workaround.DSP/A[29:0] is not pipelined. Pipelining DSP48 input will improve performance.
Related violations: <none>

DPIP-2#20 Warning
Input pipelining  
DSP design_1_i/ekf_batch_0/inst/faddfsub_32ns_32ns_32_4_full_dsp_1_U1482/ekf_batch_faddfsub_32ns_32ns_32_4_full_dsp_1_ip_u/inst/i_synth/ADDSUB_OP.ADDSUB/DSP.OP/DSP48E1_BODY.ALIGN_ADD/DSP2/i_no_versal_es1_workaround.DSP input design_1_i/ekf_batch_0/inst/faddfsub_32ns_32ns_32_4_full_dsp_1_U1482/ekf_batch_faddfsub_32ns_32ns_32_4_full_dsp_1_ip_u/inst/i_synth/ADDSUB_OP.ADDSUB/DSP.OP/DSP48E1_BODY.ALIGN_ADD/DSP2/i_no_versal_es1_workaround.DSP/B[17:0] is not pipelined. Pipelining DSP48 input will improve performance.
Related violations: <none>

DPIP-2#21 Warning
Input pipelining  
DSP design_1_i/ekf_batch_0/inst/faddfsub_32ns_32ns_32_4_full_dsp_1_U1482/ekf_batch_faddfsub_32ns_32ns_32_4_full_dsp_1_ip_u/inst/i_synth/ADDSUB_OP.ADDSUB/DSP.OP/DSP48E1_BODY.ALIGN_ADD/DSP2/i_no_versal_es1_workaround.DSP input design_1_i/ekf_batch_0/inst/faddfsub_32ns_32ns_32_4_full_dsp_1_U1482/ekf_batch_faddfsub_32ns_32ns_32_4_full_dsp_1_ip_u/inst/i_synth/ADDSUB_OP.ADDSUB/DSP.OP/DSP48E1_BODY.ALIGN_ADD/DSP2/i_no_versal_es1_workaround.DSP/C[47:0] is not pipelined. Pipelining DSP48 input will improve performance.
Related violations: <none>

DPIP-2#22 Warning
Input pipelining  
DSP design_1_i/ekf_batch_0/inst/faddfsub_32ns_32ns_32_4_full_dsp_1_U1482/ekf_batch_faddfsub_32ns_32ns_32_4_full_dsp_1_ip_u/inst/i_synth/ADDSUB_OP.ADDSUB/DSP.OP/DSP48E1_BODY.NORM_RND/FULL_USAGE_DSP.SHIFT_RND/i_no_versal_es1_workaround.DSP input design_1_i/ekf_batch_0/inst/faddfsub_32ns_32ns_32_4_full_dsp_1_U1482/ekf_batch_faddfsub_32ns_32ns_32_4_full_dsp_1_ip_u/inst/i_synth/ADDSUB_OP.ADDSUB/DSP.OP/DSP48E1_BODY.NORM_RND/FULL_USAGE_DSP.SHIFT_RND/i_no_versal_es1_workaround.DSP/A[29:0] is not pipelined. Pipelining DSP48 input will improve performance.
Related violations: <none>

DPIP-2#23 Warning
Input pipelining  
DSP design_1_i/ekf_batch_0/inst/faddfsub_32ns_32ns_32_4_full_dsp_1_U1482/ekf_batch_faddfsub_32ns_32ns_32_4_full_dsp_1_ip_u/inst/i_synth/ADDSUB_OP.ADDSUB/DSP.OP/DSP48E1_BODY.NORM_RND/FULL_USAGE_DSP.SHIFT_RND/i_no_versal_es1_workaround.DSP input design_1_i/ekf_batch_0/inst/faddfsub_32ns_32ns_32_4_full_dsp_1_U1482/ekf_batch_faddfsub_32ns_32ns_32_4_full_dsp_1_ip_u/inst/i_synth/ADDSUB_OP.ADDSUB/DSP.OP/DSP48E1_BODY.NORM_RND/FULL_USAGE_DSP.SHIFT_RND/i_no_versal_es1_workaround.DSP/B[17:0] is not pipelined. Pipelining DSP48 input will improve performance.
Related violations: <none>

DPIP-2#24 Warning
Input pipelining  
DSP design_1_i/ekf_batch_0/inst/faddfsub_32ns_32ns_32_4_full_dsp_1_U1482/ekf_batch_faddfsub_32ns_32ns_32_4_full_dsp_1_ip_u/inst/i_synth/ADDSUB_OP.ADDSUB/DSP.OP/DSP48E1_BODY.NORM_RND/FULL_USAGE_DSP.SHIFT_RND/i_no_versal_es1_workaround.DSP input design_1_i/ekf_batch_0/inst/faddfsub_32ns_32ns_32_4_full_dsp_1_U1482/ekf_batch_faddfsub_32ns_32ns_32_4_full_dsp_1_ip_u/inst/i_synth/ADDSUB_OP.ADDSUB/DSP.OP/DSP48E1_BODY.NORM_RND/FULL_USAGE_DSP.SHIFT_RND/i_no_versal_es1_workaround.DSP/C[47:0] is not pipelined. Pipelining DSP48 input will improve performance.
Related violations: <none>

DPIP-2#25 Warning
Input pipelining  
DSP design_1_i/ekf_batch_0/inst/faddfsub_32ns_32ns_32_4_full_dsp_1_U1483/ekf_batch_faddfsub_32ns_32ns_32_4_full_dsp_1_ip_u/inst/i_synth/ADDSUB_OP.ADDSUB/DSP.OP/DSP48E1_BODY.ALIGN_ADD/DSP2/i_no_versal_es1_workaround.DSP input design_1_i/ekf_batch_0/inst/faddfsub_32ns_32ns_32_4_full_dsp_1_U1483/ekf_batch_faddfsub_32ns_32ns_32_4_full_dsp_1_ip_u/inst/i_synth/ADDSUB_OP.ADDSUB/DSP.OP/DSP48E1_BODY.ALIGN_ADD/DSP2/i_no_versal_es1_workaround.DSP/A[29:0] is not pipelined. Pipelining DSP48 input will improve performance.
Related violations: <none>

DPIP-2#26 Warning
Input pipelining  
DSP design_1_i/ekf_batch_0/inst/faddfsub_32ns_32ns_32_4_full_dsp_1_U1483/ekf_batch_faddfsub_32ns_32ns_32_4_full_dsp_1_ip_u/inst/i_synth/ADDSUB_OP.ADDSUB/DSP.OP/DSP48E1_BODY.ALIGN_ADD/DSP2/i_no_versal_es1_workaround.DSP input design_1_i/ekf_batch_0/inst/faddfsub_32ns_32ns_32_4_full_dsp_1_U1483/ekf_batch_faddfsub_32ns_32ns_32_4_full_dsp_1_ip_u/inst/i_synth/ADDSUB_OP.ADDSUB/DSP.OP/DSP48E1_BODY.ALIGN_ADD/DSP2/i_no_versal_es1_workaround.DSP/B[17:0] is not pipelined. Pipelining DSP48 input will improve performance.
Related violations: <none>

DPIP-2#27 Warning
Input pipelining  
DSP design_1_i/ekf_batch_0/inst/faddfsub_32ns_32ns_32_4_full_dsp_1_U1483/ekf_batch_faddfsub_32ns_32ns_32_4_full_dsp_1_ip_u/inst/i_synth/ADDSUB_OP.ADDSUB/DSP.OP/DSP48E1_BODY.ALIGN_ADD/DSP2/i_no_versal_es1_workaround.DSP input design_1_i/ekf_batch_0/inst/faddfsub_32ns_32ns_32_4_full_dsp_1_U1483/ekf_batch_faddfsub_32ns_32ns_32_4_full_dsp_1_ip_u/inst/i_synth/ADDSUB_OP.ADDSUB/DSP.OP/DSP48E1_BODY.ALIGN_ADD/DSP2/i_no_versal_es1_workaround.DSP/C[47:0] is not pipelined. Pipelining DSP48 input will improve performance.
Related violations: <none>

DPIP-2#28 Warning
Input pipelining  
DSP design_1_i/ekf_batch_0/inst/faddfsub_32ns_32ns_32_4_full_dsp_1_U1483/ekf_batch_faddfsub_32ns_32ns_32_4_full_dsp_1_ip_u/inst/i_synth/ADDSUB_OP.ADDSUB/DSP.OP/DSP48E1_BODY.NORM_RND/FULL_USAGE_DSP.SHIFT_RND/i_no_versal_es1_workaround.DSP input design_1_i/ekf_batch_0/inst/faddfsub_32ns_32ns_32_4_full_dsp_1_U1483/ekf_batch_faddfsub_32ns_32ns_32_4_full_dsp_1_ip_u/inst/i_synth/ADDSUB_OP.ADDSUB/DSP.OP/DSP48E1_BODY.NORM_RND/FULL_USAGE_DSP.SHIFT_RND/i_no_versal_es1_workaround.DSP/A[29:0] is not pipelined. Pipelining DSP48 input will improve performance.
Related violations: <none>

DPIP-2#29 Warning
Input pipelining  
DSP design_1_i/ekf_batch_0/inst/faddfsub_32ns_32ns_32_4_full_dsp_1_U1483/ekf_batch_faddfsub_32ns_32ns_32_4_full_dsp_1_ip_u/inst/i_synth/ADDSUB_OP.ADDSUB/DSP.OP/DSP48E1_BODY.NORM_RND/FULL_USAGE_DSP.SHIFT_RND/i_no_versal_es1_workaround.DSP input design_1_i/ekf_batch_0/inst/faddfsub_32ns_32ns_32_4_full_dsp_1_U1483/ekf_batch_faddfsub_32ns_32ns_32_4_full_dsp_1_ip_u/inst/i_synth/ADDSUB_OP.ADDSUB/DSP.OP/DSP48E1_BODY.NORM_RND/FULL_USAGE_DSP.SHIFT_RND/i_no_versal_es1_workaround.DSP/B[17:0] is not pipelined. Pipelining DSP48 input will improve performance.
Related violations: <none>

DPIP-2#30 Warning
Input pipelining  
DSP design_1_i/ekf_batch_0/inst/faddfsub_32ns_32ns_32_4_full_dsp_1_U1483/ekf_batch_faddfsub_32ns_32ns_32_4_full_dsp_1_ip_u/inst/i_synth/ADDSUB_OP.ADDSUB/DSP.OP/DSP48E1_BODY.NORM_RND/FULL_USAGE_DSP.SHIFT_RND/i_no_versal_es1_workaround.DSP input design_1_i/ekf_batch_0/inst/faddfsub_32ns_32ns_32_4_full_dsp_1_U1483/ekf_batch_faddfsub_32ns_32ns_32_4_full_dsp_1_ip_u/inst/i_synth/ADDSUB_OP.ADDSUB/DSP.OP/DSP48E1_BODY.NORM_RND/FULL_USAGE_DSP.SHIFT_RND/i_no_versal_es1_workaround.DSP/C[47:0] is not pipelined. Pipelining DSP48 input will improve performance.
Related violations: <none>

DPIP-2#31 Warning
Input pipelining  
DSP design_1_i/ekf_batch_0/inst/faddfsub_32ns_32ns_32_4_full_dsp_1_U1484/ekf_batch_faddfsub_32ns_32ns_32_4_full_dsp_1_ip_u/inst/i_synth/ADDSUB_OP.ADDSUB/DSP.OP/DSP48E1_BODY.ALIGN_ADD/DSP2/i_no_versal_es1_workaround.DSP input design_1_i/ekf_batch_0/inst/faddfsub_32ns_32ns_32_4_full_dsp_1_U1484/ekf_batch_faddfsub_32ns_32ns_32_4_full_dsp_1_ip_u/inst/i_synth/ADDSUB_OP.ADDSUB/DSP.OP/DSP48E1_BODY.ALIGN_ADD/DSP2/i_no_versal_es1_workaround.DSP/A[29:0] is not pipelined. Pipelining DSP48 input will improve performance.
Related violations: <none>

DPIP-2#32 Warning
Input pipelining  
DSP design_1_i/ekf_batch_0/inst/faddfsub_32ns_32ns_32_4_full_dsp_1_U1484/ekf_batch_faddfsub_32ns_32ns_32_4_full_dsp_1_ip_u/inst/i_synth/ADDSUB_OP.ADDSUB/DSP.OP/DSP48E1_BODY.ALIGN_ADD/DSP2/i_no_versal_es1_workaround.DSP input design_1_i/ekf_batch_0/inst/faddfsub_32ns_32ns_32_4_full_dsp_1_U1484/ekf_batch_faddfsub_32ns_32ns_32_4_full_dsp_1_ip_u/inst/i_synth/ADDSUB_OP.ADDSUB/DSP.OP/DSP48E1_BODY.ALIGN_ADD/DSP2/i_no_versal_es1_workaround.DSP/B[17:0] is not pipelined. Pipelining DSP48 input will improve performance.
Related violations: <none>

DPIP-2#33 Warning
Input pipelining  
DSP design_1_i/ekf_batch_0/inst/faddfsub_32ns_32ns_32_4_full_dsp_1_U1484/ekf_batch_faddfsub_32ns_32ns_32_4_full_dsp_1_ip_u/inst/i_synth/ADDSUB_OP.ADDSUB/DSP.OP/DSP48E1_BODY.ALIGN_ADD/DSP2/i_no_versal_es1_workaround.DSP input design_1_i/ekf_batch_0/inst/faddfsub_32ns_32ns_32_4_full_dsp_1_U1484/ekf_batch_faddfsub_32ns_32ns_32_4_full_dsp_1_ip_u/inst/i_synth/ADDSUB_OP.ADDSUB/DSP.OP/DSP48E1_BODY.ALIGN_ADD/DSP2/i_no_versal_es1_workaround.DSP/C[47:0] is not pipelined. Pipelining DSP48 input will improve performance.
Related violations: <none>

DPIP-2#34 Warning
Input pipelining  
DSP design_1_i/ekf_batch_0/inst/faddfsub_32ns_32ns_32_4_full_dsp_1_U1484/ekf_batch_faddfsub_32ns_32ns_32_4_full_dsp_1_ip_u/inst/i_synth/ADDSUB_OP.ADDSUB/DSP.OP/DSP48E1_BODY.NORM_RND/FULL_USAGE_DSP.SHIFT_RND/i_no_versal_es1_workaround.DSP input design_1_i/ekf_batch_0/inst/faddfsub_32ns_32ns_32_4_full_dsp_1_U1484/ekf_batch_faddfsub_32ns_32ns_32_4_full_dsp_1_ip_u/inst/i_synth/ADDSUB_OP.ADDSUB/DSP.OP/DSP48E1_BODY.NORM_RND/FULL_USAGE_DSP.SHIFT_RND/i_no_versal_es1_workaround.DSP/A[29:0] is not pipelined. Pipelining DSP48 input will improve performance.
Related violations: <none>

DPIP-2#35 Warning
Input pipelining  
DSP design_1_i/ekf_batch_0/inst/faddfsub_32ns_32ns_32_4_full_dsp_1_U1484/ekf_batch_faddfsub_32ns_32ns_32_4_full_dsp_1_ip_u/inst/i_synth/ADDSUB_OP.ADDSUB/DSP.OP/DSP48E1_BODY.NORM_RND/FULL_USAGE_DSP.SHIFT_RND/i_no_versal_es1_workaround.DSP input design_1_i/ekf_batch_0/inst/faddfsub_32ns_32ns_32_4_full_dsp_1_U1484/ekf_batch_faddfsub_32ns_32ns_32_4_full_dsp_1_ip_u/inst/i_synth/ADDSUB_OP.ADDSUB/DSP.OP/DSP48E1_BODY.NORM_RND/FULL_USAGE_DSP.SHIFT_RND/i_no_versal_es1_workaround.DSP/B[17:0] is not pipelined. Pipelining DSP48 input will improve performance.
Related violations: <none>

DPIP-2#36 Warning
Input pipelining  
DSP design_1_i/ekf_batch_0/inst/faddfsub_32ns_32ns_32_4_full_dsp_1_U1484/ekf_batch_faddfsub_32ns_32ns_32_4_full_dsp_1_ip_u/inst/i_synth/ADDSUB_OP.ADDSUB/DSP.OP/DSP48E1_BODY.NORM_RND/FULL_USAGE_DSP.SHIFT_RND/i_no_versal_es1_workaround.DSP input design_1_i/ekf_batch_0/inst/faddfsub_32ns_32ns_32_4_full_dsp_1_U1484/ekf_batch_faddfsub_32ns_32ns_32_4_full_dsp_1_ip_u/inst/i_synth/ADDSUB_OP.ADDSUB/DSP.OP/DSP48E1_BODY.NORM_RND/FULL_USAGE_DSP.SHIFT_RND/i_no_versal_es1_workaround.DSP/C[47:0] is not pipelined. Pipelining DSP48 input will improve performance.
Related violations: <none>

DPIP-2#37 Warning
Input pipelining  
DSP design_1_i/ekf_batch_0/inst/faddfsub_32ns_32ns_32_4_full_dsp_1_U1485/ekf_batch_faddfsub_32ns_32ns_32_4_full_dsp_1_ip_u/inst/i_synth/ADDSUB_OP.ADDSUB/DSP.OP/DSP48E1_BODY.ALIGN_ADD/DSP2/i_no_versal_es1_workaround.DSP input design_1_i/ekf_batch_0/inst/faddfsub_32ns_32ns_32_4_full_dsp_1_U1485/ekf_batch_faddfsub_32ns_32ns_32_4_full_dsp_1_ip_u/inst/i_synth/ADDSUB_OP.ADDSUB/DSP.OP/DSP48E1_BODY.ALIGN_ADD/DSP2/i_no_versal_es1_workaround.DSP/A[29:0] is not pipelined. Pipelining DSP48 input will improve performance.
Related violations: <none>

DPIP-2#38 Warning
Input pipelining  
DSP design_1_i/ekf_batch_0/inst/faddfsub_32ns_32ns_32_4_full_dsp_1_U1485/ekf_batch_faddfsub_32ns_32ns_32_4_full_dsp_1_ip_u/inst/i_synth/ADDSUB_OP.ADDSUB/DSP.OP/DSP48E1_BODY.ALIGN_ADD/DSP2/i_no_versal_es1_workaround.DSP input design_1_i/ekf_batch_0/inst/faddfsub_32ns_32ns_32_4_full_dsp_1_U1485/ekf_batch_faddfsub_32ns_32ns_32_4_full_dsp_1_ip_u/inst/i_synth/ADDSUB_OP.ADDSUB/DSP.OP/DSP48E1_BODY.ALIGN_ADD/DSP2/i_no_versal_es1_workaround.DSP/B[17:0] is not pipelined. Pipelining DSP48 input will improve performance.
Related violations: <none>

DPIP-2#39 Warning
Input pipelining  
DSP design_1_i/ekf_batch_0/inst/faddfsub_32ns_32ns_32_4_full_dsp_1_U1485/ekf_batch_faddfsub_32ns_32ns_32_4_full_dsp_1_ip_u/inst/i_synth/ADDSUB_OP.ADDSUB/DSP.OP/DSP48E1_BODY.ALIGN_ADD/DSP2/i_no_versal_es1_workaround.DSP input design_1_i/ekf_batch_0/inst/faddfsub_32ns_32ns_32_4_full_dsp_1_U1485/ekf_batch_faddfsub_32ns_32ns_32_4_full_dsp_1_ip_u/inst/i_synth/ADDSUB_OP.ADDSUB/DSP.OP/DSP48E1_BODY.ALIGN_ADD/DSP2/i_no_versal_es1_workaround.DSP/C[47:0] is not pipelined. Pipelining DSP48 input will improve performance.
Related violations: <none>

DPIP-2#40 Warning
Input pipelining  
DSP design_1_i/ekf_batch_0/inst/faddfsub_32ns_32ns_32_4_full_dsp_1_U1485/ekf_batch_faddfsub_32ns_32ns_32_4_full_dsp_1_ip_u/inst/i_synth/ADDSUB_OP.ADDSUB/DSP.OP/DSP48E1_BODY.NORM_RND/FULL_USAGE_DSP.SHIFT_RND/i_no_versal_es1_workaround.DSP input design_1_i/ekf_batch_0/inst/faddfsub_32ns_32ns_32_4_full_dsp_1_U1485/ekf_batch_faddfsub_32ns_32ns_32_4_full_dsp_1_ip_u/inst/i_synth/ADDSUB_OP.ADDSUB/DSP.OP/DSP48E1_BODY.NORM_RND/FULL_USAGE_DSP.SHIFT_RND/i_no_versal_es1_workaround.DSP/A[29:0] is not pipelined. Pipelining DSP48 input will improve performance.
Related violations: <none>

DPIP-2#41 Warning
Input pipelining  
DSP design_1_i/ekf_batch_0/inst/faddfsub_32ns_32ns_32_4_full_dsp_1_U1485/ekf_batch_faddfsub_32ns_32ns_32_4_full_dsp_1_ip_u/inst/i_synth/ADDSUB_OP.ADDSUB/DSP.OP/DSP48E1_BODY.NORM_RND/FULL_USAGE_DSP.SHIFT_RND/i_no_versal_es1_workaround.DSP input design_1_i/ekf_batch_0/inst/faddfsub_32ns_32ns_32_4_full_dsp_1_U1485/ekf_batch_faddfsub_32ns_32ns_32_4_full_dsp_1_ip_u/inst/i_synth/ADDSUB_OP.ADDSUB/DSP.OP/DSP48E1_BODY.NORM_RND/FULL_USAGE_DSP.SHIFT_RND/i_no_versal_es1_workaround.DSP/B[17:0] is not pipelined. Pipelining DSP48 input will improve performance.
Related violations: <none>

DPIP-2#42 Warning
Input pipelining  
DSP design_1_i/ekf_batch_0/inst/faddfsub_32ns_32ns_32_4_full_dsp_1_U1485/ekf_batch_faddfsub_32ns_32ns_32_4_full_dsp_1_ip_u/inst/i_synth/ADDSUB_OP.ADDSUB/DSP.OP/DSP48E1_BODY.NORM_RND/FULL_USAGE_DSP.SHIFT_RND/i_no_versal_es1_workaround.DSP input design_1_i/ekf_batch_0/inst/faddfsub_32ns_32ns_32_4_full_dsp_1_U1485/ekf_batch_faddfsub_32ns_32ns_32_4_full_dsp_1_ip_u/inst/i_synth/ADDSUB_OP.ADDSUB/DSP.OP/DSP48E1_BODY.NORM_RND/FULL_USAGE_DSP.SHIFT_RND/i_no_versal_es1_workaround.DSP/C[47:0] is not pipelined. Pipelining DSP48 input will improve performance.
Related violations: <none>

DPIP-2#43 Warning
Input pipelining  
DSP design_1_i/ekf_batch_0/inst/fmul_32ns_32ns_32_3_max_dsp_1_U1451/ekf_batch_fmul_32ns_32ns_32_3_max_dsp_1_ip_u/inst/i_synth/MULT.OP/i_non_prim.MULT/DSP48E1_SPD_SGL_VARIANT.FIX_MULT/DSP1/i_no_versal_es1_workaround.DSP input design_1_i/ekf_batch_0/inst/fmul_32ns_32ns_32_3_max_dsp_1_U1451/ekf_batch_fmul_32ns_32ns_32_3_max_dsp_1_ip_u/inst/i_synth/MULT.OP/i_non_prim.MULT/DSP48E1_SPD_SGL_VARIANT.FIX_MULT/DSP1/i_no_versal_es1_workaround.DSP/A[29:0] is not pipelined. Pipelining DSP48 input will improve performance.
Related violations: <none>

DPIP-2#44 Warning
Input pipelining  
DSP design_1_i/ekf_batch_0/inst/fmul_32ns_32ns_32_3_max_dsp_1_U1451/ekf_batch_fmul_32ns_32ns_32_3_max_dsp_1_ip_u/inst/i_synth/MULT.OP/i_non_prim.MULT/DSP48E1_SPD_SGL_VARIANT.FIX_MULT/DSP1/i_no_versal_es1_workaround.DSP input design_1_i/ekf_batch_0/inst/fmul_32ns_32ns_32_3_max_dsp_1_U1451/ekf_batch_fmul_32ns_32ns_32_3_max_dsp_1_ip_u/inst/i_synth/MULT.OP/i_non_prim.MULT/DSP48E1_SPD_SGL_VARIANT.FIX_MULT/DSP1/i_no_versal_es1_workaround.DSP/B[17:0] is not pipelined. Pipelining DSP48 input will improve performance.
Related violations: <none>

DPIP-2#45 Warning
Input pipelining  
DSP design_1_i/ekf_batch_0/inst/fmul_32ns_32ns_32_3_max_dsp_1_U1451/ekf_batch_fmul_32ns_32ns_32_3_max_dsp_1_ip_u/inst/i_synth/MULT.OP/i_non_prim.MULT/DSP48E1_SPD_SGL_VARIANT.FIX_MULT/DSP2/i_no_versal_es1_workaround.DSP input design_1_i/ekf_batch_0/inst/fmul_32ns_32ns_32_3_max_dsp_1_U1451/ekf_batch_fmul_32ns_32ns_32_3_max_dsp_1_ip_u/inst/i_synth/MULT.OP/i_non_prim.MULT/DSP48E1_SPD_SGL_VARIANT.FIX_MULT/DSP2/i_no_versal_es1_workaround.DSP/B[17:0] is not pipelined. Pipelining DSP48 input will improve performance.
Related violations: <none>

DPIP-2#46 Warning
Input pipelining  
DSP design_1_i/ekf_batch_0/inst/fmul_32ns_32ns_32_3_max_dsp_1_U1451/ekf_batch_fmul_32ns_32ns_32_3_max_dsp_1_ip_u/inst/i_synth/MULT.OP/i_non_prim.R_AND_R/LAT_OPT.FULL.R_AND_R/DSP48E1_SGL_EXP_IP.OLD_ADD.ADD/i_no_versal_es1_workaround.DSP input design_1_i/ekf_batch_0/inst/fmul_32ns_32ns_32_3_max_dsp_1_U1451/ekf_batch_fmul_32ns_32ns_32_3_max_dsp_1_ip_u/inst/i_synth/MULT.OP/i_non_prim.R_AND_R/LAT_OPT.FULL.R_AND_R/DSP48E1_SGL_EXP_IP.OLD_ADD.ADD/i_no_versal_es1_workaround.DSP/C[47:0] is not pipelined. Pipelining DSP48 input will improve performance.
Related violations: <none>

DPIP-2#47 Warning
Input pipelining  
DSP design_1_i/ekf_batch_0/inst/fmul_32ns_32ns_32_3_max_dsp_1_U1480/ekf_batch_fmul_32ns_32ns_32_3_max_dsp_1_ip_u/inst/i_synth/MULT.OP/i_non_prim.MULT/DSP48E1_SPD_SGL_VARIANT.FIX_MULT/DSP1/i_no_versal_es1_workaround.DSP input design_1_i/ekf_batch_0/inst/fmul_32ns_32ns_32_3_max_dsp_1_U1480/ekf_batch_fmul_32ns_32ns_32_3_max_dsp_1_ip_u/inst/i_synth/MULT.OP/i_non_prim.MULT/DSP48E1_SPD_SGL_VARIANT.FIX_MULT/DSP1/i_no_versal_es1_workaround.DSP/A[29:0] is not pipelined. Pipelining DSP48 input will improve performance.
Related violations: <none>

DPIP-2#48 Warning
Input pipelining  
DSP design_1_i/ekf_batch_0/inst/fmul_32ns_32ns_32_3_max_dsp_1_U1480/ekf_batch_fmul_32ns_32ns_32_3_max_dsp_1_ip_u/inst/i_synth/MULT.OP/i_non_prim.MULT/DSP48E1_SPD_SGL_VARIANT.FIX_MULT/DSP1/i_no_versal_es1_workaround.DSP input design_1_i/ekf_batch_0/inst/fmul_32ns_32ns_32_3_max_dsp_1_U1480/ekf_batch_fmul_32ns_32ns_32_3_max_dsp_1_ip_u/inst/i_synth/MULT.OP/i_non_prim.MULT/DSP48E1_SPD_SGL_VARIANT.FIX_MULT/DSP1/i_no_versal_es1_workaround.DSP/B[17:0] is not pipelined. Pipelining DSP48 input will improve performance.
Related violations: <none>

DPIP-2#49 Warning
Input pipelining  
DSP design_1_i/ekf_batch_0/inst/fmul_32ns_32ns_32_3_max_dsp_1_U1480/ekf_batch_fmul_32ns_32ns_32_3_max_dsp_1_ip_u/inst/i_synth/MULT.OP/i_non_prim.MULT/DSP48E1_SPD_SGL_VARIANT.FIX_MULT/DSP2/i_no_versal_es1_workaround.DSP input design_1_i/ekf_batch_0/inst/fmul_32ns_32ns_32_3_max_dsp_1_U1480/ekf_batch_fmul_32ns_32ns_32_3_max_dsp_1_ip_u/inst/i_synth/MULT.OP/i_non_prim.MULT/DSP48E1_SPD_SGL_VARIANT.FIX_MULT/DSP2/i_no_versal_es1_workaround.DSP/B[17:0] is not pipelined. Pipelining DSP48 input will improve performance.
Related violations: <none>

DPIP-2#50 Warning
Input pipelining  
DSP design_1_i/ekf_batch_0/inst/fmul_32ns_32ns_32_3_max_dsp_1_U1480/ekf_batch_fmul_32ns_32ns_32_3_max_dsp_1_ip_u/inst/i_synth/MULT.OP/i_non_prim.R_AND_R/LAT_OPT.FULL.R_AND_R/DSP48E1_SGL_EXP_IP.OLD_ADD.ADD/i_no_versal_es1_workaround.DSP input design_1_i/ekf_batch_0/inst/fmul_32ns_32ns_32_3_max_dsp_1_U1480/ekf_batch_fmul_32ns_32ns_32_3_max_dsp_1_ip_u/inst/i_synth/MULT.OP/i_non_prim.R_AND_R/LAT_OPT.FULL.R_AND_R/DSP48E1_SGL_EXP_IP.OLD_ADD.ADD/i_no_versal_es1_workaround.DSP/C[47:0] is not pipelined. Pipelining DSP48 input will improve performance.
Related violations: <none>

DPIP-2#51 Warning
Input pipelining  
DSP design_1_i/ekf_batch_0/inst/fmul_32ns_32ns_32_3_max_dsp_1_U1486/ekf_batch_fmul_32ns_32ns_32_3_max_dsp_1_ip_u/inst/i_synth/MULT.OP/i_non_prim.MULT/DSP48E1_SPD_SGL_VARIANT.FIX_MULT/DSP1/i_no_versal_es1_workaround.DSP input design_1_i/ekf_batch_0/inst/fmul_32ns_32ns_32_3_max_dsp_1_U1486/ekf_batch_fmul_32ns_32ns_32_3_max_dsp_1_ip_u/inst/i_synth/MULT.OP/i_non_prim.MULT/DSP48E1_SPD_SGL_VARIANT.FIX_MULT/DSP1/i_no_versal_es1_workaround.DSP/A[29:0] is not pipelined. Pipelining DSP48 input will improve performance.
Related violations: <none>

DPIP-2#52 Warning
Input pipelining  
DSP design_1_i/ekf_batch_0/inst/fmul_32ns_32ns_32_3_max_dsp_1_U1486/ekf_batch_fmul_32ns_32ns_32_3_max_dsp_1_ip_u/inst/i_synth/MULT.OP/i_non_prim.MULT/DSP48E1_SPD_SGL_VARIANT.FIX_MULT/DSP1/i_no_versal_es1_workaround.DSP input design_1_i/ekf_batch_0/inst/fmul_32ns_32ns_32_3_max_dsp_1_U1486/ekf_batch_fmul_32ns_32ns_32_3_max_dsp_1_ip_u/inst/i_synth/MULT.OP/i_non_prim.MULT/DSP48E1_SPD_SGL_VARIANT.FIX_MULT/DSP1/i_no_versal_es1_workaround.DSP/B[17:0] is not pipelined. Pipelining DSP48 input will improve performance.
Related violations: <none>

DPIP-2#53 Warning
Input pipelining  
DSP design_1_i/ekf_batch_0/inst/fmul_32ns_32ns_32_3_max_dsp_1_U1486/ekf_batch_fmul_32ns_32ns_32_3_max_dsp_1_ip_u/inst/i_synth/MULT.OP/i_non_prim.MULT/DSP48E1_SPD_SGL_VARIANT.FIX_MULT/DSP2/i_no_versal_es1_workaround.DSP input design_1_i/ekf_batch_0/inst/fmul_32ns_32ns_32_3_max_dsp_1_U1486/ekf_batch_fmul_32ns_32ns_32_3_max_dsp_1_ip_u/inst/i_synth/MULT.OP/i_non_prim.MULT/DSP48E1_SPD_SGL_VARIANT.FIX_MULT/DSP2/i_no_versal_es1_workaround.DSP/B[17:0] is not pipelined. Pipelining DSP48 input will improve performance.
Related violations: <none>

DPIP-2#54 Warning
Input pipelining  
DSP design_1_i/ekf_batch_0/inst/fmul_32ns_32ns_32_3_max_dsp_1_U1486/ekf_batch_fmul_32ns_32ns_32_3_max_dsp_1_ip_u/inst/i_synth/MULT.OP/i_non_prim.R_AND_R/LAT_OPT.FULL.R_AND_R/DSP48E1_SGL_EXP_IP.OLD_ADD.ADD/i_no_versal_es1_workaround.DSP input design_1_i/ekf_batch_0/inst/fmul_32ns_32ns_32_3_max_dsp_1_U1486/ekf_batch_fmul_32ns_32ns_32_3_max_dsp_1_ip_u/inst/i_synth/MULT.OP/i_non_prim.R_AND_R/LAT_OPT.FULL.R_AND_R/DSP48E1_SGL_EXP_IP.OLD_ADD.ADD/i_no_versal_es1_workaround.DSP/C[47:0] is not pipelined. Pipelining DSP48 input will improve performance.
Related violations: <none>

DPIP-2#55 Warning
Input pipelining  
DSP design_1_i/ekf_batch_0/inst/fmul_32ns_32ns_32_3_max_dsp_1_U1487/ekf_batch_fmul_32ns_32ns_32_3_max_dsp_1_ip_u/inst/i_synth/MULT.OP/i_non_prim.MULT/DSP48E1_SPD_SGL_VARIANT.FIX_MULT/DSP1/i_no_versal_es1_workaround.DSP input design_1_i/ekf_batch_0/inst/fmul_32ns_32ns_32_3_max_dsp_1_U1487/ekf_batch_fmul_32ns_32ns_32_3_max_dsp_1_ip_u/inst/i_synth/MULT.OP/i_non_prim.MULT/DSP48E1_SPD_SGL_VARIANT.FIX_MULT/DSP1/i_no_versal_es1_workaround.DSP/A[29:0] is not pipelined. Pipelining DSP48 input will improve performance.
Related violations: <none>

DPIP-2#56 Warning
Input pipelining  
DSP design_1_i/ekf_batch_0/inst/fmul_32ns_32ns_32_3_max_dsp_1_U1487/ekf_batch_fmul_32ns_32ns_32_3_max_dsp_1_ip_u/inst/i_synth/MULT.OP/i_non_prim.MULT/DSP48E1_SPD_SGL_VARIANT.FIX_MULT/DSP1/i_no_versal_es1_workaround.DSP input design_1_i/ekf_batch_0/inst/fmul_32ns_32ns_32_3_max_dsp_1_U1487/ekf_batch_fmul_32ns_32ns_32_3_max_dsp_1_ip_u/inst/i_synth/MULT.OP/i_non_prim.MULT/DSP48E1_SPD_SGL_VARIANT.FIX_MULT/DSP1/i_no_versal_es1_workaround.DSP/B[17:0] is not pipelined. Pipelining DSP48 input will improve performance.
Related violations: <none>

DPIP-2#57 Warning
Input pipelining  
DSP design_1_i/ekf_batch_0/inst/fmul_32ns_32ns_32_3_max_dsp_1_U1487/ekf_batch_fmul_32ns_32ns_32_3_max_dsp_1_ip_u/inst/i_synth/MULT.OP/i_non_prim.MULT/DSP48E1_SPD_SGL_VARIANT.FIX_MULT/DSP2/i_no_versal_es1_workaround.DSP input design_1_i/ekf_batch_0/inst/fmul_32ns_32ns_32_3_max_dsp_1_U1487/ekf_batch_fmul_32ns_32ns_32_3_max_dsp_1_ip_u/inst/i_synth/MULT.OP/i_non_prim.MULT/DSP48E1_SPD_SGL_VARIANT.FIX_MULT/DSP2/i_no_versal_es1_workaround.DSP/B[17:0] is not pipelined. Pipelining DSP48 input will improve performance.
Related violations: <none>

DPIP-2#58 Warning
Input pipelining  
DSP design_1_i/ekf_batch_0/inst/fmul_32ns_32ns_32_3_max_dsp_1_U1487/ekf_batch_fmul_32ns_32ns_32_3_max_dsp_1_ip_u/inst/i_synth/MULT.OP/i_non_prim.R_AND_R/LAT_OPT.FULL.R_AND_R/DSP48E1_SGL_EXP_IP.OLD_ADD.ADD/i_no_versal_es1_workaround.DSP input design_1_i/ekf_batch_0/inst/fmul_32ns_32ns_32_3_max_dsp_1_U1487/ekf_batch_fmul_32ns_32ns_32_3_max_dsp_1_ip_u/inst/i_synth/MULT.OP/i_non_prim.R_AND_R/LAT_OPT.FULL.R_AND_R/DSP48E1_SGL_EXP_IP.OLD_ADD.ADD/i_no_versal_es1_workaround.DSP/C[47:0] is not pipelined. Pipelining DSP48 input will improve performance.
Related violations: <none>

DPIP-2#59 Warning
Input pipelining  
DSP design_1_i/ekf_batch_0/inst/fmul_32ns_32ns_32_3_max_dsp_1_U1488/ekf_batch_fmul_32ns_32ns_32_3_max_dsp_1_ip_u/inst/i_synth/MULT.OP/i_non_prim.MULT/DSP48E1_SPD_SGL_VARIANT.FIX_MULT/DSP1/i_no_versal_es1_workaround.DSP input design_1_i/ekf_batch_0/inst/fmul_32ns_32ns_32_3_max_dsp_1_U1488/ekf_batch_fmul_32ns_32ns_32_3_max_dsp_1_ip_u/inst/i_synth/MULT.OP/i_non_prim.MULT/DSP48E1_SPD_SGL_VARIANT.FIX_MULT/DSP1/i_no_versal_es1_workaround.DSP/A[29:0] is not pipelined. Pipelining DSP48 input will improve performance.
Related violations: <none>

DPIP-2#60 Warning
Input pipelining  
DSP design_1_i/ekf_batch_0/inst/fmul_32ns_32ns_32_3_max_dsp_1_U1488/ekf_batch_fmul_32ns_32ns_32_3_max_dsp_1_ip_u/inst/i_synth/MULT.OP/i_non_prim.MULT/DSP48E1_SPD_SGL_VARIANT.FIX_MULT/DSP1/i_no_versal_es1_workaround.DSP input design_1_i/ekf_batch_0/inst/fmul_32ns_32ns_32_3_max_dsp_1_U1488/ekf_batch_fmul_32ns_32ns_32_3_max_dsp_1_ip_u/inst/i_synth/MULT.OP/i_non_prim.MULT/DSP48E1_SPD_SGL_VARIANT.FIX_MULT/DSP1/i_no_versal_es1_workaround.DSP/B[17:0] is not pipelined. Pipelining DSP48 input will improve performance.
Related violations: <none>

DPIP-2#61 Warning
Input pipelining  
DSP design_1_i/ekf_batch_0/inst/fmul_32ns_32ns_32_3_max_dsp_1_U1488/ekf_batch_fmul_32ns_32ns_32_3_max_dsp_1_ip_u/inst/i_synth/MULT.OP/i_non_prim.MULT/DSP48E1_SPD_SGL_VARIANT.FIX_MULT/DSP2/i_no_versal_es1_workaround.DSP input design_1_i/ekf_batch_0/inst/fmul_32ns_32ns_32_3_max_dsp_1_U1488/ekf_batch_fmul_32ns_32ns_32_3_max_dsp_1_ip_u/inst/i_synth/MULT.OP/i_non_prim.MULT/DSP48E1_SPD_SGL_VARIANT.FIX_MULT/DSP2/i_no_versal_es1_workaround.DSP/B[17:0] is not pipelined. Pipelining DSP48 input will improve performance.
Related violations: <none>

DPIP-2#62 Warning
Input pipelining  
DSP design_1_i/ekf_batch_0/inst/fmul_32ns_32ns_32_3_max_dsp_1_U1488/ekf_batch_fmul_32ns_32ns_32_3_max_dsp_1_ip_u/inst/i_synth/MULT.OP/i_non_prim.R_AND_R/LAT_OPT.FULL.R_AND_R/DSP48E1_SGL_EXP_IP.OLD_ADD.ADD/i_no_versal_es1_workaround.DSP input design_1_i/ekf_batch_0/inst/fmul_32ns_32ns_32_3_max_dsp_1_U1488/ekf_batch_fmul_32ns_32ns_32_3_max_dsp_1_ip_u/inst/i_synth/MULT.OP/i_non_prim.R_AND_R/LAT_OPT.FULL.R_AND_R/DSP48E1_SGL_EXP_IP.OLD_ADD.ADD/i_no_versal_es1_workaround.DSP/C[47:0] is not pipelined. Pipelining DSP48 input will improve performance.
Related violations: <none>

DPIP-2#63 Warning
Input pipelining  
DSP design_1_i/ekf_batch_0/inst/fmul_32ns_32ns_32_3_max_dsp_1_U1489/ekf_batch_fmul_32ns_32ns_32_3_max_dsp_1_ip_u/inst/i_synth/MULT.OP/i_non_prim.MULT/DSP48E1_SPD_SGL_VARIANT.FIX_MULT/DSP1/i_no_versal_es1_workaround.DSP input design_1_i/ekf_batch_0/inst/fmul_32ns_32ns_32_3_max_dsp_1_U1489/ekf_batch_fmul_32ns_32ns_32_3_max_dsp_1_ip_u/inst/i_synth/MULT.OP/i_non_prim.MULT/DSP48E1_SPD_SGL_VARIANT.FIX_MULT/DSP1/i_no_versal_es1_workaround.DSP/A[29:0] is not pipelined. Pipelining DSP48 input will improve performance.
Related violations: <none>

DPIP-2#64 Warning
Input pipelining  
DSP design_1_i/ekf_batch_0/inst/fmul_32ns_32ns_32_3_max_dsp_1_U1489/ekf_batch_fmul_32ns_32ns_32_3_max_dsp_1_ip_u/inst/i_synth/MULT.OP/i_non_prim.MULT/DSP48E1_SPD_SGL_VARIANT.FIX_MULT/DSP1/i_no_versal_es1_workaround.DSP input design_1_i/ekf_batch_0/inst/fmul_32ns_32ns_32_3_max_dsp_1_U1489/ekf_batch_fmul_32ns_32ns_32_3_max_dsp_1_ip_u/inst/i_synth/MULT.OP/i_non_prim.MULT/DSP48E1_SPD_SGL_VARIANT.FIX_MULT/DSP1/i_no_versal_es1_workaround.DSP/B[17:0] is not pipelined. Pipelining DSP48 input will improve performance.
Related violations: <none>

DPIP-2#65 Warning
Input pipelining  
DSP design_1_i/ekf_batch_0/inst/fmul_32ns_32ns_32_3_max_dsp_1_U1489/ekf_batch_fmul_32ns_32ns_32_3_max_dsp_1_ip_u/inst/i_synth/MULT.OP/i_non_prim.MULT/DSP48E1_SPD_SGL_VARIANT.FIX_MULT/DSP2/i_no_versal_es1_workaround.DSP input design_1_i/ekf_batch_0/inst/fmul_32ns_32ns_32_3_max_dsp_1_U1489/ekf_batch_fmul_32ns_32ns_32_3_max_dsp_1_ip_u/inst/i_synth/MULT.OP/i_non_prim.MULT/DSP48E1_SPD_SGL_VARIANT.FIX_MULT/DSP2/i_no_versal_es1_workaround.DSP/B[17:0] is not pipelined. Pipelining DSP48 input will improve performance.
Related violations: <none>

DPIP-2#66 Warning
Input pipelining  
DSP design_1_i/ekf_batch_0/inst/fmul_32ns_32ns_32_3_max_dsp_1_U1489/ekf_batch_fmul_32ns_32ns_32_3_max_dsp_1_ip_u/inst/i_synth/MULT.OP/i_non_prim.R_AND_R/LAT_OPT.FULL.R_AND_R/DSP48E1_SGL_EXP_IP.OLD_ADD.ADD/i_no_versal_es1_workaround.DSP input design_1_i/ekf_batch_0/inst/fmul_32ns_32ns_32_3_max_dsp_1_U1489/ekf_batch_fmul_32ns_32ns_32_3_max_dsp_1_ip_u/inst/i_synth/MULT.OP/i_non_prim.R_AND_R/LAT_OPT.FULL.R_AND_R/DSP48E1_SGL_EXP_IP.OLD_ADD.ADD/i_no_versal_es1_workaround.DSP/C[47:0] is not pipelined. Pipelining DSP48 input will improve performance.
Related violations: <none>

DPIP-2#67 Warning
Input pipelining  
DSP design_1_i/ekf_batch_0/inst/fmul_32ns_32ns_32_3_max_dsp_1_U1490/ekf_batch_fmul_32ns_32ns_32_3_max_dsp_1_ip_u/inst/i_synth/MULT.OP/i_non_prim.MULT/DSP48E1_SPD_SGL_VARIANT.FIX_MULT/DSP1/i_no_versal_es1_workaround.DSP input design_1_i/ekf_batch_0/inst/fmul_32ns_32ns_32_3_max_dsp_1_U1490/ekf_batch_fmul_32ns_32ns_32_3_max_dsp_1_ip_u/inst/i_synth/MULT.OP/i_non_prim.MULT/DSP48E1_SPD_SGL_VARIANT.FIX_MULT/DSP1/i_no_versal_es1_workaround.DSP/A[29:0] is not pipelined. Pipelining DSP48 input will improve performance.
Related violations: <none>

DPIP-2#68 Warning
Input pipelining  
DSP design_1_i/ekf_batch_0/inst/fmul_32ns_32ns_32_3_max_dsp_1_U1490/ekf_batch_fmul_32ns_32ns_32_3_max_dsp_1_ip_u/inst/i_synth/MULT.OP/i_non_prim.MULT/DSP48E1_SPD_SGL_VARIANT.FIX_MULT/DSP1/i_no_versal_es1_workaround.DSP input design_1_i/ekf_batch_0/inst/fmul_32ns_32ns_32_3_max_dsp_1_U1490/ekf_batch_fmul_32ns_32ns_32_3_max_dsp_1_ip_u/inst/i_synth/MULT.OP/i_non_prim.MULT/DSP48E1_SPD_SGL_VARIANT.FIX_MULT/DSP1/i_no_versal_es1_workaround.DSP/B[17:0] is not pipelined. Pipelining DSP48 input will improve performance.
Related violations: <none>

DPIP-2#69 Warning
Input pipelining  
DSP design_1_i/ekf_batch_0/inst/fmul_32ns_32ns_32_3_max_dsp_1_U1490/ekf_batch_fmul_32ns_32ns_32_3_max_dsp_1_ip_u/inst/i_synth/MULT.OP/i_non_prim.MULT/DSP48E1_SPD_SGL_VARIANT.FIX_MULT/DSP2/i_no_versal_es1_workaround.DSP input design_1_i/ekf_batch_0/inst/fmul_32ns_32ns_32_3_max_dsp_1_U1490/ekf_batch_fmul_32ns_32ns_32_3_max_dsp_1_ip_u/inst/i_synth/MULT.OP/i_non_prim.MULT/DSP48E1_SPD_SGL_VARIANT.FIX_MULT/DSP2/i_no_versal_es1_workaround.DSP/B[17:0] is not pipelined. Pipelining DSP48 input will improve performance.
Related violations: <none>

DPIP-2#70 Warning
Input pipelining  
DSP design_1_i/ekf_batch_0/inst/fmul_32ns_32ns_32_3_max_dsp_1_U1490/ekf_batch_fmul_32ns_32ns_32_3_max_dsp_1_ip_u/inst/i_synth/MULT.OP/i_non_prim.R_AND_R/LAT_OPT.FULL.R_AND_R/DSP48E1_SGL_EXP_IP.OLD_ADD.ADD/i_no_versal_es1_workaround.DSP input design_1_i/ekf_batch_0/inst/fmul_32ns_32ns_32_3_max_dsp_1_U1490/ekf_batch_fmul_32ns_32ns_32_3_max_dsp_1_ip_u/inst/i_synth/MULT.OP/i_non_prim.R_AND_R/LAT_OPT.FULL.R_AND_R/DSP48E1_SGL_EXP_IP.OLD_ADD.ADD/i_no_versal_es1_workaround.DSP/C[47:0] is not pipelined. Pipelining DSP48 input will improve performance.
Related violations: <none>

DPIP-2#71 Warning
Input pipelining  
DSP design_1_i/ekf_batch_0/inst/grp_ekf_batch_Pipeline_VITIS_LOOP_58_1_fu_11175/fadd_32ns_32ns_32_4_full_dsp_1_U117/ekf_batch_fadd_32ns_32ns_32_4_full_dsp_1_ip_u/inst/i_synth/ADDSUB_OP.ADDSUB/DSP.OP/DSP48E1_BODY.ALIGN_ADD/DSP2/i_no_versal_es1_workaround.DSP input design_1_i/ekf_batch_0/inst/grp_ekf_batch_Pipeline_VITIS_LOOP_58_1_fu_11175/fadd_32ns_32ns_32_4_full_dsp_1_U117/ekf_batch_fadd_32ns_32ns_32_4_full_dsp_1_ip_u/inst/i_synth/ADDSUB_OP.ADDSUB/DSP.OP/DSP48E1_BODY.ALIGN_ADD/DSP2/i_no_versal_es1_workaround.DSP/A[29:0] is not pipelined. Pipelining DSP48 input will improve performance.
Related violations: <none>

DPIP-2#72 Warning
Input pipelining  
DSP design_1_i/ekf_batch_0/inst/grp_ekf_batch_Pipeline_VITIS_LOOP_58_1_fu_11175/fadd_32ns_32ns_32_4_full_dsp_1_U117/ekf_batch_fadd_32ns_32ns_32_4_full_dsp_1_ip_u/inst/i_synth/ADDSUB_OP.ADDSUB/DSP.OP/DSP48E1_BODY.ALIGN_ADD/DSP2/i_no_versal_es1_workaround.DSP input design_1_i/ekf_batch_0/inst/grp_ekf_batch_Pipeline_VITIS_LOOP_58_1_fu_11175/fadd_32ns_32ns_32_4_full_dsp_1_U117/ekf_batch_fadd_32ns_32ns_32_4_full_dsp_1_ip_u/inst/i_synth/ADDSUB_OP.ADDSUB/DSP.OP/DSP48E1_BODY.ALIGN_ADD/DSP2/i_no_versal_es1_workaround.DSP/B[17:0] is not pipelined. Pipelining DSP48 input will improve performance.
Related violations: <none>

DPIP-2#73 Warning
Input pipelining  
DSP design_1_i/ekf_batch_0/inst/grp_ekf_batch_Pipeline_VITIS_LOOP_58_1_fu_11175/fadd_32ns_32ns_32_4_full_dsp_1_U117/ekf_batch_fadd_32ns_32ns_32_4_full_dsp_1_ip_u/inst/i_synth/ADDSUB_OP.ADDSUB/DSP.OP/DSP48E1_BODY.ALIGN_ADD/DSP2/i_no_versal_es1_workaround.DSP input design_1_i/ekf_batch_0/inst/grp_ekf_batch_Pipeline_VITIS_LOOP_58_1_fu_11175/fadd_32ns_32ns_32_4_full_dsp_1_U117/ekf_batch_fadd_32ns_32ns_32_4_full_dsp_1_ip_u/inst/i_synth/ADDSUB_OP.ADDSUB/DSP.OP/DSP48E1_BODY.ALIGN_ADD/DSP2/i_no_versal_es1_workaround.DSP/C[47:0] is not pipelined. Pipelining DSP48 input will improve performance.
Related violations: <none>

DPIP-2#74 Warning
Input pipelining  
DSP design_1_i/ekf_batch_0/inst/grp_ekf_batch_Pipeline_VITIS_LOOP_58_1_fu_11175/fadd_32ns_32ns_32_4_full_dsp_1_U117/ekf_batch_fadd_32ns_32ns_32_4_full_dsp_1_ip_u/inst/i_synth/ADDSUB_OP.ADDSUB/DSP.OP/DSP48E1_BODY.NORM_RND/FULL_USAGE_DSP.SHIFT_RND/i_no_versal_es1_workaround.DSP input design_1_i/ekf_batch_0/inst/grp_ekf_batch_Pipeline_VITIS_LOOP_58_1_fu_11175/fadd_32ns_32ns_32_4_full_dsp_1_U117/ekf_batch_fadd_32ns_32ns_32_4_full_dsp_1_ip_u/inst/i_synth/ADDSUB_OP.ADDSUB/DSP.OP/DSP48E1_BODY.NORM_RND/FULL_USAGE_DSP.SHIFT_RND/i_no_versal_es1_workaround.DSP/A[29:0] is not pipelined. Pipelining DSP48 input will improve performance.
Related violations: <none>

DPIP-2#75 Warning
Input pipelining  
DSP design_1_i/ekf_batch_0/inst/grp_ekf_batch_Pipeline_VITIS_LOOP_58_1_fu_11175/fadd_32ns_32ns_32_4_full_dsp_1_U117/ekf_batch_fadd_32ns_32ns_32_4_full_dsp_1_ip_u/inst/i_synth/ADDSUB_OP.ADDSUB/DSP.OP/DSP48E1_BODY.NORM_RND/FULL_USAGE_DSP.SHIFT_RND/i_no_versal_es1_workaround.DSP input design_1_i/ekf_batch_0/inst/grp_ekf_batch_Pipeline_VITIS_LOOP_58_1_fu_11175/fadd_32ns_32ns_32_4_full_dsp_1_U117/ekf_batch_fadd_32ns_32ns_32_4_full_dsp_1_ip_u/inst/i_synth/ADDSUB_OP.ADDSUB/DSP.OP/DSP48E1_BODY.NORM_RND/FULL_USAGE_DSP.SHIFT_RND/i_no_versal_es1_workaround.DSP/B[17:0] is not pipelined. Pipelining DSP48 input will improve performance.
Related violations: <none>

DPIP-2#76 Warning
Input pipelining  
DSP design_1_i/ekf_batch_0/inst/grp_ekf_batch_Pipeline_VITIS_LOOP_58_1_fu_11175/fadd_32ns_32ns_32_4_full_dsp_1_U117/ekf_batch_fadd_32ns_32ns_32_4_full_dsp_1_ip_u/inst/i_synth/ADDSUB_OP.ADDSUB/DSP.OP/DSP48E1_BODY.NORM_RND/FULL_USAGE_DSP.SHIFT_RND/i_no_versal_es1_workaround.DSP input design_1_i/ekf_batch_0/inst/grp_ekf_batch_Pipeline_VITIS_LOOP_58_1_fu_11175/fadd_32ns_32ns_32_4_full_dsp_1_U117/ekf_batch_fadd_32ns_32ns_32_4_full_dsp_1_ip_u/inst/i_synth/ADDSUB_OP.ADDSUB/DSP.OP/DSP48E1_BODY.NORM_RND/FULL_USAGE_DSP.SHIFT_RND/i_no_versal_es1_workaround.DSP/C[47:0] is not pipelined. Pipelining DSP48 input will improve performance.
Related violations: <none>

DPIP-2#77 Warning
Input pipelining  
DSP design_1_i/ekf_batch_0/inst/grp_ekf_batch_Pipeline_VITIS_LOOP_58_1_fu_11175/fadd_32ns_32ns_32_4_full_dsp_1_U118/ekf_batch_fadd_32ns_32ns_32_4_full_dsp_1_ip_u/inst/i_synth/ADDSUB_OP.ADDSUB/DSP.OP/DSP48E1_BODY.ALIGN_ADD/DSP2/i_no_versal_es1_workaround.DSP input design_1_i/ekf_batch_0/inst/grp_ekf_batch_Pipeline_VITIS_LOOP_58_1_fu_11175/fadd_32ns_32ns_32_4_full_dsp_1_U118/ekf_batch_fadd_32ns_32ns_32_4_full_dsp_1_ip_u/inst/i_synth/ADDSUB_OP.ADDSUB/DSP.OP/DSP48E1_BODY.ALIGN_ADD/DSP2/i_no_versal_es1_workaround.DSP/A[29:0] is not pipelined. Pipelining DSP48 input will improve performance.
Related violations: <none>

DPIP-2#78 Warning
Input pipelining  
DSP design_1_i/ekf_batch_0/inst/grp_ekf_batch_Pipeline_VITIS_LOOP_58_1_fu_11175/fadd_32ns_32ns_32_4_full_dsp_1_U118/ekf_batch_fadd_32ns_32ns_32_4_full_dsp_1_ip_u/inst/i_synth/ADDSUB_OP.ADDSUB/DSP.OP/DSP48E1_BODY.ALIGN_ADD/DSP2/i_no_versal_es1_workaround.DSP input design_1_i/ekf_batch_0/inst/grp_ekf_batch_Pipeline_VITIS_LOOP_58_1_fu_11175/fadd_32ns_32ns_32_4_full_dsp_1_U118/ekf_batch_fadd_32ns_32ns_32_4_full_dsp_1_ip_u/inst/i_synth/ADDSUB_OP.ADDSUB/DSP.OP/DSP48E1_BODY.ALIGN_ADD/DSP2/i_no_versal_es1_workaround.DSP/B[17:0] is not pipelined. Pipelining DSP48 input will improve performance.
Related violations: <none>

DPIP-2#79 Warning
Input pipelining  
DSP design_1_i/ekf_batch_0/inst/grp_ekf_batch_Pipeline_VITIS_LOOP_58_1_fu_11175/fadd_32ns_32ns_32_4_full_dsp_1_U118/ekf_batch_fadd_32ns_32ns_32_4_full_dsp_1_ip_u/inst/i_synth/ADDSUB_OP.ADDSUB/DSP.OP/DSP48E1_BODY.ALIGN_ADD/DSP2/i_no_versal_es1_workaround.DSP input design_1_i/ekf_batch_0/inst/grp_ekf_batch_Pipeline_VITIS_LOOP_58_1_fu_11175/fadd_32ns_32ns_32_4_full_dsp_1_U118/ekf_batch_fadd_32ns_32ns_32_4_full_dsp_1_ip_u/inst/i_synth/ADDSUB_OP.ADDSUB/DSP.OP/DSP48E1_BODY.ALIGN_ADD/DSP2/i_no_versal_es1_workaround.DSP/C[47:0] is not pipelined. Pipelining DSP48 input will improve performance.
Related violations: <none>

DPIP-2#80 Warning
Input pipelining  
DSP design_1_i/ekf_batch_0/inst/grp_ekf_batch_Pipeline_VITIS_LOOP_58_1_fu_11175/fadd_32ns_32ns_32_4_full_dsp_1_U118/ekf_batch_fadd_32ns_32ns_32_4_full_dsp_1_ip_u/inst/i_synth/ADDSUB_OP.ADDSUB/DSP.OP/DSP48E1_BODY.NORM_RND/FULL_USAGE_DSP.SHIFT_RND/i_no_versal_es1_workaround.DSP input design_1_i/ekf_batch_0/inst/grp_ekf_batch_Pipeline_VITIS_LOOP_58_1_fu_11175/fadd_32ns_32ns_32_4_full_dsp_1_U118/ekf_batch_fadd_32ns_32ns_32_4_full_dsp_1_ip_u/inst/i_synth/ADDSUB_OP.ADDSUB/DSP.OP/DSP48E1_BODY.NORM_RND/FULL_USAGE_DSP.SHIFT_RND/i_no_versal_es1_workaround.DSP/A[29:0] is not pipelined. Pipelining DSP48 input will improve performance.
Related violations: <none>

DPIP-2#81 Warning
Input pipelining  
DSP design_1_i/ekf_batch_0/inst/grp_ekf_batch_Pipeline_VITIS_LOOP_58_1_fu_11175/fadd_32ns_32ns_32_4_full_dsp_1_U118/ekf_batch_fadd_32ns_32ns_32_4_full_dsp_1_ip_u/inst/i_synth/ADDSUB_OP.ADDSUB/DSP.OP/DSP48E1_BODY.NORM_RND/FULL_USAGE_DSP.SHIFT_RND/i_no_versal_es1_workaround.DSP input design_1_i/ekf_batch_0/inst/grp_ekf_batch_Pipeline_VITIS_LOOP_58_1_fu_11175/fadd_32ns_32ns_32_4_full_dsp_1_U118/ekf_batch_fadd_32ns_32ns_32_4_full_dsp_1_ip_u/inst/i_synth/ADDSUB_OP.ADDSUB/DSP.OP/DSP48E1_BODY.NORM_RND/FULL_USAGE_DSP.SHIFT_RND/i_no_versal_es1_workaround.DSP/B[17:0] is not pipelined. Pipelining DSP48 input will improve performance.
Related violations: <none>

DPIP-2#82 Warning
Input pipelining  
DSP design_1_i/ekf_batch_0/inst/grp_ekf_batch_Pipeline_VITIS_LOOP_58_1_fu_11175/fadd_32ns_32ns_32_4_full_dsp_1_U118/ekf_batch_fadd_32ns_32ns_32_4_full_dsp_1_ip_u/inst/i_synth/ADDSUB_OP.ADDSUB/DSP.OP/DSP48E1_BODY.NORM_RND/FULL_USAGE_DSP.SHIFT_RND/i_no_versal_es1_workaround.DSP input design_1_i/ekf_batch_0/inst/grp_ekf_batch_Pipeline_VITIS_LOOP_58_1_fu_11175/fadd_32ns_32ns_32_4_full_dsp_1_U118/ekf_batch_fadd_32ns_32ns_32_4_full_dsp_1_ip_u/inst/i_synth/ADDSUB_OP.ADDSUB/DSP.OP/DSP48E1_BODY.NORM_RND/FULL_USAGE_DSP.SHIFT_RND/i_no_versal_es1_workaround.DSP/C[47:0] is not pipelined. Pipelining DSP48 input will improve performance.
Related violations: <none>

DPIP-2#83 Warning
Input pipelining  
DSP design_1_i/ekf_batch_0/inst/grp_ekf_batch_Pipeline_VITIS_LOOP_58_1_fu_11175/fadd_32ns_32ns_32_4_full_dsp_1_U119/ekf_batch_fadd_32ns_32ns_32_4_full_dsp_1_ip_u/inst/i_synth/ADDSUB_OP.ADDSUB/DSP.OP/DSP48E1_BODY.ALIGN_ADD/DSP2/i_no_versal_es1_workaround.DSP input design_1_i/ekf_batch_0/inst/grp_ekf_batch_Pipeline_VITIS_LOOP_58_1_fu_11175/fadd_32ns_32ns_32_4_full_dsp_1_U119/ekf_batch_fadd_32ns_32ns_32_4_full_dsp_1_ip_u/inst/i_synth/ADDSUB_OP.ADDSUB/DSP.OP/DSP48E1_BODY.ALIGN_ADD/DSP2/i_no_versal_es1_workaround.DSP/A[29:0] is not pipelined. Pipelining DSP48 input will improve performance.
Related violations: <none>

DPIP-2#84 Warning
Input pipelining  
DSP design_1_i/ekf_batch_0/inst/grp_ekf_batch_Pipeline_VITIS_LOOP_58_1_fu_11175/fadd_32ns_32ns_32_4_full_dsp_1_U119/ekf_batch_fadd_32ns_32ns_32_4_full_dsp_1_ip_u/inst/i_synth/ADDSUB_OP.ADDSUB/DSP.OP/DSP48E1_BODY.ALIGN_ADD/DSP2/i_no_versal_es1_workaround.DSP input design_1_i/ekf_batch_0/inst/grp_ekf_batch_Pipeline_VITIS_LOOP_58_1_fu_11175/fadd_32ns_32ns_32_4_full_dsp_1_U119/ekf_batch_fadd_32ns_32ns_32_4_full_dsp_1_ip_u/inst/i_synth/ADDSUB_OP.ADDSUB/DSP.OP/DSP48E1_BODY.ALIGN_ADD/DSP2/i_no_versal_es1_workaround.DSP/B[17:0] is not pipelined. Pipelining DSP48 input will improve performance.
Related violations: <none>

DPIP-2#85 Warning
Input pipelining  
DSP design_1_i/ekf_batch_0/inst/grp_ekf_batch_Pipeline_VITIS_LOOP_58_1_fu_11175/fadd_32ns_32ns_32_4_full_dsp_1_U119/ekf_batch_fadd_32ns_32ns_32_4_full_dsp_1_ip_u/inst/i_synth/ADDSUB_OP.ADDSUB/DSP.OP/DSP48E1_BODY.ALIGN_ADD/DSP2/i_no_versal_es1_workaround.DSP input design_1_i/ekf_batch_0/inst/grp_ekf_batch_Pipeline_VITIS_LOOP_58_1_fu_11175/fadd_32ns_32ns_32_4_full_dsp_1_U119/ekf_batch_fadd_32ns_32ns_32_4_full_dsp_1_ip_u/inst/i_synth/ADDSUB_OP.ADDSUB/DSP.OP/DSP48E1_BODY.ALIGN_ADD/DSP2/i_no_versal_es1_workaround.DSP/C[47:0] is not pipelined. Pipelining DSP48 input will improve performance.
Related violations: <none>

DPIP-2#86 Warning
Input pipelining  
DSP design_1_i/ekf_batch_0/inst/grp_ekf_batch_Pipeline_VITIS_LOOP_58_1_fu_11175/fadd_32ns_32ns_32_4_full_dsp_1_U119/ekf_batch_fadd_32ns_32ns_32_4_full_dsp_1_ip_u/inst/i_synth/ADDSUB_OP.ADDSUB/DSP.OP/DSP48E1_BODY.NORM_RND/FULL_USAGE_DSP.SHIFT_RND/i_no_versal_es1_workaround.DSP input design_1_i/ekf_batch_0/inst/grp_ekf_batch_Pipeline_VITIS_LOOP_58_1_fu_11175/fadd_32ns_32ns_32_4_full_dsp_1_U119/ekf_batch_fadd_32ns_32ns_32_4_full_dsp_1_ip_u/inst/i_synth/ADDSUB_OP.ADDSUB/DSP.OP/DSP48E1_BODY.NORM_RND/FULL_USAGE_DSP.SHIFT_RND/i_no_versal_es1_workaround.DSP/A[29:0] is not pipelined. Pipelining DSP48 input will improve performance.
Related violations: <none>

DPIP-2#87 Warning
Input pipelining  
DSP design_1_i/ekf_batch_0/inst/grp_ekf_batch_Pipeline_VITIS_LOOP_58_1_fu_11175/fadd_32ns_32ns_32_4_full_dsp_1_U119/ekf_batch_fadd_32ns_32ns_32_4_full_dsp_1_ip_u/inst/i_synth/ADDSUB_OP.ADDSUB/DSP.OP/DSP48E1_BODY.NORM_RND/FULL_USAGE_DSP.SHIFT_RND/i_no_versal_es1_workaround.DSP input design_1_i/ekf_batch_0/inst/grp_ekf_batch_Pipeline_VITIS_LOOP_58_1_fu_11175/fadd_32ns_32ns_32_4_full_dsp_1_U119/ekf_batch_fadd_32ns_32ns_32_4_full_dsp_1_ip_u/inst/i_synth/ADDSUB_OP.ADDSUB/DSP.OP/DSP48E1_BODY.NORM_RND/FULL_USAGE_DSP.SHIFT_RND/i_no_versal_es1_workaround.DSP/B[17:0] is not pipelined. Pipelining DSP48 input will improve performance.
Related violations: <none>

DPIP-2#88 Warning
Input pipelining  
DSP design_1_i/ekf_batch_0/inst/grp_ekf_batch_Pipeline_VITIS_LOOP_58_1_fu_11175/fadd_32ns_32ns_32_4_full_dsp_1_U119/ekf_batch_fadd_32ns_32ns_32_4_full_dsp_1_ip_u/inst/i_synth/ADDSUB_OP.ADDSUB/DSP.OP/DSP48E1_BODY.NORM_RND/FULL_USAGE_DSP.SHIFT_RND/i_no_versal_es1_workaround.DSP input design_1_i/ekf_batch_0/inst/grp_ekf_batch_Pipeline_VITIS_LOOP_58_1_fu_11175/fadd_32ns_32ns_32_4_full_dsp_1_U119/ekf_batch_fadd_32ns_32ns_32_4_full_dsp_1_ip_u/inst/i_synth/ADDSUB_OP.ADDSUB/DSP.OP/DSP48E1_BODY.NORM_RND/FULL_USAGE_DSP.SHIFT_RND/i_no_versal_es1_workaround.DSP/C[47:0] is not pipelined. Pipelining DSP48 input will improve performance.
Related violations: <none>

DPIP-2#89 Warning
Input pipelining  
DSP design_1_i/ekf_batch_0/inst/grp_ekf_batch_Pipeline_VITIS_LOOP_58_1_fu_11175/fadd_32ns_32ns_32_4_full_dsp_1_U120/ekf_batch_fadd_32ns_32ns_32_4_full_dsp_1_ip_u/inst/i_synth/ADDSUB_OP.ADDSUB/DSP.OP/DSP48E1_BODY.ALIGN_ADD/DSP2/i_no_versal_es1_workaround.DSP input design_1_i/ekf_batch_0/inst/grp_ekf_batch_Pipeline_VITIS_LOOP_58_1_fu_11175/fadd_32ns_32ns_32_4_full_dsp_1_U120/ekf_batch_fadd_32ns_32ns_32_4_full_dsp_1_ip_u/inst/i_synth/ADDSUB_OP.ADDSUB/DSP.OP/DSP48E1_BODY.ALIGN_ADD/DSP2/i_no_versal_es1_workaround.DSP/A[29:0] is not pipelined. Pipelining DSP48 input will improve performance.
Related violations: <none>

DPIP-2#90 Warning
Input pipelining  
DSP design_1_i/ekf_batch_0/inst/grp_ekf_batch_Pipeline_VITIS_LOOP_58_1_fu_11175/fadd_32ns_32ns_32_4_full_dsp_1_U120/ekf_batch_fadd_32ns_32ns_32_4_full_dsp_1_ip_u/inst/i_synth/ADDSUB_OP.ADDSUB/DSP.OP/DSP48E1_BODY.ALIGN_ADD/DSP2/i_no_versal_es1_workaround.DSP input design_1_i/ekf_batch_0/inst/grp_ekf_batch_Pipeline_VITIS_LOOP_58_1_fu_11175/fadd_32ns_32ns_32_4_full_dsp_1_U120/ekf_batch_fadd_32ns_32ns_32_4_full_dsp_1_ip_u/inst/i_synth/ADDSUB_OP.ADDSUB/DSP.OP/DSP48E1_BODY.ALIGN_ADD/DSP2/i_no_versal_es1_workaround.DSP/B[17:0] is not pipelined. Pipelining DSP48 input will improve performance.
Related violations: <none>

DPIP-2#91 Warning
Input pipelining  
DSP design_1_i/ekf_batch_0/inst/grp_ekf_batch_Pipeline_VITIS_LOOP_58_1_fu_11175/fadd_32ns_32ns_32_4_full_dsp_1_U120/ekf_batch_fadd_32ns_32ns_32_4_full_dsp_1_ip_u/inst/i_synth/ADDSUB_OP.ADDSUB/DSP.OP/DSP48E1_BODY.ALIGN_ADD/DSP2/i_no_versal_es1_workaround.DSP input design_1_i/ekf_batch_0/inst/grp_ekf_batch_Pipeline_VITIS_LOOP_58_1_fu_11175/fadd_32ns_32ns_32_4_full_dsp_1_U120/ekf_batch_fadd_32ns_32ns_32_4_full_dsp_1_ip_u/inst/i_synth/ADDSUB_OP.ADDSUB/DSP.OP/DSP48E1_BODY.ALIGN_ADD/DSP2/i_no_versal_es1_workaround.DSP/C[47:0] is not pipelined. Pipelining DSP48 input will improve performance.
Related violations: <none>

DPIP-2#92 Warning
Input pipelining  
DSP design_1_i/ekf_batch_0/inst/grp_ekf_batch_Pipeline_VITIS_LOOP_58_1_fu_11175/fadd_32ns_32ns_32_4_full_dsp_1_U120/ekf_batch_fadd_32ns_32ns_32_4_full_dsp_1_ip_u/inst/i_synth/ADDSUB_OP.ADDSUB/DSP.OP/DSP48E1_BODY.NORM_RND/FULL_USAGE_DSP.SHIFT_RND/i_no_versal_es1_workaround.DSP input design_1_i/ekf_batch_0/inst/grp_ekf_batch_Pipeline_VITIS_LOOP_58_1_fu_11175/fadd_32ns_32ns_32_4_full_dsp_1_U120/ekf_batch_fadd_32ns_32ns_32_4_full_dsp_1_ip_u/inst/i_synth/ADDSUB_OP.ADDSUB/DSP.OP/DSP48E1_BODY.NORM_RND/FULL_USAGE_DSP.SHIFT_RND/i_no_versal_es1_workaround.DSP/A[29:0] is not pipelined. Pipelining DSP48 input will improve performance.
Related violations: <none>

DPIP-2#93 Warning
Input pipelining  
DSP design_1_i/ekf_batch_0/inst/grp_ekf_batch_Pipeline_VITIS_LOOP_58_1_fu_11175/fadd_32ns_32ns_32_4_full_dsp_1_U120/ekf_batch_fadd_32ns_32ns_32_4_full_dsp_1_ip_u/inst/i_synth/ADDSUB_OP.ADDSUB/DSP.OP/DSP48E1_BODY.NORM_RND/FULL_USAGE_DSP.SHIFT_RND/i_no_versal_es1_workaround.DSP input design_1_i/ekf_batch_0/inst/grp_ekf_batch_Pipeline_VITIS_LOOP_58_1_fu_11175/fadd_32ns_32ns_32_4_full_dsp_1_U120/ekf_batch_fadd_32ns_32ns_32_4_full_dsp_1_ip_u/inst/i_synth/ADDSUB_OP.ADDSUB/DSP.OP/DSP48E1_BODY.NORM_RND/FULL_USAGE_DSP.SHIFT_RND/i_no_versal_es1_workaround.DSP/B[17:0] is not pipelined. Pipelining DSP48 input will improve performance.
Related violations: <none>

DPIP-2#94 Warning
Input pipelining  
DSP design_1_i/ekf_batch_0/inst/grp_ekf_batch_Pipeline_VITIS_LOOP_58_1_fu_11175/fadd_32ns_32ns_32_4_full_dsp_1_U120/ekf_batch_fadd_32ns_32ns_32_4_full_dsp_1_ip_u/inst/i_synth/ADDSUB_OP.ADDSUB/DSP.OP/DSP48E1_BODY.NORM_RND/FULL_USAGE_DSP.SHIFT_RND/i_no_versal_es1_workaround.DSP input design_1_i/ekf_batch_0/inst/grp_ekf_batch_Pipeline_VITIS_LOOP_58_1_fu_11175/fadd_32ns_32ns_32_4_full_dsp_1_U120/ekf_batch_fadd_32ns_32ns_32_4_full_dsp_1_ip_u/inst/i_synth/ADDSUB_OP.ADDSUB/DSP.OP/DSP48E1_BODY.NORM_RND/FULL_USAGE_DSP.SHIFT_RND/i_no_versal_es1_workaround.DSP/C[47:0] is not pipelined. Pipelining DSP48 input will improve performance.
Related violations: <none>

DPIP-2#95 Warning
Input pipelining  
DSP design_1_i/ekf_batch_0/inst/grp_ekf_batch_Pipeline_VITIS_LOOP_58_1_fu_11175/fadd_32ns_32ns_32_4_full_dsp_1_U121/ekf_batch_fadd_32ns_32ns_32_4_full_dsp_1_ip_u/inst/i_synth/ADDSUB_OP.ADDSUB/DSP.OP/DSP48E1_BODY.ALIGN_ADD/DSP2/i_no_versal_es1_workaround.DSP input design_1_i/ekf_batch_0/inst/grp_ekf_batch_Pipeline_VITIS_LOOP_58_1_fu_11175/fadd_32ns_32ns_32_4_full_dsp_1_U121/ekf_batch_fadd_32ns_32ns_32_4_full_dsp_1_ip_u/inst/i_synth/ADDSUB_OP.ADDSUB/DSP.OP/DSP48E1_BODY.ALIGN_ADD/DSP2/i_no_versal_es1_workaround.DSP/A[29:0] is not pipelined. Pipelining DSP48 input will improve performance.
Related violations: <none>

DPIP-2#96 Warning
Input pipelining  
DSP design_1_i/ekf_batch_0/inst/grp_ekf_batch_Pipeline_VITIS_LOOP_58_1_fu_11175/fadd_32ns_32ns_32_4_full_dsp_1_U121/ekf_batch_fadd_32ns_32ns_32_4_full_dsp_1_ip_u/inst/i_synth/ADDSUB_OP.ADDSUB/DSP.OP/DSP48E1_BODY.ALIGN_ADD/DSP2/i_no_versal_es1_workaround.DSP input design_1_i/ekf_batch_0/inst/grp_ekf_batch_Pipeline_VITIS_LOOP_58_1_fu_11175/fadd_32ns_32ns_32_4_full_dsp_1_U121/ekf_batch_fadd_32ns_32ns_32_4_full_dsp_1_ip_u/inst/i_synth/ADDSUB_OP.ADDSUB/DSP.OP/DSP48E1_BODY.ALIGN_ADD/DSP2/i_no_versal_es1_workaround.DSP/B[17:0] is not pipelined. Pipelining DSP48 input will improve performance.
Related violations: <none>

DPIP-2#97 Warning
Input pipelining  
DSP design_1_i/ekf_batch_0/inst/grp_ekf_batch_Pipeline_VITIS_LOOP_58_1_fu_11175/fadd_32ns_32ns_32_4_full_dsp_1_U121/ekf_batch_fadd_32ns_32ns_32_4_full_dsp_1_ip_u/inst/i_synth/ADDSUB_OP.ADDSUB/DSP.OP/DSP48E1_BODY.ALIGN_ADD/DSP2/i_no_versal_es1_workaround.DSP input design_1_i/ekf_batch_0/inst/grp_ekf_batch_Pipeline_VITIS_LOOP_58_1_fu_11175/fadd_32ns_32ns_32_4_full_dsp_1_U121/ekf_batch_fadd_32ns_32ns_32_4_full_dsp_1_ip_u/inst/i_synth/ADDSUB_OP.ADDSUB/DSP.OP/DSP48E1_BODY.ALIGN_ADD/DSP2/i_no_versal_es1_workaround.DSP/C[47:0] is not pipelined. Pipelining DSP48 input will improve performance.
Related violations: <none>

DPIP-2#98 Warning
Input pipelining  
DSP design_1_i/ekf_batch_0/inst/grp_ekf_batch_Pipeline_VITIS_LOOP_58_1_fu_11175/fadd_32ns_32ns_32_4_full_dsp_1_U121/ekf_batch_fadd_32ns_32ns_32_4_full_dsp_1_ip_u/inst/i_synth/ADDSUB_OP.ADDSUB/DSP.OP/DSP48E1_BODY.NORM_RND/FULL_USAGE_DSP.SHIFT_RND/i_no_versal_es1_workaround.DSP input design_1_i/ekf_batch_0/inst/grp_ekf_batch_Pipeline_VITIS_LOOP_58_1_fu_11175/fadd_32ns_32ns_32_4_full_dsp_1_U121/ekf_batch_fadd_32ns_32ns_32_4_full_dsp_1_ip_u/inst/i_synth/ADDSUB_OP.ADDSUB/DSP.OP/DSP48E1_BODY.NORM_RND/FULL_USAGE_DSP.SHIFT_RND/i_no_versal_es1_workaround.DSP/A[29:0] is not pipelined. Pipelining DSP48 input will improve performance.
Related violations: <none>

DPIP-2#99 Warning
Input pipelining  
DSP design_1_i/ekf_batch_0/inst/grp_ekf_batch_Pipeline_VITIS_LOOP_58_1_fu_11175/fadd_32ns_32ns_32_4_full_dsp_1_U121/ekf_batch_fadd_32ns_32ns_32_4_full_dsp_1_ip_u/inst/i_synth/ADDSUB_OP.ADDSUB/DSP.OP/DSP48E1_BODY.NORM_RND/FULL_USAGE_DSP.SHIFT_RND/i_no_versal_es1_workaround.DSP input design_1_i/ekf_batch_0/inst/grp_ekf_batch_Pipeline_VITIS_LOOP_58_1_fu_11175/fadd_32ns_32ns_32_4_full_dsp_1_U121/ekf_batch_fadd_32ns_32ns_32_4_full_dsp_1_ip_u/inst/i_synth/ADDSUB_OP.ADDSUB/DSP.OP/DSP48E1_BODY.NORM_RND/FULL_USAGE_DSP.SHIFT_RND/i_no_versal_es1_workaround.DSP/B[17:0] is not pipelined. Pipelining DSP48 input will improve performance.
Related violations: <none>

DPIP-2#100 Warning
Input pipelining  
DSP design_1_i/ekf_batch_0/inst/grp_ekf_batch_Pipeline_VITIS_LOOP_58_1_fu_11175/fadd_32ns_32ns_32_4_full_dsp_1_U121/ekf_batch_fadd_32ns_32ns_32_4_full_dsp_1_ip_u/inst/i_synth/ADDSUB_OP.ADDSUB/DSP.OP/DSP48E1_BODY.NORM_RND/FULL_USAGE_DSP.SHIFT_RND/i_no_versal_es1_workaround.DSP input design_1_i/ekf_batch_0/inst/grp_ekf_batch_Pipeline_VITIS_LOOP_58_1_fu_11175/fadd_32ns_32ns_32_4_full_dsp_1_U121/ekf_batch_fadd_32ns_32ns_32_4_full_dsp_1_ip_u/inst/i_synth/ADDSUB_OP.ADDSUB/DSP.OP/DSP48E1_BODY.NORM_RND/FULL_USAGE_DSP.SHIFT_RND/i_no_versal_es1_workaround.DSP/C[47:0] is not pipelined. Pipelining DSP48 input will improve performance.
Related violations: <none>

DPIP-2#101 Warning
Input pipelining  
DSP design_1_i/ekf_batch_0/inst/grp_ekf_batch_Pipeline_VITIS_LOOP_58_1_fu_11175/fmul_32ns_32ns_32_3_max_dsp_1_U123/ekf_batch_fmul_32ns_32ns_32_3_max_dsp_1_ip_u/inst/i_synth/MULT.OP/i_non_prim.MULT/DSP48E1_SPD_SGL_VARIANT.FIX_MULT/DSP1/i_no_versal_es1_workaround.DSP input design_1_i/ekf_batch_0/inst/grp_ekf_batch_Pipeline_VITIS_LOOP_58_1_fu_11175/fmul_32ns_32ns_32_3_max_dsp_1_U123/ekf_batch_fmul_32ns_32ns_32_3_max_dsp_1_ip_u/inst/i_synth/MULT.OP/i_non_prim.MULT/DSP48E1_SPD_SGL_VARIANT.FIX_MULT/DSP1/i_no_versal_es1_workaround.DSP/B[17:0] is not pipelined. Pipelining DSP48 input will improve performance.
Related violations: <none>

DPIP-2#102 Warning
Input pipelining  
DSP design_1_i/ekf_batch_0/inst/grp_ekf_batch_Pipeline_VITIS_LOOP_58_1_fu_11175/fmul_32ns_32ns_32_3_max_dsp_1_U123/ekf_batch_fmul_32ns_32ns_32_3_max_dsp_1_ip_u/inst/i_synth/MULT.OP/i_non_prim.MULT/DSP48E1_SPD_SGL_VARIANT.FIX_MULT/DSP2/i_no_versal_es1_workaround.DSP input design_1_i/ekf_batch_0/inst/grp_ekf_batch_Pipeline_VITIS_LOOP_58_1_fu_11175/fmul_32ns_32ns_32_3_max_dsp_1_U123/ekf_batch_fmul_32ns_32ns_32_3_max_dsp_1_ip_u/inst/i_synth/MULT.OP/i_non_prim.MULT/DSP48E1_SPD_SGL_VARIANT.FIX_MULT/DSP2/i_no_versal_es1_workaround.DSP/B[17:0] is not pipelined. Pipelining DSP48 input will improve performance.
Related violations: <none>

DPIP-2#103 Warning
Input pipelining  
DSP design_1_i/ekf_batch_0/inst/grp_ekf_batch_Pipeline_VITIS_LOOP_58_1_fu_11175/fmul_32ns_32ns_32_3_max_dsp_1_U123/ekf_batch_fmul_32ns_32ns_32_3_max_dsp_1_ip_u/inst/i_synth/MULT.OP/i_non_prim.R_AND_R/LAT_OPT.FULL.R_AND_R/DSP48E1_SGL_EXP_IP.OLD_ADD.ADD/i_no_versal_es1_workaround.DSP input design_1_i/ekf_batch_0/inst/grp_ekf_batch_Pipeline_VITIS_LOOP_58_1_fu_11175/fmul_32ns_32ns_32_3_max_dsp_1_U123/ekf_batch_fmul_32ns_32ns_32_3_max_dsp_1_ip_u/inst/i_synth/MULT.OP/i_non_prim.R_AND_R/LAT_OPT.FULL.R_AND_R/DSP48E1_SGL_EXP_IP.OLD_ADD.ADD/i_no_versal_es1_workaround.DSP/C[47:0] is not pipelined. Pipelining DSP48 input will improve performance.
Related violations: <none>

DPIP-2#104 Warning
Input pipelining  
DSP design_1_i/ekf_batch_0/inst/grp_ekf_batch_Pipeline_VITIS_LOOP_58_1_fu_11175/fmul_32ns_32ns_32_3_max_dsp_1_U124/ekf_batch_fmul_32ns_32ns_32_3_max_dsp_1_ip_u/inst/i_synth/MULT.OP/i_non_prim.MULT/DSP48E1_SPD_SGL_VARIANT.FIX_MULT/DSP1/i_no_versal_es1_workaround.DSP input design_1_i/ekf_batch_0/inst/grp_ekf_batch_Pipeline_VITIS_LOOP_58_1_fu_11175/fmul_32ns_32ns_32_3_max_dsp_1_U124/ekf_batch_fmul_32ns_32ns_32_3_max_dsp_1_ip_u/inst/i_synth/MULT.OP/i_non_prim.MULT/DSP48E1_SPD_SGL_VARIANT.FIX_MULT/DSP1/i_no_versal_es1_workaround.DSP/B[17:0] is not pipelined. Pipelining DSP48 input will improve performance.
Related violations: <none>

DPIP-2#105 Warning
Input pipelining  
DSP design_1_i/ekf_batch_0/inst/grp_ekf_batch_Pipeline_VITIS_LOOP_58_1_fu_11175/fmul_32ns_32ns_32_3_max_dsp_1_U124/ekf_batch_fmul_32ns_32ns_32_3_max_dsp_1_ip_u/inst/i_synth/MULT.OP/i_non_prim.MULT/DSP48E1_SPD_SGL_VARIANT.FIX_MULT/DSP2/i_no_versal_es1_workaround.DSP input design_1_i/ekf_batch_0/inst/grp_ekf_batch_Pipeline_VITIS_LOOP_58_1_fu_11175/fmul_32ns_32ns_32_3_max_dsp_1_U124/ekf_batch_fmul_32ns_32ns_32_3_max_dsp_1_ip_u/inst/i_synth/MULT.OP/i_non_prim.MULT/DSP48E1_SPD_SGL_VARIANT.FIX_MULT/DSP2/i_no_versal_es1_workaround.DSP/B[17:0] is not pipelined. Pipelining DSP48 input will improve performance.
Related violations: <none>

DPIP-2#106 Warning
Input pipelining  
DSP design_1_i/ekf_batch_0/inst/grp_ekf_batch_Pipeline_VITIS_LOOP_58_1_fu_11175/fmul_32ns_32ns_32_3_max_dsp_1_U124/ekf_batch_fmul_32ns_32ns_32_3_max_dsp_1_ip_u/inst/i_synth/MULT.OP/i_non_prim.R_AND_R/LAT_OPT.FULL.R_AND_R/DSP48E1_SGL_EXP_IP.OLD_ADD.ADD/i_no_versal_es1_workaround.DSP input design_1_i/ekf_batch_0/inst/grp_ekf_batch_Pipeline_VITIS_LOOP_58_1_fu_11175/fmul_32ns_32ns_32_3_max_dsp_1_U124/ekf_batch_fmul_32ns_32ns_32_3_max_dsp_1_ip_u/inst/i_synth/MULT.OP/i_non_prim.R_AND_R/LAT_OPT.FULL.R_AND_R/DSP48E1_SGL_EXP_IP.OLD_ADD.ADD/i_no_versal_es1_workaround.DSP/C[47:0] is not pipelined. Pipelining DSP48 input will improve performance.
Related violations: <none>

DPIP-2#107 Warning
Input pipelining  
DSP design_1_i/ekf_batch_0/inst/grp_ekf_batch_Pipeline_VITIS_LOOP_58_1_fu_11175/fmul_32ns_32ns_32_3_max_dsp_1_U125/ekf_batch_fmul_32ns_32ns_32_3_max_dsp_1_ip_u/inst/i_synth/MULT.OP/i_non_prim.MULT/DSP48E1_SPD_SGL_VARIANT.FIX_MULT/DSP1/i_no_versal_es1_workaround.DSP input design_1_i/ekf_batch_0/inst/grp_ekf_batch_Pipeline_VITIS_LOOP_58_1_fu_11175/fmul_32ns_32ns_32_3_max_dsp_1_U125/ekf_batch_fmul_32ns_32ns_32_3_max_dsp_1_ip_u/inst/i_synth/MULT.OP/i_non_prim.MULT/DSP48E1_SPD_SGL_VARIANT.FIX_MULT/DSP1/i_no_versal_es1_workaround.DSP/A[29:0] is not pipelined. Pipelining DSP48 input will improve performance.
Related violations: <none>

DPIP-2#108 Warning
Input pipelining  
DSP design_1_i/ekf_batch_0/inst/grp_ekf_batch_Pipeline_VITIS_LOOP_58_1_fu_11175/fmul_32ns_32ns_32_3_max_dsp_1_U125/ekf_batch_fmul_32ns_32ns_32_3_max_dsp_1_ip_u/inst/i_synth/MULT.OP/i_non_prim.MULT/DSP48E1_SPD_SGL_VARIANT.FIX_MULT/DSP1/i_no_versal_es1_workaround.DSP input design_1_i/ekf_batch_0/inst/grp_ekf_batch_Pipeline_VITIS_LOOP_58_1_fu_11175/fmul_32ns_32ns_32_3_max_dsp_1_U125/ekf_batch_fmul_32ns_32ns_32_3_max_dsp_1_ip_u/inst/i_synth/MULT.OP/i_non_prim.MULT/DSP48E1_SPD_SGL_VARIANT.FIX_MULT/DSP1/i_no_versal_es1_workaround.DSP/B[17:0] is not pipelined. Pipelining DSP48 input will improve performance.
Related violations: <none>

DPIP-2#109 Warning
Input pipelining  
DSP design_1_i/ekf_batch_0/inst/grp_ekf_batch_Pipeline_VITIS_LOOP_58_1_fu_11175/fmul_32ns_32ns_32_3_max_dsp_1_U125/ekf_batch_fmul_32ns_32ns_32_3_max_dsp_1_ip_u/inst/i_synth/MULT.OP/i_non_prim.MULT/DSP48E1_SPD_SGL_VARIANT.FIX_MULT/DSP2/i_no_versal_es1_workaround.DSP input design_1_i/ekf_batch_0/inst/grp_ekf_batch_Pipeline_VITIS_LOOP_58_1_fu_11175/fmul_32ns_32ns_32_3_max_dsp_1_U125/ekf_batch_fmul_32ns_32ns_32_3_max_dsp_1_ip_u/inst/i_synth/MULT.OP/i_non_prim.MULT/DSP48E1_SPD_SGL_VARIANT.FIX_MULT/DSP2/i_no_versal_es1_workaround.DSP/B[17:0] is not pipelined. Pipelining DSP48 input will improve performance.
Related violations: <none>

DPIP-2#110 Warning
Input pipelining  
DSP design_1_i/ekf_batch_0/inst/grp_ekf_batch_Pipeline_VITIS_LOOP_58_1_fu_11175/fmul_32ns_32ns_32_3_max_dsp_1_U125/ekf_batch_fmul_32ns_32ns_32_3_max_dsp_1_ip_u/inst/i_synth/MULT.OP/i_non_prim.R_AND_R/LAT_OPT.FULL.R_AND_R/DSP48E1_SGL_EXP_IP.OLD_ADD.ADD/i_no_versal_es1_workaround.DSP input design_1_i/ekf_batch_0/inst/grp_ekf_batch_Pipeline_VITIS_LOOP_58_1_fu_11175/fmul_32ns_32ns_32_3_max_dsp_1_U125/ekf_batch_fmul_32ns_32ns_32_3_max_dsp_1_ip_u/inst/i_synth/MULT.OP/i_non_prim.R_AND_R/LAT_OPT.FULL.R_AND_R/DSP48E1_SGL_EXP_IP.OLD_ADD.ADD/i_no_versal_es1_workaround.DSP/C[47:0] is not pipelined. Pipelining DSP48 input will improve performance.
Related violations: <none>

DPIP-2#111 Warning
Input pipelining  
DSP design_1_i/ekf_batch_0/inst/grp_ekf_batch_Pipeline_VITIS_LOOP_58_1_fu_11175/fmul_32ns_32ns_32_3_max_dsp_1_U126/ekf_batch_fmul_32ns_32ns_32_3_max_dsp_1_ip_u/inst/i_synth/MULT.OP/i_non_prim.MULT/DSP48E1_SPD_SGL_VARIANT.FIX_MULT/DSP1/i_no_versal_es1_workaround.DSP input design_1_i/ekf_batch_0/inst/grp_ekf_batch_Pipeline_VITIS_LOOP_58_1_fu_11175/fmul_32ns_32ns_32_3_max_dsp_1_U126/ekf_batch_fmul_32ns_32ns_32_3_max_dsp_1_ip_u/inst/i_synth/MULT.OP/i_non_prim.MULT/DSP48E1_SPD_SGL_VARIANT.FIX_MULT/DSP1/i_no_versal_es1_workaround.DSP/A[29:0] is not pipelined. Pipelining DSP48 input will improve performance.
Related violations: <none>

DPIP-2#112 Warning
Input pipelining  
DSP design_1_i/ekf_batch_0/inst/grp_ekf_batch_Pipeline_VITIS_LOOP_58_1_fu_11175/fmul_32ns_32ns_32_3_max_dsp_1_U126/ekf_batch_fmul_32ns_32ns_32_3_max_dsp_1_ip_u/inst/i_synth/MULT.OP/i_non_prim.MULT/DSP48E1_SPD_SGL_VARIANT.FIX_MULT/DSP1/i_no_versal_es1_workaround.DSP input design_1_i/ekf_batch_0/inst/grp_ekf_batch_Pipeline_VITIS_LOOP_58_1_fu_11175/fmul_32ns_32ns_32_3_max_dsp_1_U126/ekf_batch_fmul_32ns_32ns_32_3_max_dsp_1_ip_u/inst/i_synth/MULT.OP/i_non_prim.MULT/DSP48E1_SPD_SGL_VARIANT.FIX_MULT/DSP1/i_no_versal_es1_workaround.DSP/B[17:0] is not pipelined. Pipelining DSP48 input will improve performance.
Related violations: <none>

DPIP-2#113 Warning
Input pipelining  
DSP design_1_i/ekf_batch_0/inst/grp_ekf_batch_Pipeline_VITIS_LOOP_58_1_fu_11175/fmul_32ns_32ns_32_3_max_dsp_1_U126/ekf_batch_fmul_32ns_32ns_32_3_max_dsp_1_ip_u/inst/i_synth/MULT.OP/i_non_prim.MULT/DSP48E1_SPD_SGL_VARIANT.FIX_MULT/DSP2/i_no_versal_es1_workaround.DSP input design_1_i/ekf_batch_0/inst/grp_ekf_batch_Pipeline_VITIS_LOOP_58_1_fu_11175/fmul_32ns_32ns_32_3_max_dsp_1_U126/ekf_batch_fmul_32ns_32ns_32_3_max_dsp_1_ip_u/inst/i_synth/MULT.OP/i_non_prim.MULT/DSP48E1_SPD_SGL_VARIANT.FIX_MULT/DSP2/i_no_versal_es1_workaround.DSP/B[17:0] is not pipelined. Pipelining DSP48 input will improve performance.
Related violations: <none>

DPIP-2#114 Warning
Input pipelining  
DSP design_1_i/ekf_batch_0/inst/grp_ekf_batch_Pipeline_VITIS_LOOP_58_1_fu_11175/fmul_32ns_32ns_32_3_max_dsp_1_U126/ekf_batch_fmul_32ns_32ns_32_3_max_dsp_1_ip_u/inst/i_synth/MULT.OP/i_non_prim.R_AND_R/LAT_OPT.FULL.R_AND_R/DSP48E1_SGL_EXP_IP.OLD_ADD.ADD/i_no_versal_es1_workaround.DSP input design_1_i/ekf_batch_0/inst/grp_ekf_batch_Pipeline_VITIS_LOOP_58_1_fu_11175/fmul_32ns_32ns_32_3_max_dsp_1_U126/ekf_batch_fmul_32ns_32ns_32_3_max_dsp_1_ip_u/inst/i_synth/MULT.OP/i_non_prim.R_AND_R/LAT_OPT.FULL.R_AND_R/DSP48E1_SGL_EXP_IP.OLD_ADD.ADD/i_no_versal_es1_workaround.DSP/C[47:0] is not pipelined. Pipelining DSP48 input will improve performance.
Related violations: <none>

DPIP-2#115 Warning
Input pipelining  
DSP design_1_i/ekf_batch_0/inst/grp_ekf_batch_Pipeline_VITIS_LOOP_58_1_fu_11175/fmul_32ns_32ns_32_3_max_dsp_1_U127/ekf_batch_fmul_32ns_32ns_32_3_max_dsp_1_ip_u/inst/i_synth/MULT.OP/i_non_prim.MULT/DSP48E1_SPD_SGL_VARIANT.FIX_MULT/DSP1/i_no_versal_es1_workaround.DSP input design_1_i/ekf_batch_0/inst/grp_ekf_batch_Pipeline_VITIS_LOOP_58_1_fu_11175/fmul_32ns_32ns_32_3_max_dsp_1_U127/ekf_batch_fmul_32ns_32ns_32_3_max_dsp_1_ip_u/inst/i_synth/MULT.OP/i_non_prim.MULT/DSP48E1_SPD_SGL_VARIANT.FIX_MULT/DSP1/i_no_versal_es1_workaround.DSP/A[29:0] is not pipelined. Pipelining DSP48 input will improve performance.
Related violations: <none>

DPIP-2#116 Warning
Input pipelining  
DSP design_1_i/ekf_batch_0/inst/grp_ekf_batch_Pipeline_VITIS_LOOP_58_1_fu_11175/fmul_32ns_32ns_32_3_max_dsp_1_U127/ekf_batch_fmul_32ns_32ns_32_3_max_dsp_1_ip_u/inst/i_synth/MULT.OP/i_non_prim.MULT/DSP48E1_SPD_SGL_VARIANT.FIX_MULT/DSP1/i_no_versal_es1_workaround.DSP input design_1_i/ekf_batch_0/inst/grp_ekf_batch_Pipeline_VITIS_LOOP_58_1_fu_11175/fmul_32ns_32ns_32_3_max_dsp_1_U127/ekf_batch_fmul_32ns_32ns_32_3_max_dsp_1_ip_u/inst/i_synth/MULT.OP/i_non_prim.MULT/DSP48E1_SPD_SGL_VARIANT.FIX_MULT/DSP1/i_no_versal_es1_workaround.DSP/B[17:0] is not pipelined. Pipelining DSP48 input will improve performance.
Related violations: <none>

DPIP-2#117 Warning
Input pipelining  
DSP design_1_i/ekf_batch_0/inst/grp_ekf_batch_Pipeline_VITIS_LOOP_58_1_fu_11175/fmul_32ns_32ns_32_3_max_dsp_1_U127/ekf_batch_fmul_32ns_32ns_32_3_max_dsp_1_ip_u/inst/i_synth/MULT.OP/i_non_prim.MULT/DSP48E1_SPD_SGL_VARIANT.FIX_MULT/DSP2/i_no_versal_es1_workaround.DSP input design_1_i/ekf_batch_0/inst/grp_ekf_batch_Pipeline_VITIS_LOOP_58_1_fu_11175/fmul_32ns_32ns_32_3_max_dsp_1_U127/ekf_batch_fmul_32ns_32ns_32_3_max_dsp_1_ip_u/inst/i_synth/MULT.OP/i_non_prim.MULT/DSP48E1_SPD_SGL_VARIANT.FIX_MULT/DSP2/i_no_versal_es1_workaround.DSP/B[17:0] is not pipelined. Pipelining DSP48 input will improve performance.
Related violations: <none>

DPIP-2#118 Warning
Input pipelining  
DSP design_1_i/ekf_batch_0/inst/grp_ekf_batch_Pipeline_VITIS_LOOP_58_1_fu_11175/fmul_32ns_32ns_32_3_max_dsp_1_U127/ekf_batch_fmul_32ns_32ns_32_3_max_dsp_1_ip_u/inst/i_synth/MULT.OP/i_non_prim.R_AND_R/LAT_OPT.FULL.R_AND_R/DSP48E1_SGL_EXP_IP.OLD_ADD.ADD/i_no_versal_es1_workaround.DSP input design_1_i/ekf_batch_0/inst/grp_ekf_batch_Pipeline_VITIS_LOOP_58_1_fu_11175/fmul_32ns_32ns_32_3_max_dsp_1_U127/ekf_batch_fmul_32ns_32ns_32_3_max_dsp_1_ip_u/inst/i_synth/MULT.OP/i_non_prim.R_AND_R/LAT_OPT.FULL.R_AND_R/DSP48E1_SGL_EXP_IP.OLD_ADD.ADD/i_no_versal_es1_workaround.DSP/C[47:0] is not pipelined. Pipelining DSP48 input will improve performance.
Related violations: <none>

DPOP-3#1 Warning
PREG Output pipelining  
DSP design_1_i/ekf_batch_0/inst/fadd_32ns_32ns_32_4_full_dsp_1_U1450/ekf_batch_fadd_32ns_32ns_32_4_full_dsp_1_ip_u/inst/i_synth/ADDSUB_OP.ADDSUB/DSP.OP/DSP48E1_BODY.ALIGN_ADD/DSP2/i_no_versal_es1_workaround.DSP output design_1_i/ekf_batch_0/inst/fadd_32ns_32ns_32_4_full_dsp_1_U1450/ekf_batch_fadd_32ns_32ns_32_4_full_dsp_1_ip_u/inst/i_synth/ADDSUB_OP.ADDSUB/DSP.OP/DSP48E1_BODY.ALIGN_ADD/DSP2/i_no_versal_es1_workaround.DSP/PATTERNDETECT is not pipelined (PREG=0). Pipelining the DSP48 output will improve performance and often saves power so it is suggested whenever possible to fully pipeline this function.  If this DSP48 function was inferred, it is suggested to describe an additional register stage after this function.  If the DSP48 was instantiated in the design, it is suggested to set the PREG attribute to 1.
Related violations: <none>

DPOP-3#2 Warning
PREG Output pipelining  
DSP design_1_i/ekf_batch_0/inst/fadd_32ns_32ns_32_4_full_dsp_1_U1450/ekf_batch_fadd_32ns_32ns_32_4_full_dsp_1_ip_u/inst/i_synth/ADDSUB_OP.ADDSUB/DSP.OP/DSP48E1_BODY.ALIGN_ADD/DSP2/i_no_versal_es1_workaround.DSP output design_1_i/ekf_batch_0/inst/fadd_32ns_32ns_32_4_full_dsp_1_U1450/ekf_batch_fadd_32ns_32ns_32_4_full_dsp_1_ip_u/inst/i_synth/ADDSUB_OP.ADDSUB/DSP.OP/DSP48E1_BODY.ALIGN_ADD/DSP2/i_no_versal_es1_workaround.DSP/P[47:0] is not pipelined (PREG=0). Pipelining the DSP48 output will improve performance and often saves power so it is suggested whenever possible to fully pipeline this function.  If this DSP48 function was inferred, it is suggested to describe an additional register stage after this function.  If the DSP48 was instantiated in the design, it is suggested to set the PREG attribute to 1.
Related violations: <none>

DPOP-3#3 Warning
PREG Output pipelining  
DSP design_1_i/ekf_batch_0/inst/fadd_32ns_32ns_32_4_full_dsp_1_U1450/ekf_batch_fadd_32ns_32ns_32_4_full_dsp_1_ip_u/inst/i_synth/ADDSUB_OP.ADDSUB/DSP.OP/DSP48E1_BODY.NORM_RND/FULL_USAGE_DSP.SHIFT_RND/i_no_versal_es1_workaround.DSP output design_1_i/ekf_batch_0/inst/fadd_32ns_32ns_32_4_full_dsp_1_U1450/ekf_batch_fadd_32ns_32ns_32_4_full_dsp_1_ip_u/inst/i_synth/ADDSUB_OP.ADDSUB/DSP.OP/DSP48E1_BODY.NORM_RND/FULL_USAGE_DSP.SHIFT_RND/i_no_versal_es1_workaround.DSP/P[47:0] is not pipelined (PREG=0). Pipelining the DSP48 output will improve performance and often saves power so it is suggested whenever possible to fully pipeline this function.  If this DSP48 function was inferred, it is suggested to describe an additional register stage after this function.  If the DSP48 was instantiated in the design, it is suggested to set the PREG attribute to 1.
Related violations: <none>

DPOP-3#4 Warning
PREG Output pipelining  
DSP design_1_i/ekf_batch_0/inst/faddfsub_32ns_32ns_32_4_full_dsp_1_U1479/ekf_batch_faddfsub_32ns_32ns_32_4_full_dsp_1_ip_u/inst/i_synth/ADDSUB_OP.ADDSUB/DSP.OP/DSP48E1_BODY.ALIGN_ADD/DSP2/i_no_versal_es1_workaround.DSP output design_1_i/ekf_batch_0/inst/faddfsub_32ns_32ns_32_4_full_dsp_1_U1479/ekf_batch_faddfsub_32ns_32ns_32_4_full_dsp_1_ip_u/inst/i_synth/ADDSUB_OP.ADDSUB/DSP.OP/DSP48E1_BODY.ALIGN_ADD/DSP2/i_no_versal_es1_workaround.DSP/PATTERNDETECT is not pipelined (PREG=0). Pipelining the DSP48 output will improve performance and often saves power so it is suggested whenever possible to fully pipeline this function.  If this DSP48 function was inferred, it is suggested to describe an additional register stage after this function.  If the DSP48 was instantiated in the design, it is suggested to set the PREG attribute to 1.
Related violations: <none>

DPOP-3#5 Warning
PREG Output pipelining  
DSP design_1_i/ekf_batch_0/inst/faddfsub_32ns_32ns_32_4_full_dsp_1_U1479/ekf_batch_faddfsub_32ns_32ns_32_4_full_dsp_1_ip_u/inst/i_synth/ADDSUB_OP.ADDSUB/DSP.OP/DSP48E1_BODY.ALIGN_ADD/DSP2/i_no_versal_es1_workaround.DSP output design_1_i/ekf_batch_0/inst/faddfsub_32ns_32ns_32_4_full_dsp_1_U1479/ekf_batch_faddfsub_32ns_32ns_32_4_full_dsp_1_ip_u/inst/i_synth/ADDSUB_OP.ADDSUB/DSP.OP/DSP48E1_BODY.ALIGN_ADD/DSP2/i_no_versal_es1_workaround.DSP/P[47:0] is not pipelined (PREG=0). Pipelining the DSP48 output will improve performance and often saves power so it is suggested whenever possible to fully pipeline this function.  If this DSP48 function was inferred, it is suggested to describe an additional register stage after this function.  If the DSP48 was instantiated in the design, it is suggested to set the PREG attribute to 1.
Related violations: <none>

DPOP-3#6 Warning
PREG Output pipelining  
DSP design_1_i/ekf_batch_0/inst/faddfsub_32ns_32ns_32_4_full_dsp_1_U1479/ekf_batch_faddfsub_32ns_32ns_32_4_full_dsp_1_ip_u/inst/i_synth/ADDSUB_OP.ADDSUB/DSP.OP/DSP48E1_BODY.NORM_RND/FULL_USAGE_DSP.SHIFT_RND/i_no_versal_es1_workaround.DSP output design_1_i/ekf_batch_0/inst/faddfsub_32ns_32ns_32_4_full_dsp_1_U1479/ekf_batch_faddfsub_32ns_32ns_32_4_full_dsp_1_ip_u/inst/i_synth/ADDSUB_OP.ADDSUB/DSP.OP/DSP48E1_BODY.NORM_RND/FULL_USAGE_DSP.SHIFT_RND/i_no_versal_es1_workaround.DSP/P[47:0] is not pipelined (PREG=0). Pipelining the DSP48 output will improve performance and often saves power so it is suggested whenever possible to fully pipeline this function.  If this DSP48 function was inferred, it is suggested to describe an additional register stage after this function.  If the DSP48 was instantiated in the design, it is suggested to set the PREG attribute to 1.
Related violations: <none>

DPOP-3#7 Warning
PREG Output pipelining  
DSP design_1_i/ekf_batch_0/inst/faddfsub_32ns_32ns_32_4_full_dsp_1_U1481/ekf_batch_faddfsub_32ns_32ns_32_4_full_dsp_1_ip_u/inst/i_synth/ADDSUB_OP.ADDSUB/DSP.OP/DSP48E1_BODY.ALIGN_ADD/DSP2/i_no_versal_es1_workaround.DSP output design_1_i/ekf_batch_0/inst/faddfsub_32ns_32ns_32_4_full_dsp_1_U1481/ekf_batch_faddfsub_32ns_32ns_32_4_full_dsp_1_ip_u/inst/i_synth/ADDSUB_OP.ADDSUB/DSP.OP/DSP48E1_BODY.ALIGN_ADD/DSP2/i_no_versal_es1_workaround.DSP/PATTERNDETECT is not pipelined (PREG=0). Pipelining the DSP48 output will improve performance and often saves power so it is suggested whenever possible to fully pipeline this function.  If this DSP48 function was inferred, it is suggested to describe an additional register stage after this function.  If the DSP48 was instantiated in the design, it is suggested to set the PREG attribute to 1.
Related violations: <none>

DPOP-3#8 Warning
PREG Output pipelining  
DSP design_1_i/ekf_batch_0/inst/faddfsub_32ns_32ns_32_4_full_dsp_1_U1481/ekf_batch_faddfsub_32ns_32ns_32_4_full_dsp_1_ip_u/inst/i_synth/ADDSUB_OP.ADDSUB/DSP.OP/DSP48E1_BODY.ALIGN_ADD/DSP2/i_no_versal_es1_workaround.DSP output design_1_i/ekf_batch_0/inst/faddfsub_32ns_32ns_32_4_full_dsp_1_U1481/ekf_batch_faddfsub_32ns_32ns_32_4_full_dsp_1_ip_u/inst/i_synth/ADDSUB_OP.ADDSUB/DSP.OP/DSP48E1_BODY.ALIGN_ADD/DSP2/i_no_versal_es1_workaround.DSP/P[47:0] is not pipelined (PREG=0). Pipelining the DSP48 output will improve performance and often saves power so it is suggested whenever possible to fully pipeline this function.  If this DSP48 function was inferred, it is suggested to describe an additional register stage after this function.  If the DSP48 was instantiated in the design, it is suggested to set the PREG attribute to 1.
Related violations: <none>

DPOP-3#9 Warning
PREG Output pipelining  
DSP design_1_i/ekf_batch_0/inst/faddfsub_32ns_32ns_32_4_full_dsp_1_U1481/ekf_batch_faddfsub_32ns_32ns_32_4_full_dsp_1_ip_u/inst/i_synth/ADDSUB_OP.ADDSUB/DSP.OP/DSP48E1_BODY.NORM_RND/FULL_USAGE_DSP.SHIFT_RND/i_no_versal_es1_workaround.DSP output design_1_i/ekf_batch_0/inst/faddfsub_32ns_32ns_32_4_full_dsp_1_U1481/ekf_batch_faddfsub_32ns_32ns_32_4_full_dsp_1_ip_u/inst/i_synth/ADDSUB_OP.ADDSUB/DSP.OP/DSP48E1_BODY.NORM_RND/FULL_USAGE_DSP.SHIFT_RND/i_no_versal_es1_workaround.DSP/P[47:0] is not pipelined (PREG=0). Pipelining the DSP48 output will improve performance and often saves power so it is suggested whenever possible to fully pipeline this function.  If this DSP48 function was inferred, it is suggested to describe an additional register stage after this function.  If the DSP48 was instantiated in the design, it is suggested to set the PREG attribute to 1.
Related violations: <none>

DPOP-3#10 Warning
PREG Output pipelining  
DSP design_1_i/ekf_batch_0/inst/faddfsub_32ns_32ns_32_4_full_dsp_1_U1482/ekf_batch_faddfsub_32ns_32ns_32_4_full_dsp_1_ip_u/inst/i_synth/ADDSUB_OP.ADDSUB/DSP.OP/DSP48E1_BODY.ALIGN_ADD/DSP2/i_no_versal_es1_workaround.DSP output design_1_i/ekf_batch_0/inst/faddfsub_32ns_32ns_32_4_full_dsp_1_U1482/ekf_batch_faddfsub_32ns_32ns_32_4_full_dsp_1_ip_u/inst/i_synth/ADDSUB_OP.ADDSUB/DSP.OP/DSP48E1_BODY.ALIGN_ADD/DSP2/i_no_versal_es1_workaround.DSP/PATTERNDETECT is not pipelined (PREG=0). Pipelining the DSP48 output will improve performance and often saves power so it is suggested whenever possible to fully pipeline this function.  If this DSP48 function was inferred, it is suggested to describe an additional register stage after this function.  If the DSP48 was instantiated in the design, it is suggested to set the PREG attribute to 1.
Related violations: <none>

DPOP-3#11 Warning
PREG Output pipelining  
DSP design_1_i/ekf_batch_0/inst/faddfsub_32ns_32ns_32_4_full_dsp_1_U1482/ekf_batch_faddfsub_32ns_32ns_32_4_full_dsp_1_ip_u/inst/i_synth/ADDSUB_OP.ADDSUB/DSP.OP/DSP48E1_BODY.ALIGN_ADD/DSP2/i_no_versal_es1_workaround.DSP output design_1_i/ekf_batch_0/inst/faddfsub_32ns_32ns_32_4_full_dsp_1_U1482/ekf_batch_faddfsub_32ns_32ns_32_4_full_dsp_1_ip_u/inst/i_synth/ADDSUB_OP.ADDSUB/DSP.OP/DSP48E1_BODY.ALIGN_ADD/DSP2/i_no_versal_es1_workaround.DSP/P[47:0] is not pipelined (PREG=0). Pipelining the DSP48 output will improve performance and often saves power so it is suggested whenever possible to fully pipeline this function.  If this DSP48 function was inferred, it is suggested to describe an additional register stage after this function.  If the DSP48 was instantiated in the design, it is suggested to set the PREG attribute to 1.
Related violations: <none>

DPOP-3#12 Warning
PREG Output pipelining  
DSP design_1_i/ekf_batch_0/inst/faddfsub_32ns_32ns_32_4_full_dsp_1_U1482/ekf_batch_faddfsub_32ns_32ns_32_4_full_dsp_1_ip_u/inst/i_synth/ADDSUB_OP.ADDSUB/DSP.OP/DSP48E1_BODY.NORM_RND/FULL_USAGE_DSP.SHIFT_RND/i_no_versal_es1_workaround.DSP output design_1_i/ekf_batch_0/inst/faddfsub_32ns_32ns_32_4_full_dsp_1_U1482/ekf_batch_faddfsub_32ns_32ns_32_4_full_dsp_1_ip_u/inst/i_synth/ADDSUB_OP.ADDSUB/DSP.OP/DSP48E1_BODY.NORM_RND/FULL_USAGE_DSP.SHIFT_RND/i_no_versal_es1_workaround.DSP/P[47:0] is not pipelined (PREG=0). Pipelining the DSP48 output will improve performance and often saves power so it is suggested whenever possible to fully pipeline this function.  If this DSP48 function was inferred, it is suggested to describe an additional register stage after this function.  If the DSP48 was instantiated in the design, it is suggested to set the PREG attribute to 1.
Related violations: <none>

DPOP-3#13 Warning
PREG Output pipelining  
DSP design_1_i/ekf_batch_0/inst/faddfsub_32ns_32ns_32_4_full_dsp_1_U1483/ekf_batch_faddfsub_32ns_32ns_32_4_full_dsp_1_ip_u/inst/i_synth/ADDSUB_OP.ADDSUB/DSP.OP/DSP48E1_BODY.ALIGN_ADD/DSP2/i_no_versal_es1_workaround.DSP output design_1_i/ekf_batch_0/inst/faddfsub_32ns_32ns_32_4_full_dsp_1_U1483/ekf_batch_faddfsub_32ns_32ns_32_4_full_dsp_1_ip_u/inst/i_synth/ADDSUB_OP.ADDSUB/DSP.OP/DSP48E1_BODY.ALIGN_ADD/DSP2/i_no_versal_es1_workaround.DSP/PATTERNDETECT is not pipelined (PREG=0). Pipelining the DSP48 output will improve performance and often saves power so it is suggested whenever possible to fully pipeline this function.  If this DSP48 function was inferred, it is suggested to describe an additional register stage after this function.  If the DSP48 was instantiated in the design, it is suggested to set the PREG attribute to 1.
Related violations: <none>

DPOP-3#14 Warning
PREG Output pipelining  
DSP design_1_i/ekf_batch_0/inst/faddfsub_32ns_32ns_32_4_full_dsp_1_U1483/ekf_batch_faddfsub_32ns_32ns_32_4_full_dsp_1_ip_u/inst/i_synth/ADDSUB_OP.ADDSUB/DSP.OP/DSP48E1_BODY.ALIGN_ADD/DSP2/i_no_versal_es1_workaround.DSP output design_1_i/ekf_batch_0/inst/faddfsub_32ns_32ns_32_4_full_dsp_1_U1483/ekf_batch_faddfsub_32ns_32ns_32_4_full_dsp_1_ip_u/inst/i_synth/ADDSUB_OP.ADDSUB/DSP.OP/DSP48E1_BODY.ALIGN_ADD/DSP2/i_no_versal_es1_workaround.DSP/P[47:0] is not pipelined (PREG=0). Pipelining the DSP48 output will improve performance and often saves power so it is suggested whenever possible to fully pipeline this function.  If this DSP48 function was inferred, it is suggested to describe an additional register stage after this function.  If the DSP48 was instantiated in the design, it is suggested to set the PREG attribute to 1.
Related violations: <none>

DPOP-3#15 Warning
PREG Output pipelining  
DSP design_1_i/ekf_batch_0/inst/faddfsub_32ns_32ns_32_4_full_dsp_1_U1483/ekf_batch_faddfsub_32ns_32ns_32_4_full_dsp_1_ip_u/inst/i_synth/ADDSUB_OP.ADDSUB/DSP.OP/DSP48E1_BODY.NORM_RND/FULL_USAGE_DSP.SHIFT_RND/i_no_versal_es1_workaround.DSP output design_1_i/ekf_batch_0/inst/faddfsub_32ns_32ns_32_4_full_dsp_1_U1483/ekf_batch_faddfsub_32ns_32ns_32_4_full_dsp_1_ip_u/inst/i_synth/ADDSUB_OP.ADDSUB/DSP.OP/DSP48E1_BODY.NORM_RND/FULL_USAGE_DSP.SHIFT_RND/i_no_versal_es1_workaround.DSP/P[47:0] is not pipelined (PREG=0). Pipelining the DSP48 output will improve performance and often saves power so it is suggested whenever possible to fully pipeline this function.  If this DSP48 function was inferred, it is suggested to describe an additional register stage after this function.  If the DSP48 was instantiated in the design, it is suggested to set the PREG attribute to 1.
Related violations: <none>

DPOP-3#16 Warning
PREG Output pipelining  
DSP design_1_i/ekf_batch_0/inst/faddfsub_32ns_32ns_32_4_full_dsp_1_U1484/ekf_batch_faddfsub_32ns_32ns_32_4_full_dsp_1_ip_u/inst/i_synth/ADDSUB_OP.ADDSUB/DSP.OP/DSP48E1_BODY.ALIGN_ADD/DSP2/i_no_versal_es1_workaround.DSP output design_1_i/ekf_batch_0/inst/faddfsub_32ns_32ns_32_4_full_dsp_1_U1484/ekf_batch_faddfsub_32ns_32ns_32_4_full_dsp_1_ip_u/inst/i_synth/ADDSUB_OP.ADDSUB/DSP.OP/DSP48E1_BODY.ALIGN_ADD/DSP2/i_no_versal_es1_workaround.DSP/PATTERNDETECT is not pipelined (PREG=0). Pipelining the DSP48 output will improve performance and often saves power so it is suggested whenever possible to fully pipeline this function.  If this DSP48 function was inferred, it is suggested to describe an additional register stage after this function.  If the DSP48 was instantiated in the design, it is suggested to set the PREG attribute to 1.
Related violations: <none>

DPOP-3#17 Warning
PREG Output pipelining  
DSP design_1_i/ekf_batch_0/inst/faddfsub_32ns_32ns_32_4_full_dsp_1_U1484/ekf_batch_faddfsub_32ns_32ns_32_4_full_dsp_1_ip_u/inst/i_synth/ADDSUB_OP.ADDSUB/DSP.OP/DSP48E1_BODY.ALIGN_ADD/DSP2/i_no_versal_es1_workaround.DSP output design_1_i/ekf_batch_0/inst/faddfsub_32ns_32ns_32_4_full_dsp_1_U1484/ekf_batch_faddfsub_32ns_32ns_32_4_full_dsp_1_ip_u/inst/i_synth/ADDSUB_OP.ADDSUB/DSP.OP/DSP48E1_BODY.ALIGN_ADD/DSP2/i_no_versal_es1_workaround.DSP/P[47:0] is not pipelined (PREG=0). Pipelining the DSP48 output will improve performance and often saves power so it is suggested whenever possible to fully pipeline this function.  If this DSP48 function was inferred, it is suggested to describe an additional register stage after this function.  If the DSP48 was instantiated in the design, it is suggested to set the PREG attribute to 1.
Related violations: <none>

DPOP-3#18 Warning
PREG Output pipelining  
DSP design_1_i/ekf_batch_0/inst/faddfsub_32ns_32ns_32_4_full_dsp_1_U1484/ekf_batch_faddfsub_32ns_32ns_32_4_full_dsp_1_ip_u/inst/i_synth/ADDSUB_OP.ADDSUB/DSP.OP/DSP48E1_BODY.NORM_RND/FULL_USAGE_DSP.SHIFT_RND/i_no_versal_es1_workaround.DSP output design_1_i/ekf_batch_0/inst/faddfsub_32ns_32ns_32_4_full_dsp_1_U1484/ekf_batch_faddfsub_32ns_32ns_32_4_full_dsp_1_ip_u/inst/i_synth/ADDSUB_OP.ADDSUB/DSP.OP/DSP48E1_BODY.NORM_RND/FULL_USAGE_DSP.SHIFT_RND/i_no_versal_es1_workaround.DSP/P[47:0] is not pipelined (PREG=0). Pipelining the DSP48 output will improve performance and often saves power so it is suggested whenever possible to fully pipeline this function.  If this DSP48 function was inferred, it is suggested to describe an additional register stage after this function.  If the DSP48 was instantiated in the design, it is suggested to set the PREG attribute to 1.
Related violations: <none>

DPOP-3#19 Warning
PREG Output pipelining  
DSP design_1_i/ekf_batch_0/inst/faddfsub_32ns_32ns_32_4_full_dsp_1_U1485/ekf_batch_faddfsub_32ns_32ns_32_4_full_dsp_1_ip_u/inst/i_synth/ADDSUB_OP.ADDSUB/DSP.OP/DSP48E1_BODY.ALIGN_ADD/DSP2/i_no_versal_es1_workaround.DSP output design_1_i/ekf_batch_0/inst/faddfsub_32ns_32ns_32_4_full_dsp_1_U1485/ekf_batch_faddfsub_32ns_32ns_32_4_full_dsp_1_ip_u/inst/i_synth/ADDSUB_OP.ADDSUB/DSP.OP/DSP48E1_BODY.ALIGN_ADD/DSP2/i_no_versal_es1_workaround.DSP/PATTERNDETECT is not pipelined (PREG=0). Pipelining the DSP48 output will improve performance and often saves power so it is suggested whenever possible to fully pipeline this function.  If this DSP48 function was inferred, it is suggested to describe an additional register stage after this function.  If the DSP48 was instantiated in the design, it is suggested to set the PREG attribute to 1.
Related violations: <none>

DPOP-3#20 Warning
PREG Output pipelining  
DSP design_1_i/ekf_batch_0/inst/faddfsub_32ns_32ns_32_4_full_dsp_1_U1485/ekf_batch_faddfsub_32ns_32ns_32_4_full_dsp_1_ip_u/inst/i_synth/ADDSUB_OP.ADDSUB/DSP.OP/DSP48E1_BODY.ALIGN_ADD/DSP2/i_no_versal_es1_workaround.DSP output design_1_i/ekf_batch_0/inst/faddfsub_32ns_32ns_32_4_full_dsp_1_U1485/ekf_batch_faddfsub_32ns_32ns_32_4_full_dsp_1_ip_u/inst/i_synth/ADDSUB_OP.ADDSUB/DSP.OP/DSP48E1_BODY.ALIGN_ADD/DSP2/i_no_versal_es1_workaround.DSP/P[47:0] is not pipelined (PREG=0). Pipelining the DSP48 output will improve performance and often saves power so it is suggested whenever possible to fully pipeline this function.  If this DSP48 function was inferred, it is suggested to describe an additional register stage after this function.  If the DSP48 was instantiated in the design, it is suggested to set the PREG attribute to 1.
Related violations: <none>

DPOP-3#21 Warning
PREG Output pipelining  
DSP design_1_i/ekf_batch_0/inst/faddfsub_32ns_32ns_32_4_full_dsp_1_U1485/ekf_batch_faddfsub_32ns_32ns_32_4_full_dsp_1_ip_u/inst/i_synth/ADDSUB_OP.ADDSUB/DSP.OP/DSP48E1_BODY.NORM_RND/FULL_USAGE_DSP.SHIFT_RND/i_no_versal_es1_workaround.DSP output design_1_i/ekf_batch_0/inst/faddfsub_32ns_32ns_32_4_full_dsp_1_U1485/ekf_batch_faddfsub_32ns_32ns_32_4_full_dsp_1_ip_u/inst/i_synth/ADDSUB_OP.ADDSUB/DSP.OP/DSP48E1_BODY.NORM_RND/FULL_USAGE_DSP.SHIFT_RND/i_no_versal_es1_workaround.DSP/P[47:0] is not pipelined (PREG=0). Pipelining the DSP48 output will improve performance and often saves power so it is suggested whenever possible to fully pipeline this function.  If this DSP48 function was inferred, it is suggested to describe an additional register stage after this function.  If the DSP48 was instantiated in the design, it is suggested to set the PREG attribute to 1.
Related violations: <none>

DPOP-3#22 Warning
PREG Output pipelining  
DSP design_1_i/ekf_batch_0/inst/fmul_32ns_32ns_32_3_max_dsp_1_U1451/ekf_batch_fmul_32ns_32ns_32_3_max_dsp_1_ip_u/inst/i_synth/MULT.OP/i_non_prim.MULT/DSP48E1_SPD_SGL_VARIANT.FIX_MULT/DSP1/i_no_versal_es1_workaround.DSP output design_1_i/ekf_batch_0/inst/fmul_32ns_32ns_32_3_max_dsp_1_U1451/ekf_batch_fmul_32ns_32ns_32_3_max_dsp_1_ip_u/inst/i_synth/MULT.OP/i_non_prim.MULT/DSP48E1_SPD_SGL_VARIANT.FIX_MULT/DSP1/i_no_versal_es1_workaround.DSP/PATTERNDETECT is not pipelined (PREG=0). Pipelining the DSP48 output will improve performance and often saves power so it is suggested whenever possible to fully pipeline this function.  If this DSP48 function was inferred, it is suggested to describe an additional register stage after this function.  If the DSP48 was instantiated in the design, it is suggested to set the PREG attribute to 1.
Related violations: <none>

DPOP-3#23 Warning
PREG Output pipelining  
DSP design_1_i/ekf_batch_0/inst/fmul_32ns_32ns_32_3_max_dsp_1_U1451/ekf_batch_fmul_32ns_32ns_32_3_max_dsp_1_ip_u/inst/i_synth/MULT.OP/i_non_prim.MULT/DSP48E1_SPD_SGL_VARIANT.FIX_MULT/DSP2/i_no_versal_es1_workaround.DSP output design_1_i/ekf_batch_0/inst/fmul_32ns_32ns_32_3_max_dsp_1_U1451/ekf_batch_fmul_32ns_32ns_32_3_max_dsp_1_ip_u/inst/i_synth/MULT.OP/i_non_prim.MULT/DSP48E1_SPD_SGL_VARIANT.FIX_MULT/DSP2/i_no_versal_es1_workaround.DSP/PATTERNDETECT is not pipelined (PREG=0). Pipelining the DSP48 output will improve performance and often saves power so it is suggested whenever possible to fully pipeline this function.  If this DSP48 function was inferred, it is suggested to describe an additional register stage after this function.  If the DSP48 was instantiated in the design, it is suggested to set the PREG attribute to 1.
Related violations: <none>

DPOP-3#24 Warning
PREG Output pipelining  
DSP design_1_i/ekf_batch_0/inst/fmul_32ns_32ns_32_3_max_dsp_1_U1451/ekf_batch_fmul_32ns_32ns_32_3_max_dsp_1_ip_u/inst/i_synth/MULT.OP/i_non_prim.MULT/DSP48E1_SPD_SGL_VARIANT.FIX_MULT/DSP2/i_no_versal_es1_workaround.DSP output design_1_i/ekf_batch_0/inst/fmul_32ns_32ns_32_3_max_dsp_1_U1451/ekf_batch_fmul_32ns_32ns_32_3_max_dsp_1_ip_u/inst/i_synth/MULT.OP/i_non_prim.MULT/DSP48E1_SPD_SGL_VARIANT.FIX_MULT/DSP2/i_no_versal_es1_workaround.DSP/P[47:0] is not pipelined (PREG=0). Pipelining the DSP48 output will improve performance and often saves power so it is suggested whenever possible to fully pipeline this function.  If this DSP48 function was inferred, it is suggested to describe an additional register stage after this function.  If the DSP48 was instantiated in the design, it is suggested to set the PREG attribute to 1.
Related violations: <none>

DPOP-3#25 Warning
PREG Output pipelining  
DSP design_1_i/ekf_batch_0/inst/fmul_32ns_32ns_32_3_max_dsp_1_U1451/ekf_batch_fmul_32ns_32ns_32_3_max_dsp_1_ip_u/inst/i_synth/MULT.OP/i_non_prim.R_AND_R/LAT_OPT.FULL.R_AND_R/DSP48E1_SGL_EXP_IP.OLD_ADD.ADD/i_no_versal_es1_workaround.DSP output design_1_i/ekf_batch_0/inst/fmul_32ns_32ns_32_3_max_dsp_1_U1451/ekf_batch_fmul_32ns_32ns_32_3_max_dsp_1_ip_u/inst/i_synth/MULT.OP/i_non_prim.R_AND_R/LAT_OPT.FULL.R_AND_R/DSP48E1_SGL_EXP_IP.OLD_ADD.ADD/i_no_versal_es1_workaround.DSP/CARRYOUT[3:0] is not pipelined (PREG=0). Pipelining the DSP48 output will improve performance and often saves power so it is suggested whenever possible to fully pipeline this function.  If this DSP48 function was inferred, it is suggested to describe an additional register stage after this function.  If the DSP48 was instantiated in the design, it is suggested to set the PREG attribute to 1.
Related violations: <none>

DPOP-3#26 Warning
PREG Output pipelining  
DSP design_1_i/ekf_batch_0/inst/fmul_32ns_32ns_32_3_max_dsp_1_U1451/ekf_batch_fmul_32ns_32ns_32_3_max_dsp_1_ip_u/inst/i_synth/MULT.OP/i_non_prim.R_AND_R/LAT_OPT.FULL.R_AND_R/DSP48E1_SGL_EXP_IP.OLD_ADD.ADD/i_no_versal_es1_workaround.DSP output design_1_i/ekf_batch_0/inst/fmul_32ns_32ns_32_3_max_dsp_1_U1451/ekf_batch_fmul_32ns_32ns_32_3_max_dsp_1_ip_u/inst/i_synth/MULT.OP/i_non_prim.R_AND_R/LAT_OPT.FULL.R_AND_R/DSP48E1_SGL_EXP_IP.OLD_ADD.ADD/i_no_versal_es1_workaround.DSP/P[47:0] is not pipelined (PREG=0). Pipelining the DSP48 output will improve performance and often saves power so it is suggested whenever possible to fully pipeline this function.  If this DSP48 function was inferred, it is suggested to describe an additional register stage after this function.  If the DSP48 was instantiated in the design, it is suggested to set the PREG attribute to 1.
Related violations: <none>

DPOP-3#27 Warning
PREG Output pipelining  
DSP design_1_i/ekf_batch_0/inst/fmul_32ns_32ns_32_3_max_dsp_1_U1480/ekf_batch_fmul_32ns_32ns_32_3_max_dsp_1_ip_u/inst/i_synth/MULT.OP/i_non_prim.MULT/DSP48E1_SPD_SGL_VARIANT.FIX_MULT/DSP1/i_no_versal_es1_workaround.DSP output design_1_i/ekf_batch_0/inst/fmul_32ns_32ns_32_3_max_dsp_1_U1480/ekf_batch_fmul_32ns_32ns_32_3_max_dsp_1_ip_u/inst/i_synth/MULT.OP/i_non_prim.MULT/DSP48E1_SPD_SGL_VARIANT.FIX_MULT/DSP1/i_no_versal_es1_workaround.DSP/PATTERNDETECT is not pipelined (PREG=0). Pipelining the DSP48 output will improve performance and often saves power so it is suggested whenever possible to fully pipeline this function.  If this DSP48 function was inferred, it is suggested to describe an additional register stage after this function.  If the DSP48 was instantiated in the design, it is suggested to set the PREG attribute to 1.
Related violations: <none>

DPOP-3#28 Warning
PREG Output pipelining  
DSP design_1_i/ekf_batch_0/inst/fmul_32ns_32ns_32_3_max_dsp_1_U1480/ekf_batch_fmul_32ns_32ns_32_3_max_dsp_1_ip_u/inst/i_synth/MULT.OP/i_non_prim.MULT/DSP48E1_SPD_SGL_VARIANT.FIX_MULT/DSP2/i_no_versal_es1_workaround.DSP output design_1_i/ekf_batch_0/inst/fmul_32ns_32ns_32_3_max_dsp_1_U1480/ekf_batch_fmul_32ns_32ns_32_3_max_dsp_1_ip_u/inst/i_synth/MULT.OP/i_non_prim.MULT/DSP48E1_SPD_SGL_VARIANT.FIX_MULT/DSP2/i_no_versal_es1_workaround.DSP/PATTERNDETECT is not pipelined (PREG=0). Pipelining the DSP48 output will improve performance and often saves power so it is suggested whenever possible to fully pipeline this function.  If this DSP48 function was inferred, it is suggested to describe an additional register stage after this function.  If the DSP48 was instantiated in the design, it is suggested to set the PREG attribute to 1.
Related violations: <none>

DPOP-3#29 Warning
PREG Output pipelining  
DSP design_1_i/ekf_batch_0/inst/fmul_32ns_32ns_32_3_max_dsp_1_U1480/ekf_batch_fmul_32ns_32ns_32_3_max_dsp_1_ip_u/inst/i_synth/MULT.OP/i_non_prim.MULT/DSP48E1_SPD_SGL_VARIANT.FIX_MULT/DSP2/i_no_versal_es1_workaround.DSP output design_1_i/ekf_batch_0/inst/fmul_32ns_32ns_32_3_max_dsp_1_U1480/ekf_batch_fmul_32ns_32ns_32_3_max_dsp_1_ip_u/inst/i_synth/MULT.OP/i_non_prim.MULT/DSP48E1_SPD_SGL_VARIANT.FIX_MULT/DSP2/i_no_versal_es1_workaround.DSP/P[47:0] is not pipelined (PREG=0). Pipelining the DSP48 output will improve performance and often saves power so it is suggested whenever possible to fully pipeline this function.  If this DSP48 function was inferred, it is suggested to describe an additional register stage after this function.  If the DSP48 was instantiated in the design, it is suggested to set the PREG attribute to 1.
Related violations: <none>

DPOP-3#30 Warning
PREG Output pipelining  
DSP design_1_i/ekf_batch_0/inst/fmul_32ns_32ns_32_3_max_dsp_1_U1480/ekf_batch_fmul_32ns_32ns_32_3_max_dsp_1_ip_u/inst/i_synth/MULT.OP/i_non_prim.R_AND_R/LAT_OPT.FULL.R_AND_R/DSP48E1_SGL_EXP_IP.OLD_ADD.ADD/i_no_versal_es1_workaround.DSP output design_1_i/ekf_batch_0/inst/fmul_32ns_32ns_32_3_max_dsp_1_U1480/ekf_batch_fmul_32ns_32ns_32_3_max_dsp_1_ip_u/inst/i_synth/MULT.OP/i_non_prim.R_AND_R/LAT_OPT.FULL.R_AND_R/DSP48E1_SGL_EXP_IP.OLD_ADD.ADD/i_no_versal_es1_workaround.DSP/CARRYOUT[3:0] is not pipelined (PREG=0). Pipelining the DSP48 output will improve performance and often saves power so it is suggested whenever possible to fully pipeline this function.  If this DSP48 function was inferred, it is suggested to describe an additional register stage after this function.  If the DSP48 was instantiated in the design, it is suggested to set the PREG attribute to 1.
Related violations: <none>

DPOP-3#31 Warning
PREG Output pipelining  
DSP design_1_i/ekf_batch_0/inst/fmul_32ns_32ns_32_3_max_dsp_1_U1480/ekf_batch_fmul_32ns_32ns_32_3_max_dsp_1_ip_u/inst/i_synth/MULT.OP/i_non_prim.R_AND_R/LAT_OPT.FULL.R_AND_R/DSP48E1_SGL_EXP_IP.OLD_ADD.ADD/i_no_versal_es1_workaround.DSP output design_1_i/ekf_batch_0/inst/fmul_32ns_32ns_32_3_max_dsp_1_U1480/ekf_batch_fmul_32ns_32ns_32_3_max_dsp_1_ip_u/inst/i_synth/MULT.OP/i_non_prim.R_AND_R/LAT_OPT.FULL.R_AND_R/DSP48E1_SGL_EXP_IP.OLD_ADD.ADD/i_no_versal_es1_workaround.DSP/P[47:0] is not pipelined (PREG=0). Pipelining the DSP48 output will improve performance and often saves power so it is suggested whenever possible to fully pipeline this function.  If this DSP48 function was inferred, it is suggested to describe an additional register stage after this function.  If the DSP48 was instantiated in the design, it is suggested to set the PREG attribute to 1.
Related violations: <none>

DPOP-3#32 Warning
PREG Output pipelining  
DSP design_1_i/ekf_batch_0/inst/fmul_32ns_32ns_32_3_max_dsp_1_U1486/ekf_batch_fmul_32ns_32ns_32_3_max_dsp_1_ip_u/inst/i_synth/MULT.OP/i_non_prim.MULT/DSP48E1_SPD_SGL_VARIANT.FIX_MULT/DSP1/i_no_versal_es1_workaround.DSP output design_1_i/ekf_batch_0/inst/fmul_32ns_32ns_32_3_max_dsp_1_U1486/ekf_batch_fmul_32ns_32ns_32_3_max_dsp_1_ip_u/inst/i_synth/MULT.OP/i_non_prim.MULT/DSP48E1_SPD_SGL_VARIANT.FIX_MULT/DSP1/i_no_versal_es1_workaround.DSP/PATTERNDETECT is not pipelined (PREG=0). Pipelining the DSP48 output will improve performance and often saves power so it is suggested whenever possible to fully pipeline this function.  If this DSP48 function was inferred, it is suggested to describe an additional register stage after this function.  If the DSP48 was instantiated in the design, it is suggested to set the PREG attribute to 1.
Related violations: <none>

DPOP-3#33 Warning
PREG Output pipelining  
DSP design_1_i/ekf_batch_0/inst/fmul_32ns_32ns_32_3_max_dsp_1_U1486/ekf_batch_fmul_32ns_32ns_32_3_max_dsp_1_ip_u/inst/i_synth/MULT.OP/i_non_prim.MULT/DSP48E1_SPD_SGL_VARIANT.FIX_MULT/DSP2/i_no_versal_es1_workaround.DSP output design_1_i/ekf_batch_0/inst/fmul_32ns_32ns_32_3_max_dsp_1_U1486/ekf_batch_fmul_32ns_32ns_32_3_max_dsp_1_ip_u/inst/i_synth/MULT.OP/i_non_prim.MULT/DSP48E1_SPD_SGL_VARIANT.FIX_MULT/DSP2/i_no_versal_es1_workaround.DSP/PATTERNDETECT is not pipelined (PREG=0). Pipelining the DSP48 output will improve performance and often saves power so it is suggested whenever possible to fully pipeline this function.  If this DSP48 function was inferred, it is suggested to describe an additional register stage after this function.  If the DSP48 was instantiated in the design, it is suggested to set the PREG attribute to 1.
Related violations: <none>

DPOP-3#34 Warning
PREG Output pipelining  
DSP design_1_i/ekf_batch_0/inst/fmul_32ns_32ns_32_3_max_dsp_1_U1486/ekf_batch_fmul_32ns_32ns_32_3_max_dsp_1_ip_u/inst/i_synth/MULT.OP/i_non_prim.MULT/DSP48E1_SPD_SGL_VARIANT.FIX_MULT/DSP2/i_no_versal_es1_workaround.DSP output design_1_i/ekf_batch_0/inst/fmul_32ns_32ns_32_3_max_dsp_1_U1486/ekf_batch_fmul_32ns_32ns_32_3_max_dsp_1_ip_u/inst/i_synth/MULT.OP/i_non_prim.MULT/DSP48E1_SPD_SGL_VARIANT.FIX_MULT/DSP2/i_no_versal_es1_workaround.DSP/P[47:0] is not pipelined (PREG=0). Pipelining the DSP48 output will improve performance and often saves power so it is suggested whenever possible to fully pipeline this function.  If this DSP48 function was inferred, it is suggested to describe an additional register stage after this function.  If the DSP48 was instantiated in the design, it is suggested to set the PREG attribute to 1.
Related violations: <none>

DPOP-3#35 Warning
PREG Output pipelining  
DSP design_1_i/ekf_batch_0/inst/fmul_32ns_32ns_32_3_max_dsp_1_U1486/ekf_batch_fmul_32ns_32ns_32_3_max_dsp_1_ip_u/inst/i_synth/MULT.OP/i_non_prim.R_AND_R/LAT_OPT.FULL.R_AND_R/DSP48E1_SGL_EXP_IP.OLD_ADD.ADD/i_no_versal_es1_workaround.DSP output design_1_i/ekf_batch_0/inst/fmul_32ns_32ns_32_3_max_dsp_1_U1486/ekf_batch_fmul_32ns_32ns_32_3_max_dsp_1_ip_u/inst/i_synth/MULT.OP/i_non_prim.R_AND_R/LAT_OPT.FULL.R_AND_R/DSP48E1_SGL_EXP_IP.OLD_ADD.ADD/i_no_versal_es1_workaround.DSP/CARRYOUT[3:0] is not pipelined (PREG=0). Pipelining the DSP48 output will improve performance and often saves power so it is suggested whenever possible to fully pipeline this function.  If this DSP48 function was inferred, it is suggested to describe an additional register stage after this function.  If the DSP48 was instantiated in the design, it is suggested to set the PREG attribute to 1.
Related violations: <none>

DPOP-3#36 Warning
PREG Output pipelining  
DSP design_1_i/ekf_batch_0/inst/fmul_32ns_32ns_32_3_max_dsp_1_U1486/ekf_batch_fmul_32ns_32ns_32_3_max_dsp_1_ip_u/inst/i_synth/MULT.OP/i_non_prim.R_AND_R/LAT_OPT.FULL.R_AND_R/DSP48E1_SGL_EXP_IP.OLD_ADD.ADD/i_no_versal_es1_workaround.DSP output design_1_i/ekf_batch_0/inst/fmul_32ns_32ns_32_3_max_dsp_1_U1486/ekf_batch_fmul_32ns_32ns_32_3_max_dsp_1_ip_u/inst/i_synth/MULT.OP/i_non_prim.R_AND_R/LAT_OPT.FULL.R_AND_R/DSP48E1_SGL_EXP_IP.OLD_ADD.ADD/i_no_versal_es1_workaround.DSP/P[47:0] is not pipelined (PREG=0). Pipelining the DSP48 output will improve performance and often saves power so it is suggested whenever possible to fully pipeline this function.  If this DSP48 function was inferred, it is suggested to describe an additional register stage after this function.  If the DSP48 was instantiated in the design, it is suggested to set the PREG attribute to 1.
Related violations: <none>

DPOP-3#37 Warning
PREG Output pipelining  
DSP design_1_i/ekf_batch_0/inst/fmul_32ns_32ns_32_3_max_dsp_1_U1487/ekf_batch_fmul_32ns_32ns_32_3_max_dsp_1_ip_u/inst/i_synth/MULT.OP/i_non_prim.MULT/DSP48E1_SPD_SGL_VARIANT.FIX_MULT/DSP1/i_no_versal_es1_workaround.DSP output design_1_i/ekf_batch_0/inst/fmul_32ns_32ns_32_3_max_dsp_1_U1487/ekf_batch_fmul_32ns_32ns_32_3_max_dsp_1_ip_u/inst/i_synth/MULT.OP/i_non_prim.MULT/DSP48E1_SPD_SGL_VARIANT.FIX_MULT/DSP1/i_no_versal_es1_workaround.DSP/PATTERNDETECT is not pipelined (PREG=0). Pipelining the DSP48 output will improve performance and often saves power so it is suggested whenever possible to fully pipeline this function.  If this DSP48 function was inferred, it is suggested to describe an additional register stage after this function.  If the DSP48 was instantiated in the design, it is suggested to set the PREG attribute to 1.
Related violations: <none>

DPOP-3#38 Warning
PREG Output pipelining  
DSP design_1_i/ekf_batch_0/inst/fmul_32ns_32ns_32_3_max_dsp_1_U1487/ekf_batch_fmul_32ns_32ns_32_3_max_dsp_1_ip_u/inst/i_synth/MULT.OP/i_non_prim.MULT/DSP48E1_SPD_SGL_VARIANT.FIX_MULT/DSP2/i_no_versal_es1_workaround.DSP output design_1_i/ekf_batch_0/inst/fmul_32ns_32ns_32_3_max_dsp_1_U1487/ekf_batch_fmul_32ns_32ns_32_3_max_dsp_1_ip_u/inst/i_synth/MULT.OP/i_non_prim.MULT/DSP48E1_SPD_SGL_VARIANT.FIX_MULT/DSP2/i_no_versal_es1_workaround.DSP/PATTERNDETECT is not pipelined (PREG=0). Pipelining the DSP48 output will improve performance and often saves power so it is suggested whenever possible to fully pipeline this function.  If this DSP48 function was inferred, it is suggested to describe an additional register stage after this function.  If the DSP48 was instantiated in the design, it is suggested to set the PREG attribute to 1.
Related violations: <none>

DPOP-3#39 Warning
PREG Output pipelining  
DSP design_1_i/ekf_batch_0/inst/fmul_32ns_32ns_32_3_max_dsp_1_U1487/ekf_batch_fmul_32ns_32ns_32_3_max_dsp_1_ip_u/inst/i_synth/MULT.OP/i_non_prim.MULT/DSP48E1_SPD_SGL_VARIANT.FIX_MULT/DSP2/i_no_versal_es1_workaround.DSP output design_1_i/ekf_batch_0/inst/fmul_32ns_32ns_32_3_max_dsp_1_U1487/ekf_batch_fmul_32ns_32ns_32_3_max_dsp_1_ip_u/inst/i_synth/MULT.OP/i_non_prim.MULT/DSP48E1_SPD_SGL_VARIANT.FIX_MULT/DSP2/i_no_versal_es1_workaround.DSP/P[47:0] is not pipelined (PREG=0). Pipelining the DSP48 output will improve performance and often saves power so it is suggested whenever possible to fully pipeline this function.  If this DSP48 function was inferred, it is suggested to describe an additional register stage after this function.  If the DSP48 was instantiated in the design, it is suggested to set the PREG attribute to 1.
Related violations: <none>

DPOP-3#40 Warning
PREG Output pipelining  
DSP design_1_i/ekf_batch_0/inst/fmul_32ns_32ns_32_3_max_dsp_1_U1487/ekf_batch_fmul_32ns_32ns_32_3_max_dsp_1_ip_u/inst/i_synth/MULT.OP/i_non_prim.R_AND_R/LAT_OPT.FULL.R_AND_R/DSP48E1_SGL_EXP_IP.OLD_ADD.ADD/i_no_versal_es1_workaround.DSP output design_1_i/ekf_batch_0/inst/fmul_32ns_32ns_32_3_max_dsp_1_U1487/ekf_batch_fmul_32ns_32ns_32_3_max_dsp_1_ip_u/inst/i_synth/MULT.OP/i_non_prim.R_AND_R/LAT_OPT.FULL.R_AND_R/DSP48E1_SGL_EXP_IP.OLD_ADD.ADD/i_no_versal_es1_workaround.DSP/CARRYOUT[3:0] is not pipelined (PREG=0). Pipelining the DSP48 output will improve performance and often saves power so it is suggested whenever possible to fully pipeline this function.  If this DSP48 function was inferred, it is suggested to describe an additional register stage after this function.  If the DSP48 was instantiated in the design, it is suggested to set the PREG attribute to 1.
Related violations: <none>

DPOP-3#41 Warning
PREG Output pipelining  
DSP design_1_i/ekf_batch_0/inst/fmul_32ns_32ns_32_3_max_dsp_1_U1487/ekf_batch_fmul_32ns_32ns_32_3_max_dsp_1_ip_u/inst/i_synth/MULT.OP/i_non_prim.R_AND_R/LAT_OPT.FULL.R_AND_R/DSP48E1_SGL_EXP_IP.OLD_ADD.ADD/i_no_versal_es1_workaround.DSP output design_1_i/ekf_batch_0/inst/fmul_32ns_32ns_32_3_max_dsp_1_U1487/ekf_batch_fmul_32ns_32ns_32_3_max_dsp_1_ip_u/inst/i_synth/MULT.OP/i_non_prim.R_AND_R/LAT_OPT.FULL.R_AND_R/DSP48E1_SGL_EXP_IP.OLD_ADD.ADD/i_no_versal_es1_workaround.DSP/P[47:0] is not pipelined (PREG=0). Pipelining the DSP48 output will improve performance and often saves power so it is suggested whenever possible to fully pipeline this function.  If this DSP48 function was inferred, it is suggested to describe an additional register stage after this function.  If the DSP48 was instantiated in the design, it is suggested to set the PREG attribute to 1.
Related violations: <none>

DPOP-3#42 Warning
PREG Output pipelining  
DSP design_1_i/ekf_batch_0/inst/fmul_32ns_32ns_32_3_max_dsp_1_U1488/ekf_batch_fmul_32ns_32ns_32_3_max_dsp_1_ip_u/inst/i_synth/MULT.OP/i_non_prim.MULT/DSP48E1_SPD_SGL_VARIANT.FIX_MULT/DSP1/i_no_versal_es1_workaround.DSP output design_1_i/ekf_batch_0/inst/fmul_32ns_32ns_32_3_max_dsp_1_U1488/ekf_batch_fmul_32ns_32ns_32_3_max_dsp_1_ip_u/inst/i_synth/MULT.OP/i_non_prim.MULT/DSP48E1_SPD_SGL_VARIANT.FIX_MULT/DSP1/i_no_versal_es1_workaround.DSP/PATTERNDETECT is not pipelined (PREG=0). Pipelining the DSP48 output will improve performance and often saves power so it is suggested whenever possible to fully pipeline this function.  If this DSP48 function was inferred, it is suggested to describe an additional register stage after this function.  If the DSP48 was instantiated in the design, it is suggested to set the PREG attribute to 1.
Related violations: <none>

DPOP-3#43 Warning
PREG Output pipelining  
DSP design_1_i/ekf_batch_0/inst/fmul_32ns_32ns_32_3_max_dsp_1_U1488/ekf_batch_fmul_32ns_32ns_32_3_max_dsp_1_ip_u/inst/i_synth/MULT.OP/i_non_prim.MULT/DSP48E1_SPD_SGL_VARIANT.FIX_MULT/DSP2/i_no_versal_es1_workaround.DSP output design_1_i/ekf_batch_0/inst/fmul_32ns_32ns_32_3_max_dsp_1_U1488/ekf_batch_fmul_32ns_32ns_32_3_max_dsp_1_ip_u/inst/i_synth/MULT.OP/i_non_prim.MULT/DSP48E1_SPD_SGL_VARIANT.FIX_MULT/DSP2/i_no_versal_es1_workaround.DSP/PATTERNDETECT is not pipelined (PREG=0). Pipelining the DSP48 output will improve performance and often saves power so it is suggested whenever possible to fully pipeline this function.  If this DSP48 function was inferred, it is suggested to describe an additional register stage after this function.  If the DSP48 was instantiated in the design, it is suggested to set the PREG attribute to 1.
Related violations: <none>

DPOP-3#44 Warning
PREG Output pipelining  
DSP design_1_i/ekf_batch_0/inst/fmul_32ns_32ns_32_3_max_dsp_1_U1488/ekf_batch_fmul_32ns_32ns_32_3_max_dsp_1_ip_u/inst/i_synth/MULT.OP/i_non_prim.MULT/DSP48E1_SPD_SGL_VARIANT.FIX_MULT/DSP2/i_no_versal_es1_workaround.DSP output design_1_i/ekf_batch_0/inst/fmul_32ns_32ns_32_3_max_dsp_1_U1488/ekf_batch_fmul_32ns_32ns_32_3_max_dsp_1_ip_u/inst/i_synth/MULT.OP/i_non_prim.MULT/DSP48E1_SPD_SGL_VARIANT.FIX_MULT/DSP2/i_no_versal_es1_workaround.DSP/P[47:0] is not pipelined (PREG=0). Pipelining the DSP48 output will improve performance and often saves power so it is suggested whenever possible to fully pipeline this function.  If this DSP48 function was inferred, it is suggested to describe an additional register stage after this function.  If the DSP48 was instantiated in the design, it is suggested to set the PREG attribute to 1.
Related violations: <none>

DPOP-3#45 Warning
PREG Output pipelining  
DSP design_1_i/ekf_batch_0/inst/fmul_32ns_32ns_32_3_max_dsp_1_U1488/ekf_batch_fmul_32ns_32ns_32_3_max_dsp_1_ip_u/inst/i_synth/MULT.OP/i_non_prim.R_AND_R/LAT_OPT.FULL.R_AND_R/DSP48E1_SGL_EXP_IP.OLD_ADD.ADD/i_no_versal_es1_workaround.DSP output design_1_i/ekf_batch_0/inst/fmul_32ns_32ns_32_3_max_dsp_1_U1488/ekf_batch_fmul_32ns_32ns_32_3_max_dsp_1_ip_u/inst/i_synth/MULT.OP/i_non_prim.R_AND_R/LAT_OPT.FULL.R_AND_R/DSP48E1_SGL_EXP_IP.OLD_ADD.ADD/i_no_versal_es1_workaround.DSP/CARRYOUT[3:0] is not pipelined (PREG=0). Pipelining the DSP48 output will improve performance and often saves power so it is suggested whenever possible to fully pipeline this function.  If this DSP48 function was inferred, it is suggested to describe an additional register stage after this function.  If the DSP48 was instantiated in the design, it is suggested to set the PREG attribute to 1.
Related violations: <none>

DPOP-3#46 Warning
PREG Output pipelining  
DSP design_1_i/ekf_batch_0/inst/fmul_32ns_32ns_32_3_max_dsp_1_U1488/ekf_batch_fmul_32ns_32ns_32_3_max_dsp_1_ip_u/inst/i_synth/MULT.OP/i_non_prim.R_AND_R/LAT_OPT.FULL.R_AND_R/DSP48E1_SGL_EXP_IP.OLD_ADD.ADD/i_no_versal_es1_workaround.DSP output design_1_i/ekf_batch_0/inst/fmul_32ns_32ns_32_3_max_dsp_1_U1488/ekf_batch_fmul_32ns_32ns_32_3_max_dsp_1_ip_u/inst/i_synth/MULT.OP/i_non_prim.R_AND_R/LAT_OPT.FULL.R_AND_R/DSP48E1_SGL_EXP_IP.OLD_ADD.ADD/i_no_versal_es1_workaround.DSP/P[47:0] is not pipelined (PREG=0). Pipelining the DSP48 output will improve performance and often saves power so it is suggested whenever possible to fully pipeline this function.  If this DSP48 function was inferred, it is suggested to describe an additional register stage after this function.  If the DSP48 was instantiated in the design, it is suggested to set the PREG attribute to 1.
Related violations: <none>

DPOP-3#47 Warning
PREG Output pipelining  
DSP design_1_i/ekf_batch_0/inst/fmul_32ns_32ns_32_3_max_dsp_1_U1489/ekf_batch_fmul_32ns_32ns_32_3_max_dsp_1_ip_u/inst/i_synth/MULT.OP/i_non_prim.MULT/DSP48E1_SPD_SGL_VARIANT.FIX_MULT/DSP1/i_no_versal_es1_workaround.DSP output design_1_i/ekf_batch_0/inst/fmul_32ns_32ns_32_3_max_dsp_1_U1489/ekf_batch_fmul_32ns_32ns_32_3_max_dsp_1_ip_u/inst/i_synth/MULT.OP/i_non_prim.MULT/DSP48E1_SPD_SGL_VARIANT.FIX_MULT/DSP1/i_no_versal_es1_workaround.DSP/PATTERNDETECT is not pipelined (PREG=0). Pipelining the DSP48 output will improve performance and often saves power so it is suggested whenever possible to fully pipeline this function.  If this DSP48 function was inferred, it is suggested to describe an additional register stage after this function.  If the DSP48 was instantiated in the design, it is suggested to set the PREG attribute to 1.
Related violations: <none>

DPOP-3#48 Warning
PREG Output pipelining  
DSP design_1_i/ekf_batch_0/inst/fmul_32ns_32ns_32_3_max_dsp_1_U1489/ekf_batch_fmul_32ns_32ns_32_3_max_dsp_1_ip_u/inst/i_synth/MULT.OP/i_non_prim.MULT/DSP48E1_SPD_SGL_VARIANT.FIX_MULT/DSP2/i_no_versal_es1_workaround.DSP output design_1_i/ekf_batch_0/inst/fmul_32ns_32ns_32_3_max_dsp_1_U1489/ekf_batch_fmul_32ns_32ns_32_3_max_dsp_1_ip_u/inst/i_synth/MULT.OP/i_non_prim.MULT/DSP48E1_SPD_SGL_VARIANT.FIX_MULT/DSP2/i_no_versal_es1_workaround.DSP/PATTERNDETECT is not pipelined (PREG=0). Pipelining the DSP48 output will improve performance and often saves power so it is suggested whenever possible to fully pipeline this function.  If this DSP48 function was inferred, it is suggested to describe an additional register stage after this function.  If the DSP48 was instantiated in the design, it is suggested to set the PREG attribute to 1.
Related violations: <none>

DPOP-3#49 Warning
PREG Output pipelining  
DSP design_1_i/ekf_batch_0/inst/fmul_32ns_32ns_32_3_max_dsp_1_U1489/ekf_batch_fmul_32ns_32ns_32_3_max_dsp_1_ip_u/inst/i_synth/MULT.OP/i_non_prim.MULT/DSP48E1_SPD_SGL_VARIANT.FIX_MULT/DSP2/i_no_versal_es1_workaround.DSP output design_1_i/ekf_batch_0/inst/fmul_32ns_32ns_32_3_max_dsp_1_U1489/ekf_batch_fmul_32ns_32ns_32_3_max_dsp_1_ip_u/inst/i_synth/MULT.OP/i_non_prim.MULT/DSP48E1_SPD_SGL_VARIANT.FIX_MULT/DSP2/i_no_versal_es1_workaround.DSP/P[47:0] is not pipelined (PREG=0). Pipelining the DSP48 output will improve performance and often saves power so it is suggested whenever possible to fully pipeline this function.  If this DSP48 function was inferred, it is suggested to describe an additional register stage after this function.  If the DSP48 was instantiated in the design, it is suggested to set the PREG attribute to 1.
Related violations: <none>

DPOP-3#50 Warning
PREG Output pipelining  
DSP design_1_i/ekf_batch_0/inst/fmul_32ns_32ns_32_3_max_dsp_1_U1489/ekf_batch_fmul_32ns_32ns_32_3_max_dsp_1_ip_u/inst/i_synth/MULT.OP/i_non_prim.R_AND_R/LAT_OPT.FULL.R_AND_R/DSP48E1_SGL_EXP_IP.OLD_ADD.ADD/i_no_versal_es1_workaround.DSP output design_1_i/ekf_batch_0/inst/fmul_32ns_32ns_32_3_max_dsp_1_U1489/ekf_batch_fmul_32ns_32ns_32_3_max_dsp_1_ip_u/inst/i_synth/MULT.OP/i_non_prim.R_AND_R/LAT_OPT.FULL.R_AND_R/DSP48E1_SGL_EXP_IP.OLD_ADD.ADD/i_no_versal_es1_workaround.DSP/CARRYOUT[3:0] is not pipelined (PREG=0). Pipelining the DSP48 output will improve performance and often saves power so it is suggested whenever possible to fully pipeline this function.  If this DSP48 function was inferred, it is suggested to describe an additional register stage after this function.  If the DSP48 was instantiated in the design, it is suggested to set the PREG attribute to 1.
Related violations: <none>

DPOP-3#51 Warning
PREG Output pipelining  
DSP design_1_i/ekf_batch_0/inst/fmul_32ns_32ns_32_3_max_dsp_1_U1489/ekf_batch_fmul_32ns_32ns_32_3_max_dsp_1_ip_u/inst/i_synth/MULT.OP/i_non_prim.R_AND_R/LAT_OPT.FULL.R_AND_R/DSP48E1_SGL_EXP_IP.OLD_ADD.ADD/i_no_versal_es1_workaround.DSP output design_1_i/ekf_batch_0/inst/fmul_32ns_32ns_32_3_max_dsp_1_U1489/ekf_batch_fmul_32ns_32ns_32_3_max_dsp_1_ip_u/inst/i_synth/MULT.OP/i_non_prim.R_AND_R/LAT_OPT.FULL.R_AND_R/DSP48E1_SGL_EXP_IP.OLD_ADD.ADD/i_no_versal_es1_workaround.DSP/P[47:0] is not pipelined (PREG=0). Pipelining the DSP48 output will improve performance and often saves power so it is suggested whenever possible to fully pipeline this function.  If this DSP48 function was inferred, it is suggested to describe an additional register stage after this function.  If the DSP48 was instantiated in the design, it is suggested to set the PREG attribute to 1.
Related violations: <none>

DPOP-3#52 Warning
PREG Output pipelining  
DSP design_1_i/ekf_batch_0/inst/fmul_32ns_32ns_32_3_max_dsp_1_U1490/ekf_batch_fmul_32ns_32ns_32_3_max_dsp_1_ip_u/inst/i_synth/MULT.OP/i_non_prim.MULT/DSP48E1_SPD_SGL_VARIANT.FIX_MULT/DSP1/i_no_versal_es1_workaround.DSP output design_1_i/ekf_batch_0/inst/fmul_32ns_32ns_32_3_max_dsp_1_U1490/ekf_batch_fmul_32ns_32ns_32_3_max_dsp_1_ip_u/inst/i_synth/MULT.OP/i_non_prim.MULT/DSP48E1_SPD_SGL_VARIANT.FIX_MULT/DSP1/i_no_versal_es1_workaround.DSP/PATTERNDETECT is not pipelined (PREG=0). Pipelining the DSP48 output will improve performance and often saves power so it is suggested whenever possible to fully pipeline this function.  If this DSP48 function was inferred, it is suggested to describe an additional register stage after this function.  If the DSP48 was instantiated in the design, it is suggested to set the PREG attribute to 1.
Related violations: <none>

DPOP-3#53 Warning
PREG Output pipelining  
DSP design_1_i/ekf_batch_0/inst/fmul_32ns_32ns_32_3_max_dsp_1_U1490/ekf_batch_fmul_32ns_32ns_32_3_max_dsp_1_ip_u/inst/i_synth/MULT.OP/i_non_prim.MULT/DSP48E1_SPD_SGL_VARIANT.FIX_MULT/DSP2/i_no_versal_es1_workaround.DSP output design_1_i/ekf_batch_0/inst/fmul_32ns_32ns_32_3_max_dsp_1_U1490/ekf_batch_fmul_32ns_32ns_32_3_max_dsp_1_ip_u/inst/i_synth/MULT.OP/i_non_prim.MULT/DSP48E1_SPD_SGL_VARIANT.FIX_MULT/DSP2/i_no_versal_es1_workaround.DSP/PATTERNDETECT is not pipelined (PREG=0). Pipelining the DSP48 output will improve performance and often saves power so it is suggested whenever possible to fully pipeline this function.  If this DSP48 function was inferred, it is suggested to describe an additional register stage after this function.  If the DSP48 was instantiated in the design, it is suggested to set the PREG attribute to 1.
Related violations: <none>

DPOP-3#54 Warning
PREG Output pipelining  
DSP design_1_i/ekf_batch_0/inst/fmul_32ns_32ns_32_3_max_dsp_1_U1490/ekf_batch_fmul_32ns_32ns_32_3_max_dsp_1_ip_u/inst/i_synth/MULT.OP/i_non_prim.MULT/DSP48E1_SPD_SGL_VARIANT.FIX_MULT/DSP2/i_no_versal_es1_workaround.DSP output design_1_i/ekf_batch_0/inst/fmul_32ns_32ns_32_3_max_dsp_1_U1490/ekf_batch_fmul_32ns_32ns_32_3_max_dsp_1_ip_u/inst/i_synth/MULT.OP/i_non_prim.MULT/DSP48E1_SPD_SGL_VARIANT.FIX_MULT/DSP2/i_no_versal_es1_workaround.DSP/P[47:0] is not pipelined (PREG=0). Pipelining the DSP48 output will improve performance and often saves power so it is suggested whenever possible to fully pipeline this function.  If this DSP48 function was inferred, it is suggested to describe an additional register stage after this function.  If the DSP48 was instantiated in the design, it is suggested to set the PREG attribute to 1.
Related violations: <none>

DPOP-3#55 Warning
PREG Output pipelining  
DSP design_1_i/ekf_batch_0/inst/fmul_32ns_32ns_32_3_max_dsp_1_U1490/ekf_batch_fmul_32ns_32ns_32_3_max_dsp_1_ip_u/inst/i_synth/MULT.OP/i_non_prim.R_AND_R/LAT_OPT.FULL.R_AND_R/DSP48E1_SGL_EXP_IP.OLD_ADD.ADD/i_no_versal_es1_workaround.DSP output design_1_i/ekf_batch_0/inst/fmul_32ns_32ns_32_3_max_dsp_1_U1490/ekf_batch_fmul_32ns_32ns_32_3_max_dsp_1_ip_u/inst/i_synth/MULT.OP/i_non_prim.R_AND_R/LAT_OPT.FULL.R_AND_R/DSP48E1_SGL_EXP_IP.OLD_ADD.ADD/i_no_versal_es1_workaround.DSP/CARRYOUT[3:0] is not pipelined (PREG=0). Pipelining the DSP48 output will improve performance and often saves power so it is suggested whenever possible to fully pipeline this function.  If this DSP48 function was inferred, it is suggested to describe an additional register stage after this function.  If the DSP48 was instantiated in the design, it is suggested to set the PREG attribute to 1.
Related violations: <none>

DPOP-3#56 Warning
PREG Output pipelining  
DSP design_1_i/ekf_batch_0/inst/fmul_32ns_32ns_32_3_max_dsp_1_U1490/ekf_batch_fmul_32ns_32ns_32_3_max_dsp_1_ip_u/inst/i_synth/MULT.OP/i_non_prim.R_AND_R/LAT_OPT.FULL.R_AND_R/DSP48E1_SGL_EXP_IP.OLD_ADD.ADD/i_no_versal_es1_workaround.DSP output design_1_i/ekf_batch_0/inst/fmul_32ns_32ns_32_3_max_dsp_1_U1490/ekf_batch_fmul_32ns_32ns_32_3_max_dsp_1_ip_u/inst/i_synth/MULT.OP/i_non_prim.R_AND_R/LAT_OPT.FULL.R_AND_R/DSP48E1_SGL_EXP_IP.OLD_ADD.ADD/i_no_versal_es1_workaround.DSP/P[47:0] is not pipelined (PREG=0). Pipelining the DSP48 output will improve performance and often saves power so it is suggested whenever possible to fully pipeline this function.  If this DSP48 function was inferred, it is suggested to describe an additional register stage after this function.  If the DSP48 was instantiated in the design, it is suggested to set the PREG attribute to 1.
Related violations: <none>

DPOP-3#57 Warning
PREG Output pipelining  
DSP design_1_i/ekf_batch_0/inst/grp_ekf_batch_Pipeline_VITIS_LOOP_58_1_fu_11175/fadd_32ns_32ns_32_4_full_dsp_1_U117/ekf_batch_fadd_32ns_32ns_32_4_full_dsp_1_ip_u/inst/i_synth/ADDSUB_OP.ADDSUB/DSP.OP/DSP48E1_BODY.ALIGN_ADD/DSP2/i_no_versal_es1_workaround.DSP output design_1_i/ekf_batch_0/inst/grp_ekf_batch_Pipeline_VITIS_LOOP_58_1_fu_11175/fadd_32ns_32ns_32_4_full_dsp_1_U117/ekf_batch_fadd_32ns_32ns_32_4_full_dsp_1_ip_u/inst/i_synth/ADDSUB_OP.ADDSUB/DSP.OP/DSP48E1_BODY.ALIGN_ADD/DSP2/i_no_versal_es1_workaround.DSP/PATTERNDETECT is not pipelined (PREG=0). Pipelining the DSP48 output will improve performance and often saves power so it is suggested whenever possible to fully pipeline this function.  If this DSP48 function was inferred, it is suggested to describe an additional register stage after this function.  If the DSP48 was instantiated in the design, it is suggested to set the PREG attribute to 1.
Related violations: <none>

DPOP-3#58 Warning
PREG Output pipelining  
DSP design_1_i/ekf_batch_0/inst/grp_ekf_batch_Pipeline_VITIS_LOOP_58_1_fu_11175/fadd_32ns_32ns_32_4_full_dsp_1_U117/ekf_batch_fadd_32ns_32ns_32_4_full_dsp_1_ip_u/inst/i_synth/ADDSUB_OP.ADDSUB/DSP.OP/DSP48E1_BODY.ALIGN_ADD/DSP2/i_no_versal_es1_workaround.DSP output design_1_i/ekf_batch_0/inst/grp_ekf_batch_Pipeline_VITIS_LOOP_58_1_fu_11175/fadd_32ns_32ns_32_4_full_dsp_1_U117/ekf_batch_fadd_32ns_32ns_32_4_full_dsp_1_ip_u/inst/i_synth/ADDSUB_OP.ADDSUB/DSP.OP/DSP48E1_BODY.ALIGN_ADD/DSP2/i_no_versal_es1_workaround.DSP/P[47:0] is not pipelined (PREG=0). Pipelining the DSP48 output will improve performance and often saves power so it is suggested whenever possible to fully pipeline this function.  If this DSP48 function was inferred, it is suggested to describe an additional register stage after this function.  If the DSP48 was instantiated in the design, it is suggested to set the PREG attribute to 1.
Related violations: <none>

DPOP-3#59 Warning
PREG Output pipelining  
DSP design_1_i/ekf_batch_0/inst/grp_ekf_batch_Pipeline_VITIS_LOOP_58_1_fu_11175/fadd_32ns_32ns_32_4_full_dsp_1_U117/ekf_batch_fadd_32ns_32ns_32_4_full_dsp_1_ip_u/inst/i_synth/ADDSUB_OP.ADDSUB/DSP.OP/DSP48E1_BODY.NORM_RND/FULL_USAGE_DSP.SHIFT_RND/i_no_versal_es1_workaround.DSP output design_1_i/ekf_batch_0/inst/grp_ekf_batch_Pipeline_VITIS_LOOP_58_1_fu_11175/fadd_32ns_32ns_32_4_full_dsp_1_U117/ekf_batch_fadd_32ns_32ns_32_4_full_dsp_1_ip_u/inst/i_synth/ADDSUB_OP.ADDSUB/DSP.OP/DSP48E1_BODY.NORM_RND/FULL_USAGE_DSP.SHIFT_RND/i_no_versal_es1_workaround.DSP/P[47:0] is not pipelined (PREG=0). Pipelining the DSP48 output will improve performance and often saves power so it is suggested whenever possible to fully pipeline this function.  If this DSP48 function was inferred, it is suggested to describe an additional register stage after this function.  If the DSP48 was instantiated in the design, it is suggested to set the PREG attribute to 1.
Related violations: <none>

DPOP-3#60 Warning
PREG Output pipelining  
DSP design_1_i/ekf_batch_0/inst/grp_ekf_batch_Pipeline_VITIS_LOOP_58_1_fu_11175/fadd_32ns_32ns_32_4_full_dsp_1_U118/ekf_batch_fadd_32ns_32ns_32_4_full_dsp_1_ip_u/inst/i_synth/ADDSUB_OP.ADDSUB/DSP.OP/DSP48E1_BODY.ALIGN_ADD/DSP2/i_no_versal_es1_workaround.DSP output design_1_i/ekf_batch_0/inst/grp_ekf_batch_Pipeline_VITIS_LOOP_58_1_fu_11175/fadd_32ns_32ns_32_4_full_dsp_1_U118/ekf_batch_fadd_32ns_32ns_32_4_full_dsp_1_ip_u/inst/i_synth/ADDSUB_OP.ADDSUB/DSP.OP/DSP48E1_BODY.ALIGN_ADD/DSP2/i_no_versal_es1_workaround.DSP/PATTERNDETECT is not pipelined (PREG=0). Pipelining the DSP48 output will improve performance and often saves power so it is suggested whenever possible to fully pipeline this function.  If this DSP48 function was inferred, it is suggested to describe an additional register stage after this function.  If the DSP48 was instantiated in the design, it is suggested to set the PREG attribute to 1.
Related violations: <none>

DPOP-3#61 Warning
PREG Output pipelining  
DSP design_1_i/ekf_batch_0/inst/grp_ekf_batch_Pipeline_VITIS_LOOP_58_1_fu_11175/fadd_32ns_32ns_32_4_full_dsp_1_U118/ekf_batch_fadd_32ns_32ns_32_4_full_dsp_1_ip_u/inst/i_synth/ADDSUB_OP.ADDSUB/DSP.OP/DSP48E1_BODY.ALIGN_ADD/DSP2/i_no_versal_es1_workaround.DSP output design_1_i/ekf_batch_0/inst/grp_ekf_batch_Pipeline_VITIS_LOOP_58_1_fu_11175/fadd_32ns_32ns_32_4_full_dsp_1_U118/ekf_batch_fadd_32ns_32ns_32_4_full_dsp_1_ip_u/inst/i_synth/ADDSUB_OP.ADDSUB/DSP.OP/DSP48E1_BODY.ALIGN_ADD/DSP2/i_no_versal_es1_workaround.DSP/P[47:0] is not pipelined (PREG=0). Pipelining the DSP48 output will improve performance and often saves power so it is suggested whenever possible to fully pipeline this function.  If this DSP48 function was inferred, it is suggested to describe an additional register stage after this function.  If the DSP48 was instantiated in the design, it is suggested to set the PREG attribute to 1.
Related violations: <none>

DPOP-3#62 Warning
PREG Output pipelining  
DSP design_1_i/ekf_batch_0/inst/grp_ekf_batch_Pipeline_VITIS_LOOP_58_1_fu_11175/fadd_32ns_32ns_32_4_full_dsp_1_U118/ekf_batch_fadd_32ns_32ns_32_4_full_dsp_1_ip_u/inst/i_synth/ADDSUB_OP.ADDSUB/DSP.OP/DSP48E1_BODY.NORM_RND/FULL_USAGE_DSP.SHIFT_RND/i_no_versal_es1_workaround.DSP output design_1_i/ekf_batch_0/inst/grp_ekf_batch_Pipeline_VITIS_LOOP_58_1_fu_11175/fadd_32ns_32ns_32_4_full_dsp_1_U118/ekf_batch_fadd_32ns_32ns_32_4_full_dsp_1_ip_u/inst/i_synth/ADDSUB_OP.ADDSUB/DSP.OP/DSP48E1_BODY.NORM_RND/FULL_USAGE_DSP.SHIFT_RND/i_no_versal_es1_workaround.DSP/P[47:0] is not pipelined (PREG=0). Pipelining the DSP48 output will improve performance and often saves power so it is suggested whenever possible to fully pipeline this function.  If this DSP48 function was inferred, it is suggested to describe an additional register stage after this function.  If the DSP48 was instantiated in the design, it is suggested to set the PREG attribute to 1.
Related violations: <none>

DPOP-3#63 Warning
PREG Output pipelining  
DSP design_1_i/ekf_batch_0/inst/grp_ekf_batch_Pipeline_VITIS_LOOP_58_1_fu_11175/fadd_32ns_32ns_32_4_full_dsp_1_U119/ekf_batch_fadd_32ns_32ns_32_4_full_dsp_1_ip_u/inst/i_synth/ADDSUB_OP.ADDSUB/DSP.OP/DSP48E1_BODY.ALIGN_ADD/DSP2/i_no_versal_es1_workaround.DSP output design_1_i/ekf_batch_0/inst/grp_ekf_batch_Pipeline_VITIS_LOOP_58_1_fu_11175/fadd_32ns_32ns_32_4_full_dsp_1_U119/ekf_batch_fadd_32ns_32ns_32_4_full_dsp_1_ip_u/inst/i_synth/ADDSUB_OP.ADDSUB/DSP.OP/DSP48E1_BODY.ALIGN_ADD/DSP2/i_no_versal_es1_workaround.DSP/PATTERNDETECT is not pipelined (PREG=0). Pipelining the DSP48 output will improve performance and often saves power so it is suggested whenever possible to fully pipeline this function.  If this DSP48 function was inferred, it is suggested to describe an additional register stage after this function.  If the DSP48 was instantiated in the design, it is suggested to set the PREG attribute to 1.
Related violations: <none>

DPOP-3#64 Warning
PREG Output pipelining  
DSP design_1_i/ekf_batch_0/inst/grp_ekf_batch_Pipeline_VITIS_LOOP_58_1_fu_11175/fadd_32ns_32ns_32_4_full_dsp_1_U119/ekf_batch_fadd_32ns_32ns_32_4_full_dsp_1_ip_u/inst/i_synth/ADDSUB_OP.ADDSUB/DSP.OP/DSP48E1_BODY.ALIGN_ADD/DSP2/i_no_versal_es1_workaround.DSP output design_1_i/ekf_batch_0/inst/grp_ekf_batch_Pipeline_VITIS_LOOP_58_1_fu_11175/fadd_32ns_32ns_32_4_full_dsp_1_U119/ekf_batch_fadd_32ns_32ns_32_4_full_dsp_1_ip_u/inst/i_synth/ADDSUB_OP.ADDSUB/DSP.OP/DSP48E1_BODY.ALIGN_ADD/DSP2/i_no_versal_es1_workaround.DSP/P[47:0] is not pipelined (PREG=0). Pipelining the DSP48 output will improve performance and often saves power so it is suggested whenever possible to fully pipeline this function.  If this DSP48 function was inferred, it is suggested to describe an additional register stage after this function.  If the DSP48 was instantiated in the design, it is suggested to set the PREG attribute to 1.
Related violations: <none>

DPOP-3#65 Warning
PREG Output pipelining  
DSP design_1_i/ekf_batch_0/inst/grp_ekf_batch_Pipeline_VITIS_LOOP_58_1_fu_11175/fadd_32ns_32ns_32_4_full_dsp_1_U119/ekf_batch_fadd_32ns_32ns_32_4_full_dsp_1_ip_u/inst/i_synth/ADDSUB_OP.ADDSUB/DSP.OP/DSP48E1_BODY.NORM_RND/FULL_USAGE_DSP.SHIFT_RND/i_no_versal_es1_workaround.DSP output design_1_i/ekf_batch_0/inst/grp_ekf_batch_Pipeline_VITIS_LOOP_58_1_fu_11175/fadd_32ns_32ns_32_4_full_dsp_1_U119/ekf_batch_fadd_32ns_32ns_32_4_full_dsp_1_ip_u/inst/i_synth/ADDSUB_OP.ADDSUB/DSP.OP/DSP48E1_BODY.NORM_RND/FULL_USAGE_DSP.SHIFT_RND/i_no_versal_es1_workaround.DSP/P[47:0] is not pipelined (PREG=0). Pipelining the DSP48 output will improve performance and often saves power so it is suggested whenever possible to fully pipeline this function.  If this DSP48 function was inferred, it is suggested to describe an additional register stage after this function.  If the DSP48 was instantiated in the design, it is suggested to set the PREG attribute to 1.
Related violations: <none>

DPOP-3#66 Warning
PREG Output pipelining  
DSP design_1_i/ekf_batch_0/inst/grp_ekf_batch_Pipeline_VITIS_LOOP_58_1_fu_11175/fadd_32ns_32ns_32_4_full_dsp_1_U120/ekf_batch_fadd_32ns_32ns_32_4_full_dsp_1_ip_u/inst/i_synth/ADDSUB_OP.ADDSUB/DSP.OP/DSP48E1_BODY.ALIGN_ADD/DSP2/i_no_versal_es1_workaround.DSP output design_1_i/ekf_batch_0/inst/grp_ekf_batch_Pipeline_VITIS_LOOP_58_1_fu_11175/fadd_32ns_32ns_32_4_full_dsp_1_U120/ekf_batch_fadd_32ns_32ns_32_4_full_dsp_1_ip_u/inst/i_synth/ADDSUB_OP.ADDSUB/DSP.OP/DSP48E1_BODY.ALIGN_ADD/DSP2/i_no_versal_es1_workaround.DSP/PATTERNDETECT is not pipelined (PREG=0). Pipelining the DSP48 output will improve performance and often saves power so it is suggested whenever possible to fully pipeline this function.  If this DSP48 function was inferred, it is suggested to describe an additional register stage after this function.  If the DSP48 was instantiated in the design, it is suggested to set the PREG attribute to 1.
Related violations: <none>

DPOP-3#67 Warning
PREG Output pipelining  
DSP design_1_i/ekf_batch_0/inst/grp_ekf_batch_Pipeline_VITIS_LOOP_58_1_fu_11175/fadd_32ns_32ns_32_4_full_dsp_1_U120/ekf_batch_fadd_32ns_32ns_32_4_full_dsp_1_ip_u/inst/i_synth/ADDSUB_OP.ADDSUB/DSP.OP/DSP48E1_BODY.ALIGN_ADD/DSP2/i_no_versal_es1_workaround.DSP output design_1_i/ekf_batch_0/inst/grp_ekf_batch_Pipeline_VITIS_LOOP_58_1_fu_11175/fadd_32ns_32ns_32_4_full_dsp_1_U120/ekf_batch_fadd_32ns_32ns_32_4_full_dsp_1_ip_u/inst/i_synth/ADDSUB_OP.ADDSUB/DSP.OP/DSP48E1_BODY.ALIGN_ADD/DSP2/i_no_versal_es1_workaround.DSP/P[47:0] is not pipelined (PREG=0). Pipelining the DSP48 output will improve performance and often saves power so it is suggested whenever possible to fully pipeline this function.  If this DSP48 function was inferred, it is suggested to describe an additional register stage after this function.  If the DSP48 was instantiated in the design, it is suggested to set the PREG attribute to 1.
Related violations: <none>

DPOP-3#68 Warning
PREG Output pipelining  
DSP design_1_i/ekf_batch_0/inst/grp_ekf_batch_Pipeline_VITIS_LOOP_58_1_fu_11175/fadd_32ns_32ns_32_4_full_dsp_1_U120/ekf_batch_fadd_32ns_32ns_32_4_full_dsp_1_ip_u/inst/i_synth/ADDSUB_OP.ADDSUB/DSP.OP/DSP48E1_BODY.NORM_RND/FULL_USAGE_DSP.SHIFT_RND/i_no_versal_es1_workaround.DSP output design_1_i/ekf_batch_0/inst/grp_ekf_batch_Pipeline_VITIS_LOOP_58_1_fu_11175/fadd_32ns_32ns_32_4_full_dsp_1_U120/ekf_batch_fadd_32ns_32ns_32_4_full_dsp_1_ip_u/inst/i_synth/ADDSUB_OP.ADDSUB/DSP.OP/DSP48E1_BODY.NORM_RND/FULL_USAGE_DSP.SHIFT_RND/i_no_versal_es1_workaround.DSP/P[47:0] is not pipelined (PREG=0). Pipelining the DSP48 output will improve performance and often saves power so it is suggested whenever possible to fully pipeline this function.  If this DSP48 function was inferred, it is suggested to describe an additional register stage after this function.  If the DSP48 was instantiated in the design, it is suggested to set the PREG attribute to 1.
Related violations: <none>

DPOP-3#69 Warning
PREG Output pipelining  
DSP design_1_i/ekf_batch_0/inst/grp_ekf_batch_Pipeline_VITIS_LOOP_58_1_fu_11175/fadd_32ns_32ns_32_4_full_dsp_1_U121/ekf_batch_fadd_32ns_32ns_32_4_full_dsp_1_ip_u/inst/i_synth/ADDSUB_OP.ADDSUB/DSP.OP/DSP48E1_BODY.ALIGN_ADD/DSP2/i_no_versal_es1_workaround.DSP output design_1_i/ekf_batch_0/inst/grp_ekf_batch_Pipeline_VITIS_LOOP_58_1_fu_11175/fadd_32ns_32ns_32_4_full_dsp_1_U121/ekf_batch_fadd_32ns_32ns_32_4_full_dsp_1_ip_u/inst/i_synth/ADDSUB_OP.ADDSUB/DSP.OP/DSP48E1_BODY.ALIGN_ADD/DSP2/i_no_versal_es1_workaround.DSP/PATTERNDETECT is not pipelined (PREG=0). Pipelining the DSP48 output will improve performance and often saves power so it is suggested whenever possible to fully pipeline this function.  If this DSP48 function was inferred, it is suggested to describe an additional register stage after this function.  If the DSP48 was instantiated in the design, it is suggested to set the PREG attribute to 1.
Related violations: <none>

DPOP-3#70 Warning
PREG Output pipelining  
DSP design_1_i/ekf_batch_0/inst/grp_ekf_batch_Pipeline_VITIS_LOOP_58_1_fu_11175/fadd_32ns_32ns_32_4_full_dsp_1_U121/ekf_batch_fadd_32ns_32ns_32_4_full_dsp_1_ip_u/inst/i_synth/ADDSUB_OP.ADDSUB/DSP.OP/DSP48E1_BODY.ALIGN_ADD/DSP2/i_no_versal_es1_workaround.DSP output design_1_i/ekf_batch_0/inst/grp_ekf_batch_Pipeline_VITIS_LOOP_58_1_fu_11175/fadd_32ns_32ns_32_4_full_dsp_1_U121/ekf_batch_fadd_32ns_32ns_32_4_full_dsp_1_ip_u/inst/i_synth/ADDSUB_OP.ADDSUB/DSP.OP/DSP48E1_BODY.ALIGN_ADD/DSP2/i_no_versal_es1_workaround.DSP/P[47:0] is not pipelined (PREG=0). Pipelining the DSP48 output will improve performance and often saves power so it is suggested whenever possible to fully pipeline this function.  If this DSP48 function was inferred, it is suggested to describe an additional register stage after this function.  If the DSP48 was instantiated in the design, it is suggested to set the PREG attribute to 1.
Related violations: <none>

DPOP-3#71 Warning
PREG Output pipelining  
DSP design_1_i/ekf_batch_0/inst/grp_ekf_batch_Pipeline_VITIS_LOOP_58_1_fu_11175/fadd_32ns_32ns_32_4_full_dsp_1_U121/ekf_batch_fadd_32ns_32ns_32_4_full_dsp_1_ip_u/inst/i_synth/ADDSUB_OP.ADDSUB/DSP.OP/DSP48E1_BODY.NORM_RND/FULL_USAGE_DSP.SHIFT_RND/i_no_versal_es1_workaround.DSP output design_1_i/ekf_batch_0/inst/grp_ekf_batch_Pipeline_VITIS_LOOP_58_1_fu_11175/fadd_32ns_32ns_32_4_full_dsp_1_U121/ekf_batch_fadd_32ns_32ns_32_4_full_dsp_1_ip_u/inst/i_synth/ADDSUB_OP.ADDSUB/DSP.OP/DSP48E1_BODY.NORM_RND/FULL_USAGE_DSP.SHIFT_RND/i_no_versal_es1_workaround.DSP/P[47:0] is not pipelined (PREG=0). Pipelining the DSP48 output will improve performance and often saves power so it is suggested whenever possible to fully pipeline this function.  If this DSP48 function was inferred, it is suggested to describe an additional register stage after this function.  If the DSP48 was instantiated in the design, it is suggested to set the PREG attribute to 1.
Related violations: <none>

DPOP-3#72 Warning
PREG Output pipelining  
DSP design_1_i/ekf_batch_0/inst/grp_ekf_batch_Pipeline_VITIS_LOOP_58_1_fu_11175/fmul_32ns_32ns_32_3_max_dsp_1_U123/ekf_batch_fmul_32ns_32ns_32_3_max_dsp_1_ip_u/inst/i_synth/MULT.OP/i_non_prim.MULT/DSP48E1_SPD_SGL_VARIANT.FIX_MULT/DSP1/i_no_versal_es1_workaround.DSP output design_1_i/ekf_batch_0/inst/grp_ekf_batch_Pipeline_VITIS_LOOP_58_1_fu_11175/fmul_32ns_32ns_32_3_max_dsp_1_U123/ekf_batch_fmul_32ns_32ns_32_3_max_dsp_1_ip_u/inst/i_synth/MULT.OP/i_non_prim.MULT/DSP48E1_SPD_SGL_VARIANT.FIX_MULT/DSP1/i_no_versal_es1_workaround.DSP/PATTERNDETECT is not pipelined (PREG=0). Pipelining the DSP48 output will improve performance and often saves power so it is suggested whenever possible to fully pipeline this function.  If this DSP48 function was inferred, it is suggested to describe an additional register stage after this function.  If the DSP48 was instantiated in the design, it is suggested to set the PREG attribute to 1.
Related violations: <none>

DPOP-3#73 Warning
PREG Output pipelining  
DSP design_1_i/ekf_batch_0/inst/grp_ekf_batch_Pipeline_VITIS_LOOP_58_1_fu_11175/fmul_32ns_32ns_32_3_max_dsp_1_U123/ekf_batch_fmul_32ns_32ns_32_3_max_dsp_1_ip_u/inst/i_synth/MULT.OP/i_non_prim.MULT/DSP48E1_SPD_SGL_VARIANT.FIX_MULT/DSP2/i_no_versal_es1_workaround.DSP output design_1_i/ekf_batch_0/inst/grp_ekf_batch_Pipeline_VITIS_LOOP_58_1_fu_11175/fmul_32ns_32ns_32_3_max_dsp_1_U123/ekf_batch_fmul_32ns_32ns_32_3_max_dsp_1_ip_u/inst/i_synth/MULT.OP/i_non_prim.MULT/DSP48E1_SPD_SGL_VARIANT.FIX_MULT/DSP2/i_no_versal_es1_workaround.DSP/PATTERNDETECT is not pipelined (PREG=0). Pipelining the DSP48 output will improve performance and often saves power so it is suggested whenever possible to fully pipeline this function.  If this DSP48 function was inferred, it is suggested to describe an additional register stage after this function.  If the DSP48 was instantiated in the design, it is suggested to set the PREG attribute to 1.
Related violations: <none>

DPOP-3#74 Warning
PREG Output pipelining  
DSP design_1_i/ekf_batch_0/inst/grp_ekf_batch_Pipeline_VITIS_LOOP_58_1_fu_11175/fmul_32ns_32ns_32_3_max_dsp_1_U123/ekf_batch_fmul_32ns_32ns_32_3_max_dsp_1_ip_u/inst/i_synth/MULT.OP/i_non_prim.MULT/DSP48E1_SPD_SGL_VARIANT.FIX_MULT/DSP2/i_no_versal_es1_workaround.DSP output design_1_i/ekf_batch_0/inst/grp_ekf_batch_Pipeline_VITIS_LOOP_58_1_fu_11175/fmul_32ns_32ns_32_3_max_dsp_1_U123/ekf_batch_fmul_32ns_32ns_32_3_max_dsp_1_ip_u/inst/i_synth/MULT.OP/i_non_prim.MULT/DSP48E1_SPD_SGL_VARIANT.FIX_MULT/DSP2/i_no_versal_es1_workaround.DSP/P[47:0] is not pipelined (PREG=0). Pipelining the DSP48 output will improve performance and often saves power so it is suggested whenever possible to fully pipeline this function.  If this DSP48 function was inferred, it is suggested to describe an additional register stage after this function.  If the DSP48 was instantiated in the design, it is suggested to set the PREG attribute to 1.
Related violations: <none>

DPOP-3#75 Warning
PREG Output pipelining  
DSP design_1_i/ekf_batch_0/inst/grp_ekf_batch_Pipeline_VITIS_LOOP_58_1_fu_11175/fmul_32ns_32ns_32_3_max_dsp_1_U123/ekf_batch_fmul_32ns_32ns_32_3_max_dsp_1_ip_u/inst/i_synth/MULT.OP/i_non_prim.R_AND_R/LAT_OPT.FULL.R_AND_R/DSP48E1_SGL_EXP_IP.OLD_ADD.ADD/i_no_versal_es1_workaround.DSP output design_1_i/ekf_batch_0/inst/grp_ekf_batch_Pipeline_VITIS_LOOP_58_1_fu_11175/fmul_32ns_32ns_32_3_max_dsp_1_U123/ekf_batch_fmul_32ns_32ns_32_3_max_dsp_1_ip_u/inst/i_synth/MULT.OP/i_non_prim.R_AND_R/LAT_OPT.FULL.R_AND_R/DSP48E1_SGL_EXP_IP.OLD_ADD.ADD/i_no_versal_es1_workaround.DSP/CARRYOUT[3:0] is not pipelined (PREG=0). Pipelining the DSP48 output will improve performance and often saves power so it is suggested whenever possible to fully pipeline this function.  If this DSP48 function was inferred, it is suggested to describe an additional register stage after this function.  If the DSP48 was instantiated in the design, it is suggested to set the PREG attribute to 1.
Related violations: <none>

DPOP-3#76 Warning
PREG Output pipelining  
DSP design_1_i/ekf_batch_0/inst/grp_ekf_batch_Pipeline_VITIS_LOOP_58_1_fu_11175/fmul_32ns_32ns_32_3_max_dsp_1_U123/ekf_batch_fmul_32ns_32ns_32_3_max_dsp_1_ip_u/inst/i_synth/MULT.OP/i_non_prim.R_AND_R/LAT_OPT.FULL.R_AND_R/DSP48E1_SGL_EXP_IP.OLD_ADD.ADD/i_no_versal_es1_workaround.DSP output design_1_i/ekf_batch_0/inst/grp_ekf_batch_Pipeline_VITIS_LOOP_58_1_fu_11175/fmul_32ns_32ns_32_3_max_dsp_1_U123/ekf_batch_fmul_32ns_32ns_32_3_max_dsp_1_ip_u/inst/i_synth/MULT.OP/i_non_prim.R_AND_R/LAT_OPT.FULL.R_AND_R/DSP48E1_SGL_EXP_IP.OLD_ADD.ADD/i_no_versal_es1_workaround.DSP/P[47:0] is not pipelined (PREG=0). Pipelining the DSP48 output will improve performance and often saves power so it is suggested whenever possible to fully pipeline this function.  If this DSP48 function was inferred, it is suggested to describe an additional register stage after this function.  If the DSP48 was instantiated in the design, it is suggested to set the PREG attribute to 1.
Related violations: <none>

DPOP-3#77 Warning
PREG Output pipelining  
DSP design_1_i/ekf_batch_0/inst/grp_ekf_batch_Pipeline_VITIS_LOOP_58_1_fu_11175/fmul_32ns_32ns_32_3_max_dsp_1_U124/ekf_batch_fmul_32ns_32ns_32_3_max_dsp_1_ip_u/inst/i_synth/MULT.OP/i_non_prim.MULT/DSP48E1_SPD_SGL_VARIANT.FIX_MULT/DSP1/i_no_versal_es1_workaround.DSP output design_1_i/ekf_batch_0/inst/grp_ekf_batch_Pipeline_VITIS_LOOP_58_1_fu_11175/fmul_32ns_32ns_32_3_max_dsp_1_U124/ekf_batch_fmul_32ns_32ns_32_3_max_dsp_1_ip_u/inst/i_synth/MULT.OP/i_non_prim.MULT/DSP48E1_SPD_SGL_VARIANT.FIX_MULT/DSP1/i_no_versal_es1_workaround.DSP/PATTERNDETECT is not pipelined (PREG=0). Pipelining the DSP48 output will improve performance and often saves power so it is suggested whenever possible to fully pipeline this function.  If this DSP48 function was inferred, it is suggested to describe an additional register stage after this function.  If the DSP48 was instantiated in the design, it is suggested to set the PREG attribute to 1.
Related violations: <none>

DPOP-3#78 Warning
PREG Output pipelining  
DSP design_1_i/ekf_batch_0/inst/grp_ekf_batch_Pipeline_VITIS_LOOP_58_1_fu_11175/fmul_32ns_32ns_32_3_max_dsp_1_U124/ekf_batch_fmul_32ns_32ns_32_3_max_dsp_1_ip_u/inst/i_synth/MULT.OP/i_non_prim.MULT/DSP48E1_SPD_SGL_VARIANT.FIX_MULT/DSP2/i_no_versal_es1_workaround.DSP output design_1_i/ekf_batch_0/inst/grp_ekf_batch_Pipeline_VITIS_LOOP_58_1_fu_11175/fmul_32ns_32ns_32_3_max_dsp_1_U124/ekf_batch_fmul_32ns_32ns_32_3_max_dsp_1_ip_u/inst/i_synth/MULT.OP/i_non_prim.MULT/DSP48E1_SPD_SGL_VARIANT.FIX_MULT/DSP2/i_no_versal_es1_workaround.DSP/PATTERNDETECT is not pipelined (PREG=0). Pipelining the DSP48 output will improve performance and often saves power so it is suggested whenever possible to fully pipeline this function.  If this DSP48 function was inferred, it is suggested to describe an additional register stage after this function.  If the DSP48 was instantiated in the design, it is suggested to set the PREG attribute to 1.
Related violations: <none>

DPOP-3#79 Warning
PREG Output pipelining  
DSP design_1_i/ekf_batch_0/inst/grp_ekf_batch_Pipeline_VITIS_LOOP_58_1_fu_11175/fmul_32ns_32ns_32_3_max_dsp_1_U124/ekf_batch_fmul_32ns_32ns_32_3_max_dsp_1_ip_u/inst/i_synth/MULT.OP/i_non_prim.MULT/DSP48E1_SPD_SGL_VARIANT.FIX_MULT/DSP2/i_no_versal_es1_workaround.DSP output design_1_i/ekf_batch_0/inst/grp_ekf_batch_Pipeline_VITIS_LOOP_58_1_fu_11175/fmul_32ns_32ns_32_3_max_dsp_1_U124/ekf_batch_fmul_32ns_32ns_32_3_max_dsp_1_ip_u/inst/i_synth/MULT.OP/i_non_prim.MULT/DSP48E1_SPD_SGL_VARIANT.FIX_MULT/DSP2/i_no_versal_es1_workaround.DSP/P[47:0] is not pipelined (PREG=0). Pipelining the DSP48 output will improve performance and often saves power so it is suggested whenever possible to fully pipeline this function.  If this DSP48 function was inferred, it is suggested to describe an additional register stage after this function.  If the DSP48 was instantiated in the design, it is suggested to set the PREG attribute to 1.
Related violations: <none>

DPOP-3#80 Warning
PREG Output pipelining  
DSP design_1_i/ekf_batch_0/inst/grp_ekf_batch_Pipeline_VITIS_LOOP_58_1_fu_11175/fmul_32ns_32ns_32_3_max_dsp_1_U124/ekf_batch_fmul_32ns_32ns_32_3_max_dsp_1_ip_u/inst/i_synth/MULT.OP/i_non_prim.R_AND_R/LAT_OPT.FULL.R_AND_R/DSP48E1_SGL_EXP_IP.OLD_ADD.ADD/i_no_versal_es1_workaround.DSP output design_1_i/ekf_batch_0/inst/grp_ekf_batch_Pipeline_VITIS_LOOP_58_1_fu_11175/fmul_32ns_32ns_32_3_max_dsp_1_U124/ekf_batch_fmul_32ns_32ns_32_3_max_dsp_1_ip_u/inst/i_synth/MULT.OP/i_non_prim.R_AND_R/LAT_OPT.FULL.R_AND_R/DSP48E1_SGL_EXP_IP.OLD_ADD.ADD/i_no_versal_es1_workaround.DSP/CARRYOUT[3:0] is not pipelined (PREG=0). Pipelining the DSP48 output will improve performance and often saves power so it is suggested whenever possible to fully pipeline this function.  If this DSP48 function was inferred, it is suggested to describe an additional register stage after this function.  If the DSP48 was instantiated in the design, it is suggested to set the PREG attribute to 1.
Related violations: <none>

DPOP-3#81 Warning
PREG Output pipelining  
DSP design_1_i/ekf_batch_0/inst/grp_ekf_batch_Pipeline_VITIS_LOOP_58_1_fu_11175/fmul_32ns_32ns_32_3_max_dsp_1_U124/ekf_batch_fmul_32ns_32ns_32_3_max_dsp_1_ip_u/inst/i_synth/MULT.OP/i_non_prim.R_AND_R/LAT_OPT.FULL.R_AND_R/DSP48E1_SGL_EXP_IP.OLD_ADD.ADD/i_no_versal_es1_workaround.DSP output design_1_i/ekf_batch_0/inst/grp_ekf_batch_Pipeline_VITIS_LOOP_58_1_fu_11175/fmul_32ns_32ns_32_3_max_dsp_1_U124/ekf_batch_fmul_32ns_32ns_32_3_max_dsp_1_ip_u/inst/i_synth/MULT.OP/i_non_prim.R_AND_R/LAT_OPT.FULL.R_AND_R/DSP48E1_SGL_EXP_IP.OLD_ADD.ADD/i_no_versal_es1_workaround.DSP/P[47:0] is not pipelined (PREG=0). Pipelining the DSP48 output will improve performance and often saves power so it is suggested whenever possible to fully pipeline this function.  If this DSP48 function was inferred, it is suggested to describe an additional register stage after this function.  If the DSP48 was instantiated in the design, it is suggested to set the PREG attribute to 1.
Related violations: <none>

DPOP-3#82 Warning
PREG Output pipelining  
DSP design_1_i/ekf_batch_0/inst/grp_ekf_batch_Pipeline_VITIS_LOOP_58_1_fu_11175/fmul_32ns_32ns_32_3_max_dsp_1_U125/ekf_batch_fmul_32ns_32ns_32_3_max_dsp_1_ip_u/inst/i_synth/MULT.OP/i_non_prim.MULT/DSP48E1_SPD_SGL_VARIANT.FIX_MULT/DSP1/i_no_versal_es1_workaround.DSP output design_1_i/ekf_batch_0/inst/grp_ekf_batch_Pipeline_VITIS_LOOP_58_1_fu_11175/fmul_32ns_32ns_32_3_max_dsp_1_U125/ekf_batch_fmul_32ns_32ns_32_3_max_dsp_1_ip_u/inst/i_synth/MULT.OP/i_non_prim.MULT/DSP48E1_SPD_SGL_VARIANT.FIX_MULT/DSP1/i_no_versal_es1_workaround.DSP/PATTERNDETECT is not pipelined (PREG=0). Pipelining the DSP48 output will improve performance and often saves power so it is suggested whenever possible to fully pipeline this function.  If this DSP48 function was inferred, it is suggested to describe an additional register stage after this function.  If the DSP48 was instantiated in the design, it is suggested to set the PREG attribute to 1.
Related violations: <none>

DPOP-3#83 Warning
PREG Output pipelining  
DSP design_1_i/ekf_batch_0/inst/grp_ekf_batch_Pipeline_VITIS_LOOP_58_1_fu_11175/fmul_32ns_32ns_32_3_max_dsp_1_U125/ekf_batch_fmul_32ns_32ns_32_3_max_dsp_1_ip_u/inst/i_synth/MULT.OP/i_non_prim.MULT/DSP48E1_SPD_SGL_VARIANT.FIX_MULT/DSP2/i_no_versal_es1_workaround.DSP output design_1_i/ekf_batch_0/inst/grp_ekf_batch_Pipeline_VITIS_LOOP_58_1_fu_11175/fmul_32ns_32ns_32_3_max_dsp_1_U125/ekf_batch_fmul_32ns_32ns_32_3_max_dsp_1_ip_u/inst/i_synth/MULT.OP/i_non_prim.MULT/DSP48E1_SPD_SGL_VARIANT.FIX_MULT/DSP2/i_no_versal_es1_workaround.DSP/PATTERNDETECT is not pipelined (PREG=0). Pipelining the DSP48 output will improve performance and often saves power so it is suggested whenever possible to fully pipeline this function.  If this DSP48 function was inferred, it is suggested to describe an additional register stage after this function.  If the DSP48 was instantiated in the design, it is suggested to set the PREG attribute to 1.
Related violations: <none>

DPOP-3#84 Warning
PREG Output pipelining  
DSP design_1_i/ekf_batch_0/inst/grp_ekf_batch_Pipeline_VITIS_LOOP_58_1_fu_11175/fmul_32ns_32ns_32_3_max_dsp_1_U125/ekf_batch_fmul_32ns_32ns_32_3_max_dsp_1_ip_u/inst/i_synth/MULT.OP/i_non_prim.MULT/DSP48E1_SPD_SGL_VARIANT.FIX_MULT/DSP2/i_no_versal_es1_workaround.DSP output design_1_i/ekf_batch_0/inst/grp_ekf_batch_Pipeline_VITIS_LOOP_58_1_fu_11175/fmul_32ns_32ns_32_3_max_dsp_1_U125/ekf_batch_fmul_32ns_32ns_32_3_max_dsp_1_ip_u/inst/i_synth/MULT.OP/i_non_prim.MULT/DSP48E1_SPD_SGL_VARIANT.FIX_MULT/DSP2/i_no_versal_es1_workaround.DSP/P[47:0] is not pipelined (PREG=0). Pipelining the DSP48 output will improve performance and often saves power so it is suggested whenever possible to fully pipeline this function.  If this DSP48 function was inferred, it is suggested to describe an additional register stage after this function.  If the DSP48 was instantiated in the design, it is suggested to set the PREG attribute to 1.
Related violations: <none>

DPOP-3#85 Warning
PREG Output pipelining  
DSP design_1_i/ekf_batch_0/inst/grp_ekf_batch_Pipeline_VITIS_LOOP_58_1_fu_11175/fmul_32ns_32ns_32_3_max_dsp_1_U125/ekf_batch_fmul_32ns_32ns_32_3_max_dsp_1_ip_u/inst/i_synth/MULT.OP/i_non_prim.R_AND_R/LAT_OPT.FULL.R_AND_R/DSP48E1_SGL_EXP_IP.OLD_ADD.ADD/i_no_versal_es1_workaround.DSP output design_1_i/ekf_batch_0/inst/grp_ekf_batch_Pipeline_VITIS_LOOP_58_1_fu_11175/fmul_32ns_32ns_32_3_max_dsp_1_U125/ekf_batch_fmul_32ns_32ns_32_3_max_dsp_1_ip_u/inst/i_synth/MULT.OP/i_non_prim.R_AND_R/LAT_OPT.FULL.R_AND_R/DSP48E1_SGL_EXP_IP.OLD_ADD.ADD/i_no_versal_es1_workaround.DSP/CARRYOUT[3:0] is not pipelined (PREG=0). Pipelining the DSP48 output will improve performance and often saves power so it is suggested whenever possible to fully pipeline this function.  If this DSP48 function was inferred, it is suggested to describe an additional register stage after this function.  If the DSP48 was instantiated in the design, it is suggested to set the PREG attribute to 1.
Related violations: <none>

DPOP-3#86 Warning
PREG Output pipelining  
DSP design_1_i/ekf_batch_0/inst/grp_ekf_batch_Pipeline_VITIS_LOOP_58_1_fu_11175/fmul_32ns_32ns_32_3_max_dsp_1_U125/ekf_batch_fmul_32ns_32ns_32_3_max_dsp_1_ip_u/inst/i_synth/MULT.OP/i_non_prim.R_AND_R/LAT_OPT.FULL.R_AND_R/DSP48E1_SGL_EXP_IP.OLD_ADD.ADD/i_no_versal_es1_workaround.DSP output design_1_i/ekf_batch_0/inst/grp_ekf_batch_Pipeline_VITIS_LOOP_58_1_fu_11175/fmul_32ns_32ns_32_3_max_dsp_1_U125/ekf_batch_fmul_32ns_32ns_32_3_max_dsp_1_ip_u/inst/i_synth/MULT.OP/i_non_prim.R_AND_R/LAT_OPT.FULL.R_AND_R/DSP48E1_SGL_EXP_IP.OLD_ADD.ADD/i_no_versal_es1_workaround.DSP/P[47:0] is not pipelined (PREG=0). Pipelining the DSP48 output will improve performance and often saves power so it is suggested whenever possible to fully pipeline this function.  If this DSP48 function was inferred, it is suggested to describe an additional register stage after this function.  If the DSP48 was instantiated in the design, it is suggested to set the PREG attribute to 1.
Related violations: <none>

DPOP-3#87 Warning
PREG Output pipelining  
DSP design_1_i/ekf_batch_0/inst/grp_ekf_batch_Pipeline_VITIS_LOOP_58_1_fu_11175/fmul_32ns_32ns_32_3_max_dsp_1_U126/ekf_batch_fmul_32ns_32ns_32_3_max_dsp_1_ip_u/inst/i_synth/MULT.OP/i_non_prim.MULT/DSP48E1_SPD_SGL_VARIANT.FIX_MULT/DSP1/i_no_versal_es1_workaround.DSP output design_1_i/ekf_batch_0/inst/grp_ekf_batch_Pipeline_VITIS_LOOP_58_1_fu_11175/fmul_32ns_32ns_32_3_max_dsp_1_U126/ekf_batch_fmul_32ns_32ns_32_3_max_dsp_1_ip_u/inst/i_synth/MULT.OP/i_non_prim.MULT/DSP48E1_SPD_SGL_VARIANT.FIX_MULT/DSP1/i_no_versal_es1_workaround.DSP/PATTERNDETECT is not pipelined (PREG=0). Pipelining the DSP48 output will improve performance and often saves power so it is suggested whenever possible to fully pipeline this function.  If this DSP48 function was inferred, it is suggested to describe an additional register stage after this function.  If the DSP48 was instantiated in the design, it is suggested to set the PREG attribute to 1.
Related violations: <none>

DPOP-3#88 Warning
PREG Output pipelining  
DSP design_1_i/ekf_batch_0/inst/grp_ekf_batch_Pipeline_VITIS_LOOP_58_1_fu_11175/fmul_32ns_32ns_32_3_max_dsp_1_U126/ekf_batch_fmul_32ns_32ns_32_3_max_dsp_1_ip_u/inst/i_synth/MULT.OP/i_non_prim.MULT/DSP48E1_SPD_SGL_VARIANT.FIX_MULT/DSP2/i_no_versal_es1_workaround.DSP output design_1_i/ekf_batch_0/inst/grp_ekf_batch_Pipeline_VITIS_LOOP_58_1_fu_11175/fmul_32ns_32ns_32_3_max_dsp_1_U126/ekf_batch_fmul_32ns_32ns_32_3_max_dsp_1_ip_u/inst/i_synth/MULT.OP/i_non_prim.MULT/DSP48E1_SPD_SGL_VARIANT.FIX_MULT/DSP2/i_no_versal_es1_workaround.DSP/PATTERNDETECT is not pipelined (PREG=0). Pipelining the DSP48 output will improve performance and often saves power so it is suggested whenever possible to fully pipeline this function.  If this DSP48 function was inferred, it is suggested to describe an additional register stage after this function.  If the DSP48 was instantiated in the design, it is suggested to set the PREG attribute to 1.
Related violations: <none>

DPOP-3#89 Warning
PREG Output pipelining  
DSP design_1_i/ekf_batch_0/inst/grp_ekf_batch_Pipeline_VITIS_LOOP_58_1_fu_11175/fmul_32ns_32ns_32_3_max_dsp_1_U126/ekf_batch_fmul_32ns_32ns_32_3_max_dsp_1_ip_u/inst/i_synth/MULT.OP/i_non_prim.MULT/DSP48E1_SPD_SGL_VARIANT.FIX_MULT/DSP2/i_no_versal_es1_workaround.DSP output design_1_i/ekf_batch_0/inst/grp_ekf_batch_Pipeline_VITIS_LOOP_58_1_fu_11175/fmul_32ns_32ns_32_3_max_dsp_1_U126/ekf_batch_fmul_32ns_32ns_32_3_max_dsp_1_ip_u/inst/i_synth/MULT.OP/i_non_prim.MULT/DSP48E1_SPD_SGL_VARIANT.FIX_MULT/DSP2/i_no_versal_es1_workaround.DSP/P[47:0] is not pipelined (PREG=0). Pipelining the DSP48 output will improve performance and often saves power so it is suggested whenever possible to fully pipeline this function.  If this DSP48 function was inferred, it is suggested to describe an additional register stage after this function.  If the DSP48 was instantiated in the design, it is suggested to set the PREG attribute to 1.
Related violations: <none>

DPOP-3#90 Warning
PREG Output pipelining  
DSP design_1_i/ekf_batch_0/inst/grp_ekf_batch_Pipeline_VITIS_LOOP_58_1_fu_11175/fmul_32ns_32ns_32_3_max_dsp_1_U126/ekf_batch_fmul_32ns_32ns_32_3_max_dsp_1_ip_u/inst/i_synth/MULT.OP/i_non_prim.R_AND_R/LAT_OPT.FULL.R_AND_R/DSP48E1_SGL_EXP_IP.OLD_ADD.ADD/i_no_versal_es1_workaround.DSP output design_1_i/ekf_batch_0/inst/grp_ekf_batch_Pipeline_VITIS_LOOP_58_1_fu_11175/fmul_32ns_32ns_32_3_max_dsp_1_U126/ekf_batch_fmul_32ns_32ns_32_3_max_dsp_1_ip_u/inst/i_synth/MULT.OP/i_non_prim.R_AND_R/LAT_OPT.FULL.R_AND_R/DSP48E1_SGL_EXP_IP.OLD_ADD.ADD/i_no_versal_es1_workaround.DSP/CARRYOUT[3:0] is not pipelined (PREG=0). Pipelining the DSP48 output will improve performance and often saves power so it is suggested whenever possible to fully pipeline this function.  If this DSP48 function was inferred, it is suggested to describe an additional register stage after this function.  If the DSP48 was instantiated in the design, it is suggested to set the PREG attribute to 1.
Related violations: <none>

DPOP-3#91 Warning
PREG Output pipelining  
DSP design_1_i/ekf_batch_0/inst/grp_ekf_batch_Pipeline_VITIS_LOOP_58_1_fu_11175/fmul_32ns_32ns_32_3_max_dsp_1_U126/ekf_batch_fmul_32ns_32ns_32_3_max_dsp_1_ip_u/inst/i_synth/MULT.OP/i_non_prim.R_AND_R/LAT_OPT.FULL.R_AND_R/DSP48E1_SGL_EXP_IP.OLD_ADD.ADD/i_no_versal_es1_workaround.DSP output design_1_i/ekf_batch_0/inst/grp_ekf_batch_Pipeline_VITIS_LOOP_58_1_fu_11175/fmul_32ns_32ns_32_3_max_dsp_1_U126/ekf_batch_fmul_32ns_32ns_32_3_max_dsp_1_ip_u/inst/i_synth/MULT.OP/i_non_prim.R_AND_R/LAT_OPT.FULL.R_AND_R/DSP48E1_SGL_EXP_IP.OLD_ADD.ADD/i_no_versal_es1_workaround.DSP/P[47:0] is not pipelined (PREG=0). Pipelining the DSP48 output will improve performance and often saves power so it is suggested whenever possible to fully pipeline this function.  If this DSP48 function was inferred, it is suggested to describe an additional register stage after this function.  If the DSP48 was instantiated in the design, it is suggested to set the PREG attribute to 1.
Related violations: <none>

DPOP-3#92 Warning
PREG Output pipelining  
DSP design_1_i/ekf_batch_0/inst/grp_ekf_batch_Pipeline_VITIS_LOOP_58_1_fu_11175/fmul_32ns_32ns_32_3_max_dsp_1_U127/ekf_batch_fmul_32ns_32ns_32_3_max_dsp_1_ip_u/inst/i_synth/MULT.OP/i_non_prim.MULT/DSP48E1_SPD_SGL_VARIANT.FIX_MULT/DSP1/i_no_versal_es1_workaround.DSP output design_1_i/ekf_batch_0/inst/grp_ekf_batch_Pipeline_VITIS_LOOP_58_1_fu_11175/fmul_32ns_32ns_32_3_max_dsp_1_U127/ekf_batch_fmul_32ns_32ns_32_3_max_dsp_1_ip_u/inst/i_synth/MULT.OP/i_non_prim.MULT/DSP48E1_SPD_SGL_VARIANT.FIX_MULT/DSP1/i_no_versal_es1_workaround.DSP/PATTERNDETECT is not pipelined (PREG=0). Pipelining the DSP48 output will improve performance and often saves power so it is suggested whenever possible to fully pipeline this function.  If this DSP48 function was inferred, it is suggested to describe an additional register stage after this function.  If the DSP48 was instantiated in the design, it is suggested to set the PREG attribute to 1.
Related violations: <none>

DPOP-3#93 Warning
PREG Output pipelining  
DSP design_1_i/ekf_batch_0/inst/grp_ekf_batch_Pipeline_VITIS_LOOP_58_1_fu_11175/fmul_32ns_32ns_32_3_max_dsp_1_U127/ekf_batch_fmul_32ns_32ns_32_3_max_dsp_1_ip_u/inst/i_synth/MULT.OP/i_non_prim.MULT/DSP48E1_SPD_SGL_VARIANT.FIX_MULT/DSP2/i_no_versal_es1_workaround.DSP output design_1_i/ekf_batch_0/inst/grp_ekf_batch_Pipeline_VITIS_LOOP_58_1_fu_11175/fmul_32ns_32ns_32_3_max_dsp_1_U127/ekf_batch_fmul_32ns_32ns_32_3_max_dsp_1_ip_u/inst/i_synth/MULT.OP/i_non_prim.MULT/DSP48E1_SPD_SGL_VARIANT.FIX_MULT/DSP2/i_no_versal_es1_workaround.DSP/PATTERNDETECT is not pipelined (PREG=0). Pipelining the DSP48 output will improve performance and often saves power so it is suggested whenever possible to fully pipeline this function.  If this DSP48 function was inferred, it is suggested to describe an additional register stage after this function.  If the DSP48 was instantiated in the design, it is suggested to set the PREG attribute to 1.
Related violations: <none>

DPOP-3#94 Warning
PREG Output pipelining  
DSP design_1_i/ekf_batch_0/inst/grp_ekf_batch_Pipeline_VITIS_LOOP_58_1_fu_11175/fmul_32ns_32ns_32_3_max_dsp_1_U127/ekf_batch_fmul_32ns_32ns_32_3_max_dsp_1_ip_u/inst/i_synth/MULT.OP/i_non_prim.MULT/DSP48E1_SPD_SGL_VARIANT.FIX_MULT/DSP2/i_no_versal_es1_workaround.DSP output design_1_i/ekf_batch_0/inst/grp_ekf_batch_Pipeline_VITIS_LOOP_58_1_fu_11175/fmul_32ns_32ns_32_3_max_dsp_1_U127/ekf_batch_fmul_32ns_32ns_32_3_max_dsp_1_ip_u/inst/i_synth/MULT.OP/i_non_prim.MULT/DSP48E1_SPD_SGL_VARIANT.FIX_MULT/DSP2/i_no_versal_es1_workaround.DSP/P[47:0] is not pipelined (PREG=0). Pipelining the DSP48 output will improve performance and often saves power so it is suggested whenever possible to fully pipeline this function.  If this DSP48 function was inferred, it is suggested to describe an additional register stage after this function.  If the DSP48 was instantiated in the design, it is suggested to set the PREG attribute to 1.
Related violations: <none>

DPOP-3#95 Warning
PREG Output pipelining  
DSP design_1_i/ekf_batch_0/inst/grp_ekf_batch_Pipeline_VITIS_LOOP_58_1_fu_11175/fmul_32ns_32ns_32_3_max_dsp_1_U127/ekf_batch_fmul_32ns_32ns_32_3_max_dsp_1_ip_u/inst/i_synth/MULT.OP/i_non_prim.R_AND_R/LAT_OPT.FULL.R_AND_R/DSP48E1_SGL_EXP_IP.OLD_ADD.ADD/i_no_versal_es1_workaround.DSP output design_1_i/ekf_batch_0/inst/grp_ekf_batch_Pipeline_VITIS_LOOP_58_1_fu_11175/fmul_32ns_32ns_32_3_max_dsp_1_U127/ekf_batch_fmul_32ns_32ns_32_3_max_dsp_1_ip_u/inst/i_synth/MULT.OP/i_non_prim.R_AND_R/LAT_OPT.FULL.R_AND_R/DSP48E1_SGL_EXP_IP.OLD_ADD.ADD/i_no_versal_es1_workaround.DSP/CARRYOUT[3:0] is not pipelined (PREG=0). Pipelining the DSP48 output will improve performance and often saves power so it is suggested whenever possible to fully pipeline this function.  If this DSP48 function was inferred, it is suggested to describe an additional register stage after this function.  If the DSP48 was instantiated in the design, it is suggested to set the PREG attribute to 1.
Related violations: <none>

DPOP-3#96 Warning
PREG Output pipelining  
DSP design_1_i/ekf_batch_0/inst/grp_ekf_batch_Pipeline_VITIS_LOOP_58_1_fu_11175/fmul_32ns_32ns_32_3_max_dsp_1_U127/ekf_batch_fmul_32ns_32ns_32_3_max_dsp_1_ip_u/inst/i_synth/MULT.OP/i_non_prim.R_AND_R/LAT_OPT.FULL.R_AND_R/DSP48E1_SGL_EXP_IP.OLD_ADD.ADD/i_no_versal_es1_workaround.DSP output design_1_i/ekf_batch_0/inst/grp_ekf_batch_Pipeline_VITIS_LOOP_58_1_fu_11175/fmul_32ns_32ns_32_3_max_dsp_1_U127/ekf_batch_fmul_32ns_32ns_32_3_max_dsp_1_ip_u/inst/i_synth/MULT.OP/i_non_prim.R_AND_R/LAT_OPT.FULL.R_AND_R/DSP48E1_SGL_EXP_IP.OLD_ADD.ADD/i_no_versal_es1_workaround.DSP/P[47:0] is not pipelined (PREG=0). Pipelining the DSP48 output will improve performance and often saves power so it is suggested whenever possible to fully pipeline this function.  If this DSP48 function was inferred, it is suggested to describe an additional register stage after this function.  If the DSP48 was instantiated in the design, it is suggested to set the PREG attribute to 1.
Related violations: <none>

DPOP-4#1 Warning
MREG Output pipelining  
DSP design_1_i/ekf_batch_0/inst/fadd_32ns_32ns_32_4_full_dsp_1_U1450/ekf_batch_fadd_32ns_32ns_32_4_full_dsp_1_ip_u/inst/i_synth/ADDSUB_OP.ADDSUB/DSP.OP/DSP48E1_BODY.NORM_RND/FULL_USAGE_DSP.SHIFT_RND/i_no_versal_es1_workaround.DSP multiplier stage design_1_i/ekf_batch_0/inst/fadd_32ns_32ns_32_4_full_dsp_1_U1450/ekf_batch_fadd_32ns_32ns_32_4_full_dsp_1_ip_u/inst/i_synth/ADDSUB_OP.ADDSUB/DSP.OP/DSP48E1_BODY.NORM_RND/FULL_USAGE_DSP.SHIFT_RND/i_no_versal_es1_workaround.DSP/P[47:0] is not pipelined (MREG=0). Pipelining the multiplier function will improve performance and will save significant power so it is suggested whenever possible to fully pipeline this function.  If this multiplier was inferred, it is suggested to describe an additional register stage after this function.  If there is no registered adder/accumulator following the multiply function, two pipeline stages are suggested to allow both the MREG and PREG registers to be used.  If the DSP48 was instantiated in the design, it is suggested to set both the MREG and PREG attributes to 1 when performing multiply functions.
Related violations: <none>

DPOP-4#2 Warning
MREG Output pipelining  
DSP design_1_i/ekf_batch_0/inst/faddfsub_32ns_32ns_32_4_full_dsp_1_U1479/ekf_batch_faddfsub_32ns_32ns_32_4_full_dsp_1_ip_u/inst/i_synth/ADDSUB_OP.ADDSUB/DSP.OP/DSP48E1_BODY.NORM_RND/FULL_USAGE_DSP.SHIFT_RND/i_no_versal_es1_workaround.DSP multiplier stage design_1_i/ekf_batch_0/inst/faddfsub_32ns_32ns_32_4_full_dsp_1_U1479/ekf_batch_faddfsub_32ns_32ns_32_4_full_dsp_1_ip_u/inst/i_synth/ADDSUB_OP.ADDSUB/DSP.OP/DSP48E1_BODY.NORM_RND/FULL_USAGE_DSP.SHIFT_RND/i_no_versal_es1_workaround.DSP/P[47:0] is not pipelined (MREG=0). Pipelining the multiplier function will improve performance and will save significant power so it is suggested whenever possible to fully pipeline this function.  If this multiplier was inferred, it is suggested to describe an additional register stage after this function.  If there is no registered adder/accumulator following the multiply function, two pipeline stages are suggested to allow both the MREG and PREG registers to be used.  If the DSP48 was instantiated in the design, it is suggested to set both the MREG and PREG attributes to 1 when performing multiply functions.
Related violations: <none>

DPOP-4#3 Warning
MREG Output pipelining  
DSP design_1_i/ekf_batch_0/inst/faddfsub_32ns_32ns_32_4_full_dsp_1_U1481/ekf_batch_faddfsub_32ns_32ns_32_4_full_dsp_1_ip_u/inst/i_synth/ADDSUB_OP.ADDSUB/DSP.OP/DSP48E1_BODY.NORM_RND/FULL_USAGE_DSP.SHIFT_RND/i_no_versal_es1_workaround.DSP multiplier stage design_1_i/ekf_batch_0/inst/faddfsub_32ns_32ns_32_4_full_dsp_1_U1481/ekf_batch_faddfsub_32ns_32ns_32_4_full_dsp_1_ip_u/inst/i_synth/ADDSUB_OP.ADDSUB/DSP.OP/DSP48E1_BODY.NORM_RND/FULL_USAGE_DSP.SHIFT_RND/i_no_versal_es1_workaround.DSP/P[47:0] is not pipelined (MREG=0). Pipelining the multiplier function will improve performance and will save significant power so it is suggested whenever possible to fully pipeline this function.  If this multiplier was inferred, it is suggested to describe an additional register stage after this function.  If there is no registered adder/accumulator following the multiply function, two pipeline stages are suggested to allow both the MREG and PREG registers to be used.  If the DSP48 was instantiated in the design, it is suggested to set both the MREG and PREG attributes to 1 when performing multiply functions.
Related violations: <none>

DPOP-4#4 Warning
MREG Output pipelining  
DSP design_1_i/ekf_batch_0/inst/faddfsub_32ns_32ns_32_4_full_dsp_1_U1482/ekf_batch_faddfsub_32ns_32ns_32_4_full_dsp_1_ip_u/inst/i_synth/ADDSUB_OP.ADDSUB/DSP.OP/DSP48E1_BODY.NORM_RND/FULL_USAGE_DSP.SHIFT_RND/i_no_versal_es1_workaround.DSP multiplier stage design_1_i/ekf_batch_0/inst/faddfsub_32ns_32ns_32_4_full_dsp_1_U1482/ekf_batch_faddfsub_32ns_32ns_32_4_full_dsp_1_ip_u/inst/i_synth/ADDSUB_OP.ADDSUB/DSP.OP/DSP48E1_BODY.NORM_RND/FULL_USAGE_DSP.SHIFT_RND/i_no_versal_es1_workaround.DSP/P[47:0] is not pipelined (MREG=0). Pipelining the multiplier function will improve performance and will save significant power so it is suggested whenever possible to fully pipeline this function.  If this multiplier was inferred, it is suggested to describe an additional register stage after this function.  If there is no registered adder/accumulator following the multiply function, two pipeline stages are suggested to allow both the MREG and PREG registers to be used.  If the DSP48 was instantiated in the design, it is suggested to set both the MREG and PREG attributes to 1 when performing multiply functions.
Related violations: <none>

DPOP-4#5 Warning
MREG Output pipelining  
DSP design_1_i/ekf_batch_0/inst/faddfsub_32ns_32ns_32_4_full_dsp_1_U1483/ekf_batch_faddfsub_32ns_32ns_32_4_full_dsp_1_ip_u/inst/i_synth/ADDSUB_OP.ADDSUB/DSP.OP/DSP48E1_BODY.NORM_RND/FULL_USAGE_DSP.SHIFT_RND/i_no_versal_es1_workaround.DSP multiplier stage design_1_i/ekf_batch_0/inst/faddfsub_32ns_32ns_32_4_full_dsp_1_U1483/ekf_batch_faddfsub_32ns_32ns_32_4_full_dsp_1_ip_u/inst/i_synth/ADDSUB_OP.ADDSUB/DSP.OP/DSP48E1_BODY.NORM_RND/FULL_USAGE_DSP.SHIFT_RND/i_no_versal_es1_workaround.DSP/P[47:0] is not pipelined (MREG=0). Pipelining the multiplier function will improve performance and will save significant power so it is suggested whenever possible to fully pipeline this function.  If this multiplier was inferred, it is suggested to describe an additional register stage after this function.  If there is no registered adder/accumulator following the multiply function, two pipeline stages are suggested to allow both the MREG and PREG registers to be used.  If the DSP48 was instantiated in the design, it is suggested to set both the MREG and PREG attributes to 1 when performing multiply functions.
Related violations: <none>

DPOP-4#6 Warning
MREG Output pipelining  
DSP design_1_i/ekf_batch_0/inst/faddfsub_32ns_32ns_32_4_full_dsp_1_U1484/ekf_batch_faddfsub_32ns_32ns_32_4_full_dsp_1_ip_u/inst/i_synth/ADDSUB_OP.ADDSUB/DSP.OP/DSP48E1_BODY.NORM_RND/FULL_USAGE_DSP.SHIFT_RND/i_no_versal_es1_workaround.DSP multiplier stage design_1_i/ekf_batch_0/inst/faddfsub_32ns_32ns_32_4_full_dsp_1_U1484/ekf_batch_faddfsub_32ns_32ns_32_4_full_dsp_1_ip_u/inst/i_synth/ADDSUB_OP.ADDSUB/DSP.OP/DSP48E1_BODY.NORM_RND/FULL_USAGE_DSP.SHIFT_RND/i_no_versal_es1_workaround.DSP/P[47:0] is not pipelined (MREG=0). Pipelining the multiplier function will improve performance and will save significant power so it is suggested whenever possible to fully pipeline this function.  If this multiplier was inferred, it is suggested to describe an additional register stage after this function.  If there is no registered adder/accumulator following the multiply function, two pipeline stages are suggested to allow both the MREG and PREG registers to be used.  If the DSP48 was instantiated in the design, it is suggested to set both the MREG and PREG attributes to 1 when performing multiply functions.
Related violations: <none>

DPOP-4#7 Warning
MREG Output pipelining  
DSP design_1_i/ekf_batch_0/inst/faddfsub_32ns_32ns_32_4_full_dsp_1_U1485/ekf_batch_faddfsub_32ns_32ns_32_4_full_dsp_1_ip_u/inst/i_synth/ADDSUB_OP.ADDSUB/DSP.OP/DSP48E1_BODY.NORM_RND/FULL_USAGE_DSP.SHIFT_RND/i_no_versal_es1_workaround.DSP multiplier stage design_1_i/ekf_batch_0/inst/faddfsub_32ns_32ns_32_4_full_dsp_1_U1485/ekf_batch_faddfsub_32ns_32ns_32_4_full_dsp_1_ip_u/inst/i_synth/ADDSUB_OP.ADDSUB/DSP.OP/DSP48E1_BODY.NORM_RND/FULL_USAGE_DSP.SHIFT_RND/i_no_versal_es1_workaround.DSP/P[47:0] is not pipelined (MREG=0). Pipelining the multiplier function will improve performance and will save significant power so it is suggested whenever possible to fully pipeline this function.  If this multiplier was inferred, it is suggested to describe an additional register stage after this function.  If there is no registered adder/accumulator following the multiply function, two pipeline stages are suggested to allow both the MREG and PREG registers to be used.  If the DSP48 was instantiated in the design, it is suggested to set both the MREG and PREG attributes to 1 when performing multiply functions.
Related violations: <none>

DPOP-4#8 Warning
MREG Output pipelining  
DSP design_1_i/ekf_batch_0/inst/fmul_32ns_32ns_32_3_max_dsp_1_U1451/ekf_batch_fmul_32ns_32ns_32_3_max_dsp_1_ip_u/inst/i_synth/MULT.OP/i_non_prim.MULT/DSP48E1_SPD_SGL_VARIANT.FIX_MULT/DSP1/i_no_versal_es1_workaround.DSP multiplier stage design_1_i/ekf_batch_0/inst/fmul_32ns_32ns_32_3_max_dsp_1_U1451/ekf_batch_fmul_32ns_32ns_32_3_max_dsp_1_ip_u/inst/i_synth/MULT.OP/i_non_prim.MULT/DSP48E1_SPD_SGL_VARIANT.FIX_MULT/DSP1/i_no_versal_es1_workaround.DSP/PATTERNDETECT is not pipelined (MREG=0). Pipelining the multiplier function will improve performance and will save significant power so it is suggested whenever possible to fully pipeline this function.  If this multiplier was inferred, it is suggested to describe an additional register stage after this function.  If there is no registered adder/accumulator following the multiply function, two pipeline stages are suggested to allow both the MREG and PREG registers to be used.  If the DSP48 was instantiated in the design, it is suggested to set both the MREG and PREG attributes to 1 when performing multiply functions.
Related violations: <none>

DPOP-4#9 Warning
MREG Output pipelining  
DSP design_1_i/ekf_batch_0/inst/fmul_32ns_32ns_32_3_max_dsp_1_U1451/ekf_batch_fmul_32ns_32ns_32_3_max_dsp_1_ip_u/inst/i_synth/MULT.OP/i_non_prim.MULT/DSP48E1_SPD_SGL_VARIANT.FIX_MULT/DSP2/i_no_versal_es1_workaround.DSP multiplier stage design_1_i/ekf_batch_0/inst/fmul_32ns_32ns_32_3_max_dsp_1_U1451/ekf_batch_fmul_32ns_32ns_32_3_max_dsp_1_ip_u/inst/i_synth/MULT.OP/i_non_prim.MULT/DSP48E1_SPD_SGL_VARIANT.FIX_MULT/DSP2/i_no_versal_es1_workaround.DSP/PATTERNDETECT is not pipelined (MREG=0). Pipelining the multiplier function will improve performance and will save significant power so it is suggested whenever possible to fully pipeline this function.  If this multiplier was inferred, it is suggested to describe an additional register stage after this function.  If there is no registered adder/accumulator following the multiply function, two pipeline stages are suggested to allow both the MREG and PREG registers to be used.  If the DSP48 was instantiated in the design, it is suggested to set both the MREG and PREG attributes to 1 when performing multiply functions.
Related violations: <none>

DPOP-4#10 Warning
MREG Output pipelining  
DSP design_1_i/ekf_batch_0/inst/fmul_32ns_32ns_32_3_max_dsp_1_U1451/ekf_batch_fmul_32ns_32ns_32_3_max_dsp_1_ip_u/inst/i_synth/MULT.OP/i_non_prim.MULT/DSP48E1_SPD_SGL_VARIANT.FIX_MULT/DSP2/i_no_versal_es1_workaround.DSP multiplier stage design_1_i/ekf_batch_0/inst/fmul_32ns_32ns_32_3_max_dsp_1_U1451/ekf_batch_fmul_32ns_32ns_32_3_max_dsp_1_ip_u/inst/i_synth/MULT.OP/i_non_prim.MULT/DSP48E1_SPD_SGL_VARIANT.FIX_MULT/DSP2/i_no_versal_es1_workaround.DSP/P[47:0] is not pipelined (MREG=0). Pipelining the multiplier function will improve performance and will save significant power so it is suggested whenever possible to fully pipeline this function.  If this multiplier was inferred, it is suggested to describe an additional register stage after this function.  If there is no registered adder/accumulator following the multiply function, two pipeline stages are suggested to allow both the MREG and PREG registers to be used.  If the DSP48 was instantiated in the design, it is suggested to set both the MREG and PREG attributes to 1 when performing multiply functions.
Related violations: <none>

DPOP-4#11 Warning
MREG Output pipelining  
DSP design_1_i/ekf_batch_0/inst/fmul_32ns_32ns_32_3_max_dsp_1_U1480/ekf_batch_fmul_32ns_32ns_32_3_max_dsp_1_ip_u/inst/i_synth/MULT.OP/i_non_prim.MULT/DSP48E1_SPD_SGL_VARIANT.FIX_MULT/DSP1/i_no_versal_es1_workaround.DSP multiplier stage design_1_i/ekf_batch_0/inst/fmul_32ns_32ns_32_3_max_dsp_1_U1480/ekf_batch_fmul_32ns_32ns_32_3_max_dsp_1_ip_u/inst/i_synth/MULT.OP/i_non_prim.MULT/DSP48E1_SPD_SGL_VARIANT.FIX_MULT/DSP1/i_no_versal_es1_workaround.DSP/PATTERNDETECT is not pipelined (MREG=0). Pipelining the multiplier function will improve performance and will save significant power so it is suggested whenever possible to fully pipeline this function.  If this multiplier was inferred, it is suggested to describe an additional register stage after this function.  If there is no registered adder/accumulator following the multiply function, two pipeline stages are suggested to allow both the MREG and PREG registers to be used.  If the DSP48 was instantiated in the design, it is suggested to set both the MREG and PREG attributes to 1 when performing multiply functions.
Related violations: <none>

DPOP-4#12 Warning
MREG Output pipelining  
DSP design_1_i/ekf_batch_0/inst/fmul_32ns_32ns_32_3_max_dsp_1_U1480/ekf_batch_fmul_32ns_32ns_32_3_max_dsp_1_ip_u/inst/i_synth/MULT.OP/i_non_prim.MULT/DSP48E1_SPD_SGL_VARIANT.FIX_MULT/DSP2/i_no_versal_es1_workaround.DSP multiplier stage design_1_i/ekf_batch_0/inst/fmul_32ns_32ns_32_3_max_dsp_1_U1480/ekf_batch_fmul_32ns_32ns_32_3_max_dsp_1_ip_u/inst/i_synth/MULT.OP/i_non_prim.MULT/DSP48E1_SPD_SGL_VARIANT.FIX_MULT/DSP2/i_no_versal_es1_workaround.DSP/PATTERNDETECT is not pipelined (MREG=0). Pipelining the multiplier function will improve performance and will save significant power so it is suggested whenever possible to fully pipeline this function.  If this multiplier was inferred, it is suggested to describe an additional register stage after this function.  If there is no registered adder/accumulator following the multiply function, two pipeline stages are suggested to allow both the MREG and PREG registers to be used.  If the DSP48 was instantiated in the design, it is suggested to set both the MREG and PREG attributes to 1 when performing multiply functions.
Related violations: <none>

DPOP-4#13 Warning
MREG Output pipelining  
DSP design_1_i/ekf_batch_0/inst/fmul_32ns_32ns_32_3_max_dsp_1_U1480/ekf_batch_fmul_32ns_32ns_32_3_max_dsp_1_ip_u/inst/i_synth/MULT.OP/i_non_prim.MULT/DSP48E1_SPD_SGL_VARIANT.FIX_MULT/DSP2/i_no_versal_es1_workaround.DSP multiplier stage design_1_i/ekf_batch_0/inst/fmul_32ns_32ns_32_3_max_dsp_1_U1480/ekf_batch_fmul_32ns_32ns_32_3_max_dsp_1_ip_u/inst/i_synth/MULT.OP/i_non_prim.MULT/DSP48E1_SPD_SGL_VARIANT.FIX_MULT/DSP2/i_no_versal_es1_workaround.DSP/P[47:0] is not pipelined (MREG=0). Pipelining the multiplier function will improve performance and will save significant power so it is suggested whenever possible to fully pipeline this function.  If this multiplier was inferred, it is suggested to describe an additional register stage after this function.  If there is no registered adder/accumulator following the multiply function, two pipeline stages are suggested to allow both the MREG and PREG registers to be used.  If the DSP48 was instantiated in the design, it is suggested to set both the MREG and PREG attributes to 1 when performing multiply functions.
Related violations: <none>

DPOP-4#14 Warning
MREG Output pipelining  
DSP design_1_i/ekf_batch_0/inst/fmul_32ns_32ns_32_3_max_dsp_1_U1486/ekf_batch_fmul_32ns_32ns_32_3_max_dsp_1_ip_u/inst/i_synth/MULT.OP/i_non_prim.MULT/DSP48E1_SPD_SGL_VARIANT.FIX_MULT/DSP1/i_no_versal_es1_workaround.DSP multiplier stage design_1_i/ekf_batch_0/inst/fmul_32ns_32ns_32_3_max_dsp_1_U1486/ekf_batch_fmul_32ns_32ns_32_3_max_dsp_1_ip_u/inst/i_synth/MULT.OP/i_non_prim.MULT/DSP48E1_SPD_SGL_VARIANT.FIX_MULT/DSP1/i_no_versal_es1_workaround.DSP/PATTERNDETECT is not pipelined (MREG=0). Pipelining the multiplier function will improve performance and will save significant power so it is suggested whenever possible to fully pipeline this function.  If this multiplier was inferred, it is suggested to describe an additional register stage after this function.  If there is no registered adder/accumulator following the multiply function, two pipeline stages are suggested to allow both the MREG and PREG registers to be used.  If the DSP48 was instantiated in the design, it is suggested to set both the MREG and PREG attributes to 1 when performing multiply functions.
Related violations: <none>

DPOP-4#15 Warning
MREG Output pipelining  
DSP design_1_i/ekf_batch_0/inst/fmul_32ns_32ns_32_3_max_dsp_1_U1486/ekf_batch_fmul_32ns_32ns_32_3_max_dsp_1_ip_u/inst/i_synth/MULT.OP/i_non_prim.MULT/DSP48E1_SPD_SGL_VARIANT.FIX_MULT/DSP2/i_no_versal_es1_workaround.DSP multiplier stage design_1_i/ekf_batch_0/inst/fmul_32ns_32ns_32_3_max_dsp_1_U1486/ekf_batch_fmul_32ns_32ns_32_3_max_dsp_1_ip_u/inst/i_synth/MULT.OP/i_non_prim.MULT/DSP48E1_SPD_SGL_VARIANT.FIX_MULT/DSP2/i_no_versal_es1_workaround.DSP/PATTERNDETECT is not pipelined (MREG=0). Pipelining the multiplier function will improve performance and will save significant power so it is suggested whenever possible to fully pipeline this function.  If this multiplier was inferred, it is suggested to describe an additional register stage after this function.  If there is no registered adder/accumulator following the multiply function, two pipeline stages are suggested to allow both the MREG and PREG registers to be used.  If the DSP48 was instantiated in the design, it is suggested to set both the MREG and PREG attributes to 1 when performing multiply functions.
Related violations: <none>

DPOP-4#16 Warning
MREG Output pipelining  
DSP design_1_i/ekf_batch_0/inst/fmul_32ns_32ns_32_3_max_dsp_1_U1486/ekf_batch_fmul_32ns_32ns_32_3_max_dsp_1_ip_u/inst/i_synth/MULT.OP/i_non_prim.MULT/DSP48E1_SPD_SGL_VARIANT.FIX_MULT/DSP2/i_no_versal_es1_workaround.DSP multiplier stage design_1_i/ekf_batch_0/inst/fmul_32ns_32ns_32_3_max_dsp_1_U1486/ekf_batch_fmul_32ns_32ns_32_3_max_dsp_1_ip_u/inst/i_synth/MULT.OP/i_non_prim.MULT/DSP48E1_SPD_SGL_VARIANT.FIX_MULT/DSP2/i_no_versal_es1_workaround.DSP/P[47:0] is not pipelined (MREG=0). Pipelining the multiplier function will improve performance and will save significant power so it is suggested whenever possible to fully pipeline this function.  If this multiplier was inferred, it is suggested to describe an additional register stage after this function.  If there is no registered adder/accumulator following the multiply function, two pipeline stages are suggested to allow both the MREG and PREG registers to be used.  If the DSP48 was instantiated in the design, it is suggested to set both the MREG and PREG attributes to 1 when performing multiply functions.
Related violations: <none>

DPOP-4#17 Warning
MREG Output pipelining  
DSP design_1_i/ekf_batch_0/inst/fmul_32ns_32ns_32_3_max_dsp_1_U1487/ekf_batch_fmul_32ns_32ns_32_3_max_dsp_1_ip_u/inst/i_synth/MULT.OP/i_non_prim.MULT/DSP48E1_SPD_SGL_VARIANT.FIX_MULT/DSP1/i_no_versal_es1_workaround.DSP multiplier stage design_1_i/ekf_batch_0/inst/fmul_32ns_32ns_32_3_max_dsp_1_U1487/ekf_batch_fmul_32ns_32ns_32_3_max_dsp_1_ip_u/inst/i_synth/MULT.OP/i_non_prim.MULT/DSP48E1_SPD_SGL_VARIANT.FIX_MULT/DSP1/i_no_versal_es1_workaround.DSP/PATTERNDETECT is not pipelined (MREG=0). Pipelining the multiplier function will improve performance and will save significant power so it is suggested whenever possible to fully pipeline this function.  If this multiplier was inferred, it is suggested to describe an additional register stage after this function.  If there is no registered adder/accumulator following the multiply function, two pipeline stages are suggested to allow both the MREG and PREG registers to be used.  If the DSP48 was instantiated in the design, it is suggested to set both the MREG and PREG attributes to 1 when performing multiply functions.
Related violations: <none>

DPOP-4#18 Warning
MREG Output pipelining  
DSP design_1_i/ekf_batch_0/inst/fmul_32ns_32ns_32_3_max_dsp_1_U1487/ekf_batch_fmul_32ns_32ns_32_3_max_dsp_1_ip_u/inst/i_synth/MULT.OP/i_non_prim.MULT/DSP48E1_SPD_SGL_VARIANT.FIX_MULT/DSP2/i_no_versal_es1_workaround.DSP multiplier stage design_1_i/ekf_batch_0/inst/fmul_32ns_32ns_32_3_max_dsp_1_U1487/ekf_batch_fmul_32ns_32ns_32_3_max_dsp_1_ip_u/inst/i_synth/MULT.OP/i_non_prim.MULT/DSP48E1_SPD_SGL_VARIANT.FIX_MULT/DSP2/i_no_versal_es1_workaround.DSP/PATTERNDETECT is not pipelined (MREG=0). Pipelining the multiplier function will improve performance and will save significant power so it is suggested whenever possible to fully pipeline this function.  If this multiplier was inferred, it is suggested to describe an additional register stage after this function.  If there is no registered adder/accumulator following the multiply function, two pipeline stages are suggested to allow both the MREG and PREG registers to be used.  If the DSP48 was instantiated in the design, it is suggested to set both the MREG and PREG attributes to 1 when performing multiply functions.
Related violations: <none>

DPOP-4#19 Warning
MREG Output pipelining  
DSP design_1_i/ekf_batch_0/inst/fmul_32ns_32ns_32_3_max_dsp_1_U1487/ekf_batch_fmul_32ns_32ns_32_3_max_dsp_1_ip_u/inst/i_synth/MULT.OP/i_non_prim.MULT/DSP48E1_SPD_SGL_VARIANT.FIX_MULT/DSP2/i_no_versal_es1_workaround.DSP multiplier stage design_1_i/ekf_batch_0/inst/fmul_32ns_32ns_32_3_max_dsp_1_U1487/ekf_batch_fmul_32ns_32ns_32_3_max_dsp_1_ip_u/inst/i_synth/MULT.OP/i_non_prim.MULT/DSP48E1_SPD_SGL_VARIANT.FIX_MULT/DSP2/i_no_versal_es1_workaround.DSP/P[47:0] is not pipelined (MREG=0). Pipelining the multiplier function will improve performance and will save significant power so it is suggested whenever possible to fully pipeline this function.  If this multiplier was inferred, it is suggested to describe an additional register stage after this function.  If there is no registered adder/accumulator following the multiply function, two pipeline stages are suggested to allow both the MREG and PREG registers to be used.  If the DSP48 was instantiated in the design, it is suggested to set both the MREG and PREG attributes to 1 when performing multiply functions.
Related violations: <none>

DPOP-4#20 Warning
MREG Output pipelining  
DSP design_1_i/ekf_batch_0/inst/fmul_32ns_32ns_32_3_max_dsp_1_U1488/ekf_batch_fmul_32ns_32ns_32_3_max_dsp_1_ip_u/inst/i_synth/MULT.OP/i_non_prim.MULT/DSP48E1_SPD_SGL_VARIANT.FIX_MULT/DSP1/i_no_versal_es1_workaround.DSP multiplier stage design_1_i/ekf_batch_0/inst/fmul_32ns_32ns_32_3_max_dsp_1_U1488/ekf_batch_fmul_32ns_32ns_32_3_max_dsp_1_ip_u/inst/i_synth/MULT.OP/i_non_prim.MULT/DSP48E1_SPD_SGL_VARIANT.FIX_MULT/DSP1/i_no_versal_es1_workaround.DSP/PATTERNDETECT is not pipelined (MREG=0). Pipelining the multiplier function will improve performance and will save significant power so it is suggested whenever possible to fully pipeline this function.  If this multiplier was inferred, it is suggested to describe an additional register stage after this function.  If there is no registered adder/accumulator following the multiply function, two pipeline stages are suggested to allow both the MREG and PREG registers to be used.  If the DSP48 was instantiated in the design, it is suggested to set both the MREG and PREG attributes to 1 when performing multiply functions.
Related violations: <none>

DPOP-4#21 Warning
MREG Output pipelining  
DSP design_1_i/ekf_batch_0/inst/fmul_32ns_32ns_32_3_max_dsp_1_U1488/ekf_batch_fmul_32ns_32ns_32_3_max_dsp_1_ip_u/inst/i_synth/MULT.OP/i_non_prim.MULT/DSP48E1_SPD_SGL_VARIANT.FIX_MULT/DSP2/i_no_versal_es1_workaround.DSP multiplier stage design_1_i/ekf_batch_0/inst/fmul_32ns_32ns_32_3_max_dsp_1_U1488/ekf_batch_fmul_32ns_32ns_32_3_max_dsp_1_ip_u/inst/i_synth/MULT.OP/i_non_prim.MULT/DSP48E1_SPD_SGL_VARIANT.FIX_MULT/DSP2/i_no_versal_es1_workaround.DSP/PATTERNDETECT is not pipelined (MREG=0). Pipelining the multiplier function will improve performance and will save significant power so it is suggested whenever possible to fully pipeline this function.  If this multiplier was inferred, it is suggested to describe an additional register stage after this function.  If there is no registered adder/accumulator following the multiply function, two pipeline stages are suggested to allow both the MREG and PREG registers to be used.  If the DSP48 was instantiated in the design, it is suggested to set both the MREG and PREG attributes to 1 when performing multiply functions.
Related violations: <none>

DPOP-4#22 Warning
MREG Output pipelining  
DSP design_1_i/ekf_batch_0/inst/fmul_32ns_32ns_32_3_max_dsp_1_U1488/ekf_batch_fmul_32ns_32ns_32_3_max_dsp_1_ip_u/inst/i_synth/MULT.OP/i_non_prim.MULT/DSP48E1_SPD_SGL_VARIANT.FIX_MULT/DSP2/i_no_versal_es1_workaround.DSP multiplier stage design_1_i/ekf_batch_0/inst/fmul_32ns_32ns_32_3_max_dsp_1_U1488/ekf_batch_fmul_32ns_32ns_32_3_max_dsp_1_ip_u/inst/i_synth/MULT.OP/i_non_prim.MULT/DSP48E1_SPD_SGL_VARIANT.FIX_MULT/DSP2/i_no_versal_es1_workaround.DSP/P[47:0] is not pipelined (MREG=0). Pipelining the multiplier function will improve performance and will save significant power so it is suggested whenever possible to fully pipeline this function.  If this multiplier was inferred, it is suggested to describe an additional register stage after this function.  If there is no registered adder/accumulator following the multiply function, two pipeline stages are suggested to allow both the MREG and PREG registers to be used.  If the DSP48 was instantiated in the design, it is suggested to set both the MREG and PREG attributes to 1 when performing multiply functions.
Related violations: <none>

DPOP-4#23 Warning
MREG Output pipelining  
DSP design_1_i/ekf_batch_0/inst/fmul_32ns_32ns_32_3_max_dsp_1_U1489/ekf_batch_fmul_32ns_32ns_32_3_max_dsp_1_ip_u/inst/i_synth/MULT.OP/i_non_prim.MULT/DSP48E1_SPD_SGL_VARIANT.FIX_MULT/DSP1/i_no_versal_es1_workaround.DSP multiplier stage design_1_i/ekf_batch_0/inst/fmul_32ns_32ns_32_3_max_dsp_1_U1489/ekf_batch_fmul_32ns_32ns_32_3_max_dsp_1_ip_u/inst/i_synth/MULT.OP/i_non_prim.MULT/DSP48E1_SPD_SGL_VARIANT.FIX_MULT/DSP1/i_no_versal_es1_workaround.DSP/PATTERNDETECT is not pipelined (MREG=0). Pipelining the multiplier function will improve performance and will save significant power so it is suggested whenever possible to fully pipeline this function.  If this multiplier was inferred, it is suggested to describe an additional register stage after this function.  If there is no registered adder/accumulator following the multiply function, two pipeline stages are suggested to allow both the MREG and PREG registers to be used.  If the DSP48 was instantiated in the design, it is suggested to set both the MREG and PREG attributes to 1 when performing multiply functions.
Related violations: <none>

DPOP-4#24 Warning
MREG Output pipelining  
DSP design_1_i/ekf_batch_0/inst/fmul_32ns_32ns_32_3_max_dsp_1_U1489/ekf_batch_fmul_32ns_32ns_32_3_max_dsp_1_ip_u/inst/i_synth/MULT.OP/i_non_prim.MULT/DSP48E1_SPD_SGL_VARIANT.FIX_MULT/DSP2/i_no_versal_es1_workaround.DSP multiplier stage design_1_i/ekf_batch_0/inst/fmul_32ns_32ns_32_3_max_dsp_1_U1489/ekf_batch_fmul_32ns_32ns_32_3_max_dsp_1_ip_u/inst/i_synth/MULT.OP/i_non_prim.MULT/DSP48E1_SPD_SGL_VARIANT.FIX_MULT/DSP2/i_no_versal_es1_workaround.DSP/PATTERNDETECT is not pipelined (MREG=0). Pipelining the multiplier function will improve performance and will save significant power so it is suggested whenever possible to fully pipeline this function.  If this multiplier was inferred, it is suggested to describe an additional register stage after this function.  If there is no registered adder/accumulator following the multiply function, two pipeline stages are suggested to allow both the MREG and PREG registers to be used.  If the DSP48 was instantiated in the design, it is suggested to set both the MREG and PREG attributes to 1 when performing multiply functions.
Related violations: <none>

DPOP-4#25 Warning
MREG Output pipelining  
DSP design_1_i/ekf_batch_0/inst/fmul_32ns_32ns_32_3_max_dsp_1_U1489/ekf_batch_fmul_32ns_32ns_32_3_max_dsp_1_ip_u/inst/i_synth/MULT.OP/i_non_prim.MULT/DSP48E1_SPD_SGL_VARIANT.FIX_MULT/DSP2/i_no_versal_es1_workaround.DSP multiplier stage design_1_i/ekf_batch_0/inst/fmul_32ns_32ns_32_3_max_dsp_1_U1489/ekf_batch_fmul_32ns_32ns_32_3_max_dsp_1_ip_u/inst/i_synth/MULT.OP/i_non_prim.MULT/DSP48E1_SPD_SGL_VARIANT.FIX_MULT/DSP2/i_no_versal_es1_workaround.DSP/P[47:0] is not pipelined (MREG=0). Pipelining the multiplier function will improve performance and will save significant power so it is suggested whenever possible to fully pipeline this function.  If this multiplier was inferred, it is suggested to describe an additional register stage after this function.  If there is no registered adder/accumulator following the multiply function, two pipeline stages are suggested to allow both the MREG and PREG registers to be used.  If the DSP48 was instantiated in the design, it is suggested to set both the MREG and PREG attributes to 1 when performing multiply functions.
Related violations: <none>

DPOP-4#26 Warning
MREG Output pipelining  
DSP design_1_i/ekf_batch_0/inst/fmul_32ns_32ns_32_3_max_dsp_1_U1490/ekf_batch_fmul_32ns_32ns_32_3_max_dsp_1_ip_u/inst/i_synth/MULT.OP/i_non_prim.MULT/DSP48E1_SPD_SGL_VARIANT.FIX_MULT/DSP1/i_no_versal_es1_workaround.DSP multiplier stage design_1_i/ekf_batch_0/inst/fmul_32ns_32ns_32_3_max_dsp_1_U1490/ekf_batch_fmul_32ns_32ns_32_3_max_dsp_1_ip_u/inst/i_synth/MULT.OP/i_non_prim.MULT/DSP48E1_SPD_SGL_VARIANT.FIX_MULT/DSP1/i_no_versal_es1_workaround.DSP/PATTERNDETECT is not pipelined (MREG=0). Pipelining the multiplier function will improve performance and will save significant power so it is suggested whenever possible to fully pipeline this function.  If this multiplier was inferred, it is suggested to describe an additional register stage after this function.  If there is no registered adder/accumulator following the multiply function, two pipeline stages are suggested to allow both the MREG and PREG registers to be used.  If the DSP48 was instantiated in the design, it is suggested to set both the MREG and PREG attributes to 1 when performing multiply functions.
Related violations: <none>

DPOP-4#27 Warning
MREG Output pipelining  
DSP design_1_i/ekf_batch_0/inst/fmul_32ns_32ns_32_3_max_dsp_1_U1490/ekf_batch_fmul_32ns_32ns_32_3_max_dsp_1_ip_u/inst/i_synth/MULT.OP/i_non_prim.MULT/DSP48E1_SPD_SGL_VARIANT.FIX_MULT/DSP2/i_no_versal_es1_workaround.DSP multiplier stage design_1_i/ekf_batch_0/inst/fmul_32ns_32ns_32_3_max_dsp_1_U1490/ekf_batch_fmul_32ns_32ns_32_3_max_dsp_1_ip_u/inst/i_synth/MULT.OP/i_non_prim.MULT/DSP48E1_SPD_SGL_VARIANT.FIX_MULT/DSP2/i_no_versal_es1_workaround.DSP/PATTERNDETECT is not pipelined (MREG=0). Pipelining the multiplier function will improve performance and will save significant power so it is suggested whenever possible to fully pipeline this function.  If this multiplier was inferred, it is suggested to describe an additional register stage after this function.  If there is no registered adder/accumulator following the multiply function, two pipeline stages are suggested to allow both the MREG and PREG registers to be used.  If the DSP48 was instantiated in the design, it is suggested to set both the MREG and PREG attributes to 1 when performing multiply functions.
Related violations: <none>

DPOP-4#28 Warning
MREG Output pipelining  
DSP design_1_i/ekf_batch_0/inst/fmul_32ns_32ns_32_3_max_dsp_1_U1490/ekf_batch_fmul_32ns_32ns_32_3_max_dsp_1_ip_u/inst/i_synth/MULT.OP/i_non_prim.MULT/DSP48E1_SPD_SGL_VARIANT.FIX_MULT/DSP2/i_no_versal_es1_workaround.DSP multiplier stage design_1_i/ekf_batch_0/inst/fmul_32ns_32ns_32_3_max_dsp_1_U1490/ekf_batch_fmul_32ns_32ns_32_3_max_dsp_1_ip_u/inst/i_synth/MULT.OP/i_non_prim.MULT/DSP48E1_SPD_SGL_VARIANT.FIX_MULT/DSP2/i_no_versal_es1_workaround.DSP/P[47:0] is not pipelined (MREG=0). Pipelining the multiplier function will improve performance and will save significant power so it is suggested whenever possible to fully pipeline this function.  If this multiplier was inferred, it is suggested to describe an additional register stage after this function.  If there is no registered adder/accumulator following the multiply function, two pipeline stages are suggested to allow both the MREG and PREG registers to be used.  If the DSP48 was instantiated in the design, it is suggested to set both the MREG and PREG attributes to 1 when performing multiply functions.
Related violations: <none>

DPOP-4#29 Warning
MREG Output pipelining  
DSP design_1_i/ekf_batch_0/inst/grp_ekf_batch_Pipeline_VITIS_LOOP_58_1_fu_11175/fadd_32ns_32ns_32_4_full_dsp_1_U117/ekf_batch_fadd_32ns_32ns_32_4_full_dsp_1_ip_u/inst/i_synth/ADDSUB_OP.ADDSUB/DSP.OP/DSP48E1_BODY.NORM_RND/FULL_USAGE_DSP.SHIFT_RND/i_no_versal_es1_workaround.DSP multiplier stage design_1_i/ekf_batch_0/inst/grp_ekf_batch_Pipeline_VITIS_LOOP_58_1_fu_11175/fadd_32ns_32ns_32_4_full_dsp_1_U117/ekf_batch_fadd_32ns_32ns_32_4_full_dsp_1_ip_u/inst/i_synth/ADDSUB_OP.ADDSUB/DSP.OP/DSP48E1_BODY.NORM_RND/FULL_USAGE_DSP.SHIFT_RND/i_no_versal_es1_workaround.DSP/P[47:0] is not pipelined (MREG=0). Pipelining the multiplier function will improve performance and will save significant power so it is suggested whenever possible to fully pipeline this function.  If this multiplier was inferred, it is suggested to describe an additional register stage after this function.  If there is no registered adder/accumulator following the multiply function, two pipeline stages are suggested to allow both the MREG and PREG registers to be used.  If the DSP48 was instantiated in the design, it is suggested to set both the MREG and PREG attributes to 1 when performing multiply functions.
Related violations: <none>

DPOP-4#30 Warning
MREG Output pipelining  
DSP design_1_i/ekf_batch_0/inst/grp_ekf_batch_Pipeline_VITIS_LOOP_58_1_fu_11175/fadd_32ns_32ns_32_4_full_dsp_1_U118/ekf_batch_fadd_32ns_32ns_32_4_full_dsp_1_ip_u/inst/i_synth/ADDSUB_OP.ADDSUB/DSP.OP/DSP48E1_BODY.NORM_RND/FULL_USAGE_DSP.SHIFT_RND/i_no_versal_es1_workaround.DSP multiplier stage design_1_i/ekf_batch_0/inst/grp_ekf_batch_Pipeline_VITIS_LOOP_58_1_fu_11175/fadd_32ns_32ns_32_4_full_dsp_1_U118/ekf_batch_fadd_32ns_32ns_32_4_full_dsp_1_ip_u/inst/i_synth/ADDSUB_OP.ADDSUB/DSP.OP/DSP48E1_BODY.NORM_RND/FULL_USAGE_DSP.SHIFT_RND/i_no_versal_es1_workaround.DSP/P[47:0] is not pipelined (MREG=0). Pipelining the multiplier function will improve performance and will save significant power so it is suggested whenever possible to fully pipeline this function.  If this multiplier was inferred, it is suggested to describe an additional register stage after this function.  If there is no registered adder/accumulator following the multiply function, two pipeline stages are suggested to allow both the MREG and PREG registers to be used.  If the DSP48 was instantiated in the design, it is suggested to set both the MREG and PREG attributes to 1 when performing multiply functions.
Related violations: <none>

DPOP-4#31 Warning
MREG Output pipelining  
DSP design_1_i/ekf_batch_0/inst/grp_ekf_batch_Pipeline_VITIS_LOOP_58_1_fu_11175/fadd_32ns_32ns_32_4_full_dsp_1_U119/ekf_batch_fadd_32ns_32ns_32_4_full_dsp_1_ip_u/inst/i_synth/ADDSUB_OP.ADDSUB/DSP.OP/DSP48E1_BODY.NORM_RND/FULL_USAGE_DSP.SHIFT_RND/i_no_versal_es1_workaround.DSP multiplier stage design_1_i/ekf_batch_0/inst/grp_ekf_batch_Pipeline_VITIS_LOOP_58_1_fu_11175/fadd_32ns_32ns_32_4_full_dsp_1_U119/ekf_batch_fadd_32ns_32ns_32_4_full_dsp_1_ip_u/inst/i_synth/ADDSUB_OP.ADDSUB/DSP.OP/DSP48E1_BODY.NORM_RND/FULL_USAGE_DSP.SHIFT_RND/i_no_versal_es1_workaround.DSP/P[47:0] is not pipelined (MREG=0). Pipelining the multiplier function will improve performance and will save significant power so it is suggested whenever possible to fully pipeline this function.  If this multiplier was inferred, it is suggested to describe an additional register stage after this function.  If there is no registered adder/accumulator following the multiply function, two pipeline stages are suggested to allow both the MREG and PREG registers to be used.  If the DSP48 was instantiated in the design, it is suggested to set both the MREG and PREG attributes to 1 when performing multiply functions.
Related violations: <none>

DPOP-4#32 Warning
MREG Output pipelining  
DSP design_1_i/ekf_batch_0/inst/grp_ekf_batch_Pipeline_VITIS_LOOP_58_1_fu_11175/fadd_32ns_32ns_32_4_full_dsp_1_U120/ekf_batch_fadd_32ns_32ns_32_4_full_dsp_1_ip_u/inst/i_synth/ADDSUB_OP.ADDSUB/DSP.OP/DSP48E1_BODY.NORM_RND/FULL_USAGE_DSP.SHIFT_RND/i_no_versal_es1_workaround.DSP multiplier stage design_1_i/ekf_batch_0/inst/grp_ekf_batch_Pipeline_VITIS_LOOP_58_1_fu_11175/fadd_32ns_32ns_32_4_full_dsp_1_U120/ekf_batch_fadd_32ns_32ns_32_4_full_dsp_1_ip_u/inst/i_synth/ADDSUB_OP.ADDSUB/DSP.OP/DSP48E1_BODY.NORM_RND/FULL_USAGE_DSP.SHIFT_RND/i_no_versal_es1_workaround.DSP/P[47:0] is not pipelined (MREG=0). Pipelining the multiplier function will improve performance and will save significant power so it is suggested whenever possible to fully pipeline this function.  If this multiplier was inferred, it is suggested to describe an additional register stage after this function.  If there is no registered adder/accumulator following the multiply function, two pipeline stages are suggested to allow both the MREG and PREG registers to be used.  If the DSP48 was instantiated in the design, it is suggested to set both the MREG and PREG attributes to 1 when performing multiply functions.
Related violations: <none>

DPOP-4#33 Warning
MREG Output pipelining  
DSP design_1_i/ekf_batch_0/inst/grp_ekf_batch_Pipeline_VITIS_LOOP_58_1_fu_11175/fadd_32ns_32ns_32_4_full_dsp_1_U121/ekf_batch_fadd_32ns_32ns_32_4_full_dsp_1_ip_u/inst/i_synth/ADDSUB_OP.ADDSUB/DSP.OP/DSP48E1_BODY.NORM_RND/FULL_USAGE_DSP.SHIFT_RND/i_no_versal_es1_workaround.DSP multiplier stage design_1_i/ekf_batch_0/inst/grp_ekf_batch_Pipeline_VITIS_LOOP_58_1_fu_11175/fadd_32ns_32ns_32_4_full_dsp_1_U121/ekf_batch_fadd_32ns_32ns_32_4_full_dsp_1_ip_u/inst/i_synth/ADDSUB_OP.ADDSUB/DSP.OP/DSP48E1_BODY.NORM_RND/FULL_USAGE_DSP.SHIFT_RND/i_no_versal_es1_workaround.DSP/P[47:0] is not pipelined (MREG=0). Pipelining the multiplier function will improve performance and will save significant power so it is suggested whenever possible to fully pipeline this function.  If this multiplier was inferred, it is suggested to describe an additional register stage after this function.  If there is no registered adder/accumulator following the multiply function, two pipeline stages are suggested to allow both the MREG and PREG registers to be used.  If the DSP48 was instantiated in the design, it is suggested to set both the MREG and PREG attributes to 1 when performing multiply functions.
Related violations: <none>

DPOP-4#34 Warning
MREG Output pipelining  
DSP design_1_i/ekf_batch_0/inst/grp_ekf_batch_Pipeline_VITIS_LOOP_58_1_fu_11175/fmul_32ns_32ns_32_3_max_dsp_1_U123/ekf_batch_fmul_32ns_32ns_32_3_max_dsp_1_ip_u/inst/i_synth/MULT.OP/i_non_prim.MULT/DSP48E1_SPD_SGL_VARIANT.FIX_MULT/DSP1/i_no_versal_es1_workaround.DSP multiplier stage design_1_i/ekf_batch_0/inst/grp_ekf_batch_Pipeline_VITIS_LOOP_58_1_fu_11175/fmul_32ns_32ns_32_3_max_dsp_1_U123/ekf_batch_fmul_32ns_32ns_32_3_max_dsp_1_ip_u/inst/i_synth/MULT.OP/i_non_prim.MULT/DSP48E1_SPD_SGL_VARIANT.FIX_MULT/DSP1/i_no_versal_es1_workaround.DSP/PATTERNDETECT is not pipelined (MREG=0). Pipelining the multiplier function will improve performance and will save significant power so it is suggested whenever possible to fully pipeline this function.  If this multiplier was inferred, it is suggested to describe an additional register stage after this function.  If there is no registered adder/accumulator following the multiply function, two pipeline stages are suggested to allow both the MREG and PREG registers to be used.  If the DSP48 was instantiated in the design, it is suggested to set both the MREG and PREG attributes to 1 when performing multiply functions.
Related violations: <none>

DPOP-4#35 Warning
MREG Output pipelining  
DSP design_1_i/ekf_batch_0/inst/grp_ekf_batch_Pipeline_VITIS_LOOP_58_1_fu_11175/fmul_32ns_32ns_32_3_max_dsp_1_U123/ekf_batch_fmul_32ns_32ns_32_3_max_dsp_1_ip_u/inst/i_synth/MULT.OP/i_non_prim.MULT/DSP48E1_SPD_SGL_VARIANT.FIX_MULT/DSP2/i_no_versal_es1_workaround.DSP multiplier stage design_1_i/ekf_batch_0/inst/grp_ekf_batch_Pipeline_VITIS_LOOP_58_1_fu_11175/fmul_32ns_32ns_32_3_max_dsp_1_U123/ekf_batch_fmul_32ns_32ns_32_3_max_dsp_1_ip_u/inst/i_synth/MULT.OP/i_non_prim.MULT/DSP48E1_SPD_SGL_VARIANT.FIX_MULT/DSP2/i_no_versal_es1_workaround.DSP/PATTERNDETECT is not pipelined (MREG=0). Pipelining the multiplier function will improve performance and will save significant power so it is suggested whenever possible to fully pipeline this function.  If this multiplier was inferred, it is suggested to describe an additional register stage after this function.  If there is no registered adder/accumulator following the multiply function, two pipeline stages are suggested to allow both the MREG and PREG registers to be used.  If the DSP48 was instantiated in the design, it is suggested to set both the MREG and PREG attributes to 1 when performing multiply functions.
Related violations: <none>

DPOP-4#36 Warning
MREG Output pipelining  
DSP design_1_i/ekf_batch_0/inst/grp_ekf_batch_Pipeline_VITIS_LOOP_58_1_fu_11175/fmul_32ns_32ns_32_3_max_dsp_1_U123/ekf_batch_fmul_32ns_32ns_32_3_max_dsp_1_ip_u/inst/i_synth/MULT.OP/i_non_prim.MULT/DSP48E1_SPD_SGL_VARIANT.FIX_MULT/DSP2/i_no_versal_es1_workaround.DSP multiplier stage design_1_i/ekf_batch_0/inst/grp_ekf_batch_Pipeline_VITIS_LOOP_58_1_fu_11175/fmul_32ns_32ns_32_3_max_dsp_1_U123/ekf_batch_fmul_32ns_32ns_32_3_max_dsp_1_ip_u/inst/i_synth/MULT.OP/i_non_prim.MULT/DSP48E1_SPD_SGL_VARIANT.FIX_MULT/DSP2/i_no_versal_es1_workaround.DSP/P[47:0] is not pipelined (MREG=0). Pipelining the multiplier function will improve performance and will save significant power so it is suggested whenever possible to fully pipeline this function.  If this multiplier was inferred, it is suggested to describe an additional register stage after this function.  If there is no registered adder/accumulator following the multiply function, two pipeline stages are suggested to allow both the MREG and PREG registers to be used.  If the DSP48 was instantiated in the design, it is suggested to set both the MREG and PREG attributes to 1 when performing multiply functions.
Related violations: <none>

DPOP-4#37 Warning
MREG Output pipelining  
DSP design_1_i/ekf_batch_0/inst/grp_ekf_batch_Pipeline_VITIS_LOOP_58_1_fu_11175/fmul_32ns_32ns_32_3_max_dsp_1_U124/ekf_batch_fmul_32ns_32ns_32_3_max_dsp_1_ip_u/inst/i_synth/MULT.OP/i_non_prim.MULT/DSP48E1_SPD_SGL_VARIANT.FIX_MULT/DSP1/i_no_versal_es1_workaround.DSP multiplier stage design_1_i/ekf_batch_0/inst/grp_ekf_batch_Pipeline_VITIS_LOOP_58_1_fu_11175/fmul_32ns_32ns_32_3_max_dsp_1_U124/ekf_batch_fmul_32ns_32ns_32_3_max_dsp_1_ip_u/inst/i_synth/MULT.OP/i_non_prim.MULT/DSP48E1_SPD_SGL_VARIANT.FIX_MULT/DSP1/i_no_versal_es1_workaround.DSP/PATTERNDETECT is not pipelined (MREG=0). Pipelining the multiplier function will improve performance and will save significant power so it is suggested whenever possible to fully pipeline this function.  If this multiplier was inferred, it is suggested to describe an additional register stage after this function.  If there is no registered adder/accumulator following the multiply function, two pipeline stages are suggested to allow both the MREG and PREG registers to be used.  If the DSP48 was instantiated in the design, it is suggested to set both the MREG and PREG attributes to 1 when performing multiply functions.
Related violations: <none>

DPOP-4#38 Warning
MREG Output pipelining  
DSP design_1_i/ekf_batch_0/inst/grp_ekf_batch_Pipeline_VITIS_LOOP_58_1_fu_11175/fmul_32ns_32ns_32_3_max_dsp_1_U124/ekf_batch_fmul_32ns_32ns_32_3_max_dsp_1_ip_u/inst/i_synth/MULT.OP/i_non_prim.MULT/DSP48E1_SPD_SGL_VARIANT.FIX_MULT/DSP2/i_no_versal_es1_workaround.DSP multiplier stage design_1_i/ekf_batch_0/inst/grp_ekf_batch_Pipeline_VITIS_LOOP_58_1_fu_11175/fmul_32ns_32ns_32_3_max_dsp_1_U124/ekf_batch_fmul_32ns_32ns_32_3_max_dsp_1_ip_u/inst/i_synth/MULT.OP/i_non_prim.MULT/DSP48E1_SPD_SGL_VARIANT.FIX_MULT/DSP2/i_no_versal_es1_workaround.DSP/PATTERNDETECT is not pipelined (MREG=0). Pipelining the multiplier function will improve performance and will save significant power so it is suggested whenever possible to fully pipeline this function.  If this multiplier was inferred, it is suggested to describe an additional register stage after this function.  If there is no registered adder/accumulator following the multiply function, two pipeline stages are suggested to allow both the MREG and PREG registers to be used.  If the DSP48 was instantiated in the design, it is suggested to set both the MREG and PREG attributes to 1 when performing multiply functions.
Related violations: <none>

DPOP-4#39 Warning
MREG Output pipelining  
DSP design_1_i/ekf_batch_0/inst/grp_ekf_batch_Pipeline_VITIS_LOOP_58_1_fu_11175/fmul_32ns_32ns_32_3_max_dsp_1_U124/ekf_batch_fmul_32ns_32ns_32_3_max_dsp_1_ip_u/inst/i_synth/MULT.OP/i_non_prim.MULT/DSP48E1_SPD_SGL_VARIANT.FIX_MULT/DSP2/i_no_versal_es1_workaround.DSP multiplier stage design_1_i/ekf_batch_0/inst/grp_ekf_batch_Pipeline_VITIS_LOOP_58_1_fu_11175/fmul_32ns_32ns_32_3_max_dsp_1_U124/ekf_batch_fmul_32ns_32ns_32_3_max_dsp_1_ip_u/inst/i_synth/MULT.OP/i_non_prim.MULT/DSP48E1_SPD_SGL_VARIANT.FIX_MULT/DSP2/i_no_versal_es1_workaround.DSP/P[47:0] is not pipelined (MREG=0). Pipelining the multiplier function will improve performance and will save significant power so it is suggested whenever possible to fully pipeline this function.  If this multiplier was inferred, it is suggested to describe an additional register stage after this function.  If there is no registered adder/accumulator following the multiply function, two pipeline stages are suggested to allow both the MREG and PREG registers to be used.  If the DSP48 was instantiated in the design, it is suggested to set both the MREG and PREG attributes to 1 when performing multiply functions.
Related violations: <none>

DPOP-4#40 Warning
MREG Output pipelining  
DSP design_1_i/ekf_batch_0/inst/grp_ekf_batch_Pipeline_VITIS_LOOP_58_1_fu_11175/fmul_32ns_32ns_32_3_max_dsp_1_U125/ekf_batch_fmul_32ns_32ns_32_3_max_dsp_1_ip_u/inst/i_synth/MULT.OP/i_non_prim.MULT/DSP48E1_SPD_SGL_VARIANT.FIX_MULT/DSP1/i_no_versal_es1_workaround.DSP multiplier stage design_1_i/ekf_batch_0/inst/grp_ekf_batch_Pipeline_VITIS_LOOP_58_1_fu_11175/fmul_32ns_32ns_32_3_max_dsp_1_U125/ekf_batch_fmul_32ns_32ns_32_3_max_dsp_1_ip_u/inst/i_synth/MULT.OP/i_non_prim.MULT/DSP48E1_SPD_SGL_VARIANT.FIX_MULT/DSP1/i_no_versal_es1_workaround.DSP/PATTERNDETECT is not pipelined (MREG=0). Pipelining the multiplier function will improve performance and will save significant power so it is suggested whenever possible to fully pipeline this function.  If this multiplier was inferred, it is suggested to describe an additional register stage after this function.  If there is no registered adder/accumulator following the multiply function, two pipeline stages are suggested to allow both the MREG and PREG registers to be used.  If the DSP48 was instantiated in the design, it is suggested to set both the MREG and PREG attributes to 1 when performing multiply functions.
Related violations: <none>

DPOP-4#41 Warning
MREG Output pipelining  
DSP design_1_i/ekf_batch_0/inst/grp_ekf_batch_Pipeline_VITIS_LOOP_58_1_fu_11175/fmul_32ns_32ns_32_3_max_dsp_1_U125/ekf_batch_fmul_32ns_32ns_32_3_max_dsp_1_ip_u/inst/i_synth/MULT.OP/i_non_prim.MULT/DSP48E1_SPD_SGL_VARIANT.FIX_MULT/DSP2/i_no_versal_es1_workaround.DSP multiplier stage design_1_i/ekf_batch_0/inst/grp_ekf_batch_Pipeline_VITIS_LOOP_58_1_fu_11175/fmul_32ns_32ns_32_3_max_dsp_1_U125/ekf_batch_fmul_32ns_32ns_32_3_max_dsp_1_ip_u/inst/i_synth/MULT.OP/i_non_prim.MULT/DSP48E1_SPD_SGL_VARIANT.FIX_MULT/DSP2/i_no_versal_es1_workaround.DSP/PATTERNDETECT is not pipelined (MREG=0). Pipelining the multiplier function will improve performance and will save significant power so it is suggested whenever possible to fully pipeline this function.  If this multiplier was inferred, it is suggested to describe an additional register stage after this function.  If there is no registered adder/accumulator following the multiply function, two pipeline stages are suggested to allow both the MREG and PREG registers to be used.  If the DSP48 was instantiated in the design, it is suggested to set both the MREG and PREG attributes to 1 when performing multiply functions.
Related violations: <none>

DPOP-4#42 Warning
MREG Output pipelining  
DSP design_1_i/ekf_batch_0/inst/grp_ekf_batch_Pipeline_VITIS_LOOP_58_1_fu_11175/fmul_32ns_32ns_32_3_max_dsp_1_U125/ekf_batch_fmul_32ns_32ns_32_3_max_dsp_1_ip_u/inst/i_synth/MULT.OP/i_non_prim.MULT/DSP48E1_SPD_SGL_VARIANT.FIX_MULT/DSP2/i_no_versal_es1_workaround.DSP multiplier stage design_1_i/ekf_batch_0/inst/grp_ekf_batch_Pipeline_VITIS_LOOP_58_1_fu_11175/fmul_32ns_32ns_32_3_max_dsp_1_U125/ekf_batch_fmul_32ns_32ns_32_3_max_dsp_1_ip_u/inst/i_synth/MULT.OP/i_non_prim.MULT/DSP48E1_SPD_SGL_VARIANT.FIX_MULT/DSP2/i_no_versal_es1_workaround.DSP/P[47:0] is not pipelined (MREG=0). Pipelining the multiplier function will improve performance and will save significant power so it is suggested whenever possible to fully pipeline this function.  If this multiplier was inferred, it is suggested to describe an additional register stage after this function.  If there is no registered adder/accumulator following the multiply function, two pipeline stages are suggested to allow both the MREG and PREG registers to be used.  If the DSP48 was instantiated in the design, it is suggested to set both the MREG and PREG attributes to 1 when performing multiply functions.
Related violations: <none>

DPOP-4#43 Warning
MREG Output pipelining  
DSP design_1_i/ekf_batch_0/inst/grp_ekf_batch_Pipeline_VITIS_LOOP_58_1_fu_11175/fmul_32ns_32ns_32_3_max_dsp_1_U126/ekf_batch_fmul_32ns_32ns_32_3_max_dsp_1_ip_u/inst/i_synth/MULT.OP/i_non_prim.MULT/DSP48E1_SPD_SGL_VARIANT.FIX_MULT/DSP1/i_no_versal_es1_workaround.DSP multiplier stage design_1_i/ekf_batch_0/inst/grp_ekf_batch_Pipeline_VITIS_LOOP_58_1_fu_11175/fmul_32ns_32ns_32_3_max_dsp_1_U126/ekf_batch_fmul_32ns_32ns_32_3_max_dsp_1_ip_u/inst/i_synth/MULT.OP/i_non_prim.MULT/DSP48E1_SPD_SGL_VARIANT.FIX_MULT/DSP1/i_no_versal_es1_workaround.DSP/PATTERNDETECT is not pipelined (MREG=0). Pipelining the multiplier function will improve performance and will save significant power so it is suggested whenever possible to fully pipeline this function.  If this multiplier was inferred, it is suggested to describe an additional register stage after this function.  If there is no registered adder/accumulator following the multiply function, two pipeline stages are suggested to allow both the MREG and PREG registers to be used.  If the DSP48 was instantiated in the design, it is suggested to set both the MREG and PREG attributes to 1 when performing multiply functions.
Related violations: <none>

DPOP-4#44 Warning
MREG Output pipelining  
DSP design_1_i/ekf_batch_0/inst/grp_ekf_batch_Pipeline_VITIS_LOOP_58_1_fu_11175/fmul_32ns_32ns_32_3_max_dsp_1_U126/ekf_batch_fmul_32ns_32ns_32_3_max_dsp_1_ip_u/inst/i_synth/MULT.OP/i_non_prim.MULT/DSP48E1_SPD_SGL_VARIANT.FIX_MULT/DSP2/i_no_versal_es1_workaround.DSP multiplier stage design_1_i/ekf_batch_0/inst/grp_ekf_batch_Pipeline_VITIS_LOOP_58_1_fu_11175/fmul_32ns_32ns_32_3_max_dsp_1_U126/ekf_batch_fmul_32ns_32ns_32_3_max_dsp_1_ip_u/inst/i_synth/MULT.OP/i_non_prim.MULT/DSP48E1_SPD_SGL_VARIANT.FIX_MULT/DSP2/i_no_versal_es1_workaround.DSP/PATTERNDETECT is not pipelined (MREG=0). Pipelining the multiplier function will improve performance and will save significant power so it is suggested whenever possible to fully pipeline this function.  If this multiplier was inferred, it is suggested to describe an additional register stage after this function.  If there is no registered adder/accumulator following the multiply function, two pipeline stages are suggested to allow both the MREG and PREG registers to be used.  If the DSP48 was instantiated in the design, it is suggested to set both the MREG and PREG attributes to 1 when performing multiply functions.
Related violations: <none>

DPOP-4#45 Warning
MREG Output pipelining  
DSP design_1_i/ekf_batch_0/inst/grp_ekf_batch_Pipeline_VITIS_LOOP_58_1_fu_11175/fmul_32ns_32ns_32_3_max_dsp_1_U126/ekf_batch_fmul_32ns_32ns_32_3_max_dsp_1_ip_u/inst/i_synth/MULT.OP/i_non_prim.MULT/DSP48E1_SPD_SGL_VARIANT.FIX_MULT/DSP2/i_no_versal_es1_workaround.DSP multiplier stage design_1_i/ekf_batch_0/inst/grp_ekf_batch_Pipeline_VITIS_LOOP_58_1_fu_11175/fmul_32ns_32ns_32_3_max_dsp_1_U126/ekf_batch_fmul_32ns_32ns_32_3_max_dsp_1_ip_u/inst/i_synth/MULT.OP/i_non_prim.MULT/DSP48E1_SPD_SGL_VARIANT.FIX_MULT/DSP2/i_no_versal_es1_workaround.DSP/P[47:0] is not pipelined (MREG=0). Pipelining the multiplier function will improve performance and will save significant power so it is suggested whenever possible to fully pipeline this function.  If this multiplier was inferred, it is suggested to describe an additional register stage after this function.  If there is no registered adder/accumulator following the multiply function, two pipeline stages are suggested to allow both the MREG and PREG registers to be used.  If the DSP48 was instantiated in the design, it is suggested to set both the MREG and PREG attributes to 1 when performing multiply functions.
Related violations: <none>

DPOP-4#46 Warning
MREG Output pipelining  
DSP design_1_i/ekf_batch_0/inst/grp_ekf_batch_Pipeline_VITIS_LOOP_58_1_fu_11175/fmul_32ns_32ns_32_3_max_dsp_1_U127/ekf_batch_fmul_32ns_32ns_32_3_max_dsp_1_ip_u/inst/i_synth/MULT.OP/i_non_prim.MULT/DSP48E1_SPD_SGL_VARIANT.FIX_MULT/DSP1/i_no_versal_es1_workaround.DSP multiplier stage design_1_i/ekf_batch_0/inst/grp_ekf_batch_Pipeline_VITIS_LOOP_58_1_fu_11175/fmul_32ns_32ns_32_3_max_dsp_1_U127/ekf_batch_fmul_32ns_32ns_32_3_max_dsp_1_ip_u/inst/i_synth/MULT.OP/i_non_prim.MULT/DSP48E1_SPD_SGL_VARIANT.FIX_MULT/DSP1/i_no_versal_es1_workaround.DSP/PATTERNDETECT is not pipelined (MREG=0). Pipelining the multiplier function will improve performance and will save significant power so it is suggested whenever possible to fully pipeline this function.  If this multiplier was inferred, it is suggested to describe an additional register stage after this function.  If there is no registered adder/accumulator following the multiply function, two pipeline stages are suggested to allow both the MREG and PREG registers to be used.  If the DSP48 was instantiated in the design, it is suggested to set both the MREG and PREG attributes to 1 when performing multiply functions.
Related violations: <none>

DPOP-4#47 Warning
MREG Output pipelining  
DSP design_1_i/ekf_batch_0/inst/grp_ekf_batch_Pipeline_VITIS_LOOP_58_1_fu_11175/fmul_32ns_32ns_32_3_max_dsp_1_U127/ekf_batch_fmul_32ns_32ns_32_3_max_dsp_1_ip_u/inst/i_synth/MULT.OP/i_non_prim.MULT/DSP48E1_SPD_SGL_VARIANT.FIX_MULT/DSP2/i_no_versal_es1_workaround.DSP multiplier stage design_1_i/ekf_batch_0/inst/grp_ekf_batch_Pipeline_VITIS_LOOP_58_1_fu_11175/fmul_32ns_32ns_32_3_max_dsp_1_U127/ekf_batch_fmul_32ns_32ns_32_3_max_dsp_1_ip_u/inst/i_synth/MULT.OP/i_non_prim.MULT/DSP48E1_SPD_SGL_VARIANT.FIX_MULT/DSP2/i_no_versal_es1_workaround.DSP/PATTERNDETECT is not pipelined (MREG=0). Pipelining the multiplier function will improve performance and will save significant power so it is suggested whenever possible to fully pipeline this function.  If this multiplier was inferred, it is suggested to describe an additional register stage after this function.  If there is no registered adder/accumulator following the multiply function, two pipeline stages are suggested to allow both the MREG and PREG registers to be used.  If the DSP48 was instantiated in the design, it is suggested to set both the MREG and PREG attributes to 1 when performing multiply functions.
Related violations: <none>

DPOP-4#48 Warning
MREG Output pipelining  
DSP design_1_i/ekf_batch_0/inst/grp_ekf_batch_Pipeline_VITIS_LOOP_58_1_fu_11175/fmul_32ns_32ns_32_3_max_dsp_1_U127/ekf_batch_fmul_32ns_32ns_32_3_max_dsp_1_ip_u/inst/i_synth/MULT.OP/i_non_prim.MULT/DSP48E1_SPD_SGL_VARIANT.FIX_MULT/DSP2/i_no_versal_es1_workaround.DSP multiplier stage design_1_i/ekf_batch_0/inst/grp_ekf_batch_Pipeline_VITIS_LOOP_58_1_fu_11175/fmul_32ns_32ns_32_3_max_dsp_1_U127/ekf_batch_fmul_32ns_32ns_32_3_max_dsp_1_ip_u/inst/i_synth/MULT.OP/i_non_prim.MULT/DSP48E1_SPD_SGL_VARIANT.FIX_MULT/DSP2/i_no_versal_es1_workaround.DSP/P[47:0] is not pipelined (MREG=0). Pipelining the multiplier function will improve performance and will save significant power so it is suggested whenever possible to fully pipeline this function.  If this multiplier was inferred, it is suggested to describe an additional register stage after this function.  If there is no registered adder/accumulator following the multiply function, two pipeline stages are suggested to allow both the MREG and PREG registers to be used.  If the DSP48 was instantiated in the design, it is suggested to set both the MREG and PREG attributes to 1 when performing multiply functions.
Related violations: <none>

DPREG-7#1 Warning
DSP48E2_PregDynOpmodeZmuxP:  
The DSP48E2 cell design_1_i/ekf_batch_0/inst/fadd_32ns_32ns_32_4_full_dsp_1_U1450/ekf_batch_fadd_32ns_32ns_32_4_full_dsp_1_ip_u/inst/i_synth/ADDSUB_OP.ADDSUB/DSP.OP/DSP48E1_BODY.ALIGN_ADD/DSP2/i_no_versal_es1_workaround.DSP with the given dynamic OPMODE[8:0] connections may lead to an unregistered asynchronous feedback path without the PREG attribute enabled. Please refer to the user guide and if one of the internal P feedback opmodes is possible for this design the PREG attribute must be set to 1, currently set to 0
Related violations: <none>

DPREG-7#2 Warning
DSP48E2_PregDynOpmodeZmuxP:  
The DSP48E2 cell design_1_i/ekf_batch_0/inst/faddfsub_32ns_32ns_32_4_full_dsp_1_U1479/ekf_batch_faddfsub_32ns_32ns_32_4_full_dsp_1_ip_u/inst/i_synth/ADDSUB_OP.ADDSUB/DSP.OP/DSP48E1_BODY.ALIGN_ADD/DSP2/i_no_versal_es1_workaround.DSP with the given dynamic OPMODE[8:0] connections may lead to an unregistered asynchronous feedback path without the PREG attribute enabled. Please refer to the user guide and if one of the internal P feedback opmodes is possible for this design the PREG attribute must be set to 1, currently set to 0
Related violations: <none>

DPREG-7#3 Warning
DSP48E2_PregDynOpmodeZmuxP:  
The DSP48E2 cell design_1_i/ekf_batch_0/inst/faddfsub_32ns_32ns_32_4_full_dsp_1_U1481/ekf_batch_faddfsub_32ns_32ns_32_4_full_dsp_1_ip_u/inst/i_synth/ADDSUB_OP.ADDSUB/DSP.OP/DSP48E1_BODY.ALIGN_ADD/DSP2/i_no_versal_es1_workaround.DSP with the given dynamic OPMODE[8:0] connections may lead to an unregistered asynchronous feedback path without the PREG attribute enabled. Please refer to the user guide and if one of the internal P feedback opmodes is possible for this design the PREG attribute must be set to 1, currently set to 0
Related violations: <none>

DPREG-7#4 Warning
DSP48E2_PregDynOpmodeZmuxP:  
The DSP48E2 cell design_1_i/ekf_batch_0/inst/faddfsub_32ns_32ns_32_4_full_dsp_1_U1482/ekf_batch_faddfsub_32ns_32ns_32_4_full_dsp_1_ip_u/inst/i_synth/ADDSUB_OP.ADDSUB/DSP.OP/DSP48E1_BODY.ALIGN_ADD/DSP2/i_no_versal_es1_workaround.DSP with the given dynamic OPMODE[8:0] connections may lead to an unregistered asynchronous feedback path without the PREG attribute enabled. Please refer to the user guide and if one of the internal P feedback opmodes is possible for this design the PREG attribute must be set to 1, currently set to 0
Related violations: <none>

DPREG-7#5 Warning
DSP48E2_PregDynOpmodeZmuxP:  
The DSP48E2 cell design_1_i/ekf_batch_0/inst/faddfsub_32ns_32ns_32_4_full_dsp_1_U1483/ekf_batch_faddfsub_32ns_32ns_32_4_full_dsp_1_ip_u/inst/i_synth/ADDSUB_OP.ADDSUB/DSP.OP/DSP48E1_BODY.ALIGN_ADD/DSP2/i_no_versal_es1_workaround.DSP with the given dynamic OPMODE[8:0] connections may lead to an unregistered asynchronous feedback path without the PREG attribute enabled. Please refer to the user guide and if one of the internal P feedback opmodes is possible for this design the PREG attribute must be set to 1, currently set to 0
Related violations: <none>

DPREG-7#6 Warning
DSP48E2_PregDynOpmodeZmuxP:  
The DSP48E2 cell design_1_i/ekf_batch_0/inst/faddfsub_32ns_32ns_32_4_full_dsp_1_U1484/ekf_batch_faddfsub_32ns_32ns_32_4_full_dsp_1_ip_u/inst/i_synth/ADDSUB_OP.ADDSUB/DSP.OP/DSP48E1_BODY.ALIGN_ADD/DSP2/i_no_versal_es1_workaround.DSP with the given dynamic OPMODE[8:0] connections may lead to an unregistered asynchronous feedback path without the PREG attribute enabled. Please refer to the user guide and if one of the internal P feedback opmodes is possible for this design the PREG attribute must be set to 1, currently set to 0
Related violations: <none>

DPREG-7#7 Warning
DSP48E2_PregDynOpmodeZmuxP:  
The DSP48E2 cell design_1_i/ekf_batch_0/inst/faddfsub_32ns_32ns_32_4_full_dsp_1_U1485/ekf_batch_faddfsub_32ns_32ns_32_4_full_dsp_1_ip_u/inst/i_synth/ADDSUB_OP.ADDSUB/DSP.OP/DSP48E1_BODY.ALIGN_ADD/DSP2/i_no_versal_es1_workaround.DSP with the given dynamic OPMODE[8:0] connections may lead to an unregistered asynchronous feedback path without the PREG attribute enabled. Please refer to the user guide and if one of the internal P feedback opmodes is possible for this design the PREG attribute must be set to 1, currently set to 0
Related violations: <none>

DPREG-7#8 Warning
DSP48E2_PregDynOpmodeZmuxP:  
The DSP48E2 cell design_1_i/ekf_batch_0/inst/grp_ekf_batch_Pipeline_VITIS_LOOP_58_1_fu_11175/fadd_32ns_32ns_32_4_full_dsp_1_U117/ekf_batch_fadd_32ns_32ns_32_4_full_dsp_1_ip_u/inst/i_synth/ADDSUB_OP.ADDSUB/DSP.OP/DSP48E1_BODY.ALIGN_ADD/DSP2/i_no_versal_es1_workaround.DSP with the given dynamic OPMODE[8:0] connections may lead to an unregistered asynchronous feedback path without the PREG attribute enabled. Please refer to the user guide and if one of the internal P feedback opmodes is possible for this design the PREG attribute must be set to 1, currently set to 0
Related violations: <none>

DPREG-7#9 Warning
DSP48E2_PregDynOpmodeZmuxP:  
The DSP48E2 cell design_1_i/ekf_batch_0/inst/grp_ekf_batch_Pipeline_VITIS_LOOP_58_1_fu_11175/fadd_32ns_32ns_32_4_full_dsp_1_U118/ekf_batch_fadd_32ns_32ns_32_4_full_dsp_1_ip_u/inst/i_synth/ADDSUB_OP.ADDSUB/DSP.OP/DSP48E1_BODY.ALIGN_ADD/DSP2/i_no_versal_es1_workaround.DSP with the given dynamic OPMODE[8:0] connections may lead to an unregistered asynchronous feedback path without the PREG attribute enabled. Please refer to the user guide and if one of the internal P feedback opmodes is possible for this design the PREG attribute must be set to 1, currently set to 0
Related violations: <none>

DPREG-7#10 Warning
DSP48E2_PregDynOpmodeZmuxP:  
The DSP48E2 cell design_1_i/ekf_batch_0/inst/grp_ekf_batch_Pipeline_VITIS_LOOP_58_1_fu_11175/fadd_32ns_32ns_32_4_full_dsp_1_U119/ekf_batch_fadd_32ns_32ns_32_4_full_dsp_1_ip_u/inst/i_synth/ADDSUB_OP.ADDSUB/DSP.OP/DSP48E1_BODY.ALIGN_ADD/DSP2/i_no_versal_es1_workaround.DSP with the given dynamic OPMODE[8:0] connections may lead to an unregistered asynchronous feedback path without the PREG attribute enabled. Please refer to the user guide and if one of the internal P feedback opmodes is possible for this design the PREG attribute must be set to 1, currently set to 0
Related violations: <none>

DPREG-7#11 Warning
DSP48E2_PregDynOpmodeZmuxP:  
The DSP48E2 cell design_1_i/ekf_batch_0/inst/grp_ekf_batch_Pipeline_VITIS_LOOP_58_1_fu_11175/fadd_32ns_32ns_32_4_full_dsp_1_U120/ekf_batch_fadd_32ns_32ns_32_4_full_dsp_1_ip_u/inst/i_synth/ADDSUB_OP.ADDSUB/DSP.OP/DSP48E1_BODY.ALIGN_ADD/DSP2/i_no_versal_es1_workaround.DSP with the given dynamic OPMODE[8:0] connections may lead to an unregistered asynchronous feedback path without the PREG attribute enabled. Please refer to the user guide and if one of the internal P feedback opmodes is possible for this design the PREG attribute must be set to 1, currently set to 0
Related violations: <none>

DPREG-7#12 Warning
DSP48E2_PregDynOpmodeZmuxP:  
The DSP48E2 cell design_1_i/ekf_batch_0/inst/grp_ekf_batch_Pipeline_VITIS_LOOP_58_1_fu_11175/fadd_32ns_32ns_32_4_full_dsp_1_U121/ekf_batch_fadd_32ns_32ns_32_4_full_dsp_1_ip_u/inst/i_synth/ADDSUB_OP.ADDSUB/DSP.OP/DSP48E1_BODY.ALIGN_ADD/DSP2/i_no_versal_es1_workaround.DSP with the given dynamic OPMODE[8:0] connections may lead to an unregistered asynchronous feedback path without the PREG attribute enabled. Please refer to the user guide and if one of the internal P feedback opmodes is possible for this design the PREG attribute must be set to 1, currently set to 0
Related violations: <none>

PDCN-1569#1 Warning
LUT equation term check  
Used physical LUT pin 'A1' of cell design_1_i/ps8_0_axi_periph/s00_couplers/auto_ds/inst/gen_downsizer.gen_simple_downsizer.axi_downsizer_inst/USE_WRITE.write_addr_inst/cmd_queue/inst/fifo_gen_inst/inst_fifo_gen/gconvfifo.rf/grf.rf/gntv_or_sync_fifo.gl0.rd/gr1.gr1_int.rfwft/gpregsm1.user_valid_i_1 (pin design_1_i/ps8_0_axi_periph/s00_couplers/auto_ds/inst/gen_downsizer.gen_simple_downsizer.axi_downsizer_inst/USE_WRITE.write_addr_inst/cmd_queue/inst/fifo_gen_inst/inst_fifo_gen/gconvfifo.rf/grf.rf/gntv_or_sync_fifo.gl0.rd/gr1.gr1_int.rfwft/gpregsm1.user_valid_i_1/I1) is not included in the LUT equation: 'O6=(A3)+((~A3)*(~A5)*A6)'. If this cell is a user instantiated LUT in the design, please remove connectivity to the pin or change the equation and/or INIT string of the LUT to prevent this issue. If the cell is inferred or IP created LUT, please regenerate the IP and/or resynthesize the design to attempt to correct the issue.
Related violations: <none>

PDCN-1569#2 Warning
LUT equation term check  
Used physical LUT pin 'A2' of cell design_1_i/ps8_0_axi_periph/s00_couplers/auto_ds/inst/gen_downsizer.gen_simple_downsizer.axi_downsizer_inst/USE_READ.read_addr_inst/cmd_queue/inst/fifo_gen_inst/inst_fifo_gen/gconvfifo.rf/grf.rf/gntv_or_sync_fifo.gl0.rd/gr1.gr1_int.rfwft/gpregsm1.user_valid_i_1 (pin design_1_i/ps8_0_axi_periph/s00_couplers/auto_ds/inst/gen_downsizer.gen_simple_downsizer.axi_downsizer_inst/USE_READ.read_addr_inst/cmd_queue/inst/fifo_gen_inst/inst_fifo_gen/gconvfifo.rf/grf.rf/gntv_or_sync_fifo.gl0.rd/gr1.gr1_int.rfwft/gpregsm1.user_valid_i_1/I1) is not included in the LUT equation: 'O5=(A3)+((~A3)*(~A5)*A4)'. If this cell is a user instantiated LUT in the design, please remove connectivity to the pin or change the equation and/or INIT string of the LUT to prevent this issue. If the cell is inferred or IP created LUT, please regenerate the IP and/or resynthesize the design to attempt to correct the issue.
Related violations: <none>

PDCN-1569#3 Warning
LUT equation term check  
Used physical LUT pin 'A2' of cell design_1_i/ps8_0_axi_periph/s01_couplers/auto_ds/inst/gen_downsizer.gen_simple_downsizer.axi_downsizer_inst/USE_WRITE.write_addr_inst/cmd_queue/inst/fifo_gen_inst/inst_fifo_gen/gconvfifo.rf/grf.rf/gntv_or_sync_fifo.gl0.rd/gr1.gr1_int.rfwft/gpregsm1.user_valid_i_1 (pin design_1_i/ps8_0_axi_periph/s01_couplers/auto_ds/inst/gen_downsizer.gen_simple_downsizer.axi_downsizer_inst/USE_WRITE.write_addr_inst/cmd_queue/inst/fifo_gen_inst/inst_fifo_gen/gconvfifo.rf/grf.rf/gntv_or_sync_fifo.gl0.rd/gr1.gr1_int.rfwft/gpregsm1.user_valid_i_1/I1) is not included in the LUT equation: 'O5=(A3)+((~A3)*(~A1)*A4)'. If this cell is a user instantiated LUT in the design, please remove connectivity to the pin or change the equation and/or INIT string of the LUT to prevent this issue. If the cell is inferred or IP created LUT, please regenerate the IP and/or resynthesize the design to attempt to correct the issue.
Related violations: <none>

PDCN-1569#4 Warning
LUT equation term check  
Used physical LUT pin 'A5' of cell design_1_i/ps8_0_axi_periph/s00_couplers/auto_ds/inst/gen_downsizer.gen_simple_downsizer.axi_downsizer_inst/USE_WRITE.write_addr_inst/USE_B_CHANNEL.cmd_b_queue/inst/fifo_gen_inst/inst_fifo_gen/gconvfifo.rf/grf.rf/gntv_or_sync_fifo.gl0.rd/gr1.gr1_int.rfwft/gpregsm1.user_valid_i_1 (pin design_1_i/ps8_0_axi_periph/s00_couplers/auto_ds/inst/gen_downsizer.gen_simple_downsizer.axi_downsizer_inst/USE_WRITE.write_addr_inst/USE_B_CHANNEL.cmd_b_queue/inst/fifo_gen_inst/inst_fifo_gen/gconvfifo.rf/grf.rf/gntv_or_sync_fifo.gl0.rd/gr1.gr1_int.rfwft/gpregsm1.user_valid_i_1/I1) is not included in the LUT equation: 'O6=(A4)+((~A4)*(~A3)*A1)'. If this cell is a user instantiated LUT in the design, please remove connectivity to the pin or change the equation and/or INIT string of the LUT to prevent this issue. If the cell is inferred or IP created LUT, please regenerate the IP and/or resynthesize the design to attempt to correct the issue.
Related violations: <none>

PDCN-1569#5 Warning
LUT equation term check  
Used physical LUT pin 'A5' of cell design_1_i/ps8_0_axi_periph/s01_couplers/auto_ds/inst/gen_downsizer.gen_simple_downsizer.axi_downsizer_inst/USE_READ.read_addr_inst/cmd_queue/inst/fifo_gen_inst/inst_fifo_gen/gconvfifo.rf/grf.rf/gntv_or_sync_fifo.gl0.rd/gr1.gr1_int.rfwft/gpregsm1.user_valid_i_1 (pin design_1_i/ps8_0_axi_periph/s01_couplers/auto_ds/inst/gen_downsizer.gen_simple_downsizer.axi_downsizer_inst/USE_READ.read_addr_inst/cmd_queue/inst/fifo_gen_inst/inst_fifo_gen/gconvfifo.rf/grf.rf/gntv_or_sync_fifo.gl0.rd/gr1.gr1_int.rfwft/gpregsm1.user_valid_i_1/I1) is not included in the LUT equation: 'O5=(A3)+((~A3)*(~A1)*A4)'. If this cell is a user instantiated LUT in the design, please remove connectivity to the pin or change the equation and/or INIT string of the LUT to prevent this issue. If the cell is inferred or IP created LUT, please regenerate the IP and/or resynthesize the design to attempt to correct the issue.
Related violations: <none>

PDCN-1569#6 Warning
LUT equation term check  
Used physical LUT pin 'A5' of cell design_1_i/ps8_0_axi_periph/s01_couplers/auto_ds/inst/gen_downsizer.gen_simple_downsizer.axi_downsizer_inst/USE_WRITE.write_addr_inst/USE_B_CHANNEL.cmd_b_queue/inst/fifo_gen_inst/inst_fifo_gen/gconvfifo.rf/grf.rf/gntv_or_sync_fifo.gl0.rd/gr1.gr1_int.rfwft/gpregsm1.user_valid_i_1 (pin design_1_i/ps8_0_axi_periph/s01_couplers/auto_ds/inst/gen_downsizer.gen_simple_downsizer.axi_downsizer_inst/USE_WRITE.write_addr_inst/USE_B_CHANNEL.cmd_b_queue/inst/fifo_gen_inst/inst_fifo_gen/gconvfifo.rf/grf.rf/gntv_or_sync_fifo.gl0.rd/gr1.gr1_int.rfwft/gpregsm1.user_valid_i_1/I1) is not included in the LUT equation: 'O5=(A3)+((~A3)*(~A1)*A4)'. If this cell is a user instantiated LUT in the design, please remove connectivity to the pin or change the equation and/or INIT string of the LUT to prevent this issue. If the cell is inferred or IP created LUT, please regenerate the IP and/or resynthesize the design to attempt to correct the issue.
Related violations: <none>

RTSTAT-10#1 Warning
No routable loads  
66 net(s) have no routable loads. The problem bus(es) and/or net(s) are design_1_i/ps8_0_axi_periph/s00_couplers/auto_ds/inst/gen_downsizer.gen_simple_downsizer.axi_downsizer_inst/USE_READ.read_addr_inst/cmd_queue/inst/fifo_gen_inst/inst_fifo_gen/gconvfifo.rf/grf.rf/gntv_or_sync_fifo.gl0.rd/gr1.gr1_int.rfwft/aempty_fwft_i,
design_1_i/ps8_0_axi_periph/s00_couplers/auto_ds/inst/gen_downsizer.gen_simple_downsizer.axi_downsizer_inst/USE_READ.read_addr_inst/cmd_queue/inst/fifo_gen_inst/inst_fifo_gen/gconvfifo.rf/grf.rf/rstblk/ngwrdrst.grst.rd_rst_reg[2:0],
design_1_i/ps8_0_axi_periph/s00_couplers/auto_ds/inst/gen_downsizer.gen_simple_downsizer.axi_downsizer_inst/USE_READ.read_addr_inst/cmd_queue/inst/fifo_gen_inst/inst_fifo_gen/gconvfifo.rf/grf.rf/rstblk/ngwrdrst.grst.wr_rst_reg[2:0],
design_1_i/ps8_0_axi_periph/s00_couplers/auto_ds/inst/gen_downsizer.gen_simple_downsizer.axi_downsizer_inst/USE_WRITE.write_addr_inst/USE_B_CHANNEL.cmd_b_queue/inst/fifo_gen_inst/inst_fifo_gen/gconvfifo.rf/grf.rf/gntv_or_sync_fifo.gl0.rd/gr1.gr1_int.rfwft/aempty_fwft_i,
design_1_i/ps8_0_axi_periph/s00_couplers/auto_ds/inst/gen_downsizer.gen_simple_downsizer.axi_downsizer_inst/USE_WRITE.write_addr_inst/USE_B_CHANNEL.cmd_b_queue/inst/fifo_gen_inst/inst_fifo_gen/gconvfifo.rf/grf.rf/rstblk/ngwrdrst.grst.rd_rst_reg[2:0],
design_1_i/ps8_0_axi_periph/s00_couplers/auto_ds/inst/gen_downsizer.gen_simple_downsizer.axi_downsizer_inst/USE_WRITE.write_addr_inst/USE_B_CHANNEL.cmd_b_queue/inst/fifo_gen_inst/inst_fifo_gen/gconvfifo.rf/grf.rf/rstblk/ngwrdrst.grst.wr_rst_reg[2:0],
design_1_i/ps8_0_axi_periph/s00_couplers/auto_ds/inst/gen_downsizer.gen_simple_downsizer.axi_downsizer_inst/USE_WRITE.write_addr_inst/cmd_queue/inst/fifo_gen_inst/inst_fifo_gen/gconvfifo.rf/grf.rf/gntv_or_sync_fifo.gl0.rd/gr1.gr1_int.rfwft/aempty_fwft_i,
design_1_i/ps8_0_axi_periph/s00_couplers/auto_ds/inst/gen_downsizer.gen_simple_downsizer.axi_downsizer_inst/USE_WRITE.write_addr_inst/cmd_queue/inst/fifo_gen_inst/inst_fifo_gen/gconvfifo.rf/grf.rf/rstblk/ngwrdrst.grst.rd_rst_reg[2:0],
design_1_i/ps8_0_axi_periph/s01_couplers/auto_ds/inst/gen_downsizer.gen_simple_downsizer.axi_downsizer_inst/USE_READ.read_addr_inst/cmd_queue/inst/fifo_gen_inst/inst_fifo_gen/gconvfifo.rf/grf.rf/gntv_or_sync_fifo.gl0.rd/gr1.gr1_int.rfwft/aempty_fwft_i,
design_1_i/ps8_0_axi_periph/s01_couplers/auto_ds/inst/gen_downsizer.gen_simple_downsizer.axi_downsizer_inst/USE_READ.read_addr_inst/cmd_queue/inst/fifo_gen_inst/inst_fifo_gen/gconvfifo.rf/grf.rf/rstblk/ngwrdrst.grst.rd_rst_reg[2:0],
design_1_i/ps8_0_axi_periph/s01_couplers/auto_ds/inst/gen_downsizer.gen_simple_downsizer.axi_downsizer_inst/USE_WRITE.write_addr_inst/USE_B_CHANNEL.cmd_b_queue/inst/fifo_gen_inst/inst_fifo_gen/gconvfifo.rf/grf.rf/gntv_or_sync_fifo.gl0.rd/gr1.gr1_int.rfwft/aempty_fwft_i,
design_1_i/ps8_0_axi_periph/s01_couplers/auto_ds/inst/gen_downsizer.gen_simple_downsizer.axi_downsizer_inst/USE_WRITE.write_addr_inst/USE_B_CHANNEL.cmd_b_queue/inst/fifo_gen_inst/inst_fifo_gen/gconvfifo.rf/grf.rf/rstblk/ngwrdrst.grst.rd_rst_reg[2:0],
design_1_i/ps8_0_axi_periph/s01_couplers/auto_ds/inst/gen_downsizer.gen_simple_downsizer.axi_downsizer_inst/USE_WRITE.write_addr_inst/USE_B_CHANNEL.cmd_b_queue/inst/fifo_gen_inst/inst_fifo_gen/gconvfifo.rf/grf.rf/rstblk/ngwrdrst.grst.wr_rst_reg[2:0],
design_1_i/ps8_0_axi_periph/s01_couplers/auto_ds/inst/gen_downsizer.gen_simple_downsizer.axi_downsizer_inst/USE_WRITE.write_addr_inst/cmd_queue/inst/fifo_gen_inst/inst_fifo_gen/gconvfifo.rf/grf.rf/gntv_or_sync_fifo.gl0.rd/gr1.gr1_int.rfwft/aempty_fwft_i,
design_1_i/ps8_0_axi_periph/s01_couplers/auto_ds/inst/gen_downsizer.gen_simple_downsizer.axi_downsizer_inst/USE_WRITE.write_addr_inst/cmd_queue/inst/fifo_gen_inst/inst_fifo_gen/gconvfifo.rf/grf.rf/rstblk/ngwrdrst.grst.rd_rst_reg[2:0]
 (the first 15 of 42 listed).
Related violations: <none>

AVAL-155#1 Advisory
enum_AMULTSEL_BMULTSEL_enum_DREG_ADREG_0_connects_CED_CEAD_RSTD_GND  
design_1_i/ekf_batch_0/inst/fadd_32ns_32ns_32_4_full_dsp_1_U1450/ekf_batch_fadd_32ns_32ns_32_4_full_dsp_1_ip_u/inst/i_synth/ADDSUB_OP.ADDSUB/DSP.OP/DSP48E1_BODY.NORM_RND/FULL_USAGE_DSP.SHIFT_RND/i_no_versal_es1_workaround.DSP: DSP48E2 is not using the D port (AMULTSEL = A and BMULTSEL = B). For improved power characteristics, set DREG and ADREG to '1', tie CED, CEAD, and RSTD to logic '0'.
Related violations: <none>

AVAL-155#2 Advisory
enum_AMULTSEL_BMULTSEL_enum_DREG_ADREG_0_connects_CED_CEAD_RSTD_GND  
design_1_i/ekf_batch_0/inst/faddfsub_32ns_32ns_32_4_full_dsp_1_U1479/ekf_batch_faddfsub_32ns_32ns_32_4_full_dsp_1_ip_u/inst/i_synth/ADDSUB_OP.ADDSUB/DSP.OP/DSP48E1_BODY.NORM_RND/FULL_USAGE_DSP.SHIFT_RND/i_no_versal_es1_workaround.DSP: DSP48E2 is not using the D port (AMULTSEL = A and BMULTSEL = B). For improved power characteristics, set DREG and ADREG to '1', tie CED, CEAD, and RSTD to logic '0'.
Related violations: <none>

AVAL-155#3 Advisory
enum_AMULTSEL_BMULTSEL_enum_DREG_ADREG_0_connects_CED_CEAD_RSTD_GND  
design_1_i/ekf_batch_0/inst/faddfsub_32ns_32ns_32_4_full_dsp_1_U1481/ekf_batch_faddfsub_32ns_32ns_32_4_full_dsp_1_ip_u/inst/i_synth/ADDSUB_OP.ADDSUB/DSP.OP/DSP48E1_BODY.NORM_RND/FULL_USAGE_DSP.SHIFT_RND/i_no_versal_es1_workaround.DSP: DSP48E2 is not using the D port (AMULTSEL = A and BMULTSEL = B). For improved power characteristics, set DREG and ADREG to '1', tie CED, CEAD, and RSTD to logic '0'.
Related violations: <none>

AVAL-155#4 Advisory
enum_AMULTSEL_BMULTSEL_enum_DREG_ADREG_0_connects_CED_CEAD_RSTD_GND  
design_1_i/ekf_batch_0/inst/faddfsub_32ns_32ns_32_4_full_dsp_1_U1482/ekf_batch_faddfsub_32ns_32ns_32_4_full_dsp_1_ip_u/inst/i_synth/ADDSUB_OP.ADDSUB/DSP.OP/DSP48E1_BODY.NORM_RND/FULL_USAGE_DSP.SHIFT_RND/i_no_versal_es1_workaround.DSP: DSP48E2 is not using the D port (AMULTSEL = A and BMULTSEL = B). For improved power characteristics, set DREG and ADREG to '1', tie CED, CEAD, and RSTD to logic '0'.
Related violations: <none>

AVAL-155#5 Advisory
enum_AMULTSEL_BMULTSEL_enum_DREG_ADREG_0_connects_CED_CEAD_RSTD_GND  
design_1_i/ekf_batch_0/inst/faddfsub_32ns_32ns_32_4_full_dsp_1_U1483/ekf_batch_faddfsub_32ns_32ns_32_4_full_dsp_1_ip_u/inst/i_synth/ADDSUB_OP.ADDSUB/DSP.OP/DSP48E1_BODY.NORM_RND/FULL_USAGE_DSP.SHIFT_RND/i_no_versal_es1_workaround.DSP: DSP48E2 is not using the D port (AMULTSEL = A and BMULTSEL = B). For improved power characteristics, set DREG and ADREG to '1', tie CED, CEAD, and RSTD to logic '0'.
Related violations: <none>

AVAL-155#6 Advisory
enum_AMULTSEL_BMULTSEL_enum_DREG_ADREG_0_connects_CED_CEAD_RSTD_GND  
design_1_i/ekf_batch_0/inst/faddfsub_32ns_32ns_32_4_full_dsp_1_U1484/ekf_batch_faddfsub_32ns_32ns_32_4_full_dsp_1_ip_u/inst/i_synth/ADDSUB_OP.ADDSUB/DSP.OP/DSP48E1_BODY.NORM_RND/FULL_USAGE_DSP.SHIFT_RND/i_no_versal_es1_workaround.DSP: DSP48E2 is not using the D port (AMULTSEL = A and BMULTSEL = B). For improved power characteristics, set DREG and ADREG to '1', tie CED, CEAD, and RSTD to logic '0'.
Related violations: <none>

AVAL-155#7 Advisory
enum_AMULTSEL_BMULTSEL_enum_DREG_ADREG_0_connects_CED_CEAD_RSTD_GND  
design_1_i/ekf_batch_0/inst/faddfsub_32ns_32ns_32_4_full_dsp_1_U1485/ekf_batch_faddfsub_32ns_32ns_32_4_full_dsp_1_ip_u/inst/i_synth/ADDSUB_OP.ADDSUB/DSP.OP/DSP48E1_BODY.NORM_RND/FULL_USAGE_DSP.SHIFT_RND/i_no_versal_es1_workaround.DSP: DSP48E2 is not using the D port (AMULTSEL = A and BMULTSEL = B). For improved power characteristics, set DREG and ADREG to '1', tie CED, CEAD, and RSTD to logic '0'.
Related violations: <none>

AVAL-155#8 Advisory
enum_AMULTSEL_BMULTSEL_enum_DREG_ADREG_0_connects_CED_CEAD_RSTD_GND  
design_1_i/ekf_batch_0/inst/fmul_32ns_32ns_32_3_max_dsp_1_U1451/ekf_batch_fmul_32ns_32ns_32_3_max_dsp_1_ip_u/inst/i_synth/MULT.OP/i_non_prim.MULT/DSP48E1_SPD_SGL_VARIANT.FIX_MULT/DSP1/i_no_versal_es1_workaround.DSP: DSP48E2 is not using the D port (AMULTSEL = A and BMULTSEL = B). For improved power characteristics, set DREG and ADREG to '1', tie CED, CEAD, and RSTD to logic '0'.
Related violations: <none>

AVAL-155#9 Advisory
enum_AMULTSEL_BMULTSEL_enum_DREG_ADREG_0_connects_CED_CEAD_RSTD_GND  
design_1_i/ekf_batch_0/inst/fmul_32ns_32ns_32_3_max_dsp_1_U1451/ekf_batch_fmul_32ns_32ns_32_3_max_dsp_1_ip_u/inst/i_synth/MULT.OP/i_non_prim.MULT/DSP48E1_SPD_SGL_VARIANT.FIX_MULT/DSP2/i_no_versal_es1_workaround.DSP: DSP48E2 is not using the D port (AMULTSEL = A and BMULTSEL = B). For improved power characteristics, set DREG and ADREG to '1', tie CED, CEAD, and RSTD to logic '0'.
Related violations: <none>

AVAL-155#10 Advisory
enum_AMULTSEL_BMULTSEL_enum_DREG_ADREG_0_connects_CED_CEAD_RSTD_GND  
design_1_i/ekf_batch_0/inst/fmul_32ns_32ns_32_3_max_dsp_1_U1451/ekf_batch_fmul_32ns_32ns_32_3_max_dsp_1_ip_u/inst/i_synth/MULT.OP/i_non_prim.R_AND_R/LAT_OPT.FULL.R_AND_R/DSP48E1_SGL_EXP_IP.OLD_ADD.ADD/i_no_versal_es1_workaround.DSP: DSP48E2 is not using the D port (AMULTSEL = A and BMULTSEL = B). For improved power characteristics, set DREG and ADREG to '1', tie CED, CEAD, and RSTD to logic '0'.
Related violations: <none>

AVAL-155#11 Advisory
enum_AMULTSEL_BMULTSEL_enum_DREG_ADREG_0_connects_CED_CEAD_RSTD_GND  
design_1_i/ekf_batch_0/inst/fmul_32ns_32ns_32_3_max_dsp_1_U1480/ekf_batch_fmul_32ns_32ns_32_3_max_dsp_1_ip_u/inst/i_synth/MULT.OP/i_non_prim.MULT/DSP48E1_SPD_SGL_VARIANT.FIX_MULT/DSP1/i_no_versal_es1_workaround.DSP: DSP48E2 is not using the D port (AMULTSEL = A and BMULTSEL = B). For improved power characteristics, set DREG and ADREG to '1', tie CED, CEAD, and RSTD to logic '0'.
Related violations: <none>

AVAL-155#12 Advisory
enum_AMULTSEL_BMULTSEL_enum_DREG_ADREG_0_connects_CED_CEAD_RSTD_GND  
design_1_i/ekf_batch_0/inst/fmul_32ns_32ns_32_3_max_dsp_1_U1480/ekf_batch_fmul_32ns_32ns_32_3_max_dsp_1_ip_u/inst/i_synth/MULT.OP/i_non_prim.MULT/DSP48E1_SPD_SGL_VARIANT.FIX_MULT/DSP2/i_no_versal_es1_workaround.DSP: DSP48E2 is not using the D port (AMULTSEL = A and BMULTSEL = B). For improved power characteristics, set DREG and ADREG to '1', tie CED, CEAD, and RSTD to logic '0'.
Related violations: <none>

AVAL-155#13 Advisory
enum_AMULTSEL_BMULTSEL_enum_DREG_ADREG_0_connects_CED_CEAD_RSTD_GND  
design_1_i/ekf_batch_0/inst/fmul_32ns_32ns_32_3_max_dsp_1_U1480/ekf_batch_fmul_32ns_32ns_32_3_max_dsp_1_ip_u/inst/i_synth/MULT.OP/i_non_prim.R_AND_R/LAT_OPT.FULL.R_AND_R/DSP48E1_SGL_EXP_IP.OLD_ADD.ADD/i_no_versal_es1_workaround.DSP: DSP48E2 is not using the D port (AMULTSEL = A and BMULTSEL = B). For improved power characteristics, set DREG and ADREG to '1', tie CED, CEAD, and RSTD to logic '0'.
Related violations: <none>

AVAL-155#14 Advisory
enum_AMULTSEL_BMULTSEL_enum_DREG_ADREG_0_connects_CED_CEAD_RSTD_GND  
design_1_i/ekf_batch_0/inst/fmul_32ns_32ns_32_3_max_dsp_1_U1486/ekf_batch_fmul_32ns_32ns_32_3_max_dsp_1_ip_u/inst/i_synth/MULT.OP/i_non_prim.MULT/DSP48E1_SPD_SGL_VARIANT.FIX_MULT/DSP1/i_no_versal_es1_workaround.DSP: DSP48E2 is not using the D port (AMULTSEL = A and BMULTSEL = B). For improved power characteristics, set DREG and ADREG to '1', tie CED, CEAD, and RSTD to logic '0'.
Related violations: <none>

AVAL-155#15 Advisory
enum_AMULTSEL_BMULTSEL_enum_DREG_ADREG_0_connects_CED_CEAD_RSTD_GND  
design_1_i/ekf_batch_0/inst/fmul_32ns_32ns_32_3_max_dsp_1_U1486/ekf_batch_fmul_32ns_32ns_32_3_max_dsp_1_ip_u/inst/i_synth/MULT.OP/i_non_prim.MULT/DSP48E1_SPD_SGL_VARIANT.FIX_MULT/DSP2/i_no_versal_es1_workaround.DSP: DSP48E2 is not using the D port (AMULTSEL = A and BMULTSEL = B). For improved power characteristics, set DREG and ADREG to '1', tie CED, CEAD, and RSTD to logic '0'.
Related violations: <none>

AVAL-155#16 Advisory
enum_AMULTSEL_BMULTSEL_enum_DREG_ADREG_0_connects_CED_CEAD_RSTD_GND  
design_1_i/ekf_batch_0/inst/fmul_32ns_32ns_32_3_max_dsp_1_U1486/ekf_batch_fmul_32ns_32ns_32_3_max_dsp_1_ip_u/inst/i_synth/MULT.OP/i_non_prim.R_AND_R/LAT_OPT.FULL.R_AND_R/DSP48E1_SGL_EXP_IP.OLD_ADD.ADD/i_no_versal_es1_workaround.DSP: DSP48E2 is not using the D port (AMULTSEL = A and BMULTSEL = B). For improved power characteristics, set DREG and ADREG to '1', tie CED, CEAD, and RSTD to logic '0'.
Related violations: <none>

AVAL-155#17 Advisory
enum_AMULTSEL_BMULTSEL_enum_DREG_ADREG_0_connects_CED_CEAD_RSTD_GND  
design_1_i/ekf_batch_0/inst/fmul_32ns_32ns_32_3_max_dsp_1_U1487/ekf_batch_fmul_32ns_32ns_32_3_max_dsp_1_ip_u/inst/i_synth/MULT.OP/i_non_prim.MULT/DSP48E1_SPD_SGL_VARIANT.FIX_MULT/DSP1/i_no_versal_es1_workaround.DSP: DSP48E2 is not using the D port (AMULTSEL = A and BMULTSEL = B). For improved power characteristics, set DREG and ADREG to '1', tie CED, CEAD, and RSTD to logic '0'.
Related violations: <none>

AVAL-155#18 Advisory
enum_AMULTSEL_BMULTSEL_enum_DREG_ADREG_0_connects_CED_CEAD_RSTD_GND  
design_1_i/ekf_batch_0/inst/fmul_32ns_32ns_32_3_max_dsp_1_U1487/ekf_batch_fmul_32ns_32ns_32_3_max_dsp_1_ip_u/inst/i_synth/MULT.OP/i_non_prim.MULT/DSP48E1_SPD_SGL_VARIANT.FIX_MULT/DSP2/i_no_versal_es1_workaround.DSP: DSP48E2 is not using the D port (AMULTSEL = A and BMULTSEL = B). For improved power characteristics, set DREG and ADREG to '1', tie CED, CEAD, and RSTD to logic '0'.
Related violations: <none>

AVAL-155#19 Advisory
enum_AMULTSEL_BMULTSEL_enum_DREG_ADREG_0_connects_CED_CEAD_RSTD_GND  
design_1_i/ekf_batch_0/inst/fmul_32ns_32ns_32_3_max_dsp_1_U1487/ekf_batch_fmul_32ns_32ns_32_3_max_dsp_1_ip_u/inst/i_synth/MULT.OP/i_non_prim.R_AND_R/LAT_OPT.FULL.R_AND_R/DSP48E1_SGL_EXP_IP.OLD_ADD.ADD/i_no_versal_es1_workaround.DSP: DSP48E2 is not using the D port (AMULTSEL = A and BMULTSEL = B). For improved power characteristics, set DREG and ADREG to '1', tie CED, CEAD, and RSTD to logic '0'.
Related violations: <none>

AVAL-155#20 Advisory
enum_AMULTSEL_BMULTSEL_enum_DREG_ADREG_0_connects_CED_CEAD_RSTD_GND  
design_1_i/ekf_batch_0/inst/fmul_32ns_32ns_32_3_max_dsp_1_U1488/ekf_batch_fmul_32ns_32ns_32_3_max_dsp_1_ip_u/inst/i_synth/MULT.OP/i_non_prim.MULT/DSP48E1_SPD_SGL_VARIANT.FIX_MULT/DSP1/i_no_versal_es1_workaround.DSP: DSP48E2 is not using the D port (AMULTSEL = A and BMULTSEL = B). For improved power characteristics, set DREG and ADREG to '1', tie CED, CEAD, and RSTD to logic '0'.
Related violations: <none>

AVAL-155#21 Advisory
enum_AMULTSEL_BMULTSEL_enum_DREG_ADREG_0_connects_CED_CEAD_RSTD_GND  
design_1_i/ekf_batch_0/inst/fmul_32ns_32ns_32_3_max_dsp_1_U1488/ekf_batch_fmul_32ns_32ns_32_3_max_dsp_1_ip_u/inst/i_synth/MULT.OP/i_non_prim.MULT/DSP48E1_SPD_SGL_VARIANT.FIX_MULT/DSP2/i_no_versal_es1_workaround.DSP: DSP48E2 is not using the D port (AMULTSEL = A and BMULTSEL = B). For improved power characteristics, set DREG and ADREG to '1', tie CED, CEAD, and RSTD to logic '0'.
Related violations: <none>

AVAL-155#22 Advisory
enum_AMULTSEL_BMULTSEL_enum_DREG_ADREG_0_connects_CED_CEAD_RSTD_GND  
design_1_i/ekf_batch_0/inst/fmul_32ns_32ns_32_3_max_dsp_1_U1488/ekf_batch_fmul_32ns_32ns_32_3_max_dsp_1_ip_u/inst/i_synth/MULT.OP/i_non_prim.R_AND_R/LAT_OPT.FULL.R_AND_R/DSP48E1_SGL_EXP_IP.OLD_ADD.ADD/i_no_versal_es1_workaround.DSP: DSP48E2 is not using the D port (AMULTSEL = A and BMULTSEL = B). For improved power characteristics, set DREG and ADREG to '1', tie CED, CEAD, and RSTD to logic '0'.
Related violations: <none>

AVAL-155#23 Advisory
enum_AMULTSEL_BMULTSEL_enum_DREG_ADREG_0_connects_CED_CEAD_RSTD_GND  
design_1_i/ekf_batch_0/inst/fmul_32ns_32ns_32_3_max_dsp_1_U1489/ekf_batch_fmul_32ns_32ns_32_3_max_dsp_1_ip_u/inst/i_synth/MULT.OP/i_non_prim.MULT/DSP48E1_SPD_SGL_VARIANT.FIX_MULT/DSP1/i_no_versal_es1_workaround.DSP: DSP48E2 is not using the D port (AMULTSEL = A and BMULTSEL = B). For improved power characteristics, set DREG and ADREG to '1', tie CED, CEAD, and RSTD to logic '0'.
Related violations: <none>

AVAL-155#24 Advisory
enum_AMULTSEL_BMULTSEL_enum_DREG_ADREG_0_connects_CED_CEAD_RSTD_GND  
design_1_i/ekf_batch_0/inst/fmul_32ns_32ns_32_3_max_dsp_1_U1489/ekf_batch_fmul_32ns_32ns_32_3_max_dsp_1_ip_u/inst/i_synth/MULT.OP/i_non_prim.MULT/DSP48E1_SPD_SGL_VARIANT.FIX_MULT/DSP2/i_no_versal_es1_workaround.DSP: DSP48E2 is not using the D port (AMULTSEL = A and BMULTSEL = B). For improved power characteristics, set DREG and ADREG to '1', tie CED, CEAD, and RSTD to logic '0'.
Related violations: <none>

AVAL-155#25 Advisory
enum_AMULTSEL_BMULTSEL_enum_DREG_ADREG_0_connects_CED_CEAD_RSTD_GND  
design_1_i/ekf_batch_0/inst/fmul_32ns_32ns_32_3_max_dsp_1_U1489/ekf_batch_fmul_32ns_32ns_32_3_max_dsp_1_ip_u/inst/i_synth/MULT.OP/i_non_prim.R_AND_R/LAT_OPT.FULL.R_AND_R/DSP48E1_SGL_EXP_IP.OLD_ADD.ADD/i_no_versal_es1_workaround.DSP: DSP48E2 is not using the D port (AMULTSEL = A and BMULTSEL = B). For improved power characteristics, set DREG and ADREG to '1', tie CED, CEAD, and RSTD to logic '0'.
Related violations: <none>

AVAL-155#26 Advisory
enum_AMULTSEL_BMULTSEL_enum_DREG_ADREG_0_connects_CED_CEAD_RSTD_GND  
design_1_i/ekf_batch_0/inst/fmul_32ns_32ns_32_3_max_dsp_1_U1490/ekf_batch_fmul_32ns_32ns_32_3_max_dsp_1_ip_u/inst/i_synth/MULT.OP/i_non_prim.MULT/DSP48E1_SPD_SGL_VARIANT.FIX_MULT/DSP1/i_no_versal_es1_workaround.DSP: DSP48E2 is not using the D port (AMULTSEL = A and BMULTSEL = B). For improved power characteristics, set DREG and ADREG to '1', tie CED, CEAD, and RSTD to logic '0'.
Related violations: <none>

AVAL-155#27 Advisory
enum_AMULTSEL_BMULTSEL_enum_DREG_ADREG_0_connects_CED_CEAD_RSTD_GND  
design_1_i/ekf_batch_0/inst/fmul_32ns_32ns_32_3_max_dsp_1_U1490/ekf_batch_fmul_32ns_32ns_32_3_max_dsp_1_ip_u/inst/i_synth/MULT.OP/i_non_prim.MULT/DSP48E1_SPD_SGL_VARIANT.FIX_MULT/DSP2/i_no_versal_es1_workaround.DSP: DSP48E2 is not using the D port (AMULTSEL = A and BMULTSEL = B). For improved power characteristics, set DREG and ADREG to '1', tie CED, CEAD, and RSTD to logic '0'.
Related violations: <none>

AVAL-155#28 Advisory
enum_AMULTSEL_BMULTSEL_enum_DREG_ADREG_0_connects_CED_CEAD_RSTD_GND  
design_1_i/ekf_batch_0/inst/fmul_32ns_32ns_32_3_max_dsp_1_U1490/ekf_batch_fmul_32ns_32ns_32_3_max_dsp_1_ip_u/inst/i_synth/MULT.OP/i_non_prim.R_AND_R/LAT_OPT.FULL.R_AND_R/DSP48E1_SGL_EXP_IP.OLD_ADD.ADD/i_no_versal_es1_workaround.DSP: DSP48E2 is not using the D port (AMULTSEL = A and BMULTSEL = B). For improved power characteristics, set DREG and ADREG to '1', tie CED, CEAD, and RSTD to logic '0'.
Related violations: <none>

AVAL-155#29 Advisory
enum_AMULTSEL_BMULTSEL_enum_DREG_ADREG_0_connects_CED_CEAD_RSTD_GND  
design_1_i/ekf_batch_0/inst/grp_ekf_batch_Pipeline_VITIS_LOOP_58_1_fu_11175/fadd_32ns_32ns_32_4_full_dsp_1_U117/ekf_batch_fadd_32ns_32ns_32_4_full_dsp_1_ip_u/inst/i_synth/ADDSUB_OP.ADDSUB/DSP.OP/DSP48E1_BODY.NORM_RND/FULL_USAGE_DSP.SHIFT_RND/i_no_versal_es1_workaround.DSP: DSP48E2 is not using the D port (AMULTSEL = A and BMULTSEL = B). For improved power characteristics, set DREG and ADREG to '1', tie CED, CEAD, and RSTD to logic '0'.
Related violations: <none>

AVAL-155#30 Advisory
enum_AMULTSEL_BMULTSEL_enum_DREG_ADREG_0_connects_CED_CEAD_RSTD_GND  
design_1_i/ekf_batch_0/inst/grp_ekf_batch_Pipeline_VITIS_LOOP_58_1_fu_11175/fadd_32ns_32ns_32_4_full_dsp_1_U118/ekf_batch_fadd_32ns_32ns_32_4_full_dsp_1_ip_u/inst/i_synth/ADDSUB_OP.ADDSUB/DSP.OP/DSP48E1_BODY.NORM_RND/FULL_USAGE_DSP.SHIFT_RND/i_no_versal_es1_workaround.DSP: DSP48E2 is not using the D port (AMULTSEL = A and BMULTSEL = B). For improved power characteristics, set DREG and ADREG to '1', tie CED, CEAD, and RSTD to logic '0'.
Related violations: <none>

AVAL-155#31 Advisory
enum_AMULTSEL_BMULTSEL_enum_DREG_ADREG_0_connects_CED_CEAD_RSTD_GND  
design_1_i/ekf_batch_0/inst/grp_ekf_batch_Pipeline_VITIS_LOOP_58_1_fu_11175/fadd_32ns_32ns_32_4_full_dsp_1_U119/ekf_batch_fadd_32ns_32ns_32_4_full_dsp_1_ip_u/inst/i_synth/ADDSUB_OP.ADDSUB/DSP.OP/DSP48E1_BODY.NORM_RND/FULL_USAGE_DSP.SHIFT_RND/i_no_versal_es1_workaround.DSP: DSP48E2 is not using the D port (AMULTSEL = A and BMULTSEL = B). For improved power characteristics, set DREG and ADREG to '1', tie CED, CEAD, and RSTD to logic '0'.
Related violations: <none>

AVAL-155#32 Advisory
enum_AMULTSEL_BMULTSEL_enum_DREG_ADREG_0_connects_CED_CEAD_RSTD_GND  
design_1_i/ekf_batch_0/inst/grp_ekf_batch_Pipeline_VITIS_LOOP_58_1_fu_11175/fadd_32ns_32ns_32_4_full_dsp_1_U120/ekf_batch_fadd_32ns_32ns_32_4_full_dsp_1_ip_u/inst/i_synth/ADDSUB_OP.ADDSUB/DSP.OP/DSP48E1_BODY.NORM_RND/FULL_USAGE_DSP.SHIFT_RND/i_no_versal_es1_workaround.DSP: DSP48E2 is not using the D port (AMULTSEL = A and BMULTSEL = B). For improved power characteristics, set DREG and ADREG to '1', tie CED, CEAD, and RSTD to logic '0'.
Related violations: <none>

AVAL-155#33 Advisory
enum_AMULTSEL_BMULTSEL_enum_DREG_ADREG_0_connects_CED_CEAD_RSTD_GND  
design_1_i/ekf_batch_0/inst/grp_ekf_batch_Pipeline_VITIS_LOOP_58_1_fu_11175/fadd_32ns_32ns_32_4_full_dsp_1_U121/ekf_batch_fadd_32ns_32ns_32_4_full_dsp_1_ip_u/inst/i_synth/ADDSUB_OP.ADDSUB/DSP.OP/DSP48E1_BODY.NORM_RND/FULL_USAGE_DSP.SHIFT_RND/i_no_versal_es1_workaround.DSP: DSP48E2 is not using the D port (AMULTSEL = A and BMULTSEL = B). For improved power characteristics, set DREG and ADREG to '1', tie CED, CEAD, and RSTD to logic '0'.
Related violations: <none>

AVAL-155#34 Advisory
enum_AMULTSEL_BMULTSEL_enum_DREG_ADREG_0_connects_CED_CEAD_RSTD_GND  
design_1_i/ekf_batch_0/inst/grp_ekf_batch_Pipeline_VITIS_LOOP_58_1_fu_11175/fmul_32ns_32ns_32_3_max_dsp_1_U123/ekf_batch_fmul_32ns_32ns_32_3_max_dsp_1_ip_u/inst/i_synth/MULT.OP/i_non_prim.MULT/DSP48E1_SPD_SGL_VARIANT.FIX_MULT/DSP1/i_no_versal_es1_workaround.DSP: DSP48E2 is not using the D port (AMULTSEL = A and BMULTSEL = B). For improved power characteristics, set DREG and ADREG to '1', tie CED, CEAD, and RSTD to logic '0'.
Related violations: <none>

AVAL-155#35 Advisory
enum_AMULTSEL_BMULTSEL_enum_DREG_ADREG_0_connects_CED_CEAD_RSTD_GND  
design_1_i/ekf_batch_0/inst/grp_ekf_batch_Pipeline_VITIS_LOOP_58_1_fu_11175/fmul_32ns_32ns_32_3_max_dsp_1_U123/ekf_batch_fmul_32ns_32ns_32_3_max_dsp_1_ip_u/inst/i_synth/MULT.OP/i_non_prim.MULT/DSP48E1_SPD_SGL_VARIANT.FIX_MULT/DSP2/i_no_versal_es1_workaround.DSP: DSP48E2 is not using the D port (AMULTSEL = A and BMULTSEL = B). For improved power characteristics, set DREG and ADREG to '1', tie CED, CEAD, and RSTD to logic '0'.
Related violations: <none>

AVAL-155#36 Advisory
enum_AMULTSEL_BMULTSEL_enum_DREG_ADREG_0_connects_CED_CEAD_RSTD_GND  
design_1_i/ekf_batch_0/inst/grp_ekf_batch_Pipeline_VITIS_LOOP_58_1_fu_11175/fmul_32ns_32ns_32_3_max_dsp_1_U123/ekf_batch_fmul_32ns_32ns_32_3_max_dsp_1_ip_u/inst/i_synth/MULT.OP/i_non_prim.R_AND_R/LAT_OPT.FULL.R_AND_R/DSP48E1_SGL_EXP_IP.OLD_ADD.ADD/i_no_versal_es1_workaround.DSP: DSP48E2 is not using the D port (AMULTSEL = A and BMULTSEL = B). For improved power characteristics, set DREG and ADREG to '1', tie CED, CEAD, and RSTD to logic '0'.
Related violations: <none>

AVAL-155#37 Advisory
enum_AMULTSEL_BMULTSEL_enum_DREG_ADREG_0_connects_CED_CEAD_RSTD_GND  
design_1_i/ekf_batch_0/inst/grp_ekf_batch_Pipeline_VITIS_LOOP_58_1_fu_11175/fmul_32ns_32ns_32_3_max_dsp_1_U124/ekf_batch_fmul_32ns_32ns_32_3_max_dsp_1_ip_u/inst/i_synth/MULT.OP/i_non_prim.MULT/DSP48E1_SPD_SGL_VARIANT.FIX_MULT/DSP1/i_no_versal_es1_workaround.DSP: DSP48E2 is not using the D port (AMULTSEL = A and BMULTSEL = B). For improved power characteristics, set DREG and ADREG to '1', tie CED, CEAD, and RSTD to logic '0'.
Related violations: <none>

AVAL-155#38 Advisory
enum_AMULTSEL_BMULTSEL_enum_DREG_ADREG_0_connects_CED_CEAD_RSTD_GND  
design_1_i/ekf_batch_0/inst/grp_ekf_batch_Pipeline_VITIS_LOOP_58_1_fu_11175/fmul_32ns_32ns_32_3_max_dsp_1_U124/ekf_batch_fmul_32ns_32ns_32_3_max_dsp_1_ip_u/inst/i_synth/MULT.OP/i_non_prim.MULT/DSP48E1_SPD_SGL_VARIANT.FIX_MULT/DSP2/i_no_versal_es1_workaround.DSP: DSP48E2 is not using the D port (AMULTSEL = A and BMULTSEL = B). For improved power characteristics, set DREG and ADREG to '1', tie CED, CEAD, and RSTD to logic '0'.
Related violations: <none>

AVAL-155#39 Advisory
enum_AMULTSEL_BMULTSEL_enum_DREG_ADREG_0_connects_CED_CEAD_RSTD_GND  
design_1_i/ekf_batch_0/inst/grp_ekf_batch_Pipeline_VITIS_LOOP_58_1_fu_11175/fmul_32ns_32ns_32_3_max_dsp_1_U124/ekf_batch_fmul_32ns_32ns_32_3_max_dsp_1_ip_u/inst/i_synth/MULT.OP/i_non_prim.R_AND_R/LAT_OPT.FULL.R_AND_R/DSP48E1_SGL_EXP_IP.OLD_ADD.ADD/i_no_versal_es1_workaround.DSP: DSP48E2 is not using the D port (AMULTSEL = A and BMULTSEL = B). For improved power characteristics, set DREG and ADREG to '1', tie CED, CEAD, and RSTD to logic '0'.
Related violations: <none>

AVAL-155#40 Advisory
enum_AMULTSEL_BMULTSEL_enum_DREG_ADREG_0_connects_CED_CEAD_RSTD_GND  
design_1_i/ekf_batch_0/inst/grp_ekf_batch_Pipeline_VITIS_LOOP_58_1_fu_11175/fmul_32ns_32ns_32_3_max_dsp_1_U125/ekf_batch_fmul_32ns_32ns_32_3_max_dsp_1_ip_u/inst/i_synth/MULT.OP/i_non_prim.MULT/DSP48E1_SPD_SGL_VARIANT.FIX_MULT/DSP1/i_no_versal_es1_workaround.DSP: DSP48E2 is not using the D port (AMULTSEL = A and BMULTSEL = B). For improved power characteristics, set DREG and ADREG to '1', tie CED, CEAD, and RSTD to logic '0'.
Related violations: <none>

AVAL-155#41 Advisory
enum_AMULTSEL_BMULTSEL_enum_DREG_ADREG_0_connects_CED_CEAD_RSTD_GND  
design_1_i/ekf_batch_0/inst/grp_ekf_batch_Pipeline_VITIS_LOOP_58_1_fu_11175/fmul_32ns_32ns_32_3_max_dsp_1_U125/ekf_batch_fmul_32ns_32ns_32_3_max_dsp_1_ip_u/inst/i_synth/MULT.OP/i_non_prim.MULT/DSP48E1_SPD_SGL_VARIANT.FIX_MULT/DSP2/i_no_versal_es1_workaround.DSP: DSP48E2 is not using the D port (AMULTSEL = A and BMULTSEL = B). For improved power characteristics, set DREG and ADREG to '1', tie CED, CEAD, and RSTD to logic '0'.
Related violations: <none>

AVAL-155#42 Advisory
enum_AMULTSEL_BMULTSEL_enum_DREG_ADREG_0_connects_CED_CEAD_RSTD_GND  
design_1_i/ekf_batch_0/inst/grp_ekf_batch_Pipeline_VITIS_LOOP_58_1_fu_11175/fmul_32ns_32ns_32_3_max_dsp_1_U125/ekf_batch_fmul_32ns_32ns_32_3_max_dsp_1_ip_u/inst/i_synth/MULT.OP/i_non_prim.R_AND_R/LAT_OPT.FULL.R_AND_R/DSP48E1_SGL_EXP_IP.OLD_ADD.ADD/i_no_versal_es1_workaround.DSP: DSP48E2 is not using the D port (AMULTSEL = A and BMULTSEL = B). For improved power characteristics, set DREG and ADREG to '1', tie CED, CEAD, and RSTD to logic '0'.
Related violations: <none>

AVAL-155#43 Advisory
enum_AMULTSEL_BMULTSEL_enum_DREG_ADREG_0_connects_CED_CEAD_RSTD_GND  
design_1_i/ekf_batch_0/inst/grp_ekf_batch_Pipeline_VITIS_LOOP_58_1_fu_11175/fmul_32ns_32ns_32_3_max_dsp_1_U126/ekf_batch_fmul_32ns_32ns_32_3_max_dsp_1_ip_u/inst/i_synth/MULT.OP/i_non_prim.MULT/DSP48E1_SPD_SGL_VARIANT.FIX_MULT/DSP1/i_no_versal_es1_workaround.DSP: DSP48E2 is not using the D port (AMULTSEL = A and BMULTSEL = B). For improved power characteristics, set DREG and ADREG to '1', tie CED, CEAD, and RSTD to logic '0'.
Related violations: <none>

AVAL-155#44 Advisory
enum_AMULTSEL_BMULTSEL_enum_DREG_ADREG_0_connects_CED_CEAD_RSTD_GND  
design_1_i/ekf_batch_0/inst/grp_ekf_batch_Pipeline_VITIS_LOOP_58_1_fu_11175/fmul_32ns_32ns_32_3_max_dsp_1_U126/ekf_batch_fmul_32ns_32ns_32_3_max_dsp_1_ip_u/inst/i_synth/MULT.OP/i_non_prim.MULT/DSP48E1_SPD_SGL_VARIANT.FIX_MULT/DSP2/i_no_versal_es1_workaround.DSP: DSP48E2 is not using the D port (AMULTSEL = A and BMULTSEL = B). For improved power characteristics, set DREG and ADREG to '1', tie CED, CEAD, and RSTD to logic '0'.
Related violations: <none>

AVAL-155#45 Advisory
enum_AMULTSEL_BMULTSEL_enum_DREG_ADREG_0_connects_CED_CEAD_RSTD_GND  
design_1_i/ekf_batch_0/inst/grp_ekf_batch_Pipeline_VITIS_LOOP_58_1_fu_11175/fmul_32ns_32ns_32_3_max_dsp_1_U126/ekf_batch_fmul_32ns_32ns_32_3_max_dsp_1_ip_u/inst/i_synth/MULT.OP/i_non_prim.R_AND_R/LAT_OPT.FULL.R_AND_R/DSP48E1_SGL_EXP_IP.OLD_ADD.ADD/i_no_versal_es1_workaround.DSP: DSP48E2 is not using the D port (AMULTSEL = A and BMULTSEL = B). For improved power characteristics, set DREG and ADREG to '1', tie CED, CEAD, and RSTD to logic '0'.
Related violations: <none>

AVAL-155#46 Advisory
enum_AMULTSEL_BMULTSEL_enum_DREG_ADREG_0_connects_CED_CEAD_RSTD_GND  
design_1_i/ekf_batch_0/inst/grp_ekf_batch_Pipeline_VITIS_LOOP_58_1_fu_11175/fmul_32ns_32ns_32_3_max_dsp_1_U127/ekf_batch_fmul_32ns_32ns_32_3_max_dsp_1_ip_u/inst/i_synth/MULT.OP/i_non_prim.MULT/DSP48E1_SPD_SGL_VARIANT.FIX_MULT/DSP1/i_no_versal_es1_workaround.DSP: DSP48E2 is not using the D port (AMULTSEL = A and BMULTSEL = B). For improved power characteristics, set DREG and ADREG to '1', tie CED, CEAD, and RSTD to logic '0'.
Related violations: <none>

AVAL-155#47 Advisory
enum_AMULTSEL_BMULTSEL_enum_DREG_ADREG_0_connects_CED_CEAD_RSTD_GND  
design_1_i/ekf_batch_0/inst/grp_ekf_batch_Pipeline_VITIS_LOOP_58_1_fu_11175/fmul_32ns_32ns_32_3_max_dsp_1_U127/ekf_batch_fmul_32ns_32ns_32_3_max_dsp_1_ip_u/inst/i_synth/MULT.OP/i_non_prim.MULT/DSP48E1_SPD_SGL_VARIANT.FIX_MULT/DSP2/i_no_versal_es1_workaround.DSP: DSP48E2 is not using the D port (AMULTSEL = A and BMULTSEL = B). For improved power characteristics, set DREG and ADREG to '1', tie CED, CEAD, and RSTD to logic '0'.
Related violations: <none>

AVAL-155#48 Advisory
enum_AMULTSEL_BMULTSEL_enum_DREG_ADREG_0_connects_CED_CEAD_RSTD_GND  
design_1_i/ekf_batch_0/inst/grp_ekf_batch_Pipeline_VITIS_LOOP_58_1_fu_11175/fmul_32ns_32ns_32_3_max_dsp_1_U127/ekf_batch_fmul_32ns_32ns_32_3_max_dsp_1_ip_u/inst/i_synth/MULT.OP/i_non_prim.R_AND_R/LAT_OPT.FULL.R_AND_R/DSP48E1_SGL_EXP_IP.OLD_ADD.ADD/i_no_versal_es1_workaround.DSP: DSP48E2 is not using the D port (AMULTSEL = A and BMULTSEL = B). For improved power characteristics, set DREG and ADREG to '1', tie CED, CEAD, and RSTD to logic '0'.
Related violations: <none>

AVAL-156#1 Advisory
enum_USE_MULT_NONE__enum_DREG_ADREG_0_connects_CED_CEAD_RSTD_GND  
design_1_i/ekf_batch_0/inst/fmul_32ns_32ns_32_3_max_dsp_1_U1451/ekf_batch_fmul_32ns_32ns_32_3_max_dsp_1_ip_u/inst/i_synth/MULT.OP/i_non_prim.R_AND_R/LAT_OPT.FULL.R_AND_R/DSP48E1_SGL_EXP_IP.OLD_ADD.ADD/i_no_versal_es1_workaround.DSP: DSP48E2 is not using the Multiplier (USE_MULT = NONE). For improved power characteristics, set DREG and ADREG to '1', tie CED, CEAD, and RSTD to logic '0'.
Related violations: <none>

AVAL-156#2 Advisory
enum_USE_MULT_NONE__enum_DREG_ADREG_0_connects_CED_CEAD_RSTD_GND  
design_1_i/ekf_batch_0/inst/fmul_32ns_32ns_32_3_max_dsp_1_U1480/ekf_batch_fmul_32ns_32ns_32_3_max_dsp_1_ip_u/inst/i_synth/MULT.OP/i_non_prim.R_AND_R/LAT_OPT.FULL.R_AND_R/DSP48E1_SGL_EXP_IP.OLD_ADD.ADD/i_no_versal_es1_workaround.DSP: DSP48E2 is not using the Multiplier (USE_MULT = NONE). For improved power characteristics, set DREG and ADREG to '1', tie CED, CEAD, and RSTD to logic '0'.
Related violations: <none>

AVAL-156#3 Advisory
enum_USE_MULT_NONE__enum_DREG_ADREG_0_connects_CED_CEAD_RSTD_GND  
design_1_i/ekf_batch_0/inst/fmul_32ns_32ns_32_3_max_dsp_1_U1486/ekf_batch_fmul_32ns_32ns_32_3_max_dsp_1_ip_u/inst/i_synth/MULT.OP/i_non_prim.R_AND_R/LAT_OPT.FULL.R_AND_R/DSP48E1_SGL_EXP_IP.OLD_ADD.ADD/i_no_versal_es1_workaround.DSP: DSP48E2 is not using the Multiplier (USE_MULT = NONE). For improved power characteristics, set DREG and ADREG to '1', tie CED, CEAD, and RSTD to logic '0'.
Related violations: <none>

AVAL-156#4 Advisory
enum_USE_MULT_NONE__enum_DREG_ADREG_0_connects_CED_CEAD_RSTD_GND  
design_1_i/ekf_batch_0/inst/fmul_32ns_32ns_32_3_max_dsp_1_U1487/ekf_batch_fmul_32ns_32ns_32_3_max_dsp_1_ip_u/inst/i_synth/MULT.OP/i_non_prim.R_AND_R/LAT_OPT.FULL.R_AND_R/DSP48E1_SGL_EXP_IP.OLD_ADD.ADD/i_no_versal_es1_workaround.DSP: DSP48E2 is not using the Multiplier (USE_MULT = NONE). For improved power characteristics, set DREG and ADREG to '1', tie CED, CEAD, and RSTD to logic '0'.
Related violations: <none>

AVAL-156#5 Advisory
enum_USE_MULT_NONE__enum_DREG_ADREG_0_connects_CED_CEAD_RSTD_GND  
design_1_i/ekf_batch_0/inst/fmul_32ns_32ns_32_3_max_dsp_1_U1488/ekf_batch_fmul_32ns_32ns_32_3_max_dsp_1_ip_u/inst/i_synth/MULT.OP/i_non_prim.R_AND_R/LAT_OPT.FULL.R_AND_R/DSP48E1_SGL_EXP_IP.OLD_ADD.ADD/i_no_versal_es1_workaround.DSP: DSP48E2 is not using the Multiplier (USE_MULT = NONE). For improved power characteristics, set DREG and ADREG to '1', tie CED, CEAD, and RSTD to logic '0'.
Related violations: <none>

AVAL-156#6 Advisory
enum_USE_MULT_NONE__enum_DREG_ADREG_0_connects_CED_CEAD_RSTD_GND  
design_1_i/ekf_batch_0/inst/fmul_32ns_32ns_32_3_max_dsp_1_U1489/ekf_batch_fmul_32ns_32ns_32_3_max_dsp_1_ip_u/inst/i_synth/MULT.OP/i_non_prim.R_AND_R/LAT_OPT.FULL.R_AND_R/DSP48E1_SGL_EXP_IP.OLD_ADD.ADD/i_no_versal_es1_workaround.DSP: DSP48E2 is not using the Multiplier (USE_MULT = NONE). For improved power characteristics, set DREG and ADREG to '1', tie CED, CEAD, and RSTD to logic '0'.
Related violations: <none>

AVAL-156#7 Advisory
enum_USE_MULT_NONE__enum_DREG_ADREG_0_connects_CED_CEAD_RSTD_GND  
design_1_i/ekf_batch_0/inst/fmul_32ns_32ns_32_3_max_dsp_1_U1490/ekf_batch_fmul_32ns_32ns_32_3_max_dsp_1_ip_u/inst/i_synth/MULT.OP/i_non_prim.R_AND_R/LAT_OPT.FULL.R_AND_R/DSP48E1_SGL_EXP_IP.OLD_ADD.ADD/i_no_versal_es1_workaround.DSP: DSP48E2 is not using the Multiplier (USE_MULT = NONE). For improved power characteristics, set DREG and ADREG to '1', tie CED, CEAD, and RSTD to logic '0'.
Related violations: <none>

AVAL-156#8 Advisory
enum_USE_MULT_NONE__enum_DREG_ADREG_0_connects_CED_CEAD_RSTD_GND  
design_1_i/ekf_batch_0/inst/grp_ekf_batch_Pipeline_VITIS_LOOP_58_1_fu_11175/fmul_32ns_32ns_32_3_max_dsp_1_U123/ekf_batch_fmul_32ns_32ns_32_3_max_dsp_1_ip_u/inst/i_synth/MULT.OP/i_non_prim.R_AND_R/LAT_OPT.FULL.R_AND_R/DSP48E1_SGL_EXP_IP.OLD_ADD.ADD/i_no_versal_es1_workaround.DSP: DSP48E2 is not using the Multiplier (USE_MULT = NONE). For improved power characteristics, set DREG and ADREG to '1', tie CED, CEAD, and RSTD to logic '0'.
Related violations: <none>

AVAL-156#9 Advisory
enum_USE_MULT_NONE__enum_DREG_ADREG_0_connects_CED_CEAD_RSTD_GND  
design_1_i/ekf_batch_0/inst/grp_ekf_batch_Pipeline_VITIS_LOOP_58_1_fu_11175/fmul_32ns_32ns_32_3_max_dsp_1_U124/ekf_batch_fmul_32ns_32ns_32_3_max_dsp_1_ip_u/inst/i_synth/MULT.OP/i_non_prim.R_AND_R/LAT_OPT.FULL.R_AND_R/DSP48E1_SGL_EXP_IP.OLD_ADD.ADD/i_no_versal_es1_workaround.DSP: DSP48E2 is not using the Multiplier (USE_MULT = NONE). For improved power characteristics, set DREG and ADREG to '1', tie CED, CEAD, and RSTD to logic '0'.
Related violations: <none>

AVAL-156#10 Advisory
enum_USE_MULT_NONE__enum_DREG_ADREG_0_connects_CED_CEAD_RSTD_GND  
design_1_i/ekf_batch_0/inst/grp_ekf_batch_Pipeline_VITIS_LOOP_58_1_fu_11175/fmul_32ns_32ns_32_3_max_dsp_1_U125/ekf_batch_fmul_32ns_32ns_32_3_max_dsp_1_ip_u/inst/i_synth/MULT.OP/i_non_prim.R_AND_R/LAT_OPT.FULL.R_AND_R/DSP48E1_SGL_EXP_IP.OLD_ADD.ADD/i_no_versal_es1_workaround.DSP: DSP48E2 is not using the Multiplier (USE_MULT = NONE). For improved power characteristics, set DREG and ADREG to '1', tie CED, CEAD, and RSTD to logic '0'.
Related violations: <none>

AVAL-156#11 Advisory
enum_USE_MULT_NONE__enum_DREG_ADREG_0_connects_CED_CEAD_RSTD_GND  
design_1_i/ekf_batch_0/inst/grp_ekf_batch_Pipeline_VITIS_LOOP_58_1_fu_11175/fmul_32ns_32ns_32_3_max_dsp_1_U126/ekf_batch_fmul_32ns_32ns_32_3_max_dsp_1_ip_u/inst/i_synth/MULT.OP/i_non_prim.R_AND_R/LAT_OPT.FULL.R_AND_R/DSP48E1_SGL_EXP_IP.OLD_ADD.ADD/i_no_versal_es1_workaround.DSP: DSP48E2 is not using the Multiplier (USE_MULT = NONE). For improved power characteristics, set DREG and ADREG to '1', tie CED, CEAD, and RSTD to logic '0'.
Related violations: <none>

AVAL-156#12 Advisory
enum_USE_MULT_NONE__enum_DREG_ADREG_0_connects_CED_CEAD_RSTD_GND  
design_1_i/ekf_batch_0/inst/grp_ekf_batch_Pipeline_VITIS_LOOP_58_1_fu_11175/fmul_32ns_32ns_32_3_max_dsp_1_U127/ekf_batch_fmul_32ns_32ns_32_3_max_dsp_1_ip_u/inst/i_synth/MULT.OP/i_non_prim.R_AND_R/LAT_OPT.FULL.R_AND_R/DSP48E1_SGL_EXP_IP.OLD_ADD.ADD/i_no_versal_es1_workaround.DSP: DSP48E2 is not using the Multiplier (USE_MULT = NONE). For improved power characteristics, set DREG and ADREG to '1', tie CED, CEAD, and RSTD to logic '0'.
Related violations: <none>


