Copyright 1986-2022 Xilinx, Inc. All Rights Reserved. Copyright 2022-2023 Advanced Micro Devices, Inc. All Rights Reserved.
--------------------------------------------------------------------------------------------------------------------------------------------------------------------------------------------------------------------------------------------------
| Tool Version      : Vivado v.2023.1 (win64) Build 3865809 Sun May  7 15:05:29 MDT 2023
| Date              : Thu Sep  3 12:53:35 2026
| Host              : Aswathy running 64-bit major release  (build 9200)
| Command           : report_timing_summary -max_paths 10 -report_unconstrained -file design_1_wrapper_timing_summary_routed.rpt -pb design_1_wrapper_timing_summary_routed.pb -rpx design_1_wrapper_timing_summary_routed.rpx -warn_on_violation
| Design            : design_1_wrapper
| Device            : xczu9eg-ffvb1156
| Speed File        : -2  PRODUCTION 1.30 05-15-2022
| Design State      : Routed
| Temperature Grade : E
--------------------------------------------------------------------------------------------------------------------------------------------------------------------------------------------------------------------------------------------------

Timing Summary Report

------------------------------------------------------------------------------------------------
| Timer Settings
| --------------
------------------------------------------------------------------------------------------------

  Enable Multi Corner Analysis               :  Yes
  Enable Pessimism Removal                   :  Yes
  Pessimism Removal Resolution               :  Nearest Common Node
  Enable Input Delay Default Clock           :  No
  Enable Preset / Clear Arcs                 :  No
  Disable Flight Delays                      :  No
  Ignore I/O Paths                           :  No
  Timing Early Launch at Borrowing Latches   :  No
  Borrow Time for Max Delay Exceptions       :  Yes
  Merge Timing Exceptions                    :  Yes

  Corner  Analyze    Analyze    
  Name    Max Paths  Min Paths  
  ------  ---------  ---------  
  Slow    Yes        Yes        
  Fast    Yes        Yes        


------------------------------------------------------------------------------------------------
| Report Methodology
| ------------------
------------------------------------------------------------------------------------------------

Rule     Severity  Description                   Violations  
-------  --------  ----------------------------  ----------  
LUTAR-1  Warning   LUT drives async reset alert  6           

Note: This report is based on the most recent report_methodology run and may not be up-to-date. Run report_methodology on the current design for the latest report.



check_timing report

Table of Contents
-----------------
1. checking no_clock (0)
2. checking constant_clock (0)
3. checking pulse_width_clock (0)
4. checking unconstrained_internal_endpoints (0)
5. checking no_input_delay (0)
6. checking no_output_delay (0)
7. checking multiple_clock (0)
8. checking generated_clocks (0)
9. checking loops (0)
10. checking partial_input_delay (0)
11. checking partial_output_delay (0)
12. checking latch_loops (0)

1. checking no_clock (0)
------------------------
 There are 0 register/latch pins with no clock.


2. checking constant_clock (0)
------------------------------
 There are 0 register/latch pins with constant_clock.


3. checking pulse_width_clock (0)
---------------------------------
 There are 0 register/latch pins which need pulse_width check


4. checking unconstrained_internal_endpoints (0)
------------------------------------------------
 There are 0 pins that are not constrained for maximum delay.

 There are 0 pins that are not constrained for maximum delay due to constant clock.


5. checking no_input_delay (0)
------------------------------
 There are 0 input ports with no input delay specified.

 There are 0 input ports with no input delay but user has a false path constraint.


6. checking no_output_delay (0)
-------------------------------
 There are 0 ports with no output delay specified.

 There are 0 ports with no output delay but user has a false path constraint

 There are 0 ports with no output delay but with a timing clock defined on it or propagating through it


7. checking multiple_clock (0)
------------------------------
 There are 0 register/latch pins with multiple clocks.


8. checking generated_clocks (0)
--------------------------------
 There are 0 generated clocks that are not connected to a clock source.


9. checking loops (0)
---------------------
 There are 0 combinational loops in the design.


10. checking partial_input_delay (0)
------------------------------------
 There are 0 input ports with partial input delay specified.


11. checking partial_output_delay (0)
-------------------------------------
 There are 0 ports with partial output delay specified.


12. checking latch_loops (0)
----------------------------
 There are 0 combinational latch loops in the design through latch input



------------------------------------------------------------------------------------------------
| Design Timing Summary
| ---------------------
------------------------------------------------------------------------------------------------

    WNS(ns)      TNS(ns)  TNS Failing Endpoints  TNS Total Endpoints      WHS(ns)      THS(ns)  THS Failing Endpoints  THS Total Endpoints     WPWS(ns)     TPWS(ns)  TPWS Failing Endpoints  TPWS Total Endpoints  
    -------      -------  ---------------------  -------------------      -------      -------  ---------------------  -------------------     --------     --------  ----------------------  --------------------  
      1.646        0.000                      0                91170        0.010        0.000                      0                91170        3.500        0.000                       0                 41107  


All user specified timing constraints are met.


------------------------------------------------------------------------------------------------
| Clock Summary
| -------------
------------------------------------------------------------------------------------------------

Clock     Waveform(ns)       Period(ns)      Frequency(MHz)
-----     ------------       ----------      --------------
clk_pl_0  {0.000 5.000}      10.000          100.000         


------------------------------------------------------------------------------------------------
| Intra Clock Table
| -----------------
------------------------------------------------------------------------------------------------

Clock             WNS(ns)      TNS(ns)  TNS Failing Endpoints  TNS Total Endpoints      WHS(ns)      THS(ns)  THS Failing Endpoints  THS Total Endpoints     WPWS(ns)     TPWS(ns)  TPWS Failing Endpoints  TPWS Total Endpoints  
-----             -------      -------  ---------------------  -------------------      -------      -------  ---------------------  -------------------     --------     --------  ----------------------  --------------------  
clk_pl_0            1.646        0.000                      0                90978        0.010        0.000                      0                90978        3.500        0.000                       0                 41107  


------------------------------------------------------------------------------------------------
| Inter Clock Table
| -----------------
------------------------------------------------------------------------------------------------

From Clock    To Clock          WNS(ns)      TNS(ns)  TNS Failing Endpoints  TNS Total Endpoints      WHS(ns)      THS(ns)  THS Failing Endpoints  THS Total Endpoints  
----------    --------          -------      -------  ---------------------  -------------------      -------      -------  ---------------------  -------------------  


------------------------------------------------------------------------------------------------
| Other Path Groups Table
| -----------------------
------------------------------------------------------------------------------------------------

Path Group         From Clock         To Clock               WNS(ns)      TNS(ns)  TNS Failing Endpoints  TNS Total Endpoints      WHS(ns)      THS(ns)  THS Failing Endpoints  THS Total Endpoints  
----------         ----------         --------               -------      -------  ---------------------  -------------------      -------      -------  ---------------------  -------------------  
**async_default**  clk_pl_0           clk_pl_0                 8.561        0.000                      0                  192        0.196        0.000                      0                  192  


------------------------------------------------------------------------------------------------
| User Ignored Path Table
| -----------------------
------------------------------------------------------------------------------------------------

Path Group    From Clock    To Clock    
----------    ----------    --------    
(none)                      clk_pl_0      
(none)        clk_pl_0      clk_pl_0      


------------------------------------------------------------------------------------------------
| Unconstrained Path Table
| ------------------------
------------------------------------------------------------------------------------------------

Path Group    From Clock    To Clock    
----------    ----------    --------    
(none)                      clk_pl_0      


------------------------------------------------------------------------------------------------
| Timing Details
| --------------
------------------------------------------------------------------------------------------------


---------------------------------------------------------------------------------------------------
From Clock:  clk_pl_0
  To Clock:  clk_pl_0

Setup :            0  Failing Endpoints,  Worst Slack        1.646ns,  Total Violation        0.000ns
Hold  :            0  Failing Endpoints,  Worst Slack        0.010ns,  Total Violation        0.000ns
PW    :            0  Failing Endpoints,  Worst Slack        3.500ns,  Total Violation        0.000ns
---------------------------------------------------------------------------------------------------


Max Delay Paths
--------------------------------------------------------------------------------------
Slack (MET) :             1.646ns  (required time - arrival time)
  Source:                 design_1_i/ekf_batch_0/inst/k_reg_6778_reg[0]/C
                            (rising edge-triggered cell FDRE clocked by clk_pl_0  {rise@0.000ns fall@5.000ns period=10.000ns})
  Destination:            design_1_i/ekf_batch_0/inst/phi_mul_fu_198_reg[11]/CE
                            (rising edge-triggered cell FDRE clocked by clk_pl_0  {rise@0.000ns fall@5.000ns period=10.000ns})
  Path Group:             clk_pl_0
  Path Type:              Setup (Max at Slow Process Corner)
  Requirement:            10.000ns  (clk_pl_0 rise@10.000ns - clk_pl_0 rise@0.000ns)
  Data Path Delay:        7.960ns  (logic 0.482ns (6.055%)  route 7.478ns (93.945%))
  Logic Levels:           4  (CARRY8=2 LUT2=1 LUT4=1)
  Clock Path Skew:        -0.205ns (DCD - SCD + CPR)
    Destination Clock Delay (DCD):    1.717ns = ( 11.717 - 10.000 ) 
    Source Clock Delay      (SCD):    1.995ns
    Clock Pessimism Removal (CPR):    0.074ns
  Clock Uncertainty:      0.130ns  ((TSJ^2 + DJ^2)^1/2) / 2 + PE
    Total System Jitter     (TSJ):    0.071ns
    Discrete Jitter          (DJ):    0.250ns
    Phase Error              (PE):    0.000ns
  Clock Net Delay (Source):      1.832ns (routing 0.404ns, distribution 1.428ns)
  Clock Net Delay (Destination): 1.587ns (routing 0.363ns, distribution 1.224ns)

    Location             Delay type                Incr(ns)  Path(ns)    Netlist Resource(s)
  -------------------------------------------------------------------    -------------------
                         (clock clk_pl_0 rise edge)
                                                      0.000     0.000 r  
    PS8_X0Y0             PS8                          0.000     0.000 r  design_1_i/zynq_ultra_ps_e_0/inst/PS8_i/PLCLK[0]
                         net (fo=1, routed)           0.135     0.135    design_1_i/zynq_ultra_ps_e_0/inst/pl_clk_unbuffered[0]
    BUFG_PS_X0Y58        BUFG_PS (Prop_BUFG_PS_I_O)
                                                      0.028     0.163 r  design_1_i/zynq_ultra_ps_e_0/inst/buffer_pl_clk_0.PL_CLK_0_BUFG/O
    X1Y3 (CLOCK_ROOT)    net (fo=41467, routed)       1.832     1.995    design_1_i/ekf_batch_0/inst/ap_clk
    SLICE_X40Y318        FDRE                                         r  design_1_i/ekf_batch_0/inst/k_reg_6778_reg[0]/C
  -------------------------------------------------------------------    -------------------
    SLICE_X40Y318        FDRE (Prop_EFF_SLICEM_C_Q)
                                                      0.076     2.071 r  design_1_i/ekf_batch_0/inst/k_reg_6778_reg[0]/Q
                         net (fo=8, routed)           2.321     4.393    design_1_i/ekf_batch_0/inst/grp_ekf_batch_Pipeline_VITIS_LOOP_168_8_fu_11591/flow_control_loop_pipe_sequential_init_U/shl_ln_reg_18662_reg[5]_i_3_0[0]
    SLICE_X39Y42         LUT4 (Prop_A6LUT_SLICEL_I2_O)
                                                      0.124     4.517 r  design_1_i/ekf_batch_0/inst/grp_ekf_batch_Pipeline_VITIS_LOOP_168_8_fu_11591/flow_control_loop_pipe_sequential_init_U/shl_ln_reg_18662[5]_i_35/O
                         net (fo=1, routed)           0.009     4.526    design_1_i/ekf_batch_0/inst/grp_ekf_batch_Pipeline_VITIS_LOOP_168_8_fu_11591/flow_control_loop_pipe_sequential_init_U/shl_ln_reg_18662[5]_i_35_n_16
    SLICE_X39Y42         CARRY8 (Prop_CARRY8_SLICEL_S[0]_CO[7])
                                                      0.190     4.716 f  design_1_i/ekf_batch_0/inst/grp_ekf_batch_Pipeline_VITIS_LOOP_168_8_fu_11591/flow_control_loop_pipe_sequential_init_U/shl_ln_reg_18662_reg[5]_i_3/CO[7]
                         net (fo=1, routed)           0.026     4.742    design_1_i/ekf_batch_0/inst/grp_ekf_batch_Pipeline_VITIS_LOOP_168_8_fu_11591/flow_control_loop_pipe_sequential_init_U/shl_ln_reg_18662_reg[5]_i_3_n_16
    SLICE_X39Y43         CARRY8 (Prop_CARRY8_SLICEL_CI_CO[7])
                                                      0.022     4.764 f  design_1_i/ekf_batch_0/inst/grp_ekf_batch_Pipeline_VITIS_LOOP_168_8_fu_11591/flow_control_loop_pipe_sequential_init_U/shl_ln_reg_18662_reg[5]_i_2/CO[7]
                         net (fo=5, routed)           2.712     7.476    design_1_i/ekf_batch_0/inst/grp_ekf_batch_Pipeline_VITIS_LOOP_173_9_fu_11608/flow_control_loop_pipe_sequential_init_U/CO[0]
    SLICE_X43Y330        LUT2 (Prop_A5LUT_SLICEM_I1_O)
                                                      0.070     7.546 r  design_1_i/ekf_batch_0/inst/grp_ekf_batch_Pipeline_VITIS_LOOP_173_9_fu_11608/flow_control_loop_pipe_sequential_init_U/phi_mul_fu_198[39]_i_2/O
                         net (fo=70, routed)          2.409     9.955    design_1_i/ekf_batch_0/inst/grp_ekf_batch_Pipeline_VITIS_LOOP_173_9_fu_11608_n_208
    SLICE_X48Y74         FDRE                                         r  design_1_i/ekf_batch_0/inst/phi_mul_fu_198_reg[11]/CE
  -------------------------------------------------------------------    -------------------

                         (clock clk_pl_0 rise edge)
                                                     10.000    10.000 r  
    PS8_X0Y0             PS8                          0.000    10.000 r  design_1_i/zynq_ultra_ps_e_0/inst/PS8_i/PLCLK[0]
                         net (fo=1, routed)           0.105    10.105    design_1_i/zynq_ultra_ps_e_0/inst/pl_clk_unbuffered[0]
    BUFG_PS_X0Y58        BUFG_PS (Prop_BUFG_PS_I_O)
                                                      0.025    10.130 r  design_1_i/zynq_ultra_ps_e_0/inst/buffer_pl_clk_0.PL_CLK_0_BUFG/O
    X1Y3 (CLOCK_ROOT)    net (fo=41467, routed)       1.587    11.717    design_1_i/ekf_batch_0/inst/ap_clk
    SLICE_X48Y74         FDRE                                         r  design_1_i/ekf_batch_0/inst/phi_mul_fu_198_reg[11]/C
                         clock pessimism              0.074    11.791    
                         clock uncertainty           -0.130    11.661    
    SLICE_X48Y74         FDRE (Setup_EFF2_SLICEL_C_CE)
                                                     -0.060    11.601    design_1_i/ekf_batch_0/inst/phi_mul_fu_198_reg[11]
  -------------------------------------------------------------------
                         required time                         11.601    
                         arrival time                          -9.955    
  -------------------------------------------------------------------
                         slack                                  1.646    

Slack (MET) :             1.646ns  (required time - arrival time)
  Source:                 design_1_i/ekf_batch_0/inst/k_reg_6778_reg[0]/C
                            (rising edge-triggered cell FDRE clocked by clk_pl_0  {rise@0.000ns fall@5.000ns period=10.000ns})
  Destination:            design_1_i/ekf_batch_0/inst/phi_mul_fu_198_reg[13]/CE
                            (rising edge-triggered cell FDRE clocked by clk_pl_0  {rise@0.000ns fall@5.000ns period=10.000ns})
  Path Group:             clk_pl_0
  Path Type:              Setup (Max at Slow Process Corner)
  Requirement:            10.000ns  (clk_pl_0 rise@10.000ns - clk_pl_0 rise@0.000ns)
  Data Path Delay:        7.960ns  (logic 0.482ns (6.055%)  route 7.478ns (93.945%))
  Logic Levels:           4  (CARRY8=2 LUT2=1 LUT4=1)
  Clock Path Skew:        -0.205ns (DCD - SCD + CPR)
    Destination Clock Delay (DCD):    1.717ns = ( 11.717 - 10.000 ) 
    Source Clock Delay      (SCD):    1.995ns
    Clock Pessimism Removal (CPR):    0.074ns
  Clock Uncertainty:      0.130ns  ((TSJ^2 + DJ^2)^1/2) / 2 + PE
    Total System Jitter     (TSJ):    0.071ns
    Discrete Jitter          (DJ):    0.250ns
    Phase Error              (PE):    0.000ns
  Clock Net Delay (Source):      1.832ns (routing 0.404ns, distribution 1.428ns)
  Clock Net Delay (Destination): 1.587ns (routing 0.363ns, distribution 1.224ns)

    Location             Delay type                Incr(ns)  Path(ns)    Netlist Resource(s)
  -------------------------------------------------------------------    -------------------
                         (clock clk_pl_0 rise edge)
                                                      0.000     0.000 r  
    PS8_X0Y0             PS8                          0.000     0.000 r  design_1_i/zynq_ultra_ps_e_0/inst/PS8_i/PLCLK[0]
                         net (fo=1, routed)           0.135     0.135    design_1_i/zynq_ultra_ps_e_0/inst/pl_clk_unbuffered[0]
    BUFG_PS_X0Y58        BUFG_PS (Prop_BUFG_PS_I_O)
                                                      0.028     0.163 r  design_1_i/zynq_ultra_ps_e_0/inst/buffer_pl_clk_0.PL_CLK_0_BUFG/O
    X1Y3 (CLOCK_ROOT)    net (fo=41467, routed)       1.832     1.995    design_1_i/ekf_batch_0/inst/ap_clk
    SLICE_X40Y318        FDRE                                         r  design_1_i/ekf_batch_0/inst/k_reg_6778_reg[0]/C
  -------------------------------------------------------------------    -------------------
    SLICE_X40Y318        FDRE (Prop_EFF_SLICEM_C_Q)
                                                      0.076     2.071 r  design_1_i/ekf_batch_0/inst/k_reg_6778_reg[0]/Q
                         net (fo=8, routed)           2.321     4.393    design_1_i/ekf_batch_0/inst/grp_ekf_batch_Pipeline_VITIS_LOOP_168_8_fu_11591/flow_control_loop_pipe_sequential_init_U/shl_ln_reg_18662_reg[5]_i_3_0[0]
    SLICE_X39Y42         LUT4 (Prop_A6LUT_SLICEL_I2_O)
                                                      0.124     4.517 r  design_1_i/ekf_batch_0/inst/grp_ekf_batch_Pipeline_VITIS_LOOP_168_8_fu_11591/flow_control_loop_pipe_sequential_init_U/shl_ln_reg_18662[5]_i_35/O
                         net (fo=1, routed)           0.009     4.526    design_1_i/ekf_batch_0/inst/grp_ekf_batch_Pipeline_VITIS_LOOP_168_8_fu_11591/flow_control_loop_pipe_sequential_init_U/shl_ln_reg_18662[5]_i_35_n_16
    SLICE_X39Y42         CARRY8 (Prop_CARRY8_SLICEL_S[0]_CO[7])
                                                      0.190     4.716 f  design_1_i/ekf_batch_0/inst/grp_ekf_batch_Pipeline_VITIS_LOOP_168_8_fu_11591/flow_control_loop_pipe_sequential_init_U/shl_ln_reg_18662_reg[5]_i_3/CO[7]
                         net (fo=1, routed)           0.026     4.742    design_1_i/ekf_batch_0/inst/grp_ekf_batch_Pipeline_VITIS_LOOP_168_8_fu_11591/flow_control_loop_pipe_sequential_init_U/shl_ln_reg_18662_reg[5]_i_3_n_16
    SLICE_X39Y43         CARRY8 (Prop_CARRY8_SLICEL_CI_CO[7])
                                                      0.022     4.764 f  design_1_i/ekf_batch_0/inst/grp_ekf_batch_Pipeline_VITIS_LOOP_168_8_fu_11591/flow_control_loop_pipe_sequential_init_U/shl_ln_reg_18662_reg[5]_i_2/CO[7]
                         net (fo=5, routed)           2.712     7.476    design_1_i/ekf_batch_0/inst/grp_ekf_batch_Pipeline_VITIS_LOOP_173_9_fu_11608/flow_control_loop_pipe_sequential_init_U/CO[0]
    SLICE_X43Y330        LUT2 (Prop_A5LUT_SLICEM_I1_O)
                                                      0.070     7.546 r  design_1_i/ekf_batch_0/inst/grp_ekf_batch_Pipeline_VITIS_LOOP_173_9_fu_11608/flow_control_loop_pipe_sequential_init_U/phi_mul_fu_198[39]_i_2/O
                         net (fo=70, routed)          2.409     9.955    design_1_i/ekf_batch_0/inst/grp_ekf_batch_Pipeline_VITIS_LOOP_173_9_fu_11608_n_208
    SLICE_X48Y74         FDRE                                         r  design_1_i/ekf_batch_0/inst/phi_mul_fu_198_reg[13]/CE
  -------------------------------------------------------------------    -------------------

                         (clock clk_pl_0 rise edge)
                                                     10.000    10.000 r  
    PS8_X0Y0             PS8                          0.000    10.000 r  design_1_i/zynq_ultra_ps_e_0/inst/PS8_i/PLCLK[0]
                         net (fo=1, routed)           0.105    10.105    design_1_i/zynq_ultra_ps_e_0/inst/pl_clk_unbuffered[0]
    BUFG_PS_X0Y58        BUFG_PS (Prop_BUFG_PS_I_O)
                                                      0.025    10.130 r  design_1_i/zynq_ultra_ps_e_0/inst/buffer_pl_clk_0.PL_CLK_0_BUFG/O
    X1Y3 (CLOCK_ROOT)    net (fo=41467, routed)       1.587    11.717    design_1_i/ekf_batch_0/inst/ap_clk
    SLICE_X48Y74         FDRE                                         r  design_1_i/ekf_batch_0/inst/phi_mul_fu_198_reg[13]/C
                         clock pessimism              0.074    11.791    
                         clock uncertainty           -0.130    11.661    
    SLICE_X48Y74         FDRE (Setup_FFF2_SLICEL_C_CE)
                                                     -0.060    11.601    design_1_i/ekf_batch_0/inst/phi_mul_fu_198_reg[13]
  -------------------------------------------------------------------
                         required time                         11.601    
                         arrival time                          -9.955    
  -------------------------------------------------------------------
                         slack                                  1.646    

Slack (MET) :             1.646ns  (required time - arrival time)
  Source:                 design_1_i/ekf_batch_0/inst/k_reg_6778_reg[0]/C
                            (rising edge-triggered cell FDRE clocked by clk_pl_0  {rise@0.000ns fall@5.000ns period=10.000ns})
  Destination:            design_1_i/ekf_batch_0/inst/phi_mul_fu_198_reg[16]/CE
                            (rising edge-triggered cell FDRE clocked by clk_pl_0  {rise@0.000ns fall@5.000ns period=10.000ns})
  Path Group:             clk_pl_0
  Path Type:              Setup (Max at Slow Process Corner)
  Requirement:            10.000ns  (clk_pl_0 rise@10.000ns - clk_pl_0 rise@0.000ns)
  Data Path Delay:        7.960ns  (logic 0.482ns (6.055%)  route 7.478ns (93.945%))
  Logic Levels:           4  (CARRY8=2 LUT2=1 LUT4=1)
  Clock Path Skew:        -0.205ns (DCD - SCD + CPR)
    Destination Clock Delay (DCD):    1.717ns = ( 11.717 - 10.000 ) 
    Source Clock Delay      (SCD):    1.995ns
    Clock Pessimism Removal (CPR):    0.074ns
  Clock Uncertainty:      0.130ns  ((TSJ^2 + DJ^2)^1/2) / 2 + PE
    Total System Jitter     (TSJ):    0.071ns
    Discrete Jitter          (DJ):    0.250ns
    Phase Error              (PE):    0.000ns
  Clock Net Delay (Source):      1.832ns (routing 0.404ns, distribution 1.428ns)
  Clock Net Delay (Destination): 1.587ns (routing 0.363ns, distribution 1.224ns)

    Location             Delay type                Incr(ns)  Path(ns)    Netlist Resource(s)
  -------------------------------------------------------------------    -------------------
                         (clock clk_pl_0 rise edge)
                                                      0.000     0.000 r  
    PS8_X0Y0             PS8                          0.000     0.000 r  design_1_i/zynq_ultra_ps_e_0/inst/PS8_i/PLCLK[0]
                         net (fo=1, routed)           0.135     0.135    design_1_i/zynq_ultra_ps_e_0/inst/pl_clk_unbuffered[0]
    BUFG_PS_X0Y58        BUFG_PS (Prop_BUFG_PS_I_O)
                                                      0.028     0.163 r  design_1_i/zynq_ultra_ps_e_0/inst/buffer_pl_clk_0.PL_CLK_0_BUFG/O
    X1Y3 (CLOCK_ROOT)    net (fo=41467, routed)       1.832     1.995    design_1_i/ekf_batch_0/inst/ap_clk
    SLICE_X40Y318        FDRE                                         r  design_1_i/ekf_batch_0/inst/k_reg_6778_reg[0]/C
  -------------------------------------------------------------------    -------------------
    SLICE_X40Y318        FDRE (Prop_EFF_SLICEM_C_Q)
                                                      0.076     2.071 r  design_1_i/ekf_batch_0/inst/k_reg_6778_reg[0]/Q
                         net (fo=8, routed)           2.321     4.393    design_1_i/ekf_batch_0/inst/grp_ekf_batch_Pipeline_VITIS_LOOP_168_8_fu_11591/flow_control_loop_pipe_sequential_init_U/shl_ln_reg_18662_reg[5]_i_3_0[0]
    SLICE_X39Y42         LUT4 (Prop_A6LUT_SLICEL_I2_O)
                                                      0.124     4.517 r  design_1_i/ekf_batch_0/inst/grp_ekf_batch_Pipeline_VITIS_LOOP_168_8_fu_11591/flow_control_loop_pipe_sequential_init_U/shl_ln_reg_18662[5]_i_35/O
                         net (fo=1, routed)           0.009     4.526    design_1_i/ekf_batch_0/inst/grp_ekf_batch_Pipeline_VITIS_LOOP_168_8_fu_11591/flow_control_loop_pipe_sequential_init_U/shl_ln_reg_18662[5]_i_35_n_16
    SLICE_X39Y42         CARRY8 (Prop_CARRY8_SLICEL_S[0]_CO[7])
                                                      0.190     4.716 f  design_1_i/ekf_batch_0/inst/grp_ekf_batch_Pipeline_VITIS_LOOP_168_8_fu_11591/flow_control_loop_pipe_sequential_init_U/shl_ln_reg_18662_reg[5]_i_3/CO[7]
                         net (fo=1, routed)           0.026     4.742    design_1_i/ekf_batch_0/inst/grp_ekf_batch_Pipeline_VITIS_LOOP_168_8_fu_11591/flow_control_loop_pipe_sequential_init_U/shl_ln_reg_18662_reg[5]_i_3_n_16
    SLICE_X39Y43         CARRY8 (Prop_CARRY8_SLICEL_CI_CO[7])
                                                      0.022     4.764 f  design_1_i/ekf_batch_0/inst/grp_ekf_batch_Pipeline_VITIS_LOOP_168_8_fu_11591/flow_control_loop_pipe_sequential_init_U/shl_ln_reg_18662_reg[5]_i_2/CO[7]
                         net (fo=5, routed)           2.712     7.476    design_1_i/ekf_batch_0/inst/grp_ekf_batch_Pipeline_VITIS_LOOP_173_9_fu_11608/flow_control_loop_pipe_sequential_init_U/CO[0]
    SLICE_X43Y330        LUT2 (Prop_A5LUT_SLICEM_I1_O)
                                                      0.070     7.546 r  design_1_i/ekf_batch_0/inst/grp_ekf_batch_Pipeline_VITIS_LOOP_173_9_fu_11608/flow_control_loop_pipe_sequential_init_U/phi_mul_fu_198[39]_i_2/O
                         net (fo=70, routed)          2.409     9.955    design_1_i/ekf_batch_0/inst/grp_ekf_batch_Pipeline_VITIS_LOOP_173_9_fu_11608_n_208
    SLICE_X48Y74         FDRE                                         r  design_1_i/ekf_batch_0/inst/phi_mul_fu_198_reg[16]/CE
  -------------------------------------------------------------------    -------------------

                         (clock clk_pl_0 rise edge)
                                                     10.000    10.000 r  
    PS8_X0Y0             PS8                          0.000    10.000 r  design_1_i/zynq_ultra_ps_e_0/inst/PS8_i/PLCLK[0]
                         net (fo=1, routed)           0.105    10.105    design_1_i/zynq_ultra_ps_e_0/inst/pl_clk_unbuffered[0]
    BUFG_PS_X0Y58        BUFG_PS (Prop_BUFG_PS_I_O)
                                                      0.025    10.130 r  design_1_i/zynq_ultra_ps_e_0/inst/buffer_pl_clk_0.PL_CLK_0_BUFG/O
    X1Y3 (CLOCK_ROOT)    net (fo=41467, routed)       1.587    11.717    design_1_i/ekf_batch_0/inst/ap_clk
    SLICE_X48Y74         FDRE                                         r  design_1_i/ekf_batch_0/inst/phi_mul_fu_198_reg[16]/C
                         clock pessimism              0.074    11.791    
                         clock uncertainty           -0.130    11.661    
    SLICE_X48Y74         FDRE (Setup_GFF2_SLICEL_C_CE)
                                                     -0.060    11.601    design_1_i/ekf_batch_0/inst/phi_mul_fu_198_reg[16]
  -------------------------------------------------------------------
                         required time                         11.601    
                         arrival time                          -9.955    
  -------------------------------------------------------------------
                         slack                                  1.646    

Slack (MET) :             1.646ns  (required time - arrival time)
  Source:                 design_1_i/ekf_batch_0/inst/k_reg_6778_reg[0]/C
                            (rising edge-triggered cell FDRE clocked by clk_pl_0  {rise@0.000ns fall@5.000ns period=10.000ns})
  Destination:            design_1_i/ekf_batch_0/inst/phi_mul_fu_198_reg[5]/CE
                            (rising edge-triggered cell FDRE clocked by clk_pl_0  {rise@0.000ns fall@5.000ns period=10.000ns})
  Path Group:             clk_pl_0
  Path Type:              Setup (Max at Slow Process Corner)
  Requirement:            10.000ns  (clk_pl_0 rise@10.000ns - clk_pl_0 rise@0.000ns)
  Data Path Delay:        7.960ns  (logic 0.482ns (6.055%)  route 7.478ns (93.945%))
  Logic Levels:           4  (CARRY8=2 LUT2=1 LUT4=1)
  Clock Path Skew:        -0.205ns (DCD - SCD + CPR)
    Destination Clock Delay (DCD):    1.717ns = ( 11.717 - 10.000 ) 
    Source Clock Delay      (SCD):    1.995ns
    Clock Pessimism Removal (CPR):    0.074ns
  Clock Uncertainty:      0.130ns  ((TSJ^2 + DJ^2)^1/2) / 2 + PE
    Total System Jitter     (TSJ):    0.071ns
    Discrete Jitter          (DJ):    0.250ns
    Phase Error              (PE):    0.000ns
  Clock Net Delay (Source):      1.832ns (routing 0.404ns, distribution 1.428ns)
  Clock Net Delay (Destination): 1.587ns (routing 0.363ns, distribution 1.224ns)

    Location             Delay type                Incr(ns)  Path(ns)    Netlist Resource(s)
  -------------------------------------------------------------------    -------------------
                         (clock clk_pl_0 rise edge)
                                                      0.000     0.000 r  
    PS8_X0Y0             PS8                          0.000     0.000 r  design_1_i/zynq_ultra_ps_e_0/inst/PS8_i/PLCLK[0]
                         net (fo=1, routed)           0.135     0.135    design_1_i/zynq_ultra_ps_e_0/inst/pl_clk_unbuffered[0]
    BUFG_PS_X0Y58        BUFG_PS (Prop_BUFG_PS_I_O)
                                                      0.028     0.163 r  design_1_i/zynq_ultra_ps_e_0/inst/buffer_pl_clk_0.PL_CLK_0_BUFG/O
    X1Y3 (CLOCK_ROOT)    net (fo=41467, routed)       1.832     1.995    design_1_i/ekf_batch_0/inst/ap_clk
    SLICE_X40Y318        FDRE                                         r  design_1_i/ekf_batch_0/inst/k_reg_6778_reg[0]/C
  -------------------------------------------------------------------    -------------------
    SLICE_X40Y318        FDRE (Prop_EFF_SLICEM_C_Q)
                                                      0.076     2.071 r  design_1_i/ekf_batch_0/inst/k_reg_6778_reg[0]/Q
                         net (fo=8, routed)           2.321     4.393    design_1_i/ekf_batch_0/inst/grp_ekf_batch_Pipeline_VITIS_LOOP_168_8_fu_11591/flow_control_loop_pipe_sequential_init_U/shl_ln_reg_18662_reg[5]_i_3_0[0]
    SLICE_X39Y42         LUT4 (Prop_A6LUT_SLICEL_I2_O)
                                                      0.124     4.517 r  design_1_i/ekf_batch_0/inst/grp_ekf_batch_Pipeline_VITIS_LOOP_168_8_fu_11591/flow_control_loop_pipe_sequential_init_U/shl_ln_reg_18662[5]_i_35/O
                         net (fo=1, routed)           0.009     4.526    design_1_i/ekf_batch_0/inst/grp_ekf_batch_Pipeline_VITIS_LOOP_168_8_fu_11591/flow_control_loop_pipe_sequential_init_U/shl_ln_reg_18662[5]_i_35_n_16
    SLICE_X39Y42         CARRY8 (Prop_CARRY8_SLICEL_S[0]_CO[7])
                                                      0.190     4.716 f  design_1_i/ekf_batch_0/inst/grp_ekf_batch_Pipeline_VITIS_LOOP_168_8_fu_11591/flow_control_loop_pipe_sequential_init_U/shl_ln_reg_18662_reg[5]_i_3/CO[7]
                         net (fo=1, routed)           0.026     4.742    design_1_i/ekf_batch_0/inst/grp_ekf_batch_Pipeline_VITIS_LOOP_168_8_fu_11591/flow_control_loop_pipe_sequential_init_U/shl_ln_reg_18662_reg[5]_i_3_n_16
    SLICE_X39Y43         CARRY8 (Prop_CARRY8_SLICEL_CI_CO[7])
                                                      0.022     4.764 f  design_1_i/ekf_batch_0/inst/grp_ekf_batch_Pipeline_VITIS_LOOP_168_8_fu_11591/flow_control_loop_pipe_sequential_init_U/shl_ln_reg_18662_reg[5]_i_2/CO[7]
                         net (fo=5, routed)           2.712     7.476    design_1_i/ekf_batch_0/inst/grp_ekf_batch_Pipeline_VITIS_LOOP_173_9_fu_11608/flow_control_loop_pipe_sequential_init_U/CO[0]
    SLICE_X43Y330        LUT2 (Prop_A5LUT_SLICEM_I1_O)
                                                      0.070     7.546 r  design_1_i/ekf_batch_0/inst/grp_ekf_batch_Pipeline_VITIS_LOOP_173_9_fu_11608/flow_control_loop_pipe_sequential_init_U/phi_mul_fu_198[39]_i_2/O
                         net (fo=70, routed)          2.409     9.955    design_1_i/ekf_batch_0/inst/grp_ekf_batch_Pipeline_VITIS_LOOP_173_9_fu_11608_n_208
    SLICE_X48Y74         FDRE                                         r  design_1_i/ekf_batch_0/inst/phi_mul_fu_198_reg[5]/CE
  -------------------------------------------------------------------    -------------------

                         (clock clk_pl_0 rise edge)
                                                     10.000    10.000 r  
    PS8_X0Y0             PS8                          0.000    10.000 r  design_1_i/zynq_ultra_ps_e_0/inst/PS8_i/PLCLK[0]
                         net (fo=1, routed)           0.105    10.105    design_1_i/zynq_ultra_ps_e_0/inst/pl_clk_unbuffered[0]
    BUFG_PS_X0Y58        BUFG_PS (Prop_BUFG_PS_I_O)
                                                      0.025    10.130 r  design_1_i/zynq_ultra_ps_e_0/inst/buffer_pl_clk_0.PL_CLK_0_BUFG/O
    X1Y3 (CLOCK_ROOT)    net (fo=41467, routed)       1.587    11.717    design_1_i/ekf_batch_0/inst/ap_clk
    SLICE_X48Y74         FDRE                                         r  design_1_i/ekf_batch_0/inst/phi_mul_fu_198_reg[5]/C
                         clock pessimism              0.074    11.791    
                         clock uncertainty           -0.130    11.661    
    SLICE_X48Y74         FDRE (Setup_HFF2_SLICEL_C_CE)
                                                     -0.060    11.601    design_1_i/ekf_batch_0/inst/phi_mul_fu_198_reg[5]
  -------------------------------------------------------------------
                         required time                         11.601    
                         arrival time                          -9.955    
  -------------------------------------------------------------------
                         slack                                  1.646    

Slack (MET) :             1.648ns  (required time - arrival time)
  Source:                 design_1_i/ekf_batch_0/inst/k_reg_6778_reg[0]/C
                            (rising edge-triggered cell FDRE clocked by clk_pl_0  {rise@0.000ns fall@5.000ns period=10.000ns})
  Destination:            design_1_i/ekf_batch_0/inst/phi_mul_fu_198_reg[10]/CE
                            (rising edge-triggered cell FDRE clocked by clk_pl_0  {rise@0.000ns fall@5.000ns period=10.000ns})
  Path Group:             clk_pl_0
  Path Type:              Setup (Max at Slow Process Corner)
  Requirement:            10.000ns  (clk_pl_0 rise@10.000ns - clk_pl_0 rise@0.000ns)
  Data Path Delay:        7.958ns  (logic 0.482ns (6.057%)  route 7.476ns (93.943%))
  Logic Levels:           4  (CARRY8=2 LUT2=1 LUT4=1)
  Clock Path Skew:        -0.205ns (DCD - SCD + CPR)
    Destination Clock Delay (DCD):    1.717ns = ( 11.717 - 10.000 ) 
    Source Clock Delay      (SCD):    1.995ns
    Clock Pessimism Removal (CPR):    0.074ns
  Clock Uncertainty:      0.130ns  ((TSJ^2 + DJ^2)^1/2) / 2 + PE
    Total System Jitter     (TSJ):    0.071ns
    Discrete Jitter          (DJ):    0.250ns
    Phase Error              (PE):    0.000ns
  Clock Net Delay (Source):      1.832ns (routing 0.404ns, distribution 1.428ns)
  Clock Net Delay (Destination): 1.587ns (routing 0.363ns, distribution 1.224ns)

    Location             Delay type                Incr(ns)  Path(ns)    Netlist Resource(s)
  -------------------------------------------------------------------    -------------------
                         (clock clk_pl_0 rise edge)
                                                      0.000     0.000 r  
    PS8_X0Y0             PS8                          0.000     0.000 r  design_1_i/zynq_ultra_ps_e_0/inst/PS8_i/PLCLK[0]
                         net (fo=1, routed)           0.135     0.135    design_1_i/zynq_ultra_ps_e_0/inst/pl_clk_unbuffered[0]
    BUFG_PS_X0Y58        BUFG_PS (Prop_BUFG_PS_I_O)
                                                      0.028     0.163 r  design_1_i/zynq_ultra_ps_e_0/inst/buffer_pl_clk_0.PL_CLK_0_BUFG/O
    X1Y3 (CLOCK_ROOT)    net (fo=41467, routed)       1.832     1.995    design_1_i/ekf_batch_0/inst/ap_clk
    SLICE_X40Y318        FDRE                                         r  design_1_i/ekf_batch_0/inst/k_reg_6778_reg[0]/C
  -------------------------------------------------------------------    -------------------
    SLICE_X40Y318        FDRE (Prop_EFF_SLICEM_C_Q)
                                                      0.076     2.071 r  design_1_i/ekf_batch_0/inst/k_reg_6778_reg[0]/Q
                         net (fo=8, routed)           2.321     4.393    design_1_i/ekf_batch_0/inst/grp_ekf_batch_Pipeline_VITIS_LOOP_168_8_fu_11591/flow_control_loop_pipe_sequential_init_U/shl_ln_reg_18662_reg[5]_i_3_0[0]
    SLICE_X39Y42         LUT4 (Prop_A6LUT_SLICEL_I2_O)
                                                      0.124     4.517 r  design_1_i/ekf_batch_0/inst/grp_ekf_batch_Pipeline_VITIS_LOOP_168_8_fu_11591/flow_control_loop_pipe_sequential_init_U/shl_ln_reg_18662[5]_i_35/O
                         net (fo=1, routed)           0.009     4.526    design_1_i/ekf_batch_0/inst/grp_ekf_batch_Pipeline_VITIS_LOOP_168_8_fu_11591/flow_control_loop_pipe_sequential_init_U/shl_ln_reg_18662[5]_i_35_n_16
    SLICE_X39Y42         CARRY8 (Prop_CARRY8_SLICEL_S[0]_CO[7])
                                                      0.190     4.716 f  design_1_i/ekf_batch_0/inst/grp_ekf_batch_Pipeline_VITIS_LOOP_168_8_fu_11591/flow_control_loop_pipe_sequential_init_U/shl_ln_reg_18662_reg[5]_i_3/CO[7]
                         net (fo=1, routed)           0.026     4.742    design_1_i/ekf_batch_0/inst/grp_ekf_batch_Pipeline_VITIS_LOOP_168_8_fu_11591/flow_control_loop_pipe_sequential_init_U/shl_ln_reg_18662_reg[5]_i_3_n_16
    SLICE_X39Y43         CARRY8 (Prop_CARRY8_SLICEL_CI_CO[7])
                                                      0.022     4.764 f  design_1_i/ekf_batch_0/inst/grp_ekf_batch_Pipeline_VITIS_LOOP_168_8_fu_11591/flow_control_loop_pipe_sequential_init_U/shl_ln_reg_18662_reg[5]_i_2/CO[7]
                         net (fo=5, routed)           2.712     7.476    design_1_i/ekf_batch_0/inst/grp_ekf_batch_Pipeline_VITIS_LOOP_173_9_fu_11608/flow_control_loop_pipe_sequential_init_U/CO[0]
    SLICE_X43Y330        LUT2 (Prop_A5LUT_SLICEM_I1_O)
                                                      0.070     7.546 r  design_1_i/ekf_batch_0/inst/grp_ekf_batch_Pipeline_VITIS_LOOP_173_9_fu_11608/flow_control_loop_pipe_sequential_init_U/phi_mul_fu_198[39]_i_2/O
                         net (fo=70, routed)          2.407     9.953    design_1_i/ekf_batch_0/inst/grp_ekf_batch_Pipeline_VITIS_LOOP_173_9_fu_11608_n_208
    SLICE_X48Y74         FDRE                                         r  design_1_i/ekf_batch_0/inst/phi_mul_fu_198_reg[10]/CE
  -------------------------------------------------------------------    -------------------

                         (clock clk_pl_0 rise edge)
                                                     10.000    10.000 r  
    PS8_X0Y0             PS8                          0.000    10.000 r  design_1_i/zynq_ultra_ps_e_0/inst/PS8_i/PLCLK[0]
                         net (fo=1, routed)           0.105    10.105    design_1_i/zynq_ultra_ps_e_0/inst/pl_clk_unbuffered[0]
    BUFG_PS_X0Y58        BUFG_PS (Prop_BUFG_PS_I_O)
                                                      0.025    10.130 r  design_1_i/zynq_ultra_ps_e_0/inst/buffer_pl_clk_0.PL_CLK_0_BUFG/O
    X1Y3 (CLOCK_ROOT)    net (fo=41467, routed)       1.587    11.717    design_1_i/ekf_batch_0/inst/ap_clk
    SLICE_X48Y74         FDRE                                         r  design_1_i/ekf_batch_0/inst/phi_mul_fu_198_reg[10]/C
                         clock pessimism              0.074    11.791    
                         clock uncertainty           -0.130    11.661    
    SLICE_X48Y74         FDRE (Setup_EFF_SLICEL_C_CE)
                                                     -0.060    11.601    design_1_i/ekf_batch_0/inst/phi_mul_fu_198_reg[10]
  -------------------------------------------------------------------
                         required time                         11.601    
                         arrival time                          -9.953    
  -------------------------------------------------------------------
                         slack                                  1.648    

Slack (MET) :             1.648ns  (required time - arrival time)
  Source:                 design_1_i/ekf_batch_0/inst/k_reg_6778_reg[0]/C
                            (rising edge-triggered cell FDRE clocked by clk_pl_0  {rise@0.000ns fall@5.000ns period=10.000ns})
  Destination:            design_1_i/ekf_batch_0/inst/phi_mul_fu_198_reg[12]/CE
                            (rising edge-triggered cell FDRE clocked by clk_pl_0  {rise@0.000ns fall@5.000ns period=10.000ns})
  Path Group:             clk_pl_0
  Path Type:              Setup (Max at Slow Process Corner)
  Requirement:            10.000ns  (clk_pl_0 rise@10.000ns - clk_pl_0 rise@0.000ns)
  Data Path Delay:        7.958ns  (logic 0.482ns (6.057%)  route 7.476ns (93.943%))
  Logic Levels:           4  (CARRY8=2 LUT2=1 LUT4=1)
  Clock Path Skew:        -0.205ns (DCD - SCD + CPR)
    Destination Clock Delay (DCD):    1.717ns = ( 11.717 - 10.000 ) 
    Source Clock Delay      (SCD):    1.995ns
    Clock Pessimism Removal (CPR):    0.074ns
  Clock Uncertainty:      0.130ns  ((TSJ^2 + DJ^2)^1/2) / 2 + PE
    Total System Jitter     (TSJ):    0.071ns
    Discrete Jitter          (DJ):    0.250ns
    Phase Error              (PE):    0.000ns
  Clock Net Delay (Source):      1.832ns (routing 0.404ns, distribution 1.428ns)
  Clock Net Delay (Destination): 1.587ns (routing 0.363ns, distribution 1.224ns)

    Location             Delay type                Incr(ns)  Path(ns)    Netlist Resource(s)
  -------------------------------------------------------------------    -------------------
                         (clock clk_pl_0 rise edge)
                                                      0.000     0.000 r  
    PS8_X0Y0             PS8                          0.000     0.000 r  design_1_i/zynq_ultra_ps_e_0/inst/PS8_i/PLCLK[0]
                         net (fo=1, routed)           0.135     0.135    design_1_i/zynq_ultra_ps_e_0/inst/pl_clk_unbuffered[0]
    BUFG_PS_X0Y58        BUFG_PS (Prop_BUFG_PS_I_O)
                                                      0.028     0.163 r  design_1_i/zynq_ultra_ps_e_0/inst/buffer_pl_clk_0.PL_CLK_0_BUFG/O
    X1Y3 (CLOCK_ROOT)    net (fo=41467, routed)       1.832     1.995    design_1_i/ekf_batch_0/inst/ap_clk
    SLICE_X40Y318        FDRE                                         r  design_1_i/ekf_batch_0/inst/k_reg_6778_reg[0]/C
  -------------------------------------------------------------------    -------------------
    SLICE_X40Y318        FDRE (Prop_EFF_SLICEM_C_Q)
                                                      0.076     2.071 r  design_1_i/ekf_batch_0/inst/k_reg_6778_reg[0]/Q
                         net (fo=8, routed)           2.321     4.393    design_1_i/ekf_batch_0/inst/grp_ekf_batch_Pipeline_VITIS_LOOP_168_8_fu_11591/flow_control_loop_pipe_sequential_init_U/shl_ln_reg_18662_reg[5]_i_3_0[0]
    SLICE_X39Y42         LUT4 (Prop_A6LUT_SLICEL_I2_O)
                                                      0.124     4.517 r  design_1_i/ekf_batch_0/inst/grp_ekf_batch_Pipeline_VITIS_LOOP_168_8_fu_11591/flow_control_loop_pipe_sequential_init_U/shl_ln_reg_18662[5]_i_35/O
                         net (fo=1, routed)           0.009     4.526    design_1_i/ekf_batch_0/inst/grp_ekf_batch_Pipeline_VITIS_LOOP_168_8_fu_11591/flow_control_loop_pipe_sequential_init_U/shl_ln_reg_18662[5]_i_35_n_16
    SLICE_X39Y42         CARRY8 (Prop_CARRY8_SLICEL_S[0]_CO[7])
                                                      0.190     4.716 f  design_1_i/ekf_batch_0/inst/grp_ekf_batch_Pipeline_VITIS_LOOP_168_8_fu_11591/flow_control_loop_pipe_sequential_init_U/shl_ln_reg_18662_reg[5]_i_3/CO[7]
                         net (fo=1, routed)           0.026     4.742    design_1_i/ekf_batch_0/inst/grp_ekf_batch_Pipeline_VITIS_LOOP_168_8_fu_11591/flow_control_loop_pipe_sequential_init_U/shl_ln_reg_18662_reg[5]_i_3_n_16
    SLICE_X39Y43         CARRY8 (Prop_CARRY8_SLICEL_CI_CO[7])
                                                      0.022     4.764 f  design_1_i/ekf_batch_0/inst/grp_ekf_batch_Pipeline_VITIS_LOOP_168_8_fu_11591/flow_control_loop_pipe_sequential_init_U/shl_ln_reg_18662_reg[5]_i_2/CO[7]
                         net (fo=5, routed)           2.712     7.476    design_1_i/ekf_batch_0/inst/grp_ekf_batch_Pipeline_VITIS_LOOP_173_9_fu_11608/flow_control_loop_pipe_sequential_init_U/CO[0]
    SLICE_X43Y330        LUT2 (Prop_A5LUT_SLICEM_I1_O)
                                                      0.070     7.546 r  design_1_i/ekf_batch_0/inst/grp_ekf_batch_Pipeline_VITIS_LOOP_173_9_fu_11608/flow_control_loop_pipe_sequential_init_U/phi_mul_fu_198[39]_i_2/O
                         net (fo=70, routed)          2.407     9.953    design_1_i/ekf_batch_0/inst/grp_ekf_batch_Pipeline_VITIS_LOOP_173_9_fu_11608_n_208
    SLICE_X48Y74         FDRE                                         r  design_1_i/ekf_batch_0/inst/phi_mul_fu_198_reg[12]/CE
  -------------------------------------------------------------------    -------------------

                         (clock clk_pl_0 rise edge)
                                                     10.000    10.000 r  
    PS8_X0Y0             PS8                          0.000    10.000 r  design_1_i/zynq_ultra_ps_e_0/inst/PS8_i/PLCLK[0]
                         net (fo=1, routed)           0.105    10.105    design_1_i/zynq_ultra_ps_e_0/inst/pl_clk_unbuffered[0]
    BUFG_PS_X0Y58        BUFG_PS (Prop_BUFG_PS_I_O)
                                                      0.025    10.130 r  design_1_i/zynq_ultra_ps_e_0/inst/buffer_pl_clk_0.PL_CLK_0_BUFG/O
    X1Y3 (CLOCK_ROOT)    net (fo=41467, routed)       1.587    11.717    design_1_i/ekf_batch_0/inst/ap_clk
    SLICE_X48Y74         FDRE                                         r  design_1_i/ekf_batch_0/inst/phi_mul_fu_198_reg[12]/C
                         clock pessimism              0.074    11.791    
                         clock uncertainty           -0.130    11.661    
    SLICE_X48Y74         FDRE (Setup_FFF_SLICEL_C_CE)
                                                     -0.060    11.601    design_1_i/ekf_batch_0/inst/phi_mul_fu_198_reg[12]
  -------------------------------------------------------------------
                         required time                         11.601    
                         arrival time                          -9.953    
  -------------------------------------------------------------------
                         slack                                  1.648    

Slack (MET) :             1.648ns  (required time - arrival time)
  Source:                 design_1_i/ekf_batch_0/inst/k_reg_6778_reg[0]/C
                            (rising edge-triggered cell FDRE clocked by clk_pl_0  {rise@0.000ns fall@5.000ns period=10.000ns})
  Destination:            design_1_i/ekf_batch_0/inst/phi_mul_fu_198_reg[15]/CE
                            (rising edge-triggered cell FDRE clocked by clk_pl_0  {rise@0.000ns fall@5.000ns period=10.000ns})
  Path Group:             clk_pl_0
  Path Type:              Setup (Max at Slow Process Corner)
  Requirement:            10.000ns  (clk_pl_0 rise@10.000ns - clk_pl_0 rise@0.000ns)
  Data Path Delay:        7.958ns  (logic 0.482ns (6.057%)  route 7.476ns (93.943%))
  Logic Levels:           4  (CARRY8=2 LUT2=1 LUT4=1)
  Clock Path Skew:        -0.205ns (DCD - SCD + CPR)
    Destination Clock Delay (DCD):    1.717ns = ( 11.717 - 10.000 ) 
    Source Clock Delay      (SCD):    1.995ns
    Clock Pessimism Removal (CPR):    0.074ns
  Clock Uncertainty:      0.130ns  ((TSJ^2 + DJ^2)^1/2) / 2 + PE
    Total System Jitter     (TSJ):    0.071ns
    Discrete Jitter          (DJ):    0.250ns
    Phase Error              (PE):    0.000ns
  Clock Net Delay (Source):      1.832ns (routing 0.404ns, distribution 1.428ns)
  Clock Net Delay (Destination): 1.587ns (routing 0.363ns, distribution 1.224ns)

    Location             Delay type                Incr(ns)  Path(ns)    Netlist Resource(s)
  -------------------------------------------------------------------    -------------------
                         (clock clk_pl_0 rise edge)
                                                      0.000     0.000 r  
    PS8_X0Y0             PS8                          0.000     0.000 r  design_1_i/zynq_ultra_ps_e_0/inst/PS8_i/PLCLK[0]
                         net (fo=1, routed)           0.135     0.135    design_1_i/zynq_ultra_ps_e_0/inst/pl_clk_unbuffered[0]
    BUFG_PS_X0Y58        BUFG_PS (Prop_BUFG_PS_I_O)
                                                      0.028     0.163 r  design_1_i/zynq_ultra_ps_e_0/inst/buffer_pl_clk_0.PL_CLK_0_BUFG/O
    X1Y3 (CLOCK_ROOT)    net (fo=41467, routed)       1.832     1.995    design_1_i/ekf_batch_0/inst/ap_clk
    SLICE_X40Y318        FDRE                                         r  design_1_i/ekf_batch_0/inst/k_reg_6778_reg[0]/C
  -------------------------------------------------------------------    -------------------
    SLICE_X40Y318        FDRE (Prop_EFF_SLICEM_C_Q)
                                                      0.076     2.071 r  design_1_i/ekf_batch_0/inst/k_reg_6778_reg[0]/Q
                         net (fo=8, routed)           2.321     4.393    design_1_i/ekf_batch_0/inst/grp_ekf_batch_Pipeline_VITIS_LOOP_168_8_fu_11591/flow_control_loop_pipe_sequential_init_U/shl_ln_reg_18662_reg[5]_i_3_0[0]
    SLICE_X39Y42         LUT4 (Prop_A6LUT_SLICEL_I2_O)
                                                      0.124     4.517 r  design_1_i/ekf_batch_0/inst/grp_ekf_batch_Pipeline_VITIS_LOOP_168_8_fu_11591/flow_control_loop_pipe_sequential_init_U/shl_ln_reg_18662[5]_i_35/O
                         net (fo=1, routed)           0.009     4.526    design_1_i/ekf_batch_0/inst/grp_ekf_batch_Pipeline_VITIS_LOOP_168_8_fu_11591/flow_control_loop_pipe_sequential_init_U/shl_ln_reg_18662[5]_i_35_n_16
    SLICE_X39Y42         CARRY8 (Prop_CARRY8_SLICEL_S[0]_CO[7])
                                                      0.190     4.716 f  design_1_i/ekf_batch_0/inst/grp_ekf_batch_Pipeline_VITIS_LOOP_168_8_fu_11591/flow_control_loop_pipe_sequential_init_U/shl_ln_reg_18662_reg[5]_i_3/CO[7]
                         net (fo=1, routed)           0.026     4.742    design_1_i/ekf_batch_0/inst/grp_ekf_batch_Pipeline_VITIS_LOOP_168_8_fu_11591/flow_control_loop_pipe_sequential_init_U/shl_ln_reg_18662_reg[5]_i_3_n_16
    SLICE_X39Y43         CARRY8 (Prop_CARRY8_SLICEL_CI_CO[7])
                                                      0.022     4.764 f  design_1_i/ekf_batch_0/inst/grp_ekf_batch_Pipeline_VITIS_LOOP_168_8_fu_11591/flow_control_loop_pipe_sequential_init_U/shl_ln_reg_18662_reg[5]_i_2/CO[7]
                         net (fo=5, routed)           2.712     7.476    design_1_i/ekf_batch_0/inst/grp_ekf_batch_Pipeline_VITIS_LOOP_173_9_fu_11608/flow_control_loop_pipe_sequential_init_U/CO[0]
    SLICE_X43Y330        LUT2 (Prop_A5LUT_SLICEM_I1_O)
                                                      0.070     7.546 r  design_1_i/ekf_batch_0/inst/grp_ekf_batch_Pipeline_VITIS_LOOP_173_9_fu_11608/flow_control_loop_pipe_sequential_init_U/phi_mul_fu_198[39]_i_2/O
                         net (fo=70, routed)          2.407     9.953    design_1_i/ekf_batch_0/inst/grp_ekf_batch_Pipeline_VITIS_LOOP_173_9_fu_11608_n_208
    SLICE_X48Y74         FDRE                                         r  design_1_i/ekf_batch_0/inst/phi_mul_fu_198_reg[15]/CE
  -------------------------------------------------------------------    -------------------

                         (clock clk_pl_0 rise edge)
                                                     10.000    10.000 r  
    PS8_X0Y0             PS8                          0.000    10.000 r  design_1_i/zynq_ultra_ps_e_0/inst/PS8_i/PLCLK[0]
                         net (fo=1, routed)           0.105    10.105    design_1_i/zynq_ultra_ps_e_0/inst/pl_clk_unbuffered[0]
    BUFG_PS_X0Y58        BUFG_PS (Prop_BUFG_PS_I_O)
                                                      0.025    10.130 r  design_1_i/zynq_ultra_ps_e_0/inst/buffer_pl_clk_0.PL_CLK_0_BUFG/O
    X1Y3 (CLOCK_ROOT)    net (fo=41467, routed)       1.587    11.717    design_1_i/ekf_batch_0/inst/ap_clk
    SLICE_X48Y74         FDRE                                         r  design_1_i/ekf_batch_0/inst/phi_mul_fu_198_reg[15]/C
                         clock pessimism              0.074    11.791    
                         clock uncertainty           -0.130    11.661    
    SLICE_X48Y74         FDRE (Setup_GFF_SLICEL_C_CE)
                                                     -0.060    11.601    design_1_i/ekf_batch_0/inst/phi_mul_fu_198_reg[15]
  -------------------------------------------------------------------
                         required time                         11.601    
                         arrival time                          -9.953    
  -------------------------------------------------------------------
                         slack                                  1.648    

Slack (MET) :             1.648ns  (required time - arrival time)
  Source:                 design_1_i/ekf_batch_0/inst/k_reg_6778_reg[0]/C
                            (rising edge-triggered cell FDRE clocked by clk_pl_0  {rise@0.000ns fall@5.000ns period=10.000ns})
  Destination:            design_1_i/ekf_batch_0/inst/phi_mul_fu_198_reg[17]/CE
                            (rising edge-triggered cell FDRE clocked by clk_pl_0  {rise@0.000ns fall@5.000ns period=10.000ns})
  Path Group:             clk_pl_0
  Path Type:              Setup (Max at Slow Process Corner)
  Requirement:            10.000ns  (clk_pl_0 rise@10.000ns - clk_pl_0 rise@0.000ns)
  Data Path Delay:        7.958ns  (logic 0.482ns (6.057%)  route 7.476ns (93.943%))
  Logic Levels:           4  (CARRY8=2 LUT2=1 LUT4=1)
  Clock Path Skew:        -0.205ns (DCD - SCD + CPR)
    Destination Clock Delay (DCD):    1.717ns = ( 11.717 - 10.000 ) 
    Source Clock Delay      (SCD):    1.995ns
    Clock Pessimism Removal (CPR):    0.074ns
  Clock Uncertainty:      0.130ns  ((TSJ^2 + DJ^2)^1/2) / 2 + PE
    Total System Jitter     (TSJ):    0.071ns
    Discrete Jitter          (DJ):    0.250ns
    Phase Error              (PE):    0.000ns
  Clock Net Delay (Source):      1.832ns (routing 0.404ns, distribution 1.428ns)
  Clock Net Delay (Destination): 1.587ns (routing 0.363ns, distribution 1.224ns)

    Location             Delay type                Incr(ns)  Path(ns)    Netlist Resource(s)
  -------------------------------------------------------------------    -------------------
                         (clock clk_pl_0 rise edge)
                                                      0.000     0.000 r  
    PS8_X0Y0             PS8                          0.000     0.000 r  design_1_i/zynq_ultra_ps_e_0/inst/PS8_i/PLCLK[0]
                         net (fo=1, routed)           0.135     0.135    design_1_i/zynq_ultra_ps_e_0/inst/pl_clk_unbuffered[0]
    BUFG_PS_X0Y58        BUFG_PS (Prop_BUFG_PS_I_O)
                                                      0.028     0.163 r  design_1_i/zynq_ultra_ps_e_0/inst/buffer_pl_clk_0.PL_CLK_0_BUFG/O
    X1Y3 (CLOCK_ROOT)    net (fo=41467, routed)       1.832     1.995    design_1_i/ekf_batch_0/inst/ap_clk
    SLICE_X40Y318        FDRE                                         r  design_1_i/ekf_batch_0/inst/k_reg_6778_reg[0]/C
  -------------------------------------------------------------------    -------------------
    SLICE_X40Y318        FDRE (Prop_EFF_SLICEM_C_Q)
                                                      0.076     2.071 r  design_1_i/ekf_batch_0/inst/k_reg_6778_reg[0]/Q
                         net (fo=8, routed)           2.321     4.393    design_1_i/ekf_batch_0/inst/grp_ekf_batch_Pipeline_VITIS_LOOP_168_8_fu_11591/flow_control_loop_pipe_sequential_init_U/shl_ln_reg_18662_reg[5]_i_3_0[0]
    SLICE_X39Y42         LUT4 (Prop_A6LUT_SLICEL_I2_O)
                                                      0.124     4.517 r  design_1_i/ekf_batch_0/inst/grp_ekf_batch_Pipeline_VITIS_LOOP_168_8_fu_11591/flow_control_loop_pipe_sequential_init_U/shl_ln_reg_18662[5]_i_35/O
                         net (fo=1, routed)           0.009     4.526    design_1_i/ekf_batch_0/inst/grp_ekf_batch_Pipeline_VITIS_LOOP_168_8_fu_11591/flow_control_loop_pipe_sequential_init_U/shl_ln_reg_18662[5]_i_35_n_16
    SLICE_X39Y42         CARRY8 (Prop_CARRY8_SLICEL_S[0]_CO[7])
                                                      0.190     4.716 f  design_1_i/ekf_batch_0/inst/grp_ekf_batch_Pipeline_VITIS_LOOP_168_8_fu_11591/flow_control_loop_pipe_sequential_init_U/shl_ln_reg_18662_reg[5]_i_3/CO[7]
                         net (fo=1, routed)           0.026     4.742    design_1_i/ekf_batch_0/inst/grp_ekf_batch_Pipeline_VITIS_LOOP_168_8_fu_11591/flow_control_loop_pipe_sequential_init_U/shl_ln_reg_18662_reg[5]_i_3_n_16
    SLICE_X39Y43         CARRY8 (Prop_CARRY8_SLICEL_CI_CO[7])
                                                      0.022     4.764 f  design_1_i/ekf_batch_0/inst/grp_ekf_batch_Pipeline_VITIS_LOOP_168_8_fu_11591/flow_control_loop_pipe_sequential_init_U/shl_ln_reg_18662_reg[5]_i_2/CO[7]
                         net (fo=5, routed)           2.712     7.476    design_1_i/ekf_batch_0/inst/grp_ekf_batch_Pipeline_VITIS_LOOP_173_9_fu_11608/flow_control_loop_pipe_sequential_init_U/CO[0]
    SLICE_X43Y330        LUT2 (Prop_A5LUT_SLICEM_I1_O)
                                                      0.070     7.546 r  design_1_i/ekf_batch_0/inst/grp_ekf_batch_Pipeline_VITIS_LOOP_173_9_fu_11608/flow_control_loop_pipe_sequential_init_U/phi_mul_fu_198[39]_i_2/O
                         net (fo=70, routed)          2.407     9.953    design_1_i/ekf_batch_0/inst/grp_ekf_batch_Pipeline_VITIS_LOOP_173_9_fu_11608_n_208
    SLICE_X48Y74         FDRE                                         r  design_1_i/ekf_batch_0/inst/phi_mul_fu_198_reg[17]/CE
  -------------------------------------------------------------------    -------------------

                         (clock clk_pl_0 rise edge)
                                                     10.000    10.000 r  
    PS8_X0Y0             PS8                          0.000    10.000 r  design_1_i/zynq_ultra_ps_e_0/inst/PS8_i/PLCLK[0]
                         net (fo=1, routed)           0.105    10.105    design_1_i/zynq_ultra_ps_e_0/inst/pl_clk_unbuffered[0]
    BUFG_PS_X0Y58        BUFG_PS (Prop_BUFG_PS_I_O)
                                                      0.025    10.130 r  design_1_i/zynq_ultra_ps_e_0/inst/buffer_pl_clk_0.PL_CLK_0_BUFG/O
    X1Y3 (CLOCK_ROOT)    net (fo=41467, routed)       1.587    11.717    design_1_i/ekf_batch_0/inst/ap_clk
    SLICE_X48Y74         FDRE                                         r  design_1_i/ekf_batch_0/inst/phi_mul_fu_198_reg[17]/C
                         clock pessimism              0.074    11.791    
                         clock uncertainty           -0.130    11.661    
    SLICE_X48Y74         FDRE (Setup_HFF_SLICEL_C_CE)
                                                     -0.060    11.601    design_1_i/ekf_batch_0/inst/phi_mul_fu_198_reg[17]
  -------------------------------------------------------------------
                         required time                         11.601    
                         arrival time                          -9.953    
  -------------------------------------------------------------------
                         slack                                  1.648    

Slack (MET) :             1.703ns  (required time - arrival time)
  Source:                 design_1_i/ekf_batch_0/inst/k_reg_6778_reg[0]/C
                            (rising edge-triggered cell FDRE clocked by clk_pl_0  {rise@0.000ns fall@5.000ns period=10.000ns})
  Destination:            design_1_i/ekf_batch_0/inst/phi_mul_fu_198_reg[18]/CE
                            (rising edge-triggered cell FDRE clocked by clk_pl_0  {rise@0.000ns fall@5.000ns period=10.000ns})
  Path Group:             clk_pl_0
  Path Type:              Setup (Max at Slow Process Corner)
  Requirement:            10.000ns  (clk_pl_0 rise@10.000ns - clk_pl_0 rise@0.000ns)
  Data Path Delay:        7.900ns  (logic 0.482ns (6.101%)  route 7.418ns (93.899%))
  Logic Levels:           4  (CARRY8=2 LUT2=1 LUT4=1)
  Clock Path Skew:        -0.207ns (DCD - SCD + CPR)
    Destination Clock Delay (DCD):    1.715ns = ( 11.715 - 10.000 ) 
    Source Clock Delay      (SCD):    1.995ns
    Clock Pessimism Removal (CPR):    0.074ns
  Clock Uncertainty:      0.130ns  ((TSJ^2 + DJ^2)^1/2) / 2 + PE
    Total System Jitter     (TSJ):    0.071ns
    Discrete Jitter          (DJ):    0.250ns
    Phase Error              (PE):    0.000ns
  Clock Net Delay (Source):      1.832ns (routing 0.404ns, distribution 1.428ns)
  Clock Net Delay (Destination): 1.585ns (routing 0.363ns, distribution 1.222ns)

    Location             Delay type                Incr(ns)  Path(ns)    Netlist Resource(s)
  -------------------------------------------------------------------    -------------------
                         (clock clk_pl_0 rise edge)
                                                      0.000     0.000 r  
    PS8_X0Y0             PS8                          0.000     0.000 r  design_1_i/zynq_ultra_ps_e_0/inst/PS8_i/PLCLK[0]
                         net (fo=1, routed)           0.135     0.135    design_1_i/zynq_ultra_ps_e_0/inst/pl_clk_unbuffered[0]
    BUFG_PS_X0Y58        BUFG_PS (Prop_BUFG_PS_I_O)
                                                      0.028     0.163 r  design_1_i/zynq_ultra_ps_e_0/inst/buffer_pl_clk_0.PL_CLK_0_BUFG/O
    X1Y3 (CLOCK_ROOT)    net (fo=41467, routed)       1.832     1.995    design_1_i/ekf_batch_0/inst/ap_clk
    SLICE_X40Y318        FDRE                                         r  design_1_i/ekf_batch_0/inst/k_reg_6778_reg[0]/C
  -------------------------------------------------------------------    -------------------
    SLICE_X40Y318        FDRE (Prop_EFF_SLICEM_C_Q)
                                                      0.076     2.071 r  design_1_i/ekf_batch_0/inst/k_reg_6778_reg[0]/Q
                         net (fo=8, routed)           2.321     4.393    design_1_i/ekf_batch_0/inst/grp_ekf_batch_Pipeline_VITIS_LOOP_168_8_fu_11591/flow_control_loop_pipe_sequential_init_U/shl_ln_reg_18662_reg[5]_i_3_0[0]
    SLICE_X39Y42         LUT4 (Prop_A6LUT_SLICEL_I2_O)
                                                      0.124     4.517 r  design_1_i/ekf_batch_0/inst/grp_ekf_batch_Pipeline_VITIS_LOOP_168_8_fu_11591/flow_control_loop_pipe_sequential_init_U/shl_ln_reg_18662[5]_i_35/O
                         net (fo=1, routed)           0.009     4.526    design_1_i/ekf_batch_0/inst/grp_ekf_batch_Pipeline_VITIS_LOOP_168_8_fu_11591/flow_control_loop_pipe_sequential_init_U/shl_ln_reg_18662[5]_i_35_n_16
    SLICE_X39Y42         CARRY8 (Prop_CARRY8_SLICEL_S[0]_CO[7])
                                                      0.190     4.716 f  design_1_i/ekf_batch_0/inst/grp_ekf_batch_Pipeline_VITIS_LOOP_168_8_fu_11591/flow_control_loop_pipe_sequential_init_U/shl_ln_reg_18662_reg[5]_i_3/CO[7]
                         net (fo=1, routed)           0.026     4.742    design_1_i/ekf_batch_0/inst/grp_ekf_batch_Pipeline_VITIS_LOOP_168_8_fu_11591/flow_control_loop_pipe_sequential_init_U/shl_ln_reg_18662_reg[5]_i_3_n_16
    SLICE_X39Y43         CARRY8 (Prop_CARRY8_SLICEL_CI_CO[7])
                                                      0.022     4.764 f  design_1_i/ekf_batch_0/inst/grp_ekf_batch_Pipeline_VITIS_LOOP_168_8_fu_11591/flow_control_loop_pipe_sequential_init_U/shl_ln_reg_18662_reg[5]_i_2/CO[7]
                         net (fo=5, routed)           2.712     7.476    design_1_i/ekf_batch_0/inst/grp_ekf_batch_Pipeline_VITIS_LOOP_173_9_fu_11608/flow_control_loop_pipe_sequential_init_U/CO[0]
    SLICE_X43Y330        LUT2 (Prop_A5LUT_SLICEM_I1_O)
                                                      0.070     7.546 r  design_1_i/ekf_batch_0/inst/grp_ekf_batch_Pipeline_VITIS_LOOP_173_9_fu_11608/flow_control_loop_pipe_sequential_init_U/phi_mul_fu_198[39]_i_2/O
                         net (fo=70, routed)          2.349     9.896    design_1_i/ekf_batch_0/inst/grp_ekf_batch_Pipeline_VITIS_LOOP_173_9_fu_11608_n_208
    SLICE_X48Y75         FDRE                                         r  design_1_i/ekf_batch_0/inst/phi_mul_fu_198_reg[18]/CE
  -------------------------------------------------------------------    -------------------

                         (clock clk_pl_0 rise edge)
                                                     10.000    10.000 r  
    PS8_X0Y0             PS8                          0.000    10.000 r  design_1_i/zynq_ultra_ps_e_0/inst/PS8_i/PLCLK[0]
                         net (fo=1, routed)           0.105    10.105    design_1_i/zynq_ultra_ps_e_0/inst/pl_clk_unbuffered[0]
    BUFG_PS_X0Y58        BUFG_PS (Prop_BUFG_PS_I_O)
                                                      0.025    10.130 r  design_1_i/zynq_ultra_ps_e_0/inst/buffer_pl_clk_0.PL_CLK_0_BUFG/O
    X1Y3 (CLOCK_ROOT)    net (fo=41467, routed)       1.585    11.715    design_1_i/ekf_batch_0/inst/ap_clk
    SLICE_X48Y75         FDRE                                         r  design_1_i/ekf_batch_0/inst/phi_mul_fu_198_reg[18]/C
                         clock pessimism              0.074    11.789    
                         clock uncertainty           -0.130    11.659    
    SLICE_X48Y75         FDRE (Setup_AFF_SLICEL_C_CE)
                                                     -0.060    11.599    design_1_i/ekf_batch_0/inst/phi_mul_fu_198_reg[18]
  -------------------------------------------------------------------
                         required time                         11.599    
                         arrival time                          -9.896    
  -------------------------------------------------------------------
                         slack                                  1.703    

Slack (MET) :             1.703ns  (required time - arrival time)
  Source:                 design_1_i/ekf_batch_0/inst/k_reg_6778_reg[0]/C
                            (rising edge-triggered cell FDRE clocked by clk_pl_0  {rise@0.000ns fall@5.000ns period=10.000ns})
  Destination:            design_1_i/ekf_batch_0/inst/phi_mul_fu_198_reg[19]/CE
                            (rising edge-triggered cell FDRE clocked by clk_pl_0  {rise@0.000ns fall@5.000ns period=10.000ns})
  Path Group:             clk_pl_0
  Path Type:              Setup (Max at Slow Process Corner)
  Requirement:            10.000ns  (clk_pl_0 rise@10.000ns - clk_pl_0 rise@0.000ns)
  Data Path Delay:        7.901ns  (logic 0.482ns (6.100%)  route 7.419ns (93.900%))
  Logic Levels:           4  (CARRY8=2 LUT2=1 LUT4=1)
  Clock Path Skew:        -0.207ns (DCD - SCD + CPR)
    Destination Clock Delay (DCD):    1.715ns = ( 11.715 - 10.000 ) 
    Source Clock Delay      (SCD):    1.995ns
    Clock Pessimism Removal (CPR):    0.074ns
  Clock Uncertainty:      0.130ns  ((TSJ^2 + DJ^2)^1/2) / 2 + PE
    Total System Jitter     (TSJ):    0.071ns
    Discrete Jitter          (DJ):    0.250ns
    Phase Error              (PE):    0.000ns
  Clock Net Delay (Source):      1.832ns (routing 0.404ns, distribution 1.428ns)
  Clock Net Delay (Destination): 1.585ns (routing 0.363ns, distribution 1.222ns)

    Location             Delay type                Incr(ns)  Path(ns)    Netlist Resource(s)
  -------------------------------------------------------------------    -------------------
                         (clock clk_pl_0 rise edge)
                                                      0.000     0.000 r  
    PS8_X0Y0             PS8                          0.000     0.000 r  design_1_i/zynq_ultra_ps_e_0/inst/PS8_i/PLCLK[0]
                         net (fo=1, routed)           0.135     0.135    design_1_i/zynq_ultra_ps_e_0/inst/pl_clk_unbuffered[0]
    BUFG_PS_X0Y58        BUFG_PS (Prop_BUFG_PS_I_O)
                                                      0.028     0.163 r  design_1_i/zynq_ultra_ps_e_0/inst/buffer_pl_clk_0.PL_CLK_0_BUFG/O
    X1Y3 (CLOCK_ROOT)    net (fo=41467, routed)       1.832     1.995    design_1_i/ekf_batch_0/inst/ap_clk
    SLICE_X40Y318        FDRE                                         r  design_1_i/ekf_batch_0/inst/k_reg_6778_reg[0]/C
  -------------------------------------------------------------------    -------------------
    SLICE_X40Y318        FDRE (Prop_EFF_SLICEM_C_Q)
                                                      0.076     2.071 r  design_1_i/ekf_batch_0/inst/k_reg_6778_reg[0]/Q
                         net (fo=8, routed)           2.321     4.393    design_1_i/ekf_batch_0/inst/grp_ekf_batch_Pipeline_VITIS_LOOP_168_8_fu_11591/flow_control_loop_pipe_sequential_init_U/shl_ln_reg_18662_reg[5]_i_3_0[0]
    SLICE_X39Y42         LUT4 (Prop_A6LUT_SLICEL_I2_O)
                                                      0.124     4.517 r  design_1_i/ekf_batch_0/inst/grp_ekf_batch_Pipeline_VITIS_LOOP_168_8_fu_11591/flow_control_loop_pipe_sequential_init_U/shl_ln_reg_18662[5]_i_35/O
                         net (fo=1, routed)           0.009     4.526    design_1_i/ekf_batch_0/inst/grp_ekf_batch_Pipeline_VITIS_LOOP_168_8_fu_11591/flow_control_loop_pipe_sequential_init_U/shl_ln_reg_18662[5]_i_35_n_16
    SLICE_X39Y42         CARRY8 (Prop_CARRY8_SLICEL_S[0]_CO[7])
                                                      0.190     4.716 f  design_1_i/ekf_batch_0/inst/grp_ekf_batch_Pipeline_VITIS_LOOP_168_8_fu_11591/flow_control_loop_pipe_sequential_init_U/shl_ln_reg_18662_reg[5]_i_3/CO[7]
                         net (fo=1, routed)           0.026     4.742    design_1_i/ekf_batch_0/inst/grp_ekf_batch_Pipeline_VITIS_LOOP_168_8_fu_11591/flow_control_loop_pipe_sequential_init_U/shl_ln_reg_18662_reg[5]_i_3_n_16
    SLICE_X39Y43         CARRY8 (Prop_CARRY8_SLICEL_CI_CO[7])
                                                      0.022     4.764 f  design_1_i/ekf_batch_0/inst/grp_ekf_batch_Pipeline_VITIS_LOOP_168_8_fu_11591/flow_control_loop_pipe_sequential_init_U/shl_ln_reg_18662_reg[5]_i_2/CO[7]
                         net (fo=5, routed)           2.712     7.476    design_1_i/ekf_batch_0/inst/grp_ekf_batch_Pipeline_VITIS_LOOP_173_9_fu_11608/flow_control_loop_pipe_sequential_init_U/CO[0]
    SLICE_X43Y330        LUT2 (Prop_A5LUT_SLICEM_I1_O)
                                                      0.070     7.546 r  design_1_i/ekf_batch_0/inst/grp_ekf_batch_Pipeline_VITIS_LOOP_173_9_fu_11608/flow_control_loop_pipe_sequential_init_U/phi_mul_fu_198[39]_i_2/O
                         net (fo=70, routed)          2.350     9.897    design_1_i/ekf_batch_0/inst/grp_ekf_batch_Pipeline_VITIS_LOOP_173_9_fu_11608_n_208
    SLICE_X48Y75         FDRE                                         r  design_1_i/ekf_batch_0/inst/phi_mul_fu_198_reg[19]/CE
  -------------------------------------------------------------------    -------------------

                         (clock clk_pl_0 rise edge)
                                                     10.000    10.000 r  
    PS8_X0Y0             PS8                          0.000    10.000 r  design_1_i/zynq_ultra_ps_e_0/inst/PS8_i/PLCLK[0]
                         net (fo=1, routed)           0.105    10.105    design_1_i/zynq_ultra_ps_e_0/inst/pl_clk_unbuffered[0]
    BUFG_PS_X0Y58        BUFG_PS (Prop_BUFG_PS_I_O)
                                                      0.025    10.130 r  design_1_i/zynq_ultra_ps_e_0/inst/buffer_pl_clk_0.PL_CLK_0_BUFG/O
    X1Y3 (CLOCK_ROOT)    net (fo=41467, routed)       1.585    11.715    design_1_i/ekf_batch_0/inst/ap_clk
    SLICE_X48Y75         FDRE                                         r  design_1_i/ekf_batch_0/inst/phi_mul_fu_198_reg[19]/C
                         clock pessimism              0.074    11.789    
                         clock uncertainty           -0.130    11.659    
    SLICE_X48Y75         FDRE (Setup_AFF2_SLICEL_C_CE)
                                                     -0.059    11.600    design_1_i/ekf_batch_0/inst/phi_mul_fu_198_reg[19]
  -------------------------------------------------------------------
                         required time                         11.600    
                         arrival time                          -9.897    
  -------------------------------------------------------------------
                         slack                                  1.703    





Min Delay Paths
--------------------------------------------------------------------------------------
Slack (MET) :             0.010ns  (arrival time - required time)
  Source:                 design_1_i/ekf_batch_0/inst/gmem1_m_axi_U/bus_read/rreq_burst_conv/rs_req/data_p1_reg[54]/C
                            (rising edge-triggered cell FDRE clocked by clk_pl_0  {rise@0.000ns fall@5.000ns period=10.000ns})
  Destination:            design_1_i/ekf_batch_0/inst/gmem1_m_axi_U/bus_read/rreq_burst_conv/start_addr_reg[54]/D
                            (rising edge-triggered cell FDRE clocked by clk_pl_0  {rise@0.000ns fall@5.000ns period=10.000ns})
  Path Group:             clk_pl_0
  Path Type:              Hold (Min at Slow Process Corner)
  Requirement:            0.000ns  (clk_pl_0 rise@0.000ns - clk_pl_0 rise@0.000ns)
  Data Path Delay:        0.179ns  (logic 0.059ns (32.887%)  route 0.120ns (67.113%))
  Logic Levels:           0  
  Clock Path Skew:        0.107ns (DCD - SCD - CPR)
    Destination Clock Delay (DCD):    1.964ns
    Source Clock Delay      (SCD):    1.694ns
    Clock Pessimism Removal (CPR):    0.163ns
  Clock Net Delay (Source):      1.564ns (routing 0.363ns, distribution 1.201ns)
  Clock Net Delay (Destination): 1.801ns (routing 0.404ns, distribution 1.397ns)

    Location             Delay type                Incr(ns)  Path(ns)    Netlist Resource(s)
  -------------------------------------------------------------------    -------------------
                         (clock clk_pl_0 rise edge)
                                                      0.000     0.000 r  
    PS8_X0Y0             PS8                          0.000     0.000 r  design_1_i/zynq_ultra_ps_e_0/inst/PS8_i/PLCLK[0]
                         net (fo=1, routed)           0.105     0.105    design_1_i/zynq_ultra_ps_e_0/inst/pl_clk_unbuffered[0]
    BUFG_PS_X0Y58        BUFG_PS (Prop_BUFG_PS_I_O)
                                                      0.025     0.130 r  design_1_i/zynq_ultra_ps_e_0/inst/buffer_pl_clk_0.PL_CLK_0_BUFG/O
    X1Y3 (CLOCK_ROOT)    net (fo=41467, routed)       1.564     1.694    design_1_i/ekf_batch_0/inst/gmem1_m_axi_U/bus_read/rreq_burst_conv/rs_req/ap_clk
    SLICE_X47Y90         FDRE                                         r  design_1_i/ekf_batch_0/inst/gmem1_m_axi_U/bus_read/rreq_burst_conv/rs_req/data_p1_reg[54]/C
  -------------------------------------------------------------------    -------------------
    SLICE_X47Y90         FDRE (Prop_BFF_SLICEL_C_Q)
                                                      0.059     1.753 r  design_1_i/ekf_batch_0/inst/gmem1_m_axi_U/bus_read/rreq_burst_conv/rs_req/data_p1_reg[54]/Q
                         net (fo=3, routed)           0.120     1.874    design_1_i/ekf_batch_0/inst/gmem1_m_axi_U/bus_read/rreq_burst_conv/rs_req_n_116
    SLICE_X47Y87         FDRE                                         r  design_1_i/ekf_batch_0/inst/gmem1_m_axi_U/bus_read/rreq_burst_conv/start_addr_reg[54]/D
  -------------------------------------------------------------------    -------------------

                         (clock clk_pl_0 rise edge)
                                                      0.000     0.000 r  
    PS8_X0Y0             PS8                          0.000     0.000 r  design_1_i/zynq_ultra_ps_e_0/inst/PS8_i/PLCLK[0]
                         net (fo=1, routed)           0.135     0.135    design_1_i/zynq_ultra_ps_e_0/inst/pl_clk_unbuffered[0]
    BUFG_PS_X0Y58        BUFG_PS (Prop_BUFG_PS_I_O)
                                                      0.028     0.163 r  design_1_i/zynq_ultra_ps_e_0/inst/buffer_pl_clk_0.PL_CLK_0_BUFG/O
    X1Y3 (CLOCK_ROOT)    net (fo=41467, routed)       1.801     1.964    design_1_i/ekf_batch_0/inst/gmem1_m_axi_U/bus_read/rreq_burst_conv/ap_clk
    SLICE_X47Y87         FDRE                                         r  design_1_i/ekf_batch_0/inst/gmem1_m_axi_U/bus_read/rreq_burst_conv/start_addr_reg[54]/C
                         clock pessimism             -0.163     1.801    
    SLICE_X47Y87         FDRE (Hold_FFF2_SLICEL_C_D)
                                                      0.062     1.863    design_1_i/ekf_batch_0/inst/gmem1_m_axi_U/bus_read/rreq_burst_conv/start_addr_reg[54]
  -------------------------------------------------------------------
                         required time                         -1.863    
                         arrival time                           1.874    
  -------------------------------------------------------------------
                         slack                                  0.010    

Slack (MET) :             0.011ns  (arrival time - required time)
  Source:                 design_1_i/ekf_batch_0/inst/P_199_reg_6933_reg[28]/C
                            (rising edge-triggered cell FDRE clocked by clk_pl_0  {rise@0.000ns fall@5.000ns period=10.000ns})
  Destination:            design_1_i/ekf_batch_0/inst/P_120_reg_6466_reg[28]/D
                            (rising edge-triggered cell FDRE clocked by clk_pl_0  {rise@0.000ns fall@5.000ns period=10.000ns})
  Path Group:             clk_pl_0
  Path Type:              Hold (Min at Slow Process Corner)
  Requirement:            0.000ns  (clk_pl_0 rise@0.000ns - clk_pl_0 rise@0.000ns)
  Data Path Delay:        0.168ns  (logic 0.080ns (47.483%)  route 0.088ns (52.517%))
  Logic Levels:           1  (LUT6=1)
  Clock Path Skew:        0.098ns (DCD - SCD - CPR)
    Destination Clock Delay (DCD):    1.994ns
    Source Clock Delay      (SCD):    1.738ns
    Clock Pessimism Removal (CPR):    0.159ns
  Clock Net Delay (Source):      1.608ns (routing 0.363ns, distribution 1.245ns)
  Clock Net Delay (Destination): 1.831ns (routing 0.404ns, distribution 1.427ns)

    Location             Delay type                Incr(ns)  Path(ns)    Netlist Resource(s)
  -------------------------------------------------------------------    -------------------
                         (clock clk_pl_0 rise edge)
                                                      0.000     0.000 r  
    PS8_X0Y0             PS8                          0.000     0.000 r  design_1_i/zynq_ultra_ps_e_0/inst/PS8_i/PLCLK[0]
                         net (fo=1, routed)           0.105     0.105    design_1_i/zynq_ultra_ps_e_0/inst/pl_clk_unbuffered[0]
    BUFG_PS_X0Y58        BUFG_PS (Prop_BUFG_PS_I_O)
                                                      0.025     0.130 r  design_1_i/zynq_ultra_ps_e_0/inst/buffer_pl_clk_0.PL_CLK_0_BUFG/O
    X1Y3 (CLOCK_ROOT)    net (fo=41467, routed)       1.608     1.738    design_1_i/ekf_batch_0/inst/ap_clk
    SLICE_X43Y327        FDRE                                         r  design_1_i/ekf_batch_0/inst/P_199_reg_6933_reg[28]/C
  -------------------------------------------------------------------    -------------------
    SLICE_X43Y327        FDRE (Prop_CFF_SLICEM_C_Q)
                                                      0.058     1.796 r  design_1_i/ekf_batch_0/inst/P_199_reg_6933_reg[28]/Q
                         net (fo=2, routed)           0.064     1.860    design_1_i/ekf_batch_0/inst/P_199_reg_6933_reg_n_16_[28]
    SLICE_X42Y327        LUT6 (Prop_C6LUT_SLICEL_I4_O)
                                                      0.022     1.882 r  design_1_i/ekf_batch_0/inst/P_120_reg_6466[28]_i_1/O
                         net (fo=1, routed)           0.024     1.906    design_1_i/ekf_batch_0/inst/P_120_reg_6466[28]_i_1_n_16
    SLICE_X42Y327        FDRE                                         r  design_1_i/ekf_batch_0/inst/P_120_reg_6466_reg[28]/D
  -------------------------------------------------------------------    -------------------

                         (clock clk_pl_0 rise edge)
                                                      0.000     0.000 r  
    PS8_X0Y0             PS8                          0.000     0.000 r  design_1_i/zynq_ultra_ps_e_0/inst/PS8_i/PLCLK[0]
                         net (fo=1, routed)           0.135     0.135    design_1_i/zynq_ultra_ps_e_0/inst/pl_clk_unbuffered[0]
    BUFG_PS_X0Y58        BUFG_PS (Prop_BUFG_PS_I_O)
                                                      0.028     0.163 r  design_1_i/zynq_ultra_ps_e_0/inst/buffer_pl_clk_0.PL_CLK_0_BUFG/O
    X1Y3 (CLOCK_ROOT)    net (fo=41467, routed)       1.831     1.994    design_1_i/ekf_batch_0/inst/ap_clk
    SLICE_X42Y327        FDRE                                         r  design_1_i/ekf_batch_0/inst/P_120_reg_6466_reg[28]/C
                         clock pessimism             -0.159     1.835    
    SLICE_X42Y327        FDRE (Hold_CFF_SLICEL_C_D)
                                                      0.060     1.895    design_1_i/ekf_batch_0/inst/P_120_reg_6466_reg[28]
  -------------------------------------------------------------------
                         required time                         -1.895    
                         arrival time                           1.906    
  -------------------------------------------------------------------
                         slack                                  0.011    

Slack (MET) :             0.011ns  (arrival time - required time)
  Source:                 design_1_i/ekf_batch_0/inst/grp_ekf_batch_Pipeline_VITIS_LOOP_17_1_VITIS_LOOP_18_2_fu_11224/acc_139_fu_284_reg[15]/C
                            (rising edge-triggered cell FDRE clocked by clk_pl_0  {rise@0.000ns fall@5.000ns period=10.000ns})
  Destination:            design_1_i/ekf_batch_0/inst/grp_ekf_batch_Pipeline_VITIS_LOOP_17_1_VITIS_LOOP_18_21_fu_11355/select_ln17_9_reg_2427_reg[15]/D
                            (rising edge-triggered cell FDRE clocked by clk_pl_0  {rise@0.000ns fall@5.000ns period=10.000ns})
  Path Group:             clk_pl_0
  Path Type:              Hold (Min at Slow Process Corner)
  Requirement:            0.000ns  (clk_pl_0 rise@0.000ns - clk_pl_0 rise@0.000ns)
  Data Path Delay:        0.166ns  (logic 0.083ns (50.000%)  route 0.083ns (50.000%))
  Logic Levels:           1  (LUT6=1)
  Clock Path Skew:        0.095ns (DCD - SCD - CPR)
    Destination Clock Delay (DCD):    2.033ns
    Source Clock Delay      (SCD):    1.780ns
    Clock Pessimism Removal (CPR):    0.158ns
  Clock Net Delay (Source):      1.650ns (routing 0.363ns, distribution 1.287ns)
  Clock Net Delay (Destination): 1.870ns (routing 0.404ns, distribution 1.466ns)

    Location             Delay type                Incr(ns)  Path(ns)    Netlist Resource(s)
  -------------------------------------------------------------------    -------------------
                         (clock clk_pl_0 rise edge)
                                                      0.000     0.000 r  
    PS8_X0Y0             PS8                          0.000     0.000 r  design_1_i/zynq_ultra_ps_e_0/inst/PS8_i/PLCLK[0]
                         net (fo=1, routed)           0.105     0.105    design_1_i/zynq_ultra_ps_e_0/inst/pl_clk_unbuffered[0]
    BUFG_PS_X0Y58        BUFG_PS (Prop_BUFG_PS_I_O)
                                                      0.025     0.130 r  design_1_i/zynq_ultra_ps_e_0/inst/buffer_pl_clk_0.PL_CLK_0_BUFG/O
    X1Y3 (CLOCK_ROOT)    net (fo=41467, routed)       1.650     1.780    design_1_i/ekf_batch_0/inst/grp_ekf_batch_Pipeline_VITIS_LOOP_17_1_VITIS_LOOP_18_2_fu_11224/ap_clk
    SLICE_X31Y356        FDRE                                         r  design_1_i/ekf_batch_0/inst/grp_ekf_batch_Pipeline_VITIS_LOOP_17_1_VITIS_LOOP_18_2_fu_11224/acc_139_fu_284_reg[15]/C
  -------------------------------------------------------------------    -------------------
    SLICE_X31Y356        FDRE (Prop_DFF2_SLICEM_C_Q)
                                                      0.061     1.841 r  design_1_i/ekf_batch_0/inst/grp_ekf_batch_Pipeline_VITIS_LOOP_17_1_VITIS_LOOP_18_2_fu_11224/acc_139_fu_284_reg[15]/Q
                         net (fo=1, routed)           0.061     1.902    design_1_i/ekf_batch_0/inst/grp_ekf_batch_Pipeline_VITIS_LOOP_17_1_VITIS_LOOP_18_2_fu_11224/grp_ekf_batch_Pipeline_VITIS_LOOP_17_1_VITIS_LOOP_18_2_fu_11224_mux_case_49152626_out[15]
    SLICE_X30Y356        LUT6 (Prop_G6LUT_SLICEL_I3_O)
                                                      0.022     1.924 r  design_1_i/ekf_batch_0/inst/grp_ekf_batch_Pipeline_VITIS_LOOP_17_1_VITIS_LOOP_18_2_fu_11224/select_ln17_9_reg_2427[15]_i_1/O
                         net (fo=1, routed)           0.022     1.946    design_1_i/ekf_batch_0/inst/grp_ekf_batch_Pipeline_VITIS_LOOP_17_1_VITIS_LOOP_18_21_fu_11355/select_ln17_9_reg_2427_reg[31]_1[15]
    SLICE_X30Y356        FDRE                                         r  design_1_i/ekf_batch_0/inst/grp_ekf_batch_Pipeline_VITIS_LOOP_17_1_VITIS_LOOP_18_21_fu_11355/select_ln17_9_reg_2427_reg[15]/D
  -------------------------------------------------------------------    -------------------

                         (clock clk_pl_0 rise edge)
                                                      0.000     0.000 r  
    PS8_X0Y0             PS8                          0.000     0.000 r  design_1_i/zynq_ultra_ps_e_0/inst/PS8_i/PLCLK[0]
                         net (fo=1, routed)           0.135     0.135    design_1_i/zynq_ultra_ps_e_0/inst/pl_clk_unbuffered[0]
    BUFG_PS_X0Y58        BUFG_PS (Prop_BUFG_PS_I_O)
                                                      0.028     0.163 r  design_1_i/zynq_ultra_ps_e_0/inst/buffer_pl_clk_0.PL_CLK_0_BUFG/O
    X1Y3 (CLOCK_ROOT)    net (fo=41467, routed)       1.870     2.033    design_1_i/ekf_batch_0/inst/grp_ekf_batch_Pipeline_VITIS_LOOP_17_1_VITIS_LOOP_18_21_fu_11355/ap_clk
    SLICE_X30Y356        FDRE                                         r  design_1_i/ekf_batch_0/inst/grp_ekf_batch_Pipeline_VITIS_LOOP_17_1_VITIS_LOOP_18_21_fu_11355/select_ln17_9_reg_2427_reg[15]/C
                         clock pessimism             -0.158     1.875    
    SLICE_X30Y356        FDRE (Hold_GFF_SLICEL_C_D)
                                                      0.060     1.935    design_1_i/ekf_batch_0/inst/grp_ekf_batch_Pipeline_VITIS_LOOP_17_1_VITIS_LOOP_18_21_fu_11355/select_ln17_9_reg_2427_reg[15]
  -------------------------------------------------------------------
                         required time                         -1.935    
                         arrival time                           1.946    
  -------------------------------------------------------------------
                         slack                                  0.011    

Slack (MET) :             0.013ns  (arrival time - required time)
  Source:                 design_1_i/axi_smc/inst/s01_entry_pipeline/s01_mmu/inst/ar_sreg/m_vector_i_reg[1080]/C
                            (rising edge-triggered cell FDRE clocked by clk_pl_0  {rise@0.000ns fall@5.000ns period=10.000ns})
  Destination:            design_1_i/axi_smc/inst/s01_entry_pipeline/s01_mmu/inst/ar_reg_stall/skid_buffer_reg[1080]/D
                            (rising edge-triggered cell FDRE clocked by clk_pl_0  {rise@0.000ns fall@5.000ns period=10.000ns})
  Path Group:             clk_pl_0
  Path Type:              Hold (Min at Slow Process Corner)
  Requirement:            0.000ns  (clk_pl_0 rise@0.000ns - clk_pl_0 rise@0.000ns)
  Data Path Delay:        0.127ns  (logic 0.060ns (47.244%)  route 0.067ns (52.756%))
  Logic Levels:           0  
  Clock Path Skew:        0.052ns (DCD - SCD - CPR)
    Destination Clock Delay (DCD):    1.978ns
    Source Clock Delay      (SCD):    1.717ns
    Clock Pessimism Removal (CPR):    0.209ns
  Clock Net Delay (Source):      1.587ns (routing 0.363ns, distribution 1.224ns)
  Clock Net Delay (Destination): 1.815ns (routing 0.404ns, distribution 1.411ns)

    Location             Delay type                Incr(ns)  Path(ns)    Netlist Resource(s)
  -------------------------------------------------------------------    -------------------
                         (clock clk_pl_0 rise edge)
                                                      0.000     0.000 r  
    PS8_X0Y0             PS8                          0.000     0.000 r  design_1_i/zynq_ultra_ps_e_0/inst/PS8_i/PLCLK[0]
                         net (fo=1, routed)           0.105     0.105    design_1_i/zynq_ultra_ps_e_0/inst/pl_clk_unbuffered[0]
    BUFG_PS_X0Y58        BUFG_PS (Prop_BUFG_PS_I_O)
                                                      0.025     0.130 r  design_1_i/zynq_ultra_ps_e_0/inst/buffer_pl_clk_0.PL_CLK_0_BUFG/O
    X1Y3 (CLOCK_ROOT)    net (fo=41467, routed)       1.587     1.717    design_1_i/axi_smc/inst/s01_entry_pipeline/s01_mmu/inst/ar_sreg/aclk
    SLICE_X45Y74         FDRE                                         r  design_1_i/axi_smc/inst/s01_entry_pipeline/s01_mmu/inst/ar_sreg/m_vector_i_reg[1080]/C
  -------------------------------------------------------------------    -------------------
    SLICE_X45Y74         FDRE (Prop_BFF2_SLICEL_C_Q)
                                                      0.060     1.777 r  design_1_i/axi_smc/inst/s01_entry_pipeline/s01_mmu/inst/ar_sreg/m_vector_i_reg[1080]/Q
                         net (fo=2, routed)           0.067     1.844    design_1_i/axi_smc/inst/s01_entry_pipeline/s01_mmu/inst/ar_reg_stall/skid_buffer_reg[1144]_0[23]
    SLICE_X45Y72         FDRE                                         r  design_1_i/axi_smc/inst/s01_entry_pipeline/s01_mmu/inst/ar_reg_stall/skid_buffer_reg[1080]/D
  -------------------------------------------------------------------    -------------------

                         (clock clk_pl_0 rise edge)
                                                      0.000     0.000 r  
    PS8_X0Y0             PS8                          0.000     0.000 r  design_1_i/zynq_ultra_ps_e_0/inst/PS8_i/PLCLK[0]
                         net (fo=1, routed)           0.135     0.135    design_1_i/zynq_ultra_ps_e_0/inst/pl_clk_unbuffered[0]
    BUFG_PS_X0Y58        BUFG_PS (Prop_BUFG_PS_I_O)
                                                      0.028     0.163 r  design_1_i/zynq_ultra_ps_e_0/inst/buffer_pl_clk_0.PL_CLK_0_BUFG/O
    X1Y3 (CLOCK_ROOT)    net (fo=41467, routed)       1.815     1.978    design_1_i/axi_smc/inst/s01_entry_pipeline/s01_mmu/inst/ar_reg_stall/aclk
    SLICE_X45Y72         FDRE                                         r  design_1_i/axi_smc/inst/s01_entry_pipeline/s01_mmu/inst/ar_reg_stall/skid_buffer_reg[1080]/C
                         clock pessimism             -0.209     1.769    
    SLICE_X45Y72         FDRE (Hold_GFF2_SLICEL_C_D)
                                                      0.062     1.831    design_1_i/axi_smc/inst/s01_entry_pipeline/s01_mmu/inst/ar_reg_stall/skid_buffer_reg[1080]
  -------------------------------------------------------------------
                         required time                         -1.831    
                         arrival time                           1.844    
  -------------------------------------------------------------------
                         slack                                  0.013    

Slack (MET) :             0.014ns  (arrival time - required time)
  Source:                 design_1_i/axi_smc/inst/s00_entry_pipeline/s00_mmu/inst/ar_reg_stall/m_vector_i_reg[1110]/C
                            (rising edge-triggered cell FDRE clocked by clk_pl_0  {rise@0.000ns fall@5.000ns period=10.000ns})
  Destination:            design_1_i/axi_smc/inst/s00_entry_pipeline/s00_transaction_regulator/inst/gen_endpoint.gen_r_singleorder.r_singleorder/gen_cmd_reg.cmd_reg/skid_buffer_reg[1110]/D
                            (rising edge-triggered cell FDRE clocked by clk_pl_0  {rise@0.000ns fall@5.000ns period=10.000ns})
  Path Group:             clk_pl_0
  Path Type:              Hold (Min at Slow Process Corner)
  Requirement:            0.000ns  (clk_pl_0 rise@0.000ns - clk_pl_0 rise@0.000ns)
  Data Path Delay:        0.138ns  (logic 0.059ns (42.751%)  route 0.079ns (57.249%))
  Logic Levels:           0  
  Clock Path Skew:        0.062ns (DCD - SCD - CPR)
    Destination Clock Delay (DCD):    1.992ns
    Source Clock Delay      (SCD):    1.721ns
    Clock Pessimism Removal (CPR):    0.209ns
  Clock Net Delay (Source):      1.591ns (routing 0.363ns, distribution 1.228ns)
  Clock Net Delay (Destination): 1.829ns (routing 0.404ns, distribution 1.425ns)

    Location             Delay type                Incr(ns)  Path(ns)    Netlist Resource(s)
  -------------------------------------------------------------------    -------------------
                         (clock clk_pl_0 rise edge)
                                                      0.000     0.000 r  
    PS8_X0Y0             PS8                          0.000     0.000 r  design_1_i/zynq_ultra_ps_e_0/inst/PS8_i/PLCLK[0]
                         net (fo=1, routed)           0.105     0.105    design_1_i/zynq_ultra_ps_e_0/inst/pl_clk_unbuffered[0]
    BUFG_PS_X0Y58        BUFG_PS (Prop_BUFG_PS_I_O)
                                                      0.025     0.130 r  design_1_i/zynq_ultra_ps_e_0/inst/buffer_pl_clk_0.PL_CLK_0_BUFG/O
    X1Y3 (CLOCK_ROOT)    net (fo=41467, routed)       1.591     1.721    design_1_i/axi_smc/inst/s00_entry_pipeline/s00_mmu/inst/ar_reg_stall/aclk
    SLICE_X42Y62         FDRE                                         r  design_1_i/axi_smc/inst/s00_entry_pipeline/s00_mmu/inst/ar_reg_stall/m_vector_i_reg[1110]/C
  -------------------------------------------------------------------    -------------------
    SLICE_X42Y62         FDRE (Prop_CFF2_SLICEL_C_Q)
                                                      0.059     1.780 r  design_1_i/axi_smc/inst/s00_entry_pipeline/s00_mmu/inst/ar_reg_stall/m_vector_i_reg[1110]/Q
                         net (fo=2, routed)           0.079     1.859    design_1_i/axi_smc/inst/s00_entry_pipeline/s00_transaction_regulator/inst/gen_endpoint.gen_r_singleorder.r_singleorder/gen_cmd_reg.cmd_reg/D[63]
    SLICE_X42Y61         FDRE                                         r  design_1_i/axi_smc/inst/s00_entry_pipeline/s00_transaction_regulator/inst/gen_endpoint.gen_r_singleorder.r_singleorder/gen_cmd_reg.cmd_reg/skid_buffer_reg[1110]/D
  -------------------------------------------------------------------    -------------------

                         (clock clk_pl_0 rise edge)
                                                      0.000     0.000 r  
    PS8_X0Y0             PS8                          0.000     0.000 r  design_1_i/zynq_ultra_ps_e_0/inst/PS8_i/PLCLK[0]
                         net (fo=1, routed)           0.135     0.135    design_1_i/zynq_ultra_ps_e_0/inst/pl_clk_unbuffered[0]
    BUFG_PS_X0Y58        BUFG_PS (Prop_BUFG_PS_I_O)
                                                      0.028     0.163 r  design_1_i/zynq_ultra_ps_e_0/inst/buffer_pl_clk_0.PL_CLK_0_BUFG/O
    X1Y3 (CLOCK_ROOT)    net (fo=41467, routed)       1.829     1.992    design_1_i/axi_smc/inst/s00_entry_pipeline/s00_transaction_regulator/inst/gen_endpoint.gen_r_singleorder.r_singleorder/gen_cmd_reg.cmd_reg/aclk
    SLICE_X42Y61         FDRE                                         r  design_1_i/axi_smc/inst/s00_entry_pipeline/s00_transaction_regulator/inst/gen_endpoint.gen_r_singleorder.r_singleorder/gen_cmd_reg.cmd_reg/skid_buffer_reg[1110]/C
                         clock pessimism             -0.209     1.784    
    SLICE_X42Y61         FDRE (Hold_FFF2_SLICEL_C_D)
                                                      0.062     1.846    design_1_i/axi_smc/inst/s00_entry_pipeline/s00_transaction_regulator/inst/gen_endpoint.gen_r_singleorder.r_singleorder/gen_cmd_reg.cmd_reg/skid_buffer_reg[1110]
  -------------------------------------------------------------------
                         required time                         -1.846    
                         arrival time                           1.859    
  -------------------------------------------------------------------
                         slack                                  0.014    

Slack (MET) :             0.015ns  (arrival time - required time)
  Source:                 design_1_i/ps8_0_axi_periph/s01_couplers/auto_ds/inst/gen_downsizer.gen_simple_downsizer.axi_downsizer_inst/USE_READ.read_addr_inst/cmd_queue/inst/fifo_gen_inst/inst_fifo_gen/gconvfifo.rf/grf.rf/gntv_or_sync_fifo.mem/goreg_dm.dout_i_reg[9]/C
                            (rising edge-triggered cell FDRE clocked by clk_pl_0  {rise@0.000ns fall@5.000ns period=10.000ns})
  Destination:            design_1_i/ps8_0_axi_periph/s01_couplers/auto_ds/inst/gen_downsizer.gen_simple_downsizer.axi_downsizer_inst/USE_READ.read_data_inst/length_counter_1_reg[6]/D
                            (rising edge-triggered cell FDRE clocked by clk_pl_0  {rise@0.000ns fall@5.000ns period=10.000ns})
  Path Group:             clk_pl_0
  Path Type:              Hold (Min at Slow Process Corner)
  Requirement:            0.000ns  (clk_pl_0 rise@0.000ns - clk_pl_0 rise@0.000ns)
  Data Path Delay:        0.202ns  (logic 0.116ns (57.543%)  route 0.086ns (42.457%))
  Logic Levels:           1  (LUT6=1)
  Clock Path Skew:        0.127ns (DCD - SCD - CPR)
    Destination Clock Delay (DCD):    1.935ns
    Source Clock Delay      (SCD):    1.712ns
    Clock Pessimism Removal (CPR):    0.097ns
  Clock Net Delay (Source):      1.582ns (routing 0.363ns, distribution 1.219ns)
  Clock Net Delay (Destination): 1.772ns (routing 0.404ns, distribution 1.368ns)

    Location             Delay type                Incr(ns)  Path(ns)    Netlist Resource(s)
  -------------------------------------------------------------------    -------------------
                         (clock clk_pl_0 rise edge)
                                                      0.000     0.000 r  
    PS8_X0Y0             PS8                          0.000     0.000 r  design_1_i/zynq_ultra_ps_e_0/inst/PS8_i/PLCLK[0]
                         net (fo=1, routed)           0.105     0.105    design_1_i/zynq_ultra_ps_e_0/inst/pl_clk_unbuffered[0]
    BUFG_PS_X0Y58        BUFG_PS (Prop_BUFG_PS_I_O)
                                                      0.025     0.130 r  design_1_i/zynq_ultra_ps_e_0/inst/buffer_pl_clk_0.PL_CLK_0_BUFG/O
    X1Y3 (CLOCK_ROOT)    net (fo=41467, routed)       1.582     1.712    design_1_i/ps8_0_axi_periph/s01_couplers/auto_ds/inst/gen_downsizer.gen_simple_downsizer.axi_downsizer_inst/USE_READ.read_addr_inst/cmd_queue/inst/fifo_gen_inst/inst_fifo_gen/gconvfifo.rf/grf.rf/gntv_or_sync_fifo.mem/clk
    SLICE_X39Y119        FDRE                                         r  design_1_i/ps8_0_axi_periph/s01_couplers/auto_ds/inst/gen_downsizer.gen_simple_downsizer.axi_downsizer_inst/USE_READ.read_addr_inst/cmd_queue/inst/fifo_gen_inst/inst_fifo_gen/gconvfifo.rf/grf.rf/gntv_or_sync_fifo.mem/goreg_dm.dout_i_reg[9]/C
  -------------------------------------------------------------------    -------------------
    SLICE_X39Y119        FDRE (Prop_GFF_SLICEL_C_Q)
                                                      0.059     1.771 r  design_1_i/ps8_0_axi_periph/s01_couplers/auto_ds/inst/gen_downsizer.gen_simple_downsizer.axi_downsizer_inst/USE_READ.read_addr_inst/cmd_queue/inst/fifo_gen_inst/inst_fifo_gen/gconvfifo.rf/grf.rf/gntv_or_sync_fifo.mem/goreg_dm.dout_i_reg[9]/Q
                         net (fo=3, routed)           0.062     1.832    design_1_i/ps8_0_axi_periph/s01_couplers/auto_ds/inst/gen_downsizer.gen_simple_downsizer.axi_downsizer_inst/USE_READ.read_data_inst/dout[6]
    SLICE_X39Y121        LUT6 (Prop_C6LUT_SLICEL_I1_O)
                                                      0.057     1.889 r  design_1_i/ps8_0_axi_periph/s01_couplers/auto_ds/inst/gen_downsizer.gen_simple_downsizer.axi_downsizer_inst/USE_READ.read_data_inst/length_counter_1[6]_i_1__0/O
                         net (fo=1, routed)           0.024     1.913    design_1_i/ps8_0_axi_periph/s01_couplers/auto_ds/inst/gen_downsizer.gen_simple_downsizer.axi_downsizer_inst/USE_READ.read_data_inst/next_length_counter__0[6]
    SLICE_X39Y121        FDRE                                         r  design_1_i/ps8_0_axi_periph/s01_couplers/auto_ds/inst/gen_downsizer.gen_simple_downsizer.axi_downsizer_inst/USE_READ.read_data_inst/length_counter_1_reg[6]/D
  -------------------------------------------------------------------    -------------------

                         (clock clk_pl_0 rise edge)
                                                      0.000     0.000 r  
    PS8_X0Y0             PS8                          0.000     0.000 r  design_1_i/zynq_ultra_ps_e_0/inst/PS8_i/PLCLK[0]
                         net (fo=1, routed)           0.135     0.135    design_1_i/zynq_ultra_ps_e_0/inst/pl_clk_unbuffered[0]
    BUFG_PS_X0Y58        BUFG_PS (Prop_BUFG_PS_I_O)
                                                      0.028     0.163 r  design_1_i/zynq_ultra_ps_e_0/inst/buffer_pl_clk_0.PL_CLK_0_BUFG/O
    X1Y3 (CLOCK_ROOT)    net (fo=41467, routed)       1.772     1.935    design_1_i/ps8_0_axi_periph/s01_couplers/auto_ds/inst/gen_downsizer.gen_simple_downsizer.axi_downsizer_inst/USE_READ.read_data_inst/CLK
    SLICE_X39Y121        FDRE                                         r  design_1_i/ps8_0_axi_periph/s01_couplers/auto_ds/inst/gen_downsizer.gen_simple_downsizer.axi_downsizer_inst/USE_READ.read_data_inst/length_counter_1_reg[6]/C
                         clock pessimism             -0.097     1.838    
    SLICE_X39Y121        FDRE (Hold_CFF_SLICEL_C_D)
                                                      0.060     1.898    design_1_i/ps8_0_axi_periph/s01_couplers/auto_ds/inst/gen_downsizer.gen_simple_downsizer.axi_downsizer_inst/USE_READ.read_data_inst/length_counter_1_reg[6]
  -------------------------------------------------------------------
                         required time                         -1.898    
                         arrival time                           1.913    
  -------------------------------------------------------------------
                         slack                                  0.015    

Slack (MET) :             0.015ns  (arrival time - required time)
  Source:                 design_1_i/axi_smc/inst/s01_entry_pipeline/s01_mmu/inst/ar_reg_stall/m_vector_i_reg[1078]/C
                            (rising edge-triggered cell FDRE clocked by clk_pl_0  {rise@0.000ns fall@5.000ns period=10.000ns})
  Destination:            design_1_i/axi_smc/inst/s01_entry_pipeline/s01_transaction_regulator/inst/gen_endpoint.gen_r_singleorder.r_singleorder/gen_cmd_reg.cmd_reg/skid_buffer_reg[1078]/D
                            (rising edge-triggered cell FDRE clocked by clk_pl_0  {rise@0.000ns fall@5.000ns period=10.000ns})
  Path Group:             clk_pl_0
  Path Type:              Hold (Min at Slow Process Corner)
  Requirement:            0.000ns  (clk_pl_0 rise@0.000ns - clk_pl_0 rise@0.000ns)
  Data Path Delay:        0.183ns  (logic 0.060ns (32.787%)  route 0.123ns (67.213%))
  Logic Levels:           0  
  Clock Path Skew:        0.106ns (DCD - SCD - CPR)
    Destination Clock Delay (DCD):    1.984ns
    Source Clock Delay      (SCD):    1.716ns
    Clock Pessimism Removal (CPR):    0.162ns
  Clock Net Delay (Source):      1.586ns (routing 0.363ns, distribution 1.223ns)
  Clock Net Delay (Destination): 1.821ns (routing 0.404ns, distribution 1.417ns)

    Location             Delay type                Incr(ns)  Path(ns)    Netlist Resource(s)
  -------------------------------------------------------------------    -------------------
                         (clock clk_pl_0 rise edge)
                                                      0.000     0.000 r  
    PS8_X0Y0             PS8                          0.000     0.000 r  design_1_i/zynq_ultra_ps_e_0/inst/PS8_i/PLCLK[0]
                         net (fo=1, routed)           0.105     0.105    design_1_i/zynq_ultra_ps_e_0/inst/pl_clk_unbuffered[0]
    BUFG_PS_X0Y58        BUFG_PS (Prop_BUFG_PS_I_O)
                                                      0.025     0.130 r  design_1_i/zynq_ultra_ps_e_0/inst/buffer_pl_clk_0.PL_CLK_0_BUFG/O
    X1Y3 (CLOCK_ROOT)    net (fo=41467, routed)       1.586     1.716    design_1_i/axi_smc/inst/s01_entry_pipeline/s01_mmu/inst/ar_reg_stall/aclk
    SLICE_X43Y70         FDRE                                         r  design_1_i/axi_smc/inst/s01_entry_pipeline/s01_mmu/inst/ar_reg_stall/m_vector_i_reg[1078]/C
  -------------------------------------------------------------------    -------------------
    SLICE_X43Y70         FDRE (Prop_BFF2_SLICEM_C_Q)
                                                      0.060     1.776 r  design_1_i/axi_smc/inst/s01_entry_pipeline/s01_mmu/inst/ar_reg_stall/m_vector_i_reg[1078]/Q
                         net (fo=2, routed)           0.123     1.899    design_1_i/axi_smc/inst/s01_entry_pipeline/s01_transaction_regulator/inst/gen_endpoint.gen_r_singleorder.r_singleorder/gen_cmd_reg.cmd_reg/D[31]
    SLICE_X44Y71         FDRE                                         r  design_1_i/axi_smc/inst/s01_entry_pipeline/s01_transaction_regulator/inst/gen_endpoint.gen_r_singleorder.r_singleorder/gen_cmd_reg.cmd_reg/skid_buffer_reg[1078]/D
  -------------------------------------------------------------------    -------------------

                         (clock clk_pl_0 rise edge)
                                                      0.000     0.000 r  
    PS8_X0Y0             PS8                          0.000     0.000 r  design_1_i/zynq_ultra_ps_e_0/inst/PS8_i/PLCLK[0]
                         net (fo=1, routed)           0.135     0.135    design_1_i/zynq_ultra_ps_e_0/inst/pl_clk_unbuffered[0]
    BUFG_PS_X0Y58        BUFG_PS (Prop_BUFG_PS_I_O)
                                                      0.028     0.163 r  design_1_i/zynq_ultra_ps_e_0/inst/buffer_pl_clk_0.PL_CLK_0_BUFG/O
    X1Y3 (CLOCK_ROOT)    net (fo=41467, routed)       1.821     1.984    design_1_i/axi_smc/inst/s01_entry_pipeline/s01_transaction_regulator/inst/gen_endpoint.gen_r_singleorder.r_singleorder/gen_cmd_reg.cmd_reg/aclk
    SLICE_X44Y71         FDRE                                         r  design_1_i/axi_smc/inst/s01_entry_pipeline/s01_transaction_regulator/inst/gen_endpoint.gen_r_singleorder.r_singleorder/gen_cmd_reg.cmd_reg/skid_buffer_reg[1078]/C
                         clock pessimism             -0.162     1.822    
    SLICE_X44Y71         FDRE (Hold_GFF2_SLICEM_C_D)
                                                      0.062     1.884    design_1_i/axi_smc/inst/s01_entry_pipeline/s01_transaction_regulator/inst/gen_endpoint.gen_r_singleorder.r_singleorder/gen_cmd_reg.cmd_reg/skid_buffer_reg[1078]
  -------------------------------------------------------------------
                         required time                         -1.884    
                         arrival time                           1.899    
  -------------------------------------------------------------------
                         slack                                  0.015    

Slack (MET) :             0.016ns  (arrival time - required time)
  Source:                 design_1_i/ps8_0_axi_periph/s01_couplers/auto_ds/inst/gen_downsizer.gen_simple_downsizer.axi_downsizer_inst/USE_READ.read_addr_inst/cmd_queue/inst/fifo_gen_inst/inst_fifo_gen/gconvfifo.rf/grf.rf/gntv_or_sync_fifo.mem/goreg_dm.dout_i_reg[4]/C
                            (rising edge-triggered cell FDRE clocked by clk_pl_0  {rise@0.000ns fall@5.000ns period=10.000ns})
  Destination:            design_1_i/ps8_0_axi_periph/s01_couplers/auto_ds/inst/gen_downsizer.gen_simple_downsizer.axi_downsizer_inst/USE_READ.read_data_inst/length_counter_1_reg[2]/D
                            (rising edge-triggered cell FDRE clocked by clk_pl_0  {rise@0.000ns fall@5.000ns period=10.000ns})
  Path Group:             clk_pl_0
  Path Type:              Hold (Min at Slow Process Corner)
  Requirement:            0.000ns  (clk_pl_0 rise@0.000ns - clk_pl_0 rise@0.000ns)
  Data Path Delay:        0.213ns  (logic 0.116ns (54.446%)  route 0.097ns (45.554%))
  Logic Levels:           1  (LUT6=1)
  Clock Path Skew:        0.137ns (DCD - SCD - CPR)
    Destination Clock Delay (DCD):    1.945ns
    Source Clock Delay      (SCD):    1.712ns
    Clock Pessimism Removal (CPR):    0.097ns
  Clock Net Delay (Source):      1.582ns (routing 0.363ns, distribution 1.219ns)
  Clock Net Delay (Destination): 1.782ns (routing 0.404ns, distribution 1.378ns)

    Location             Delay type                Incr(ns)  Path(ns)    Netlist Resource(s)
  -------------------------------------------------------------------    -------------------
                         (clock clk_pl_0 rise edge)
                                                      0.000     0.000 r  
    PS8_X0Y0             PS8                          0.000     0.000 r  design_1_i/zynq_ultra_ps_e_0/inst/PS8_i/PLCLK[0]
                         net (fo=1, routed)           0.105     0.105    design_1_i/zynq_ultra_ps_e_0/inst/pl_clk_unbuffered[0]
    BUFG_PS_X0Y58        BUFG_PS (Prop_BUFG_PS_I_O)
                                                      0.025     0.130 r  design_1_i/zynq_ultra_ps_e_0/inst/buffer_pl_clk_0.PL_CLK_0_BUFG/O
    X1Y3 (CLOCK_ROOT)    net (fo=41467, routed)       1.582     1.712    design_1_i/ps8_0_axi_periph/s01_couplers/auto_ds/inst/gen_downsizer.gen_simple_downsizer.axi_downsizer_inst/USE_READ.read_addr_inst/cmd_queue/inst/fifo_gen_inst/inst_fifo_gen/gconvfifo.rf/grf.rf/gntv_or_sync_fifo.mem/clk
    SLICE_X40Y118        FDRE                                         r  design_1_i/ps8_0_axi_periph/s01_couplers/auto_ds/inst/gen_downsizer.gen_simple_downsizer.axi_downsizer_inst/USE_READ.read_addr_inst/cmd_queue/inst/fifo_gen_inst/inst_fifo_gen/gconvfifo.rf/grf.rf/gntv_or_sync_fifo.mem/goreg_dm.dout_i_reg[4]/C
  -------------------------------------------------------------------    -------------------
    SLICE_X40Y118        FDRE (Prop_HFF2_SLICEM_C_Q)
                                                      0.059     1.771 r  design_1_i/ps8_0_axi_periph/s01_couplers/auto_ds/inst/gen_downsizer.gen_simple_downsizer.axi_downsizer_inst/USE_READ.read_addr_inst/cmd_queue/inst/fifo_gen_inst/inst_fifo_gen/gconvfifo.rf/grf.rf/gntv_or_sync_fifo.mem/goreg_dm.dout_i_reg[4]/Q
                         net (fo=4, routed)           0.068     1.839    design_1_i/ps8_0_axi_periph/s01_couplers/auto_ds/inst/gen_downsizer.gen_simple_downsizer.axi_downsizer_inst/USE_READ.read_data_inst/dout[1]
    SLICE_X40Y120        LUT6 (Prop_B6LUT_SLICEM_I1_O)
                                                      0.057     1.896 r  design_1_i/ps8_0_axi_periph/s01_couplers/auto_ds/inst/gen_downsizer.gen_simple_downsizer.axi_downsizer_inst/USE_READ.read_data_inst/length_counter_1[2]_i_1__0/O
                         net (fo=1, routed)           0.029     1.925    design_1_i/ps8_0_axi_periph/s01_couplers/auto_ds/inst/gen_downsizer.gen_simple_downsizer.axi_downsizer_inst/USE_READ.read_data_inst/next_length_counter__0[2]
    SLICE_X40Y120        FDRE                                         r  design_1_i/ps8_0_axi_periph/s01_couplers/auto_ds/inst/gen_downsizer.gen_simple_downsizer.axi_downsizer_inst/USE_READ.read_data_inst/length_counter_1_reg[2]/D
  -------------------------------------------------------------------    -------------------

                         (clock clk_pl_0 rise edge)
                                                      0.000     0.000 r  
    PS8_X0Y0             PS8                          0.000     0.000 r  design_1_i/zynq_ultra_ps_e_0/inst/PS8_i/PLCLK[0]
                         net (fo=1, routed)           0.135     0.135    design_1_i/zynq_ultra_ps_e_0/inst/pl_clk_unbuffered[0]
    BUFG_PS_X0Y58        BUFG_PS (Prop_BUFG_PS_I_O)
                                                      0.028     0.163 r  design_1_i/zynq_ultra_ps_e_0/inst/buffer_pl_clk_0.PL_CLK_0_BUFG/O
    X1Y3 (CLOCK_ROOT)    net (fo=41467, routed)       1.782     1.945    design_1_i/ps8_0_axi_periph/s01_couplers/auto_ds/inst/gen_downsizer.gen_simple_downsizer.axi_downsizer_inst/USE_READ.read_data_inst/CLK
    SLICE_X40Y120        FDRE                                         r  design_1_i/ps8_0_axi_periph/s01_couplers/auto_ds/inst/gen_downsizer.gen_simple_downsizer.axi_downsizer_inst/USE_READ.read_data_inst/length_counter_1_reg[2]/C
                         clock pessimism             -0.097     1.848    
    SLICE_X40Y120        FDRE (Hold_BFF_SLICEM_C_D)
                                                      0.060     1.908    design_1_i/ps8_0_axi_periph/s01_couplers/auto_ds/inst/gen_downsizer.gen_simple_downsizer.axi_downsizer_inst/USE_READ.read_data_inst/length_counter_1_reg[2]
  -------------------------------------------------------------------
                         required time                         -1.908    
                         arrival time                           1.925    
  -------------------------------------------------------------------
                         slack                                  0.016    

Slack (MET) :             0.016ns  (arrival time - required time)
  Source:                 design_1_i/axi_smc/inst/s01_entry_pipeline/s01_mmu/inst/r_sreg/m_vector_i_reg[1090]/C
                            (rising edge-triggered cell FDRE clocked by clk_pl_0  {rise@0.000ns fall@5.000ns period=10.000ns})
  Destination:            design_1_i/ekf_batch_0/inst/gmem1_m_axi_U/bus_read/rs_rdata/data_p2_reg[31]/D
                            (rising edge-triggered cell FDRE clocked by clk_pl_0  {rise@0.000ns fall@5.000ns period=10.000ns})
  Path Group:             clk_pl_0
  Path Type:              Hold (Min at Slow Process Corner)
  Requirement:            0.000ns  (clk_pl_0 rise@0.000ns - clk_pl_0 rise@0.000ns)
  Data Path Delay:        0.130ns  (logic 0.058ns (44.557%)  route 0.072ns (55.443%))
  Logic Levels:           0  
  Clock Path Skew:        0.052ns (DCD - SCD - CPR)
    Destination Clock Delay (DCD):    1.978ns
    Source Clock Delay      (SCD):    1.714ns
    Clock Pessimism Removal (CPR):    0.213ns
  Clock Net Delay (Source):      1.584ns (routing 0.363ns, distribution 1.221ns)
  Clock Net Delay (Destination): 1.815ns (routing 0.404ns, distribution 1.411ns)

    Location             Delay type                Incr(ns)  Path(ns)    Netlist Resource(s)
  -------------------------------------------------------------------    -------------------
                         (clock clk_pl_0 rise edge)
                                                      0.000     0.000 r  
    PS8_X0Y0             PS8                          0.000     0.000 r  design_1_i/zynq_ultra_ps_e_0/inst/PS8_i/PLCLK[0]
                         net (fo=1, routed)           0.105     0.105    design_1_i/zynq_ultra_ps_e_0/inst/pl_clk_unbuffered[0]
    BUFG_PS_X0Y58        BUFG_PS (Prop_BUFG_PS_I_O)
                                                      0.025     0.130 r  design_1_i/zynq_ultra_ps_e_0/inst/buffer_pl_clk_0.PL_CLK_0_BUFG/O
    X1Y3 (CLOCK_ROOT)    net (fo=41467, routed)       1.584     1.714    design_1_i/axi_smc/inst/s01_entry_pipeline/s01_mmu/inst/r_sreg/aclk
    SLICE_X39Y38         FDRE                                         r  design_1_i/axi_smc/inst/s01_entry_pipeline/s01_mmu/inst/r_sreg/m_vector_i_reg[1090]/C
  -------------------------------------------------------------------    -------------------
    SLICE_X39Y38         FDRE (Prop_AFF_SLICEL_C_Q)
                                                      0.058     1.772 r  design_1_i/axi_smc/inst/s01_entry_pipeline/s01_mmu/inst/r_sreg/m_vector_i_reg[1090]/Q
                         net (fo=2, routed)           0.072     1.844    design_1_i/ekf_batch_0/inst/gmem1_m_axi_U/bus_read/rs_rdata/data_p2_reg[32]_0[31]
    SLICE_X39Y36         FDRE                                         r  design_1_i/ekf_batch_0/inst/gmem1_m_axi_U/bus_read/rs_rdata/data_p2_reg[31]/D
  -------------------------------------------------------------------    -------------------

                         (clock clk_pl_0 rise edge)
                                                      0.000     0.000 r  
    PS8_X0Y0             PS8                          0.000     0.000 r  design_1_i/zynq_ultra_ps_e_0/inst/PS8_i/PLCLK[0]
                         net (fo=1, routed)           0.135     0.135    design_1_i/zynq_ultra_ps_e_0/inst/pl_clk_unbuffered[0]
    BUFG_PS_X0Y58        BUFG_PS (Prop_BUFG_PS_I_O)
                                                      0.028     0.163 r  design_1_i/zynq_ultra_ps_e_0/inst/buffer_pl_clk_0.PL_CLK_0_BUFG/O
    X1Y3 (CLOCK_ROOT)    net (fo=41467, routed)       1.815     1.978    design_1_i/ekf_batch_0/inst/gmem1_m_axi_U/bus_read/rs_rdata/ap_clk
    SLICE_X39Y36         FDRE                                         r  design_1_i/ekf_batch_0/inst/gmem1_m_axi_U/bus_read/rs_rdata/data_p2_reg[31]/C
                         clock pessimism             -0.213     1.765    
    SLICE_X39Y36         FDRE (Hold_CFF2_SLICEL_C_D)
                                                      0.062     1.827    design_1_i/ekf_batch_0/inst/gmem1_m_axi_U/bus_read/rs_rdata/data_p2_reg[31]
  -------------------------------------------------------------------
                         required time                         -1.827    
                         arrival time                           1.844    
  -------------------------------------------------------------------
                         slack                                  0.016    

Slack (MET) :             0.017ns  (arrival time - required time)
  Source:                 design_1_i/ekf_batch_0/inst/gmem0_m_axi_U/store_unit/tmp_addr_reg[12]/C
                            (rising edge-triggered cell FDRE clocked by clk_pl_0  {rise@0.000ns fall@5.000ns period=10.000ns})
  Destination:            design_1_i/ekf_batch_0/inst/gmem0_m_axi_U/bus_write/wreq_burst_conv/rs_req/data_p2_reg[12]/D
                            (rising edge-triggered cell FDRE clocked by clk_pl_0  {rise@0.000ns fall@5.000ns period=10.000ns})
  Path Group:             clk_pl_0
  Path Type:              Hold (Min at Slow Process Corner)
  Requirement:            0.000ns  (clk_pl_0 rise@0.000ns - clk_pl_0 rise@0.000ns)
  Data Path Delay:        0.128ns  (logic 0.059ns (46.043%)  route 0.069ns (53.957%))
  Logic Levels:           0  
  Clock Path Skew:        0.049ns (DCD - SCD - CPR)
    Destination Clock Delay (DCD):    1.996ns
    Source Clock Delay      (SCD):    1.735ns
    Clock Pessimism Removal (CPR):    0.212ns
  Clock Net Delay (Source):      1.605ns (routing 0.363ns, distribution 1.242ns)
  Clock Net Delay (Destination): 1.833ns (routing 0.404ns, distribution 1.429ns)

    Location             Delay type                Incr(ns)  Path(ns)    Netlist Resource(s)
  -------------------------------------------------------------------    -------------------
                         (clock clk_pl_0 rise edge)
                                                      0.000     0.000 r  
    PS8_X0Y0             PS8                          0.000     0.000 r  design_1_i/zynq_ultra_ps_e_0/inst/PS8_i/PLCLK[0]
                         net (fo=1, routed)           0.105     0.105    design_1_i/zynq_ultra_ps_e_0/inst/pl_clk_unbuffered[0]
    BUFG_PS_X0Y58        BUFG_PS (Prop_BUFG_PS_I_O)
                                                      0.025     0.130 r  design_1_i/zynq_ultra_ps_e_0/inst/buffer_pl_clk_0.PL_CLK_0_BUFG/O
    X1Y3 (CLOCK_ROOT)    net (fo=41467, routed)       1.605     1.735    design_1_i/ekf_batch_0/inst/gmem0_m_axi_U/store_unit/ap_clk
    SLICE_X47Y50         FDRE                                         r  design_1_i/ekf_batch_0/inst/gmem0_m_axi_U/store_unit/tmp_addr_reg[12]/C
  -------------------------------------------------------------------    -------------------
    SLICE_X47Y50         FDRE (Prop_EFF_SLICEL_C_Q)
                                                      0.059     1.794 r  design_1_i/ekf_batch_0/inst/gmem0_m_axi_U/store_unit/tmp_addr_reg[12]/Q
                         net (fo=2, routed)           0.069     1.863    design_1_i/ekf_batch_0/inst/gmem0_m_axi_U/bus_write/wreq_burst_conv/rs_req/data_p2_reg[95]_0[10]
    SLICE_X47Y49         FDRE                                         r  design_1_i/ekf_batch_0/inst/gmem0_m_axi_U/bus_write/wreq_burst_conv/rs_req/data_p2_reg[12]/D
  -------------------------------------------------------------------    -------------------

                         (clock clk_pl_0 rise edge)
                                                      0.000     0.000 r  
    PS8_X0Y0             PS8                          0.000     0.000 r  design_1_i/zynq_ultra_ps_e_0/inst/PS8_i/PLCLK[0]
                         net (fo=1, routed)           0.135     0.135    design_1_i/zynq_ultra_ps_e_0/inst/pl_clk_unbuffered[0]
    BUFG_PS_X0Y58        BUFG_PS (Prop_BUFG_PS_I_O)
                                                      0.028     0.163 r  design_1_i/zynq_ultra_ps_e_0/inst/buffer_pl_clk_0.PL_CLK_0_BUFG/O
    X1Y3 (CLOCK_ROOT)    net (fo=41467, routed)       1.833     1.996    design_1_i/ekf_batch_0/inst/gmem0_m_axi_U/bus_write/wreq_burst_conv/rs_req/ap_clk
    SLICE_X47Y49         FDRE                                         r  design_1_i/ekf_batch_0/inst/gmem0_m_axi_U/bus_write/wreq_burst_conv/rs_req/data_p2_reg[12]/C
                         clock pessimism             -0.212     1.784    
    SLICE_X47Y49         FDRE (Hold_HFF2_SLICEL_C_D)
                                                      0.062     1.846    design_1_i/ekf_batch_0/inst/gmem0_m_axi_U/bus_write/wreq_burst_conv/rs_req/data_p2_reg[12]
  -------------------------------------------------------------------
                         required time                         -1.846    
                         arrival time                           1.863    
  -------------------------------------------------------------------
                         slack                                  0.017    





Pulse Width Checks
--------------------------------------------------------------------------------------
Clock Name:         clk_pl_0
Waveform(ns):       { 0.000 5.000 }
Period(ns):         10.000
Sources:            { design_1_i/zynq_ultra_ps_e_0/inst/PS8_i/PLCLK[0] }

Check Type        Corner  Lib Pin             Reference Pin  Required(ns)  Actual(ns)  Slack(ns)  Location      Pin
Min Period        n/a     PS8/MAXIGP0ACLK     n/a            3.000         10.000      7.000      PS8_X0Y0      design_1_i/zynq_ultra_ps_e_0/inst/PS8_i/MAXIGP0ACLK
Min Period        n/a     PS8/MAXIGP1ACLK     n/a            3.000         10.000      7.000      PS8_X0Y0      design_1_i/zynq_ultra_ps_e_0/inst/PS8_i/MAXIGP1ACLK
Min Period        n/a     PS8/SAXIGP2RCLK     n/a            3.000         10.000      7.000      PS8_X0Y0      design_1_i/zynq_ultra_ps_e_0/inst/PS8_i/SAXIGP2RCLK
Min Period        n/a     PS8/SAXIGP2WCLK     n/a            3.000         10.000      7.000      PS8_X0Y0      design_1_i/zynq_ultra_ps_e_0/inst/PS8_i/SAXIGP2WCLK
Min Period        n/a     RAMB18E2/CLKARDCLK  n/a            1.569         10.000      8.431      RAMB18_X5Y60  design_1_i/ekf_batch_0/inst/gmem0_m_axi_U/load_unit/buff_rdata/U_fifo_mem/mem_reg/CLKARDCLK
Min Period        n/a     RAMB18E2/CLKBWRCLK  n/a            1.569         10.000      8.431      RAMB18_X5Y60  design_1_i/ekf_batch_0/inst/gmem0_m_axi_U/load_unit/buff_rdata/U_fifo_mem/mem_reg/CLKBWRCLK
Min Period        n/a     RAMB18E2/CLKARDCLK  n/a            1.569         10.000      8.431      RAMB18_X5Y18  design_1_i/ekf_batch_0/inst/gmem0_m_axi_U/store_unit/buff_wdata/U_fifo_mem/mem_reg/CLKARDCLK
Min Period        n/a     RAMB18E2/CLKBWRCLK  n/a            1.569         10.000      8.431      RAMB18_X5Y18  design_1_i/ekf_batch_0/inst/gmem0_m_axi_U/store_unit/buff_wdata/U_fifo_mem/mem_reg/CLKBWRCLK
Min Period        n/a     RAMB18E2/CLKARDCLK  n/a            1.569         10.000      8.431      RAMB18_X5Y14  design_1_i/ekf_batch_0/inst/gmem1_m_axi_U/load_unit/buff_rdata/U_fifo_mem/mem_reg/CLKARDCLK
Min Period        n/a     RAMB18E2/CLKBWRCLK  n/a            1.569         10.000      8.431      RAMB18_X5Y14  design_1_i/ekf_batch_0/inst/gmem1_m_axi_U/load_unit/buff_rdata/U_fifo_mem/mem_reg/CLKBWRCLK
Low Pulse Width   Slow    PS8/MAXIGP0ACLK     n/a            1.500         5.000       3.500      PS8_X0Y0      design_1_i/zynq_ultra_ps_e_0/inst/PS8_i/MAXIGP0ACLK
Low Pulse Width   Fast    PS8/MAXIGP0ACLK     n/a            1.500         5.000       3.500      PS8_X0Y0      design_1_i/zynq_ultra_ps_e_0/inst/PS8_i/MAXIGP0ACLK
Low Pulse Width   Slow    PS8/MAXIGP1ACLK     n/a            1.500         5.000       3.500      PS8_X0Y0      design_1_i/zynq_ultra_ps_e_0/inst/PS8_i/MAXIGP1ACLK
Low Pulse Width   Fast    PS8/MAXIGP1ACLK     n/a            1.500         5.000       3.500      PS8_X0Y0      design_1_i/zynq_ultra_ps_e_0/inst/PS8_i/MAXIGP1ACLK
Low Pulse Width   Slow    PS8/SAXIGP2RCLK     n/a            1.500         5.000       3.500      PS8_X0Y0      design_1_i/zynq_ultra_ps_e_0/inst/PS8_i/SAXIGP2RCLK
Low Pulse Width   Fast    PS8/SAXIGP2RCLK     n/a            1.500         5.000       3.500      PS8_X0Y0      design_1_i/zynq_ultra_ps_e_0/inst/PS8_i/SAXIGP2RCLK
Low Pulse Width   Slow    PS8/SAXIGP2WCLK     n/a            1.500         5.000       3.500      PS8_X0Y0      design_1_i/zynq_ultra_ps_e_0/inst/PS8_i/SAXIGP2WCLK
Low Pulse Width   Fast    PS8/SAXIGP2WCLK     n/a            1.500         5.000       3.500      PS8_X0Y0      design_1_i/zynq_ultra_ps_e_0/inst/PS8_i/SAXIGP2WCLK
Low Pulse Width   Slow    RAMB18E2/CLKARDCLK  n/a            0.542         5.000       4.458      RAMB18_X5Y60  design_1_i/ekf_batch_0/inst/gmem0_m_axi_U/load_unit/buff_rdata/U_fifo_mem/mem_reg/CLKARDCLK
Low Pulse Width   Fast    RAMB18E2/CLKARDCLK  n/a            0.542         5.000       4.458      RAMB18_X5Y60  design_1_i/ekf_batch_0/inst/gmem0_m_axi_U/load_unit/buff_rdata/U_fifo_mem/mem_reg/CLKARDCLK
High Pulse Width  Slow    PS8/MAXIGP0ACLK     n/a            1.500         5.000       3.500      PS8_X0Y0      design_1_i/zynq_ultra_ps_e_0/inst/PS8_i/MAXIGP0ACLK
High Pulse Width  Fast    PS8/MAXIGP0ACLK     n/a            1.500         5.000       3.500      PS8_X0Y0      design_1_i/zynq_ultra_ps_e_0/inst/PS8_i/MAXIGP0ACLK
High Pulse Width  Slow    PS8/MAXIGP1ACLK     n/a            1.500         5.000       3.500      PS8_X0Y0      design_1_i/zynq_ultra_ps_e_0/inst/PS8_i/MAXIGP1ACLK
High Pulse Width  Fast    PS8/MAXIGP1ACLK     n/a            1.500         5.000       3.500      PS8_X0Y0      design_1_i/zynq_ultra_ps_e_0/inst/PS8_i/MAXIGP1ACLK
High Pulse Width  Slow    PS8/SAXIGP2RCLK     n/a            1.500         5.000       3.500      PS8_X0Y0      design_1_i/zynq_ultra_ps_e_0/inst/PS8_i/SAXIGP2RCLK
High Pulse Width  Fast    PS8/SAXIGP2RCLK     n/a            1.500         5.000       3.500      PS8_X0Y0      design_1_i/zynq_ultra_ps_e_0/inst/PS8_i/SAXIGP2RCLK
High Pulse Width  Slow    PS8/SAXIGP2WCLK     n/a            1.500         5.000       3.500      PS8_X0Y0      design_1_i/zynq_ultra_ps_e_0/inst/PS8_i/SAXIGP2WCLK
High Pulse Width  Fast    PS8/SAXIGP2WCLK     n/a            1.500         5.000       3.500      PS8_X0Y0      design_1_i/zynq_ultra_ps_e_0/inst/PS8_i/SAXIGP2WCLK
High Pulse Width  Slow    RAMB18E2/CLKARDCLK  n/a            0.542         5.000       4.458      RAMB18_X5Y60  design_1_i/ekf_batch_0/inst/gmem0_m_axi_U/load_unit/buff_rdata/U_fifo_mem/mem_reg/CLKARDCLK
High Pulse Width  Fast    RAMB18E2/CLKARDCLK  n/a            0.542         5.000       4.458      RAMB18_X5Y60  design_1_i/ekf_batch_0/inst/gmem0_m_axi_U/load_unit/buff_rdata/U_fifo_mem/mem_reg/CLKARDCLK



---------------------------------------------------------------------------------------------------
Path Group:  **async_default**
From Clock:  clk_pl_0
  To Clock:  clk_pl_0

Setup :            0  Failing Endpoints,  Worst Slack        8.561ns,  Total Violation        0.000ns
Hold  :            0  Failing Endpoints,  Worst Slack        0.196ns,  Total Violation        0.000ns
---------------------------------------------------------------------------------------------------


Max Delay Paths
--------------------------------------------------------------------------------------
Slack (MET) :             8.561ns  (required time - arrival time)
  Source:                 design_1_i/ps8_0_axi_periph/s01_couplers/auto_ds/inst/gen_downsizer.gen_simple_downsizer.axi_downsizer_inst/USE_WRITE.write_addr_inst/USE_B_CHANNEL.cmd_b_queue/inst/fifo_gen_inst/inst_fifo_gen/gconvfifo.rf/grf.rf/rstblk/ngwrdrst.grst.g7serrst.gnsckt_wrst.gcc_rst.sckt_wr_rst_cc_reg[1]/C
                            (rising edge-triggered cell FDRE clocked by clk_pl_0  {rise@0.000ns fall@5.000ns period=10.000ns})
  Destination:            design_1_i/ps8_0_axi_periph/s01_couplers/auto_ds/inst/gen_downsizer.gen_simple_downsizer.axi_downsizer_inst/USE_WRITE.write_addr_inst/USE_B_CHANNEL.cmd_b_queue/inst/fifo_gen_inst/inst_fifo_gen/gconvfifo.rf/grf.rf/gntv_or_sync_fifo.gl0.rd/rpntr/gc0.count_d1_reg[4]/CLR
                            (recovery check against rising-edge clock clk_pl_0  {rise@0.000ns fall@5.000ns period=10.000ns})
  Path Group:             **async_default**
  Path Type:              Recovery (Max at Slow Process Corner)
  Requirement:            10.000ns  (clk_pl_0 rise@10.000ns - clk_pl_0 rise@0.000ns)
  Data Path Delay:        1.167ns  (logic 0.230ns (19.700%)  route 0.937ns (80.300%))
  Logic Levels:           1  (LUT3=1)
  Clock Path Skew:        -0.076ns (DCD - SCD + CPR)
    Destination Clock Delay (DCD):    1.714ns = ( 11.714 - 10.000 ) 
    Source Clock Delay      (SCD):    1.952ns
    Clock Pessimism Removal (CPR):    0.163ns
  Clock Uncertainty:      0.130ns  ((TSJ^2 + DJ^2)^1/2) / 2 + PE
    Total System Jitter     (TSJ):    0.071ns
    Discrete Jitter          (DJ):    0.250ns
    Phase Error              (PE):    0.000ns
  Clock Net Delay (Source):      1.789ns (routing 0.404ns, distribution 1.385ns)
  Clock Net Delay (Destination): 1.584ns (routing 0.363ns, distribution 1.221ns)

    Location             Delay type                Incr(ns)  Path(ns)    Netlist Resource(s)
  -------------------------------------------------------------------    -------------------
                         (clock clk_pl_0 rise edge)
                                                      0.000     0.000 r  
    PS8_X0Y0             PS8                          0.000     0.000 r  design_1_i/zynq_ultra_ps_e_0/inst/PS8_i/PLCLK[0]
                         net (fo=1, routed)           0.135     0.135    design_1_i/zynq_ultra_ps_e_0/inst/pl_clk_unbuffered[0]
    BUFG_PS_X0Y58        BUFG_PS (Prop_BUFG_PS_I_O)
                                                      0.028     0.163 r  design_1_i/zynq_ultra_ps_e_0/inst/buffer_pl_clk_0.PL_CLK_0_BUFG/O
    X1Y3 (CLOCK_ROOT)    net (fo=41467, routed)       1.789     1.952    design_1_i/ps8_0_axi_periph/s01_couplers/auto_ds/inst/gen_downsizer.gen_simple_downsizer.axi_downsizer_inst/USE_WRITE.write_addr_inst/USE_B_CHANNEL.cmd_b_queue/inst/fifo_gen_inst/inst_fifo_gen/gconvfifo.rf/grf.rf/rstblk/clk
    SLICE_X39Y107        FDRE                                         r  design_1_i/ps8_0_axi_periph/s01_couplers/auto_ds/inst/gen_downsizer.gen_simple_downsizer.axi_downsizer_inst/USE_WRITE.write_addr_inst/USE_B_CHANNEL.cmd_b_queue/inst/fifo_gen_inst/inst_fifo_gen/gconvfifo.rf/grf.rf/rstblk/ngwrdrst.grst.g7serrst.gnsckt_wrst.gcc_rst.sckt_wr_rst_cc_reg[1]/C
  -------------------------------------------------------------------    -------------------
    SLICE_X39Y107        FDRE (Prop_GFF2_SLICEL_C_Q)
                                                      0.081     2.033 f  design_1_i/ps8_0_axi_periph/s01_couplers/auto_ds/inst/gen_downsizer.gen_simple_downsizer.axi_downsizer_inst/USE_WRITE.write_addr_inst/USE_B_CHANNEL.cmd_b_queue/inst/fifo_gen_inst/inst_fifo_gen/gconvfifo.rf/grf.rf/rstblk/ngwrdrst.grst.g7serrst.gnsckt_wrst.gcc_rst.sckt_wr_rst_cc_reg[1]/Q
                         net (fo=2, routed)           0.298     2.331    design_1_i/ps8_0_axi_periph/s01_couplers/auto_ds/inst/gen_downsizer.gen_simple_downsizer.axi_downsizer_inst/USE_WRITE.write_addr_inst/USE_B_CHANNEL.cmd_b_queue/inst/fifo_gen_inst/inst_fifo_gen/gconvfifo.rf/grf.rf/rstblk/ngwrdrst.grst.g7serrst.gnsckt_wrst.gcc_rst.sckt_wr_rst_cc[1]
    SLICE_X39Y107        LUT3 (Prop_G6LUT_SLICEL_I0_O)
                                                      0.149     2.480 f  design_1_i/ps8_0_axi_periph/s01_couplers/auto_ds/inst/gen_downsizer.gen_simple_downsizer.axi_downsizer_inst/USE_WRITE.write_addr_inst/USE_B_CHANNEL.cmd_b_queue/inst/fifo_gen_inst/inst_fifo_gen/gconvfifo.rf/grf.rf/rstblk/gpregsm1.curr_fwft_state[1]_i_2/O
                         net (fo=32, routed)          0.639     3.119    design_1_i/ps8_0_axi_periph/s01_couplers/auto_ds/inst/gen_downsizer.gen_simple_downsizer.axi_downsizer_inst/USE_WRITE.write_addr_inst/USE_B_CHANNEL.cmd_b_queue/inst/fifo_gen_inst/inst_fifo_gen/gconvfifo.rf/grf.rf/gntv_or_sync_fifo.gl0.rd/rpntr/gc0.count_d1_reg[4]_1
    SLICE_X42Y108        FDCE                                         f  design_1_i/ps8_0_axi_periph/s01_couplers/auto_ds/inst/gen_downsizer.gen_simple_downsizer.axi_downsizer_inst/USE_WRITE.write_addr_inst/USE_B_CHANNEL.cmd_b_queue/inst/fifo_gen_inst/inst_fifo_gen/gconvfifo.rf/grf.rf/gntv_or_sync_fifo.gl0.rd/rpntr/gc0.count_d1_reg[4]/CLR
  -------------------------------------------------------------------    -------------------

                         (clock clk_pl_0 rise edge)
                                                     10.000    10.000 r  
    PS8_X0Y0             PS8                          0.000    10.000 r  design_1_i/zynq_ultra_ps_e_0/inst/PS8_i/PLCLK[0]
                         net (fo=1, routed)           0.105    10.105    design_1_i/zynq_ultra_ps_e_0/inst/pl_clk_unbuffered[0]
    BUFG_PS_X0Y58        BUFG_PS (Prop_BUFG_PS_I_O)
                                                      0.025    10.130 r  design_1_i/zynq_ultra_ps_e_0/inst/buffer_pl_clk_0.PL_CLK_0_BUFG/O
    X1Y3 (CLOCK_ROOT)    net (fo=41467, routed)       1.584    11.714    design_1_i/ps8_0_axi_periph/s01_couplers/auto_ds/inst/gen_downsizer.gen_simple_downsizer.axi_downsizer_inst/USE_WRITE.write_addr_inst/USE_B_CHANNEL.cmd_b_queue/inst/fifo_gen_inst/inst_fifo_gen/gconvfifo.rf/grf.rf/gntv_or_sync_fifo.gl0.rd/rpntr/clk
    SLICE_X42Y108        FDCE                                         r  design_1_i/ps8_0_axi_periph/s01_couplers/auto_ds/inst/gen_downsizer.gen_simple_downsizer.axi_downsizer_inst/USE_WRITE.write_addr_inst/USE_B_CHANNEL.cmd_b_queue/inst/fifo_gen_inst/inst_fifo_gen/gconvfifo.rf/grf.rf/gntv_or_sync_fifo.gl0.rd/rpntr/gc0.count_d1_reg[4]/C
                         clock pessimism              0.163    11.876    
                         clock uncertainty           -0.130    11.747    
    SLICE_X42Y108        FDCE (Recov_AFF_SLICEL_C_CLR)
                                                     -0.066    11.681    design_1_i/ps8_0_axi_periph/s01_couplers/auto_ds/inst/gen_downsizer.gen_simple_downsizer.axi_downsizer_inst/USE_WRITE.write_addr_inst/USE_B_CHANNEL.cmd_b_queue/inst/fifo_gen_inst/inst_fifo_gen/gconvfifo.rf/grf.rf/gntv_or_sync_fifo.gl0.rd/rpntr/gc0.count_d1_reg[4]
  -------------------------------------------------------------------
                         required time                         11.681    
                         arrival time                          -3.119    
  -------------------------------------------------------------------
                         slack                                  8.561    

Slack (MET) :             8.564ns  (required time - arrival time)
  Source:                 design_1_i/ps8_0_axi_periph/s01_couplers/auto_ds/inst/gen_downsizer.gen_simple_downsizer.axi_downsizer_inst/USE_WRITE.write_addr_inst/USE_B_CHANNEL.cmd_b_queue/inst/fifo_gen_inst/inst_fifo_gen/gconvfifo.rf/grf.rf/rstblk/ngwrdrst.grst.g7serrst.gnsckt_wrst.gcc_rst.sckt_wr_rst_cc_reg[1]/C
                            (rising edge-triggered cell FDRE clocked by clk_pl_0  {rise@0.000ns fall@5.000ns period=10.000ns})
  Destination:            design_1_i/ps8_0_axi_periph/s01_couplers/auto_ds/inst/gen_downsizer.gen_simple_downsizer.axi_downsizer_inst/USE_WRITE.write_addr_inst/USE_B_CHANNEL.cmd_b_queue/inst/fifo_gen_inst/inst_fifo_gen/gconvfifo.rf/grf.rf/gntv_or_sync_fifo.gl0.rd/rpntr/gc0.count_d1_reg[0]/CLR
                            (recovery check against rising-edge clock clk_pl_0  {rise@0.000ns fall@5.000ns period=10.000ns})
  Path Group:             **async_default**
  Path Type:              Recovery (Max at Slow Process Corner)
  Requirement:            10.000ns  (clk_pl_0 rise@10.000ns - clk_pl_0 rise@0.000ns)
  Data Path Delay:        1.166ns  (logic 0.230ns (19.717%)  route 0.936ns (80.283%))
  Logic Levels:           1  (LUT3=1)
  Clock Path Skew:        -0.074ns (DCD - SCD + CPR)
    Destination Clock Delay (DCD):    1.716ns = ( 11.716 - 10.000 ) 
    Source Clock Delay      (SCD):    1.952ns
    Clock Pessimism Removal (CPR):    0.163ns
  Clock Uncertainty:      0.130ns  ((TSJ^2 + DJ^2)^1/2) / 2 + PE
    Total System Jitter     (TSJ):    0.071ns
    Discrete Jitter          (DJ):    0.250ns
    Phase Error              (PE):    0.000ns
  Clock Net Delay (Source):      1.789ns (routing 0.404ns, distribution 1.385ns)
  Clock Net Delay (Destination): 1.586ns (routing 0.363ns, distribution 1.223ns)

    Location             Delay type                Incr(ns)  Path(ns)    Netlist Resource(s)
  -------------------------------------------------------------------    -------------------
                         (clock clk_pl_0 rise edge)
                                                      0.000     0.000 r  
    PS8_X0Y0             PS8                          0.000     0.000 r  design_1_i/zynq_ultra_ps_e_0/inst/PS8_i/PLCLK[0]
                         net (fo=1, routed)           0.135     0.135    design_1_i/zynq_ultra_ps_e_0/inst/pl_clk_unbuffered[0]
    BUFG_PS_X0Y58        BUFG_PS (Prop_BUFG_PS_I_O)
                                                      0.028     0.163 r  design_1_i/zynq_ultra_ps_e_0/inst/buffer_pl_clk_0.PL_CLK_0_BUFG/O
    X1Y3 (CLOCK_ROOT)    net (fo=41467, routed)       1.789     1.952    design_1_i/ps8_0_axi_periph/s01_couplers/auto_ds/inst/gen_downsizer.gen_simple_downsizer.axi_downsizer_inst/USE_WRITE.write_addr_inst/USE_B_CHANNEL.cmd_b_queue/inst/fifo_gen_inst/inst_fifo_gen/gconvfifo.rf/grf.rf/rstblk/clk
    SLICE_X39Y107        FDRE                                         r  design_1_i/ps8_0_axi_periph/s01_couplers/auto_ds/inst/gen_downsizer.gen_simple_downsizer.axi_downsizer_inst/USE_WRITE.write_addr_inst/USE_B_CHANNEL.cmd_b_queue/inst/fifo_gen_inst/inst_fifo_gen/gconvfifo.rf/grf.rf/rstblk/ngwrdrst.grst.g7serrst.gnsckt_wrst.gcc_rst.sckt_wr_rst_cc_reg[1]/C
  -------------------------------------------------------------------    -------------------
    SLICE_X39Y107        FDRE (Prop_GFF2_SLICEL_C_Q)
                                                      0.081     2.033 f  design_1_i/ps8_0_axi_periph/s01_couplers/auto_ds/inst/gen_downsizer.gen_simple_downsizer.axi_downsizer_inst/USE_WRITE.write_addr_inst/USE_B_CHANNEL.cmd_b_queue/inst/fifo_gen_inst/inst_fifo_gen/gconvfifo.rf/grf.rf/rstblk/ngwrdrst.grst.g7serrst.gnsckt_wrst.gcc_rst.sckt_wr_rst_cc_reg[1]/Q
                         net (fo=2, routed)           0.298     2.331    design_1_i/ps8_0_axi_periph/s01_couplers/auto_ds/inst/gen_downsizer.gen_simple_downsizer.axi_downsizer_inst/USE_WRITE.write_addr_inst/USE_B_CHANNEL.cmd_b_queue/inst/fifo_gen_inst/inst_fifo_gen/gconvfifo.rf/grf.rf/rstblk/ngwrdrst.grst.g7serrst.gnsckt_wrst.gcc_rst.sckt_wr_rst_cc[1]
    SLICE_X39Y107        LUT3 (Prop_G6LUT_SLICEL_I0_O)
                                                      0.149     2.480 f  design_1_i/ps8_0_axi_periph/s01_couplers/auto_ds/inst/gen_downsizer.gen_simple_downsizer.axi_downsizer_inst/USE_WRITE.write_addr_inst/USE_B_CHANNEL.cmd_b_queue/inst/fifo_gen_inst/inst_fifo_gen/gconvfifo.rf/grf.rf/rstblk/gpregsm1.curr_fwft_state[1]_i_2/O
                         net (fo=32, routed)          0.638     3.118    design_1_i/ps8_0_axi_periph/s01_couplers/auto_ds/inst/gen_downsizer.gen_simple_downsizer.axi_downsizer_inst/USE_WRITE.write_addr_inst/USE_B_CHANNEL.cmd_b_queue/inst/fifo_gen_inst/inst_fifo_gen/gconvfifo.rf/grf.rf/gntv_or_sync_fifo.gl0.rd/rpntr/gc0.count_d1_reg[4]_1
    SLICE_X42Y108        FDCE                                         f  design_1_i/ps8_0_axi_periph/s01_couplers/auto_ds/inst/gen_downsizer.gen_simple_downsizer.axi_downsizer_inst/USE_WRITE.write_addr_inst/USE_B_CHANNEL.cmd_b_queue/inst/fifo_gen_inst/inst_fifo_gen/gconvfifo.rf/grf.rf/gntv_or_sync_fifo.gl0.rd/rpntr/gc0.count_d1_reg[0]/CLR
  -------------------------------------------------------------------    -------------------

                         (clock clk_pl_0 rise edge)
                                                     10.000    10.000 r  
    PS8_X0Y0             PS8                          0.000    10.000 r  design_1_i/zynq_ultra_ps_e_0/inst/PS8_i/PLCLK[0]
                         net (fo=1, routed)           0.105    10.105    design_1_i/zynq_ultra_ps_e_0/inst/pl_clk_unbuffered[0]
    BUFG_PS_X0Y58        BUFG_PS (Prop_BUFG_PS_I_O)
                                                      0.025    10.130 r  design_1_i/zynq_ultra_ps_e_0/inst/buffer_pl_clk_0.PL_CLK_0_BUFG/O
    X1Y3 (CLOCK_ROOT)    net (fo=41467, routed)       1.586    11.716    design_1_i/ps8_0_axi_periph/s01_couplers/auto_ds/inst/gen_downsizer.gen_simple_downsizer.axi_downsizer_inst/USE_WRITE.write_addr_inst/USE_B_CHANNEL.cmd_b_queue/inst/fifo_gen_inst/inst_fifo_gen/gconvfifo.rf/grf.rf/gntv_or_sync_fifo.gl0.rd/rpntr/clk
    SLICE_X42Y108        FDCE                                         r  design_1_i/ps8_0_axi_periph/s01_couplers/auto_ds/inst/gen_downsizer.gen_simple_downsizer.axi_downsizer_inst/USE_WRITE.write_addr_inst/USE_B_CHANNEL.cmd_b_queue/inst/fifo_gen_inst/inst_fifo_gen/gconvfifo.rf/grf.rf/gntv_or_sync_fifo.gl0.rd/rpntr/gc0.count_d1_reg[0]/C
                         clock pessimism              0.163    11.878    
                         clock uncertainty           -0.130    11.749    
    SLICE_X42Y108        FDCE (Recov_HFF_SLICEL_C_CLR)
                                                     -0.066    11.683    design_1_i/ps8_0_axi_periph/s01_couplers/auto_ds/inst/gen_downsizer.gen_simple_downsizer.axi_downsizer_inst/USE_WRITE.write_addr_inst/USE_B_CHANNEL.cmd_b_queue/inst/fifo_gen_inst/inst_fifo_gen/gconvfifo.rf/grf.rf/gntv_or_sync_fifo.gl0.rd/rpntr/gc0.count_d1_reg[0]
  -------------------------------------------------------------------
                         required time                         11.683    
                         arrival time                          -3.118    
  -------------------------------------------------------------------
                         slack                                  8.564    

Slack (MET) :             8.564ns  (required time - arrival time)
  Source:                 design_1_i/ps8_0_axi_periph/s01_couplers/auto_ds/inst/gen_downsizer.gen_simple_downsizer.axi_downsizer_inst/USE_WRITE.write_addr_inst/USE_B_CHANNEL.cmd_b_queue/inst/fifo_gen_inst/inst_fifo_gen/gconvfifo.rf/grf.rf/rstblk/ngwrdrst.grst.g7serrst.gnsckt_wrst.gcc_rst.sckt_wr_rst_cc_reg[1]/C
                            (rising edge-triggered cell FDRE clocked by clk_pl_0  {rise@0.000ns fall@5.000ns period=10.000ns})
  Destination:            design_1_i/ps8_0_axi_periph/s01_couplers/auto_ds/inst/gen_downsizer.gen_simple_downsizer.axi_downsizer_inst/USE_WRITE.write_addr_inst/USE_B_CHANNEL.cmd_b_queue/inst/fifo_gen_inst/inst_fifo_gen/gconvfifo.rf/grf.rf/gntv_or_sync_fifo.gl0.rd/rpntr/gc0.count_d1_reg[1]/CLR
                            (recovery check against rising-edge clock clk_pl_0  {rise@0.000ns fall@5.000ns period=10.000ns})
  Path Group:             **async_default**
  Path Type:              Recovery (Max at Slow Process Corner)
  Requirement:            10.000ns  (clk_pl_0 rise@10.000ns - clk_pl_0 rise@0.000ns)
  Data Path Delay:        1.166ns  (logic 0.230ns (19.717%)  route 0.936ns (80.283%))
  Logic Levels:           1  (LUT3=1)
  Clock Path Skew:        -0.074ns (DCD - SCD + CPR)
    Destination Clock Delay (DCD):    1.716ns = ( 11.716 - 10.000 ) 
    Source Clock Delay      (SCD):    1.952ns
    Clock Pessimism Removal (CPR):    0.163ns
  Clock Uncertainty:      0.130ns  ((TSJ^2 + DJ^2)^1/2) / 2 + PE
    Total System Jitter     (TSJ):    0.071ns
    Discrete Jitter          (DJ):    0.250ns
    Phase Error              (PE):    0.000ns
  Clock Net Delay (Source):      1.789ns (routing 0.404ns, distribution 1.385ns)
  Clock Net Delay (Destination): 1.586ns (routing 0.363ns, distribution 1.223ns)

    Location             Delay type                Incr(ns)  Path(ns)    Netlist Resource(s)
  -------------------------------------------------------------------    -------------------
                         (clock clk_pl_0 rise edge)
                                                      0.000     0.000 r  
    PS8_X0Y0             PS8                          0.000     0.000 r  design_1_i/zynq_ultra_ps_e_0/inst/PS8_i/PLCLK[0]
                         net (fo=1, routed)           0.135     0.135    design_1_i/zynq_ultra_ps_e_0/inst/pl_clk_unbuffered[0]
    BUFG_PS_X0Y58        BUFG_PS (Prop_BUFG_PS_I_O)
                                                      0.028     0.163 r  design_1_i/zynq_ultra_ps_e_0/inst/buffer_pl_clk_0.PL_CLK_0_BUFG/O
    X1Y3 (CLOCK_ROOT)    net (fo=41467, routed)       1.789     1.952    design_1_i/ps8_0_axi_periph/s01_couplers/auto_ds/inst/gen_downsizer.gen_simple_downsizer.axi_downsizer_inst/USE_WRITE.write_addr_inst/USE_B_CHANNEL.cmd_b_queue/inst/fifo_gen_inst/inst_fifo_gen/gconvfifo.rf/grf.rf/rstblk/clk
    SLICE_X39Y107        FDRE                                         r  design_1_i/ps8_0_axi_periph/s01_couplers/auto_ds/inst/gen_downsizer.gen_simple_downsizer.axi_downsizer_inst/USE_WRITE.write_addr_inst/USE_B_CHANNEL.cmd_b_queue/inst/fifo_gen_inst/inst_fifo_gen/gconvfifo.rf/grf.rf/rstblk/ngwrdrst.grst.g7serrst.gnsckt_wrst.gcc_rst.sckt_wr_rst_cc_reg[1]/C
  -------------------------------------------------------------------    -------------------
    SLICE_X39Y107        FDRE (Prop_GFF2_SLICEL_C_Q)
                                                      0.081     2.033 f  design_1_i/ps8_0_axi_periph/s01_couplers/auto_ds/inst/gen_downsizer.gen_simple_downsizer.axi_downsizer_inst/USE_WRITE.write_addr_inst/USE_B_CHANNEL.cmd_b_queue/inst/fifo_gen_inst/inst_fifo_gen/gconvfifo.rf/grf.rf/rstblk/ngwrdrst.grst.g7serrst.gnsckt_wrst.gcc_rst.sckt_wr_rst_cc_reg[1]/Q
                         net (fo=2, routed)           0.298     2.331    design_1_i/ps8_0_axi_periph/s01_couplers/auto_ds/inst/gen_downsizer.gen_simple_downsizer.axi_downsizer_inst/USE_WRITE.write_addr_inst/USE_B_CHANNEL.cmd_b_queue/inst/fifo_gen_inst/inst_fifo_gen/gconvfifo.rf/grf.rf/rstblk/ngwrdrst.grst.g7serrst.gnsckt_wrst.gcc_rst.sckt_wr_rst_cc[1]
    SLICE_X39Y107        LUT3 (Prop_G6LUT_SLICEL_I0_O)
                                                      0.149     2.480 f  design_1_i/ps8_0_axi_periph/s01_couplers/auto_ds/inst/gen_downsizer.gen_simple_downsizer.axi_downsizer_inst/USE_WRITE.write_addr_inst/USE_B_CHANNEL.cmd_b_queue/inst/fifo_gen_inst/inst_fifo_gen/gconvfifo.rf/grf.rf/rstblk/gpregsm1.curr_fwft_state[1]_i_2/O
                         net (fo=32, routed)          0.638     3.118    design_1_i/ps8_0_axi_periph/s01_couplers/auto_ds/inst/gen_downsizer.gen_simple_downsizer.axi_downsizer_inst/USE_WRITE.write_addr_inst/USE_B_CHANNEL.cmd_b_queue/inst/fifo_gen_inst/inst_fifo_gen/gconvfifo.rf/grf.rf/gntv_or_sync_fifo.gl0.rd/rpntr/gc0.count_d1_reg[4]_1
    SLICE_X42Y108        FDCE                                         f  design_1_i/ps8_0_axi_periph/s01_couplers/auto_ds/inst/gen_downsizer.gen_simple_downsizer.axi_downsizer_inst/USE_WRITE.write_addr_inst/USE_B_CHANNEL.cmd_b_queue/inst/fifo_gen_inst/inst_fifo_gen/gconvfifo.rf/grf.rf/gntv_or_sync_fifo.gl0.rd/rpntr/gc0.count_d1_reg[1]/CLR
  -------------------------------------------------------------------    -------------------

                         (clock clk_pl_0 rise edge)
                                                     10.000    10.000 r  
    PS8_X0Y0             PS8                          0.000    10.000 r  design_1_i/zynq_ultra_ps_e_0/inst/PS8_i/PLCLK[0]
                         net (fo=1, routed)           0.105    10.105    design_1_i/zynq_ultra_ps_e_0/inst/pl_clk_unbuffered[0]
    BUFG_PS_X0Y58        BUFG_PS (Prop_BUFG_PS_I_O)
                                                      0.025    10.130 r  design_1_i/zynq_ultra_ps_e_0/inst/buffer_pl_clk_0.PL_CLK_0_BUFG/O
    X1Y3 (CLOCK_ROOT)    net (fo=41467, routed)       1.586    11.716    design_1_i/ps8_0_axi_periph/s01_couplers/auto_ds/inst/gen_downsizer.gen_simple_downsizer.axi_downsizer_inst/USE_WRITE.write_addr_inst/USE_B_CHANNEL.cmd_b_queue/inst/fifo_gen_inst/inst_fifo_gen/gconvfifo.rf/grf.rf/gntv_or_sync_fifo.gl0.rd/rpntr/clk
    SLICE_X42Y108        FDCE                                         r  design_1_i/ps8_0_axi_periph/s01_couplers/auto_ds/inst/gen_downsizer.gen_simple_downsizer.axi_downsizer_inst/USE_WRITE.write_addr_inst/USE_B_CHANNEL.cmd_b_queue/inst/fifo_gen_inst/inst_fifo_gen/gconvfifo.rf/grf.rf/gntv_or_sync_fifo.gl0.rd/rpntr/gc0.count_d1_reg[1]/C
                         clock pessimism              0.163    11.878    
                         clock uncertainty           -0.130    11.749    
    SLICE_X42Y108        FDCE (Recov_GFF_SLICEL_C_CLR)
                                                     -0.066    11.683    design_1_i/ps8_0_axi_periph/s01_couplers/auto_ds/inst/gen_downsizer.gen_simple_downsizer.axi_downsizer_inst/USE_WRITE.write_addr_inst/USE_B_CHANNEL.cmd_b_queue/inst/fifo_gen_inst/inst_fifo_gen/gconvfifo.rf/grf.rf/gntv_or_sync_fifo.gl0.rd/rpntr/gc0.count_d1_reg[1]
  -------------------------------------------------------------------
                         required time                         11.683    
                         arrival time                          -3.118    
  -------------------------------------------------------------------
                         slack                                  8.564    

Slack (MET) :             8.564ns  (required time - arrival time)
  Source:                 design_1_i/ps8_0_axi_periph/s01_couplers/auto_ds/inst/gen_downsizer.gen_simple_downsizer.axi_downsizer_inst/USE_WRITE.write_addr_inst/USE_B_CHANNEL.cmd_b_queue/inst/fifo_gen_inst/inst_fifo_gen/gconvfifo.rf/grf.rf/rstblk/ngwrdrst.grst.g7serrst.gnsckt_wrst.gcc_rst.sckt_wr_rst_cc_reg[1]/C
                            (rising edge-triggered cell FDRE clocked by clk_pl_0  {rise@0.000ns fall@5.000ns period=10.000ns})
  Destination:            design_1_i/ps8_0_axi_periph/s01_couplers/auto_ds/inst/gen_downsizer.gen_simple_downsizer.axi_downsizer_inst/USE_WRITE.write_addr_inst/USE_B_CHANNEL.cmd_b_queue/inst/fifo_gen_inst/inst_fifo_gen/gconvfifo.rf/grf.rf/gntv_or_sync_fifo.gl0.rd/rpntr/gc0.count_d1_reg[2]/CLR
                            (recovery check against rising-edge clock clk_pl_0  {rise@0.000ns fall@5.000ns period=10.000ns})
  Path Group:             **async_default**
  Path Type:              Recovery (Max at Slow Process Corner)
  Requirement:            10.000ns  (clk_pl_0 rise@10.000ns - clk_pl_0 rise@0.000ns)
  Data Path Delay:        1.166ns  (logic 0.230ns (19.717%)  route 0.936ns (80.283%))
  Logic Levels:           1  (LUT3=1)
  Clock Path Skew:        -0.074ns (DCD - SCD + CPR)
    Destination Clock Delay (DCD):    1.716ns = ( 11.716 - 10.000 ) 
    Source Clock Delay      (SCD):    1.952ns
    Clock Pessimism Removal (CPR):    0.163ns
  Clock Uncertainty:      0.130ns  ((TSJ^2 + DJ^2)^1/2) / 2 + PE
    Total System Jitter     (TSJ):    0.071ns
    Discrete Jitter          (DJ):    0.250ns
    Phase Error              (PE):    0.000ns
  Clock Net Delay (Source):      1.789ns (routing 0.404ns, distribution 1.385ns)
  Clock Net Delay (Destination): 1.586ns (routing 0.363ns, distribution 1.223ns)

    Location             Delay type                Incr(ns)  Path(ns)    Netlist Resource(s)
  -------------------------------------------------------------------    -------------------
                         (clock clk_pl_0 rise edge)
                                                      0.000     0.000 r  
    PS8_X0Y0             PS8                          0.000     0.000 r  design_1_i/zynq_ultra_ps_e_0/inst/PS8_i/PLCLK[0]
                         net (fo=1, routed)           0.135     0.135    design_1_i/zynq_ultra_ps_e_0/inst/pl_clk_unbuffered[0]
    BUFG_PS_X0Y58        BUFG_PS (Prop_BUFG_PS_I_O)
                                                      0.028     0.163 r  design_1_i/zynq_ultra_ps_e_0/inst/buffer_pl_clk_0.PL_CLK_0_BUFG/O
    X1Y3 (CLOCK_ROOT)    net (fo=41467, routed)       1.789     1.952    design_1_i/ps8_0_axi_periph/s01_couplers/auto_ds/inst/gen_downsizer.gen_simple_downsizer.axi_downsizer_inst/USE_WRITE.write_addr_inst/USE_B_CHANNEL.cmd_b_queue/inst/fifo_gen_inst/inst_fifo_gen/gconvfifo.rf/grf.rf/rstblk/clk
    SLICE_X39Y107        FDRE                                         r  design_1_i/ps8_0_axi_periph/s01_couplers/auto_ds/inst/gen_downsizer.gen_simple_downsizer.axi_downsizer_inst/USE_WRITE.write_addr_inst/USE_B_CHANNEL.cmd_b_queue/inst/fifo_gen_inst/inst_fifo_gen/gconvfifo.rf/grf.rf/rstblk/ngwrdrst.grst.g7serrst.gnsckt_wrst.gcc_rst.sckt_wr_rst_cc_reg[1]/C
  -------------------------------------------------------------------    -------------------
    SLICE_X39Y107        FDRE (Prop_GFF2_SLICEL_C_Q)
                                                      0.081     2.033 f  design_1_i/ps8_0_axi_periph/s01_couplers/auto_ds/inst/gen_downsizer.gen_simple_downsizer.axi_downsizer_inst/USE_WRITE.write_addr_inst/USE_B_CHANNEL.cmd_b_queue/inst/fifo_gen_inst/inst_fifo_gen/gconvfifo.rf/grf.rf/rstblk/ngwrdrst.grst.g7serrst.gnsckt_wrst.gcc_rst.sckt_wr_rst_cc_reg[1]/Q
                         net (fo=2, routed)           0.298     2.331    design_1_i/ps8_0_axi_periph/s01_couplers/auto_ds/inst/gen_downsizer.gen_simple_downsizer.axi_downsizer_inst/USE_WRITE.write_addr_inst/USE_B_CHANNEL.cmd_b_queue/inst/fifo_gen_inst/inst_fifo_gen/gconvfifo.rf/grf.rf/rstblk/ngwrdrst.grst.g7serrst.gnsckt_wrst.gcc_rst.sckt_wr_rst_cc[1]
    SLICE_X39Y107        LUT3 (Prop_G6LUT_SLICEL_I0_O)
                                                      0.149     2.480 f  design_1_i/ps8_0_axi_periph/s01_couplers/auto_ds/inst/gen_downsizer.gen_simple_downsizer.axi_downsizer_inst/USE_WRITE.write_addr_inst/USE_B_CHANNEL.cmd_b_queue/inst/fifo_gen_inst/inst_fifo_gen/gconvfifo.rf/grf.rf/rstblk/gpregsm1.curr_fwft_state[1]_i_2/O
                         net (fo=32, routed)          0.638     3.118    design_1_i/ps8_0_axi_periph/s01_couplers/auto_ds/inst/gen_downsizer.gen_simple_downsizer.axi_downsizer_inst/USE_WRITE.write_addr_inst/USE_B_CHANNEL.cmd_b_queue/inst/fifo_gen_inst/inst_fifo_gen/gconvfifo.rf/grf.rf/gntv_or_sync_fifo.gl0.rd/rpntr/gc0.count_d1_reg[4]_1
    SLICE_X42Y108        FDCE                                         f  design_1_i/ps8_0_axi_periph/s01_couplers/auto_ds/inst/gen_downsizer.gen_simple_downsizer.axi_downsizer_inst/USE_WRITE.write_addr_inst/USE_B_CHANNEL.cmd_b_queue/inst/fifo_gen_inst/inst_fifo_gen/gconvfifo.rf/grf.rf/gntv_or_sync_fifo.gl0.rd/rpntr/gc0.count_d1_reg[2]/CLR
  -------------------------------------------------------------------    -------------------

                         (clock clk_pl_0 rise edge)
                                                     10.000    10.000 r  
    PS8_X0Y0             PS8                          0.000    10.000 r  design_1_i/zynq_ultra_ps_e_0/inst/PS8_i/PLCLK[0]
                         net (fo=1, routed)           0.105    10.105    design_1_i/zynq_ultra_ps_e_0/inst/pl_clk_unbuffered[0]
    BUFG_PS_X0Y58        BUFG_PS (Prop_BUFG_PS_I_O)
                                                      0.025    10.130 r  design_1_i/zynq_ultra_ps_e_0/inst/buffer_pl_clk_0.PL_CLK_0_BUFG/O
    X1Y3 (CLOCK_ROOT)    net (fo=41467, routed)       1.586    11.716    design_1_i/ps8_0_axi_periph/s01_couplers/auto_ds/inst/gen_downsizer.gen_simple_downsizer.axi_downsizer_inst/USE_WRITE.write_addr_inst/USE_B_CHANNEL.cmd_b_queue/inst/fifo_gen_inst/inst_fifo_gen/gconvfifo.rf/grf.rf/gntv_or_sync_fifo.gl0.rd/rpntr/clk
    SLICE_X42Y108        FDCE                                         r  design_1_i/ps8_0_axi_periph/s01_couplers/auto_ds/inst/gen_downsizer.gen_simple_downsizer.axi_downsizer_inst/USE_WRITE.write_addr_inst/USE_B_CHANNEL.cmd_b_queue/inst/fifo_gen_inst/inst_fifo_gen/gconvfifo.rf/grf.rf/gntv_or_sync_fifo.gl0.rd/rpntr/gc0.count_d1_reg[2]/C
                         clock pessimism              0.163    11.878    
                         clock uncertainty           -0.130    11.749    
    SLICE_X42Y108        FDCE (Recov_FFF_SLICEL_C_CLR)
                                                     -0.066    11.683    design_1_i/ps8_0_axi_periph/s01_couplers/auto_ds/inst/gen_downsizer.gen_simple_downsizer.axi_downsizer_inst/USE_WRITE.write_addr_inst/USE_B_CHANNEL.cmd_b_queue/inst/fifo_gen_inst/inst_fifo_gen/gconvfifo.rf/grf.rf/gntv_or_sync_fifo.gl0.rd/rpntr/gc0.count_d1_reg[2]
  -------------------------------------------------------------------
                         required time                         11.683    
                         arrival time                          -3.118    
  -------------------------------------------------------------------
                         slack                                  8.564    

Slack (MET) :             8.564ns  (required time - arrival time)
  Source:                 design_1_i/ps8_0_axi_periph/s01_couplers/auto_ds/inst/gen_downsizer.gen_simple_downsizer.axi_downsizer_inst/USE_WRITE.write_addr_inst/USE_B_CHANNEL.cmd_b_queue/inst/fifo_gen_inst/inst_fifo_gen/gconvfifo.rf/grf.rf/rstblk/ngwrdrst.grst.g7serrst.gnsckt_wrst.gcc_rst.sckt_wr_rst_cc_reg[1]/C
                            (rising edge-triggered cell FDRE clocked by clk_pl_0  {rise@0.000ns fall@5.000ns period=10.000ns})
  Destination:            design_1_i/ps8_0_axi_periph/s01_couplers/auto_ds/inst/gen_downsizer.gen_simple_downsizer.axi_downsizer_inst/USE_WRITE.write_addr_inst/USE_B_CHANNEL.cmd_b_queue/inst/fifo_gen_inst/inst_fifo_gen/gconvfifo.rf/grf.rf/gntv_or_sync_fifo.gl0.rd/rpntr/gc0.count_d1_reg[3]/CLR
                            (recovery check against rising-edge clock clk_pl_0  {rise@0.000ns fall@5.000ns period=10.000ns})
  Path Group:             **async_default**
  Path Type:              Recovery (Max at Slow Process Corner)
  Requirement:            10.000ns  (clk_pl_0 rise@10.000ns - clk_pl_0 rise@0.000ns)
  Data Path Delay:        1.166ns  (logic 0.230ns (19.717%)  route 0.936ns (80.283%))
  Logic Levels:           1  (LUT3=1)
  Clock Path Skew:        -0.074ns (DCD - SCD + CPR)
    Destination Clock Delay (DCD):    1.716ns = ( 11.716 - 10.000 ) 
    Source Clock Delay      (SCD):    1.952ns
    Clock Pessimism Removal (CPR):    0.163ns
  Clock Uncertainty:      0.130ns  ((TSJ^2 + DJ^2)^1/2) / 2 + PE
    Total System Jitter     (TSJ):    0.071ns
    Discrete Jitter          (DJ):    0.250ns
    Phase Error              (PE):    0.000ns
  Clock Net Delay (Source):      1.789ns (routing 0.404ns, distribution 1.385ns)
  Clock Net Delay (Destination): 1.586ns (routing 0.363ns, distribution 1.223ns)

    Location             Delay type                Incr(ns)  Path(ns)    Netlist Resource(s)
  -------------------------------------------------------------------    -------------------
                         (clock clk_pl_0 rise edge)
                                                      0.000     0.000 r  
    PS8_X0Y0             PS8                          0.000     0.000 r  design_1_i/zynq_ultra_ps_e_0/inst/PS8_i/PLCLK[0]
                         net (fo=1, routed)           0.135     0.135    design_1_i/zynq_ultra_ps_e_0/inst/pl_clk_unbuffered[0]
    BUFG_PS_X0Y58        BUFG_PS (Prop_BUFG_PS_I_O)
                                                      0.028     0.163 r  design_1_i/zynq_ultra_ps_e_0/inst/buffer_pl_clk_0.PL_CLK_0_BUFG/O
    X1Y3 (CLOCK_ROOT)    net (fo=41467, routed)       1.789     1.952    design_1_i/ps8_0_axi_periph/s01_couplers/auto_ds/inst/gen_downsizer.gen_simple_downsizer.axi_downsizer_inst/USE_WRITE.write_addr_inst/USE_B_CHANNEL.cmd_b_queue/inst/fifo_gen_inst/inst_fifo_gen/gconvfifo.rf/grf.rf/rstblk/clk
    SLICE_X39Y107        FDRE                                         r  design_1_i/ps8_0_axi_periph/s01_couplers/auto_ds/inst/gen_downsizer.gen_simple_downsizer.axi_downsizer_inst/USE_WRITE.write_addr_inst/USE_B_CHANNEL.cmd_b_queue/inst/fifo_gen_inst/inst_fifo_gen/gconvfifo.rf/grf.rf/rstblk/ngwrdrst.grst.g7serrst.gnsckt_wrst.gcc_rst.sckt_wr_rst_cc_reg[1]/C
  -------------------------------------------------------------------    -------------------
    SLICE_X39Y107        FDRE (Prop_GFF2_SLICEL_C_Q)
                                                      0.081     2.033 f  design_1_i/ps8_0_axi_periph/s01_couplers/auto_ds/inst/gen_downsizer.gen_simple_downsizer.axi_downsizer_inst/USE_WRITE.write_addr_inst/USE_B_CHANNEL.cmd_b_queue/inst/fifo_gen_inst/inst_fifo_gen/gconvfifo.rf/grf.rf/rstblk/ngwrdrst.grst.g7serrst.gnsckt_wrst.gcc_rst.sckt_wr_rst_cc_reg[1]/Q
                         net (fo=2, routed)           0.298     2.331    design_1_i/ps8_0_axi_periph/s01_couplers/auto_ds/inst/gen_downsizer.gen_simple_downsizer.axi_downsizer_inst/USE_WRITE.write_addr_inst/USE_B_CHANNEL.cmd_b_queue/inst/fifo_gen_inst/inst_fifo_gen/gconvfifo.rf/grf.rf/rstblk/ngwrdrst.grst.g7serrst.gnsckt_wrst.gcc_rst.sckt_wr_rst_cc[1]
    SLICE_X39Y107        LUT3 (Prop_G6LUT_SLICEL_I0_O)
                                                      0.149     2.480 f  design_1_i/ps8_0_axi_periph/s01_couplers/auto_ds/inst/gen_downsizer.gen_simple_downsizer.axi_downsizer_inst/USE_WRITE.write_addr_inst/USE_B_CHANNEL.cmd_b_queue/inst/fifo_gen_inst/inst_fifo_gen/gconvfifo.rf/grf.rf/rstblk/gpregsm1.curr_fwft_state[1]_i_2/O
                         net (fo=32, routed)          0.638     3.118    design_1_i/ps8_0_axi_periph/s01_couplers/auto_ds/inst/gen_downsizer.gen_simple_downsizer.axi_downsizer_inst/USE_WRITE.write_addr_inst/USE_B_CHANNEL.cmd_b_queue/inst/fifo_gen_inst/inst_fifo_gen/gconvfifo.rf/grf.rf/gntv_or_sync_fifo.gl0.rd/rpntr/gc0.count_d1_reg[4]_1
    SLICE_X42Y108        FDCE                                         f  design_1_i/ps8_0_axi_periph/s01_couplers/auto_ds/inst/gen_downsizer.gen_simple_downsizer.axi_downsizer_inst/USE_WRITE.write_addr_inst/USE_B_CHANNEL.cmd_b_queue/inst/fifo_gen_inst/inst_fifo_gen/gconvfifo.rf/grf.rf/gntv_or_sync_fifo.gl0.rd/rpntr/gc0.count_d1_reg[3]/CLR
  -------------------------------------------------------------------    -------------------

                         (clock clk_pl_0 rise edge)
                                                     10.000    10.000 r  
    PS8_X0Y0             PS8                          0.000    10.000 r  design_1_i/zynq_ultra_ps_e_0/inst/PS8_i/PLCLK[0]
                         net (fo=1, routed)           0.105    10.105    design_1_i/zynq_ultra_ps_e_0/inst/pl_clk_unbuffered[0]
    BUFG_PS_X0Y58        BUFG_PS (Prop_BUFG_PS_I_O)
                                                      0.025    10.130 r  design_1_i/zynq_ultra_ps_e_0/inst/buffer_pl_clk_0.PL_CLK_0_BUFG/O
    X1Y3 (CLOCK_ROOT)    net (fo=41467, routed)       1.586    11.716    design_1_i/ps8_0_axi_periph/s01_couplers/auto_ds/inst/gen_downsizer.gen_simple_downsizer.axi_downsizer_inst/USE_WRITE.write_addr_inst/USE_B_CHANNEL.cmd_b_queue/inst/fifo_gen_inst/inst_fifo_gen/gconvfifo.rf/grf.rf/gntv_or_sync_fifo.gl0.rd/rpntr/clk
    SLICE_X42Y108        FDCE                                         r  design_1_i/ps8_0_axi_periph/s01_couplers/auto_ds/inst/gen_downsizer.gen_simple_downsizer.axi_downsizer_inst/USE_WRITE.write_addr_inst/USE_B_CHANNEL.cmd_b_queue/inst/fifo_gen_inst/inst_fifo_gen/gconvfifo.rf/grf.rf/gntv_or_sync_fifo.gl0.rd/rpntr/gc0.count_d1_reg[3]/C
                         clock pessimism              0.163    11.878    
                         clock uncertainty           -0.130    11.749    
    SLICE_X42Y108        FDCE (Recov_EFF_SLICEL_C_CLR)
                                                     -0.066    11.683    design_1_i/ps8_0_axi_periph/s01_couplers/auto_ds/inst/gen_downsizer.gen_simple_downsizer.axi_downsizer_inst/USE_WRITE.write_addr_inst/USE_B_CHANNEL.cmd_b_queue/inst/fifo_gen_inst/inst_fifo_gen/gconvfifo.rf/grf.rf/gntv_or_sync_fifo.gl0.rd/rpntr/gc0.count_d1_reg[3]
  -------------------------------------------------------------------
                         required time                         11.683    
                         arrival time                          -3.118    
  -------------------------------------------------------------------
                         slack                                  8.564    

Slack (MET) :             8.564ns  (required time - arrival time)
  Source:                 design_1_i/ps8_0_axi_periph/s01_couplers/auto_ds/inst/gen_downsizer.gen_simple_downsizer.axi_downsizer_inst/USE_WRITE.write_addr_inst/USE_B_CHANNEL.cmd_b_queue/inst/fifo_gen_inst/inst_fifo_gen/gconvfifo.rf/grf.rf/rstblk/ngwrdrst.grst.g7serrst.gnsckt_wrst.gcc_rst.sckt_wr_rst_cc_reg[1]/C
                            (rising edge-triggered cell FDRE clocked by clk_pl_0  {rise@0.000ns fall@5.000ns period=10.000ns})
  Destination:            design_1_i/ps8_0_axi_periph/s01_couplers/auto_ds/inst/gen_downsizer.gen_simple_downsizer.axi_downsizer_inst/USE_WRITE.write_addr_inst/USE_B_CHANNEL.cmd_b_queue/inst/fifo_gen_inst/inst_fifo_gen/gconvfifo.rf/grf.rf/gntv_or_sync_fifo.gl0.wr/gwss.wsts/ram_full_fb_i_reg/CLR
                            (recovery check against rising-edge clock clk_pl_0  {rise@0.000ns fall@5.000ns period=10.000ns})
  Path Group:             **async_default**
  Path Type:              Recovery (Max at Slow Process Corner)
  Requirement:            10.000ns  (clk_pl_0 rise@10.000ns - clk_pl_0 rise@0.000ns)
  Data Path Delay:        1.166ns  (logic 0.230ns (19.717%)  route 0.936ns (80.283%))
  Logic Levels:           1  (LUT3=1)
  Clock Path Skew:        -0.074ns (DCD - SCD + CPR)
    Destination Clock Delay (DCD):    1.716ns = ( 11.716 - 10.000 ) 
    Source Clock Delay      (SCD):    1.952ns
    Clock Pessimism Removal (CPR):    0.163ns
  Clock Uncertainty:      0.130ns  ((TSJ^2 + DJ^2)^1/2) / 2 + PE
    Total System Jitter     (TSJ):    0.071ns
    Discrete Jitter          (DJ):    0.250ns
    Phase Error              (PE):    0.000ns
  Clock Net Delay (Source):      1.789ns (routing 0.404ns, distribution 1.385ns)
  Clock Net Delay (Destination): 1.586ns (routing 0.363ns, distribution 1.223ns)

    Location             Delay type                Incr(ns)  Path(ns)    Netlist Resource(s)
  -------------------------------------------------------------------    -------------------
                         (clock clk_pl_0 rise edge)
                                                      0.000     0.000 r  
    PS8_X0Y0             PS8                          0.000     0.000 r  design_1_i/zynq_ultra_ps_e_0/inst/PS8_i/PLCLK[0]
                         net (fo=1, routed)           0.135     0.135    design_1_i/zynq_ultra_ps_e_0/inst/pl_clk_unbuffered[0]
    BUFG_PS_X0Y58        BUFG_PS (Prop_BUFG_PS_I_O)
                                                      0.028     0.163 r  design_1_i/zynq_ultra_ps_e_0/inst/buffer_pl_clk_0.PL_CLK_0_BUFG/O
    X1Y3 (CLOCK_ROOT)    net (fo=41467, routed)       1.789     1.952    design_1_i/ps8_0_axi_periph/s01_couplers/auto_ds/inst/gen_downsizer.gen_simple_downsizer.axi_downsizer_inst/USE_WRITE.write_addr_inst/USE_B_CHANNEL.cmd_b_queue/inst/fifo_gen_inst/inst_fifo_gen/gconvfifo.rf/grf.rf/rstblk/clk
    SLICE_X39Y107        FDRE                                         r  design_1_i/ps8_0_axi_periph/s01_couplers/auto_ds/inst/gen_downsizer.gen_simple_downsizer.axi_downsizer_inst/USE_WRITE.write_addr_inst/USE_B_CHANNEL.cmd_b_queue/inst/fifo_gen_inst/inst_fifo_gen/gconvfifo.rf/grf.rf/rstblk/ngwrdrst.grst.g7serrst.gnsckt_wrst.gcc_rst.sckt_wr_rst_cc_reg[1]/C
  -------------------------------------------------------------------    -------------------
    SLICE_X39Y107        FDRE (Prop_GFF2_SLICEL_C_Q)
                                                      0.081     2.033 f  design_1_i/ps8_0_axi_periph/s01_couplers/auto_ds/inst/gen_downsizer.gen_simple_downsizer.axi_downsizer_inst/USE_WRITE.write_addr_inst/USE_B_CHANNEL.cmd_b_queue/inst/fifo_gen_inst/inst_fifo_gen/gconvfifo.rf/grf.rf/rstblk/ngwrdrst.grst.g7serrst.gnsckt_wrst.gcc_rst.sckt_wr_rst_cc_reg[1]/Q
                         net (fo=2, routed)           0.298     2.331    design_1_i/ps8_0_axi_periph/s01_couplers/auto_ds/inst/gen_downsizer.gen_simple_downsizer.axi_downsizer_inst/USE_WRITE.write_addr_inst/USE_B_CHANNEL.cmd_b_queue/inst/fifo_gen_inst/inst_fifo_gen/gconvfifo.rf/grf.rf/rstblk/ngwrdrst.grst.g7serrst.gnsckt_wrst.gcc_rst.sckt_wr_rst_cc[1]
    SLICE_X39Y107        LUT3 (Prop_G6LUT_SLICEL_I0_O)
                                                      0.149     2.480 f  design_1_i/ps8_0_axi_periph/s01_couplers/auto_ds/inst/gen_downsizer.gen_simple_downsizer.axi_downsizer_inst/USE_WRITE.write_addr_inst/USE_B_CHANNEL.cmd_b_queue/inst/fifo_gen_inst/inst_fifo_gen/gconvfifo.rf/grf.rf/rstblk/gpregsm1.curr_fwft_state[1]_i_2/O
                         net (fo=32, routed)          0.638     3.118    design_1_i/ps8_0_axi_periph/s01_couplers/auto_ds/inst/gen_downsizer.gen_simple_downsizer.axi_downsizer_inst/USE_WRITE.write_addr_inst/USE_B_CHANNEL.cmd_b_queue/inst/fifo_gen_inst/inst_fifo_gen/gconvfifo.rf/grf.rf/gntv_or_sync_fifo.gl0.wr/gwss.wsts/AR[0]
    SLICE_X42Y108        FDCE                                         f  design_1_i/ps8_0_axi_periph/s01_couplers/auto_ds/inst/gen_downsizer.gen_simple_downsizer.axi_downsizer_inst/USE_WRITE.write_addr_inst/USE_B_CHANNEL.cmd_b_queue/inst/fifo_gen_inst/inst_fifo_gen/gconvfifo.rf/grf.rf/gntv_or_sync_fifo.gl0.wr/gwss.wsts/ram_full_fb_i_reg/CLR
  -------------------------------------------------------------------    -------------------

                         (clock clk_pl_0 rise edge)
                                                     10.000    10.000 r  
    PS8_X0Y0             PS8                          0.000    10.000 r  design_1_i/zynq_ultra_ps_e_0/inst/PS8_i/PLCLK[0]
                         net (fo=1, routed)           0.105    10.105    design_1_i/zynq_ultra_ps_e_0/inst/pl_clk_unbuffered[0]
    BUFG_PS_X0Y58        BUFG_PS (Prop_BUFG_PS_I_O)
                                                      0.025    10.130 r  design_1_i/zynq_ultra_ps_e_0/inst/buffer_pl_clk_0.PL_CLK_0_BUFG/O
    X1Y3 (CLOCK_ROOT)    net (fo=41467, routed)       1.586    11.716    design_1_i/ps8_0_axi_periph/s01_couplers/auto_ds/inst/gen_downsizer.gen_simple_downsizer.axi_downsizer_inst/USE_WRITE.write_addr_inst/USE_B_CHANNEL.cmd_b_queue/inst/fifo_gen_inst/inst_fifo_gen/gconvfifo.rf/grf.rf/gntv_or_sync_fifo.gl0.wr/gwss.wsts/clk
    SLICE_X42Y108        FDCE                                         r  design_1_i/ps8_0_axi_periph/s01_couplers/auto_ds/inst/gen_downsizer.gen_simple_downsizer.axi_downsizer_inst/USE_WRITE.write_addr_inst/USE_B_CHANNEL.cmd_b_queue/inst/fifo_gen_inst/inst_fifo_gen/gconvfifo.rf/grf.rf/gntv_or_sync_fifo.gl0.wr/gwss.wsts/ram_full_fb_i_reg/C
                         clock pessimism              0.163    11.878    
                         clock uncertainty           -0.130    11.749    
    SLICE_X42Y108        FDCE (Recov_HFF2_SLICEL_C_CLR)
                                                     -0.066    11.683    design_1_i/ps8_0_axi_periph/s01_couplers/auto_ds/inst/gen_downsizer.gen_simple_downsizer.axi_downsizer_inst/USE_WRITE.write_addr_inst/USE_B_CHANNEL.cmd_b_queue/inst/fifo_gen_inst/inst_fifo_gen/gconvfifo.rf/grf.rf/gntv_or_sync_fifo.gl0.wr/gwss.wsts/ram_full_fb_i_reg
  -------------------------------------------------------------------
                         required time                         11.683    
                         arrival time                          -3.118    
  -------------------------------------------------------------------
                         slack                                  8.564    

Slack (MET) :             8.564ns  (required time - arrival time)
  Source:                 design_1_i/ps8_0_axi_periph/s01_couplers/auto_ds/inst/gen_downsizer.gen_simple_downsizer.axi_downsizer_inst/USE_WRITE.write_addr_inst/USE_B_CHANNEL.cmd_b_queue/inst/fifo_gen_inst/inst_fifo_gen/gconvfifo.rf/grf.rf/rstblk/ngwrdrst.grst.g7serrst.gnsckt_wrst.gcc_rst.sckt_wr_rst_cc_reg[1]/C
                            (rising edge-triggered cell FDRE clocked by clk_pl_0  {rise@0.000ns fall@5.000ns period=10.000ns})
  Destination:            design_1_i/ps8_0_axi_periph/s01_couplers/auto_ds/inst/gen_downsizer.gen_simple_downsizer.axi_downsizer_inst/USE_WRITE.write_addr_inst/USE_B_CHANNEL.cmd_b_queue/inst/fifo_gen_inst/inst_fifo_gen/gconvfifo.rf/grf.rf/gntv_or_sync_fifo.gl0.wr/gwss.wsts/ram_full_i_reg/CLR
                            (recovery check against rising-edge clock clk_pl_0  {rise@0.000ns fall@5.000ns period=10.000ns})
  Path Group:             **async_default**
  Path Type:              Recovery (Max at Slow Process Corner)
  Requirement:            10.000ns  (clk_pl_0 rise@10.000ns - clk_pl_0 rise@0.000ns)
  Data Path Delay:        1.166ns  (logic 0.230ns (19.717%)  route 0.936ns (80.283%))
  Logic Levels:           1  (LUT3=1)
  Clock Path Skew:        -0.074ns (DCD - SCD + CPR)
    Destination Clock Delay (DCD):    1.716ns = ( 11.716 - 10.000 ) 
    Source Clock Delay      (SCD):    1.952ns
    Clock Pessimism Removal (CPR):    0.163ns
  Clock Uncertainty:      0.130ns  ((TSJ^2 + DJ^2)^1/2) / 2 + PE
    Total System Jitter     (TSJ):    0.071ns
    Discrete Jitter          (DJ):    0.250ns
    Phase Error              (PE):    0.000ns
  Clock Net Delay (Source):      1.789ns (routing 0.404ns, distribution 1.385ns)
  Clock Net Delay (Destination): 1.586ns (routing 0.363ns, distribution 1.223ns)

    Location             Delay type                Incr(ns)  Path(ns)    Netlist Resource(s)
  -------------------------------------------------------------------    -------------------
                         (clock clk_pl_0 rise edge)
                                                      0.000     0.000 r  
    PS8_X0Y0             PS8                          0.000     0.000 r  design_1_i/zynq_ultra_ps_e_0/inst/PS8_i/PLCLK[0]
                         net (fo=1, routed)           0.135     0.135    design_1_i/zynq_ultra_ps_e_0/inst/pl_clk_unbuffered[0]
    BUFG_PS_X0Y58        BUFG_PS (Prop_BUFG_PS_I_O)
                                                      0.028     0.163 r  design_1_i/zynq_ultra_ps_e_0/inst/buffer_pl_clk_0.PL_CLK_0_BUFG/O
    X1Y3 (CLOCK_ROOT)    net (fo=41467, routed)       1.789     1.952    design_1_i/ps8_0_axi_periph/s01_couplers/auto_ds/inst/gen_downsizer.gen_simple_downsizer.axi_downsizer_inst/USE_WRITE.write_addr_inst/USE_B_CHANNEL.cmd_b_queue/inst/fifo_gen_inst/inst_fifo_gen/gconvfifo.rf/grf.rf/rstblk/clk
    SLICE_X39Y107        FDRE                                         r  design_1_i/ps8_0_axi_periph/s01_couplers/auto_ds/inst/gen_downsizer.gen_simple_downsizer.axi_downsizer_inst/USE_WRITE.write_addr_inst/USE_B_CHANNEL.cmd_b_queue/inst/fifo_gen_inst/inst_fifo_gen/gconvfifo.rf/grf.rf/rstblk/ngwrdrst.grst.g7serrst.gnsckt_wrst.gcc_rst.sckt_wr_rst_cc_reg[1]/C
  -------------------------------------------------------------------    -------------------
    SLICE_X39Y107        FDRE (Prop_GFF2_SLICEL_C_Q)
                                                      0.081     2.033 f  design_1_i/ps8_0_axi_periph/s01_couplers/auto_ds/inst/gen_downsizer.gen_simple_downsizer.axi_downsizer_inst/USE_WRITE.write_addr_inst/USE_B_CHANNEL.cmd_b_queue/inst/fifo_gen_inst/inst_fifo_gen/gconvfifo.rf/grf.rf/rstblk/ngwrdrst.grst.g7serrst.gnsckt_wrst.gcc_rst.sckt_wr_rst_cc_reg[1]/Q
                         net (fo=2, routed)           0.298     2.331    design_1_i/ps8_0_axi_periph/s01_couplers/auto_ds/inst/gen_downsizer.gen_simple_downsizer.axi_downsizer_inst/USE_WRITE.write_addr_inst/USE_B_CHANNEL.cmd_b_queue/inst/fifo_gen_inst/inst_fifo_gen/gconvfifo.rf/grf.rf/rstblk/ngwrdrst.grst.g7serrst.gnsckt_wrst.gcc_rst.sckt_wr_rst_cc[1]
    SLICE_X39Y107        LUT3 (Prop_G6LUT_SLICEL_I0_O)
                                                      0.149     2.480 f  design_1_i/ps8_0_axi_periph/s01_couplers/auto_ds/inst/gen_downsizer.gen_simple_downsizer.axi_downsizer_inst/USE_WRITE.write_addr_inst/USE_B_CHANNEL.cmd_b_queue/inst/fifo_gen_inst/inst_fifo_gen/gconvfifo.rf/grf.rf/rstblk/gpregsm1.curr_fwft_state[1]_i_2/O
                         net (fo=32, routed)          0.638     3.118    design_1_i/ps8_0_axi_periph/s01_couplers/auto_ds/inst/gen_downsizer.gen_simple_downsizer.axi_downsizer_inst/USE_WRITE.write_addr_inst/USE_B_CHANNEL.cmd_b_queue/inst/fifo_gen_inst/inst_fifo_gen/gconvfifo.rf/grf.rf/gntv_or_sync_fifo.gl0.wr/gwss.wsts/AR[0]
    SLICE_X42Y108        FDCE                                         f  design_1_i/ps8_0_axi_periph/s01_couplers/auto_ds/inst/gen_downsizer.gen_simple_downsizer.axi_downsizer_inst/USE_WRITE.write_addr_inst/USE_B_CHANNEL.cmd_b_queue/inst/fifo_gen_inst/inst_fifo_gen/gconvfifo.rf/grf.rf/gntv_or_sync_fifo.gl0.wr/gwss.wsts/ram_full_i_reg/CLR
  -------------------------------------------------------------------    -------------------

                         (clock clk_pl_0 rise edge)
                                                     10.000    10.000 r  
    PS8_X0Y0             PS8                          0.000    10.000 r  design_1_i/zynq_ultra_ps_e_0/inst/PS8_i/PLCLK[0]
                         net (fo=1, routed)           0.105    10.105    design_1_i/zynq_ultra_ps_e_0/inst/pl_clk_unbuffered[0]
    BUFG_PS_X0Y58        BUFG_PS (Prop_BUFG_PS_I_O)
                                                      0.025    10.130 r  design_1_i/zynq_ultra_ps_e_0/inst/buffer_pl_clk_0.PL_CLK_0_BUFG/O
    X1Y3 (CLOCK_ROOT)    net (fo=41467, routed)       1.586    11.716    design_1_i/ps8_0_axi_periph/s01_couplers/auto_ds/inst/gen_downsizer.gen_simple_downsizer.axi_downsizer_inst/USE_WRITE.write_addr_inst/USE_B_CHANNEL.cmd_b_queue/inst/fifo_gen_inst/inst_fifo_gen/gconvfifo.rf/grf.rf/gntv_or_sync_fifo.gl0.wr/gwss.wsts/clk
    SLICE_X42Y108        FDCE                                         r  design_1_i/ps8_0_axi_periph/s01_couplers/auto_ds/inst/gen_downsizer.gen_simple_downsizer.axi_downsizer_inst/USE_WRITE.write_addr_inst/USE_B_CHANNEL.cmd_b_queue/inst/fifo_gen_inst/inst_fifo_gen/gconvfifo.rf/grf.rf/gntv_or_sync_fifo.gl0.wr/gwss.wsts/ram_full_i_reg/C
                         clock pessimism              0.163    11.878    
                         clock uncertainty           -0.130    11.749    
    SLICE_X42Y108        FDCE (Recov_GFF2_SLICEL_C_CLR)
                                                     -0.066    11.683    design_1_i/ps8_0_axi_periph/s01_couplers/auto_ds/inst/gen_downsizer.gen_simple_downsizer.axi_downsizer_inst/USE_WRITE.write_addr_inst/USE_B_CHANNEL.cmd_b_queue/inst/fifo_gen_inst/inst_fifo_gen/gconvfifo.rf/grf.rf/gntv_or_sync_fifo.gl0.wr/gwss.wsts/ram_full_i_reg
  -------------------------------------------------------------------
                         required time                         11.683    
                         arrival time                          -3.118    
  -------------------------------------------------------------------
                         slack                                  8.564    

Slack (MET) :             8.674ns  (required time - arrival time)
  Source:                 design_1_i/ps8_0_axi_periph/s01_couplers/auto_ds/inst/gen_downsizer.gen_simple_downsizer.axi_downsizer_inst/USE_WRITE.write_addr_inst/USE_B_CHANNEL.cmd_b_queue/inst/fifo_gen_inst/inst_fifo_gen/gconvfifo.rf/grf.rf/rstblk/ngwrdrst.grst.g7serrst.gnsckt_wrst.gcc_rst.sckt_wr_rst_cc_reg[1]/C
                            (rising edge-triggered cell FDRE clocked by clk_pl_0  {rise@0.000ns fall@5.000ns period=10.000ns})
  Destination:            design_1_i/ps8_0_axi_periph/s01_couplers/auto_ds/inst/gen_downsizer.gen_simple_downsizer.axi_downsizer_inst/USE_WRITE.write_addr_inst/USE_B_CHANNEL.cmd_b_queue/inst/fifo_gen_inst/inst_fifo_gen/gconvfifo.rf/grf.rf/gntv_or_sync_fifo.gl0.rd/rpntr/gc0.count_reg[0]/PRE
                            (recovery check against rising-edge clock clk_pl_0  {rise@0.000ns fall@5.000ns period=10.000ns})
  Path Group:             **async_default**
  Path Type:              Recovery (Max at Slow Process Corner)
  Requirement:            10.000ns  (clk_pl_0 rise@10.000ns - clk_pl_0 rise@0.000ns)
  Data Path Delay:        1.044ns  (logic 0.230ns (22.039%)  route 0.814ns (77.961%))
  Logic Levels:           1  (LUT3=1)
  Clock Path Skew:        -0.086ns (DCD - SCD + CPR)
    Destination Clock Delay (DCD):    1.703ns = ( 11.703 - 10.000 ) 
    Source Clock Delay      (SCD):    1.952ns
    Clock Pessimism Removal (CPR):    0.163ns
  Clock Uncertainty:      0.130ns  ((TSJ^2 + DJ^2)^1/2) / 2 + PE
    Total System Jitter     (TSJ):    0.071ns
    Discrete Jitter          (DJ):    0.250ns
    Phase Error              (PE):    0.000ns
  Clock Net Delay (Source):      1.789ns (routing 0.404ns, distribution 1.385ns)
  Clock Net Delay (Destination): 1.573ns (routing 0.363ns, distribution 1.210ns)

    Location             Delay type                Incr(ns)  Path(ns)    Netlist Resource(s)
  -------------------------------------------------------------------    -------------------
                         (clock clk_pl_0 rise edge)
                                                      0.000     0.000 r  
    PS8_X0Y0             PS8                          0.000     0.000 r  design_1_i/zynq_ultra_ps_e_0/inst/PS8_i/PLCLK[0]
                         net (fo=1, routed)           0.135     0.135    design_1_i/zynq_ultra_ps_e_0/inst/pl_clk_unbuffered[0]
    BUFG_PS_X0Y58        BUFG_PS (Prop_BUFG_PS_I_O)
                                                      0.028     0.163 r  design_1_i/zynq_ultra_ps_e_0/inst/buffer_pl_clk_0.PL_CLK_0_BUFG/O
    X1Y3 (CLOCK_ROOT)    net (fo=41467, routed)       1.789     1.952    design_1_i/ps8_0_axi_periph/s01_couplers/auto_ds/inst/gen_downsizer.gen_simple_downsizer.axi_downsizer_inst/USE_WRITE.write_addr_inst/USE_B_CHANNEL.cmd_b_queue/inst/fifo_gen_inst/inst_fifo_gen/gconvfifo.rf/grf.rf/rstblk/clk
    SLICE_X39Y107        FDRE                                         r  design_1_i/ps8_0_axi_periph/s01_couplers/auto_ds/inst/gen_downsizer.gen_simple_downsizer.axi_downsizer_inst/USE_WRITE.write_addr_inst/USE_B_CHANNEL.cmd_b_queue/inst/fifo_gen_inst/inst_fifo_gen/gconvfifo.rf/grf.rf/rstblk/ngwrdrst.grst.g7serrst.gnsckt_wrst.gcc_rst.sckt_wr_rst_cc_reg[1]/C
  -------------------------------------------------------------------    -------------------
    SLICE_X39Y107        FDRE (Prop_GFF2_SLICEL_C_Q)
                                                      0.081     2.033 f  design_1_i/ps8_0_axi_periph/s01_couplers/auto_ds/inst/gen_downsizer.gen_simple_downsizer.axi_downsizer_inst/USE_WRITE.write_addr_inst/USE_B_CHANNEL.cmd_b_queue/inst/fifo_gen_inst/inst_fifo_gen/gconvfifo.rf/grf.rf/rstblk/ngwrdrst.grst.g7serrst.gnsckt_wrst.gcc_rst.sckt_wr_rst_cc_reg[1]/Q
                         net (fo=2, routed)           0.298     2.331    design_1_i/ps8_0_axi_periph/s01_couplers/auto_ds/inst/gen_downsizer.gen_simple_downsizer.axi_downsizer_inst/USE_WRITE.write_addr_inst/USE_B_CHANNEL.cmd_b_queue/inst/fifo_gen_inst/inst_fifo_gen/gconvfifo.rf/grf.rf/rstblk/ngwrdrst.grst.g7serrst.gnsckt_wrst.gcc_rst.sckt_wr_rst_cc[1]
    SLICE_X39Y107        LUT3 (Prop_G6LUT_SLICEL_I0_O)
                                                      0.149     2.480 f  design_1_i/ps8_0_axi_periph/s01_couplers/auto_ds/inst/gen_downsizer.gen_simple_downsizer.axi_downsizer_inst/USE_WRITE.write_addr_inst/USE_B_CHANNEL.cmd_b_queue/inst/fifo_gen_inst/inst_fifo_gen/gconvfifo.rf/grf.rf/rstblk/gpregsm1.curr_fwft_state[1]_i_2/O
                         net (fo=32, routed)          0.515     2.996    design_1_i/ps8_0_axi_periph/s01_couplers/auto_ds/inst/gen_downsizer.gen_simple_downsizer.axi_downsizer_inst/USE_WRITE.write_addr_inst/USE_B_CHANNEL.cmd_b_queue/inst/fifo_gen_inst/inst_fifo_gen/gconvfifo.rf/grf.rf/gntv_or_sync_fifo.gl0.rd/rpntr/gc0.count_d1_reg[4]_1
    SLICE_X43Y108        FDPE                                         f  design_1_i/ps8_0_axi_periph/s01_couplers/auto_ds/inst/gen_downsizer.gen_simple_downsizer.axi_downsizer_inst/USE_WRITE.write_addr_inst/USE_B_CHANNEL.cmd_b_queue/inst/fifo_gen_inst/inst_fifo_gen/gconvfifo.rf/grf.rf/gntv_or_sync_fifo.gl0.rd/rpntr/gc0.count_reg[0]/PRE
  -------------------------------------------------------------------    -------------------

                         (clock clk_pl_0 rise edge)
                                                     10.000    10.000 r  
    PS8_X0Y0             PS8                          0.000    10.000 r  design_1_i/zynq_ultra_ps_e_0/inst/PS8_i/PLCLK[0]
                         net (fo=1, routed)           0.105    10.105    design_1_i/zynq_ultra_ps_e_0/inst/pl_clk_unbuffered[0]
    BUFG_PS_X0Y58        BUFG_PS (Prop_BUFG_PS_I_O)
                                                      0.025    10.130 r  design_1_i/zynq_ultra_ps_e_0/inst/buffer_pl_clk_0.PL_CLK_0_BUFG/O
    X1Y3 (CLOCK_ROOT)    net (fo=41467, routed)       1.573    11.703    design_1_i/ps8_0_axi_periph/s01_couplers/auto_ds/inst/gen_downsizer.gen_simple_downsizer.axi_downsizer_inst/USE_WRITE.write_addr_inst/USE_B_CHANNEL.cmd_b_queue/inst/fifo_gen_inst/inst_fifo_gen/gconvfifo.rf/grf.rf/gntv_or_sync_fifo.gl0.rd/rpntr/clk
    SLICE_X43Y108        FDPE                                         r  design_1_i/ps8_0_axi_periph/s01_couplers/auto_ds/inst/gen_downsizer.gen_simple_downsizer.axi_downsizer_inst/USE_WRITE.write_addr_inst/USE_B_CHANNEL.cmd_b_queue/inst/fifo_gen_inst/inst_fifo_gen/gconvfifo.rf/grf.rf/gntv_or_sync_fifo.gl0.rd/rpntr/gc0.count_reg[0]/C
                         clock pessimism              0.163    11.866    
                         clock uncertainty           -0.130    11.736    
    SLICE_X43Y108        FDPE (Recov_BFF2_SLICEM_C_PRE)
                                                     -0.066    11.670    design_1_i/ps8_0_axi_periph/s01_couplers/auto_ds/inst/gen_downsizer.gen_simple_downsizer.axi_downsizer_inst/USE_WRITE.write_addr_inst/USE_B_CHANNEL.cmd_b_queue/inst/fifo_gen_inst/inst_fifo_gen/gconvfifo.rf/grf.rf/gntv_or_sync_fifo.gl0.rd/rpntr/gc0.count_reg[0]
  -------------------------------------------------------------------
                         required time                         11.670    
                         arrival time                          -2.996    
  -------------------------------------------------------------------
                         slack                                  8.674    

Slack (MET) :             8.674ns  (required time - arrival time)
  Source:                 design_1_i/ps8_0_axi_periph/s01_couplers/auto_ds/inst/gen_downsizer.gen_simple_downsizer.axi_downsizer_inst/USE_WRITE.write_addr_inst/USE_B_CHANNEL.cmd_b_queue/inst/fifo_gen_inst/inst_fifo_gen/gconvfifo.rf/grf.rf/rstblk/ngwrdrst.grst.g7serrst.gnsckt_wrst.gcc_rst.sckt_wr_rst_cc_reg[1]/C
                            (rising edge-triggered cell FDRE clocked by clk_pl_0  {rise@0.000ns fall@5.000ns period=10.000ns})
  Destination:            design_1_i/ps8_0_axi_periph/s01_couplers/auto_ds/inst/gen_downsizer.gen_simple_downsizer.axi_downsizer_inst/USE_WRITE.write_addr_inst/USE_B_CHANNEL.cmd_b_queue/inst/fifo_gen_inst/inst_fifo_gen/gconvfifo.rf/grf.rf/gntv_or_sync_fifo.gl0.rd/rpntr/gc0.count_reg[1]/CLR
                            (recovery check against rising-edge clock clk_pl_0  {rise@0.000ns fall@5.000ns period=10.000ns})
  Path Group:             **async_default**
  Path Type:              Recovery (Max at Slow Process Corner)
  Requirement:            10.000ns  (clk_pl_0 rise@10.000ns - clk_pl_0 rise@0.000ns)
  Data Path Delay:        1.044ns  (logic 0.230ns (22.039%)  route 0.814ns (77.961%))
  Logic Levels:           1  (LUT3=1)
  Clock Path Skew:        -0.086ns (DCD - SCD + CPR)
    Destination Clock Delay (DCD):    1.703ns = ( 11.703 - 10.000 ) 
    Source Clock Delay      (SCD):    1.952ns
    Clock Pessimism Removal (CPR):    0.163ns
  Clock Uncertainty:      0.130ns  ((TSJ^2 + DJ^2)^1/2) / 2 + PE
    Total System Jitter     (TSJ):    0.071ns
    Discrete Jitter          (DJ):    0.250ns
    Phase Error              (PE):    0.000ns
  Clock Net Delay (Source):      1.789ns (routing 0.404ns, distribution 1.385ns)
  Clock Net Delay (Destination): 1.573ns (routing 0.363ns, distribution 1.210ns)

    Location             Delay type                Incr(ns)  Path(ns)    Netlist Resource(s)
  -------------------------------------------------------------------    -------------------
                         (clock clk_pl_0 rise edge)
                                                      0.000     0.000 r  
    PS8_X0Y0             PS8                          0.000     0.000 r  design_1_i/zynq_ultra_ps_e_0/inst/PS8_i/PLCLK[0]
                         net (fo=1, routed)           0.135     0.135    design_1_i/zynq_ultra_ps_e_0/inst/pl_clk_unbuffered[0]
    BUFG_PS_X0Y58        BUFG_PS (Prop_BUFG_PS_I_O)
                                                      0.028     0.163 r  design_1_i/zynq_ultra_ps_e_0/inst/buffer_pl_clk_0.PL_CLK_0_BUFG/O
    X1Y3 (CLOCK_ROOT)    net (fo=41467, routed)       1.789     1.952    design_1_i/ps8_0_axi_periph/s01_couplers/auto_ds/inst/gen_downsizer.gen_simple_downsizer.axi_downsizer_inst/USE_WRITE.write_addr_inst/USE_B_CHANNEL.cmd_b_queue/inst/fifo_gen_inst/inst_fifo_gen/gconvfifo.rf/grf.rf/rstblk/clk
    SLICE_X39Y107        FDRE                                         r  design_1_i/ps8_0_axi_periph/s01_couplers/auto_ds/inst/gen_downsizer.gen_simple_downsizer.axi_downsizer_inst/USE_WRITE.write_addr_inst/USE_B_CHANNEL.cmd_b_queue/inst/fifo_gen_inst/inst_fifo_gen/gconvfifo.rf/grf.rf/rstblk/ngwrdrst.grst.g7serrst.gnsckt_wrst.gcc_rst.sckt_wr_rst_cc_reg[1]/C
  -------------------------------------------------------------------    -------------------
    SLICE_X39Y107        FDRE (Prop_GFF2_SLICEL_C_Q)
                                                      0.081     2.033 f  design_1_i/ps8_0_axi_periph/s01_couplers/auto_ds/inst/gen_downsizer.gen_simple_downsizer.axi_downsizer_inst/USE_WRITE.write_addr_inst/USE_B_CHANNEL.cmd_b_queue/inst/fifo_gen_inst/inst_fifo_gen/gconvfifo.rf/grf.rf/rstblk/ngwrdrst.grst.g7serrst.gnsckt_wrst.gcc_rst.sckt_wr_rst_cc_reg[1]/Q
                         net (fo=2, routed)           0.298     2.331    design_1_i/ps8_0_axi_periph/s01_couplers/auto_ds/inst/gen_downsizer.gen_simple_downsizer.axi_downsizer_inst/USE_WRITE.write_addr_inst/USE_B_CHANNEL.cmd_b_queue/inst/fifo_gen_inst/inst_fifo_gen/gconvfifo.rf/grf.rf/rstblk/ngwrdrst.grst.g7serrst.gnsckt_wrst.gcc_rst.sckt_wr_rst_cc[1]
    SLICE_X39Y107        LUT3 (Prop_G6LUT_SLICEL_I0_O)
                                                      0.149     2.480 f  design_1_i/ps8_0_axi_periph/s01_couplers/auto_ds/inst/gen_downsizer.gen_simple_downsizer.axi_downsizer_inst/USE_WRITE.write_addr_inst/USE_B_CHANNEL.cmd_b_queue/inst/fifo_gen_inst/inst_fifo_gen/gconvfifo.rf/grf.rf/rstblk/gpregsm1.curr_fwft_state[1]_i_2/O
                         net (fo=32, routed)          0.515     2.996    design_1_i/ps8_0_axi_periph/s01_couplers/auto_ds/inst/gen_downsizer.gen_simple_downsizer.axi_downsizer_inst/USE_WRITE.write_addr_inst/USE_B_CHANNEL.cmd_b_queue/inst/fifo_gen_inst/inst_fifo_gen/gconvfifo.rf/grf.rf/gntv_or_sync_fifo.gl0.rd/rpntr/gc0.count_d1_reg[4]_1
    SLICE_X43Y108        FDCE                                         f  design_1_i/ps8_0_axi_periph/s01_couplers/auto_ds/inst/gen_downsizer.gen_simple_downsizer.axi_downsizer_inst/USE_WRITE.write_addr_inst/USE_B_CHANNEL.cmd_b_queue/inst/fifo_gen_inst/inst_fifo_gen/gconvfifo.rf/grf.rf/gntv_or_sync_fifo.gl0.rd/rpntr/gc0.count_reg[1]/CLR
  -------------------------------------------------------------------    -------------------

                         (clock clk_pl_0 rise edge)
                                                     10.000    10.000 r  
    PS8_X0Y0             PS8                          0.000    10.000 r  design_1_i/zynq_ultra_ps_e_0/inst/PS8_i/PLCLK[0]
                         net (fo=1, routed)           0.105    10.105    design_1_i/zynq_ultra_ps_e_0/inst/pl_clk_unbuffered[0]
    BUFG_PS_X0Y58        BUFG_PS (Prop_BUFG_PS_I_O)
                                                      0.025    10.130 r  design_1_i/zynq_ultra_ps_e_0/inst/buffer_pl_clk_0.PL_CLK_0_BUFG/O
    X1Y3 (CLOCK_ROOT)    net (fo=41467, routed)       1.573    11.703    design_1_i/ps8_0_axi_periph/s01_couplers/auto_ds/inst/gen_downsizer.gen_simple_downsizer.axi_downsizer_inst/USE_WRITE.write_addr_inst/USE_B_CHANNEL.cmd_b_queue/inst/fifo_gen_inst/inst_fifo_gen/gconvfifo.rf/grf.rf/gntv_or_sync_fifo.gl0.rd/rpntr/clk
    SLICE_X43Y108        FDCE                                         r  design_1_i/ps8_0_axi_periph/s01_couplers/auto_ds/inst/gen_downsizer.gen_simple_downsizer.axi_downsizer_inst/USE_WRITE.write_addr_inst/USE_B_CHANNEL.cmd_b_queue/inst/fifo_gen_inst/inst_fifo_gen/gconvfifo.rf/grf.rf/gntv_or_sync_fifo.gl0.rd/rpntr/gc0.count_reg[1]/C
                         clock pessimism              0.163    11.866    
                         clock uncertainty           -0.130    11.736    
    SLICE_X43Y108        FDCE (Recov_DFF_SLICEM_C_CLR)
                                                     -0.066    11.670    design_1_i/ps8_0_axi_periph/s01_couplers/auto_ds/inst/gen_downsizer.gen_simple_downsizer.axi_downsizer_inst/USE_WRITE.write_addr_inst/USE_B_CHANNEL.cmd_b_queue/inst/fifo_gen_inst/inst_fifo_gen/gconvfifo.rf/grf.rf/gntv_or_sync_fifo.gl0.rd/rpntr/gc0.count_reg[1]
  -------------------------------------------------------------------
                         required time                         11.670    
                         arrival time                          -2.996    
  -------------------------------------------------------------------
                         slack                                  8.674    

Slack (MET) :             8.674ns  (required time - arrival time)
  Source:                 design_1_i/ps8_0_axi_periph/s01_couplers/auto_ds/inst/gen_downsizer.gen_simple_downsizer.axi_downsizer_inst/USE_WRITE.write_addr_inst/USE_B_CHANNEL.cmd_b_queue/inst/fifo_gen_inst/inst_fifo_gen/gconvfifo.rf/grf.rf/rstblk/ngwrdrst.grst.g7serrst.gnsckt_wrst.gcc_rst.sckt_wr_rst_cc_reg[1]/C
                            (rising edge-triggered cell FDRE clocked by clk_pl_0  {rise@0.000ns fall@5.000ns period=10.000ns})
  Destination:            design_1_i/ps8_0_axi_periph/s01_couplers/auto_ds/inst/gen_downsizer.gen_simple_downsizer.axi_downsizer_inst/USE_WRITE.write_addr_inst/USE_B_CHANNEL.cmd_b_queue/inst/fifo_gen_inst/inst_fifo_gen/gconvfifo.rf/grf.rf/gntv_or_sync_fifo.gl0.rd/rpntr/gc0.count_reg[2]/CLR
                            (recovery check against rising-edge clock clk_pl_0  {rise@0.000ns fall@5.000ns period=10.000ns})
  Path Group:             **async_default**
  Path Type:              Recovery (Max at Slow Process Corner)
  Requirement:            10.000ns  (clk_pl_0 rise@10.000ns - clk_pl_0 rise@0.000ns)
  Data Path Delay:        1.044ns  (logic 0.230ns (22.039%)  route 0.814ns (77.961%))
  Logic Levels:           1  (LUT3=1)
  Clock Path Skew:        -0.086ns (DCD - SCD + CPR)
    Destination Clock Delay (DCD):    1.703ns = ( 11.703 - 10.000 ) 
    Source Clock Delay      (SCD):    1.952ns
    Clock Pessimism Removal (CPR):    0.163ns
  Clock Uncertainty:      0.130ns  ((TSJ^2 + DJ^2)^1/2) / 2 + PE
    Total System Jitter     (TSJ):    0.071ns
    Discrete Jitter          (DJ):    0.250ns
    Phase Error              (PE):    0.000ns
  Clock Net Delay (Source):      1.789ns (routing 0.404ns, distribution 1.385ns)
  Clock Net Delay (Destination): 1.573ns (routing 0.363ns, distribution 1.210ns)

    Location             Delay type                Incr(ns)  Path(ns)    Netlist Resource(s)
  -------------------------------------------------------------------    -------------------
                         (clock clk_pl_0 rise edge)
                                                      0.000     0.000 r  
    PS8_X0Y0             PS8                          0.000     0.000 r  design_1_i/zynq_ultra_ps_e_0/inst/PS8_i/PLCLK[0]
                         net (fo=1, routed)           0.135     0.135    design_1_i/zynq_ultra_ps_e_0/inst/pl_clk_unbuffered[0]
    BUFG_PS_X0Y58        BUFG_PS (Prop_BUFG_PS_I_O)
                                                      0.028     0.163 r  design_1_i/zynq_ultra_ps_e_0/inst/buffer_pl_clk_0.PL_CLK_0_BUFG/O
    X1Y3 (CLOCK_ROOT)    net (fo=41467, routed)       1.789     1.952    design_1_i/ps8_0_axi_periph/s01_couplers/auto_ds/inst/gen_downsizer.gen_simple_downsizer.axi_downsizer_inst/USE_WRITE.write_addr_inst/USE_B_CHANNEL.cmd_b_queue/inst/fifo_gen_inst/inst_fifo_gen/gconvfifo.rf/grf.rf/rstblk/clk
    SLICE_X39Y107        FDRE                                         r  design_1_i/ps8_0_axi_periph/s01_couplers/auto_ds/inst/gen_downsizer.gen_simple_downsizer.axi_downsizer_inst/USE_WRITE.write_addr_inst/USE_B_CHANNEL.cmd_b_queue/inst/fifo_gen_inst/inst_fifo_gen/gconvfifo.rf/grf.rf/rstblk/ngwrdrst.grst.g7serrst.gnsckt_wrst.gcc_rst.sckt_wr_rst_cc_reg[1]/C
  -------------------------------------------------------------------    -------------------
    SLICE_X39Y107        FDRE (Prop_GFF2_SLICEL_C_Q)
                                                      0.081     2.033 f  design_1_i/ps8_0_axi_periph/s01_couplers/auto_ds/inst/gen_downsizer.gen_simple_downsizer.axi_downsizer_inst/USE_WRITE.write_addr_inst/USE_B_CHANNEL.cmd_b_queue/inst/fifo_gen_inst/inst_fifo_gen/gconvfifo.rf/grf.rf/rstblk/ngwrdrst.grst.g7serrst.gnsckt_wrst.gcc_rst.sckt_wr_rst_cc_reg[1]/Q
                         net (fo=2, routed)           0.298     2.331    design_1_i/ps8_0_axi_periph/s01_couplers/auto_ds/inst/gen_downsizer.gen_simple_downsizer.axi_downsizer_inst/USE_WRITE.write_addr_inst/USE_B_CHANNEL.cmd_b_queue/inst/fifo_gen_inst/inst_fifo_gen/gconvfifo.rf/grf.rf/rstblk/ngwrdrst.grst.g7serrst.gnsckt_wrst.gcc_rst.sckt_wr_rst_cc[1]
    SLICE_X39Y107        LUT3 (Prop_G6LUT_SLICEL_I0_O)
                                                      0.149     2.480 f  design_1_i/ps8_0_axi_periph/s01_couplers/auto_ds/inst/gen_downsizer.gen_simple_downsizer.axi_downsizer_inst/USE_WRITE.write_addr_inst/USE_B_CHANNEL.cmd_b_queue/inst/fifo_gen_inst/inst_fifo_gen/gconvfifo.rf/grf.rf/rstblk/gpregsm1.curr_fwft_state[1]_i_2/O
                         net (fo=32, routed)          0.515     2.996    design_1_i/ps8_0_axi_periph/s01_couplers/auto_ds/inst/gen_downsizer.gen_simple_downsizer.axi_downsizer_inst/USE_WRITE.write_addr_inst/USE_B_CHANNEL.cmd_b_queue/inst/fifo_gen_inst/inst_fifo_gen/gconvfifo.rf/grf.rf/gntv_or_sync_fifo.gl0.rd/rpntr/gc0.count_d1_reg[4]_1
    SLICE_X43Y108        FDCE                                         f  design_1_i/ps8_0_axi_periph/s01_couplers/auto_ds/inst/gen_downsizer.gen_simple_downsizer.axi_downsizer_inst/USE_WRITE.write_addr_inst/USE_B_CHANNEL.cmd_b_queue/inst/fifo_gen_inst/inst_fifo_gen/gconvfifo.rf/grf.rf/gntv_or_sync_fifo.gl0.rd/rpntr/gc0.count_reg[2]/CLR
  -------------------------------------------------------------------    -------------------

                         (clock clk_pl_0 rise edge)
                                                     10.000    10.000 r  
    PS8_X0Y0             PS8                          0.000    10.000 r  design_1_i/zynq_ultra_ps_e_0/inst/PS8_i/PLCLK[0]
                         net (fo=1, routed)           0.105    10.105    design_1_i/zynq_ultra_ps_e_0/inst/pl_clk_unbuffered[0]
    BUFG_PS_X0Y58        BUFG_PS (Prop_BUFG_PS_I_O)
                                                      0.025    10.130 r  design_1_i/zynq_ultra_ps_e_0/inst/buffer_pl_clk_0.PL_CLK_0_BUFG/O
    X1Y3 (CLOCK_ROOT)    net (fo=41467, routed)       1.573    11.703    design_1_i/ps8_0_axi_periph/s01_couplers/auto_ds/inst/gen_downsizer.gen_simple_downsizer.axi_downsizer_inst/USE_WRITE.write_addr_inst/USE_B_CHANNEL.cmd_b_queue/inst/fifo_gen_inst/inst_fifo_gen/gconvfifo.rf/grf.rf/gntv_or_sync_fifo.gl0.rd/rpntr/clk
    SLICE_X43Y108        FDCE                                         r  design_1_i/ps8_0_axi_periph/s01_couplers/auto_ds/inst/gen_downsizer.gen_simple_downsizer.axi_downsizer_inst/USE_WRITE.write_addr_inst/USE_B_CHANNEL.cmd_b_queue/inst/fifo_gen_inst/inst_fifo_gen/gconvfifo.rf/grf.rf/gntv_or_sync_fifo.gl0.rd/rpntr/gc0.count_reg[2]/C
                         clock pessimism              0.163    11.866    
                         clock uncertainty           -0.130    11.736    
    SLICE_X43Y108        FDCE (Recov_DFF2_SLICEM_C_CLR)
                                                     -0.066    11.670    design_1_i/ps8_0_axi_periph/s01_couplers/auto_ds/inst/gen_downsizer.gen_simple_downsizer.axi_downsizer_inst/USE_WRITE.write_addr_inst/USE_B_CHANNEL.cmd_b_queue/inst/fifo_gen_inst/inst_fifo_gen/gconvfifo.rf/grf.rf/gntv_or_sync_fifo.gl0.rd/rpntr/gc0.count_reg[2]
  -------------------------------------------------------------------
                         required time                         11.670    
                         arrival time                          -2.996    
  -------------------------------------------------------------------
                         slack                                  8.674    





Min Delay Paths
--------------------------------------------------------------------------------------
Slack (MET) :             0.196ns  (arrival time - required time)
  Source:                 design_1_i/ps8_0_axi_periph/s01_couplers/auto_ds/inst/gen_downsizer.gen_simple_downsizer.axi_downsizer_inst/USE_READ.read_addr_inst/cmd_queue/inst/fifo_gen_inst/inst_fifo_gen/gconvfifo.rf/grf.rf/rstblk/ngwrdrst.grst.g7serrst.gnsckt_wrst.gcc_rst.sckt_wr_rst_cc_reg[0]/C
                            (rising edge-triggered cell FDRE clocked by clk_pl_0  {rise@0.000ns fall@5.000ns period=10.000ns})
  Destination:            design_1_i/ps8_0_axi_periph/s01_couplers/auto_ds/inst/gen_downsizer.gen_simple_downsizer.axi_downsizer_inst/USE_READ.read_addr_inst/cmd_queue/inst/fifo_gen_inst/inst_fifo_gen/gconvfifo.rf/grf.rf/gntv_or_sync_fifo.gl0.rd/rpntr/gc0.count_d1_reg[1]/CLR
                            (removal check against rising-edge clock clk_pl_0  {rise@0.000ns fall@5.000ns period=10.000ns})
  Path Group:             **async_default**
  Path Type:              Removal (Min at Fast Process Corner)
  Requirement:            0.000ns  (clk_pl_0 rise@0.000ns - clk_pl_0 rise@0.000ns)
  Data Path Delay:        0.271ns  (logic 0.088ns (32.424%)  route 0.183ns (67.576%))
  Logic Levels:           1  (LUT3=1)
  Clock Path Skew:        0.096ns (DCD - SCD - CPR)
    Destination Clock Delay (DCD):    1.232ns
    Source Clock Delay      (SCD):    1.073ns
    Clock Pessimism Removal (CPR):    0.064ns
  Clock Net Delay (Source):      0.980ns (routing 0.222ns, distribution 0.758ns)
  Clock Net Delay (Destination): 1.116ns (routing 0.250ns, distribution 0.866ns)

    Location             Delay type                Incr(ns)  Path(ns)    Netlist Resource(s)
  -------------------------------------------------------------------    -------------------
                         (clock clk_pl_0 rise edge)
                                                      0.000     0.000 r  
    PS8_X0Y0             PS8                          0.000     0.000 r  design_1_i/zynq_ultra_ps_e_0/inst/PS8_i/PLCLK[0]
                         net (fo=1, routed)           0.076     0.076    design_1_i/zynq_ultra_ps_e_0/inst/pl_clk_unbuffered[0]
    BUFG_PS_X0Y58        BUFG_PS (Prop_BUFG_PS_I_O)
                                                      0.017     0.093 r  design_1_i/zynq_ultra_ps_e_0/inst/buffer_pl_clk_0.PL_CLK_0_BUFG/O
    X1Y3 (CLOCK_ROOT)    net (fo=41467, routed)       0.980     1.073    design_1_i/ps8_0_axi_periph/s01_couplers/auto_ds/inst/gen_downsizer.gen_simple_downsizer.axi_downsizer_inst/USE_READ.read_addr_inst/cmd_queue/inst/fifo_gen_inst/inst_fifo_gen/gconvfifo.rf/grf.rf/rstblk/clk
    SLICE_X40Y123        FDRE                                         r  design_1_i/ps8_0_axi_periph/s01_couplers/auto_ds/inst/gen_downsizer.gen_simple_downsizer.axi_downsizer_inst/USE_READ.read_addr_inst/cmd_queue/inst/fifo_gen_inst/inst_fifo_gen/gconvfifo.rf/grf.rf/rstblk/ngwrdrst.grst.g7serrst.gnsckt_wrst.gcc_rst.sckt_wr_rst_cc_reg[0]/C
  -------------------------------------------------------------------    -------------------
    SLICE_X40Y123        FDRE (Prop_EFF_SLICEM_C_Q)
                                                      0.038     1.111 f  design_1_i/ps8_0_axi_periph/s01_couplers/auto_ds/inst/gen_downsizer.gen_simple_downsizer.axi_downsizer_inst/USE_READ.read_addr_inst/cmd_queue/inst/fifo_gen_inst/inst_fifo_gen/gconvfifo.rf/grf.rf/rstblk/ngwrdrst.grst.g7serrst.gnsckt_wrst.gcc_rst.sckt_wr_rst_cc_reg[0]/Q
                         net (fo=3, routed)           0.032     1.143    design_1_i/ps8_0_axi_periph/s01_couplers/auto_ds/inst/gen_downsizer.gen_simple_downsizer.axi_downsizer_inst/USE_READ.read_addr_inst/cmd_queue/inst/fifo_gen_inst/inst_fifo_gen/gconvfifo.rf/grf.rf/rstblk/ngwrdrst.grst.g7serrst.gnsckt_wrst.gcc_rst.sckt_wr_rst_cc[0]
    SLICE_X40Y123        LUT3 (Prop_G6LUT_SLICEM_I1_O)
                                                      0.050     1.193 f  design_1_i/ps8_0_axi_periph/s01_couplers/auto_ds/inst/gen_downsizer.gen_simple_downsizer.axi_downsizer_inst/USE_READ.read_addr_inst/cmd_queue/inst/fifo_gen_inst/inst_fifo_gen/gconvfifo.rf/grf.rf/rstblk/gpregsm1.curr_fwft_state[1]_i_2/O
                         net (fo=32, routed)          0.151     1.344    design_1_i/ps8_0_axi_periph/s01_couplers/auto_ds/inst/gen_downsizer.gen_simple_downsizer.axi_downsizer_inst/USE_READ.read_addr_inst/cmd_queue/inst/fifo_gen_inst/inst_fifo_gen/gconvfifo.rf/grf.rf/gntv_or_sync_fifo.gl0.rd/rpntr/gc0.count_d1_reg[4]_1
    SLICE_X40Y119        FDCE                                         f  design_1_i/ps8_0_axi_periph/s01_couplers/auto_ds/inst/gen_downsizer.gen_simple_downsizer.axi_downsizer_inst/USE_READ.read_addr_inst/cmd_queue/inst/fifo_gen_inst/inst_fifo_gen/gconvfifo.rf/grf.rf/gntv_or_sync_fifo.gl0.rd/rpntr/gc0.count_d1_reg[1]/CLR
  -------------------------------------------------------------------    -------------------

                         (clock clk_pl_0 rise edge)
                                                      0.000     0.000 r  
    PS8_X0Y0             PS8                          0.000     0.000 r  design_1_i/zynq_ultra_ps_e_0/inst/PS8_i/PLCLK[0]
                         net (fo=1, routed)           0.098     0.098    design_1_i/zynq_ultra_ps_e_0/inst/pl_clk_unbuffered[0]
    BUFG_PS_X0Y58        BUFG_PS (Prop_BUFG_PS_I_O)
                                                      0.018     0.116 r  design_1_i/zynq_ultra_ps_e_0/inst/buffer_pl_clk_0.PL_CLK_0_BUFG/O
    X1Y3 (CLOCK_ROOT)    net (fo=41467, routed)       1.116     1.232    design_1_i/ps8_0_axi_periph/s01_couplers/auto_ds/inst/gen_downsizer.gen_simple_downsizer.axi_downsizer_inst/USE_READ.read_addr_inst/cmd_queue/inst/fifo_gen_inst/inst_fifo_gen/gconvfifo.rf/grf.rf/gntv_or_sync_fifo.gl0.rd/rpntr/clk
    SLICE_X40Y119        FDCE                                         r  design_1_i/ps8_0_axi_periph/s01_couplers/auto_ds/inst/gen_downsizer.gen_simple_downsizer.axi_downsizer_inst/USE_READ.read_addr_inst/cmd_queue/inst/fifo_gen_inst/inst_fifo_gen/gconvfifo.rf/grf.rf/gntv_or_sync_fifo.gl0.rd/rpntr/gc0.count_d1_reg[1]/C
                         clock pessimism             -0.064     1.168    
    SLICE_X40Y119        FDCE (Remov_AFF_SLICEM_C_CLR)
                                                     -0.020     1.148    design_1_i/ps8_0_axi_periph/s01_couplers/auto_ds/inst/gen_downsizer.gen_simple_downsizer.axi_downsizer_inst/USE_READ.read_addr_inst/cmd_queue/inst/fifo_gen_inst/inst_fifo_gen/gconvfifo.rf/grf.rf/gntv_or_sync_fifo.gl0.rd/rpntr/gc0.count_d1_reg[1]
  -------------------------------------------------------------------
                         required time                         -1.148    
                         arrival time                           1.344    
  -------------------------------------------------------------------
                         slack                                  0.196    

Slack (MET) :             0.196ns  (arrival time - required time)
  Source:                 design_1_i/ps8_0_axi_periph/s01_couplers/auto_ds/inst/gen_downsizer.gen_simple_downsizer.axi_downsizer_inst/USE_READ.read_addr_inst/cmd_queue/inst/fifo_gen_inst/inst_fifo_gen/gconvfifo.rf/grf.rf/rstblk/ngwrdrst.grst.g7serrst.gnsckt_wrst.gcc_rst.sckt_wr_rst_cc_reg[0]/C
                            (rising edge-triggered cell FDRE clocked by clk_pl_0  {rise@0.000ns fall@5.000ns period=10.000ns})
  Destination:            design_1_i/ps8_0_axi_periph/s01_couplers/auto_ds/inst/gen_downsizer.gen_simple_downsizer.axi_downsizer_inst/USE_READ.read_addr_inst/cmd_queue/inst/fifo_gen_inst/inst_fifo_gen/gconvfifo.rf/grf.rf/gntv_or_sync_fifo.gl0.rd/rpntr/gc0.count_reg[3]/CLR
                            (removal check against rising-edge clock clk_pl_0  {rise@0.000ns fall@5.000ns period=10.000ns})
  Path Group:             **async_default**
  Path Type:              Removal (Min at Fast Process Corner)
  Requirement:            0.000ns  (clk_pl_0 rise@0.000ns - clk_pl_0 rise@0.000ns)
  Data Path Delay:        0.271ns  (logic 0.088ns (32.424%)  route 0.183ns (67.576%))
  Logic Levels:           1  (LUT3=1)
  Clock Path Skew:        0.096ns (DCD - SCD - CPR)
    Destination Clock Delay (DCD):    1.232ns
    Source Clock Delay      (SCD):    1.073ns
    Clock Pessimism Removal (CPR):    0.064ns
  Clock Net Delay (Source):      0.980ns (routing 0.222ns, distribution 0.758ns)
  Clock Net Delay (Destination): 1.116ns (routing 0.250ns, distribution 0.866ns)

    Location             Delay type                Incr(ns)  Path(ns)    Netlist Resource(s)
  -------------------------------------------------------------------    -------------------
                         (clock clk_pl_0 rise edge)
                                                      0.000     0.000 r  
    PS8_X0Y0             PS8                          0.000     0.000 r  design_1_i/zynq_ultra_ps_e_0/inst/PS8_i/PLCLK[0]
                         net (fo=1, routed)           0.076     0.076    design_1_i/zynq_ultra_ps_e_0/inst/pl_clk_unbuffered[0]
    BUFG_PS_X0Y58        BUFG_PS (Prop_BUFG_PS_I_O)
                                                      0.017     0.093 r  design_1_i/zynq_ultra_ps_e_0/inst/buffer_pl_clk_0.PL_CLK_0_BUFG/O
    X1Y3 (CLOCK_ROOT)    net (fo=41467, routed)       0.980     1.073    design_1_i/ps8_0_axi_periph/s01_couplers/auto_ds/inst/gen_downsizer.gen_simple_downsizer.axi_downsizer_inst/USE_READ.read_addr_inst/cmd_queue/inst/fifo_gen_inst/inst_fifo_gen/gconvfifo.rf/grf.rf/rstblk/clk
    SLICE_X40Y123        FDRE                                         r  design_1_i/ps8_0_axi_periph/s01_couplers/auto_ds/inst/gen_downsizer.gen_simple_downsizer.axi_downsizer_inst/USE_READ.read_addr_inst/cmd_queue/inst/fifo_gen_inst/inst_fifo_gen/gconvfifo.rf/grf.rf/rstblk/ngwrdrst.grst.g7serrst.gnsckt_wrst.gcc_rst.sckt_wr_rst_cc_reg[0]/C
  -------------------------------------------------------------------    -------------------
    SLICE_X40Y123        FDRE (Prop_EFF_SLICEM_C_Q)
                                                      0.038     1.111 f  design_1_i/ps8_0_axi_periph/s01_couplers/auto_ds/inst/gen_downsizer.gen_simple_downsizer.axi_downsizer_inst/USE_READ.read_addr_inst/cmd_queue/inst/fifo_gen_inst/inst_fifo_gen/gconvfifo.rf/grf.rf/rstblk/ngwrdrst.grst.g7serrst.gnsckt_wrst.gcc_rst.sckt_wr_rst_cc_reg[0]/Q
                         net (fo=3, routed)           0.032     1.143    design_1_i/ps8_0_axi_periph/s01_couplers/auto_ds/inst/gen_downsizer.gen_simple_downsizer.axi_downsizer_inst/USE_READ.read_addr_inst/cmd_queue/inst/fifo_gen_inst/inst_fifo_gen/gconvfifo.rf/grf.rf/rstblk/ngwrdrst.grst.g7serrst.gnsckt_wrst.gcc_rst.sckt_wr_rst_cc[0]
    SLICE_X40Y123        LUT3 (Prop_G6LUT_SLICEM_I1_O)
                                                      0.050     1.193 f  design_1_i/ps8_0_axi_periph/s01_couplers/auto_ds/inst/gen_downsizer.gen_simple_downsizer.axi_downsizer_inst/USE_READ.read_addr_inst/cmd_queue/inst/fifo_gen_inst/inst_fifo_gen/gconvfifo.rf/grf.rf/rstblk/gpregsm1.curr_fwft_state[1]_i_2/O
                         net (fo=32, routed)          0.151     1.344    design_1_i/ps8_0_axi_periph/s01_couplers/auto_ds/inst/gen_downsizer.gen_simple_downsizer.axi_downsizer_inst/USE_READ.read_addr_inst/cmd_queue/inst/fifo_gen_inst/inst_fifo_gen/gconvfifo.rf/grf.rf/gntv_or_sync_fifo.gl0.rd/rpntr/gc0.count_d1_reg[4]_1
    SLICE_X40Y119        FDCE                                         f  design_1_i/ps8_0_axi_periph/s01_couplers/auto_ds/inst/gen_downsizer.gen_simple_downsizer.axi_downsizer_inst/USE_READ.read_addr_inst/cmd_queue/inst/fifo_gen_inst/inst_fifo_gen/gconvfifo.rf/grf.rf/gntv_or_sync_fifo.gl0.rd/rpntr/gc0.count_reg[3]/CLR
  -------------------------------------------------------------------    -------------------

                         (clock clk_pl_0 rise edge)
                                                      0.000     0.000 r  
    PS8_X0Y0             PS8                          0.000     0.000 r  design_1_i/zynq_ultra_ps_e_0/inst/PS8_i/PLCLK[0]
                         net (fo=1, routed)           0.098     0.098    design_1_i/zynq_ultra_ps_e_0/inst/pl_clk_unbuffered[0]
    BUFG_PS_X0Y58        BUFG_PS (Prop_BUFG_PS_I_O)
                                                      0.018     0.116 r  design_1_i/zynq_ultra_ps_e_0/inst/buffer_pl_clk_0.PL_CLK_0_BUFG/O
    X1Y3 (CLOCK_ROOT)    net (fo=41467, routed)       1.116     1.232    design_1_i/ps8_0_axi_periph/s01_couplers/auto_ds/inst/gen_downsizer.gen_simple_downsizer.axi_downsizer_inst/USE_READ.read_addr_inst/cmd_queue/inst/fifo_gen_inst/inst_fifo_gen/gconvfifo.rf/grf.rf/gntv_or_sync_fifo.gl0.rd/rpntr/clk
    SLICE_X40Y119        FDCE                                         r  design_1_i/ps8_0_axi_periph/s01_couplers/auto_ds/inst/gen_downsizer.gen_simple_downsizer.axi_downsizer_inst/USE_READ.read_addr_inst/cmd_queue/inst/fifo_gen_inst/inst_fifo_gen/gconvfifo.rf/grf.rf/gntv_or_sync_fifo.gl0.rd/rpntr/gc0.count_reg[3]/C
                         clock pessimism             -0.064     1.168    
    SLICE_X40Y119        FDCE (Remov_DFF_SLICEM_C_CLR)
                                                     -0.020     1.148    design_1_i/ps8_0_axi_periph/s01_couplers/auto_ds/inst/gen_downsizer.gen_simple_downsizer.axi_downsizer_inst/USE_READ.read_addr_inst/cmd_queue/inst/fifo_gen_inst/inst_fifo_gen/gconvfifo.rf/grf.rf/gntv_or_sync_fifo.gl0.rd/rpntr/gc0.count_reg[3]
  -------------------------------------------------------------------
                         required time                         -1.148    
                         arrival time                           1.344    
  -------------------------------------------------------------------
                         slack                                  0.196    

Slack (MET) :             0.196ns  (arrival time - required time)
  Source:                 design_1_i/ps8_0_axi_periph/s01_couplers/auto_ds/inst/gen_downsizer.gen_simple_downsizer.axi_downsizer_inst/USE_READ.read_addr_inst/cmd_queue/inst/fifo_gen_inst/inst_fifo_gen/gconvfifo.rf/grf.rf/rstblk/ngwrdrst.grst.g7serrst.gnsckt_wrst.gcc_rst.sckt_wr_rst_cc_reg[0]/C
                            (rising edge-triggered cell FDRE clocked by clk_pl_0  {rise@0.000ns fall@5.000ns period=10.000ns})
  Destination:            design_1_i/ps8_0_axi_periph/s01_couplers/auto_ds/inst/gen_downsizer.gen_simple_downsizer.axi_downsizer_inst/USE_READ.read_addr_inst/cmd_queue/inst/fifo_gen_inst/inst_fifo_gen/gconvfifo.rf/grf.rf/gntv_or_sync_fifo.gl0.rd/rpntr/gc0.count_reg[4]/CLR
                            (removal check against rising-edge clock clk_pl_0  {rise@0.000ns fall@5.000ns period=10.000ns})
  Path Group:             **async_default**
  Path Type:              Removal (Min at Fast Process Corner)
  Requirement:            0.000ns  (clk_pl_0 rise@0.000ns - clk_pl_0 rise@0.000ns)
  Data Path Delay:        0.271ns  (logic 0.088ns (32.424%)  route 0.183ns (67.576%))
  Logic Levels:           1  (LUT3=1)
  Clock Path Skew:        0.096ns (DCD - SCD - CPR)
    Destination Clock Delay (DCD):    1.232ns
    Source Clock Delay      (SCD):    1.073ns
    Clock Pessimism Removal (CPR):    0.064ns
  Clock Net Delay (Source):      0.980ns (routing 0.222ns, distribution 0.758ns)
  Clock Net Delay (Destination): 1.116ns (routing 0.250ns, distribution 0.866ns)

    Location             Delay type                Incr(ns)  Path(ns)    Netlist Resource(s)
  -------------------------------------------------------------------    -------------------
                         (clock clk_pl_0 rise edge)
                                                      0.000     0.000 r  
    PS8_X0Y0             PS8                          0.000     0.000 r  design_1_i/zynq_ultra_ps_e_0/inst/PS8_i/PLCLK[0]
                         net (fo=1, routed)           0.076     0.076    design_1_i/zynq_ultra_ps_e_0/inst/pl_clk_unbuffered[0]
    BUFG_PS_X0Y58        BUFG_PS (Prop_BUFG_PS_I_O)
                                                      0.017     0.093 r  design_1_i/zynq_ultra_ps_e_0/inst/buffer_pl_clk_0.PL_CLK_0_BUFG/O
    X1Y3 (CLOCK_ROOT)    net (fo=41467, routed)       0.980     1.073    design_1_i/ps8_0_axi_periph/s01_couplers/auto_ds/inst/gen_downsizer.gen_simple_downsizer.axi_downsizer_inst/USE_READ.read_addr_inst/cmd_queue/inst/fifo_gen_inst/inst_fifo_gen/gconvfifo.rf/grf.rf/rstblk/clk
    SLICE_X40Y123        FDRE                                         r  design_1_i/ps8_0_axi_periph/s01_couplers/auto_ds/inst/gen_downsizer.gen_simple_downsizer.axi_downsizer_inst/USE_READ.read_addr_inst/cmd_queue/inst/fifo_gen_inst/inst_fifo_gen/gconvfifo.rf/grf.rf/rstblk/ngwrdrst.grst.g7serrst.gnsckt_wrst.gcc_rst.sckt_wr_rst_cc_reg[0]/C
  -------------------------------------------------------------------    -------------------
    SLICE_X40Y123        FDRE (Prop_EFF_SLICEM_C_Q)
                                                      0.038     1.111 f  design_1_i/ps8_0_axi_periph/s01_couplers/auto_ds/inst/gen_downsizer.gen_simple_downsizer.axi_downsizer_inst/USE_READ.read_addr_inst/cmd_queue/inst/fifo_gen_inst/inst_fifo_gen/gconvfifo.rf/grf.rf/rstblk/ngwrdrst.grst.g7serrst.gnsckt_wrst.gcc_rst.sckt_wr_rst_cc_reg[0]/Q
                         net (fo=3, routed)           0.032     1.143    design_1_i/ps8_0_axi_periph/s01_couplers/auto_ds/inst/gen_downsizer.gen_simple_downsizer.axi_downsizer_inst/USE_READ.read_addr_inst/cmd_queue/inst/fifo_gen_inst/inst_fifo_gen/gconvfifo.rf/grf.rf/rstblk/ngwrdrst.grst.g7serrst.gnsckt_wrst.gcc_rst.sckt_wr_rst_cc[0]
    SLICE_X40Y123        LUT3 (Prop_G6LUT_SLICEM_I1_O)
                                                      0.050     1.193 f  design_1_i/ps8_0_axi_periph/s01_couplers/auto_ds/inst/gen_downsizer.gen_simple_downsizer.axi_downsizer_inst/USE_READ.read_addr_inst/cmd_queue/inst/fifo_gen_inst/inst_fifo_gen/gconvfifo.rf/grf.rf/rstblk/gpregsm1.curr_fwft_state[1]_i_2/O
                         net (fo=32, routed)          0.151     1.344    design_1_i/ps8_0_axi_periph/s01_couplers/auto_ds/inst/gen_downsizer.gen_simple_downsizer.axi_downsizer_inst/USE_READ.read_addr_inst/cmd_queue/inst/fifo_gen_inst/inst_fifo_gen/gconvfifo.rf/grf.rf/gntv_or_sync_fifo.gl0.rd/rpntr/gc0.count_d1_reg[4]_1
    SLICE_X40Y119        FDCE                                         f  design_1_i/ps8_0_axi_periph/s01_couplers/auto_ds/inst/gen_downsizer.gen_simple_downsizer.axi_downsizer_inst/USE_READ.read_addr_inst/cmd_queue/inst/fifo_gen_inst/inst_fifo_gen/gconvfifo.rf/grf.rf/gntv_or_sync_fifo.gl0.rd/rpntr/gc0.count_reg[4]/CLR
  -------------------------------------------------------------------    -------------------

                         (clock clk_pl_0 rise edge)
                                                      0.000     0.000 r  
    PS8_X0Y0             PS8                          0.000     0.000 r  design_1_i/zynq_ultra_ps_e_0/inst/PS8_i/PLCLK[0]
                         net (fo=1, routed)           0.098     0.098    design_1_i/zynq_ultra_ps_e_0/inst/pl_clk_unbuffered[0]
    BUFG_PS_X0Y58        BUFG_PS (Prop_BUFG_PS_I_O)
                                                      0.018     0.116 r  design_1_i/zynq_ultra_ps_e_0/inst/buffer_pl_clk_0.PL_CLK_0_BUFG/O
    X1Y3 (CLOCK_ROOT)    net (fo=41467, routed)       1.116     1.232    design_1_i/ps8_0_axi_periph/s01_couplers/auto_ds/inst/gen_downsizer.gen_simple_downsizer.axi_downsizer_inst/USE_READ.read_addr_inst/cmd_queue/inst/fifo_gen_inst/inst_fifo_gen/gconvfifo.rf/grf.rf/gntv_or_sync_fifo.gl0.rd/rpntr/clk
    SLICE_X40Y119        FDCE                                         r  design_1_i/ps8_0_axi_periph/s01_couplers/auto_ds/inst/gen_downsizer.gen_simple_downsizer.axi_downsizer_inst/USE_READ.read_addr_inst/cmd_queue/inst/fifo_gen_inst/inst_fifo_gen/gconvfifo.rf/grf.rf/gntv_or_sync_fifo.gl0.rd/rpntr/gc0.count_reg[4]/C
                         clock pessimism             -0.064     1.168    
    SLICE_X40Y119        FDCE (Remov_DFF2_SLICEM_C_CLR)
                                                     -0.020     1.148    design_1_i/ps8_0_axi_periph/s01_couplers/auto_ds/inst/gen_downsizer.gen_simple_downsizer.axi_downsizer_inst/USE_READ.read_addr_inst/cmd_queue/inst/fifo_gen_inst/inst_fifo_gen/gconvfifo.rf/grf.rf/gntv_or_sync_fifo.gl0.rd/rpntr/gc0.count_reg[4]
  -------------------------------------------------------------------
                         required time                         -1.148    
                         arrival time                           1.344    
  -------------------------------------------------------------------
                         slack                                  0.196    

Slack (MET) :             0.197ns  (arrival time - required time)
  Source:                 design_1_i/ps8_0_axi_periph/s01_couplers/auto_ds/inst/gen_downsizer.gen_simple_downsizer.axi_downsizer_inst/USE_READ.read_addr_inst/cmd_queue/inst/fifo_gen_inst/inst_fifo_gen/gconvfifo.rf/grf.rf/rstblk/ngwrdrst.grst.g7serrst.gnsckt_wrst.gcc_rst.sckt_wr_rst_cc_reg[0]/C
                            (rising edge-triggered cell FDRE clocked by clk_pl_0  {rise@0.000ns fall@5.000ns period=10.000ns})
  Destination:            design_1_i/ps8_0_axi_periph/s01_couplers/auto_ds/inst/gen_downsizer.gen_simple_downsizer.axi_downsizer_inst/USE_READ.read_addr_inst/cmd_queue/inst/fifo_gen_inst/inst_fifo_gen/gconvfifo.rf/grf.rf/gntv_or_sync_fifo.gl0.rd/rpntr/gc0.count_d1_reg[0]/CLR
                            (removal check against rising-edge clock clk_pl_0  {rise@0.000ns fall@5.000ns period=10.000ns})
  Path Group:             **async_default**
  Path Type:              Removal (Min at Fast Process Corner)
  Requirement:            0.000ns  (clk_pl_0 rise@0.000ns - clk_pl_0 rise@0.000ns)
  Data Path Delay:        0.270ns  (logic 0.088ns (32.544%)  route 0.182ns (67.456%))
  Logic Levels:           1  (LUT3=1)
  Clock Path Skew:        0.094ns (DCD - SCD - CPR)
    Destination Clock Delay (DCD):    1.230ns
    Source Clock Delay      (SCD):    1.073ns
    Clock Pessimism Removal (CPR):    0.064ns
  Clock Net Delay (Source):      0.980ns (routing 0.222ns, distribution 0.758ns)
  Clock Net Delay (Destination): 1.114ns (routing 0.250ns, distribution 0.864ns)

    Location             Delay type                Incr(ns)  Path(ns)    Netlist Resource(s)
  -------------------------------------------------------------------    -------------------
                         (clock clk_pl_0 rise edge)
                                                      0.000     0.000 r  
    PS8_X0Y0             PS8                          0.000     0.000 r  design_1_i/zynq_ultra_ps_e_0/inst/PS8_i/PLCLK[0]
                         net (fo=1, routed)           0.076     0.076    design_1_i/zynq_ultra_ps_e_0/inst/pl_clk_unbuffered[0]
    BUFG_PS_X0Y58        BUFG_PS (Prop_BUFG_PS_I_O)
                                                      0.017     0.093 r  design_1_i/zynq_ultra_ps_e_0/inst/buffer_pl_clk_0.PL_CLK_0_BUFG/O
    X1Y3 (CLOCK_ROOT)    net (fo=41467, routed)       0.980     1.073    design_1_i/ps8_0_axi_periph/s01_couplers/auto_ds/inst/gen_downsizer.gen_simple_downsizer.axi_downsizer_inst/USE_READ.read_addr_inst/cmd_queue/inst/fifo_gen_inst/inst_fifo_gen/gconvfifo.rf/grf.rf/rstblk/clk
    SLICE_X40Y123        FDRE                                         r  design_1_i/ps8_0_axi_periph/s01_couplers/auto_ds/inst/gen_downsizer.gen_simple_downsizer.axi_downsizer_inst/USE_READ.read_addr_inst/cmd_queue/inst/fifo_gen_inst/inst_fifo_gen/gconvfifo.rf/grf.rf/rstblk/ngwrdrst.grst.g7serrst.gnsckt_wrst.gcc_rst.sckt_wr_rst_cc_reg[0]/C
  -------------------------------------------------------------------    -------------------
    SLICE_X40Y123        FDRE (Prop_EFF_SLICEM_C_Q)
                                                      0.038     1.111 f  design_1_i/ps8_0_axi_periph/s01_couplers/auto_ds/inst/gen_downsizer.gen_simple_downsizer.axi_downsizer_inst/USE_READ.read_addr_inst/cmd_queue/inst/fifo_gen_inst/inst_fifo_gen/gconvfifo.rf/grf.rf/rstblk/ngwrdrst.grst.g7serrst.gnsckt_wrst.gcc_rst.sckt_wr_rst_cc_reg[0]/Q
                         net (fo=3, routed)           0.032     1.143    design_1_i/ps8_0_axi_periph/s01_couplers/auto_ds/inst/gen_downsizer.gen_simple_downsizer.axi_downsizer_inst/USE_READ.read_addr_inst/cmd_queue/inst/fifo_gen_inst/inst_fifo_gen/gconvfifo.rf/grf.rf/rstblk/ngwrdrst.grst.g7serrst.gnsckt_wrst.gcc_rst.sckt_wr_rst_cc[0]
    SLICE_X40Y123        LUT3 (Prop_G6LUT_SLICEM_I1_O)
                                                      0.050     1.193 f  design_1_i/ps8_0_axi_periph/s01_couplers/auto_ds/inst/gen_downsizer.gen_simple_downsizer.axi_downsizer_inst/USE_READ.read_addr_inst/cmd_queue/inst/fifo_gen_inst/inst_fifo_gen/gconvfifo.rf/grf.rf/rstblk/gpregsm1.curr_fwft_state[1]_i_2/O
                         net (fo=32, routed)          0.150     1.343    design_1_i/ps8_0_axi_periph/s01_couplers/auto_ds/inst/gen_downsizer.gen_simple_downsizer.axi_downsizer_inst/USE_READ.read_addr_inst/cmd_queue/inst/fifo_gen_inst/inst_fifo_gen/gconvfifo.rf/grf.rf/gntv_or_sync_fifo.gl0.rd/rpntr/gc0.count_d1_reg[4]_1
    SLICE_X40Y119        FDCE                                         f  design_1_i/ps8_0_axi_periph/s01_couplers/auto_ds/inst/gen_downsizer.gen_simple_downsizer.axi_downsizer_inst/USE_READ.read_addr_inst/cmd_queue/inst/fifo_gen_inst/inst_fifo_gen/gconvfifo.rf/grf.rf/gntv_or_sync_fifo.gl0.rd/rpntr/gc0.count_d1_reg[0]/CLR
  -------------------------------------------------------------------    -------------------

                         (clock clk_pl_0 rise edge)
                                                      0.000     0.000 r  
    PS8_X0Y0             PS8                          0.000     0.000 r  design_1_i/zynq_ultra_ps_e_0/inst/PS8_i/PLCLK[0]
                         net (fo=1, routed)           0.098     0.098    design_1_i/zynq_ultra_ps_e_0/inst/pl_clk_unbuffered[0]
    BUFG_PS_X0Y58        BUFG_PS (Prop_BUFG_PS_I_O)
                                                      0.018     0.116 r  design_1_i/zynq_ultra_ps_e_0/inst/buffer_pl_clk_0.PL_CLK_0_BUFG/O
    X1Y3 (CLOCK_ROOT)    net (fo=41467, routed)       1.114     1.230    design_1_i/ps8_0_axi_periph/s01_couplers/auto_ds/inst/gen_downsizer.gen_simple_downsizer.axi_downsizer_inst/USE_READ.read_addr_inst/cmd_queue/inst/fifo_gen_inst/inst_fifo_gen/gconvfifo.rf/grf.rf/gntv_or_sync_fifo.gl0.rd/rpntr/clk
    SLICE_X40Y119        FDCE                                         r  design_1_i/ps8_0_axi_periph/s01_couplers/auto_ds/inst/gen_downsizer.gen_simple_downsizer.axi_downsizer_inst/USE_READ.read_addr_inst/cmd_queue/inst/fifo_gen_inst/inst_fifo_gen/gconvfifo.rf/grf.rf/gntv_or_sync_fifo.gl0.rd/rpntr/gc0.count_d1_reg[0]/C
                         clock pessimism             -0.064     1.166    
    SLICE_X40Y119        FDCE (Remov_HFF2_SLICEM_C_CLR)
                                                     -0.020     1.146    design_1_i/ps8_0_axi_periph/s01_couplers/auto_ds/inst/gen_downsizer.gen_simple_downsizer.axi_downsizer_inst/USE_READ.read_addr_inst/cmd_queue/inst/fifo_gen_inst/inst_fifo_gen/gconvfifo.rf/grf.rf/gntv_or_sync_fifo.gl0.rd/rpntr/gc0.count_d1_reg[0]
  -------------------------------------------------------------------
                         required time                         -1.146    
                         arrival time                           1.343    
  -------------------------------------------------------------------
                         slack                                  0.197    

Slack (MET) :             0.197ns  (arrival time - required time)
  Source:                 design_1_i/ps8_0_axi_periph/s01_couplers/auto_ds/inst/gen_downsizer.gen_simple_downsizer.axi_downsizer_inst/USE_READ.read_addr_inst/cmd_queue/inst/fifo_gen_inst/inst_fifo_gen/gconvfifo.rf/grf.rf/rstblk/ngwrdrst.grst.g7serrst.gnsckt_wrst.gcc_rst.sckt_wr_rst_cc_reg[0]/C
                            (rising edge-triggered cell FDRE clocked by clk_pl_0  {rise@0.000ns fall@5.000ns period=10.000ns})
  Destination:            design_1_i/ps8_0_axi_periph/s01_couplers/auto_ds/inst/gen_downsizer.gen_simple_downsizer.axi_downsizer_inst/USE_READ.read_addr_inst/cmd_queue/inst/fifo_gen_inst/inst_fifo_gen/gconvfifo.rf/grf.rf/gntv_or_sync_fifo.gl0.rd/rpntr/gc0.count_d1_reg[2]/CLR
                            (removal check against rising-edge clock clk_pl_0  {rise@0.000ns fall@5.000ns period=10.000ns})
  Path Group:             **async_default**
  Path Type:              Removal (Min at Fast Process Corner)
  Requirement:            0.000ns  (clk_pl_0 rise@0.000ns - clk_pl_0 rise@0.000ns)
  Data Path Delay:        0.270ns  (logic 0.088ns (32.544%)  route 0.182ns (67.456%))
  Logic Levels:           1  (LUT3=1)
  Clock Path Skew:        0.094ns (DCD - SCD - CPR)
    Destination Clock Delay (DCD):    1.230ns
    Source Clock Delay      (SCD):    1.073ns
    Clock Pessimism Removal (CPR):    0.064ns
  Clock Net Delay (Source):      0.980ns (routing 0.222ns, distribution 0.758ns)
  Clock Net Delay (Destination): 1.114ns (routing 0.250ns, distribution 0.864ns)

    Location             Delay type                Incr(ns)  Path(ns)    Netlist Resource(s)
  -------------------------------------------------------------------    -------------------
                         (clock clk_pl_0 rise edge)
                                                      0.000     0.000 r  
    PS8_X0Y0             PS8                          0.000     0.000 r  design_1_i/zynq_ultra_ps_e_0/inst/PS8_i/PLCLK[0]
                         net (fo=1, routed)           0.076     0.076    design_1_i/zynq_ultra_ps_e_0/inst/pl_clk_unbuffered[0]
    BUFG_PS_X0Y58        BUFG_PS (Prop_BUFG_PS_I_O)
                                                      0.017     0.093 r  design_1_i/zynq_ultra_ps_e_0/inst/buffer_pl_clk_0.PL_CLK_0_BUFG/O
    X1Y3 (CLOCK_ROOT)    net (fo=41467, routed)       0.980     1.073    design_1_i/ps8_0_axi_periph/s01_couplers/auto_ds/inst/gen_downsizer.gen_simple_downsizer.axi_downsizer_inst/USE_READ.read_addr_inst/cmd_queue/inst/fifo_gen_inst/inst_fifo_gen/gconvfifo.rf/grf.rf/rstblk/clk
    SLICE_X40Y123        FDRE                                         r  design_1_i/ps8_0_axi_periph/s01_couplers/auto_ds/inst/gen_downsizer.gen_simple_downsizer.axi_downsizer_inst/USE_READ.read_addr_inst/cmd_queue/inst/fifo_gen_inst/inst_fifo_gen/gconvfifo.rf/grf.rf/rstblk/ngwrdrst.grst.g7serrst.gnsckt_wrst.gcc_rst.sckt_wr_rst_cc_reg[0]/C
  -------------------------------------------------------------------    -------------------
    SLICE_X40Y123        FDRE (Prop_EFF_SLICEM_C_Q)
                                                      0.038     1.111 f  design_1_i/ps8_0_axi_periph/s01_couplers/auto_ds/inst/gen_downsizer.gen_simple_downsizer.axi_downsizer_inst/USE_READ.read_addr_inst/cmd_queue/inst/fifo_gen_inst/inst_fifo_gen/gconvfifo.rf/grf.rf/rstblk/ngwrdrst.grst.g7serrst.gnsckt_wrst.gcc_rst.sckt_wr_rst_cc_reg[0]/Q
                         net (fo=3, routed)           0.032     1.143    design_1_i/ps8_0_axi_periph/s01_couplers/auto_ds/inst/gen_downsizer.gen_simple_downsizer.axi_downsizer_inst/USE_READ.read_addr_inst/cmd_queue/inst/fifo_gen_inst/inst_fifo_gen/gconvfifo.rf/grf.rf/rstblk/ngwrdrst.grst.g7serrst.gnsckt_wrst.gcc_rst.sckt_wr_rst_cc[0]
    SLICE_X40Y123        LUT3 (Prop_G6LUT_SLICEM_I1_O)
                                                      0.050     1.193 f  design_1_i/ps8_0_axi_periph/s01_couplers/auto_ds/inst/gen_downsizer.gen_simple_downsizer.axi_downsizer_inst/USE_READ.read_addr_inst/cmd_queue/inst/fifo_gen_inst/inst_fifo_gen/gconvfifo.rf/grf.rf/rstblk/gpregsm1.curr_fwft_state[1]_i_2/O
                         net (fo=32, routed)          0.150     1.343    design_1_i/ps8_0_axi_periph/s01_couplers/auto_ds/inst/gen_downsizer.gen_simple_downsizer.axi_downsizer_inst/USE_READ.read_addr_inst/cmd_queue/inst/fifo_gen_inst/inst_fifo_gen/gconvfifo.rf/grf.rf/gntv_or_sync_fifo.gl0.rd/rpntr/gc0.count_d1_reg[4]_1
    SLICE_X40Y119        FDCE                                         f  design_1_i/ps8_0_axi_periph/s01_couplers/auto_ds/inst/gen_downsizer.gen_simple_downsizer.axi_downsizer_inst/USE_READ.read_addr_inst/cmd_queue/inst/fifo_gen_inst/inst_fifo_gen/gconvfifo.rf/grf.rf/gntv_or_sync_fifo.gl0.rd/rpntr/gc0.count_d1_reg[2]/CLR
  -------------------------------------------------------------------    -------------------

                         (clock clk_pl_0 rise edge)
                                                      0.000     0.000 r  
    PS8_X0Y0             PS8                          0.000     0.000 r  design_1_i/zynq_ultra_ps_e_0/inst/PS8_i/PLCLK[0]
                         net (fo=1, routed)           0.098     0.098    design_1_i/zynq_ultra_ps_e_0/inst/pl_clk_unbuffered[0]
    BUFG_PS_X0Y58        BUFG_PS (Prop_BUFG_PS_I_O)
                                                      0.018     0.116 r  design_1_i/zynq_ultra_ps_e_0/inst/buffer_pl_clk_0.PL_CLK_0_BUFG/O
    X1Y3 (CLOCK_ROOT)    net (fo=41467, routed)       1.114     1.230    design_1_i/ps8_0_axi_periph/s01_couplers/auto_ds/inst/gen_downsizer.gen_simple_downsizer.axi_downsizer_inst/USE_READ.read_addr_inst/cmd_queue/inst/fifo_gen_inst/inst_fifo_gen/gconvfifo.rf/grf.rf/gntv_or_sync_fifo.gl0.rd/rpntr/clk
    SLICE_X40Y119        FDCE                                         r  design_1_i/ps8_0_axi_periph/s01_couplers/auto_ds/inst/gen_downsizer.gen_simple_downsizer.axi_downsizer_inst/USE_READ.read_addr_inst/cmd_queue/inst/fifo_gen_inst/inst_fifo_gen/gconvfifo.rf/grf.rf/gntv_or_sync_fifo.gl0.rd/rpntr/gc0.count_d1_reg[2]/C
                         clock pessimism             -0.064     1.166    
    SLICE_X40Y119        FDCE (Remov_GFF2_SLICEM_C_CLR)
                                                     -0.020     1.146    design_1_i/ps8_0_axi_periph/s01_couplers/auto_ds/inst/gen_downsizer.gen_simple_downsizer.axi_downsizer_inst/USE_READ.read_addr_inst/cmd_queue/inst/fifo_gen_inst/inst_fifo_gen/gconvfifo.rf/grf.rf/gntv_or_sync_fifo.gl0.rd/rpntr/gc0.count_d1_reg[2]
  -------------------------------------------------------------------
                         required time                         -1.146    
                         arrival time                           1.343    
  -------------------------------------------------------------------
                         slack                                  0.197    

Slack (MET) :             0.197ns  (arrival time - required time)
  Source:                 design_1_i/ps8_0_axi_periph/s01_couplers/auto_ds/inst/gen_downsizer.gen_simple_downsizer.axi_downsizer_inst/USE_READ.read_addr_inst/cmd_queue/inst/fifo_gen_inst/inst_fifo_gen/gconvfifo.rf/grf.rf/rstblk/ngwrdrst.grst.g7serrst.gnsckt_wrst.gcc_rst.sckt_wr_rst_cc_reg[0]/C
                            (rising edge-triggered cell FDRE clocked by clk_pl_0  {rise@0.000ns fall@5.000ns period=10.000ns})
  Destination:            design_1_i/ps8_0_axi_periph/s01_couplers/auto_ds/inst/gen_downsizer.gen_simple_downsizer.axi_downsizer_inst/USE_READ.read_addr_inst/cmd_queue/inst/fifo_gen_inst/inst_fifo_gen/gconvfifo.rf/grf.rf/gntv_or_sync_fifo.gl0.rd/rpntr/gc0.count_d1_reg[3]/CLR
                            (removal check against rising-edge clock clk_pl_0  {rise@0.000ns fall@5.000ns period=10.000ns})
  Path Group:             **async_default**
  Path Type:              Removal (Min at Fast Process Corner)
  Requirement:            0.000ns  (clk_pl_0 rise@0.000ns - clk_pl_0 rise@0.000ns)
  Data Path Delay:        0.270ns  (logic 0.088ns (32.544%)  route 0.182ns (67.456%))
  Logic Levels:           1  (LUT3=1)
  Clock Path Skew:        0.094ns (DCD - SCD - CPR)
    Destination Clock Delay (DCD):    1.230ns
    Source Clock Delay      (SCD):    1.073ns
    Clock Pessimism Removal (CPR):    0.064ns
  Clock Net Delay (Source):      0.980ns (routing 0.222ns, distribution 0.758ns)
  Clock Net Delay (Destination): 1.114ns (routing 0.250ns, distribution 0.864ns)

    Location             Delay type                Incr(ns)  Path(ns)    Netlist Resource(s)
  -------------------------------------------------------------------    -------------------
                         (clock clk_pl_0 rise edge)
                                                      0.000     0.000 r  
    PS8_X0Y0             PS8                          0.000     0.000 r  design_1_i/zynq_ultra_ps_e_0/inst/PS8_i/PLCLK[0]
                         net (fo=1, routed)           0.076     0.076    design_1_i/zynq_ultra_ps_e_0/inst/pl_clk_unbuffered[0]
    BUFG_PS_X0Y58        BUFG_PS (Prop_BUFG_PS_I_O)
                                                      0.017     0.093 r  design_1_i/zynq_ultra_ps_e_0/inst/buffer_pl_clk_0.PL_CLK_0_BUFG/O
    X1Y3 (CLOCK_ROOT)    net (fo=41467, routed)       0.980     1.073    design_1_i/ps8_0_axi_periph/s01_couplers/auto_ds/inst/gen_downsizer.gen_simple_downsizer.axi_downsizer_inst/USE_READ.read_addr_inst/cmd_queue/inst/fifo_gen_inst/inst_fifo_gen/gconvfifo.rf/grf.rf/rstblk/clk
    SLICE_X40Y123        FDRE                                         r  design_1_i/ps8_0_axi_periph/s01_couplers/auto_ds/inst/gen_downsizer.gen_simple_downsizer.axi_downsizer_inst/USE_READ.read_addr_inst/cmd_queue/inst/fifo_gen_inst/inst_fifo_gen/gconvfifo.rf/grf.rf/rstblk/ngwrdrst.grst.g7serrst.gnsckt_wrst.gcc_rst.sckt_wr_rst_cc_reg[0]/C
  -------------------------------------------------------------------    -------------------
    SLICE_X40Y123        FDRE (Prop_EFF_SLICEM_C_Q)
                                                      0.038     1.111 f  design_1_i/ps8_0_axi_periph/s01_couplers/auto_ds/inst/gen_downsizer.gen_simple_downsizer.axi_downsizer_inst/USE_READ.read_addr_inst/cmd_queue/inst/fifo_gen_inst/inst_fifo_gen/gconvfifo.rf/grf.rf/rstblk/ngwrdrst.grst.g7serrst.gnsckt_wrst.gcc_rst.sckt_wr_rst_cc_reg[0]/Q
                         net (fo=3, routed)           0.032     1.143    design_1_i/ps8_0_axi_periph/s01_couplers/auto_ds/inst/gen_downsizer.gen_simple_downsizer.axi_downsizer_inst/USE_READ.read_addr_inst/cmd_queue/inst/fifo_gen_inst/inst_fifo_gen/gconvfifo.rf/grf.rf/rstblk/ngwrdrst.grst.g7serrst.gnsckt_wrst.gcc_rst.sckt_wr_rst_cc[0]
    SLICE_X40Y123        LUT3 (Prop_G6LUT_SLICEM_I1_O)
                                                      0.050     1.193 f  design_1_i/ps8_0_axi_periph/s01_couplers/auto_ds/inst/gen_downsizer.gen_simple_downsizer.axi_downsizer_inst/USE_READ.read_addr_inst/cmd_queue/inst/fifo_gen_inst/inst_fifo_gen/gconvfifo.rf/grf.rf/rstblk/gpregsm1.curr_fwft_state[1]_i_2/O
                         net (fo=32, routed)          0.150     1.343    design_1_i/ps8_0_axi_periph/s01_couplers/auto_ds/inst/gen_downsizer.gen_simple_downsizer.axi_downsizer_inst/USE_READ.read_addr_inst/cmd_queue/inst/fifo_gen_inst/inst_fifo_gen/gconvfifo.rf/grf.rf/gntv_or_sync_fifo.gl0.rd/rpntr/gc0.count_d1_reg[4]_1
    SLICE_X40Y119        FDCE                                         f  design_1_i/ps8_0_axi_periph/s01_couplers/auto_ds/inst/gen_downsizer.gen_simple_downsizer.axi_downsizer_inst/USE_READ.read_addr_inst/cmd_queue/inst/fifo_gen_inst/inst_fifo_gen/gconvfifo.rf/grf.rf/gntv_or_sync_fifo.gl0.rd/rpntr/gc0.count_d1_reg[3]/CLR
  -------------------------------------------------------------------    -------------------

                         (clock clk_pl_0 rise edge)
                                                      0.000     0.000 r  
    PS8_X0Y0             PS8                          0.000     0.000 r  design_1_i/zynq_ultra_ps_e_0/inst/PS8_i/PLCLK[0]
                         net (fo=1, routed)           0.098     0.098    design_1_i/zynq_ultra_ps_e_0/inst/pl_clk_unbuffered[0]
    BUFG_PS_X0Y58        BUFG_PS (Prop_BUFG_PS_I_O)
                                                      0.018     0.116 r  design_1_i/zynq_ultra_ps_e_0/inst/buffer_pl_clk_0.PL_CLK_0_BUFG/O
    X1Y3 (CLOCK_ROOT)    net (fo=41467, routed)       1.114     1.230    design_1_i/ps8_0_axi_periph/s01_couplers/auto_ds/inst/gen_downsizer.gen_simple_downsizer.axi_downsizer_inst/USE_READ.read_addr_inst/cmd_queue/inst/fifo_gen_inst/inst_fifo_gen/gconvfifo.rf/grf.rf/gntv_or_sync_fifo.gl0.rd/rpntr/clk
    SLICE_X40Y119        FDCE                                         r  design_1_i/ps8_0_axi_periph/s01_couplers/auto_ds/inst/gen_downsizer.gen_simple_downsizer.axi_downsizer_inst/USE_READ.read_addr_inst/cmd_queue/inst/fifo_gen_inst/inst_fifo_gen/gconvfifo.rf/grf.rf/gntv_or_sync_fifo.gl0.rd/rpntr/gc0.count_d1_reg[3]/C
                         clock pessimism             -0.064     1.166    
    SLICE_X40Y119        FDCE (Remov_FFF2_SLICEM_C_CLR)
                                                     -0.020     1.146    design_1_i/ps8_0_axi_periph/s01_couplers/auto_ds/inst/gen_downsizer.gen_simple_downsizer.axi_downsizer_inst/USE_READ.read_addr_inst/cmd_queue/inst/fifo_gen_inst/inst_fifo_gen/gconvfifo.rf/grf.rf/gntv_or_sync_fifo.gl0.rd/rpntr/gc0.count_d1_reg[3]
  -------------------------------------------------------------------
                         required time                         -1.146    
                         arrival time                           1.343    
  -------------------------------------------------------------------
                         slack                                  0.197    

Slack (MET) :             0.197ns  (arrival time - required time)
  Source:                 design_1_i/ps8_0_axi_periph/s01_couplers/auto_ds/inst/gen_downsizer.gen_simple_downsizer.axi_downsizer_inst/USE_READ.read_addr_inst/cmd_queue/inst/fifo_gen_inst/inst_fifo_gen/gconvfifo.rf/grf.rf/rstblk/ngwrdrst.grst.g7serrst.gnsckt_wrst.gcc_rst.sckt_wr_rst_cc_reg[0]/C
                            (rising edge-triggered cell FDRE clocked by clk_pl_0  {rise@0.000ns fall@5.000ns period=10.000ns})
  Destination:            design_1_i/ps8_0_axi_periph/s01_couplers/auto_ds/inst/gen_downsizer.gen_simple_downsizer.axi_downsizer_inst/USE_READ.read_addr_inst/cmd_queue/inst/fifo_gen_inst/inst_fifo_gen/gconvfifo.rf/grf.rf/gntv_or_sync_fifo.gl0.rd/rpntr/gc0.count_d1_reg[4]/CLR
                            (removal check against rising-edge clock clk_pl_0  {rise@0.000ns fall@5.000ns period=10.000ns})
  Path Group:             **async_default**
  Path Type:              Removal (Min at Fast Process Corner)
  Requirement:            0.000ns  (clk_pl_0 rise@0.000ns - clk_pl_0 rise@0.000ns)
  Data Path Delay:        0.270ns  (logic 0.088ns (32.544%)  route 0.182ns (67.456%))
  Logic Levels:           1  (LUT3=1)
  Clock Path Skew:        0.094ns (DCD - SCD - CPR)
    Destination Clock Delay (DCD):    1.230ns
    Source Clock Delay      (SCD):    1.073ns
    Clock Pessimism Removal (CPR):    0.064ns
  Clock Net Delay (Source):      0.980ns (routing 0.222ns, distribution 0.758ns)
  Clock Net Delay (Destination): 1.114ns (routing 0.250ns, distribution 0.864ns)

    Location             Delay type                Incr(ns)  Path(ns)    Netlist Resource(s)
  -------------------------------------------------------------------    -------------------
                         (clock clk_pl_0 rise edge)
                                                      0.000     0.000 r  
    PS8_X0Y0             PS8                          0.000     0.000 r  design_1_i/zynq_ultra_ps_e_0/inst/PS8_i/PLCLK[0]
                         net (fo=1, routed)           0.076     0.076    design_1_i/zynq_ultra_ps_e_0/inst/pl_clk_unbuffered[0]
    BUFG_PS_X0Y58        BUFG_PS (Prop_BUFG_PS_I_O)
                                                      0.017     0.093 r  design_1_i/zynq_ultra_ps_e_0/inst/buffer_pl_clk_0.PL_CLK_0_BUFG/O
    X1Y3 (CLOCK_ROOT)    net (fo=41467, routed)       0.980     1.073    design_1_i/ps8_0_axi_periph/s01_couplers/auto_ds/inst/gen_downsizer.gen_simple_downsizer.axi_downsizer_inst/USE_READ.read_addr_inst/cmd_queue/inst/fifo_gen_inst/inst_fifo_gen/gconvfifo.rf/grf.rf/rstblk/clk
    SLICE_X40Y123        FDRE                                         r  design_1_i/ps8_0_axi_periph/s01_couplers/auto_ds/inst/gen_downsizer.gen_simple_downsizer.axi_downsizer_inst/USE_READ.read_addr_inst/cmd_queue/inst/fifo_gen_inst/inst_fifo_gen/gconvfifo.rf/grf.rf/rstblk/ngwrdrst.grst.g7serrst.gnsckt_wrst.gcc_rst.sckt_wr_rst_cc_reg[0]/C
  -------------------------------------------------------------------    -------------------
    SLICE_X40Y123        FDRE (Prop_EFF_SLICEM_C_Q)
                                                      0.038     1.111 f  design_1_i/ps8_0_axi_periph/s01_couplers/auto_ds/inst/gen_downsizer.gen_simple_downsizer.axi_downsizer_inst/USE_READ.read_addr_inst/cmd_queue/inst/fifo_gen_inst/inst_fifo_gen/gconvfifo.rf/grf.rf/rstblk/ngwrdrst.grst.g7serrst.gnsckt_wrst.gcc_rst.sckt_wr_rst_cc_reg[0]/Q
                         net (fo=3, routed)           0.032     1.143    design_1_i/ps8_0_axi_periph/s01_couplers/auto_ds/inst/gen_downsizer.gen_simple_downsizer.axi_downsizer_inst/USE_READ.read_addr_inst/cmd_queue/inst/fifo_gen_inst/inst_fifo_gen/gconvfifo.rf/grf.rf/rstblk/ngwrdrst.grst.g7serrst.gnsckt_wrst.gcc_rst.sckt_wr_rst_cc[0]
    SLICE_X40Y123        LUT3 (Prop_G6LUT_SLICEM_I1_O)
                                                      0.050     1.193 f  design_1_i/ps8_0_axi_periph/s01_couplers/auto_ds/inst/gen_downsizer.gen_simple_downsizer.axi_downsizer_inst/USE_READ.read_addr_inst/cmd_queue/inst/fifo_gen_inst/inst_fifo_gen/gconvfifo.rf/grf.rf/rstblk/gpregsm1.curr_fwft_state[1]_i_2/O
                         net (fo=32, routed)          0.150     1.343    design_1_i/ps8_0_axi_periph/s01_couplers/auto_ds/inst/gen_downsizer.gen_simple_downsizer.axi_downsizer_inst/USE_READ.read_addr_inst/cmd_queue/inst/fifo_gen_inst/inst_fifo_gen/gconvfifo.rf/grf.rf/gntv_or_sync_fifo.gl0.rd/rpntr/gc0.count_d1_reg[4]_1
    SLICE_X40Y119        FDCE                                         f  design_1_i/ps8_0_axi_periph/s01_couplers/auto_ds/inst/gen_downsizer.gen_simple_downsizer.axi_downsizer_inst/USE_READ.read_addr_inst/cmd_queue/inst/fifo_gen_inst/inst_fifo_gen/gconvfifo.rf/grf.rf/gntv_or_sync_fifo.gl0.rd/rpntr/gc0.count_d1_reg[4]/CLR
  -------------------------------------------------------------------    -------------------

                         (clock clk_pl_0 rise edge)
                                                      0.000     0.000 r  
    PS8_X0Y0             PS8                          0.000     0.000 r  design_1_i/zynq_ultra_ps_e_0/inst/PS8_i/PLCLK[0]
                         net (fo=1, routed)           0.098     0.098    design_1_i/zynq_ultra_ps_e_0/inst/pl_clk_unbuffered[0]
    BUFG_PS_X0Y58        BUFG_PS (Prop_BUFG_PS_I_O)
                                                      0.018     0.116 r  design_1_i/zynq_ultra_ps_e_0/inst/buffer_pl_clk_0.PL_CLK_0_BUFG/O
    X1Y3 (CLOCK_ROOT)    net (fo=41467, routed)       1.114     1.230    design_1_i/ps8_0_axi_periph/s01_couplers/auto_ds/inst/gen_downsizer.gen_simple_downsizer.axi_downsizer_inst/USE_READ.read_addr_inst/cmd_queue/inst/fifo_gen_inst/inst_fifo_gen/gconvfifo.rf/grf.rf/gntv_or_sync_fifo.gl0.rd/rpntr/clk
    SLICE_X40Y119        FDCE                                         r  design_1_i/ps8_0_axi_periph/s01_couplers/auto_ds/inst/gen_downsizer.gen_simple_downsizer.axi_downsizer_inst/USE_READ.read_addr_inst/cmd_queue/inst/fifo_gen_inst/inst_fifo_gen/gconvfifo.rf/grf.rf/gntv_or_sync_fifo.gl0.rd/rpntr/gc0.count_d1_reg[4]/C
                         clock pessimism             -0.064     1.166    
    SLICE_X40Y119        FDCE (Remov_EFF2_SLICEM_C_CLR)
                                                     -0.020     1.146    design_1_i/ps8_0_axi_periph/s01_couplers/auto_ds/inst/gen_downsizer.gen_simple_downsizer.axi_downsizer_inst/USE_READ.read_addr_inst/cmd_queue/inst/fifo_gen_inst/inst_fifo_gen/gconvfifo.rf/grf.rf/gntv_or_sync_fifo.gl0.rd/rpntr/gc0.count_d1_reg[4]
  -------------------------------------------------------------------
                         required time                         -1.146    
                         arrival time                           1.343    
  -------------------------------------------------------------------
                         slack                                  0.197    

Slack (MET) :             0.197ns  (arrival time - required time)
  Source:                 design_1_i/ps8_0_axi_periph/s01_couplers/auto_ds/inst/gen_downsizer.gen_simple_downsizer.axi_downsizer_inst/USE_READ.read_addr_inst/cmd_queue/inst/fifo_gen_inst/inst_fifo_gen/gconvfifo.rf/grf.rf/rstblk/ngwrdrst.grst.g7serrst.gnsckt_wrst.gcc_rst.sckt_wr_rst_cc_reg[0]/C
                            (rising edge-triggered cell FDRE clocked by clk_pl_0  {rise@0.000ns fall@5.000ns period=10.000ns})
  Destination:            design_1_i/ps8_0_axi_periph/s01_couplers/auto_ds/inst/gen_downsizer.gen_simple_downsizer.axi_downsizer_inst/USE_READ.read_addr_inst/cmd_queue/inst/fifo_gen_inst/inst_fifo_gen/gconvfifo.rf/grf.rf/gntv_or_sync_fifo.gl0.wr/wpntr/gcc0.gc0.count_d1_reg[0]/CLR
                            (removal check against rising-edge clock clk_pl_0  {rise@0.000ns fall@5.000ns period=10.000ns})
  Path Group:             **async_default**
  Path Type:              Removal (Min at Fast Process Corner)
  Requirement:            0.000ns  (clk_pl_0 rise@0.000ns - clk_pl_0 rise@0.000ns)
  Data Path Delay:        0.270ns  (logic 0.088ns (32.544%)  route 0.182ns (67.456%))
  Logic Levels:           1  (LUT3=1)
  Clock Path Skew:        0.094ns (DCD - SCD - CPR)
    Destination Clock Delay (DCD):    1.230ns
    Source Clock Delay      (SCD):    1.073ns
    Clock Pessimism Removal (CPR):    0.064ns
  Clock Net Delay (Source):      0.980ns (routing 0.222ns, distribution 0.758ns)
  Clock Net Delay (Destination): 1.114ns (routing 0.250ns, distribution 0.864ns)

    Location             Delay type                Incr(ns)  Path(ns)    Netlist Resource(s)
  -------------------------------------------------------------------    -------------------
                         (clock clk_pl_0 rise edge)
                                                      0.000     0.000 r  
    PS8_X0Y0             PS8                          0.000     0.000 r  design_1_i/zynq_ultra_ps_e_0/inst/PS8_i/PLCLK[0]
                         net (fo=1, routed)           0.076     0.076    design_1_i/zynq_ultra_ps_e_0/inst/pl_clk_unbuffered[0]
    BUFG_PS_X0Y58        BUFG_PS (Prop_BUFG_PS_I_O)
                                                      0.017     0.093 r  design_1_i/zynq_ultra_ps_e_0/inst/buffer_pl_clk_0.PL_CLK_0_BUFG/O
    X1Y3 (CLOCK_ROOT)    net (fo=41467, routed)       0.980     1.073    design_1_i/ps8_0_axi_periph/s01_couplers/auto_ds/inst/gen_downsizer.gen_simple_downsizer.axi_downsizer_inst/USE_READ.read_addr_inst/cmd_queue/inst/fifo_gen_inst/inst_fifo_gen/gconvfifo.rf/grf.rf/rstblk/clk
    SLICE_X40Y123        FDRE                                         r  design_1_i/ps8_0_axi_periph/s01_couplers/auto_ds/inst/gen_downsizer.gen_simple_downsizer.axi_downsizer_inst/USE_READ.read_addr_inst/cmd_queue/inst/fifo_gen_inst/inst_fifo_gen/gconvfifo.rf/grf.rf/rstblk/ngwrdrst.grst.g7serrst.gnsckt_wrst.gcc_rst.sckt_wr_rst_cc_reg[0]/C
  -------------------------------------------------------------------    -------------------
    SLICE_X40Y123        FDRE (Prop_EFF_SLICEM_C_Q)
                                                      0.038     1.111 f  design_1_i/ps8_0_axi_periph/s01_couplers/auto_ds/inst/gen_downsizer.gen_simple_downsizer.axi_downsizer_inst/USE_READ.read_addr_inst/cmd_queue/inst/fifo_gen_inst/inst_fifo_gen/gconvfifo.rf/grf.rf/rstblk/ngwrdrst.grst.g7serrst.gnsckt_wrst.gcc_rst.sckt_wr_rst_cc_reg[0]/Q
                         net (fo=3, routed)           0.032     1.143    design_1_i/ps8_0_axi_periph/s01_couplers/auto_ds/inst/gen_downsizer.gen_simple_downsizer.axi_downsizer_inst/USE_READ.read_addr_inst/cmd_queue/inst/fifo_gen_inst/inst_fifo_gen/gconvfifo.rf/grf.rf/rstblk/ngwrdrst.grst.g7serrst.gnsckt_wrst.gcc_rst.sckt_wr_rst_cc[0]
    SLICE_X40Y123        LUT3 (Prop_G6LUT_SLICEM_I1_O)
                                                      0.050     1.193 f  design_1_i/ps8_0_axi_periph/s01_couplers/auto_ds/inst/gen_downsizer.gen_simple_downsizer.axi_downsizer_inst/USE_READ.read_addr_inst/cmd_queue/inst/fifo_gen_inst/inst_fifo_gen/gconvfifo.rf/grf.rf/rstblk/gpregsm1.curr_fwft_state[1]_i_2/O
                         net (fo=32, routed)          0.150     1.343    design_1_i/ps8_0_axi_periph/s01_couplers/auto_ds/inst/gen_downsizer.gen_simple_downsizer.axi_downsizer_inst/USE_READ.read_addr_inst/cmd_queue/inst/fifo_gen_inst/inst_fifo_gen/gconvfifo.rf/grf.rf/gntv_or_sync_fifo.gl0.wr/wpntr/AR[0]
    SLICE_X40Y119        FDCE                                         f  design_1_i/ps8_0_axi_periph/s01_couplers/auto_ds/inst/gen_downsizer.gen_simple_downsizer.axi_downsizer_inst/USE_READ.read_addr_inst/cmd_queue/inst/fifo_gen_inst/inst_fifo_gen/gconvfifo.rf/grf.rf/gntv_or_sync_fifo.gl0.wr/wpntr/gcc0.gc0.count_d1_reg[0]/CLR
  -------------------------------------------------------------------    -------------------

                         (clock clk_pl_0 rise edge)
                                                      0.000     0.000 r  
    PS8_X0Y0             PS8                          0.000     0.000 r  design_1_i/zynq_ultra_ps_e_0/inst/PS8_i/PLCLK[0]
                         net (fo=1, routed)           0.098     0.098    design_1_i/zynq_ultra_ps_e_0/inst/pl_clk_unbuffered[0]
    BUFG_PS_X0Y58        BUFG_PS (Prop_BUFG_PS_I_O)
                                                      0.018     0.116 r  design_1_i/zynq_ultra_ps_e_0/inst/buffer_pl_clk_0.PL_CLK_0_BUFG/O
    X1Y3 (CLOCK_ROOT)    net (fo=41467, routed)       1.114     1.230    design_1_i/ps8_0_axi_periph/s01_couplers/auto_ds/inst/gen_downsizer.gen_simple_downsizer.axi_downsizer_inst/USE_READ.read_addr_inst/cmd_queue/inst/fifo_gen_inst/inst_fifo_gen/gconvfifo.rf/grf.rf/gntv_or_sync_fifo.gl0.wr/wpntr/clk
    SLICE_X40Y119        FDCE                                         r  design_1_i/ps8_0_axi_periph/s01_couplers/auto_ds/inst/gen_downsizer.gen_simple_downsizer.axi_downsizer_inst/USE_READ.read_addr_inst/cmd_queue/inst/fifo_gen_inst/inst_fifo_gen/gconvfifo.rf/grf.rf/gntv_or_sync_fifo.gl0.wr/wpntr/gcc0.gc0.count_d1_reg[0]/C
                         clock pessimism             -0.064     1.166    
    SLICE_X40Y119        FDCE (Remov_HFF_SLICEM_C_CLR)
                                                     -0.020     1.146    design_1_i/ps8_0_axi_periph/s01_couplers/auto_ds/inst/gen_downsizer.gen_simple_downsizer.axi_downsizer_inst/USE_READ.read_addr_inst/cmd_queue/inst/fifo_gen_inst/inst_fifo_gen/gconvfifo.rf/grf.rf/gntv_or_sync_fifo.gl0.wr/wpntr/gcc0.gc0.count_d1_reg[0]
  -------------------------------------------------------------------
                         required time                         -1.146    
                         arrival time                           1.343    
  -------------------------------------------------------------------
                         slack                                  0.197    

Slack (MET) :             0.197ns  (arrival time - required time)
  Source:                 design_1_i/ps8_0_axi_periph/s01_couplers/auto_ds/inst/gen_downsizer.gen_simple_downsizer.axi_downsizer_inst/USE_READ.read_addr_inst/cmd_queue/inst/fifo_gen_inst/inst_fifo_gen/gconvfifo.rf/grf.rf/rstblk/ngwrdrst.grst.g7serrst.gnsckt_wrst.gcc_rst.sckt_wr_rst_cc_reg[0]/C
                            (rising edge-triggered cell FDRE clocked by clk_pl_0  {rise@0.000ns fall@5.000ns period=10.000ns})
  Destination:            design_1_i/ps8_0_axi_periph/s01_couplers/auto_ds/inst/gen_downsizer.gen_simple_downsizer.axi_downsizer_inst/USE_READ.read_addr_inst/cmd_queue/inst/fifo_gen_inst/inst_fifo_gen/gconvfifo.rf/grf.rf/gntv_or_sync_fifo.gl0.wr/wpntr/gcc0.gc0.count_d1_reg[1]/CLR
                            (removal check against rising-edge clock clk_pl_0  {rise@0.000ns fall@5.000ns period=10.000ns})
  Path Group:             **async_default**
  Path Type:              Removal (Min at Fast Process Corner)
  Requirement:            0.000ns  (clk_pl_0 rise@0.000ns - clk_pl_0 rise@0.000ns)
  Data Path Delay:        0.270ns  (logic 0.088ns (32.544%)  route 0.182ns (67.456%))
  Logic Levels:           1  (LUT3=1)
  Clock Path Skew:        0.094ns (DCD - SCD - CPR)
    Destination Clock Delay (DCD):    1.230ns
    Source Clock Delay      (SCD):    1.073ns
    Clock Pessimism Removal (CPR):    0.064ns
  Clock Net Delay (Source):      0.980ns (routing 0.222ns, distribution 0.758ns)
  Clock Net Delay (Destination): 1.114ns (routing 0.250ns, distribution 0.864ns)

    Location             Delay type                Incr(ns)  Path(ns)    Netlist Resource(s)
  -------------------------------------------------------------------    -------------------
                         (clock clk_pl_0 rise edge)
                                                      0.000     0.000 r  
    PS8_X0Y0             PS8                          0.000     0.000 r  design_1_i/zynq_ultra_ps_e_0/inst/PS8_i/PLCLK[0]
                         net (fo=1, routed)           0.076     0.076    design_1_i/zynq_ultra_ps_e_0/inst/pl_clk_unbuffered[0]
    BUFG_PS_X0Y58        BUFG_PS (Prop_BUFG_PS_I_O)
                                                      0.017     0.093 r  design_1_i/zynq_ultra_ps_e_0/inst/buffer_pl_clk_0.PL_CLK_0_BUFG/O
    X1Y3 (CLOCK_ROOT)    net (fo=41467, routed)       0.980     1.073    design_1_i/ps8_0_axi_periph/s01_couplers/auto_ds/inst/gen_downsizer.gen_simple_downsizer.axi_downsizer_inst/USE_READ.read_addr_inst/cmd_queue/inst/fifo_gen_inst/inst_fifo_gen/gconvfifo.rf/grf.rf/rstblk/clk
    SLICE_X40Y123        FDRE                                         r  design_1_i/ps8_0_axi_periph/s01_couplers/auto_ds/inst/gen_downsizer.gen_simple_downsizer.axi_downsizer_inst/USE_READ.read_addr_inst/cmd_queue/inst/fifo_gen_inst/inst_fifo_gen/gconvfifo.rf/grf.rf/rstblk/ngwrdrst.grst.g7serrst.gnsckt_wrst.gcc_rst.sckt_wr_rst_cc_reg[0]/C
  -------------------------------------------------------------------    -------------------
    SLICE_X40Y123        FDRE (Prop_EFF_SLICEM_C_Q)
                                                      0.038     1.111 f  design_1_i/ps8_0_axi_periph/s01_couplers/auto_ds/inst/gen_downsizer.gen_simple_downsizer.axi_downsizer_inst/USE_READ.read_addr_inst/cmd_queue/inst/fifo_gen_inst/inst_fifo_gen/gconvfifo.rf/grf.rf/rstblk/ngwrdrst.grst.g7serrst.gnsckt_wrst.gcc_rst.sckt_wr_rst_cc_reg[0]/Q
                         net (fo=3, routed)           0.032     1.143    design_1_i/ps8_0_axi_periph/s01_couplers/auto_ds/inst/gen_downsizer.gen_simple_downsizer.axi_downsizer_inst/USE_READ.read_addr_inst/cmd_queue/inst/fifo_gen_inst/inst_fifo_gen/gconvfifo.rf/grf.rf/rstblk/ngwrdrst.grst.g7serrst.gnsckt_wrst.gcc_rst.sckt_wr_rst_cc[0]
    SLICE_X40Y123        LUT3 (Prop_G6LUT_SLICEM_I1_O)
                                                      0.050     1.193 f  design_1_i/ps8_0_axi_periph/s01_couplers/auto_ds/inst/gen_downsizer.gen_simple_downsizer.axi_downsizer_inst/USE_READ.read_addr_inst/cmd_queue/inst/fifo_gen_inst/inst_fifo_gen/gconvfifo.rf/grf.rf/rstblk/gpregsm1.curr_fwft_state[1]_i_2/O
                         net (fo=32, routed)          0.150     1.343    design_1_i/ps8_0_axi_periph/s01_couplers/auto_ds/inst/gen_downsizer.gen_simple_downsizer.axi_downsizer_inst/USE_READ.read_addr_inst/cmd_queue/inst/fifo_gen_inst/inst_fifo_gen/gconvfifo.rf/grf.rf/gntv_or_sync_fifo.gl0.wr/wpntr/AR[0]
    SLICE_X40Y119        FDCE                                         f  design_1_i/ps8_0_axi_periph/s01_couplers/auto_ds/inst/gen_downsizer.gen_simple_downsizer.axi_downsizer_inst/USE_READ.read_addr_inst/cmd_queue/inst/fifo_gen_inst/inst_fifo_gen/gconvfifo.rf/grf.rf/gntv_or_sync_fifo.gl0.wr/wpntr/gcc0.gc0.count_d1_reg[1]/CLR
  -------------------------------------------------------------------    -------------------

                         (clock clk_pl_0 rise edge)
                                                      0.000     0.000 r  
    PS8_X0Y0             PS8                          0.000     0.000 r  design_1_i/zynq_ultra_ps_e_0/inst/PS8_i/PLCLK[0]
                         net (fo=1, routed)           0.098     0.098    design_1_i/zynq_ultra_ps_e_0/inst/pl_clk_unbuffered[0]
    BUFG_PS_X0Y58        BUFG_PS (Prop_BUFG_PS_I_O)
                                                      0.018     0.116 r  design_1_i/zynq_ultra_ps_e_0/inst/buffer_pl_clk_0.PL_CLK_0_BUFG/O
    X1Y3 (CLOCK_ROOT)    net (fo=41467, routed)       1.114     1.230    design_1_i/ps8_0_axi_periph/s01_couplers/auto_ds/inst/gen_downsizer.gen_simple_downsizer.axi_downsizer_inst/USE_READ.read_addr_inst/cmd_queue/inst/fifo_gen_inst/inst_fifo_gen/gconvfifo.rf/grf.rf/gntv_or_sync_fifo.gl0.wr/wpntr/clk
    SLICE_X40Y119        FDCE                                         r  design_1_i/ps8_0_axi_periph/s01_couplers/auto_ds/inst/gen_downsizer.gen_simple_downsizer.axi_downsizer_inst/USE_READ.read_addr_inst/cmd_queue/inst/fifo_gen_inst/inst_fifo_gen/gconvfifo.rf/grf.rf/gntv_or_sync_fifo.gl0.wr/wpntr/gcc0.gc0.count_d1_reg[1]/C
                         clock pessimism             -0.064     1.166    
    SLICE_X40Y119        FDCE (Remov_GFF_SLICEM_C_CLR)
                                                     -0.020     1.146    design_1_i/ps8_0_axi_periph/s01_couplers/auto_ds/inst/gen_downsizer.gen_simple_downsizer.axi_downsizer_inst/USE_READ.read_addr_inst/cmd_queue/inst/fifo_gen_inst/inst_fifo_gen/gconvfifo.rf/grf.rf/gntv_or_sync_fifo.gl0.wr/wpntr/gcc0.gc0.count_d1_reg[1]
  -------------------------------------------------------------------
                         required time                         -1.146    
                         arrival time                           1.343    
  -------------------------------------------------------------------
                         slack                                  0.197    

Slack (MET) :             0.197ns  (arrival time - required time)
  Source:                 design_1_i/ps8_0_axi_periph/s01_couplers/auto_ds/inst/gen_downsizer.gen_simple_downsizer.axi_downsizer_inst/USE_READ.read_addr_inst/cmd_queue/inst/fifo_gen_inst/inst_fifo_gen/gconvfifo.rf/grf.rf/rstblk/ngwrdrst.grst.g7serrst.gnsckt_wrst.gcc_rst.sckt_wr_rst_cc_reg[0]/C
                            (rising edge-triggered cell FDRE clocked by clk_pl_0  {rise@0.000ns fall@5.000ns period=10.000ns})
  Destination:            design_1_i/ps8_0_axi_periph/s01_couplers/auto_ds/inst/gen_downsizer.gen_simple_downsizer.axi_downsizer_inst/USE_READ.read_addr_inst/cmd_queue/inst/fifo_gen_inst/inst_fifo_gen/gconvfifo.rf/grf.rf/gntv_or_sync_fifo.gl0.wr/wpntr/gcc0.gc0.count_reg[1]/CLR
                            (removal check against rising-edge clock clk_pl_0  {rise@0.000ns fall@5.000ns period=10.000ns})
  Path Group:             **async_default**
  Path Type:              Removal (Min at Fast Process Corner)
  Requirement:            0.000ns  (clk_pl_0 rise@0.000ns - clk_pl_0 rise@0.000ns)
  Data Path Delay:        0.270ns  (logic 0.088ns (32.544%)  route 0.182ns (67.456%))
  Logic Levels:           1  (LUT3=1)
  Clock Path Skew:        0.094ns (DCD - SCD - CPR)
    Destination Clock Delay (DCD):    1.230ns
    Source Clock Delay      (SCD):    1.073ns
    Clock Pessimism Removal (CPR):    0.064ns
  Clock Net Delay (Source):      0.980ns (routing 0.222ns, distribution 0.758ns)
  Clock Net Delay (Destination): 1.114ns (routing 0.250ns, distribution 0.864ns)

    Location             Delay type                Incr(ns)  Path(ns)    Netlist Resource(s)
  -------------------------------------------------------------------    -------------------
                         (clock clk_pl_0 rise edge)
                                                      0.000     0.000 r  
    PS8_X0Y0             PS8                          0.000     0.000 r  design_1_i/zynq_ultra_ps_e_0/inst/PS8_i/PLCLK[0]
                         net (fo=1, routed)           0.076     0.076    design_1_i/zynq_ultra_ps_e_0/inst/pl_clk_unbuffered[0]
    BUFG_PS_X0Y58        BUFG_PS (Prop_BUFG_PS_I_O)
                                                      0.017     0.093 r  design_1_i/zynq_ultra_ps_e_0/inst/buffer_pl_clk_0.PL_CLK_0_BUFG/O
    X1Y3 (CLOCK_ROOT)    net (fo=41467, routed)       0.980     1.073    design_1_i/ps8_0_axi_periph/s01_couplers/auto_ds/inst/gen_downsizer.gen_simple_downsizer.axi_downsizer_inst/USE_READ.read_addr_inst/cmd_queue/inst/fifo_gen_inst/inst_fifo_gen/gconvfifo.rf/grf.rf/rstblk/clk
    SLICE_X40Y123        FDRE                                         r  design_1_i/ps8_0_axi_periph/s01_couplers/auto_ds/inst/gen_downsizer.gen_simple_downsizer.axi_downsizer_inst/USE_READ.read_addr_inst/cmd_queue/inst/fifo_gen_inst/inst_fifo_gen/gconvfifo.rf/grf.rf/rstblk/ngwrdrst.grst.g7serrst.gnsckt_wrst.gcc_rst.sckt_wr_rst_cc_reg[0]/C
  -------------------------------------------------------------------    -------------------
    SLICE_X40Y123        FDRE (Prop_EFF_SLICEM_C_Q)
                                                      0.038     1.111 f  design_1_i/ps8_0_axi_periph/s01_couplers/auto_ds/inst/gen_downsizer.gen_simple_downsizer.axi_downsizer_inst/USE_READ.read_addr_inst/cmd_queue/inst/fifo_gen_inst/inst_fifo_gen/gconvfifo.rf/grf.rf/rstblk/ngwrdrst.grst.g7serrst.gnsckt_wrst.gcc_rst.sckt_wr_rst_cc_reg[0]/Q
                         net (fo=3, routed)           0.032     1.143    design_1_i/ps8_0_axi_periph/s01_couplers/auto_ds/inst/gen_downsizer.gen_simple_downsizer.axi_downsizer_inst/USE_READ.read_addr_inst/cmd_queue/inst/fifo_gen_inst/inst_fifo_gen/gconvfifo.rf/grf.rf/rstblk/ngwrdrst.grst.g7serrst.gnsckt_wrst.gcc_rst.sckt_wr_rst_cc[0]
    SLICE_X40Y123        LUT3 (Prop_G6LUT_SLICEM_I1_O)
                                                      0.050     1.193 f  design_1_i/ps8_0_axi_periph/s01_couplers/auto_ds/inst/gen_downsizer.gen_simple_downsizer.axi_downsizer_inst/USE_READ.read_addr_inst/cmd_queue/inst/fifo_gen_inst/inst_fifo_gen/gconvfifo.rf/grf.rf/rstblk/gpregsm1.curr_fwft_state[1]_i_2/O
                         net (fo=32, routed)          0.150     1.343    design_1_i/ps8_0_axi_periph/s01_couplers/auto_ds/inst/gen_downsizer.gen_simple_downsizer.axi_downsizer_inst/USE_READ.read_addr_inst/cmd_queue/inst/fifo_gen_inst/inst_fifo_gen/gconvfifo.rf/grf.rf/gntv_or_sync_fifo.gl0.wr/wpntr/AR[0]
    SLICE_X40Y119        FDCE                                         f  design_1_i/ps8_0_axi_periph/s01_couplers/auto_ds/inst/gen_downsizer.gen_simple_downsizer.axi_downsizer_inst/USE_READ.read_addr_inst/cmd_queue/inst/fifo_gen_inst/inst_fifo_gen/gconvfifo.rf/grf.rf/gntv_or_sync_fifo.gl0.wr/wpntr/gcc0.gc0.count_reg[1]/CLR
  -------------------------------------------------------------------    -------------------

                         (clock clk_pl_0 rise edge)
                                                      0.000     0.000 r  
    PS8_X0Y0             PS8                          0.000     0.000 r  design_1_i/zynq_ultra_ps_e_0/inst/PS8_i/PLCLK[0]
                         net (fo=1, routed)           0.098     0.098    design_1_i/zynq_ultra_ps_e_0/inst/pl_clk_unbuffered[0]
    BUFG_PS_X0Y58        BUFG_PS (Prop_BUFG_PS_I_O)
                                                      0.018     0.116 r  design_1_i/zynq_ultra_ps_e_0/inst/buffer_pl_clk_0.PL_CLK_0_BUFG/O
    X1Y3 (CLOCK_ROOT)    net (fo=41467, routed)       1.114     1.230    design_1_i/ps8_0_axi_periph/s01_couplers/auto_ds/inst/gen_downsizer.gen_simple_downsizer.axi_downsizer_inst/USE_READ.read_addr_inst/cmd_queue/inst/fifo_gen_inst/inst_fifo_gen/gconvfifo.rf/grf.rf/gntv_or_sync_fifo.gl0.wr/wpntr/clk
    SLICE_X40Y119        FDCE                                         r  design_1_i/ps8_0_axi_periph/s01_couplers/auto_ds/inst/gen_downsizer.gen_simple_downsizer.axi_downsizer_inst/USE_READ.read_addr_inst/cmd_queue/inst/fifo_gen_inst/inst_fifo_gen/gconvfifo.rf/grf.rf/gntv_or_sync_fifo.gl0.wr/wpntr/gcc0.gc0.count_reg[1]/C
                         clock pessimism             -0.064     1.166    
    SLICE_X40Y119        FDCE (Remov_FFF_SLICEM_C_CLR)
                                                     -0.020     1.146    design_1_i/ps8_0_axi_periph/s01_couplers/auto_ds/inst/gen_downsizer.gen_simple_downsizer.axi_downsizer_inst/USE_READ.read_addr_inst/cmd_queue/inst/fifo_gen_inst/inst_fifo_gen/gconvfifo.rf/grf.rf/gntv_or_sync_fifo.gl0.wr/wpntr/gcc0.gc0.count_reg[1]
  -------------------------------------------------------------------
                         required time                         -1.146    
                         arrival time                           1.343    
  -------------------------------------------------------------------
                         slack                                  0.197    





--------------------------------------------------------------------------------------
Path Group:  (none)
From Clock:  
  To Clock:  clk_pl_0

Max Delay             1 Endpoint
Min Delay             1 Endpoint
--------------------------------------------------------------------------------------


Max Delay Paths
--------------------------------------------------------------------------------------
Slack:                    inf
  Source:                 design_1_i/zynq_ultra_ps_e_0/inst/PS8_i/EMIOGPIOO[95]
                            (internal pin)
  Destination:            design_1_i/rst_ps8_0_99M/U0/EXT_LPF/ACTIVE_LOW_EXT.ACT_LO_EXT/GENERATE_LEVEL_P_S_CDC.SINGLE_BIT.CROSS_PLEVEL_IN2SCNDRY_IN_cdc_to/D
                            (rising edge-triggered cell FDRE clocked by clk_pl_0  {rise@0.000ns fall@5.000ns period=10.000ns})
  Path Group:             (none)
  Path Type:              Setup (Max at Slow Process Corner)
  Data Path Delay:        0.873ns  (logic 0.150ns (17.182%)  route 0.723ns (82.818%))
  Logic Levels:           1  (LUT1=1)
  Clock Uncertainty:      0.127ns  ((TSJ^2 + DJ^2)^1/2) / 2 + PE
    Total System Jitter     (TSJ):    0.050ns
    Discrete Jitter          (DJ):    0.250ns
    Phase Error              (PE):    0.000ns
  Clock Net Delay (Destination): 1.598ns (routing 0.363ns, distribution 1.235ns)
  Timing Exception:       False Path

    Location             Delay type                Incr(ns)  Path(ns)    Netlist Resource(s)
  -------------------------------------------------------------------    -------------------
    PS8_X0Y0             PS8                          0.000     0.000 f  design_1_i/zynq_ultra_ps_e_0/inst/PS8_i/EMIOGPIOO[95]
                         net (fo=1, routed)           0.426     0.426    design_1_i/rst_ps8_0_99M/U0/EXT_LPF/ACTIVE_LOW_EXT.ACT_LO_EXT/ext_reset_in
    SLICE_X31Y183        LUT1 (Prop_G6LUT_SLICEM_I0_O)
                                                      0.150     0.576 r  design_1_i/rst_ps8_0_99M/U0/EXT_LPF/ACTIVE_LOW_EXT.ACT_LO_EXT/GENERATE_LEVEL_P_S_CDC.SINGLE_BIT.CROSS_PLEVEL_IN2SCNDRY_IN_cdc_to_i_1/O
                         net (fo=1, routed)           0.297     0.873    design_1_i/rst_ps8_0_99M/U0/EXT_LPF/ACTIVE_LOW_EXT.ACT_LO_EXT/exr_d1
    SLICE_X31Y183        FDRE                                         r  design_1_i/rst_ps8_0_99M/U0/EXT_LPF/ACTIVE_LOW_EXT.ACT_LO_EXT/GENERATE_LEVEL_P_S_CDC.SINGLE_BIT.CROSS_PLEVEL_IN2SCNDRY_IN_cdc_to/D
  -------------------------------------------------------------------    -------------------

                         (clock clk_pl_0 rise edge)
                                                      0.000     0.000 r  
    PS8_X0Y0             PS8                          0.000     0.000 r  design_1_i/zynq_ultra_ps_e_0/inst/PS8_i/PLCLK[0]
                         net (fo=1, routed)           0.105     0.105    design_1_i/zynq_ultra_ps_e_0/inst/pl_clk_unbuffered[0]
    BUFG_PS_X0Y58        BUFG_PS (Prop_BUFG_PS_I_O)
                                                      0.025     0.130 r  design_1_i/zynq_ultra_ps_e_0/inst/buffer_pl_clk_0.PL_CLK_0_BUFG/O
    X1Y3 (CLOCK_ROOT)    net (fo=41467, routed)       1.598     1.728    design_1_i/rst_ps8_0_99M/U0/EXT_LPF/ACTIVE_LOW_EXT.ACT_LO_EXT/slowest_sync_clk
    SLICE_X31Y183        FDRE                                         r  design_1_i/rst_ps8_0_99M/U0/EXT_LPF/ACTIVE_LOW_EXT.ACT_LO_EXT/GENERATE_LEVEL_P_S_CDC.SINGLE_BIT.CROSS_PLEVEL_IN2SCNDRY_IN_cdc_to/C





Min Delay Paths
--------------------------------------------------------------------------------------
Slack:                    inf
  Source:                 design_1_i/zynq_ultra_ps_e_0/inst/PS8_i/EMIOGPIOO[95]
                            (internal pin)
  Destination:            design_1_i/rst_ps8_0_99M/U0/EXT_LPF/ACTIVE_LOW_EXT.ACT_LO_EXT/GENERATE_LEVEL_P_S_CDC.SINGLE_BIT.CROSS_PLEVEL_IN2SCNDRY_IN_cdc_to/D
                            (rising edge-triggered cell FDRE clocked by clk_pl_0  {rise@0.000ns fall@5.000ns period=10.000ns})
  Path Group:             (none)
  Path Type:              Hold (Min at Fast Process Corner)
  Data Path Delay:        0.402ns  (logic 0.060ns (14.925%)  route 0.342ns (85.075%))
  Logic Levels:           1  (LUT1=1)
  Clock Uncertainty:      0.127ns  ((TSJ^2 + DJ^2)^1/2) / 2 + PE
    Total System Jitter     (TSJ):    0.050ns
    Discrete Jitter          (DJ):    0.250ns
    Phase Error              (PE):    0.000ns
  Clock Net Delay (Destination): 1.116ns (routing 0.250ns, distribution 0.866ns)
  Timing Exception:       False Path

    Location             Delay type                Incr(ns)  Path(ns)    Netlist Resource(s)
  -------------------------------------------------------------------    -------------------
    PS8_X0Y0             PS8                          0.000     0.000 f  design_1_i/zynq_ultra_ps_e_0/inst/PS8_i/EMIOGPIOO[95]
                         net (fo=1, routed)           0.219     0.219    design_1_i/rst_ps8_0_99M/U0/EXT_LPF/ACTIVE_LOW_EXT.ACT_LO_EXT/ext_reset_in
    SLICE_X31Y183        LUT1 (Prop_G6LUT_SLICEM_I0_O)
                                                      0.060     0.279 r  design_1_i/rst_ps8_0_99M/U0/EXT_LPF/ACTIVE_LOW_EXT.ACT_LO_EXT/GENERATE_LEVEL_P_S_CDC.SINGLE_BIT.CROSS_PLEVEL_IN2SCNDRY_IN_cdc_to_i_1/O
                         net (fo=1, routed)           0.123     0.402    design_1_i/rst_ps8_0_99M/U0/EXT_LPF/ACTIVE_LOW_EXT.ACT_LO_EXT/exr_d1
    SLICE_X31Y183        FDRE                                         r  design_1_i/rst_ps8_0_99M/U0/EXT_LPF/ACTIVE_LOW_EXT.ACT_LO_EXT/GENERATE_LEVEL_P_S_CDC.SINGLE_BIT.CROSS_PLEVEL_IN2SCNDRY_IN_cdc_to/D
  -------------------------------------------------------------------    -------------------

                         (clock clk_pl_0 rise edge)
                                                      0.000     0.000 r  
    PS8_X0Y0             PS8                          0.000     0.000 r  design_1_i/zynq_ultra_ps_e_0/inst/PS8_i/PLCLK[0]
                         net (fo=1, routed)           0.098     0.098    design_1_i/zynq_ultra_ps_e_0/inst/pl_clk_unbuffered[0]
    BUFG_PS_X0Y58        BUFG_PS (Prop_BUFG_PS_I_O)
                                                      0.018     0.116 r  design_1_i/zynq_ultra_ps_e_0/inst/buffer_pl_clk_0.PL_CLK_0_BUFG/O
    X1Y3 (CLOCK_ROOT)    net (fo=41467, routed)       1.116     1.232    design_1_i/rst_ps8_0_99M/U0/EXT_LPF/ACTIVE_LOW_EXT.ACT_LO_EXT/slowest_sync_clk
    SLICE_X31Y183        FDRE                                         r  design_1_i/rst_ps8_0_99M/U0/EXT_LPF/ACTIVE_LOW_EXT.ACT_LO_EXT/GENERATE_LEVEL_P_S_CDC.SINGLE_BIT.CROSS_PLEVEL_IN2SCNDRY_IN_cdc_to/C





--------------------------------------------------------------------------------------
Path Group:  (none)
From Clock:  clk_pl_0
  To Clock:  clk_pl_0

Max Delay            70 Endpoints
Min Delay            70 Endpoints
--------------------------------------------------------------------------------------


Max Delay Paths
--------------------------------------------------------------------------------------
Slack:                    inf
  Source:                 design_1_i/rst_ps8_0_99M/U0/ACTIVE_LOW_PR_OUT_DFF[0].FDRE_PER_N/C
                            (rising edge-triggered cell FDRE clocked by clk_pl_0  {rise@0.000ns fall@5.000ns period=10.000ns})
  Destination:            design_1_i/ps8_0_axi_periph/s00_couplers/auto_ds/inst/gen_downsizer.gen_simple_downsizer.axi_downsizer_inst/USE_READ.read_addr_inst/cmd_queue/inst/fifo_gen_inst/inst_fifo_gen/gconvfifo.rf/grf.rf/rstblk/ngwrdrst.grst.g7serrst.gnsckt_wrst.rst_wr_reg2_inst/arststages_ff_reg[0]/PRE
                            (recovery check against rising-edge clock clk_pl_0  {rise@0.000ns fall@5.000ns period=10.000ns})
  Path Group:             (none)
  Path Type:              Recovery (Max at Slow Process Corner)
  Data Path Delay:        3.984ns  (logic 0.107ns (2.686%)  route 3.877ns (97.314%))
  Logic Levels:           1  (BUFGCE=1)
  Clock Path Skew:        -0.209ns (DCD - SCD + CPR)
    Destination Clock Delay (DCD):    1.735ns
    Source Clock Delay      (SCD):    1.944ns
    Clock Pessimism Removal (CPR):    0.000ns
  Clock Uncertainty:      0.130ns  ((TSJ^2 + DJ^2)^1/2) / 2 + PE
    Total System Jitter     (TSJ):    0.071ns
    Discrete Jitter          (DJ):    0.250ns
    Phase Error              (PE):    0.000ns
  Clock Net Delay (Source):      1.781ns (routing 0.404ns, distribution 1.377ns)
  Clock Net Delay (Destination): 1.605ns (routing 0.363ns, distribution 1.242ns)
  Timing Exception:       False Path

    Location             Delay type                Incr(ns)  Path(ns)    Netlist Resource(s)
  -------------------------------------------------------------------    -------------------
                         (clock clk_pl_0 rise edge)
                                                      0.000     0.000 r  
    PS8_X0Y0             PS8                          0.000     0.000 r  design_1_i/zynq_ultra_ps_e_0/inst/PS8_i/PLCLK[0]
                         net (fo=1, routed)           0.135     0.135    design_1_i/zynq_ultra_ps_e_0/inst/pl_clk_unbuffered[0]
    BUFG_PS_X0Y58        BUFG_PS (Prop_BUFG_PS_I_O)
                                                      0.028     0.163 r  design_1_i/zynq_ultra_ps_e_0/inst/buffer_pl_clk_0.PL_CLK_0_BUFG/O
    X1Y3 (CLOCK_ROOT)    net (fo=41467, routed)       1.781     1.944    design_1_i/rst_ps8_0_99M/U0/slowest_sync_clk
    SLICE_X32Y182        FDRE                                         r  design_1_i/rst_ps8_0_99M/U0/ACTIVE_LOW_PR_OUT_DFF[0].FDRE_PER_N/C
  -------------------------------------------------------------------    -------------------
    SLICE_X32Y182        FDRE (Prop_AFF_SLICEL_C_Q)
                                                      0.079     2.023 r  design_1_i/rst_ps8_0_99M/U0/ACTIVE_LOW_PR_OUT_DFF[0].FDRE_PER_N/Q
                         net (fo=1, routed)           1.790     3.813    design_1_i/rst_ps8_0_99M/U0/peripheral_aresetn[0]_bufg_place
    BUFGCE_X0Y74         BUFGCE (Prop_BUFCE_BUFGCE_I_O)
                                                      0.028     3.841 r  design_1_i/rst_ps8_0_99M/U0/ACTIVE_LOW_PR_OUT_DFF[0].FDRE_PER_N_bufg_place/O
                         net (fo=3010, routed)        2.087     5.928    design_1_i/ps8_0_axi_periph/s00_couplers/auto_ds/inst/gen_downsizer.gen_simple_downsizer.axi_downsizer_inst/USE_READ.read_addr_inst/cmd_queue/inst/fifo_gen_inst/inst_fifo_gen/gconvfifo.rf/grf.rf/rstblk/ngwrdrst.grst.g7serrst.gnsckt_wrst.rst_wr_reg2_inst/src_arst
    SLICE_X38Y59         FDPE                                         f  design_1_i/ps8_0_axi_periph/s00_couplers/auto_ds/inst/gen_downsizer.gen_simple_downsizer.axi_downsizer_inst/USE_READ.read_addr_inst/cmd_queue/inst/fifo_gen_inst/inst_fifo_gen/gconvfifo.rf/grf.rf/rstblk/ngwrdrst.grst.g7serrst.gnsckt_wrst.rst_wr_reg2_inst/arststages_ff_reg[0]/PRE  (IS_INVERTED)
  -------------------------------------------------------------------    -------------------

                         (clock clk_pl_0 rise edge)
                                                      0.000     0.000 r  
    PS8_X0Y0             PS8                          0.000     0.000 r  design_1_i/zynq_ultra_ps_e_0/inst/PS8_i/PLCLK[0]
                         net (fo=1, routed)           0.105     0.105    design_1_i/zynq_ultra_ps_e_0/inst/pl_clk_unbuffered[0]
    BUFG_PS_X0Y58        BUFG_PS (Prop_BUFG_PS_I_O)
                                                      0.025     0.130 r  design_1_i/zynq_ultra_ps_e_0/inst/buffer_pl_clk_0.PL_CLK_0_BUFG/O
    X1Y3 (CLOCK_ROOT)    net (fo=41467, routed)       1.605     1.735    design_1_i/ps8_0_axi_periph/s00_couplers/auto_ds/inst/gen_downsizer.gen_simple_downsizer.axi_downsizer_inst/USE_READ.read_addr_inst/cmd_queue/inst/fifo_gen_inst/inst_fifo_gen/gconvfifo.rf/grf.rf/rstblk/ngwrdrst.grst.g7serrst.gnsckt_wrst.rst_wr_reg2_inst/dest_clk
    SLICE_X38Y59         FDPE                                         r  design_1_i/ps8_0_axi_periph/s00_couplers/auto_ds/inst/gen_downsizer.gen_simple_downsizer.axi_downsizer_inst/USE_READ.read_addr_inst/cmd_queue/inst/fifo_gen_inst/inst_fifo_gen/gconvfifo.rf/grf.rf/rstblk/ngwrdrst.grst.g7serrst.gnsckt_wrst.rst_wr_reg2_inst/arststages_ff_reg[0]/C

Slack:                    inf
  Source:                 design_1_i/rst_ps8_0_99M/U0/ACTIVE_LOW_PR_OUT_DFF[0].FDRE_PER_N/C
                            (rising edge-triggered cell FDRE clocked by clk_pl_0  {rise@0.000ns fall@5.000ns period=10.000ns})
  Destination:            design_1_i/ps8_0_axi_periph/s00_couplers/auto_ds/inst/gen_downsizer.gen_simple_downsizer.axi_downsizer_inst/USE_READ.read_addr_inst/cmd_queue/inst/fifo_gen_inst/inst_fifo_gen/gconvfifo.rf/grf.rf/rstblk/ngwrdrst.grst.g7serrst.gnsckt_wrst.rst_wr_reg2_inst/arststages_ff_reg[1]/PRE
                            (recovery check against rising-edge clock clk_pl_0  {rise@0.000ns fall@5.000ns period=10.000ns})
  Path Group:             (none)
  Path Type:              Recovery (Max at Slow Process Corner)
  Data Path Delay:        3.984ns  (logic 0.107ns (2.686%)  route 3.877ns (97.314%))
  Logic Levels:           1  (BUFGCE=1)
  Clock Path Skew:        -0.209ns (DCD - SCD + CPR)
    Destination Clock Delay (DCD):    1.735ns
    Source Clock Delay      (SCD):    1.944ns
    Clock Pessimism Removal (CPR):    0.000ns
  Clock Uncertainty:      0.130ns  ((TSJ^2 + DJ^2)^1/2) / 2 + PE
    Total System Jitter     (TSJ):    0.071ns
    Discrete Jitter          (DJ):    0.250ns
    Phase Error              (PE):    0.000ns
  Clock Net Delay (Source):      1.781ns (routing 0.404ns, distribution 1.377ns)
  Clock Net Delay (Destination): 1.605ns (routing 0.363ns, distribution 1.242ns)
  Timing Exception:       False Path

    Location             Delay type                Incr(ns)  Path(ns)    Netlist Resource(s)
  -------------------------------------------------------------------    -------------------
                         (clock clk_pl_0 rise edge)
                                                      0.000     0.000 r  
    PS8_X0Y0             PS8                          0.000     0.000 r  design_1_i/zynq_ultra_ps_e_0/inst/PS8_i/PLCLK[0]
                         net (fo=1, routed)           0.135     0.135    design_1_i/zynq_ultra_ps_e_0/inst/pl_clk_unbuffered[0]
    BUFG_PS_X0Y58        BUFG_PS (Prop_BUFG_PS_I_O)
                                                      0.028     0.163 r  design_1_i/zynq_ultra_ps_e_0/inst/buffer_pl_clk_0.PL_CLK_0_BUFG/O
    X1Y3 (CLOCK_ROOT)    net (fo=41467, routed)       1.781     1.944    design_1_i/rst_ps8_0_99M/U0/slowest_sync_clk
    SLICE_X32Y182        FDRE                                         r  design_1_i/rst_ps8_0_99M/U0/ACTIVE_LOW_PR_OUT_DFF[0].FDRE_PER_N/C
  -------------------------------------------------------------------    -------------------
    SLICE_X32Y182        FDRE (Prop_AFF_SLICEL_C_Q)
                                                      0.079     2.023 r  design_1_i/rst_ps8_0_99M/U0/ACTIVE_LOW_PR_OUT_DFF[0].FDRE_PER_N/Q
                         net (fo=1, routed)           1.790     3.813    design_1_i/rst_ps8_0_99M/U0/peripheral_aresetn[0]_bufg_place
    BUFGCE_X0Y74         BUFGCE (Prop_BUFCE_BUFGCE_I_O)
                                                      0.028     3.841 r  design_1_i/rst_ps8_0_99M/U0/ACTIVE_LOW_PR_OUT_DFF[0].FDRE_PER_N_bufg_place/O
                         net (fo=3010, routed)        2.087     5.928    design_1_i/ps8_0_axi_periph/s00_couplers/auto_ds/inst/gen_downsizer.gen_simple_downsizer.axi_downsizer_inst/USE_READ.read_addr_inst/cmd_queue/inst/fifo_gen_inst/inst_fifo_gen/gconvfifo.rf/grf.rf/rstblk/ngwrdrst.grst.g7serrst.gnsckt_wrst.rst_wr_reg2_inst/src_arst
    SLICE_X38Y59         FDPE                                         f  design_1_i/ps8_0_axi_periph/s00_couplers/auto_ds/inst/gen_downsizer.gen_simple_downsizer.axi_downsizer_inst/USE_READ.read_addr_inst/cmd_queue/inst/fifo_gen_inst/inst_fifo_gen/gconvfifo.rf/grf.rf/rstblk/ngwrdrst.grst.g7serrst.gnsckt_wrst.rst_wr_reg2_inst/arststages_ff_reg[1]/PRE  (IS_INVERTED)
  -------------------------------------------------------------------    -------------------

                         (clock clk_pl_0 rise edge)
                                                      0.000     0.000 r  
    PS8_X0Y0             PS8                          0.000     0.000 r  design_1_i/zynq_ultra_ps_e_0/inst/PS8_i/PLCLK[0]
                         net (fo=1, routed)           0.105     0.105    design_1_i/zynq_ultra_ps_e_0/inst/pl_clk_unbuffered[0]
    BUFG_PS_X0Y58        BUFG_PS (Prop_BUFG_PS_I_O)
                                                      0.025     0.130 r  design_1_i/zynq_ultra_ps_e_0/inst/buffer_pl_clk_0.PL_CLK_0_BUFG/O
    X1Y3 (CLOCK_ROOT)    net (fo=41467, routed)       1.605     1.735    design_1_i/ps8_0_axi_periph/s00_couplers/auto_ds/inst/gen_downsizer.gen_simple_downsizer.axi_downsizer_inst/USE_READ.read_addr_inst/cmd_queue/inst/fifo_gen_inst/inst_fifo_gen/gconvfifo.rf/grf.rf/rstblk/ngwrdrst.grst.g7serrst.gnsckt_wrst.rst_wr_reg2_inst/dest_clk
    SLICE_X38Y59         FDPE                                         r  design_1_i/ps8_0_axi_periph/s00_couplers/auto_ds/inst/gen_downsizer.gen_simple_downsizer.axi_downsizer_inst/USE_READ.read_addr_inst/cmd_queue/inst/fifo_gen_inst/inst_fifo_gen/gconvfifo.rf/grf.rf/rstblk/ngwrdrst.grst.g7serrst.gnsckt_wrst.rst_wr_reg2_inst/arststages_ff_reg[1]/C

Slack:                    inf
  Source:                 design_1_i/rst_ps8_0_99M/U0/ACTIVE_LOW_PR_OUT_DFF[0].FDRE_PER_N/C
                            (rising edge-triggered cell FDRE clocked by clk_pl_0  {rise@0.000ns fall@5.000ns period=10.000ns})
  Destination:            design_1_i/ps8_0_axi_periph/s00_couplers/auto_ds/inst/gen_downsizer.gen_simple_downsizer.axi_downsizer_inst/USE_WRITE.write_addr_inst/cmd_queue/inst/fifo_gen_inst/inst_fifo_gen/gconvfifo.rf/grf.rf/rstblk/ngwrdrst.grst.g7serrst.gnsckt_wrst.rst_wr_reg2_inst/arststages_ff_reg[0]/PRE
                            (recovery check against rising-edge clock clk_pl_0  {rise@0.000ns fall@5.000ns period=10.000ns})
  Path Group:             (none)
  Path Type:              Recovery (Max at Slow Process Corner)
  Data Path Delay:        3.791ns  (logic 0.107ns (2.822%)  route 3.684ns (97.178%))
  Logic Levels:           1  (BUFGCE=1)
  Clock Path Skew:        -0.222ns (DCD - SCD + CPR)
    Destination Clock Delay (DCD):    1.722ns
    Source Clock Delay      (SCD):    1.944ns
    Clock Pessimism Removal (CPR):    0.000ns
  Clock Uncertainty:      0.130ns  ((TSJ^2 + DJ^2)^1/2) / 2 + PE
    Total System Jitter     (TSJ):    0.071ns
    Discrete Jitter          (DJ):    0.250ns
    Phase Error              (PE):    0.000ns
  Clock Net Delay (Source):      1.781ns (routing 0.404ns, distribution 1.377ns)
  Clock Net Delay (Destination): 1.592ns (routing 0.363ns, distribution 1.229ns)
  Timing Exception:       False Path

    Location             Delay type                Incr(ns)  Path(ns)    Netlist Resource(s)
  -------------------------------------------------------------------    -------------------
                         (clock clk_pl_0 rise edge)
                                                      0.000     0.000 r  
    PS8_X0Y0             PS8                          0.000     0.000 r  design_1_i/zynq_ultra_ps_e_0/inst/PS8_i/PLCLK[0]
                         net (fo=1, routed)           0.135     0.135    design_1_i/zynq_ultra_ps_e_0/inst/pl_clk_unbuffered[0]
    BUFG_PS_X0Y58        BUFG_PS (Prop_BUFG_PS_I_O)
                                                      0.028     0.163 r  design_1_i/zynq_ultra_ps_e_0/inst/buffer_pl_clk_0.PL_CLK_0_BUFG/O
    X1Y3 (CLOCK_ROOT)    net (fo=41467, routed)       1.781     1.944    design_1_i/rst_ps8_0_99M/U0/slowest_sync_clk
    SLICE_X32Y182        FDRE                                         r  design_1_i/rst_ps8_0_99M/U0/ACTIVE_LOW_PR_OUT_DFF[0].FDRE_PER_N/C
  -------------------------------------------------------------------    -------------------
    SLICE_X32Y182        FDRE (Prop_AFF_SLICEL_C_Q)
                                                      0.079     2.023 r  design_1_i/rst_ps8_0_99M/U0/ACTIVE_LOW_PR_OUT_DFF[0].FDRE_PER_N/Q
                         net (fo=1, routed)           1.790     3.813    design_1_i/rst_ps8_0_99M/U0/peripheral_aresetn[0]_bufg_place
    BUFGCE_X0Y74         BUFGCE (Prop_BUFCE_BUFGCE_I_O)
                                                      0.028     3.841 r  design_1_i/rst_ps8_0_99M/U0/ACTIVE_LOW_PR_OUT_DFF[0].FDRE_PER_N_bufg_place/O
                         net (fo=3010, routed)        1.894     5.735    design_1_i/ps8_0_axi_periph/s00_couplers/auto_ds/inst/gen_downsizer.gen_simple_downsizer.axi_downsizer_inst/USE_WRITE.write_addr_inst/cmd_queue/inst/fifo_gen_inst/inst_fifo_gen/gconvfifo.rf/grf.rf/rstblk/ngwrdrst.grst.g7serrst.gnsckt_wrst.rst_wr_reg2_inst/src_arst
    SLICE_X41Y76         FDPE                                         f  design_1_i/ps8_0_axi_periph/s00_couplers/auto_ds/inst/gen_downsizer.gen_simple_downsizer.axi_downsizer_inst/USE_WRITE.write_addr_inst/cmd_queue/inst/fifo_gen_inst/inst_fifo_gen/gconvfifo.rf/grf.rf/rstblk/ngwrdrst.grst.g7serrst.gnsckt_wrst.rst_wr_reg2_inst/arststages_ff_reg[0]/PRE  (IS_INVERTED)
  -------------------------------------------------------------------    -------------------

                         (clock clk_pl_0 rise edge)
                                                      0.000     0.000 r  
    PS8_X0Y0             PS8                          0.000     0.000 r  design_1_i/zynq_ultra_ps_e_0/inst/PS8_i/PLCLK[0]
                         net (fo=1, routed)           0.105     0.105    design_1_i/zynq_ultra_ps_e_0/inst/pl_clk_unbuffered[0]
    BUFG_PS_X0Y58        BUFG_PS (Prop_BUFG_PS_I_O)
                                                      0.025     0.130 r  design_1_i/zynq_ultra_ps_e_0/inst/buffer_pl_clk_0.PL_CLK_0_BUFG/O
    X1Y3 (CLOCK_ROOT)    net (fo=41467, routed)       1.592     1.722    design_1_i/ps8_0_axi_periph/s00_couplers/auto_ds/inst/gen_downsizer.gen_simple_downsizer.axi_downsizer_inst/USE_WRITE.write_addr_inst/cmd_queue/inst/fifo_gen_inst/inst_fifo_gen/gconvfifo.rf/grf.rf/rstblk/ngwrdrst.grst.g7serrst.gnsckt_wrst.rst_wr_reg2_inst/dest_clk
    SLICE_X41Y76         FDPE                                         r  design_1_i/ps8_0_axi_periph/s00_couplers/auto_ds/inst/gen_downsizer.gen_simple_downsizer.axi_downsizer_inst/USE_WRITE.write_addr_inst/cmd_queue/inst/fifo_gen_inst/inst_fifo_gen/gconvfifo.rf/grf.rf/rstblk/ngwrdrst.grst.g7serrst.gnsckt_wrst.rst_wr_reg2_inst/arststages_ff_reg[0]/C

Slack:                    inf
  Source:                 design_1_i/rst_ps8_0_99M/U0/ACTIVE_LOW_PR_OUT_DFF[0].FDRE_PER_N/C
                            (rising edge-triggered cell FDRE clocked by clk_pl_0  {rise@0.000ns fall@5.000ns period=10.000ns})
  Destination:            design_1_i/ps8_0_axi_periph/s00_couplers/auto_ds/inst/gen_downsizer.gen_simple_downsizer.axi_downsizer_inst/USE_WRITE.write_addr_inst/cmd_queue/inst/fifo_gen_inst/inst_fifo_gen/gconvfifo.rf/grf.rf/rstblk/ngwrdrst.grst.g7serrst.gnsckt_wrst.rst_wr_reg2_inst/arststages_ff_reg[1]/PRE
                            (recovery check against rising-edge clock clk_pl_0  {rise@0.000ns fall@5.000ns period=10.000ns})
  Path Group:             (none)
  Path Type:              Recovery (Max at Slow Process Corner)
  Data Path Delay:        3.791ns  (logic 0.107ns (2.822%)  route 3.684ns (97.178%))
  Logic Levels:           1  (BUFGCE=1)
  Clock Path Skew:        -0.222ns (DCD - SCD + CPR)
    Destination Clock Delay (DCD):    1.722ns
    Source Clock Delay      (SCD):    1.944ns
    Clock Pessimism Removal (CPR):    0.000ns
  Clock Uncertainty:      0.130ns  ((TSJ^2 + DJ^2)^1/2) / 2 + PE
    Total System Jitter     (TSJ):    0.071ns
    Discrete Jitter          (DJ):    0.250ns
    Phase Error              (PE):    0.000ns
  Clock Net Delay (Source):      1.781ns (routing 0.404ns, distribution 1.377ns)
  Clock Net Delay (Destination): 1.592ns (routing 0.363ns, distribution 1.229ns)
  Timing Exception:       False Path

    Location             Delay type                Incr(ns)  Path(ns)    Netlist Resource(s)
  -------------------------------------------------------------------    -------------------
                         (clock clk_pl_0 rise edge)
                                                      0.000     0.000 r  
    PS8_X0Y0             PS8                          0.000     0.000 r  design_1_i/zynq_ultra_ps_e_0/inst/PS8_i/PLCLK[0]
                         net (fo=1, routed)           0.135     0.135    design_1_i/zynq_ultra_ps_e_0/inst/pl_clk_unbuffered[0]
    BUFG_PS_X0Y58        BUFG_PS (Prop_BUFG_PS_I_O)
                                                      0.028     0.163 r  design_1_i/zynq_ultra_ps_e_0/inst/buffer_pl_clk_0.PL_CLK_0_BUFG/O
    X1Y3 (CLOCK_ROOT)    net (fo=41467, routed)       1.781     1.944    design_1_i/rst_ps8_0_99M/U0/slowest_sync_clk
    SLICE_X32Y182        FDRE                                         r  design_1_i/rst_ps8_0_99M/U0/ACTIVE_LOW_PR_OUT_DFF[0].FDRE_PER_N/C
  -------------------------------------------------------------------    -------------------
    SLICE_X32Y182        FDRE (Prop_AFF_SLICEL_C_Q)
                                                      0.079     2.023 r  design_1_i/rst_ps8_0_99M/U0/ACTIVE_LOW_PR_OUT_DFF[0].FDRE_PER_N/Q
                         net (fo=1, routed)           1.790     3.813    design_1_i/rst_ps8_0_99M/U0/peripheral_aresetn[0]_bufg_place
    BUFGCE_X0Y74         BUFGCE (Prop_BUFCE_BUFGCE_I_O)
                                                      0.028     3.841 r  design_1_i/rst_ps8_0_99M/U0/ACTIVE_LOW_PR_OUT_DFF[0].FDRE_PER_N_bufg_place/O
                         net (fo=3010, routed)        1.894     5.735    design_1_i/ps8_0_axi_periph/s00_couplers/auto_ds/inst/gen_downsizer.gen_simple_downsizer.axi_downsizer_inst/USE_WRITE.write_addr_inst/cmd_queue/inst/fifo_gen_inst/inst_fifo_gen/gconvfifo.rf/grf.rf/rstblk/ngwrdrst.grst.g7serrst.gnsckt_wrst.rst_wr_reg2_inst/src_arst
    SLICE_X41Y76         FDPE                                         f  design_1_i/ps8_0_axi_periph/s00_couplers/auto_ds/inst/gen_downsizer.gen_simple_downsizer.axi_downsizer_inst/USE_WRITE.write_addr_inst/cmd_queue/inst/fifo_gen_inst/inst_fifo_gen/gconvfifo.rf/grf.rf/rstblk/ngwrdrst.grst.g7serrst.gnsckt_wrst.rst_wr_reg2_inst/arststages_ff_reg[1]/PRE  (IS_INVERTED)
  -------------------------------------------------------------------    -------------------

                         (clock clk_pl_0 rise edge)
                                                      0.000     0.000 r  
    PS8_X0Y0             PS8                          0.000     0.000 r  design_1_i/zynq_ultra_ps_e_0/inst/PS8_i/PLCLK[0]
                         net (fo=1, routed)           0.105     0.105    design_1_i/zynq_ultra_ps_e_0/inst/pl_clk_unbuffered[0]
    BUFG_PS_X0Y58        BUFG_PS (Prop_BUFG_PS_I_O)
                                                      0.025     0.130 r  design_1_i/zynq_ultra_ps_e_0/inst/buffer_pl_clk_0.PL_CLK_0_BUFG/O
    X1Y3 (CLOCK_ROOT)    net (fo=41467, routed)       1.592     1.722    design_1_i/ps8_0_axi_periph/s00_couplers/auto_ds/inst/gen_downsizer.gen_simple_downsizer.axi_downsizer_inst/USE_WRITE.write_addr_inst/cmd_queue/inst/fifo_gen_inst/inst_fifo_gen/gconvfifo.rf/grf.rf/rstblk/ngwrdrst.grst.g7serrst.gnsckt_wrst.rst_wr_reg2_inst/dest_clk
    SLICE_X41Y76         FDPE                                         r  design_1_i/ps8_0_axi_periph/s00_couplers/auto_ds/inst/gen_downsizer.gen_simple_downsizer.axi_downsizer_inst/USE_WRITE.write_addr_inst/cmd_queue/inst/fifo_gen_inst/inst_fifo_gen/gconvfifo.rf/grf.rf/rstblk/ngwrdrst.grst.g7serrst.gnsckt_wrst.rst_wr_reg2_inst/arststages_ff_reg[1]/C

Slack:                    inf
  Source:                 design_1_i/rst_ps8_0_99M/U0/ACTIVE_LOW_PR_OUT_DFF[0].FDRE_PER_N/C
                            (rising edge-triggered cell FDRE clocked by clk_pl_0  {rise@0.000ns fall@5.000ns period=10.000ns})
  Destination:            design_1_i/ps8_0_axi_periph/s00_couplers/auto_ds/inst/gen_downsizer.gen_simple_downsizer.axi_downsizer_inst/USE_WRITE.write_addr_inst/USE_B_CHANNEL.cmd_b_queue/inst/fifo_gen_inst/inst_fifo_gen/gconvfifo.rf/grf.rf/rstblk/ngwrdrst.grst.g7serrst.gnsckt_wrst.rst_wr_reg2_inst/arststages_ff_reg[0]/PRE
                            (recovery check against rising-edge clock clk_pl_0  {rise@0.000ns fall@5.000ns period=10.000ns})
  Path Group:             (none)
  Path Type:              Recovery (Max at Slow Process Corner)
  Data Path Delay:        3.790ns  (logic 0.107ns (2.823%)  route 3.683ns (97.177%))
  Logic Levels:           1  (BUFGCE=1)
  Clock Path Skew:        -0.226ns (DCD - SCD + CPR)
    Destination Clock Delay (DCD):    1.718ns
    Source Clock Delay      (SCD):    1.944ns
    Clock Pessimism Removal (CPR):    0.000ns
  Clock Uncertainty:      0.130ns  ((TSJ^2 + DJ^2)^1/2) / 2 + PE
    Total System Jitter     (TSJ):    0.071ns
    Discrete Jitter          (DJ):    0.250ns
    Phase Error              (PE):    0.000ns
  Clock Net Delay (Source):      1.781ns (routing 0.404ns, distribution 1.377ns)
  Clock Net Delay (Destination): 1.588ns (routing 0.363ns, distribution 1.225ns)
  Timing Exception:       False Path

    Location             Delay type                Incr(ns)  Path(ns)    Netlist Resource(s)
  -------------------------------------------------------------------    -------------------
                         (clock clk_pl_0 rise edge)
                                                      0.000     0.000 r  
    PS8_X0Y0             PS8                          0.000     0.000 r  design_1_i/zynq_ultra_ps_e_0/inst/PS8_i/PLCLK[0]
                         net (fo=1, routed)           0.135     0.135    design_1_i/zynq_ultra_ps_e_0/inst/pl_clk_unbuffered[0]
    BUFG_PS_X0Y58        BUFG_PS (Prop_BUFG_PS_I_O)
                                                      0.028     0.163 r  design_1_i/zynq_ultra_ps_e_0/inst/buffer_pl_clk_0.PL_CLK_0_BUFG/O
    X1Y3 (CLOCK_ROOT)    net (fo=41467, routed)       1.781     1.944    design_1_i/rst_ps8_0_99M/U0/slowest_sync_clk
    SLICE_X32Y182        FDRE                                         r  design_1_i/rst_ps8_0_99M/U0/ACTIVE_LOW_PR_OUT_DFF[0].FDRE_PER_N/C
  -------------------------------------------------------------------    -------------------
    SLICE_X32Y182        FDRE (Prop_AFF_SLICEL_C_Q)
                                                      0.079     2.023 r  design_1_i/rst_ps8_0_99M/U0/ACTIVE_LOW_PR_OUT_DFF[0].FDRE_PER_N/Q
                         net (fo=1, routed)           1.790     3.813    design_1_i/rst_ps8_0_99M/U0/peripheral_aresetn[0]_bufg_place
    BUFGCE_X0Y74         BUFGCE (Prop_BUFCE_BUFGCE_I_O)
                                                      0.028     3.841 r  design_1_i/rst_ps8_0_99M/U0/ACTIVE_LOW_PR_OUT_DFF[0].FDRE_PER_N_bufg_place/O
                         net (fo=3010, routed)        1.893     5.734    design_1_i/ps8_0_axi_periph/s00_couplers/auto_ds/inst/gen_downsizer.gen_simple_downsizer.axi_downsizer_inst/USE_WRITE.write_addr_inst/USE_B_CHANNEL.cmd_b_queue/inst/fifo_gen_inst/inst_fifo_gen/gconvfifo.rf/grf.rf/rstblk/ngwrdrst.grst.g7serrst.gnsckt_wrst.rst_wr_reg2_inst/src_arst
    SLICE_X42Y72         FDPE                                         f  design_1_i/ps8_0_axi_periph/s00_couplers/auto_ds/inst/gen_downsizer.gen_simple_downsizer.axi_downsizer_inst/USE_WRITE.write_addr_inst/USE_B_CHANNEL.cmd_b_queue/inst/fifo_gen_inst/inst_fifo_gen/gconvfifo.rf/grf.rf/rstblk/ngwrdrst.grst.g7serrst.gnsckt_wrst.rst_wr_reg2_inst/arststages_ff_reg[0]/PRE  (IS_INVERTED)
  -------------------------------------------------------------------    -------------------

                         (clock clk_pl_0 rise edge)
                                                      0.000     0.000 r  
    PS8_X0Y0             PS8                          0.000     0.000 r  design_1_i/zynq_ultra_ps_e_0/inst/PS8_i/PLCLK[0]
                         net (fo=1, routed)           0.105     0.105    design_1_i/zynq_ultra_ps_e_0/inst/pl_clk_unbuffered[0]
    BUFG_PS_X0Y58        BUFG_PS (Prop_BUFG_PS_I_O)
                                                      0.025     0.130 r  design_1_i/zynq_ultra_ps_e_0/inst/buffer_pl_clk_0.PL_CLK_0_BUFG/O
    X1Y3 (CLOCK_ROOT)    net (fo=41467, routed)       1.588     1.718    design_1_i/ps8_0_axi_periph/s00_couplers/auto_ds/inst/gen_downsizer.gen_simple_downsizer.axi_downsizer_inst/USE_WRITE.write_addr_inst/USE_B_CHANNEL.cmd_b_queue/inst/fifo_gen_inst/inst_fifo_gen/gconvfifo.rf/grf.rf/rstblk/ngwrdrst.grst.g7serrst.gnsckt_wrst.rst_wr_reg2_inst/dest_clk
    SLICE_X42Y72         FDPE                                         r  design_1_i/ps8_0_axi_periph/s00_couplers/auto_ds/inst/gen_downsizer.gen_simple_downsizer.axi_downsizer_inst/USE_WRITE.write_addr_inst/USE_B_CHANNEL.cmd_b_queue/inst/fifo_gen_inst/inst_fifo_gen/gconvfifo.rf/grf.rf/rstblk/ngwrdrst.grst.g7serrst.gnsckt_wrst.rst_wr_reg2_inst/arststages_ff_reg[0]/C

Slack:                    inf
  Source:                 design_1_i/rst_ps8_0_99M/U0/ACTIVE_LOW_PR_OUT_DFF[0].FDRE_PER_N/C
                            (rising edge-triggered cell FDRE clocked by clk_pl_0  {rise@0.000ns fall@5.000ns period=10.000ns})
  Destination:            design_1_i/ps8_0_axi_periph/s00_couplers/auto_ds/inst/gen_downsizer.gen_simple_downsizer.axi_downsizer_inst/USE_WRITE.write_addr_inst/USE_B_CHANNEL.cmd_b_queue/inst/fifo_gen_inst/inst_fifo_gen/gconvfifo.rf/grf.rf/rstblk/ngwrdrst.grst.g7serrst.gnsckt_wrst.rst_wr_reg2_inst/arststages_ff_reg[1]/PRE
                            (recovery check against rising-edge clock clk_pl_0  {rise@0.000ns fall@5.000ns period=10.000ns})
  Path Group:             (none)
  Path Type:              Recovery (Max at Slow Process Corner)
  Data Path Delay:        3.790ns  (logic 0.107ns (2.823%)  route 3.683ns (97.177%))
  Logic Levels:           1  (BUFGCE=1)
  Clock Path Skew:        -0.226ns (DCD - SCD + CPR)
    Destination Clock Delay (DCD):    1.718ns
    Source Clock Delay      (SCD):    1.944ns
    Clock Pessimism Removal (CPR):    0.000ns
  Clock Uncertainty:      0.130ns  ((TSJ^2 + DJ^2)^1/2) / 2 + PE
    Total System Jitter     (TSJ):    0.071ns
    Discrete Jitter          (DJ):    0.250ns
    Phase Error              (PE):    0.000ns
  Clock Net Delay (Source):      1.781ns (routing 0.404ns, distribution 1.377ns)
  Clock Net Delay (Destination): 1.588ns (routing 0.363ns, distribution 1.225ns)
  Timing Exception:       False Path

    Location             Delay type                Incr(ns)  Path(ns)    Netlist Resource(s)
  -------------------------------------------------------------------    -------------------
                         (clock clk_pl_0 rise edge)
                                                      0.000     0.000 r  
    PS8_X0Y0             PS8                          0.000     0.000 r  design_1_i/zynq_ultra_ps_e_0/inst/PS8_i/PLCLK[0]
                         net (fo=1, routed)           0.135     0.135    design_1_i/zynq_ultra_ps_e_0/inst/pl_clk_unbuffered[0]
    BUFG_PS_X0Y58        BUFG_PS (Prop_BUFG_PS_I_O)
                                                      0.028     0.163 r  design_1_i/zynq_ultra_ps_e_0/inst/buffer_pl_clk_0.PL_CLK_0_BUFG/O
    X1Y3 (CLOCK_ROOT)    net (fo=41467, routed)       1.781     1.944    design_1_i/rst_ps8_0_99M/U0/slowest_sync_clk
    SLICE_X32Y182        FDRE                                         r  design_1_i/rst_ps8_0_99M/U0/ACTIVE_LOW_PR_OUT_DFF[0].FDRE_PER_N/C
  -------------------------------------------------------------------    -------------------
    SLICE_X32Y182        FDRE (Prop_AFF_SLICEL_C_Q)
                                                      0.079     2.023 r  design_1_i/rst_ps8_0_99M/U0/ACTIVE_LOW_PR_OUT_DFF[0].FDRE_PER_N/Q
                         net (fo=1, routed)           1.790     3.813    design_1_i/rst_ps8_0_99M/U0/peripheral_aresetn[0]_bufg_place
    BUFGCE_X0Y74         BUFGCE (Prop_BUFCE_BUFGCE_I_O)
                                                      0.028     3.841 r  design_1_i/rst_ps8_0_99M/U0/ACTIVE_LOW_PR_OUT_DFF[0].FDRE_PER_N_bufg_place/O
                         net (fo=3010, routed)        1.893     5.734    design_1_i/ps8_0_axi_periph/s00_couplers/auto_ds/inst/gen_downsizer.gen_simple_downsizer.axi_downsizer_inst/USE_WRITE.write_addr_inst/USE_B_CHANNEL.cmd_b_queue/inst/fifo_gen_inst/inst_fifo_gen/gconvfifo.rf/grf.rf/rstblk/ngwrdrst.grst.g7serrst.gnsckt_wrst.rst_wr_reg2_inst/src_arst
    SLICE_X42Y72         FDPE                                         f  design_1_i/ps8_0_axi_periph/s00_couplers/auto_ds/inst/gen_downsizer.gen_simple_downsizer.axi_downsizer_inst/USE_WRITE.write_addr_inst/USE_B_CHANNEL.cmd_b_queue/inst/fifo_gen_inst/inst_fifo_gen/gconvfifo.rf/grf.rf/rstblk/ngwrdrst.grst.g7serrst.gnsckt_wrst.rst_wr_reg2_inst/arststages_ff_reg[1]/PRE  (IS_INVERTED)
  -------------------------------------------------------------------    -------------------

                         (clock clk_pl_0 rise edge)
                                                      0.000     0.000 r  
    PS8_X0Y0             PS8                          0.000     0.000 r  design_1_i/zynq_ultra_ps_e_0/inst/PS8_i/PLCLK[0]
                         net (fo=1, routed)           0.105     0.105    design_1_i/zynq_ultra_ps_e_0/inst/pl_clk_unbuffered[0]
    BUFG_PS_X0Y58        BUFG_PS (Prop_BUFG_PS_I_O)
                                                      0.025     0.130 r  design_1_i/zynq_ultra_ps_e_0/inst/buffer_pl_clk_0.PL_CLK_0_BUFG/O
    X1Y3 (CLOCK_ROOT)    net (fo=41467, routed)       1.588     1.718    design_1_i/ps8_0_axi_periph/s00_couplers/auto_ds/inst/gen_downsizer.gen_simple_downsizer.axi_downsizer_inst/USE_WRITE.write_addr_inst/USE_B_CHANNEL.cmd_b_queue/inst/fifo_gen_inst/inst_fifo_gen/gconvfifo.rf/grf.rf/rstblk/ngwrdrst.grst.g7serrst.gnsckt_wrst.rst_wr_reg2_inst/dest_clk
    SLICE_X42Y72         FDPE                                         r  design_1_i/ps8_0_axi_periph/s00_couplers/auto_ds/inst/gen_downsizer.gen_simple_downsizer.axi_downsizer_inst/USE_WRITE.write_addr_inst/USE_B_CHANNEL.cmd_b_queue/inst/fifo_gen_inst/inst_fifo_gen/gconvfifo.rf/grf.rf/rstblk/ngwrdrst.grst.g7serrst.gnsckt_wrst.rst_wr_reg2_inst/arststages_ff_reg[1]/C

Slack:                    inf
  Source:                 design_1_i/rst_ps8_0_99M/U0/ACTIVE_LOW_PR_OUT_DFF[0].FDRE_PER_N/C
                            (rising edge-triggered cell FDRE clocked by clk_pl_0  {rise@0.000ns fall@5.000ns period=10.000ns})
  Destination:            design_1_i/ps8_0_axi_periph/s01_couplers/auto_ds/inst/gen_downsizer.gen_simple_downsizer.axi_downsizer_inst/USE_WRITE.write_addr_inst/cmd_queue/inst/fifo_gen_inst/inst_fifo_gen/gconvfifo.rf/grf.rf/rstblk/ngwrdrst.grst.g7serrst.gnsckt_wrst.rst_wr_reg2_inst/arststages_ff_reg[0]/PRE
                            (recovery check against rising-edge clock clk_pl_0  {rise@0.000ns fall@5.000ns period=10.000ns})
  Path Group:             (none)
  Path Type:              Recovery (Max at Slow Process Corner)
  Data Path Delay:        3.782ns  (logic 0.107ns (2.829%)  route 3.675ns (97.171%))
  Logic Levels:           1  (BUFGCE=1)
  Clock Path Skew:        -0.243ns (DCD - SCD + CPR)
    Destination Clock Delay (DCD):    1.702ns
    Source Clock Delay      (SCD):    1.944ns
    Clock Pessimism Removal (CPR):    0.000ns
  Clock Uncertainty:      0.130ns  ((TSJ^2 + DJ^2)^1/2) / 2 + PE
    Total System Jitter     (TSJ):    0.071ns
    Discrete Jitter          (DJ):    0.250ns
    Phase Error              (PE):    0.000ns
  Clock Net Delay (Source):      1.781ns (routing 0.404ns, distribution 1.377ns)
  Clock Net Delay (Destination): 1.572ns (routing 0.363ns, distribution 1.209ns)
  Timing Exception:       False Path

    Location             Delay type                Incr(ns)  Path(ns)    Netlist Resource(s)
  -------------------------------------------------------------------    -------------------
                         (clock clk_pl_0 rise edge)
                                                      0.000     0.000 r  
    PS8_X0Y0             PS8                          0.000     0.000 r  design_1_i/zynq_ultra_ps_e_0/inst/PS8_i/PLCLK[0]
                         net (fo=1, routed)           0.135     0.135    design_1_i/zynq_ultra_ps_e_0/inst/pl_clk_unbuffered[0]
    BUFG_PS_X0Y58        BUFG_PS (Prop_BUFG_PS_I_O)
                                                      0.028     0.163 r  design_1_i/zynq_ultra_ps_e_0/inst/buffer_pl_clk_0.PL_CLK_0_BUFG/O
    X1Y3 (CLOCK_ROOT)    net (fo=41467, routed)       1.781     1.944    design_1_i/rst_ps8_0_99M/U0/slowest_sync_clk
    SLICE_X32Y182        FDRE                                         r  design_1_i/rst_ps8_0_99M/U0/ACTIVE_LOW_PR_OUT_DFF[0].FDRE_PER_N/C
  -------------------------------------------------------------------    -------------------
    SLICE_X32Y182        FDRE (Prop_AFF_SLICEL_C_Q)
                                                      0.079     2.023 r  design_1_i/rst_ps8_0_99M/U0/ACTIVE_LOW_PR_OUT_DFF[0].FDRE_PER_N/Q
                         net (fo=1, routed)           1.790     3.813    design_1_i/rst_ps8_0_99M/U0/peripheral_aresetn[0]_bufg_place
    BUFGCE_X0Y74         BUFGCE (Prop_BUFCE_BUFGCE_I_O)
                                                      0.028     3.841 r  design_1_i/rst_ps8_0_99M/U0/ACTIVE_LOW_PR_OUT_DFF[0].FDRE_PER_N_bufg_place/O
                         net (fo=3010, routed)        1.885     5.726    design_1_i/ps8_0_axi_periph/s01_couplers/auto_ds/inst/gen_downsizer.gen_simple_downsizer.axi_downsizer_inst/USE_WRITE.write_addr_inst/cmd_queue/inst/fifo_gen_inst/inst_fifo_gen/gconvfifo.rf/grf.rf/rstblk/ngwrdrst.grst.g7serrst.gnsckt_wrst.rst_wr_reg2_inst/src_arst
    SLICE_X43Y100        FDPE                                         f  design_1_i/ps8_0_axi_periph/s01_couplers/auto_ds/inst/gen_downsizer.gen_simple_downsizer.axi_downsizer_inst/USE_WRITE.write_addr_inst/cmd_queue/inst/fifo_gen_inst/inst_fifo_gen/gconvfifo.rf/grf.rf/rstblk/ngwrdrst.grst.g7serrst.gnsckt_wrst.rst_wr_reg2_inst/arststages_ff_reg[0]/PRE  (IS_INVERTED)
  -------------------------------------------------------------------    -------------------

                         (clock clk_pl_0 rise edge)
                                                      0.000     0.000 r  
    PS8_X0Y0             PS8                          0.000     0.000 r  design_1_i/zynq_ultra_ps_e_0/inst/PS8_i/PLCLK[0]
                         net (fo=1, routed)           0.105     0.105    design_1_i/zynq_ultra_ps_e_0/inst/pl_clk_unbuffered[0]
    BUFG_PS_X0Y58        BUFG_PS (Prop_BUFG_PS_I_O)
                                                      0.025     0.130 r  design_1_i/zynq_ultra_ps_e_0/inst/buffer_pl_clk_0.PL_CLK_0_BUFG/O
    X1Y3 (CLOCK_ROOT)    net (fo=41467, routed)       1.572     1.702    design_1_i/ps8_0_axi_periph/s01_couplers/auto_ds/inst/gen_downsizer.gen_simple_downsizer.axi_downsizer_inst/USE_WRITE.write_addr_inst/cmd_queue/inst/fifo_gen_inst/inst_fifo_gen/gconvfifo.rf/grf.rf/rstblk/ngwrdrst.grst.g7serrst.gnsckt_wrst.rst_wr_reg2_inst/dest_clk
    SLICE_X43Y100        FDPE                                         r  design_1_i/ps8_0_axi_periph/s01_couplers/auto_ds/inst/gen_downsizer.gen_simple_downsizer.axi_downsizer_inst/USE_WRITE.write_addr_inst/cmd_queue/inst/fifo_gen_inst/inst_fifo_gen/gconvfifo.rf/grf.rf/rstblk/ngwrdrst.grst.g7serrst.gnsckt_wrst.rst_wr_reg2_inst/arststages_ff_reg[0]/C

Slack:                    inf
  Source:                 design_1_i/rst_ps8_0_99M/U0/ACTIVE_LOW_PR_OUT_DFF[0].FDRE_PER_N/C
                            (rising edge-triggered cell FDRE clocked by clk_pl_0  {rise@0.000ns fall@5.000ns period=10.000ns})
  Destination:            design_1_i/ps8_0_axi_periph/s01_couplers/auto_ds/inst/gen_downsizer.gen_simple_downsizer.axi_downsizer_inst/USE_WRITE.write_addr_inst/cmd_queue/inst/fifo_gen_inst/inst_fifo_gen/gconvfifo.rf/grf.rf/rstblk/ngwrdrst.grst.g7serrst.gnsckt_wrst.rst_wr_reg2_inst/arststages_ff_reg[1]/PRE
                            (recovery check against rising-edge clock clk_pl_0  {rise@0.000ns fall@5.000ns period=10.000ns})
  Path Group:             (none)
  Path Type:              Recovery (Max at Slow Process Corner)
  Data Path Delay:        3.782ns  (logic 0.107ns (2.829%)  route 3.675ns (97.171%))
  Logic Levels:           1  (BUFGCE=1)
  Clock Path Skew:        -0.243ns (DCD - SCD + CPR)
    Destination Clock Delay (DCD):    1.702ns
    Source Clock Delay      (SCD):    1.944ns
    Clock Pessimism Removal (CPR):    0.000ns
  Clock Uncertainty:      0.130ns  ((TSJ^2 + DJ^2)^1/2) / 2 + PE
    Total System Jitter     (TSJ):    0.071ns
    Discrete Jitter          (DJ):    0.250ns
    Phase Error              (PE):    0.000ns
  Clock Net Delay (Source):      1.781ns (routing 0.404ns, distribution 1.377ns)
  Clock Net Delay (Destination): 1.572ns (routing 0.363ns, distribution 1.209ns)
  Timing Exception:       False Path

    Location             Delay type                Incr(ns)  Path(ns)    Netlist Resource(s)
  -------------------------------------------------------------------    -------------------
                         (clock clk_pl_0 rise edge)
                                                      0.000     0.000 r  
    PS8_X0Y0             PS8                          0.000     0.000 r  design_1_i/zynq_ultra_ps_e_0/inst/PS8_i/PLCLK[0]
                         net (fo=1, routed)           0.135     0.135    design_1_i/zynq_ultra_ps_e_0/inst/pl_clk_unbuffered[0]
    BUFG_PS_X0Y58        BUFG_PS (Prop_BUFG_PS_I_O)
                                                      0.028     0.163 r  design_1_i/zynq_ultra_ps_e_0/inst/buffer_pl_clk_0.PL_CLK_0_BUFG/O
    X1Y3 (CLOCK_ROOT)    net (fo=41467, routed)       1.781     1.944    design_1_i/rst_ps8_0_99M/U0/slowest_sync_clk
    SLICE_X32Y182        FDRE                                         r  design_1_i/rst_ps8_0_99M/U0/ACTIVE_LOW_PR_OUT_DFF[0].FDRE_PER_N/C
  -------------------------------------------------------------------    -------------------
    SLICE_X32Y182        FDRE (Prop_AFF_SLICEL_C_Q)
                                                      0.079     2.023 r  design_1_i/rst_ps8_0_99M/U0/ACTIVE_LOW_PR_OUT_DFF[0].FDRE_PER_N/Q
                         net (fo=1, routed)           1.790     3.813    design_1_i/rst_ps8_0_99M/U0/peripheral_aresetn[0]_bufg_place
    BUFGCE_X0Y74         BUFGCE (Prop_BUFCE_BUFGCE_I_O)
                                                      0.028     3.841 r  design_1_i/rst_ps8_0_99M/U0/ACTIVE_LOW_PR_OUT_DFF[0].FDRE_PER_N_bufg_place/O
                         net (fo=3010, routed)        1.885     5.726    design_1_i/ps8_0_axi_periph/s01_couplers/auto_ds/inst/gen_downsizer.gen_simple_downsizer.axi_downsizer_inst/USE_WRITE.write_addr_inst/cmd_queue/inst/fifo_gen_inst/inst_fifo_gen/gconvfifo.rf/grf.rf/rstblk/ngwrdrst.grst.g7serrst.gnsckt_wrst.rst_wr_reg2_inst/src_arst
    SLICE_X43Y100        FDPE                                         f  design_1_i/ps8_0_axi_periph/s01_couplers/auto_ds/inst/gen_downsizer.gen_simple_downsizer.axi_downsizer_inst/USE_WRITE.write_addr_inst/cmd_queue/inst/fifo_gen_inst/inst_fifo_gen/gconvfifo.rf/grf.rf/rstblk/ngwrdrst.grst.g7serrst.gnsckt_wrst.rst_wr_reg2_inst/arststages_ff_reg[1]/PRE  (IS_INVERTED)
  -------------------------------------------------------------------    -------------------

                         (clock clk_pl_0 rise edge)
                                                      0.000     0.000 r  
    PS8_X0Y0             PS8                          0.000     0.000 r  design_1_i/zynq_ultra_ps_e_0/inst/PS8_i/PLCLK[0]
                         net (fo=1, routed)           0.105     0.105    design_1_i/zynq_ultra_ps_e_0/inst/pl_clk_unbuffered[0]
    BUFG_PS_X0Y58        BUFG_PS (Prop_BUFG_PS_I_O)
                                                      0.025     0.130 r  design_1_i/zynq_ultra_ps_e_0/inst/buffer_pl_clk_0.PL_CLK_0_BUFG/O
    X1Y3 (CLOCK_ROOT)    net (fo=41467, routed)       1.572     1.702    design_1_i/ps8_0_axi_periph/s01_couplers/auto_ds/inst/gen_downsizer.gen_simple_downsizer.axi_downsizer_inst/USE_WRITE.write_addr_inst/cmd_queue/inst/fifo_gen_inst/inst_fifo_gen/gconvfifo.rf/grf.rf/rstblk/ngwrdrst.grst.g7serrst.gnsckt_wrst.rst_wr_reg2_inst/dest_clk
    SLICE_X43Y100        FDPE                                         r  design_1_i/ps8_0_axi_periph/s01_couplers/auto_ds/inst/gen_downsizer.gen_simple_downsizer.axi_downsizer_inst/USE_WRITE.write_addr_inst/cmd_queue/inst/fifo_gen_inst/inst_fifo_gen/gconvfifo.rf/grf.rf/rstblk/ngwrdrst.grst.g7serrst.gnsckt_wrst.rst_wr_reg2_inst/arststages_ff_reg[1]/C

Slack:                    inf
  Source:                 design_1_i/rst_ps8_0_99M/U0/ACTIVE_LOW_PR_OUT_DFF[0].FDRE_PER_N/C
                            (rising edge-triggered cell FDRE clocked by clk_pl_0  {rise@0.000ns fall@5.000ns period=10.000ns})
  Destination:            design_1_i/ps8_0_axi_periph/s01_couplers/auto_ds/inst/gen_downsizer.gen_simple_downsizer.axi_downsizer_inst/USE_WRITE.write_addr_inst/USE_B_CHANNEL.cmd_b_queue/inst/fifo_gen_inst/inst_fifo_gen/gconvfifo.rf/grf.rf/rstblk/ngwrdrst.grst.g7serrst.gnsckt_wrst.rst_wr_reg2_inst/arststages_ff_reg[0]/PRE
                            (recovery check against rising-edge clock clk_pl_0  {rise@0.000ns fall@5.000ns period=10.000ns})
  Path Group:             (none)
  Path Type:              Recovery (Max at Slow Process Corner)
  Data Path Delay:        3.778ns  (logic 0.107ns (2.832%)  route 3.671ns (97.168%))
  Logic Levels:           1  (BUFGCE=1)
  Clock Path Skew:        -0.239ns (DCD - SCD + CPR)
    Destination Clock Delay (DCD):    1.706ns
    Source Clock Delay      (SCD):    1.944ns
    Clock Pessimism Removal (CPR):    0.000ns
  Clock Uncertainty:      0.130ns  ((TSJ^2 + DJ^2)^1/2) / 2 + PE
    Total System Jitter     (TSJ):    0.071ns
    Discrete Jitter          (DJ):    0.250ns
    Phase Error              (PE):    0.000ns
  Clock Net Delay (Source):      1.781ns (routing 0.404ns, distribution 1.377ns)
  Clock Net Delay (Destination): 1.576ns (routing 0.363ns, distribution 1.213ns)
  Timing Exception:       False Path

    Location             Delay type                Incr(ns)  Path(ns)    Netlist Resource(s)
  -------------------------------------------------------------------    -------------------
                         (clock clk_pl_0 rise edge)
                                                      0.000     0.000 r  
    PS8_X0Y0             PS8                          0.000     0.000 r  design_1_i/zynq_ultra_ps_e_0/inst/PS8_i/PLCLK[0]
                         net (fo=1, routed)           0.135     0.135    design_1_i/zynq_ultra_ps_e_0/inst/pl_clk_unbuffered[0]
    BUFG_PS_X0Y58        BUFG_PS (Prop_BUFG_PS_I_O)
                                                      0.028     0.163 r  design_1_i/zynq_ultra_ps_e_0/inst/buffer_pl_clk_0.PL_CLK_0_BUFG/O
    X1Y3 (CLOCK_ROOT)    net (fo=41467, routed)       1.781     1.944    design_1_i/rst_ps8_0_99M/U0/slowest_sync_clk
    SLICE_X32Y182        FDRE                                         r  design_1_i/rst_ps8_0_99M/U0/ACTIVE_LOW_PR_OUT_DFF[0].FDRE_PER_N/C
  -------------------------------------------------------------------    -------------------
    SLICE_X32Y182        FDRE (Prop_AFF_SLICEL_C_Q)
                                                      0.079     2.023 r  design_1_i/rst_ps8_0_99M/U0/ACTIVE_LOW_PR_OUT_DFF[0].FDRE_PER_N/Q
                         net (fo=1, routed)           1.790     3.813    design_1_i/rst_ps8_0_99M/U0/peripheral_aresetn[0]_bufg_place
    BUFGCE_X0Y74         BUFGCE (Prop_BUFCE_BUFGCE_I_O)
                                                      0.028     3.841 r  design_1_i/rst_ps8_0_99M/U0/ACTIVE_LOW_PR_OUT_DFF[0].FDRE_PER_N_bufg_place/O
                         net (fo=3010, routed)        1.881     5.722    design_1_i/ps8_0_axi_periph/s01_couplers/auto_ds/inst/gen_downsizer.gen_simple_downsizer.axi_downsizer_inst/USE_WRITE.write_addr_inst/USE_B_CHANNEL.cmd_b_queue/inst/fifo_gen_inst/inst_fifo_gen/gconvfifo.rf/grf.rf/rstblk/ngwrdrst.grst.g7serrst.gnsckt_wrst.rst_wr_reg2_inst/src_arst
    SLICE_X39Y107        FDPE                                         f  design_1_i/ps8_0_axi_periph/s01_couplers/auto_ds/inst/gen_downsizer.gen_simple_downsizer.axi_downsizer_inst/USE_WRITE.write_addr_inst/USE_B_CHANNEL.cmd_b_queue/inst/fifo_gen_inst/inst_fifo_gen/gconvfifo.rf/grf.rf/rstblk/ngwrdrst.grst.g7serrst.gnsckt_wrst.rst_wr_reg2_inst/arststages_ff_reg[0]/PRE  (IS_INVERTED)
  -------------------------------------------------------------------    -------------------

                         (clock clk_pl_0 rise edge)
                                                      0.000     0.000 r  
    PS8_X0Y0             PS8                          0.000     0.000 r  design_1_i/zynq_ultra_ps_e_0/inst/PS8_i/PLCLK[0]
                         net (fo=1, routed)           0.105     0.105    design_1_i/zynq_ultra_ps_e_0/inst/pl_clk_unbuffered[0]
    BUFG_PS_X0Y58        BUFG_PS (Prop_BUFG_PS_I_O)
                                                      0.025     0.130 r  design_1_i/zynq_ultra_ps_e_0/inst/buffer_pl_clk_0.PL_CLK_0_BUFG/O
    X1Y3 (CLOCK_ROOT)    net (fo=41467, routed)       1.576     1.706    design_1_i/ps8_0_axi_periph/s01_couplers/auto_ds/inst/gen_downsizer.gen_simple_downsizer.axi_downsizer_inst/USE_WRITE.write_addr_inst/USE_B_CHANNEL.cmd_b_queue/inst/fifo_gen_inst/inst_fifo_gen/gconvfifo.rf/grf.rf/rstblk/ngwrdrst.grst.g7serrst.gnsckt_wrst.rst_wr_reg2_inst/dest_clk
    SLICE_X39Y107        FDPE                                         r  design_1_i/ps8_0_axi_periph/s01_couplers/auto_ds/inst/gen_downsizer.gen_simple_downsizer.axi_downsizer_inst/USE_WRITE.write_addr_inst/USE_B_CHANNEL.cmd_b_queue/inst/fifo_gen_inst/inst_fifo_gen/gconvfifo.rf/grf.rf/rstblk/ngwrdrst.grst.g7serrst.gnsckt_wrst.rst_wr_reg2_inst/arststages_ff_reg[0]/C

Slack:                    inf
  Source:                 design_1_i/rst_ps8_0_99M/U0/ACTIVE_LOW_PR_OUT_DFF[0].FDRE_PER_N/C
                            (rising edge-triggered cell FDRE clocked by clk_pl_0  {rise@0.000ns fall@5.000ns period=10.000ns})
  Destination:            design_1_i/ps8_0_axi_periph/s01_couplers/auto_ds/inst/gen_downsizer.gen_simple_downsizer.axi_downsizer_inst/USE_WRITE.write_addr_inst/USE_B_CHANNEL.cmd_b_queue/inst/fifo_gen_inst/inst_fifo_gen/gconvfifo.rf/grf.rf/rstblk/ngwrdrst.grst.g7serrst.gnsckt_wrst.rst_wr_reg2_inst/arststages_ff_reg[1]/PRE
                            (recovery check against rising-edge clock clk_pl_0  {rise@0.000ns fall@5.000ns period=10.000ns})
  Path Group:             (none)
  Path Type:              Recovery (Max at Slow Process Corner)
  Data Path Delay:        3.778ns  (logic 0.107ns (2.832%)  route 3.671ns (97.168%))
  Logic Levels:           1  (BUFGCE=1)
  Clock Path Skew:        -0.239ns (DCD - SCD + CPR)
    Destination Clock Delay (DCD):    1.706ns
    Source Clock Delay      (SCD):    1.944ns
    Clock Pessimism Removal (CPR):    0.000ns
  Clock Uncertainty:      0.130ns  ((TSJ^2 + DJ^2)^1/2) / 2 + PE
    Total System Jitter     (TSJ):    0.071ns
    Discrete Jitter          (DJ):    0.250ns
    Phase Error              (PE):    0.000ns
  Clock Net Delay (Source):      1.781ns (routing 0.404ns, distribution 1.377ns)
  Clock Net Delay (Destination): 1.576ns (routing 0.363ns, distribution 1.213ns)
  Timing Exception:       False Path

    Location             Delay type                Incr(ns)  Path(ns)    Netlist Resource(s)
  -------------------------------------------------------------------    -------------------
                         (clock clk_pl_0 rise edge)
                                                      0.000     0.000 r  
    PS8_X0Y0             PS8                          0.000     0.000 r  design_1_i/zynq_ultra_ps_e_0/inst/PS8_i/PLCLK[0]
                         net (fo=1, routed)           0.135     0.135    design_1_i/zynq_ultra_ps_e_0/inst/pl_clk_unbuffered[0]
    BUFG_PS_X0Y58        BUFG_PS (Prop_BUFG_PS_I_O)
                                                      0.028     0.163 r  design_1_i/zynq_ultra_ps_e_0/inst/buffer_pl_clk_0.PL_CLK_0_BUFG/O
    X1Y3 (CLOCK_ROOT)    net (fo=41467, routed)       1.781     1.944    design_1_i/rst_ps8_0_99M/U0/slowest_sync_clk
    SLICE_X32Y182        FDRE                                         r  design_1_i/rst_ps8_0_99M/U0/ACTIVE_LOW_PR_OUT_DFF[0].FDRE_PER_N/C
  -------------------------------------------------------------------    -------------------
    SLICE_X32Y182        FDRE (Prop_AFF_SLICEL_C_Q)
                                                      0.079     2.023 r  design_1_i/rst_ps8_0_99M/U0/ACTIVE_LOW_PR_OUT_DFF[0].FDRE_PER_N/Q
                         net (fo=1, routed)           1.790     3.813    design_1_i/rst_ps8_0_99M/U0/peripheral_aresetn[0]_bufg_place
    BUFGCE_X0Y74         BUFGCE (Prop_BUFCE_BUFGCE_I_O)
                                                      0.028     3.841 r  design_1_i/rst_ps8_0_99M/U0/ACTIVE_LOW_PR_OUT_DFF[0].FDRE_PER_N_bufg_place/O
                         net (fo=3010, routed)        1.881     5.722    design_1_i/ps8_0_axi_periph/s01_couplers/auto_ds/inst/gen_downsizer.gen_simple_downsizer.axi_downsizer_inst/USE_WRITE.write_addr_inst/USE_B_CHANNEL.cmd_b_queue/inst/fifo_gen_inst/inst_fifo_gen/gconvfifo.rf/grf.rf/rstblk/ngwrdrst.grst.g7serrst.gnsckt_wrst.rst_wr_reg2_inst/src_arst
    SLICE_X39Y107        FDPE                                         f  design_1_i/ps8_0_axi_periph/s01_couplers/auto_ds/inst/gen_downsizer.gen_simple_downsizer.axi_downsizer_inst/USE_WRITE.write_addr_inst/USE_B_CHANNEL.cmd_b_queue/inst/fifo_gen_inst/inst_fifo_gen/gconvfifo.rf/grf.rf/rstblk/ngwrdrst.grst.g7serrst.gnsckt_wrst.rst_wr_reg2_inst/arststages_ff_reg[1]/PRE  (IS_INVERTED)
  -------------------------------------------------------------------    -------------------

                         (clock clk_pl_0 rise edge)
                                                      0.000     0.000 r  
    PS8_X0Y0             PS8                          0.000     0.000 r  design_1_i/zynq_ultra_ps_e_0/inst/PS8_i/PLCLK[0]
                         net (fo=1, routed)           0.105     0.105    design_1_i/zynq_ultra_ps_e_0/inst/pl_clk_unbuffered[0]
    BUFG_PS_X0Y58        BUFG_PS (Prop_BUFG_PS_I_O)
                                                      0.025     0.130 r  design_1_i/zynq_ultra_ps_e_0/inst/buffer_pl_clk_0.PL_CLK_0_BUFG/O
    X1Y3 (CLOCK_ROOT)    net (fo=41467, routed)       1.576     1.706    design_1_i/ps8_0_axi_periph/s01_couplers/auto_ds/inst/gen_downsizer.gen_simple_downsizer.axi_downsizer_inst/USE_WRITE.write_addr_inst/USE_B_CHANNEL.cmd_b_queue/inst/fifo_gen_inst/inst_fifo_gen/gconvfifo.rf/grf.rf/rstblk/ngwrdrst.grst.g7serrst.gnsckt_wrst.rst_wr_reg2_inst/dest_clk
    SLICE_X39Y107        FDPE                                         r  design_1_i/ps8_0_axi_periph/s01_couplers/auto_ds/inst/gen_downsizer.gen_simple_downsizer.axi_downsizer_inst/USE_WRITE.write_addr_inst/USE_B_CHANNEL.cmd_b_queue/inst/fifo_gen_inst/inst_fifo_gen/gconvfifo.rf/grf.rf/rstblk/ngwrdrst.grst.g7serrst.gnsckt_wrst.rst_wr_reg2_inst/arststages_ff_reg[1]/C





Min Delay Paths
--------------------------------------------------------------------------------------
Slack:                    inf
  Source:                 design_1_i/axi_smc/inst/clk_map/psr_aclk/U0/ACTIVE_LOW_BSR_OUT_DFF[0].FDRE_BSR_N/C
                            (rising edge-triggered cell FDRE clocked by clk_pl_0  {rise@0.000ns fall@5.000ns period=10.000ns})
  Destination:            design_1_i/axi_smc/inst/m00_nodes/m00_b_node/inst/s_sc_xpm_cdc_async_rst_inst/arststages_ff_reg[0]/CLR
                            (removal check against rising-edge clock clk_pl_0  {rise@0.000ns fall@5.000ns period=10.000ns})
  Path Group:             (none)
  Path Type:              Removal (Min at Fast Process Corner)
  Data Path Delay:        0.187ns  (logic 0.039ns (20.891%)  route 0.148ns (79.109%))
  Logic Levels:           0  
  Clock Path Skew:        0.155ns (DCD - SCD - CPR)
    Destination Clock Delay (DCD):    1.252ns
    Source Clock Delay      (SCD):    1.098ns
    Clock Pessimism Removal (CPR):    -0.000ns
  Clock Uncertainty:      0.130ns  ((TSJ^2 + DJ^2)^1/2) / 2 + PE
    Total System Jitter     (TSJ):    0.071ns
    Discrete Jitter          (DJ):    0.250ns
    Phase Error              (PE):    0.000ns
  Clock Net Delay (Source):      1.005ns (routing 0.222ns, distribution 0.783ns)
  Clock Net Delay (Destination): 1.136ns (routing 0.250ns, distribution 0.886ns)
  Timing Exception:       False Path

    Location             Delay type                Incr(ns)  Path(ns)    Netlist Resource(s)
  -------------------------------------------------------------------    -------------------
                         (clock clk_pl_0 rise edge)
                                                      0.000     0.000 r  
    PS8_X0Y0             PS8                          0.000     0.000 r  design_1_i/zynq_ultra_ps_e_0/inst/PS8_i/PLCLK[0]
                         net (fo=1, routed)           0.076     0.076    design_1_i/zynq_ultra_ps_e_0/inst/pl_clk_unbuffered[0]
    BUFG_PS_X0Y58        BUFG_PS (Prop_BUFG_PS_I_O)
                                                      0.017     0.093 r  design_1_i/zynq_ultra_ps_e_0/inst/buffer_pl_clk_0.PL_CLK_0_BUFG/O
    X1Y3 (CLOCK_ROOT)    net (fo=41467, routed)       1.005     1.098    design_1_i/axi_smc/inst/clk_map/psr_aclk/U0/aclk
    SLICE_X48Y6          FDRE                                         r  design_1_i/axi_smc/inst/clk_map/psr_aclk/U0/ACTIVE_LOW_BSR_OUT_DFF[0].FDRE_BSR_N/C
  -------------------------------------------------------------------    -------------------
    SLICE_X48Y6          FDRE (Prop_DFF_SLICEL_C_Q)
                                                      0.039     1.137 r  design_1_i/axi_smc/inst/clk_map/psr_aclk/U0/ACTIVE_LOW_BSR_OUT_DFF[0].FDRE_BSR_N/Q
                         net (fo=57, routed)          0.148     1.284    design_1_i/axi_smc/inst/m00_nodes/m00_b_node/inst/s_sc_xpm_cdc_async_rst_inst/src_arst
    SLICE_X43Y6          FDCE                                         f  design_1_i/axi_smc/inst/m00_nodes/m00_b_node/inst/s_sc_xpm_cdc_async_rst_inst/arststages_ff_reg[0]/CLR  (IS_INVERTED)
  -------------------------------------------------------------------    -------------------

                         (clock clk_pl_0 rise edge)
                                                      0.000     0.000 r  
    PS8_X0Y0             PS8                          0.000     0.000 r  design_1_i/zynq_ultra_ps_e_0/inst/PS8_i/PLCLK[0]
                         net (fo=1, routed)           0.098     0.098    design_1_i/zynq_ultra_ps_e_0/inst/pl_clk_unbuffered[0]
    BUFG_PS_X0Y58        BUFG_PS (Prop_BUFG_PS_I_O)
                                                      0.018     0.116 r  design_1_i/zynq_ultra_ps_e_0/inst/buffer_pl_clk_0.PL_CLK_0_BUFG/O
    X1Y3 (CLOCK_ROOT)    net (fo=41467, routed)       1.136     1.252    design_1_i/axi_smc/inst/m00_nodes/m00_b_node/inst/s_sc_xpm_cdc_async_rst_inst/dest_clk
    SLICE_X43Y6          FDCE                                         r  design_1_i/axi_smc/inst/m00_nodes/m00_b_node/inst/s_sc_xpm_cdc_async_rst_inst/arststages_ff_reg[0]/C

Slack:                    inf
  Source:                 design_1_i/axi_smc/inst/clk_map/psr_aclk/U0/ACTIVE_LOW_BSR_OUT_DFF[0].FDRE_BSR_N/C
                            (rising edge-triggered cell FDRE clocked by clk_pl_0  {rise@0.000ns fall@5.000ns period=10.000ns})
  Destination:            design_1_i/axi_smc/inst/m00_nodes/m00_b_node/inst/s_sc_xpm_cdc_async_rst_inst/arststages_ff_reg[1]/CLR
                            (removal check against rising-edge clock clk_pl_0  {rise@0.000ns fall@5.000ns period=10.000ns})
  Path Group:             (none)
  Path Type:              Removal (Min at Fast Process Corner)
  Data Path Delay:        0.187ns  (logic 0.039ns (20.891%)  route 0.148ns (79.109%))
  Logic Levels:           0  
  Clock Path Skew:        0.155ns (DCD - SCD - CPR)
    Destination Clock Delay (DCD):    1.252ns
    Source Clock Delay      (SCD):    1.098ns
    Clock Pessimism Removal (CPR):    -0.000ns
  Clock Uncertainty:      0.130ns  ((TSJ^2 + DJ^2)^1/2) / 2 + PE
    Total System Jitter     (TSJ):    0.071ns
    Discrete Jitter          (DJ):    0.250ns
    Phase Error              (PE):    0.000ns
  Clock Net Delay (Source):      1.005ns (routing 0.222ns, distribution 0.783ns)
  Clock Net Delay (Destination): 1.136ns (routing 0.250ns, distribution 0.886ns)
  Timing Exception:       False Path

    Location             Delay type                Incr(ns)  Path(ns)    Netlist Resource(s)
  -------------------------------------------------------------------    -------------------
                         (clock clk_pl_0 rise edge)
                                                      0.000     0.000 r  
    PS8_X0Y0             PS8                          0.000     0.000 r  design_1_i/zynq_ultra_ps_e_0/inst/PS8_i/PLCLK[0]
                         net (fo=1, routed)           0.076     0.076    design_1_i/zynq_ultra_ps_e_0/inst/pl_clk_unbuffered[0]
    BUFG_PS_X0Y58        BUFG_PS (Prop_BUFG_PS_I_O)
                                                      0.017     0.093 r  design_1_i/zynq_ultra_ps_e_0/inst/buffer_pl_clk_0.PL_CLK_0_BUFG/O
    X1Y3 (CLOCK_ROOT)    net (fo=41467, routed)       1.005     1.098    design_1_i/axi_smc/inst/clk_map/psr_aclk/U0/aclk
    SLICE_X48Y6          FDRE                                         r  design_1_i/axi_smc/inst/clk_map/psr_aclk/U0/ACTIVE_LOW_BSR_OUT_DFF[0].FDRE_BSR_N/C
  -------------------------------------------------------------------    -------------------
    SLICE_X48Y6          FDRE (Prop_DFF_SLICEL_C_Q)
                                                      0.039     1.137 r  design_1_i/axi_smc/inst/clk_map/psr_aclk/U0/ACTIVE_LOW_BSR_OUT_DFF[0].FDRE_BSR_N/Q
                         net (fo=57, routed)          0.148     1.284    design_1_i/axi_smc/inst/m00_nodes/m00_b_node/inst/s_sc_xpm_cdc_async_rst_inst/src_arst
    SLICE_X43Y6          FDCE                                         f  design_1_i/axi_smc/inst/m00_nodes/m00_b_node/inst/s_sc_xpm_cdc_async_rst_inst/arststages_ff_reg[1]/CLR  (IS_INVERTED)
  -------------------------------------------------------------------    -------------------

                         (clock clk_pl_0 rise edge)
                                                      0.000     0.000 r  
    PS8_X0Y0             PS8                          0.000     0.000 r  design_1_i/zynq_ultra_ps_e_0/inst/PS8_i/PLCLK[0]
                         net (fo=1, routed)           0.098     0.098    design_1_i/zynq_ultra_ps_e_0/inst/pl_clk_unbuffered[0]
    BUFG_PS_X0Y58        BUFG_PS (Prop_BUFG_PS_I_O)
                                                      0.018     0.116 r  design_1_i/zynq_ultra_ps_e_0/inst/buffer_pl_clk_0.PL_CLK_0_BUFG/O
    X1Y3 (CLOCK_ROOT)    net (fo=41467, routed)       1.136     1.252    design_1_i/axi_smc/inst/m00_nodes/m00_b_node/inst/s_sc_xpm_cdc_async_rst_inst/dest_clk
    SLICE_X43Y6          FDCE                                         r  design_1_i/axi_smc/inst/m00_nodes/m00_b_node/inst/s_sc_xpm_cdc_async_rst_inst/arststages_ff_reg[1]/C

Slack:                    inf
  Source:                 design_1_i/axi_smc/inst/clk_map/psr_aclk/U0/ACTIVE_LOW_BSR_OUT_DFF[0].FDRE_BSR_N/C
                            (rising edge-triggered cell FDRE clocked by clk_pl_0  {rise@0.000ns fall@5.000ns period=10.000ns})
  Destination:            design_1_i/axi_smc/inst/m00_nodes/m00_b_node/inst/s_sc_xpm_cdc_async_rst_inst/arststages_ff_reg[2]/CLR
                            (removal check against rising-edge clock clk_pl_0  {rise@0.000ns fall@5.000ns period=10.000ns})
  Path Group:             (none)
  Path Type:              Removal (Min at Fast Process Corner)
  Data Path Delay:        0.187ns  (logic 0.039ns (20.891%)  route 0.148ns (79.109%))
  Logic Levels:           0  
  Clock Path Skew:        0.155ns (DCD - SCD - CPR)
    Destination Clock Delay (DCD):    1.252ns
    Source Clock Delay      (SCD):    1.098ns
    Clock Pessimism Removal (CPR):    -0.000ns
  Clock Uncertainty:      0.130ns  ((TSJ^2 + DJ^2)^1/2) / 2 + PE
    Total System Jitter     (TSJ):    0.071ns
    Discrete Jitter          (DJ):    0.250ns
    Phase Error              (PE):    0.000ns
  Clock Net Delay (Source):      1.005ns (routing 0.222ns, distribution 0.783ns)
  Clock Net Delay (Destination): 1.136ns (routing 0.250ns, distribution 0.886ns)
  Timing Exception:       False Path

    Location             Delay type                Incr(ns)  Path(ns)    Netlist Resource(s)
  -------------------------------------------------------------------    -------------------
                         (clock clk_pl_0 rise edge)
                                                      0.000     0.000 r  
    PS8_X0Y0             PS8                          0.000     0.000 r  design_1_i/zynq_ultra_ps_e_0/inst/PS8_i/PLCLK[0]
                         net (fo=1, routed)           0.076     0.076    design_1_i/zynq_ultra_ps_e_0/inst/pl_clk_unbuffered[0]
    BUFG_PS_X0Y58        BUFG_PS (Prop_BUFG_PS_I_O)
                                                      0.017     0.093 r  design_1_i/zynq_ultra_ps_e_0/inst/buffer_pl_clk_0.PL_CLK_0_BUFG/O
    X1Y3 (CLOCK_ROOT)    net (fo=41467, routed)       1.005     1.098    design_1_i/axi_smc/inst/clk_map/psr_aclk/U0/aclk
    SLICE_X48Y6          FDRE                                         r  design_1_i/axi_smc/inst/clk_map/psr_aclk/U0/ACTIVE_LOW_BSR_OUT_DFF[0].FDRE_BSR_N/C
  -------------------------------------------------------------------    -------------------
    SLICE_X48Y6          FDRE (Prop_DFF_SLICEL_C_Q)
                                                      0.039     1.137 r  design_1_i/axi_smc/inst/clk_map/psr_aclk/U0/ACTIVE_LOW_BSR_OUT_DFF[0].FDRE_BSR_N/Q
                         net (fo=57, routed)          0.148     1.284    design_1_i/axi_smc/inst/m00_nodes/m00_b_node/inst/s_sc_xpm_cdc_async_rst_inst/src_arst
    SLICE_X43Y6          FDCE                                         f  design_1_i/axi_smc/inst/m00_nodes/m00_b_node/inst/s_sc_xpm_cdc_async_rst_inst/arststages_ff_reg[2]/CLR  (IS_INVERTED)
  -------------------------------------------------------------------    -------------------

                         (clock clk_pl_0 rise edge)
                                                      0.000     0.000 r  
    PS8_X0Y0             PS8                          0.000     0.000 r  design_1_i/zynq_ultra_ps_e_0/inst/PS8_i/PLCLK[0]
                         net (fo=1, routed)           0.098     0.098    design_1_i/zynq_ultra_ps_e_0/inst/pl_clk_unbuffered[0]
    BUFG_PS_X0Y58        BUFG_PS (Prop_BUFG_PS_I_O)
                                                      0.018     0.116 r  design_1_i/zynq_ultra_ps_e_0/inst/buffer_pl_clk_0.PL_CLK_0_BUFG/O
    X1Y3 (CLOCK_ROOT)    net (fo=41467, routed)       1.136     1.252    design_1_i/axi_smc/inst/m00_nodes/m00_b_node/inst/s_sc_xpm_cdc_async_rst_inst/dest_clk
    SLICE_X43Y6          FDCE                                         r  design_1_i/axi_smc/inst/m00_nodes/m00_b_node/inst/s_sc_xpm_cdc_async_rst_inst/arststages_ff_reg[2]/C

Slack:                    inf
  Source:                 design_1_i/axi_smc/inst/clk_map/psr_aclk/U0/ACTIVE_LOW_BSR_OUT_DFF[0].FDRE_BSR_N/C
                            (rising edge-triggered cell FDRE clocked by clk_pl_0  {rise@0.000ns fall@5.000ns period=10.000ns})
  Destination:            design_1_i/axi_smc/inst/m00_nodes/m00_w_node/inst/s_sc_xpm_cdc_async_rst_inst/arststages_ff_reg[0]/CLR
                            (removal check against rising-edge clock clk_pl_0  {rise@0.000ns fall@5.000ns period=10.000ns})
  Path Group:             (none)
  Path Type:              Removal (Min at Fast Process Corner)
  Data Path Delay:        0.256ns  (logic 0.039ns (15.240%)  route 0.217ns (84.760%))
  Logic Levels:           0  
  Clock Path Skew:        0.165ns (DCD - SCD - CPR)
    Destination Clock Delay (DCD):    1.263ns
    Source Clock Delay      (SCD):    1.098ns
    Clock Pessimism Removal (CPR):    -0.000ns
  Clock Uncertainty:      0.130ns  ((TSJ^2 + DJ^2)^1/2) / 2 + PE
    Total System Jitter     (TSJ):    0.071ns
    Discrete Jitter          (DJ):    0.250ns
    Phase Error              (PE):    0.000ns
  Clock Net Delay (Source):      1.005ns (routing 0.222ns, distribution 0.783ns)
  Clock Net Delay (Destination): 1.147ns (routing 0.250ns, distribution 0.897ns)
  Timing Exception:       False Path

    Location             Delay type                Incr(ns)  Path(ns)    Netlist Resource(s)
  -------------------------------------------------------------------    -------------------
                         (clock clk_pl_0 rise edge)
                                                      0.000     0.000 r  
    PS8_X0Y0             PS8                          0.000     0.000 r  design_1_i/zynq_ultra_ps_e_0/inst/PS8_i/PLCLK[0]
                         net (fo=1, routed)           0.076     0.076    design_1_i/zynq_ultra_ps_e_0/inst/pl_clk_unbuffered[0]
    BUFG_PS_X0Y58        BUFG_PS (Prop_BUFG_PS_I_O)
                                                      0.017     0.093 r  design_1_i/zynq_ultra_ps_e_0/inst/buffer_pl_clk_0.PL_CLK_0_BUFG/O
    X1Y3 (CLOCK_ROOT)    net (fo=41467, routed)       1.005     1.098    design_1_i/axi_smc/inst/clk_map/psr_aclk/U0/aclk
    SLICE_X48Y6          FDRE                                         r  design_1_i/axi_smc/inst/clk_map/psr_aclk/U0/ACTIVE_LOW_BSR_OUT_DFF[0].FDRE_BSR_N/C
  -------------------------------------------------------------------    -------------------
    SLICE_X48Y6          FDRE (Prop_DFF_SLICEL_C_Q)
                                                      0.039     1.137 r  design_1_i/axi_smc/inst/clk_map/psr_aclk/U0/ACTIVE_LOW_BSR_OUT_DFF[0].FDRE_BSR_N/Q
                         net (fo=57, routed)          0.217     1.353    design_1_i/axi_smc/inst/m00_nodes/m00_w_node/inst/s_sc_xpm_cdc_async_rst_inst/src_arst
    SLICE_X44Y6          FDCE                                         f  design_1_i/axi_smc/inst/m00_nodes/m00_w_node/inst/s_sc_xpm_cdc_async_rst_inst/arststages_ff_reg[0]/CLR  (IS_INVERTED)
  -------------------------------------------------------------------    -------------------

                         (clock clk_pl_0 rise edge)
                                                      0.000     0.000 r  
    PS8_X0Y0             PS8                          0.000     0.000 r  design_1_i/zynq_ultra_ps_e_0/inst/PS8_i/PLCLK[0]
                         net (fo=1, routed)           0.098     0.098    design_1_i/zynq_ultra_ps_e_0/inst/pl_clk_unbuffered[0]
    BUFG_PS_X0Y58        BUFG_PS (Prop_BUFG_PS_I_O)
                                                      0.018     0.116 r  design_1_i/zynq_ultra_ps_e_0/inst/buffer_pl_clk_0.PL_CLK_0_BUFG/O
    X1Y3 (CLOCK_ROOT)    net (fo=41467, routed)       1.147     1.263    design_1_i/axi_smc/inst/m00_nodes/m00_w_node/inst/s_sc_xpm_cdc_async_rst_inst/dest_clk
    SLICE_X44Y6          FDCE                                         r  design_1_i/axi_smc/inst/m00_nodes/m00_w_node/inst/s_sc_xpm_cdc_async_rst_inst/arststages_ff_reg[0]/C

Slack:                    inf
  Source:                 design_1_i/axi_smc/inst/clk_map/psr_aclk/U0/ACTIVE_LOW_BSR_OUT_DFF[0].FDRE_BSR_N/C
                            (rising edge-triggered cell FDRE clocked by clk_pl_0  {rise@0.000ns fall@5.000ns period=10.000ns})
  Destination:            design_1_i/axi_smc/inst/m00_nodes/m00_w_node/inst/s_sc_xpm_cdc_async_rst_inst/arststages_ff_reg[1]/CLR
                            (removal check against rising-edge clock clk_pl_0  {rise@0.000ns fall@5.000ns period=10.000ns})
  Path Group:             (none)
  Path Type:              Removal (Min at Fast Process Corner)
  Data Path Delay:        0.256ns  (logic 0.039ns (15.240%)  route 0.217ns (84.760%))
  Logic Levels:           0  
  Clock Path Skew:        0.165ns (DCD - SCD - CPR)
    Destination Clock Delay (DCD):    1.263ns
    Source Clock Delay      (SCD):    1.098ns
    Clock Pessimism Removal (CPR):    -0.000ns
  Clock Uncertainty:      0.130ns  ((TSJ^2 + DJ^2)^1/2) / 2 + PE
    Total System Jitter     (TSJ):    0.071ns
    Discrete Jitter          (DJ):    0.250ns
    Phase Error              (PE):    0.000ns
  Clock Net Delay (Source):      1.005ns (routing 0.222ns, distribution 0.783ns)
  Clock Net Delay (Destination): 1.147ns (routing 0.250ns, distribution 0.897ns)
  Timing Exception:       False Path

    Location             Delay type                Incr(ns)  Path(ns)    Netlist Resource(s)
  -------------------------------------------------------------------    -------------------
                         (clock clk_pl_0 rise edge)
                                                      0.000     0.000 r  
    PS8_X0Y0             PS8                          0.000     0.000 r  design_1_i/zynq_ultra_ps_e_0/inst/PS8_i/PLCLK[0]
                         net (fo=1, routed)           0.076     0.076    design_1_i/zynq_ultra_ps_e_0/inst/pl_clk_unbuffered[0]
    BUFG_PS_X0Y58        BUFG_PS (Prop_BUFG_PS_I_O)
                                                      0.017     0.093 r  design_1_i/zynq_ultra_ps_e_0/inst/buffer_pl_clk_0.PL_CLK_0_BUFG/O
    X1Y3 (CLOCK_ROOT)    net (fo=41467, routed)       1.005     1.098    design_1_i/axi_smc/inst/clk_map/psr_aclk/U0/aclk
    SLICE_X48Y6          FDRE                                         r  design_1_i/axi_smc/inst/clk_map/psr_aclk/U0/ACTIVE_LOW_BSR_OUT_DFF[0].FDRE_BSR_N/C
  -------------------------------------------------------------------    -------------------
    SLICE_X48Y6          FDRE (Prop_DFF_SLICEL_C_Q)
                                                      0.039     1.137 r  design_1_i/axi_smc/inst/clk_map/psr_aclk/U0/ACTIVE_LOW_BSR_OUT_DFF[0].FDRE_BSR_N/Q
                         net (fo=57, routed)          0.217     1.353    design_1_i/axi_smc/inst/m00_nodes/m00_w_node/inst/s_sc_xpm_cdc_async_rst_inst/src_arst
    SLICE_X44Y6          FDCE                                         f  design_1_i/axi_smc/inst/m00_nodes/m00_w_node/inst/s_sc_xpm_cdc_async_rst_inst/arststages_ff_reg[1]/CLR  (IS_INVERTED)
  -------------------------------------------------------------------    -------------------

                         (clock clk_pl_0 rise edge)
                                                      0.000     0.000 r  
    PS8_X0Y0             PS8                          0.000     0.000 r  design_1_i/zynq_ultra_ps_e_0/inst/PS8_i/PLCLK[0]
                         net (fo=1, routed)           0.098     0.098    design_1_i/zynq_ultra_ps_e_0/inst/pl_clk_unbuffered[0]
    BUFG_PS_X0Y58        BUFG_PS (Prop_BUFG_PS_I_O)
                                                      0.018     0.116 r  design_1_i/zynq_ultra_ps_e_0/inst/buffer_pl_clk_0.PL_CLK_0_BUFG/O
    X1Y3 (CLOCK_ROOT)    net (fo=41467, routed)       1.147     1.263    design_1_i/axi_smc/inst/m00_nodes/m00_w_node/inst/s_sc_xpm_cdc_async_rst_inst/dest_clk
    SLICE_X44Y6          FDCE                                         r  design_1_i/axi_smc/inst/m00_nodes/m00_w_node/inst/s_sc_xpm_cdc_async_rst_inst/arststages_ff_reg[1]/C

Slack:                    inf
  Source:                 design_1_i/axi_smc/inst/clk_map/psr_aclk/U0/ACTIVE_LOW_BSR_OUT_DFF[0].FDRE_BSR_N/C
                            (rising edge-triggered cell FDRE clocked by clk_pl_0  {rise@0.000ns fall@5.000ns period=10.000ns})
  Destination:            design_1_i/axi_smc/inst/m00_nodes/m00_w_node/inst/s_sc_xpm_cdc_async_rst_inst/arststages_ff_reg[2]/CLR
                            (removal check against rising-edge clock clk_pl_0  {rise@0.000ns fall@5.000ns period=10.000ns})
  Path Group:             (none)
  Path Type:              Removal (Min at Fast Process Corner)
  Data Path Delay:        0.256ns  (logic 0.039ns (15.240%)  route 0.217ns (84.760%))
  Logic Levels:           0  
  Clock Path Skew:        0.165ns (DCD - SCD - CPR)
    Destination Clock Delay (DCD):    1.263ns
    Source Clock Delay      (SCD):    1.098ns
    Clock Pessimism Removal (CPR):    -0.000ns
  Clock Uncertainty:      0.130ns  ((TSJ^2 + DJ^2)^1/2) / 2 + PE
    Total System Jitter     (TSJ):    0.071ns
    Discrete Jitter          (DJ):    0.250ns
    Phase Error              (PE):    0.000ns
  Clock Net Delay (Source):      1.005ns (routing 0.222ns, distribution 0.783ns)
  Clock Net Delay (Destination): 1.147ns (routing 0.250ns, distribution 0.897ns)
  Timing Exception:       False Path

    Location             Delay type                Incr(ns)  Path(ns)    Netlist Resource(s)
  -------------------------------------------------------------------    -------------------
                         (clock clk_pl_0 rise edge)
                                                      0.000     0.000 r  
    PS8_X0Y0             PS8                          0.000     0.000 r  design_1_i/zynq_ultra_ps_e_0/inst/PS8_i/PLCLK[0]
                         net (fo=1, routed)           0.076     0.076    design_1_i/zynq_ultra_ps_e_0/inst/pl_clk_unbuffered[0]
    BUFG_PS_X0Y58        BUFG_PS (Prop_BUFG_PS_I_O)
                                                      0.017     0.093 r  design_1_i/zynq_ultra_ps_e_0/inst/buffer_pl_clk_0.PL_CLK_0_BUFG/O
    X1Y3 (CLOCK_ROOT)    net (fo=41467, routed)       1.005     1.098    design_1_i/axi_smc/inst/clk_map/psr_aclk/U0/aclk
    SLICE_X48Y6          FDRE                                         r  design_1_i/axi_smc/inst/clk_map/psr_aclk/U0/ACTIVE_LOW_BSR_OUT_DFF[0].FDRE_BSR_N/C
  -------------------------------------------------------------------    -------------------
    SLICE_X48Y6          FDRE (Prop_DFF_SLICEL_C_Q)
                                                      0.039     1.137 r  design_1_i/axi_smc/inst/clk_map/psr_aclk/U0/ACTIVE_LOW_BSR_OUT_DFF[0].FDRE_BSR_N/Q
                         net (fo=57, routed)          0.217     1.353    design_1_i/axi_smc/inst/m00_nodes/m00_w_node/inst/s_sc_xpm_cdc_async_rst_inst/src_arst
    SLICE_X44Y6          FDCE                                         f  design_1_i/axi_smc/inst/m00_nodes/m00_w_node/inst/s_sc_xpm_cdc_async_rst_inst/arststages_ff_reg[2]/CLR  (IS_INVERTED)
  -------------------------------------------------------------------    -------------------

                         (clock clk_pl_0 rise edge)
                                                      0.000     0.000 r  
    PS8_X0Y0             PS8                          0.000     0.000 r  design_1_i/zynq_ultra_ps_e_0/inst/PS8_i/PLCLK[0]
                         net (fo=1, routed)           0.098     0.098    design_1_i/zynq_ultra_ps_e_0/inst/pl_clk_unbuffered[0]
    BUFG_PS_X0Y58        BUFG_PS (Prop_BUFG_PS_I_O)
                                                      0.018     0.116 r  design_1_i/zynq_ultra_ps_e_0/inst/buffer_pl_clk_0.PL_CLK_0_BUFG/O
    X1Y3 (CLOCK_ROOT)    net (fo=41467, routed)       1.147     1.263    design_1_i/axi_smc/inst/m00_nodes/m00_w_node/inst/s_sc_xpm_cdc_async_rst_inst/dest_clk
    SLICE_X44Y6          FDCE                                         r  design_1_i/axi_smc/inst/m00_nodes/m00_w_node/inst/s_sc_xpm_cdc_async_rst_inst/arststages_ff_reg[2]/C

Slack:                    inf
  Source:                 design_1_i/axi_smc/inst/clk_map/psr_aclk/U0/ACTIVE_LOW_BSR_OUT_DFF[0].FDRE_BSR_N/C
                            (rising edge-triggered cell FDRE clocked by clk_pl_0  {rise@0.000ns fall@5.000ns period=10.000ns})
  Destination:            design_1_i/axi_smc/inst/s00_nodes/s00_b_node/inst/s_sc_xpm_cdc_async_rst_inst/arststages_ff_reg[0]/CLR
                            (removal check against rising-edge clock clk_pl_0  {rise@0.000ns fall@5.000ns period=10.000ns})
  Path Group:             (none)
  Path Type:              Removal (Min at Fast Process Corner)
  Data Path Delay:        0.277ns  (logic 0.039ns (14.073%)  route 0.238ns (85.927%))
  Logic Levels:           0  
  Clock Path Skew:        0.157ns (DCD - SCD - CPR)
    Destination Clock Delay (DCD):    1.254ns
    Source Clock Delay      (SCD):    1.098ns
    Clock Pessimism Removal (CPR):    -0.000ns
  Clock Uncertainty:      0.130ns  ((TSJ^2 + DJ^2)^1/2) / 2 + PE
    Total System Jitter     (TSJ):    0.071ns
    Discrete Jitter          (DJ):    0.250ns
    Phase Error              (PE):    0.000ns
  Clock Net Delay (Source):      1.005ns (routing 0.222ns, distribution 0.783ns)
  Clock Net Delay (Destination): 1.138ns (routing 0.250ns, distribution 0.888ns)
  Timing Exception:       False Path

    Location             Delay type                Incr(ns)  Path(ns)    Netlist Resource(s)
  -------------------------------------------------------------------    -------------------
                         (clock clk_pl_0 rise edge)
                                                      0.000     0.000 r  
    PS8_X0Y0             PS8                          0.000     0.000 r  design_1_i/zynq_ultra_ps_e_0/inst/PS8_i/PLCLK[0]
                         net (fo=1, routed)           0.076     0.076    design_1_i/zynq_ultra_ps_e_0/inst/pl_clk_unbuffered[0]
    BUFG_PS_X0Y58        BUFG_PS (Prop_BUFG_PS_I_O)
                                                      0.017     0.093 r  design_1_i/zynq_ultra_ps_e_0/inst/buffer_pl_clk_0.PL_CLK_0_BUFG/O
    X1Y3 (CLOCK_ROOT)    net (fo=41467, routed)       1.005     1.098    design_1_i/axi_smc/inst/clk_map/psr_aclk/U0/aclk
    SLICE_X48Y6          FDRE                                         r  design_1_i/axi_smc/inst/clk_map/psr_aclk/U0/ACTIVE_LOW_BSR_OUT_DFF[0].FDRE_BSR_N/C
  -------------------------------------------------------------------    -------------------
    SLICE_X48Y6          FDRE (Prop_DFF_SLICEL_C_Q)
                                                      0.039     1.137 r  design_1_i/axi_smc/inst/clk_map/psr_aclk/U0/ACTIVE_LOW_BSR_OUT_DFF[0].FDRE_BSR_N/Q
                         net (fo=57, routed)          0.238     1.375    design_1_i/axi_smc/inst/s00_nodes/s00_b_node/inst/s_sc_xpm_cdc_async_rst_inst/src_arst
    SLICE_X48Y8          FDCE                                         f  design_1_i/axi_smc/inst/s00_nodes/s00_b_node/inst/s_sc_xpm_cdc_async_rst_inst/arststages_ff_reg[0]/CLR  (IS_INVERTED)
  -------------------------------------------------------------------    -------------------

                         (clock clk_pl_0 rise edge)
                                                      0.000     0.000 r  
    PS8_X0Y0             PS8                          0.000     0.000 r  design_1_i/zynq_ultra_ps_e_0/inst/PS8_i/PLCLK[0]
                         net (fo=1, routed)           0.098     0.098    design_1_i/zynq_ultra_ps_e_0/inst/pl_clk_unbuffered[0]
    BUFG_PS_X0Y58        BUFG_PS (Prop_BUFG_PS_I_O)
                                                      0.018     0.116 r  design_1_i/zynq_ultra_ps_e_0/inst/buffer_pl_clk_0.PL_CLK_0_BUFG/O
    X1Y3 (CLOCK_ROOT)    net (fo=41467, routed)       1.138     1.254    design_1_i/axi_smc/inst/s00_nodes/s00_b_node/inst/s_sc_xpm_cdc_async_rst_inst/dest_clk
    SLICE_X48Y8          FDCE                                         r  design_1_i/axi_smc/inst/s00_nodes/s00_b_node/inst/s_sc_xpm_cdc_async_rst_inst/arststages_ff_reg[0]/C

Slack:                    inf
  Source:                 design_1_i/axi_smc/inst/clk_map/psr_aclk/U0/ACTIVE_LOW_BSR_OUT_DFF[0].FDRE_BSR_N/C
                            (rising edge-triggered cell FDRE clocked by clk_pl_0  {rise@0.000ns fall@5.000ns period=10.000ns})
  Destination:            design_1_i/axi_smc/inst/s00_nodes/s00_b_node/inst/s_sc_xpm_cdc_async_rst_inst/arststages_ff_reg[1]/CLR
                            (removal check against rising-edge clock clk_pl_0  {rise@0.000ns fall@5.000ns period=10.000ns})
  Path Group:             (none)
  Path Type:              Removal (Min at Fast Process Corner)
  Data Path Delay:        0.277ns  (logic 0.039ns (14.073%)  route 0.238ns (85.927%))
  Logic Levels:           0  
  Clock Path Skew:        0.157ns (DCD - SCD - CPR)
    Destination Clock Delay (DCD):    1.254ns
    Source Clock Delay      (SCD):    1.098ns
    Clock Pessimism Removal (CPR):    -0.000ns
  Clock Uncertainty:      0.130ns  ((TSJ^2 + DJ^2)^1/2) / 2 + PE
    Total System Jitter     (TSJ):    0.071ns
    Discrete Jitter          (DJ):    0.250ns
    Phase Error              (PE):    0.000ns
  Clock Net Delay (Source):      1.005ns (routing 0.222ns, distribution 0.783ns)
  Clock Net Delay (Destination): 1.138ns (routing 0.250ns, distribution 0.888ns)
  Timing Exception:       False Path

    Location             Delay type                Incr(ns)  Path(ns)    Netlist Resource(s)
  -------------------------------------------------------------------    -------------------
                         (clock clk_pl_0 rise edge)
                                                      0.000     0.000 r  
    PS8_X0Y0             PS8                          0.000     0.000 r  design_1_i/zynq_ultra_ps_e_0/inst/PS8_i/PLCLK[0]
                         net (fo=1, routed)           0.076     0.076    design_1_i/zynq_ultra_ps_e_0/inst/pl_clk_unbuffered[0]
    BUFG_PS_X0Y58        BUFG_PS (Prop_BUFG_PS_I_O)
                                                      0.017     0.093 r  design_1_i/zynq_ultra_ps_e_0/inst/buffer_pl_clk_0.PL_CLK_0_BUFG/O
    X1Y3 (CLOCK_ROOT)    net (fo=41467, routed)       1.005     1.098    design_1_i/axi_smc/inst/clk_map/psr_aclk/U0/aclk
    SLICE_X48Y6          FDRE                                         r  design_1_i/axi_smc/inst/clk_map/psr_aclk/U0/ACTIVE_LOW_BSR_OUT_DFF[0].FDRE_BSR_N/C
  -------------------------------------------------------------------    -------------------
    SLICE_X48Y6          FDRE (Prop_DFF_SLICEL_C_Q)
                                                      0.039     1.137 r  design_1_i/axi_smc/inst/clk_map/psr_aclk/U0/ACTIVE_LOW_BSR_OUT_DFF[0].FDRE_BSR_N/Q
                         net (fo=57, routed)          0.238     1.375    design_1_i/axi_smc/inst/s00_nodes/s00_b_node/inst/s_sc_xpm_cdc_async_rst_inst/src_arst
    SLICE_X48Y8          FDCE                                         f  design_1_i/axi_smc/inst/s00_nodes/s00_b_node/inst/s_sc_xpm_cdc_async_rst_inst/arststages_ff_reg[1]/CLR  (IS_INVERTED)
  -------------------------------------------------------------------    -------------------

                         (clock clk_pl_0 rise edge)
                                                      0.000     0.000 r  
    PS8_X0Y0             PS8                          0.000     0.000 r  design_1_i/zynq_ultra_ps_e_0/inst/PS8_i/PLCLK[0]
                         net (fo=1, routed)           0.098     0.098    design_1_i/zynq_ultra_ps_e_0/inst/pl_clk_unbuffered[0]
    BUFG_PS_X0Y58        BUFG_PS (Prop_BUFG_PS_I_O)
                                                      0.018     0.116 r  design_1_i/zynq_ultra_ps_e_0/inst/buffer_pl_clk_0.PL_CLK_0_BUFG/O
    X1Y3 (CLOCK_ROOT)    net (fo=41467, routed)       1.138     1.254    design_1_i/axi_smc/inst/s00_nodes/s00_b_node/inst/s_sc_xpm_cdc_async_rst_inst/dest_clk
    SLICE_X48Y8          FDCE                                         r  design_1_i/axi_smc/inst/s00_nodes/s00_b_node/inst/s_sc_xpm_cdc_async_rst_inst/arststages_ff_reg[1]/C

Slack:                    inf
  Source:                 design_1_i/axi_smc/inst/clk_map/psr_aclk/U0/ACTIVE_LOW_BSR_OUT_DFF[0].FDRE_BSR_N/C
                            (rising edge-triggered cell FDRE clocked by clk_pl_0  {rise@0.000ns fall@5.000ns period=10.000ns})
  Destination:            design_1_i/axi_smc/inst/s00_nodes/s00_b_node/inst/s_sc_xpm_cdc_async_rst_inst/arststages_ff_reg[2]/CLR
                            (removal check against rising-edge clock clk_pl_0  {rise@0.000ns fall@5.000ns period=10.000ns})
  Path Group:             (none)
  Path Type:              Removal (Min at Fast Process Corner)
  Data Path Delay:        0.277ns  (logic 0.039ns (14.073%)  route 0.238ns (85.927%))
  Logic Levels:           0  
  Clock Path Skew:        0.157ns (DCD - SCD - CPR)
    Destination Clock Delay (DCD):    1.254ns
    Source Clock Delay      (SCD):    1.098ns
    Clock Pessimism Removal (CPR):    -0.000ns
  Clock Uncertainty:      0.130ns  ((TSJ^2 + DJ^2)^1/2) / 2 + PE
    Total System Jitter     (TSJ):    0.071ns
    Discrete Jitter          (DJ):    0.250ns
    Phase Error              (PE):    0.000ns
  Clock Net Delay (Source):      1.005ns (routing 0.222ns, distribution 0.783ns)
  Clock Net Delay (Destination): 1.138ns (routing 0.250ns, distribution 0.888ns)
  Timing Exception:       False Path

    Location             Delay type                Incr(ns)  Path(ns)    Netlist Resource(s)
  -------------------------------------------------------------------    -------------------
                         (clock clk_pl_0 rise edge)
                                                      0.000     0.000 r  
    PS8_X0Y0             PS8                          0.000     0.000 r  design_1_i/zynq_ultra_ps_e_0/inst/PS8_i/PLCLK[0]
                         net (fo=1, routed)           0.076     0.076    design_1_i/zynq_ultra_ps_e_0/inst/pl_clk_unbuffered[0]
    BUFG_PS_X0Y58        BUFG_PS (Prop_BUFG_PS_I_O)
                                                      0.017     0.093 r  design_1_i/zynq_ultra_ps_e_0/inst/buffer_pl_clk_0.PL_CLK_0_BUFG/O
    X1Y3 (CLOCK_ROOT)    net (fo=41467, routed)       1.005     1.098    design_1_i/axi_smc/inst/clk_map/psr_aclk/U0/aclk
    SLICE_X48Y6          FDRE                                         r  design_1_i/axi_smc/inst/clk_map/psr_aclk/U0/ACTIVE_LOW_BSR_OUT_DFF[0].FDRE_BSR_N/C
  -------------------------------------------------------------------    -------------------
    SLICE_X48Y6          FDRE (Prop_DFF_SLICEL_C_Q)
                                                      0.039     1.137 r  design_1_i/axi_smc/inst/clk_map/psr_aclk/U0/ACTIVE_LOW_BSR_OUT_DFF[0].FDRE_BSR_N/Q
                         net (fo=57, routed)          0.238     1.375    design_1_i/axi_smc/inst/s00_nodes/s00_b_node/inst/s_sc_xpm_cdc_async_rst_inst/src_arst
    SLICE_X48Y8          FDCE                                         f  design_1_i/axi_smc/inst/s00_nodes/s00_b_node/inst/s_sc_xpm_cdc_async_rst_inst/arststages_ff_reg[2]/CLR  (IS_INVERTED)
  -------------------------------------------------------------------    -------------------

                         (clock clk_pl_0 rise edge)
                                                      0.000     0.000 r  
    PS8_X0Y0             PS8                          0.000     0.000 r  design_1_i/zynq_ultra_ps_e_0/inst/PS8_i/PLCLK[0]
                         net (fo=1, routed)           0.098     0.098    design_1_i/zynq_ultra_ps_e_0/inst/pl_clk_unbuffered[0]
    BUFG_PS_X0Y58        BUFG_PS (Prop_BUFG_PS_I_O)
                                                      0.018     0.116 r  design_1_i/zynq_ultra_ps_e_0/inst/buffer_pl_clk_0.PL_CLK_0_BUFG/O
    X1Y3 (CLOCK_ROOT)    net (fo=41467, routed)       1.138     1.254    design_1_i/axi_smc/inst/s00_nodes/s00_b_node/inst/s_sc_xpm_cdc_async_rst_inst/dest_clk
    SLICE_X48Y8          FDCE                                         r  design_1_i/axi_smc/inst/s00_nodes/s00_b_node/inst/s_sc_xpm_cdc_async_rst_inst/arststages_ff_reg[2]/C

Slack:                    inf
  Source:                 design_1_i/axi_smc/inst/clk_map/psr_aclk/U0/ACTIVE_LOW_BSR_OUT_DFF[0].FDRE_BSR_N/C
                            (rising edge-triggered cell FDRE clocked by clk_pl_0  {rise@0.000ns fall@5.000ns period=10.000ns})
  Destination:            design_1_i/axi_smc/inst/s00_entry_pipeline/s00_si_converter/inst/xpm_cdc_async_rst_inst/arststages_ff_reg[0]/CLR
                            (removal check against rising-edge clock clk_pl_0  {rise@0.000ns fall@5.000ns period=10.000ns})
  Path Group:             (none)
  Path Type:              Removal (Min at Fast Process Corner)
  Data Path Delay:        0.292ns  (logic 0.039ns (13.344%)  route 0.253ns (86.656%))
  Logic Levels:           0  
  Clock Path Skew:        0.158ns (DCD - SCD - CPR)
    Destination Clock Delay (DCD):    1.256ns
    Source Clock Delay      (SCD):    1.098ns
    Clock Pessimism Removal (CPR):    -0.000ns
  Clock Uncertainty:      0.130ns  ((TSJ^2 + DJ^2)^1/2) / 2 + PE
    Total System Jitter     (TSJ):    0.071ns
    Discrete Jitter          (DJ):    0.250ns
    Phase Error              (PE):    0.000ns
  Clock Net Delay (Source):      1.005ns (routing 0.222ns, distribution 0.783ns)
  Clock Net Delay (Destination): 1.140ns (routing 0.250ns, distribution 0.890ns)
  Timing Exception:       False Path

    Location             Delay type                Incr(ns)  Path(ns)    Netlist Resource(s)
  -------------------------------------------------------------------    -------------------
                         (clock clk_pl_0 rise edge)
                                                      0.000     0.000 r  
    PS8_X0Y0             PS8                          0.000     0.000 r  design_1_i/zynq_ultra_ps_e_0/inst/PS8_i/PLCLK[0]
                         net (fo=1, routed)           0.076     0.076    design_1_i/zynq_ultra_ps_e_0/inst/pl_clk_unbuffered[0]
    BUFG_PS_X0Y58        BUFG_PS (Prop_BUFG_PS_I_O)
                                                      0.017     0.093 r  design_1_i/zynq_ultra_ps_e_0/inst/buffer_pl_clk_0.PL_CLK_0_BUFG/O
    X1Y3 (CLOCK_ROOT)    net (fo=41467, routed)       1.005     1.098    design_1_i/axi_smc/inst/clk_map/psr_aclk/U0/aclk
    SLICE_X48Y6          FDRE                                         r  design_1_i/axi_smc/inst/clk_map/psr_aclk/U0/ACTIVE_LOW_BSR_OUT_DFF[0].FDRE_BSR_N/C
  -------------------------------------------------------------------    -------------------
    SLICE_X48Y6          FDRE (Prop_DFF_SLICEL_C_Q)
                                                      0.039     1.137 r  design_1_i/axi_smc/inst/clk_map/psr_aclk/U0/ACTIVE_LOW_BSR_OUT_DFF[0].FDRE_BSR_N/Q
                         net (fo=57, routed)          0.253     1.390    design_1_i/axi_smc/inst/s00_entry_pipeline/s00_si_converter/inst/xpm_cdc_async_rst_inst/src_arst
    SLICE_X44Y22         FDCE                                         f  design_1_i/axi_smc/inst/s00_entry_pipeline/s00_si_converter/inst/xpm_cdc_async_rst_inst/arststages_ff_reg[0]/CLR  (IS_INVERTED)
  -------------------------------------------------------------------    -------------------

                         (clock clk_pl_0 rise edge)
                                                      0.000     0.000 r  
    PS8_X0Y0             PS8                          0.000     0.000 r  design_1_i/zynq_ultra_ps_e_0/inst/PS8_i/PLCLK[0]
                         net (fo=1, routed)           0.098     0.098    design_1_i/zynq_ultra_ps_e_0/inst/pl_clk_unbuffered[0]
    BUFG_PS_X0Y58        BUFG_PS (Prop_BUFG_PS_I_O)
                                                      0.018     0.116 r  design_1_i/zynq_ultra_ps_e_0/inst/buffer_pl_clk_0.PL_CLK_0_BUFG/O
    X1Y3 (CLOCK_ROOT)    net (fo=41467, routed)       1.140     1.256    design_1_i/axi_smc/inst/s00_entry_pipeline/s00_si_converter/inst/xpm_cdc_async_rst_inst/dest_clk
    SLICE_X44Y22         FDCE                                         r  design_1_i/axi_smc/inst/s00_entry_pipeline/s00_si_converter/inst/xpm_cdc_async_rst_inst/arststages_ff_reg[0]/C





--------------------------------------------------------------------------------------
Path Group:  (none)
From Clock:  
  To Clock:  clk_pl_0

Max Delay         10136 Endpoints
Min Delay         10136 Endpoints
--------------------------------------------------------------------------------------


Max Delay Paths
--------------------------------------------------------------------------------------
Slack:                    inf
  Source:                 design_1_i/ekf_batch_0/inst/faddfsub_32ns_32ns_32_4_full_dsp_1_U1485/ekf_batch_faddfsub_32ns_32ns_32_4_full_dsp_1_ip_u/inst/i_synth/ADDSUB_OP.ADDSUB/DSP.OP/DSP48E1_BODY.NORM_RND/FULL_USAGE_DSP.SHIFT_RND/i_no_versal_es1_workaround.DSP/DSP_A_B_DATA_INST/B2_DATA[17]
                            (internal pin)
  Destination:            design_1_i/ekf_batch_0/inst/grp_ekf_batch_Pipeline_VITIS_LOOP_117_8_fu_12177/P_fu_270_reg[17]/D
                            (rising edge-triggered cell FDRE clocked by clk_pl_0  {rise@0.000ns fall@5.000ns period=10.000ns})
  Path Group:             (none)
  Path Type:              Setup (Max at Slow Process Corner)
  Data Path Delay:        4.126ns  (logic 1.676ns (40.624%)  route 2.450ns (59.376%))
  Logic Levels:           7  (DSP_ALU=1 DSP_M_DATA=1 DSP_MULTIPLIER=1 DSP_OUTPUT=1 DSP_PREADD_DATA=1 LUT3=1 LUT4=1)
  Clock Uncertainty:      0.127ns  ((TSJ^2 + DJ^2)^1/2) / 2 + PE
    Total System Jitter     (TSJ):    0.050ns
    Discrete Jitter          (DJ):    0.250ns
    Phase Error              (PE):    0.000ns
  Clock Net Delay (Destination): 1.755ns (routing 0.363ns, distribution 1.392ns)

    Location             Delay type                Incr(ns)  Path(ns)    Netlist Resource(s)
  -------------------------------------------------------------------    -------------------
    DSP48E2_X5Y154       DSP_A_B_DATA                 0.000     0.000 r  design_1_i/ekf_batch_0/inst/faddfsub_32ns_32ns_32_4_full_dsp_1_U1485/ekf_batch_faddfsub_32ns_32ns_32_4_full_dsp_1_ip_u/inst/i_synth/ADDSUB_OP.ADDSUB/DSP.OP/DSP48E1_BODY.NORM_RND/FULL_USAGE_DSP.SHIFT_RND/i_no_versal_es1_workaround.DSP/DSP_A_B_DATA_INST/B2_DATA[17]
                         net (fo=1, routed)           0.000     0.000    design_1_i/ekf_batch_0/inst/faddfsub_32ns_32ns_32_4_full_dsp_1_U1485/ekf_batch_faddfsub_32ns_32ns_32_4_full_dsp_1_ip_u/inst/i_synth/ADDSUB_OP.ADDSUB/DSP.OP/DSP48E1_BODY.NORM_RND/FULL_USAGE_DSP.SHIFT_RND/i_no_versal_es1_workaround.DSP/DSP_A_B_DATA.B2_DATA<17>
    DSP48E2_X5Y154       DSP_PREADD_DATA (Prop_DSP_PREADD_DATA_DSP48E2_B2_DATA[17]_B2B1[17])
                                                      0.073     0.073 r  design_1_i/ekf_batch_0/inst/faddfsub_32ns_32ns_32_4_full_dsp_1_U1485/ekf_batch_faddfsub_32ns_32ns_32_4_full_dsp_1_ip_u/inst/i_synth/ADDSUB_OP.ADDSUB/DSP.OP/DSP48E1_BODY.NORM_RND/FULL_USAGE_DSP.SHIFT_RND/i_no_versal_es1_workaround.DSP/DSP_PREADD_DATA_INST/B2B1[17]
                         net (fo=1, routed)           0.000     0.073    design_1_i/ekf_batch_0/inst/faddfsub_32ns_32ns_32_4_full_dsp_1_U1485/ekf_batch_faddfsub_32ns_32ns_32_4_full_dsp_1_ip_u/inst/i_synth/ADDSUB_OP.ADDSUB/DSP.OP/DSP48E1_BODY.NORM_RND/FULL_USAGE_DSP.SHIFT_RND/i_no_versal_es1_workaround.DSP/DSP_PREADD_DATA.B2B1<17>
    DSP48E2_X5Y154       DSP_MULTIPLIER (Prop_DSP_MULTIPLIER_DSP48E2_B2B1[17]_V[19])
                                                      0.609     0.682 f  design_1_i/ekf_batch_0/inst/faddfsub_32ns_32ns_32_4_full_dsp_1_U1485/ekf_batch_faddfsub_32ns_32ns_32_4_full_dsp_1_ip_u/inst/i_synth/ADDSUB_OP.ADDSUB/DSP.OP/DSP48E1_BODY.NORM_RND/FULL_USAGE_DSP.SHIFT_RND/i_no_versal_es1_workaround.DSP/DSP_MULTIPLIER_INST/V[19]
                         net (fo=1, routed)           0.000     0.682    design_1_i/ekf_batch_0/inst/faddfsub_32ns_32ns_32_4_full_dsp_1_U1485/ekf_batch_faddfsub_32ns_32ns_32_4_full_dsp_1_ip_u/inst/i_synth/ADDSUB_OP.ADDSUB/DSP.OP/DSP48E1_BODY.NORM_RND/FULL_USAGE_DSP.SHIFT_RND/i_no_versal_es1_workaround.DSP/DSP_MULTIPLIER.V<19>
    DSP48E2_X5Y154       DSP_M_DATA (Prop_DSP_M_DATA_DSP48E2_V[19]_V_DATA[19])
                                                      0.046     0.728 r  design_1_i/ekf_batch_0/inst/faddfsub_32ns_32ns_32_4_full_dsp_1_U1485/ekf_batch_faddfsub_32ns_32ns_32_4_full_dsp_1_ip_u/inst/i_synth/ADDSUB_OP.ADDSUB/DSP.OP/DSP48E1_BODY.NORM_RND/FULL_USAGE_DSP.SHIFT_RND/i_no_versal_es1_workaround.DSP/DSP_M_DATA_INST/V_DATA[19]
                         net (fo=1, routed)           0.000     0.728    design_1_i/ekf_batch_0/inst/faddfsub_32ns_32ns_32_4_full_dsp_1_U1485/ekf_batch_faddfsub_32ns_32ns_32_4_full_dsp_1_ip_u/inst/i_synth/ADDSUB_OP.ADDSUB/DSP.OP/DSP48E1_BODY.NORM_RND/FULL_USAGE_DSP.SHIFT_RND/i_no_versal_es1_workaround.DSP/DSP_M_DATA.V_DATA<19>
    DSP48E2_X5Y154       DSP_ALU (Prop_DSP_ALU_DSP48E2_V_DATA[19]_ALU_OUT[19])
                                                      0.571     1.299 f  design_1_i/ekf_batch_0/inst/faddfsub_32ns_32ns_32_4_full_dsp_1_U1485/ekf_batch_faddfsub_32ns_32ns_32_4_full_dsp_1_ip_u/inst/i_synth/ADDSUB_OP.ADDSUB/DSP.OP/DSP48E1_BODY.NORM_RND/FULL_USAGE_DSP.SHIFT_RND/i_no_versal_es1_workaround.DSP/DSP_ALU_INST/ALU_OUT[19]
                         net (fo=1, routed)           0.000     1.299    design_1_i/ekf_batch_0/inst/faddfsub_32ns_32ns_32_4_full_dsp_1_U1485/ekf_batch_faddfsub_32ns_32ns_32_4_full_dsp_1_ip_u/inst/i_synth/ADDSUB_OP.ADDSUB/DSP.OP/DSP48E1_BODY.NORM_RND/FULL_USAGE_DSP.SHIFT_RND/i_no_versal_es1_workaround.DSP/DSP_ALU.ALU_OUT<19>
    DSP48E2_X5Y154       DSP_OUTPUT (Prop_DSP_OUTPUT_DSP48E2_ALU_OUT[19]_P[19])
                                                      0.109     1.408 r  design_1_i/ekf_batch_0/inst/faddfsub_32ns_32ns_32_4_full_dsp_1_U1485/ekf_batch_faddfsub_32ns_32ns_32_4_full_dsp_1_ip_u/inst/i_synth/ADDSUB_OP.ADDSUB/DSP.OP/DSP48E1_BODY.NORM_RND/FULL_USAGE_DSP.SHIFT_RND/i_no_versal_es1_workaround.DSP/DSP_OUTPUT_INST/P[19]
                         net (fo=1, routed)           0.417     1.825    design_1_i/ekf_batch_0/inst/faddfsub_32ns_32ns_32_4_full_dsp_1_U1485/ekf_batch_faddfsub_32ns_32ns_32_4_full_dsp_1_ip_u/inst/i_synth/ADDSUB_OP.ADDSUB/DSP.OP/DSP48E1_BODY.NORM_RND/FULL_USAGE_DSP.SHIFT_RND/round_mant[17]
    SLICE_X28Y385        LUT3 (Prop_C6LUT_SLICEM_I0_O)
                                                      0.145     1.970 r  design_1_i/ekf_batch_0/inst/faddfsub_32ns_32ns_32_4_full_dsp_1_U1485/ekf_batch_faddfsub_32ns_32ns_32_4_full_dsp_1_ip_u/inst/i_synth/ADDSUB_OP.ADDSUB/DSP.OP/DSP48E1_BODY.NORM_RND/FULL_USAGE_DSP.SHIFT_RND/mant_op_inferred_i_6/O
                         net (fo=162, routed)         1.985     3.955    design_1_i/ekf_batch_0/inst/grp_ekf_batch_Pipeline_VITIS_LOOP_117_8_fu_12177/flow_control_loop_pipe_sequential_init_U/P_72_fu_410_reg[31]_0[17]
    SLICE_X17Y307        LUT4 (Prop_G6LUT_SLICEL_I3_O)
                                                      0.123     4.078 r  design_1_i/ekf_batch_0/inst/grp_ekf_batch_Pipeline_VITIS_LOOP_117_8_fu_12177/flow_control_loop_pipe_sequential_init_U/P_fu_270[17]_i_1/O
                         net (fo=1, routed)           0.048     4.126    design_1_i/ekf_batch_0/inst/grp_ekf_batch_Pipeline_VITIS_LOOP_117_8_fu_12177/flow_control_loop_pipe_sequential_init_U_n_978
    SLICE_X17Y307        FDRE                                         r  design_1_i/ekf_batch_0/inst/grp_ekf_batch_Pipeline_VITIS_LOOP_117_8_fu_12177/P_fu_270_reg[17]/D
  -------------------------------------------------------------------    -------------------

                         (clock clk_pl_0 rise edge)
                                                      0.000     0.000 r  
    PS8_X0Y0             PS8                          0.000     0.000 r  design_1_i/zynq_ultra_ps_e_0/inst/PS8_i/PLCLK[0]
                         net (fo=1, routed)           0.105     0.105    design_1_i/zynq_ultra_ps_e_0/inst/pl_clk_unbuffered[0]
    BUFG_PS_X0Y58        BUFG_PS (Prop_BUFG_PS_I_O)
                                                      0.025     0.130 r  design_1_i/zynq_ultra_ps_e_0/inst/buffer_pl_clk_0.PL_CLK_0_BUFG/O
    X1Y3 (CLOCK_ROOT)    net (fo=41467, routed)       1.755     1.885    design_1_i/ekf_batch_0/inst/grp_ekf_batch_Pipeline_VITIS_LOOP_117_8_fu_12177/ap_clk
    SLICE_X17Y307        FDRE                                         r  design_1_i/ekf_batch_0/inst/grp_ekf_batch_Pipeline_VITIS_LOOP_117_8_fu_12177/P_fu_270_reg[17]/C

Slack:                    inf
  Source:                 design_1_i/ekf_batch_0/inst/faddfsub_32ns_32ns_32_4_full_dsp_1_U1485/ekf_batch_faddfsub_32ns_32ns_32_4_full_dsp_1_ip_u/inst/i_synth/ADDSUB_OP.ADDSUB/DSP.OP/DSP48E1_BODY.NORM_RND/FULL_USAGE_DSP.SHIFT_RND/i_no_versal_es1_workaround.DSP/DSP_A_B_DATA_INST/B2_DATA[17]
                            (internal pin)
  Destination:            design_1_i/ekf_batch_0/inst/grp_ekf_batch_Pipeline_VITIS_LOOP_117_8_fu_12177/P_49_fu_318_reg[17]/D
                            (rising edge-triggered cell FDRE clocked by clk_pl_0  {rise@0.000ns fall@5.000ns period=10.000ns})
  Path Group:             (none)
  Path Type:              Setup (Max at Slow Process Corner)
  Data Path Delay:        4.122ns  (logic 1.703ns (41.315%)  route 2.419ns (58.685%))
  Logic Levels:           7  (DSP_ALU=1 DSP_M_DATA=1 DSP_MULTIPLIER=1 DSP_OUTPUT=1 DSP_PREADD_DATA=1 LUT3=1 LUT4=1)
  Clock Uncertainty:      0.127ns  ((TSJ^2 + DJ^2)^1/2) / 2 + PE
    Total System Jitter     (TSJ):    0.050ns
    Discrete Jitter          (DJ):    0.250ns
    Phase Error              (PE):    0.000ns
  Clock Net Delay (Destination): 1.766ns (routing 0.363ns, distribution 1.403ns)

    Location             Delay type                Incr(ns)  Path(ns)    Netlist Resource(s)
  -------------------------------------------------------------------    -------------------
    DSP48E2_X5Y154       DSP_A_B_DATA                 0.000     0.000 r  design_1_i/ekf_batch_0/inst/faddfsub_32ns_32ns_32_4_full_dsp_1_U1485/ekf_batch_faddfsub_32ns_32ns_32_4_full_dsp_1_ip_u/inst/i_synth/ADDSUB_OP.ADDSUB/DSP.OP/DSP48E1_BODY.NORM_RND/FULL_USAGE_DSP.SHIFT_RND/i_no_versal_es1_workaround.DSP/DSP_A_B_DATA_INST/B2_DATA[17]
                         net (fo=1, routed)           0.000     0.000    design_1_i/ekf_batch_0/inst/faddfsub_32ns_32ns_32_4_full_dsp_1_U1485/ekf_batch_faddfsub_32ns_32ns_32_4_full_dsp_1_ip_u/inst/i_synth/ADDSUB_OP.ADDSUB/DSP.OP/DSP48E1_BODY.NORM_RND/FULL_USAGE_DSP.SHIFT_RND/i_no_versal_es1_workaround.DSP/DSP_A_B_DATA.B2_DATA<17>
    DSP48E2_X5Y154       DSP_PREADD_DATA (Prop_DSP_PREADD_DATA_DSP48E2_B2_DATA[17]_B2B1[17])
                                                      0.073     0.073 r  design_1_i/ekf_batch_0/inst/faddfsub_32ns_32ns_32_4_full_dsp_1_U1485/ekf_batch_faddfsub_32ns_32ns_32_4_full_dsp_1_ip_u/inst/i_synth/ADDSUB_OP.ADDSUB/DSP.OP/DSP48E1_BODY.NORM_RND/FULL_USAGE_DSP.SHIFT_RND/i_no_versal_es1_workaround.DSP/DSP_PREADD_DATA_INST/B2B1[17]
                         net (fo=1, routed)           0.000     0.073    design_1_i/ekf_batch_0/inst/faddfsub_32ns_32ns_32_4_full_dsp_1_U1485/ekf_batch_faddfsub_32ns_32ns_32_4_full_dsp_1_ip_u/inst/i_synth/ADDSUB_OP.ADDSUB/DSP.OP/DSP48E1_BODY.NORM_RND/FULL_USAGE_DSP.SHIFT_RND/i_no_versal_es1_workaround.DSP/DSP_PREADD_DATA.B2B1<17>
    DSP48E2_X5Y154       DSP_MULTIPLIER (Prop_DSP_MULTIPLIER_DSP48E2_B2B1[17]_V[19])
                                                      0.609     0.682 f  design_1_i/ekf_batch_0/inst/faddfsub_32ns_32ns_32_4_full_dsp_1_U1485/ekf_batch_faddfsub_32ns_32ns_32_4_full_dsp_1_ip_u/inst/i_synth/ADDSUB_OP.ADDSUB/DSP.OP/DSP48E1_BODY.NORM_RND/FULL_USAGE_DSP.SHIFT_RND/i_no_versal_es1_workaround.DSP/DSP_MULTIPLIER_INST/V[19]
                         net (fo=1, routed)           0.000     0.682    design_1_i/ekf_batch_0/inst/faddfsub_32ns_32ns_32_4_full_dsp_1_U1485/ekf_batch_faddfsub_32ns_32ns_32_4_full_dsp_1_ip_u/inst/i_synth/ADDSUB_OP.ADDSUB/DSP.OP/DSP48E1_BODY.NORM_RND/FULL_USAGE_DSP.SHIFT_RND/i_no_versal_es1_workaround.DSP/DSP_MULTIPLIER.V<19>
    DSP48E2_X5Y154       DSP_M_DATA (Prop_DSP_M_DATA_DSP48E2_V[19]_V_DATA[19])
                                                      0.046     0.728 r  design_1_i/ekf_batch_0/inst/faddfsub_32ns_32ns_32_4_full_dsp_1_U1485/ekf_batch_faddfsub_32ns_32ns_32_4_full_dsp_1_ip_u/inst/i_synth/ADDSUB_OP.ADDSUB/DSP.OP/DSP48E1_BODY.NORM_RND/FULL_USAGE_DSP.SHIFT_RND/i_no_versal_es1_workaround.DSP/DSP_M_DATA_INST/V_DATA[19]
                         net (fo=1, routed)           0.000     0.728    design_1_i/ekf_batch_0/inst/faddfsub_32ns_32ns_32_4_full_dsp_1_U1485/ekf_batch_faddfsub_32ns_32ns_32_4_full_dsp_1_ip_u/inst/i_synth/ADDSUB_OP.ADDSUB/DSP.OP/DSP48E1_BODY.NORM_RND/FULL_USAGE_DSP.SHIFT_RND/i_no_versal_es1_workaround.DSP/DSP_M_DATA.V_DATA<19>
    DSP48E2_X5Y154       DSP_ALU (Prop_DSP_ALU_DSP48E2_V_DATA[19]_ALU_OUT[19])
                                                      0.571     1.299 f  design_1_i/ekf_batch_0/inst/faddfsub_32ns_32ns_32_4_full_dsp_1_U1485/ekf_batch_faddfsub_32ns_32ns_32_4_full_dsp_1_ip_u/inst/i_synth/ADDSUB_OP.ADDSUB/DSP.OP/DSP48E1_BODY.NORM_RND/FULL_USAGE_DSP.SHIFT_RND/i_no_versal_es1_workaround.DSP/DSP_ALU_INST/ALU_OUT[19]
                         net (fo=1, routed)           0.000     1.299    design_1_i/ekf_batch_0/inst/faddfsub_32ns_32ns_32_4_full_dsp_1_U1485/ekf_batch_faddfsub_32ns_32ns_32_4_full_dsp_1_ip_u/inst/i_synth/ADDSUB_OP.ADDSUB/DSP.OP/DSP48E1_BODY.NORM_RND/FULL_USAGE_DSP.SHIFT_RND/i_no_versal_es1_workaround.DSP/DSP_ALU.ALU_OUT<19>
    DSP48E2_X5Y154       DSP_OUTPUT (Prop_DSP_OUTPUT_DSP48E2_ALU_OUT[19]_P[19])
                                                      0.109     1.408 r  design_1_i/ekf_batch_0/inst/faddfsub_32ns_32ns_32_4_full_dsp_1_U1485/ekf_batch_faddfsub_32ns_32ns_32_4_full_dsp_1_ip_u/inst/i_synth/ADDSUB_OP.ADDSUB/DSP.OP/DSP48E1_BODY.NORM_RND/FULL_USAGE_DSP.SHIFT_RND/i_no_versal_es1_workaround.DSP/DSP_OUTPUT_INST/P[19]
                         net (fo=1, routed)           0.417     1.825    design_1_i/ekf_batch_0/inst/faddfsub_32ns_32ns_32_4_full_dsp_1_U1485/ekf_batch_faddfsub_32ns_32ns_32_4_full_dsp_1_ip_u/inst/i_synth/ADDSUB_OP.ADDSUB/DSP.OP/DSP48E1_BODY.NORM_RND/FULL_USAGE_DSP.SHIFT_RND/round_mant[17]
    SLICE_X28Y385        LUT3 (Prop_C6LUT_SLICEM_I0_O)
                                                      0.145     1.970 r  design_1_i/ekf_batch_0/inst/faddfsub_32ns_32ns_32_4_full_dsp_1_U1485/ekf_batch_faddfsub_32ns_32ns_32_4_full_dsp_1_ip_u/inst/i_synth/ADDSUB_OP.ADDSUB/DSP.OP/DSP48E1_BODY.NORM_RND/FULL_USAGE_DSP.SHIFT_RND/mant_op_inferred_i_6/O
                         net (fo=162, routed)         1.943     3.913    design_1_i/ekf_batch_0/inst/grp_ekf_batch_Pipeline_VITIS_LOOP_117_8_fu_12177/flow_control_loop_pipe_sequential_init_U/P_72_fu_410_reg[31]_0[17]
    SLICE_X10Y301        LUT4 (Prop_G6LUT_SLICEM_I3_O)
                                                      0.150     4.063 r  design_1_i/ekf_batch_0/inst/grp_ekf_batch_Pipeline_VITIS_LOOP_117_8_fu_12177/flow_control_loop_pipe_sequential_init_U/P_49_fu_318[17]_i_1/O
                         net (fo=1, routed)           0.059     4.122    design_1_i/ekf_batch_0/inst/grp_ekf_batch_Pipeline_VITIS_LOOP_117_8_fu_12177/flow_control_loop_pipe_sequential_init_U_n_658
    SLICE_X10Y301        FDRE                                         r  design_1_i/ekf_batch_0/inst/grp_ekf_batch_Pipeline_VITIS_LOOP_117_8_fu_12177/P_49_fu_318_reg[17]/D
  -------------------------------------------------------------------    -------------------

                         (clock clk_pl_0 rise edge)
                                                      0.000     0.000 r  
    PS8_X0Y0             PS8                          0.000     0.000 r  design_1_i/zynq_ultra_ps_e_0/inst/PS8_i/PLCLK[0]
                         net (fo=1, routed)           0.105     0.105    design_1_i/zynq_ultra_ps_e_0/inst/pl_clk_unbuffered[0]
    BUFG_PS_X0Y58        BUFG_PS (Prop_BUFG_PS_I_O)
                                                      0.025     0.130 r  design_1_i/zynq_ultra_ps_e_0/inst/buffer_pl_clk_0.PL_CLK_0_BUFG/O
    X1Y3 (CLOCK_ROOT)    net (fo=41467, routed)       1.766     1.896    design_1_i/ekf_batch_0/inst/grp_ekf_batch_Pipeline_VITIS_LOOP_117_8_fu_12177/ap_clk
    SLICE_X10Y301        FDRE                                         r  design_1_i/ekf_batch_0/inst/grp_ekf_batch_Pipeline_VITIS_LOOP_117_8_fu_12177/P_49_fu_318_reg[17]/C

Slack:                    inf
  Source:                 design_1_i/ekf_batch_0/inst/faddfsub_32ns_32ns_32_4_full_dsp_1_U1485/ekf_batch_faddfsub_32ns_32ns_32_4_full_dsp_1_ip_u/inst/i_synth/ADDSUB_OP.ADDSUB/DSP.OP/DSP48E1_BODY.NORM_RND/FULL_USAGE_DSP.SHIFT_RND/i_no_versal_es1_workaround.DSP/DSP_A_B_DATA_INST/B2_DATA[17]
                            (internal pin)
  Destination:            design_1_i/ekf_batch_0/inst/grp_ekf_batch_Pipeline_VITIS_LOOP_117_8_fu_12177/P_43_fu_294_reg[15]/D
                            (rising edge-triggered cell FDRE clocked by clk_pl_0  {rise@0.000ns fall@5.000ns period=10.000ns})
  Path Group:             (none)
  Path Type:              Setup (Max at Slow Process Corner)
  Data Path Delay:        4.076ns  (logic 1.587ns (38.931%)  route 2.489ns (61.069%))
  Logic Levels:           7  (DSP_ALU=1 DSP_M_DATA=1 DSP_MULTIPLIER=1 DSP_OUTPUT=1 DSP_PREADD_DATA=1 LUT3=1 LUT4=1)
  Clock Uncertainty:      0.127ns  ((TSJ^2 + DJ^2)^1/2) / 2 + PE
    Total System Jitter     (TSJ):    0.050ns
    Discrete Jitter          (DJ):    0.250ns
    Phase Error              (PE):    0.000ns
  Clock Net Delay (Destination): 1.746ns (routing 0.363ns, distribution 1.383ns)

    Location             Delay type                Incr(ns)  Path(ns)    Netlist Resource(s)
  -------------------------------------------------------------------    -------------------
    DSP48E2_X5Y154       DSP_A_B_DATA                 0.000     0.000 r  design_1_i/ekf_batch_0/inst/faddfsub_32ns_32ns_32_4_full_dsp_1_U1485/ekf_batch_faddfsub_32ns_32ns_32_4_full_dsp_1_ip_u/inst/i_synth/ADDSUB_OP.ADDSUB/DSP.OP/DSP48E1_BODY.NORM_RND/FULL_USAGE_DSP.SHIFT_RND/i_no_versal_es1_workaround.DSP/DSP_A_B_DATA_INST/B2_DATA[17]
                         net (fo=1, routed)           0.000     0.000    design_1_i/ekf_batch_0/inst/faddfsub_32ns_32ns_32_4_full_dsp_1_U1485/ekf_batch_faddfsub_32ns_32ns_32_4_full_dsp_1_ip_u/inst/i_synth/ADDSUB_OP.ADDSUB/DSP.OP/DSP48E1_BODY.NORM_RND/FULL_USAGE_DSP.SHIFT_RND/i_no_versal_es1_workaround.DSP/DSP_A_B_DATA.B2_DATA<17>
    DSP48E2_X5Y154       DSP_PREADD_DATA (Prop_DSP_PREADD_DATA_DSP48E2_B2_DATA[17]_B2B1[17])
                                                      0.073     0.073 r  design_1_i/ekf_batch_0/inst/faddfsub_32ns_32ns_32_4_full_dsp_1_U1485/ekf_batch_faddfsub_32ns_32ns_32_4_full_dsp_1_ip_u/inst/i_synth/ADDSUB_OP.ADDSUB/DSP.OP/DSP48E1_BODY.NORM_RND/FULL_USAGE_DSP.SHIFT_RND/i_no_versal_es1_workaround.DSP/DSP_PREADD_DATA_INST/B2B1[17]
                         net (fo=1, routed)           0.000     0.073    design_1_i/ekf_batch_0/inst/faddfsub_32ns_32ns_32_4_full_dsp_1_U1485/ekf_batch_faddfsub_32ns_32ns_32_4_full_dsp_1_ip_u/inst/i_synth/ADDSUB_OP.ADDSUB/DSP.OP/DSP48E1_BODY.NORM_RND/FULL_USAGE_DSP.SHIFT_RND/i_no_versal_es1_workaround.DSP/DSP_PREADD_DATA.B2B1<17>
    DSP48E2_X5Y154       DSP_MULTIPLIER (Prop_DSP_MULTIPLIER_DSP48E2_B2B1[17]_V[17])
                                                      0.609     0.682 f  design_1_i/ekf_batch_0/inst/faddfsub_32ns_32ns_32_4_full_dsp_1_U1485/ekf_batch_faddfsub_32ns_32ns_32_4_full_dsp_1_ip_u/inst/i_synth/ADDSUB_OP.ADDSUB/DSP.OP/DSP48E1_BODY.NORM_RND/FULL_USAGE_DSP.SHIFT_RND/i_no_versal_es1_workaround.DSP/DSP_MULTIPLIER_INST/V[17]
                         net (fo=1, routed)           0.000     0.682    design_1_i/ekf_batch_0/inst/faddfsub_32ns_32ns_32_4_full_dsp_1_U1485/ekf_batch_faddfsub_32ns_32ns_32_4_full_dsp_1_ip_u/inst/i_synth/ADDSUB_OP.ADDSUB/DSP.OP/DSP48E1_BODY.NORM_RND/FULL_USAGE_DSP.SHIFT_RND/i_no_versal_es1_workaround.DSP/DSP_MULTIPLIER.V<17>
    DSP48E2_X5Y154       DSP_M_DATA (Prop_DSP_M_DATA_DSP48E2_V[17]_V_DATA[17])
                                                      0.046     0.728 r  design_1_i/ekf_batch_0/inst/faddfsub_32ns_32ns_32_4_full_dsp_1_U1485/ekf_batch_faddfsub_32ns_32ns_32_4_full_dsp_1_ip_u/inst/i_synth/ADDSUB_OP.ADDSUB/DSP.OP/DSP48E1_BODY.NORM_RND/FULL_USAGE_DSP.SHIFT_RND/i_no_versal_es1_workaround.DSP/DSP_M_DATA_INST/V_DATA[17]
                         net (fo=1, routed)           0.000     0.728    design_1_i/ekf_batch_0/inst/faddfsub_32ns_32ns_32_4_full_dsp_1_U1485/ekf_batch_faddfsub_32ns_32ns_32_4_full_dsp_1_ip_u/inst/i_synth/ADDSUB_OP.ADDSUB/DSP.OP/DSP48E1_BODY.NORM_RND/FULL_USAGE_DSP.SHIFT_RND/i_no_versal_es1_workaround.DSP/DSP_M_DATA.V_DATA<17>
    DSP48E2_X5Y154       DSP_ALU (Prop_DSP_ALU_DSP48E2_V_DATA[17]_ALU_OUT[17])
                                                      0.571     1.299 f  design_1_i/ekf_batch_0/inst/faddfsub_32ns_32ns_32_4_full_dsp_1_U1485/ekf_batch_faddfsub_32ns_32ns_32_4_full_dsp_1_ip_u/inst/i_synth/ADDSUB_OP.ADDSUB/DSP.OP/DSP48E1_BODY.NORM_RND/FULL_USAGE_DSP.SHIFT_RND/i_no_versal_es1_workaround.DSP/DSP_ALU_INST/ALU_OUT[17]
                         net (fo=1, routed)           0.000     1.299    design_1_i/ekf_batch_0/inst/faddfsub_32ns_32ns_32_4_full_dsp_1_U1485/ekf_batch_faddfsub_32ns_32ns_32_4_full_dsp_1_ip_u/inst/i_synth/ADDSUB_OP.ADDSUB/DSP.OP/DSP48E1_BODY.NORM_RND/FULL_USAGE_DSP.SHIFT_RND/i_no_versal_es1_workaround.DSP/DSP_ALU.ALU_OUT<17>
    DSP48E2_X5Y154       DSP_OUTPUT (Prop_DSP_OUTPUT_DSP48E2_ALU_OUT[17]_P[17])
                                                      0.109     1.408 r  design_1_i/ekf_batch_0/inst/faddfsub_32ns_32ns_32_4_full_dsp_1_U1485/ekf_batch_faddfsub_32ns_32ns_32_4_full_dsp_1_ip_u/inst/i_synth/ADDSUB_OP.ADDSUB/DSP.OP/DSP48E1_BODY.NORM_RND/FULL_USAGE_DSP.SHIFT_RND/i_no_versal_es1_workaround.DSP/DSP_OUTPUT_INST/P[17]
                         net (fo=1, routed)           0.210     1.618    design_1_i/ekf_batch_0/inst/faddfsub_32ns_32ns_32_4_full_dsp_1_U1485/ekf_batch_faddfsub_32ns_32ns_32_4_full_dsp_1_ip_u/inst/i_synth/ADDSUB_OP.ADDSUB/DSP.OP/DSP48E1_BODY.NORM_RND/FULL_USAGE_DSP.SHIFT_RND/round_mant[15]
    SLICE_X29Y387        LUT3 (Prop_H6LUT_SLICEM_I0_O)
                                                      0.090     1.708 r  design_1_i/ekf_batch_0/inst/faddfsub_32ns_32ns_32_4_full_dsp_1_U1485/ekf_batch_faddfsub_32ns_32ns_32_4_full_dsp_1_ip_u/inst/i_synth/ADDSUB_OP.ADDSUB/DSP.OP/DSP48E1_BODY.NORM_RND/FULL_USAGE_DSP.SHIFT_RND/mant_op_inferred_i_8/O
                         net (fo=162, routed)         2.231     3.939    design_1_i/ekf_batch_0/inst/grp_ekf_batch_Pipeline_VITIS_LOOP_117_8_fu_12177/flow_control_loop_pipe_sequential_init_U/P_72_fu_410_reg[31]_0[15]
    SLICE_X12Y289        LUT4 (Prop_G6LUT_SLICEL_I3_O)
                                                      0.089     4.028 r  design_1_i/ekf_batch_0/inst/grp_ekf_batch_Pipeline_VITIS_LOOP_117_8_fu_12177/flow_control_loop_pipe_sequential_init_U/P_43_fu_294[15]_i_1/O
                         net (fo=1, routed)           0.048     4.076    design_1_i/ekf_batch_0/inst/grp_ekf_batch_Pipeline_VITIS_LOOP_117_8_fu_12177/flow_control_loop_pipe_sequential_init_U_n_820
    SLICE_X12Y289        FDRE                                         r  design_1_i/ekf_batch_0/inst/grp_ekf_batch_Pipeline_VITIS_LOOP_117_8_fu_12177/P_43_fu_294_reg[15]/D
  -------------------------------------------------------------------    -------------------

                         (clock clk_pl_0 rise edge)
                                                      0.000     0.000 r  
    PS8_X0Y0             PS8                          0.000     0.000 r  design_1_i/zynq_ultra_ps_e_0/inst/PS8_i/PLCLK[0]
                         net (fo=1, routed)           0.105     0.105    design_1_i/zynq_ultra_ps_e_0/inst/pl_clk_unbuffered[0]
    BUFG_PS_X0Y58        BUFG_PS (Prop_BUFG_PS_I_O)
                                                      0.025     0.130 r  design_1_i/zynq_ultra_ps_e_0/inst/buffer_pl_clk_0.PL_CLK_0_BUFG/O
    X1Y3 (CLOCK_ROOT)    net (fo=41467, routed)       1.746     1.876    design_1_i/ekf_batch_0/inst/grp_ekf_batch_Pipeline_VITIS_LOOP_117_8_fu_12177/ap_clk
    SLICE_X12Y289        FDRE                                         r  design_1_i/ekf_batch_0/inst/grp_ekf_batch_Pipeline_VITIS_LOOP_117_8_fu_12177/P_43_fu_294_reg[15]/C

Slack:                    inf
  Source:                 design_1_i/ekf_batch_0/inst/faddfsub_32ns_32ns_32_4_full_dsp_1_U1485/ekf_batch_faddfsub_32ns_32ns_32_4_full_dsp_1_ip_u/inst/i_synth/ADDSUB_OP.ADDSUB/DSP.OP/DSP48E1_BODY.NORM_RND/FULL_USAGE_DSP.SHIFT_RND/i_no_versal_es1_workaround.DSP/DSP_A_B_DATA_INST/B2_DATA[17]
                            (internal pin)
  Destination:            design_1_i/ekf_batch_0/inst/grp_ekf_batch_Pipeline_VITIS_LOOP_117_8_fu_12177/P_66_fu_386_reg[15]/D
                            (rising edge-triggered cell FDRE clocked by clk_pl_0  {rise@0.000ns fall@5.000ns period=10.000ns})
  Path Group:             (none)
  Path Type:              Setup (Max at Slow Process Corner)
  Data Path Delay:        4.074ns  (logic 1.646ns (40.398%)  route 2.428ns (59.602%))
  Logic Levels:           7  (DSP_ALU=1 DSP_M_DATA=1 DSP_MULTIPLIER=1 DSP_OUTPUT=1 DSP_PREADD_DATA=1 LUT3=1 LUT4=1)
  Clock Uncertainty:      0.127ns  ((TSJ^2 + DJ^2)^1/2) / 2 + PE
    Total System Jitter     (TSJ):    0.050ns
    Discrete Jitter          (DJ):    0.250ns
    Phase Error              (PE):    0.000ns
  Clock Net Delay (Destination): 1.739ns (routing 0.363ns, distribution 1.376ns)

    Location             Delay type                Incr(ns)  Path(ns)    Netlist Resource(s)
  -------------------------------------------------------------------    -------------------
    DSP48E2_X5Y154       DSP_A_B_DATA                 0.000     0.000 r  design_1_i/ekf_batch_0/inst/faddfsub_32ns_32ns_32_4_full_dsp_1_U1485/ekf_batch_faddfsub_32ns_32ns_32_4_full_dsp_1_ip_u/inst/i_synth/ADDSUB_OP.ADDSUB/DSP.OP/DSP48E1_BODY.NORM_RND/FULL_USAGE_DSP.SHIFT_RND/i_no_versal_es1_workaround.DSP/DSP_A_B_DATA_INST/B2_DATA[17]
                         net (fo=1, routed)           0.000     0.000    design_1_i/ekf_batch_0/inst/faddfsub_32ns_32ns_32_4_full_dsp_1_U1485/ekf_batch_faddfsub_32ns_32ns_32_4_full_dsp_1_ip_u/inst/i_synth/ADDSUB_OP.ADDSUB/DSP.OP/DSP48E1_BODY.NORM_RND/FULL_USAGE_DSP.SHIFT_RND/i_no_versal_es1_workaround.DSP/DSP_A_B_DATA.B2_DATA<17>
    DSP48E2_X5Y154       DSP_PREADD_DATA (Prop_DSP_PREADD_DATA_DSP48E2_B2_DATA[17]_B2B1[17])
                                                      0.073     0.073 r  design_1_i/ekf_batch_0/inst/faddfsub_32ns_32ns_32_4_full_dsp_1_U1485/ekf_batch_faddfsub_32ns_32ns_32_4_full_dsp_1_ip_u/inst/i_synth/ADDSUB_OP.ADDSUB/DSP.OP/DSP48E1_BODY.NORM_RND/FULL_USAGE_DSP.SHIFT_RND/i_no_versal_es1_workaround.DSP/DSP_PREADD_DATA_INST/B2B1[17]
                         net (fo=1, routed)           0.000     0.073    design_1_i/ekf_batch_0/inst/faddfsub_32ns_32ns_32_4_full_dsp_1_U1485/ekf_batch_faddfsub_32ns_32ns_32_4_full_dsp_1_ip_u/inst/i_synth/ADDSUB_OP.ADDSUB/DSP.OP/DSP48E1_BODY.NORM_RND/FULL_USAGE_DSP.SHIFT_RND/i_no_versal_es1_workaround.DSP/DSP_PREADD_DATA.B2B1<17>
    DSP48E2_X5Y154       DSP_MULTIPLIER (Prop_DSP_MULTIPLIER_DSP48E2_B2B1[17]_V[17])
                                                      0.609     0.682 f  design_1_i/ekf_batch_0/inst/faddfsub_32ns_32ns_32_4_full_dsp_1_U1485/ekf_batch_faddfsub_32ns_32ns_32_4_full_dsp_1_ip_u/inst/i_synth/ADDSUB_OP.ADDSUB/DSP.OP/DSP48E1_BODY.NORM_RND/FULL_USAGE_DSP.SHIFT_RND/i_no_versal_es1_workaround.DSP/DSP_MULTIPLIER_INST/V[17]
                         net (fo=1, routed)           0.000     0.682    design_1_i/ekf_batch_0/inst/faddfsub_32ns_32ns_32_4_full_dsp_1_U1485/ekf_batch_faddfsub_32ns_32ns_32_4_full_dsp_1_ip_u/inst/i_synth/ADDSUB_OP.ADDSUB/DSP.OP/DSP48E1_BODY.NORM_RND/FULL_USAGE_DSP.SHIFT_RND/i_no_versal_es1_workaround.DSP/DSP_MULTIPLIER.V<17>
    DSP48E2_X5Y154       DSP_M_DATA (Prop_DSP_M_DATA_DSP48E2_V[17]_V_DATA[17])
                                                      0.046     0.728 r  design_1_i/ekf_batch_0/inst/faddfsub_32ns_32ns_32_4_full_dsp_1_U1485/ekf_batch_faddfsub_32ns_32ns_32_4_full_dsp_1_ip_u/inst/i_synth/ADDSUB_OP.ADDSUB/DSP.OP/DSP48E1_BODY.NORM_RND/FULL_USAGE_DSP.SHIFT_RND/i_no_versal_es1_workaround.DSP/DSP_M_DATA_INST/V_DATA[17]
                         net (fo=1, routed)           0.000     0.728    design_1_i/ekf_batch_0/inst/faddfsub_32ns_32ns_32_4_full_dsp_1_U1485/ekf_batch_faddfsub_32ns_32ns_32_4_full_dsp_1_ip_u/inst/i_synth/ADDSUB_OP.ADDSUB/DSP.OP/DSP48E1_BODY.NORM_RND/FULL_USAGE_DSP.SHIFT_RND/i_no_versal_es1_workaround.DSP/DSP_M_DATA.V_DATA<17>
    DSP48E2_X5Y154       DSP_ALU (Prop_DSP_ALU_DSP48E2_V_DATA[17]_ALU_OUT[17])
                                                      0.571     1.299 f  design_1_i/ekf_batch_0/inst/faddfsub_32ns_32ns_32_4_full_dsp_1_U1485/ekf_batch_faddfsub_32ns_32ns_32_4_full_dsp_1_ip_u/inst/i_synth/ADDSUB_OP.ADDSUB/DSP.OP/DSP48E1_BODY.NORM_RND/FULL_USAGE_DSP.SHIFT_RND/i_no_versal_es1_workaround.DSP/DSP_ALU_INST/ALU_OUT[17]
                         net (fo=1, routed)           0.000     1.299    design_1_i/ekf_batch_0/inst/faddfsub_32ns_32ns_32_4_full_dsp_1_U1485/ekf_batch_faddfsub_32ns_32ns_32_4_full_dsp_1_ip_u/inst/i_synth/ADDSUB_OP.ADDSUB/DSP.OP/DSP48E1_BODY.NORM_RND/FULL_USAGE_DSP.SHIFT_RND/i_no_versal_es1_workaround.DSP/DSP_ALU.ALU_OUT<17>
    DSP48E2_X5Y154       DSP_OUTPUT (Prop_DSP_OUTPUT_DSP48E2_ALU_OUT[17]_P[17])
                                                      0.109     1.408 r  design_1_i/ekf_batch_0/inst/faddfsub_32ns_32ns_32_4_full_dsp_1_U1485/ekf_batch_faddfsub_32ns_32ns_32_4_full_dsp_1_ip_u/inst/i_synth/ADDSUB_OP.ADDSUB/DSP.OP/DSP48E1_BODY.NORM_RND/FULL_USAGE_DSP.SHIFT_RND/i_no_versal_es1_workaround.DSP/DSP_OUTPUT_INST/P[17]
                         net (fo=1, routed)           0.210     1.618    design_1_i/ekf_batch_0/inst/faddfsub_32ns_32ns_32_4_full_dsp_1_U1485/ekf_batch_faddfsub_32ns_32ns_32_4_full_dsp_1_ip_u/inst/i_synth/ADDSUB_OP.ADDSUB/DSP.OP/DSP48E1_BODY.NORM_RND/FULL_USAGE_DSP.SHIFT_RND/round_mant[15]
    SLICE_X29Y387        LUT3 (Prop_H6LUT_SLICEM_I0_O)
                                                      0.090     1.708 r  design_1_i/ekf_batch_0/inst/faddfsub_32ns_32ns_32_4_full_dsp_1_U1485/ekf_batch_faddfsub_32ns_32ns_32_4_full_dsp_1_ip_u/inst/i_synth/ADDSUB_OP.ADDSUB/DSP.OP/DSP48E1_BODY.NORM_RND/FULL_USAGE_DSP.SHIFT_RND/mant_op_inferred_i_8/O
                         net (fo=162, routed)         2.163     3.871    design_1_i/ekf_batch_0/inst/grp_ekf_batch_Pipeline_VITIS_LOOP_117_8_fu_12177/flow_control_loop_pipe_sequential_init_U/P_72_fu_410_reg[31]_0[15]
    SLICE_X13Y289        LUT4 (Prop_E6LUT_SLICEM_I3_O)
                                                      0.148     4.019 r  design_1_i/ekf_batch_0/inst/grp_ekf_batch_Pipeline_VITIS_LOOP_117_8_fu_12177/flow_control_loop_pipe_sequential_init_U/P_66_fu_386[15]_i_1/O
                         net (fo=1, routed)           0.055     4.074    design_1_i/ekf_batch_0/inst/grp_ekf_batch_Pipeline_VITIS_LOOP_117_8_fu_12177/flow_control_loop_pipe_sequential_init_U_n_212
    SLICE_X13Y289        FDRE                                         r  design_1_i/ekf_batch_0/inst/grp_ekf_batch_Pipeline_VITIS_LOOP_117_8_fu_12177/P_66_fu_386_reg[15]/D
  -------------------------------------------------------------------    -------------------

                         (clock clk_pl_0 rise edge)
                                                      0.000     0.000 r  
    PS8_X0Y0             PS8                          0.000     0.000 r  design_1_i/zynq_ultra_ps_e_0/inst/PS8_i/PLCLK[0]
                         net (fo=1, routed)           0.105     0.105    design_1_i/zynq_ultra_ps_e_0/inst/pl_clk_unbuffered[0]
    BUFG_PS_X0Y58        BUFG_PS (Prop_BUFG_PS_I_O)
                                                      0.025     0.130 r  design_1_i/zynq_ultra_ps_e_0/inst/buffer_pl_clk_0.PL_CLK_0_BUFG/O
    X1Y3 (CLOCK_ROOT)    net (fo=41467, routed)       1.739     1.869    design_1_i/ekf_batch_0/inst/grp_ekf_batch_Pipeline_VITIS_LOOP_117_8_fu_12177/ap_clk
    SLICE_X13Y289        FDRE                                         r  design_1_i/ekf_batch_0/inst/grp_ekf_batch_Pipeline_VITIS_LOOP_117_8_fu_12177/P_66_fu_386_reg[15]/C

Slack:                    inf
  Source:                 design_1_i/ekf_batch_0/inst/faddfsub_32ns_32ns_32_4_full_dsp_1_U1485/ekf_batch_faddfsub_32ns_32ns_32_4_full_dsp_1_ip_u/inst/i_synth/ADDSUB_OP.ADDSUB/DSP.OP/DSP48E1_BODY.NORM_RND/FULL_USAGE_DSP.SHIFT_RND/i_no_versal_es1_workaround.DSP/DSP_A_B_DATA_INST/B2_DATA[17]
                            (internal pin)
  Destination:            design_1_i/ekf_batch_0/inst/grp_ekf_batch_Pipeline_VITIS_LOOP_117_8_fu_12177/P_60_fu_362_reg[17]/D
                            (rising edge-triggered cell FDRE clocked by clk_pl_0  {rise@0.000ns fall@5.000ns period=10.000ns})
  Path Group:             (none)
  Path Type:              Setup (Max at Slow Process Corner)
  Data Path Delay:        4.001ns  (logic 1.677ns (41.915%)  route 2.324ns (58.085%))
  Logic Levels:           7  (DSP_ALU=1 DSP_M_DATA=1 DSP_MULTIPLIER=1 DSP_OUTPUT=1 DSP_PREADD_DATA=1 LUT3=1 LUT4=1)
  Clock Uncertainty:      0.127ns  ((TSJ^2 + DJ^2)^1/2) / 2 + PE
    Total System Jitter     (TSJ):    0.050ns
    Discrete Jitter          (DJ):    0.250ns
    Phase Error              (PE):    0.000ns
  Clock Net Delay (Destination): 1.760ns (routing 0.363ns, distribution 1.397ns)

    Location             Delay type                Incr(ns)  Path(ns)    Netlist Resource(s)
  -------------------------------------------------------------------    -------------------
    DSP48E2_X5Y154       DSP_A_B_DATA                 0.000     0.000 r  design_1_i/ekf_batch_0/inst/faddfsub_32ns_32ns_32_4_full_dsp_1_U1485/ekf_batch_faddfsub_32ns_32ns_32_4_full_dsp_1_ip_u/inst/i_synth/ADDSUB_OP.ADDSUB/DSP.OP/DSP48E1_BODY.NORM_RND/FULL_USAGE_DSP.SHIFT_RND/i_no_versal_es1_workaround.DSP/DSP_A_B_DATA_INST/B2_DATA[17]
                         net (fo=1, routed)           0.000     0.000    design_1_i/ekf_batch_0/inst/faddfsub_32ns_32ns_32_4_full_dsp_1_U1485/ekf_batch_faddfsub_32ns_32ns_32_4_full_dsp_1_ip_u/inst/i_synth/ADDSUB_OP.ADDSUB/DSP.OP/DSP48E1_BODY.NORM_RND/FULL_USAGE_DSP.SHIFT_RND/i_no_versal_es1_workaround.DSP/DSP_A_B_DATA.B2_DATA<17>
    DSP48E2_X5Y154       DSP_PREADD_DATA (Prop_DSP_PREADD_DATA_DSP48E2_B2_DATA[17]_B2B1[17])
                                                      0.073     0.073 r  design_1_i/ekf_batch_0/inst/faddfsub_32ns_32ns_32_4_full_dsp_1_U1485/ekf_batch_faddfsub_32ns_32ns_32_4_full_dsp_1_ip_u/inst/i_synth/ADDSUB_OP.ADDSUB/DSP.OP/DSP48E1_BODY.NORM_RND/FULL_USAGE_DSP.SHIFT_RND/i_no_versal_es1_workaround.DSP/DSP_PREADD_DATA_INST/B2B1[17]
                         net (fo=1, routed)           0.000     0.073    design_1_i/ekf_batch_0/inst/faddfsub_32ns_32ns_32_4_full_dsp_1_U1485/ekf_batch_faddfsub_32ns_32ns_32_4_full_dsp_1_ip_u/inst/i_synth/ADDSUB_OP.ADDSUB/DSP.OP/DSP48E1_BODY.NORM_RND/FULL_USAGE_DSP.SHIFT_RND/i_no_versal_es1_workaround.DSP/DSP_PREADD_DATA.B2B1<17>
    DSP48E2_X5Y154       DSP_MULTIPLIER (Prop_DSP_MULTIPLIER_DSP48E2_B2B1[17]_V[19])
                                                      0.609     0.682 f  design_1_i/ekf_batch_0/inst/faddfsub_32ns_32ns_32_4_full_dsp_1_U1485/ekf_batch_faddfsub_32ns_32ns_32_4_full_dsp_1_ip_u/inst/i_synth/ADDSUB_OP.ADDSUB/DSP.OP/DSP48E1_BODY.NORM_RND/FULL_USAGE_DSP.SHIFT_RND/i_no_versal_es1_workaround.DSP/DSP_MULTIPLIER_INST/V[19]
                         net (fo=1, routed)           0.000     0.682    design_1_i/ekf_batch_0/inst/faddfsub_32ns_32ns_32_4_full_dsp_1_U1485/ekf_batch_faddfsub_32ns_32ns_32_4_full_dsp_1_ip_u/inst/i_synth/ADDSUB_OP.ADDSUB/DSP.OP/DSP48E1_BODY.NORM_RND/FULL_USAGE_DSP.SHIFT_RND/i_no_versal_es1_workaround.DSP/DSP_MULTIPLIER.V<19>
    DSP48E2_X5Y154       DSP_M_DATA (Prop_DSP_M_DATA_DSP48E2_V[19]_V_DATA[19])
                                                      0.046     0.728 r  design_1_i/ekf_batch_0/inst/faddfsub_32ns_32ns_32_4_full_dsp_1_U1485/ekf_batch_faddfsub_32ns_32ns_32_4_full_dsp_1_ip_u/inst/i_synth/ADDSUB_OP.ADDSUB/DSP.OP/DSP48E1_BODY.NORM_RND/FULL_USAGE_DSP.SHIFT_RND/i_no_versal_es1_workaround.DSP/DSP_M_DATA_INST/V_DATA[19]
                         net (fo=1, routed)           0.000     0.728    design_1_i/ekf_batch_0/inst/faddfsub_32ns_32ns_32_4_full_dsp_1_U1485/ekf_batch_faddfsub_32ns_32ns_32_4_full_dsp_1_ip_u/inst/i_synth/ADDSUB_OP.ADDSUB/DSP.OP/DSP48E1_BODY.NORM_RND/FULL_USAGE_DSP.SHIFT_RND/i_no_versal_es1_workaround.DSP/DSP_M_DATA.V_DATA<19>
    DSP48E2_X5Y154       DSP_ALU (Prop_DSP_ALU_DSP48E2_V_DATA[19]_ALU_OUT[19])
                                                      0.571     1.299 f  design_1_i/ekf_batch_0/inst/faddfsub_32ns_32ns_32_4_full_dsp_1_U1485/ekf_batch_faddfsub_32ns_32ns_32_4_full_dsp_1_ip_u/inst/i_synth/ADDSUB_OP.ADDSUB/DSP.OP/DSP48E1_BODY.NORM_RND/FULL_USAGE_DSP.SHIFT_RND/i_no_versal_es1_workaround.DSP/DSP_ALU_INST/ALU_OUT[19]
                         net (fo=1, routed)           0.000     1.299    design_1_i/ekf_batch_0/inst/faddfsub_32ns_32ns_32_4_full_dsp_1_U1485/ekf_batch_faddfsub_32ns_32ns_32_4_full_dsp_1_ip_u/inst/i_synth/ADDSUB_OP.ADDSUB/DSP.OP/DSP48E1_BODY.NORM_RND/FULL_USAGE_DSP.SHIFT_RND/i_no_versal_es1_workaround.DSP/DSP_ALU.ALU_OUT<19>
    DSP48E2_X5Y154       DSP_OUTPUT (Prop_DSP_OUTPUT_DSP48E2_ALU_OUT[19]_P[19])
                                                      0.109     1.408 r  design_1_i/ekf_batch_0/inst/faddfsub_32ns_32ns_32_4_full_dsp_1_U1485/ekf_batch_faddfsub_32ns_32ns_32_4_full_dsp_1_ip_u/inst/i_synth/ADDSUB_OP.ADDSUB/DSP.OP/DSP48E1_BODY.NORM_RND/FULL_USAGE_DSP.SHIFT_RND/i_no_versal_es1_workaround.DSP/DSP_OUTPUT_INST/P[19]
                         net (fo=1, routed)           0.417     1.825    design_1_i/ekf_batch_0/inst/faddfsub_32ns_32ns_32_4_full_dsp_1_U1485/ekf_batch_faddfsub_32ns_32ns_32_4_full_dsp_1_ip_u/inst/i_synth/ADDSUB_OP.ADDSUB/DSP.OP/DSP48E1_BODY.NORM_RND/FULL_USAGE_DSP.SHIFT_RND/round_mant[17]
    SLICE_X28Y385        LUT3 (Prop_C6LUT_SLICEM_I0_O)
                                                      0.145     1.970 r  design_1_i/ekf_batch_0/inst/faddfsub_32ns_32ns_32_4_full_dsp_1_U1485/ekf_batch_faddfsub_32ns_32ns_32_4_full_dsp_1_ip_u/inst/i_synth/ADDSUB_OP.ADDSUB/DSP.OP/DSP48E1_BODY.NORM_RND/FULL_USAGE_DSP.SHIFT_RND/mant_op_inferred_i_6/O
                         net (fo=162, routed)         1.852     3.822    design_1_i/ekf_batch_0/inst/grp_ekf_batch_Pipeline_VITIS_LOOP_117_8_fu_12177/flow_control_loop_pipe_sequential_init_U/P_72_fu_410_reg[31]_0[17]
    SLICE_X13Y300        LUT4 (Prop_E6LUT_SLICEM_I3_O)
                                                      0.124     3.946 r  design_1_i/ekf_batch_0/inst/grp_ekf_batch_Pipeline_VITIS_LOOP_117_8_fu_12177/flow_control_loop_pipe_sequential_init_U/P_60_fu_362[17]_i_1/O
                         net (fo=1, routed)           0.055     4.001    design_1_i/ekf_batch_0/inst/grp_ekf_batch_Pipeline_VITIS_LOOP_117_8_fu_12177/flow_control_loop_pipe_sequential_init_U_n_370
    SLICE_X13Y300        FDRE                                         r  design_1_i/ekf_batch_0/inst/grp_ekf_batch_Pipeline_VITIS_LOOP_117_8_fu_12177/P_60_fu_362_reg[17]/D
  -------------------------------------------------------------------    -------------------

                         (clock clk_pl_0 rise edge)
                                                      0.000     0.000 r  
    PS8_X0Y0             PS8                          0.000     0.000 r  design_1_i/zynq_ultra_ps_e_0/inst/PS8_i/PLCLK[0]
                         net (fo=1, routed)           0.105     0.105    design_1_i/zynq_ultra_ps_e_0/inst/pl_clk_unbuffered[0]
    BUFG_PS_X0Y58        BUFG_PS (Prop_BUFG_PS_I_O)
                                                      0.025     0.130 r  design_1_i/zynq_ultra_ps_e_0/inst/buffer_pl_clk_0.PL_CLK_0_BUFG/O
    X1Y3 (CLOCK_ROOT)    net (fo=41467, routed)       1.760     1.890    design_1_i/ekf_batch_0/inst/grp_ekf_batch_Pipeline_VITIS_LOOP_117_8_fu_12177/ap_clk
    SLICE_X13Y300        FDRE                                         r  design_1_i/ekf_batch_0/inst/grp_ekf_batch_Pipeline_VITIS_LOOP_117_8_fu_12177/P_60_fu_362_reg[17]/C

Slack:                    inf
  Source:                 design_1_i/ekf_batch_0/inst/faddfsub_32ns_32ns_32_4_full_dsp_1_U1485/ekf_batch_faddfsub_32ns_32ns_32_4_full_dsp_1_ip_u/inst/i_synth/ADDSUB_OP.ADDSUB/DSP.OP/DSP48E1_BODY.NORM_RND/FULL_USAGE_DSP.SHIFT_RND/i_no_versal_es1_workaround.DSP/DSP_A_B_DATA_INST/B2_DATA[17]
                            (internal pin)
  Destination:            design_1_i/ekf_batch_0/inst/grp_ekf_batch_Pipeline_VITIS_LOOP_117_8_fu_12177/P_60_fu_362_reg[15]/D
                            (rising edge-triggered cell FDRE clocked by clk_pl_0  {rise@0.000ns fall@5.000ns period=10.000ns})
  Path Group:             (none)
  Path Type:              Setup (Max at Slow Process Corner)
  Data Path Delay:        3.997ns  (logic 1.623ns (40.604%)  route 2.374ns (59.396%))
  Logic Levels:           7  (DSP_ALU=1 DSP_M_DATA=1 DSP_MULTIPLIER=1 DSP_OUTPUT=1 DSP_PREADD_DATA=1 LUT3=1 LUT4=1)
  Clock Uncertainty:      0.127ns  ((TSJ^2 + DJ^2)^1/2) / 2 + PE
    Total System Jitter     (TSJ):    0.050ns
    Discrete Jitter          (DJ):    0.250ns
    Phase Error              (PE):    0.000ns
  Clock Net Delay (Destination): 1.742ns (routing 0.363ns, distribution 1.379ns)

    Location             Delay type                Incr(ns)  Path(ns)    Netlist Resource(s)
  -------------------------------------------------------------------    -------------------
    DSP48E2_X5Y154       DSP_A_B_DATA                 0.000     0.000 r  design_1_i/ekf_batch_0/inst/faddfsub_32ns_32ns_32_4_full_dsp_1_U1485/ekf_batch_faddfsub_32ns_32ns_32_4_full_dsp_1_ip_u/inst/i_synth/ADDSUB_OP.ADDSUB/DSP.OP/DSP48E1_BODY.NORM_RND/FULL_USAGE_DSP.SHIFT_RND/i_no_versal_es1_workaround.DSP/DSP_A_B_DATA_INST/B2_DATA[17]
                         net (fo=1, routed)           0.000     0.000    design_1_i/ekf_batch_0/inst/faddfsub_32ns_32ns_32_4_full_dsp_1_U1485/ekf_batch_faddfsub_32ns_32ns_32_4_full_dsp_1_ip_u/inst/i_synth/ADDSUB_OP.ADDSUB/DSP.OP/DSP48E1_BODY.NORM_RND/FULL_USAGE_DSP.SHIFT_RND/i_no_versal_es1_workaround.DSP/DSP_A_B_DATA.B2_DATA<17>
    DSP48E2_X5Y154       DSP_PREADD_DATA (Prop_DSP_PREADD_DATA_DSP48E2_B2_DATA[17]_B2B1[17])
                                                      0.073     0.073 r  design_1_i/ekf_batch_0/inst/faddfsub_32ns_32ns_32_4_full_dsp_1_U1485/ekf_batch_faddfsub_32ns_32ns_32_4_full_dsp_1_ip_u/inst/i_synth/ADDSUB_OP.ADDSUB/DSP.OP/DSP48E1_BODY.NORM_RND/FULL_USAGE_DSP.SHIFT_RND/i_no_versal_es1_workaround.DSP/DSP_PREADD_DATA_INST/B2B1[17]
                         net (fo=1, routed)           0.000     0.073    design_1_i/ekf_batch_0/inst/faddfsub_32ns_32ns_32_4_full_dsp_1_U1485/ekf_batch_faddfsub_32ns_32ns_32_4_full_dsp_1_ip_u/inst/i_synth/ADDSUB_OP.ADDSUB/DSP.OP/DSP48E1_BODY.NORM_RND/FULL_USAGE_DSP.SHIFT_RND/i_no_versal_es1_workaround.DSP/DSP_PREADD_DATA.B2B1<17>
    DSP48E2_X5Y154       DSP_MULTIPLIER (Prop_DSP_MULTIPLIER_DSP48E2_B2B1[17]_V[17])
                                                      0.609     0.682 f  design_1_i/ekf_batch_0/inst/faddfsub_32ns_32ns_32_4_full_dsp_1_U1485/ekf_batch_faddfsub_32ns_32ns_32_4_full_dsp_1_ip_u/inst/i_synth/ADDSUB_OP.ADDSUB/DSP.OP/DSP48E1_BODY.NORM_RND/FULL_USAGE_DSP.SHIFT_RND/i_no_versal_es1_workaround.DSP/DSP_MULTIPLIER_INST/V[17]
                         net (fo=1, routed)           0.000     0.682    design_1_i/ekf_batch_0/inst/faddfsub_32ns_32ns_32_4_full_dsp_1_U1485/ekf_batch_faddfsub_32ns_32ns_32_4_full_dsp_1_ip_u/inst/i_synth/ADDSUB_OP.ADDSUB/DSP.OP/DSP48E1_BODY.NORM_RND/FULL_USAGE_DSP.SHIFT_RND/i_no_versal_es1_workaround.DSP/DSP_MULTIPLIER.V<17>
    DSP48E2_X5Y154       DSP_M_DATA (Prop_DSP_M_DATA_DSP48E2_V[17]_V_DATA[17])
                                                      0.046     0.728 r  design_1_i/ekf_batch_0/inst/faddfsub_32ns_32ns_32_4_full_dsp_1_U1485/ekf_batch_faddfsub_32ns_32ns_32_4_full_dsp_1_ip_u/inst/i_synth/ADDSUB_OP.ADDSUB/DSP.OP/DSP48E1_BODY.NORM_RND/FULL_USAGE_DSP.SHIFT_RND/i_no_versal_es1_workaround.DSP/DSP_M_DATA_INST/V_DATA[17]
                         net (fo=1, routed)           0.000     0.728    design_1_i/ekf_batch_0/inst/faddfsub_32ns_32ns_32_4_full_dsp_1_U1485/ekf_batch_faddfsub_32ns_32ns_32_4_full_dsp_1_ip_u/inst/i_synth/ADDSUB_OP.ADDSUB/DSP.OP/DSP48E1_BODY.NORM_RND/FULL_USAGE_DSP.SHIFT_RND/i_no_versal_es1_workaround.DSP/DSP_M_DATA.V_DATA<17>
    DSP48E2_X5Y154       DSP_ALU (Prop_DSP_ALU_DSP48E2_V_DATA[17]_ALU_OUT[17])
                                                      0.571     1.299 f  design_1_i/ekf_batch_0/inst/faddfsub_32ns_32ns_32_4_full_dsp_1_U1485/ekf_batch_faddfsub_32ns_32ns_32_4_full_dsp_1_ip_u/inst/i_synth/ADDSUB_OP.ADDSUB/DSP.OP/DSP48E1_BODY.NORM_RND/FULL_USAGE_DSP.SHIFT_RND/i_no_versal_es1_workaround.DSP/DSP_ALU_INST/ALU_OUT[17]
                         net (fo=1, routed)           0.000     1.299    design_1_i/ekf_batch_0/inst/faddfsub_32ns_32ns_32_4_full_dsp_1_U1485/ekf_batch_faddfsub_32ns_32ns_32_4_full_dsp_1_ip_u/inst/i_synth/ADDSUB_OP.ADDSUB/DSP.OP/DSP48E1_BODY.NORM_RND/FULL_USAGE_DSP.SHIFT_RND/i_no_versal_es1_workaround.DSP/DSP_ALU.ALU_OUT<17>
    DSP48E2_X5Y154       DSP_OUTPUT (Prop_DSP_OUTPUT_DSP48E2_ALU_OUT[17]_P[17])
                                                      0.109     1.408 r  design_1_i/ekf_batch_0/inst/faddfsub_32ns_32ns_32_4_full_dsp_1_U1485/ekf_batch_faddfsub_32ns_32ns_32_4_full_dsp_1_ip_u/inst/i_synth/ADDSUB_OP.ADDSUB/DSP.OP/DSP48E1_BODY.NORM_RND/FULL_USAGE_DSP.SHIFT_RND/i_no_versal_es1_workaround.DSP/DSP_OUTPUT_INST/P[17]
                         net (fo=1, routed)           0.210     1.618    design_1_i/ekf_batch_0/inst/faddfsub_32ns_32ns_32_4_full_dsp_1_U1485/ekf_batch_faddfsub_32ns_32ns_32_4_full_dsp_1_ip_u/inst/i_synth/ADDSUB_OP.ADDSUB/DSP.OP/DSP48E1_BODY.NORM_RND/FULL_USAGE_DSP.SHIFT_RND/round_mant[15]
    SLICE_X29Y387        LUT3 (Prop_H6LUT_SLICEM_I0_O)
                                                      0.090     1.708 r  design_1_i/ekf_batch_0/inst/faddfsub_32ns_32ns_32_4_full_dsp_1_U1485/ekf_batch_faddfsub_32ns_32ns_32_4_full_dsp_1_ip_u/inst/i_synth/ADDSUB_OP.ADDSUB/DSP.OP/DSP48E1_BODY.NORM_RND/FULL_USAGE_DSP.SHIFT_RND/mant_op_inferred_i_8/O
                         net (fo=162, routed)         2.111     3.819    design_1_i/ekf_batch_0/inst/grp_ekf_batch_Pipeline_VITIS_LOOP_117_8_fu_12177/flow_control_loop_pipe_sequential_init_U/P_72_fu_410_reg[31]_0[15]
    SLICE_X14Y292        LUT4 (Prop_A6LUT_SLICEM_I3_O)
                                                      0.125     3.944 r  design_1_i/ekf_batch_0/inst/grp_ekf_batch_Pipeline_VITIS_LOOP_117_8_fu_12177/flow_control_loop_pipe_sequential_init_U/P_60_fu_362[15]_i_1/O
                         net (fo=1, routed)           0.053     3.997    design_1_i/ekf_batch_0/inst/grp_ekf_batch_Pipeline_VITIS_LOOP_117_8_fu_12177/flow_control_loop_pipe_sequential_init_U_n_372
    SLICE_X14Y292        FDRE                                         r  design_1_i/ekf_batch_0/inst/grp_ekf_batch_Pipeline_VITIS_LOOP_117_8_fu_12177/P_60_fu_362_reg[15]/D
  -------------------------------------------------------------------    -------------------

                         (clock clk_pl_0 rise edge)
                                                      0.000     0.000 r  
    PS8_X0Y0             PS8                          0.000     0.000 r  design_1_i/zynq_ultra_ps_e_0/inst/PS8_i/PLCLK[0]
                         net (fo=1, routed)           0.105     0.105    design_1_i/zynq_ultra_ps_e_0/inst/pl_clk_unbuffered[0]
    BUFG_PS_X0Y58        BUFG_PS (Prop_BUFG_PS_I_O)
                                                      0.025     0.130 r  design_1_i/zynq_ultra_ps_e_0/inst/buffer_pl_clk_0.PL_CLK_0_BUFG/O
    X1Y3 (CLOCK_ROOT)    net (fo=41467, routed)       1.742     1.872    design_1_i/ekf_batch_0/inst/grp_ekf_batch_Pipeline_VITIS_LOOP_117_8_fu_12177/ap_clk
    SLICE_X14Y292        FDRE                                         r  design_1_i/ekf_batch_0/inst/grp_ekf_batch_Pipeline_VITIS_LOOP_117_8_fu_12177/P_60_fu_362_reg[15]/C

Slack:                    inf
  Source:                 design_1_i/ekf_batch_0/inst/faddfsub_32ns_32ns_32_4_full_dsp_1_U1485/ekf_batch_faddfsub_32ns_32ns_32_4_full_dsp_1_ip_u/inst/i_synth/ADDSUB_OP.ADDSUB/DSP.OP/DSP48E1_BODY.NORM_RND/FULL_USAGE_DSP.SHIFT_RND/i_no_versal_es1_workaround.DSP/DSP_A_B_DATA_INST/B2_DATA[17]
                            (internal pin)
  Destination:            design_1_i/ekf_batch_0/inst/grp_ekf_batch_Pipeline_VITIS_LOOP_17_1_VITIS_LOOP_18_22_fu_11841/acc_61_fu_304_reg[22]/D
                            (rising edge-triggered cell FDRE clocked by clk_pl_0  {rise@0.000ns fall@5.000ns period=10.000ns})
  Path Group:             (none)
  Path Type:              Setup (Max at Slow Process Corner)
  Data Path Delay:        3.975ns  (logic 1.505ns (37.866%)  route 2.470ns (62.134%))
  Logic Levels:           6  (DSP_ALU=1 DSP_M_DATA=1 DSP_MULTIPLIER=1 DSP_OUTPUT=1 DSP_PREADD_DATA=1 LUT3=1)
  Clock Uncertainty:      0.127ns  ((TSJ^2 + DJ^2)^1/2) / 2 + PE
    Total System Jitter     (TSJ):    0.050ns
    Discrete Jitter          (DJ):    0.250ns
    Phase Error              (PE):    0.000ns
  Clock Net Delay (Destination): 1.773ns (routing 0.363ns, distribution 1.410ns)

    Location             Delay type                Incr(ns)  Path(ns)    Netlist Resource(s)
  -------------------------------------------------------------------    -------------------
    DSP48E2_X5Y154       DSP_A_B_DATA                 0.000     0.000 r  design_1_i/ekf_batch_0/inst/faddfsub_32ns_32ns_32_4_full_dsp_1_U1485/ekf_batch_faddfsub_32ns_32ns_32_4_full_dsp_1_ip_u/inst/i_synth/ADDSUB_OP.ADDSUB/DSP.OP/DSP48E1_BODY.NORM_RND/FULL_USAGE_DSP.SHIFT_RND/i_no_versal_es1_workaround.DSP/DSP_A_B_DATA_INST/B2_DATA[17]
                         net (fo=1, routed)           0.000     0.000    design_1_i/ekf_batch_0/inst/faddfsub_32ns_32ns_32_4_full_dsp_1_U1485/ekf_batch_faddfsub_32ns_32ns_32_4_full_dsp_1_ip_u/inst/i_synth/ADDSUB_OP.ADDSUB/DSP.OP/DSP48E1_BODY.NORM_RND/FULL_USAGE_DSP.SHIFT_RND/i_no_versal_es1_workaround.DSP/DSP_A_B_DATA.B2_DATA<17>
    DSP48E2_X5Y154       DSP_PREADD_DATA (Prop_DSP_PREADD_DATA_DSP48E2_B2_DATA[17]_B2B1[17])
                                                      0.073     0.073 r  design_1_i/ekf_batch_0/inst/faddfsub_32ns_32ns_32_4_full_dsp_1_U1485/ekf_batch_faddfsub_32ns_32ns_32_4_full_dsp_1_ip_u/inst/i_synth/ADDSUB_OP.ADDSUB/DSP.OP/DSP48E1_BODY.NORM_RND/FULL_USAGE_DSP.SHIFT_RND/i_no_versal_es1_workaround.DSP/DSP_PREADD_DATA_INST/B2B1[17]
                         net (fo=1, routed)           0.000     0.073    design_1_i/ekf_batch_0/inst/faddfsub_32ns_32ns_32_4_full_dsp_1_U1485/ekf_batch_faddfsub_32ns_32ns_32_4_full_dsp_1_ip_u/inst/i_synth/ADDSUB_OP.ADDSUB/DSP.OP/DSP48E1_BODY.NORM_RND/FULL_USAGE_DSP.SHIFT_RND/i_no_versal_es1_workaround.DSP/DSP_PREADD_DATA.B2B1<17>
    DSP48E2_X5Y154       DSP_MULTIPLIER (Prop_DSP_MULTIPLIER_DSP48E2_B2B1[17]_V[24])
                                                      0.609     0.682 f  design_1_i/ekf_batch_0/inst/faddfsub_32ns_32ns_32_4_full_dsp_1_U1485/ekf_batch_faddfsub_32ns_32ns_32_4_full_dsp_1_ip_u/inst/i_synth/ADDSUB_OP.ADDSUB/DSP.OP/DSP48E1_BODY.NORM_RND/FULL_USAGE_DSP.SHIFT_RND/i_no_versal_es1_workaround.DSP/DSP_MULTIPLIER_INST/V[24]
                         net (fo=1, routed)           0.000     0.682    design_1_i/ekf_batch_0/inst/faddfsub_32ns_32ns_32_4_full_dsp_1_U1485/ekf_batch_faddfsub_32ns_32ns_32_4_full_dsp_1_ip_u/inst/i_synth/ADDSUB_OP.ADDSUB/DSP.OP/DSP48E1_BODY.NORM_RND/FULL_USAGE_DSP.SHIFT_RND/i_no_versal_es1_workaround.DSP/DSP_MULTIPLIER.V<24>
    DSP48E2_X5Y154       DSP_M_DATA (Prop_DSP_M_DATA_DSP48E2_V[24]_V_DATA[24])
                                                      0.046     0.728 r  design_1_i/ekf_batch_0/inst/faddfsub_32ns_32ns_32_4_full_dsp_1_U1485/ekf_batch_faddfsub_32ns_32ns_32_4_full_dsp_1_ip_u/inst/i_synth/ADDSUB_OP.ADDSUB/DSP.OP/DSP48E1_BODY.NORM_RND/FULL_USAGE_DSP.SHIFT_RND/i_no_versal_es1_workaround.DSP/DSP_M_DATA_INST/V_DATA[24]
                         net (fo=1, routed)           0.000     0.728    design_1_i/ekf_batch_0/inst/faddfsub_32ns_32ns_32_4_full_dsp_1_U1485/ekf_batch_faddfsub_32ns_32ns_32_4_full_dsp_1_ip_u/inst/i_synth/ADDSUB_OP.ADDSUB/DSP.OP/DSP48E1_BODY.NORM_RND/FULL_USAGE_DSP.SHIFT_RND/i_no_versal_es1_workaround.DSP/DSP_M_DATA.V_DATA<24>
    DSP48E2_X5Y154       DSP_ALU (Prop_DSP_ALU_DSP48E2_V_DATA[24]_ALU_OUT[24])
                                                      0.571     1.299 f  design_1_i/ekf_batch_0/inst/faddfsub_32ns_32ns_32_4_full_dsp_1_U1485/ekf_batch_faddfsub_32ns_32ns_32_4_full_dsp_1_ip_u/inst/i_synth/ADDSUB_OP.ADDSUB/DSP.OP/DSP48E1_BODY.NORM_RND/FULL_USAGE_DSP.SHIFT_RND/i_no_versal_es1_workaround.DSP/DSP_ALU_INST/ALU_OUT[24]
                         net (fo=1, routed)           0.000     1.299    design_1_i/ekf_batch_0/inst/faddfsub_32ns_32ns_32_4_full_dsp_1_U1485/ekf_batch_faddfsub_32ns_32ns_32_4_full_dsp_1_ip_u/inst/i_synth/ADDSUB_OP.ADDSUB/DSP.OP/DSP48E1_BODY.NORM_RND/FULL_USAGE_DSP.SHIFT_RND/i_no_versal_es1_workaround.DSP/DSP_ALU.ALU_OUT<24>
    DSP48E2_X5Y154       DSP_OUTPUT (Prop_DSP_OUTPUT_DSP48E2_ALU_OUT[24]_P[24])
                                                      0.109     1.408 r  design_1_i/ekf_batch_0/inst/faddfsub_32ns_32ns_32_4_full_dsp_1_U1485/ekf_batch_faddfsub_32ns_32ns_32_4_full_dsp_1_ip_u/inst/i_synth/ADDSUB_OP.ADDSUB/DSP.OP/DSP48E1_BODY.NORM_RND/FULL_USAGE_DSP.SHIFT_RND/i_no_versal_es1_workaround.DSP/DSP_OUTPUT_INST/P[24]
                         net (fo=1, routed)           0.321     1.729    design_1_i/ekf_batch_0/inst/faddfsub_32ns_32ns_32_4_full_dsp_1_U1485/ekf_batch_faddfsub_32ns_32ns_32_4_full_dsp_1_ip_u/inst/i_synth/ADDSUB_OP.ADDSUB/DSP.OP/DSP48E1_BODY.NORM_RND/FULL_USAGE_DSP.LOD/LEAD16_DELAY/i_pipe/P[0]
    SLICE_X29Y386        LUT3 (Prop_D5LUT_SLICEM_I2_O)
                                                      0.097     1.826 r  design_1_i/ekf_batch_0/inst/faddfsub_32ns_32ns_32_4_full_dsp_1_U1485/ekf_batch_faddfsub_32ns_32ns_32_4_full_dsp_1_ip_u/inst/i_synth/ADDSUB_OP.ADDSUB/DSP.OP/DSP48E1_BODY.NORM_RND/FULL_USAGE_DSP.LOD/LEAD16_DELAY/i_pipe/mant_op_inferred_i_1/O
                         net (fo=162, routed)         2.149     3.975    design_1_i/ekf_batch_0/inst/grp_ekf_batch_Pipeline_VITIS_LOOP_17_1_VITIS_LOOP_18_22_fu_11841/m_axis_result_tdata[22]
    SLICE_X8Y351         FDRE                                         r  design_1_i/ekf_batch_0/inst/grp_ekf_batch_Pipeline_VITIS_LOOP_17_1_VITIS_LOOP_18_22_fu_11841/acc_61_fu_304_reg[22]/D
  -------------------------------------------------------------------    -------------------

                         (clock clk_pl_0 rise edge)
                                                      0.000     0.000 r  
    PS8_X0Y0             PS8                          0.000     0.000 r  design_1_i/zynq_ultra_ps_e_0/inst/PS8_i/PLCLK[0]
                         net (fo=1, routed)           0.105     0.105    design_1_i/zynq_ultra_ps_e_0/inst/pl_clk_unbuffered[0]
    BUFG_PS_X0Y58        BUFG_PS (Prop_BUFG_PS_I_O)
                                                      0.025     0.130 r  design_1_i/zynq_ultra_ps_e_0/inst/buffer_pl_clk_0.PL_CLK_0_BUFG/O
    X1Y3 (CLOCK_ROOT)    net (fo=41467, routed)       1.773     1.903    design_1_i/ekf_batch_0/inst/grp_ekf_batch_Pipeline_VITIS_LOOP_17_1_VITIS_LOOP_18_22_fu_11841/ap_clk
    SLICE_X8Y351         FDRE                                         r  design_1_i/ekf_batch_0/inst/grp_ekf_batch_Pipeline_VITIS_LOOP_17_1_VITIS_LOOP_18_22_fu_11841/acc_61_fu_304_reg[22]/C

Slack:                    inf
  Source:                 design_1_i/ekf_batch_0/inst/faddfsub_32ns_32ns_32_4_full_dsp_1_U1485/ekf_batch_faddfsub_32ns_32ns_32_4_full_dsp_1_ip_u/inst/i_synth/ADDSUB_OP.ADDSUB/DSP.OP/DSP48E1_BODY.NORM_RND/FULL_USAGE_DSP.SHIFT_RND/i_no_versal_es1_workaround.DSP/DSP_A_B_DATA_INST/B2_DATA[17]
                            (internal pin)
  Destination:            design_1_i/ekf_batch_0/inst/grp_ekf_batch_Pipeline_VITIS_LOOP_117_8_fu_12177/P_60_fu_362_reg[16]/D
                            (rising edge-triggered cell FDRE clocked by clk_pl_0  {rise@0.000ns fall@5.000ns period=10.000ns})
  Path Group:             (none)
  Path Type:              Setup (Max at Slow Process Corner)
  Data Path Delay:        3.897ns  (logic 1.655ns (42.465%)  route 2.242ns (57.535%))
  Logic Levels:           7  (DSP_ALU=1 DSP_M_DATA=1 DSP_MULTIPLIER=1 DSP_OUTPUT=1 DSP_PREADD_DATA=1 LUT3=1 LUT4=1)
  Clock Uncertainty:      0.127ns  ((TSJ^2 + DJ^2)^1/2) / 2 + PE
    Total System Jitter     (TSJ):    0.050ns
    Discrete Jitter          (DJ):    0.250ns
    Phase Error              (PE):    0.000ns
  Clock Net Delay (Destination): 1.760ns (routing 0.363ns, distribution 1.397ns)

    Location             Delay type                Incr(ns)  Path(ns)    Netlist Resource(s)
  -------------------------------------------------------------------    -------------------
    DSP48E2_X5Y154       DSP_A_B_DATA                 0.000     0.000 r  design_1_i/ekf_batch_0/inst/faddfsub_32ns_32ns_32_4_full_dsp_1_U1485/ekf_batch_faddfsub_32ns_32ns_32_4_full_dsp_1_ip_u/inst/i_synth/ADDSUB_OP.ADDSUB/DSP.OP/DSP48E1_BODY.NORM_RND/FULL_USAGE_DSP.SHIFT_RND/i_no_versal_es1_workaround.DSP/DSP_A_B_DATA_INST/B2_DATA[17]
                         net (fo=1, routed)           0.000     0.000    design_1_i/ekf_batch_0/inst/faddfsub_32ns_32ns_32_4_full_dsp_1_U1485/ekf_batch_faddfsub_32ns_32ns_32_4_full_dsp_1_ip_u/inst/i_synth/ADDSUB_OP.ADDSUB/DSP.OP/DSP48E1_BODY.NORM_RND/FULL_USAGE_DSP.SHIFT_RND/i_no_versal_es1_workaround.DSP/DSP_A_B_DATA.B2_DATA<17>
    DSP48E2_X5Y154       DSP_PREADD_DATA (Prop_DSP_PREADD_DATA_DSP48E2_B2_DATA[17]_B2B1[17])
                                                      0.073     0.073 r  design_1_i/ekf_batch_0/inst/faddfsub_32ns_32ns_32_4_full_dsp_1_U1485/ekf_batch_faddfsub_32ns_32ns_32_4_full_dsp_1_ip_u/inst/i_synth/ADDSUB_OP.ADDSUB/DSP.OP/DSP48E1_BODY.NORM_RND/FULL_USAGE_DSP.SHIFT_RND/i_no_versal_es1_workaround.DSP/DSP_PREADD_DATA_INST/B2B1[17]
                         net (fo=1, routed)           0.000     0.073    design_1_i/ekf_batch_0/inst/faddfsub_32ns_32ns_32_4_full_dsp_1_U1485/ekf_batch_faddfsub_32ns_32ns_32_4_full_dsp_1_ip_u/inst/i_synth/ADDSUB_OP.ADDSUB/DSP.OP/DSP48E1_BODY.NORM_RND/FULL_USAGE_DSP.SHIFT_RND/i_no_versal_es1_workaround.DSP/DSP_PREADD_DATA.B2B1<17>
    DSP48E2_X5Y154       DSP_MULTIPLIER (Prop_DSP_MULTIPLIER_DSP48E2_B2B1[17]_V[18])
                                                      0.609     0.682 f  design_1_i/ekf_batch_0/inst/faddfsub_32ns_32ns_32_4_full_dsp_1_U1485/ekf_batch_faddfsub_32ns_32ns_32_4_full_dsp_1_ip_u/inst/i_synth/ADDSUB_OP.ADDSUB/DSP.OP/DSP48E1_BODY.NORM_RND/FULL_USAGE_DSP.SHIFT_RND/i_no_versal_es1_workaround.DSP/DSP_MULTIPLIER_INST/V[18]
                         net (fo=1, routed)           0.000     0.682    design_1_i/ekf_batch_0/inst/faddfsub_32ns_32ns_32_4_full_dsp_1_U1485/ekf_batch_faddfsub_32ns_32ns_32_4_full_dsp_1_ip_u/inst/i_synth/ADDSUB_OP.ADDSUB/DSP.OP/DSP48E1_BODY.NORM_RND/FULL_USAGE_DSP.SHIFT_RND/i_no_versal_es1_workaround.DSP/DSP_MULTIPLIER.V<18>
    DSP48E2_X5Y154       DSP_M_DATA (Prop_DSP_M_DATA_DSP48E2_V[18]_V_DATA[18])
                                                      0.046     0.728 r  design_1_i/ekf_batch_0/inst/faddfsub_32ns_32ns_32_4_full_dsp_1_U1485/ekf_batch_faddfsub_32ns_32ns_32_4_full_dsp_1_ip_u/inst/i_synth/ADDSUB_OP.ADDSUB/DSP.OP/DSP48E1_BODY.NORM_RND/FULL_USAGE_DSP.SHIFT_RND/i_no_versal_es1_workaround.DSP/DSP_M_DATA_INST/V_DATA[18]
                         net (fo=1, routed)           0.000     0.728    design_1_i/ekf_batch_0/inst/faddfsub_32ns_32ns_32_4_full_dsp_1_U1485/ekf_batch_faddfsub_32ns_32ns_32_4_full_dsp_1_ip_u/inst/i_synth/ADDSUB_OP.ADDSUB/DSP.OP/DSP48E1_BODY.NORM_RND/FULL_USAGE_DSP.SHIFT_RND/i_no_versal_es1_workaround.DSP/DSP_M_DATA.V_DATA<18>
    DSP48E2_X5Y154       DSP_ALU (Prop_DSP_ALU_DSP48E2_V_DATA[18]_ALU_OUT[18])
                                                      0.571     1.299 f  design_1_i/ekf_batch_0/inst/faddfsub_32ns_32ns_32_4_full_dsp_1_U1485/ekf_batch_faddfsub_32ns_32ns_32_4_full_dsp_1_ip_u/inst/i_synth/ADDSUB_OP.ADDSUB/DSP.OP/DSP48E1_BODY.NORM_RND/FULL_USAGE_DSP.SHIFT_RND/i_no_versal_es1_workaround.DSP/DSP_ALU_INST/ALU_OUT[18]
                         net (fo=1, routed)           0.000     1.299    design_1_i/ekf_batch_0/inst/faddfsub_32ns_32ns_32_4_full_dsp_1_U1485/ekf_batch_faddfsub_32ns_32ns_32_4_full_dsp_1_ip_u/inst/i_synth/ADDSUB_OP.ADDSUB/DSP.OP/DSP48E1_BODY.NORM_RND/FULL_USAGE_DSP.SHIFT_RND/i_no_versal_es1_workaround.DSP/DSP_ALU.ALU_OUT<18>
    DSP48E2_X5Y154       DSP_OUTPUT (Prop_DSP_OUTPUT_DSP48E2_ALU_OUT[18]_P[18])
                                                      0.109     1.408 r  design_1_i/ekf_batch_0/inst/faddfsub_32ns_32ns_32_4_full_dsp_1_U1485/ekf_batch_faddfsub_32ns_32ns_32_4_full_dsp_1_ip_u/inst/i_synth/ADDSUB_OP.ADDSUB/DSP.OP/DSP48E1_BODY.NORM_RND/FULL_USAGE_DSP.SHIFT_RND/i_no_versal_es1_workaround.DSP/DSP_OUTPUT_INST/P[18]
                         net (fo=1, routed)           0.314     1.722    design_1_i/ekf_batch_0/inst/faddfsub_32ns_32ns_32_4_full_dsp_1_U1485/ekf_batch_faddfsub_32ns_32ns_32_4_full_dsp_1_ip_u/inst/i_synth/ADDSUB_OP.ADDSUB/DSP.OP/DSP48E1_BODY.NORM_RND/FULL_USAGE_DSP.SHIFT_RND/round_mant[16]
    SLICE_X28Y385        LUT3 (Prop_C5LUT_SLICEM_I0_O)
                                                      0.099     1.821 r  design_1_i/ekf_batch_0/inst/faddfsub_32ns_32ns_32_4_full_dsp_1_U1485/ekf_batch_faddfsub_32ns_32ns_32_4_full_dsp_1_ip_u/inst/i_synth/ADDSUB_OP.ADDSUB/DSP.OP/DSP48E1_BODY.NORM_RND/FULL_USAGE_DSP.SHIFT_RND/mant_op_inferred_i_7/O
                         net (fo=162, routed)         1.861     3.682    design_1_i/ekf_batch_0/inst/grp_ekf_batch_Pipeline_VITIS_LOOP_117_8_fu_12177/flow_control_loop_pipe_sequential_init_U/P_72_fu_410_reg[31]_0[16]
    SLICE_X13Y300        LUT4 (Prop_F6LUT_SLICEM_I3_O)
                                                      0.148     3.830 r  design_1_i/ekf_batch_0/inst/grp_ekf_batch_Pipeline_VITIS_LOOP_117_8_fu_12177/flow_control_loop_pipe_sequential_init_U/P_60_fu_362[16]_i_1/O
                         net (fo=1, routed)           0.067     3.897    design_1_i/ekf_batch_0/inst/grp_ekf_batch_Pipeline_VITIS_LOOP_117_8_fu_12177/flow_control_loop_pipe_sequential_init_U_n_371
    SLICE_X13Y300        FDRE                                         r  design_1_i/ekf_batch_0/inst/grp_ekf_batch_Pipeline_VITIS_LOOP_117_8_fu_12177/P_60_fu_362_reg[16]/D
  -------------------------------------------------------------------    -------------------

                         (clock clk_pl_0 rise edge)
                                                      0.000     0.000 r  
    PS8_X0Y0             PS8                          0.000     0.000 r  design_1_i/zynq_ultra_ps_e_0/inst/PS8_i/PLCLK[0]
                         net (fo=1, routed)           0.105     0.105    design_1_i/zynq_ultra_ps_e_0/inst/pl_clk_unbuffered[0]
    BUFG_PS_X0Y58        BUFG_PS (Prop_BUFG_PS_I_O)
                                                      0.025     0.130 r  design_1_i/zynq_ultra_ps_e_0/inst/buffer_pl_clk_0.PL_CLK_0_BUFG/O
    X1Y3 (CLOCK_ROOT)    net (fo=41467, routed)       1.760     1.890    design_1_i/ekf_batch_0/inst/grp_ekf_batch_Pipeline_VITIS_LOOP_117_8_fu_12177/ap_clk
    SLICE_X13Y300        FDRE                                         r  design_1_i/ekf_batch_0/inst/grp_ekf_batch_Pipeline_VITIS_LOOP_117_8_fu_12177/P_60_fu_362_reg[16]/C

Slack:                    inf
  Source:                 design_1_i/ekf_batch_0/inst/faddfsub_32ns_32ns_32_4_full_dsp_1_U1485/ekf_batch_faddfsub_32ns_32ns_32_4_full_dsp_1_ip_u/inst/i_synth/ADDSUB_OP.ADDSUB/DSP.OP/DSP48E1_BODY.NORM_RND/FULL_USAGE_DSP.SHIFT_RND/i_no_versal_es1_workaround.DSP/DSP_A_B_DATA_INST/B2_DATA[17]
                            (internal pin)
  Destination:            design_1_i/ekf_batch_0/inst/grp_ekf_batch_Pipeline_VITIS_LOOP_117_8_fu_12177/P_49_fu_318_reg[15]/D
                            (rising edge-triggered cell FDRE clocked by clk_pl_0  {rise@0.000ns fall@5.000ns period=10.000ns})
  Path Group:             (none)
  Path Type:              Setup (Max at Slow Process Corner)
  Data Path Delay:        3.888ns  (logic 1.595ns (41.024%)  route 2.293ns (58.976%))
  Logic Levels:           7  (DSP_ALU=1 DSP_M_DATA=1 DSP_MULTIPLIER=1 DSP_OUTPUT=1 DSP_PREADD_DATA=1 LUT3=1 LUT4=1)
  Clock Uncertainty:      0.127ns  ((TSJ^2 + DJ^2)^1/2) / 2 + PE
    Total System Jitter     (TSJ):    0.050ns
    Discrete Jitter          (DJ):    0.250ns
    Phase Error              (PE):    0.000ns
  Clock Net Delay (Destination): 1.748ns (routing 0.363ns, distribution 1.385ns)

    Location             Delay type                Incr(ns)  Path(ns)    Netlist Resource(s)
  -------------------------------------------------------------------    -------------------
    DSP48E2_X5Y154       DSP_A_B_DATA                 0.000     0.000 r  design_1_i/ekf_batch_0/inst/faddfsub_32ns_32ns_32_4_full_dsp_1_U1485/ekf_batch_faddfsub_32ns_32ns_32_4_full_dsp_1_ip_u/inst/i_synth/ADDSUB_OP.ADDSUB/DSP.OP/DSP48E1_BODY.NORM_RND/FULL_USAGE_DSP.SHIFT_RND/i_no_versal_es1_workaround.DSP/DSP_A_B_DATA_INST/B2_DATA[17]
                         net (fo=1, routed)           0.000     0.000    design_1_i/ekf_batch_0/inst/faddfsub_32ns_32ns_32_4_full_dsp_1_U1485/ekf_batch_faddfsub_32ns_32ns_32_4_full_dsp_1_ip_u/inst/i_synth/ADDSUB_OP.ADDSUB/DSP.OP/DSP48E1_BODY.NORM_RND/FULL_USAGE_DSP.SHIFT_RND/i_no_versal_es1_workaround.DSP/DSP_A_B_DATA.B2_DATA<17>
    DSP48E2_X5Y154       DSP_PREADD_DATA (Prop_DSP_PREADD_DATA_DSP48E2_B2_DATA[17]_B2B1[17])
                                                      0.073     0.073 r  design_1_i/ekf_batch_0/inst/faddfsub_32ns_32ns_32_4_full_dsp_1_U1485/ekf_batch_faddfsub_32ns_32ns_32_4_full_dsp_1_ip_u/inst/i_synth/ADDSUB_OP.ADDSUB/DSP.OP/DSP48E1_BODY.NORM_RND/FULL_USAGE_DSP.SHIFT_RND/i_no_versal_es1_workaround.DSP/DSP_PREADD_DATA_INST/B2B1[17]
                         net (fo=1, routed)           0.000     0.073    design_1_i/ekf_batch_0/inst/faddfsub_32ns_32ns_32_4_full_dsp_1_U1485/ekf_batch_faddfsub_32ns_32ns_32_4_full_dsp_1_ip_u/inst/i_synth/ADDSUB_OP.ADDSUB/DSP.OP/DSP48E1_BODY.NORM_RND/FULL_USAGE_DSP.SHIFT_RND/i_no_versal_es1_workaround.DSP/DSP_PREADD_DATA.B2B1<17>
    DSP48E2_X5Y154       DSP_MULTIPLIER (Prop_DSP_MULTIPLIER_DSP48E2_B2B1[17]_V[17])
                                                      0.609     0.682 f  design_1_i/ekf_batch_0/inst/faddfsub_32ns_32ns_32_4_full_dsp_1_U1485/ekf_batch_faddfsub_32ns_32ns_32_4_full_dsp_1_ip_u/inst/i_synth/ADDSUB_OP.ADDSUB/DSP.OP/DSP48E1_BODY.NORM_RND/FULL_USAGE_DSP.SHIFT_RND/i_no_versal_es1_workaround.DSP/DSP_MULTIPLIER_INST/V[17]
                         net (fo=1, routed)           0.000     0.682    design_1_i/ekf_batch_0/inst/faddfsub_32ns_32ns_32_4_full_dsp_1_U1485/ekf_batch_faddfsub_32ns_32ns_32_4_full_dsp_1_ip_u/inst/i_synth/ADDSUB_OP.ADDSUB/DSP.OP/DSP48E1_BODY.NORM_RND/FULL_USAGE_DSP.SHIFT_RND/i_no_versal_es1_workaround.DSP/DSP_MULTIPLIER.V<17>
    DSP48E2_X5Y154       DSP_M_DATA (Prop_DSP_M_DATA_DSP48E2_V[17]_V_DATA[17])
                                                      0.046     0.728 r  design_1_i/ekf_batch_0/inst/faddfsub_32ns_32ns_32_4_full_dsp_1_U1485/ekf_batch_faddfsub_32ns_32ns_32_4_full_dsp_1_ip_u/inst/i_synth/ADDSUB_OP.ADDSUB/DSP.OP/DSP48E1_BODY.NORM_RND/FULL_USAGE_DSP.SHIFT_RND/i_no_versal_es1_workaround.DSP/DSP_M_DATA_INST/V_DATA[17]
                         net (fo=1, routed)           0.000     0.728    design_1_i/ekf_batch_0/inst/faddfsub_32ns_32ns_32_4_full_dsp_1_U1485/ekf_batch_faddfsub_32ns_32ns_32_4_full_dsp_1_ip_u/inst/i_synth/ADDSUB_OP.ADDSUB/DSP.OP/DSP48E1_BODY.NORM_RND/FULL_USAGE_DSP.SHIFT_RND/i_no_versal_es1_workaround.DSP/DSP_M_DATA.V_DATA<17>
    DSP48E2_X5Y154       DSP_ALU (Prop_DSP_ALU_DSP48E2_V_DATA[17]_ALU_OUT[17])
                                                      0.571     1.299 f  design_1_i/ekf_batch_0/inst/faddfsub_32ns_32ns_32_4_full_dsp_1_U1485/ekf_batch_faddfsub_32ns_32ns_32_4_full_dsp_1_ip_u/inst/i_synth/ADDSUB_OP.ADDSUB/DSP.OP/DSP48E1_BODY.NORM_RND/FULL_USAGE_DSP.SHIFT_RND/i_no_versal_es1_workaround.DSP/DSP_ALU_INST/ALU_OUT[17]
                         net (fo=1, routed)           0.000     1.299    design_1_i/ekf_batch_0/inst/faddfsub_32ns_32ns_32_4_full_dsp_1_U1485/ekf_batch_faddfsub_32ns_32ns_32_4_full_dsp_1_ip_u/inst/i_synth/ADDSUB_OP.ADDSUB/DSP.OP/DSP48E1_BODY.NORM_RND/FULL_USAGE_DSP.SHIFT_RND/i_no_versal_es1_workaround.DSP/DSP_ALU.ALU_OUT<17>
    DSP48E2_X5Y154       DSP_OUTPUT (Prop_DSP_OUTPUT_DSP48E2_ALU_OUT[17]_P[17])
                                                      0.109     1.408 r  design_1_i/ekf_batch_0/inst/faddfsub_32ns_32ns_32_4_full_dsp_1_U1485/ekf_batch_faddfsub_32ns_32ns_32_4_full_dsp_1_ip_u/inst/i_synth/ADDSUB_OP.ADDSUB/DSP.OP/DSP48E1_BODY.NORM_RND/FULL_USAGE_DSP.SHIFT_RND/i_no_versal_es1_workaround.DSP/DSP_OUTPUT_INST/P[17]
                         net (fo=1, routed)           0.210     1.618    design_1_i/ekf_batch_0/inst/faddfsub_32ns_32ns_32_4_full_dsp_1_U1485/ekf_batch_faddfsub_32ns_32ns_32_4_full_dsp_1_ip_u/inst/i_synth/ADDSUB_OP.ADDSUB/DSP.OP/DSP48E1_BODY.NORM_RND/FULL_USAGE_DSP.SHIFT_RND/round_mant[15]
    SLICE_X29Y387        LUT3 (Prop_H6LUT_SLICEM_I0_O)
                                                      0.090     1.708 r  design_1_i/ekf_batch_0/inst/faddfsub_32ns_32ns_32_4_full_dsp_1_U1485/ekf_batch_faddfsub_32ns_32ns_32_4_full_dsp_1_ip_u/inst/i_synth/ADDSUB_OP.ADDSUB/DSP.OP/DSP48E1_BODY.NORM_RND/FULL_USAGE_DSP.SHIFT_RND/mant_op_inferred_i_8/O
                         net (fo=162, routed)         2.035     3.743    design_1_i/ekf_batch_0/inst/grp_ekf_batch_Pipeline_VITIS_LOOP_117_8_fu_12177/flow_control_loop_pipe_sequential_init_U/P_72_fu_410_reg[31]_0[15]
    SLICE_X12Y299        LUT4 (Prop_G6LUT_SLICEL_I3_O)
                                                      0.097     3.840 r  design_1_i/ekf_batch_0/inst/grp_ekf_batch_Pipeline_VITIS_LOOP_117_8_fu_12177/flow_control_loop_pipe_sequential_init_U/P_49_fu_318[15]_i_1/O
                         net (fo=1, routed)           0.048     3.888    design_1_i/ekf_batch_0/inst/grp_ekf_batch_Pipeline_VITIS_LOOP_117_8_fu_12177/flow_control_loop_pipe_sequential_init_U_n_660
    SLICE_X12Y299        FDRE                                         r  design_1_i/ekf_batch_0/inst/grp_ekf_batch_Pipeline_VITIS_LOOP_117_8_fu_12177/P_49_fu_318_reg[15]/D
  -------------------------------------------------------------------    -------------------

                         (clock clk_pl_0 rise edge)
                                                      0.000     0.000 r  
    PS8_X0Y0             PS8                          0.000     0.000 r  design_1_i/zynq_ultra_ps_e_0/inst/PS8_i/PLCLK[0]
                         net (fo=1, routed)           0.105     0.105    design_1_i/zynq_ultra_ps_e_0/inst/pl_clk_unbuffered[0]
    BUFG_PS_X0Y58        BUFG_PS (Prop_BUFG_PS_I_O)
                                                      0.025     0.130 r  design_1_i/zynq_ultra_ps_e_0/inst/buffer_pl_clk_0.PL_CLK_0_BUFG/O
    X1Y3 (CLOCK_ROOT)    net (fo=41467, routed)       1.748     1.878    design_1_i/ekf_batch_0/inst/grp_ekf_batch_Pipeline_VITIS_LOOP_117_8_fu_12177/ap_clk
    SLICE_X12Y299        FDRE                                         r  design_1_i/ekf_batch_0/inst/grp_ekf_batch_Pipeline_VITIS_LOOP_117_8_fu_12177/P_49_fu_318_reg[15]/C

Slack:                    inf
  Source:                 design_1_i/ekf_batch_0/inst/faddfsub_32ns_32ns_32_4_full_dsp_1_U1485/ekf_batch_faddfsub_32ns_32ns_32_4_full_dsp_1_ip_u/inst/i_synth/ADDSUB_OP.ADDSUB/DSP.OP/DSP48E1_BODY.NORM_RND/FULL_USAGE_DSP.SHIFT_RND/i_no_versal_es1_workaround.DSP/DSP_A_B_DATA_INST/B2_DATA[17]
                            (internal pin)
  Destination:            design_1_i/ekf_batch_0/inst/grp_ekf_batch_Pipeline_VITIS_LOOP_17_1_VITIS_LOOP_18_22_fu_11841/acc_59_fu_296_reg[22]/D
                            (rising edge-triggered cell FDRE clocked by clk_pl_0  {rise@0.000ns fall@5.000ns period=10.000ns})
  Path Group:             (none)
  Path Type:              Setup (Max at Slow Process Corner)
  Data Path Delay:        3.881ns  (logic 1.505ns (38.775%)  route 2.376ns (61.225%))
  Logic Levels:           6  (DSP_ALU=1 DSP_M_DATA=1 DSP_MULTIPLIER=1 DSP_OUTPUT=1 DSP_PREADD_DATA=1 LUT3=1)
  Clock Uncertainty:      0.127ns  ((TSJ^2 + DJ^2)^1/2) / 2 + PE
    Total System Jitter     (TSJ):    0.050ns
    Discrete Jitter          (DJ):    0.250ns
    Phase Error              (PE):    0.000ns
  Clock Net Delay (Destination): 1.771ns (routing 0.363ns, distribution 1.408ns)

    Location             Delay type                Incr(ns)  Path(ns)    Netlist Resource(s)
  -------------------------------------------------------------------    -------------------
    DSP48E2_X5Y154       DSP_A_B_DATA                 0.000     0.000 r  design_1_i/ekf_batch_0/inst/faddfsub_32ns_32ns_32_4_full_dsp_1_U1485/ekf_batch_faddfsub_32ns_32ns_32_4_full_dsp_1_ip_u/inst/i_synth/ADDSUB_OP.ADDSUB/DSP.OP/DSP48E1_BODY.NORM_RND/FULL_USAGE_DSP.SHIFT_RND/i_no_versal_es1_workaround.DSP/DSP_A_B_DATA_INST/B2_DATA[17]
                         net (fo=1, routed)           0.000     0.000    design_1_i/ekf_batch_0/inst/faddfsub_32ns_32ns_32_4_full_dsp_1_U1485/ekf_batch_faddfsub_32ns_32ns_32_4_full_dsp_1_ip_u/inst/i_synth/ADDSUB_OP.ADDSUB/DSP.OP/DSP48E1_BODY.NORM_RND/FULL_USAGE_DSP.SHIFT_RND/i_no_versal_es1_workaround.DSP/DSP_A_B_DATA.B2_DATA<17>
    DSP48E2_X5Y154       DSP_PREADD_DATA (Prop_DSP_PREADD_DATA_DSP48E2_B2_DATA[17]_B2B1[17])
                                                      0.073     0.073 r  design_1_i/ekf_batch_0/inst/faddfsub_32ns_32ns_32_4_full_dsp_1_U1485/ekf_batch_faddfsub_32ns_32ns_32_4_full_dsp_1_ip_u/inst/i_synth/ADDSUB_OP.ADDSUB/DSP.OP/DSP48E1_BODY.NORM_RND/FULL_USAGE_DSP.SHIFT_RND/i_no_versal_es1_workaround.DSP/DSP_PREADD_DATA_INST/B2B1[17]
                         net (fo=1, routed)           0.000     0.073    design_1_i/ekf_batch_0/inst/faddfsub_32ns_32ns_32_4_full_dsp_1_U1485/ekf_batch_faddfsub_32ns_32ns_32_4_full_dsp_1_ip_u/inst/i_synth/ADDSUB_OP.ADDSUB/DSP.OP/DSP48E1_BODY.NORM_RND/FULL_USAGE_DSP.SHIFT_RND/i_no_versal_es1_workaround.DSP/DSP_PREADD_DATA.B2B1<17>
    DSP48E2_X5Y154       DSP_MULTIPLIER (Prop_DSP_MULTIPLIER_DSP48E2_B2B1[17]_V[24])
                                                      0.609     0.682 f  design_1_i/ekf_batch_0/inst/faddfsub_32ns_32ns_32_4_full_dsp_1_U1485/ekf_batch_faddfsub_32ns_32ns_32_4_full_dsp_1_ip_u/inst/i_synth/ADDSUB_OP.ADDSUB/DSP.OP/DSP48E1_BODY.NORM_RND/FULL_USAGE_DSP.SHIFT_RND/i_no_versal_es1_workaround.DSP/DSP_MULTIPLIER_INST/V[24]
                         net (fo=1, routed)           0.000     0.682    design_1_i/ekf_batch_0/inst/faddfsub_32ns_32ns_32_4_full_dsp_1_U1485/ekf_batch_faddfsub_32ns_32ns_32_4_full_dsp_1_ip_u/inst/i_synth/ADDSUB_OP.ADDSUB/DSP.OP/DSP48E1_BODY.NORM_RND/FULL_USAGE_DSP.SHIFT_RND/i_no_versal_es1_workaround.DSP/DSP_MULTIPLIER.V<24>
    DSP48E2_X5Y154       DSP_M_DATA (Prop_DSP_M_DATA_DSP48E2_V[24]_V_DATA[24])
                                                      0.046     0.728 r  design_1_i/ekf_batch_0/inst/faddfsub_32ns_32ns_32_4_full_dsp_1_U1485/ekf_batch_faddfsub_32ns_32ns_32_4_full_dsp_1_ip_u/inst/i_synth/ADDSUB_OP.ADDSUB/DSP.OP/DSP48E1_BODY.NORM_RND/FULL_USAGE_DSP.SHIFT_RND/i_no_versal_es1_workaround.DSP/DSP_M_DATA_INST/V_DATA[24]
                         net (fo=1, routed)           0.000     0.728    design_1_i/ekf_batch_0/inst/faddfsub_32ns_32ns_32_4_full_dsp_1_U1485/ekf_batch_faddfsub_32ns_32ns_32_4_full_dsp_1_ip_u/inst/i_synth/ADDSUB_OP.ADDSUB/DSP.OP/DSP48E1_BODY.NORM_RND/FULL_USAGE_DSP.SHIFT_RND/i_no_versal_es1_workaround.DSP/DSP_M_DATA.V_DATA<24>
    DSP48E2_X5Y154       DSP_ALU (Prop_DSP_ALU_DSP48E2_V_DATA[24]_ALU_OUT[24])
                                                      0.571     1.299 f  design_1_i/ekf_batch_0/inst/faddfsub_32ns_32ns_32_4_full_dsp_1_U1485/ekf_batch_faddfsub_32ns_32ns_32_4_full_dsp_1_ip_u/inst/i_synth/ADDSUB_OP.ADDSUB/DSP.OP/DSP48E1_BODY.NORM_RND/FULL_USAGE_DSP.SHIFT_RND/i_no_versal_es1_workaround.DSP/DSP_ALU_INST/ALU_OUT[24]
                         net (fo=1, routed)           0.000     1.299    design_1_i/ekf_batch_0/inst/faddfsub_32ns_32ns_32_4_full_dsp_1_U1485/ekf_batch_faddfsub_32ns_32ns_32_4_full_dsp_1_ip_u/inst/i_synth/ADDSUB_OP.ADDSUB/DSP.OP/DSP48E1_BODY.NORM_RND/FULL_USAGE_DSP.SHIFT_RND/i_no_versal_es1_workaround.DSP/DSP_ALU.ALU_OUT<24>
    DSP48E2_X5Y154       DSP_OUTPUT (Prop_DSP_OUTPUT_DSP48E2_ALU_OUT[24]_P[24])
                                                      0.109     1.408 r  design_1_i/ekf_batch_0/inst/faddfsub_32ns_32ns_32_4_full_dsp_1_U1485/ekf_batch_faddfsub_32ns_32ns_32_4_full_dsp_1_ip_u/inst/i_synth/ADDSUB_OP.ADDSUB/DSP.OP/DSP48E1_BODY.NORM_RND/FULL_USAGE_DSP.SHIFT_RND/i_no_versal_es1_workaround.DSP/DSP_OUTPUT_INST/P[24]
                         net (fo=1, routed)           0.321     1.729    design_1_i/ekf_batch_0/inst/faddfsub_32ns_32ns_32_4_full_dsp_1_U1485/ekf_batch_faddfsub_32ns_32ns_32_4_full_dsp_1_ip_u/inst/i_synth/ADDSUB_OP.ADDSUB/DSP.OP/DSP48E1_BODY.NORM_RND/FULL_USAGE_DSP.LOD/LEAD16_DELAY/i_pipe/P[0]
    SLICE_X29Y386        LUT3 (Prop_D5LUT_SLICEM_I2_O)
                                                      0.097     1.826 r  design_1_i/ekf_batch_0/inst/faddfsub_32ns_32ns_32_4_full_dsp_1_U1485/ekf_batch_faddfsub_32ns_32ns_32_4_full_dsp_1_ip_u/inst/i_synth/ADDSUB_OP.ADDSUB/DSP.OP/DSP48E1_BODY.NORM_RND/FULL_USAGE_DSP.LOD/LEAD16_DELAY/i_pipe/mant_op_inferred_i_1/O
                         net (fo=162, routed)         2.055     3.881    design_1_i/ekf_batch_0/inst/grp_ekf_batch_Pipeline_VITIS_LOOP_17_1_VITIS_LOOP_18_22_fu_11841/m_axis_result_tdata[22]
    SLICE_X8Y353         FDRE                                         r  design_1_i/ekf_batch_0/inst/grp_ekf_batch_Pipeline_VITIS_LOOP_17_1_VITIS_LOOP_18_22_fu_11841/acc_59_fu_296_reg[22]/D
  -------------------------------------------------------------------    -------------------

                         (clock clk_pl_0 rise edge)
                                                      0.000     0.000 r  
    PS8_X0Y0             PS8                          0.000     0.000 r  design_1_i/zynq_ultra_ps_e_0/inst/PS8_i/PLCLK[0]
                         net (fo=1, routed)           0.105     0.105    design_1_i/zynq_ultra_ps_e_0/inst/pl_clk_unbuffered[0]
    BUFG_PS_X0Y58        BUFG_PS (Prop_BUFG_PS_I_O)
                                                      0.025     0.130 r  design_1_i/zynq_ultra_ps_e_0/inst/buffer_pl_clk_0.PL_CLK_0_BUFG/O
    X1Y3 (CLOCK_ROOT)    net (fo=41467, routed)       1.771     1.901    design_1_i/ekf_batch_0/inst/grp_ekf_batch_Pipeline_VITIS_LOOP_17_1_VITIS_LOOP_18_22_fu_11841/ap_clk
    SLICE_X8Y353         FDRE                                         r  design_1_i/ekf_batch_0/inst/grp_ekf_batch_Pipeline_VITIS_LOOP_17_1_VITIS_LOOP_18_22_fu_11841/acc_59_fu_296_reg[22]/C





Min Delay Paths
--------------------------------------------------------------------------------------
Slack:                    inf
  Source:                 design_1_i/ekf_batch_0/inst/faddfsub_32ns_32ns_32_4_full_dsp_1_U1482/ekf_batch_faddfsub_32ns_32ns_32_4_full_dsp_1_ip_u/inst/i_synth/ADDSUB_OP.ADDSUB/DSP.OP/DSP48E1_BODY.ALIGN_ADD/DSP2/i_no_versal_es1_workaround.DSP/DSP_C_DATA_INST/C_DATA[14]
                            (internal pin)
  Destination:            design_1_i/ekf_batch_0/inst/faddfsub_32ns_32ns_32_4_full_dsp_1_U1482/ekf_batch_faddfsub_32ns_32ns_32_4_full_dsp_1_ip_u/inst/i_synth/ADDSUB_OP.ADDSUB/DSP.OP/DSP48E1_BODY.NORM_RND/FULL_USAGE_DSP.mod_lod_delay/i_pipe/opt_has_pipe.first_q_reg[2]/D
                            (rising edge-triggered cell FDRE clocked by clk_pl_0  {rise@0.000ns fall@5.000ns period=10.000ns})
  Path Group:             (none)
  Path Type:              Hold (Min at Fast Process Corner)
  Data Path Delay:        0.207ns  (logic 0.132ns (63.691%)  route 0.075ns (36.309%))
  Logic Levels:           2  (DSP_ALU=1 DSP_OUTPUT=1)
  Clock Uncertainty:      0.127ns  ((TSJ^2 + DJ^2)^1/2) / 2 + PE
    Total System Jitter     (TSJ):    0.050ns
    Discrete Jitter          (DJ):    0.250ns
    Phase Error              (PE):    0.000ns
  Clock Net Delay (Destination): 1.239ns (routing 0.250ns, distribution 0.989ns)

    Location             Delay type                Incr(ns)  Path(ns)    Netlist Resource(s)
  -------------------------------------------------------------------    -------------------
    DSP48E2_X1Y149       DSP_C_DATA                   0.000     0.000 r  design_1_i/ekf_batch_0/inst/faddfsub_32ns_32ns_32_4_full_dsp_1_U1482/ekf_batch_faddfsub_32ns_32ns_32_4_full_dsp_1_ip_u/inst/i_synth/ADDSUB_OP.ADDSUB/DSP.OP/DSP48E1_BODY.ALIGN_ADD/DSP2/i_no_versal_es1_workaround.DSP/DSP_C_DATA_INST/C_DATA[14]
                         net (fo=2, routed)           0.000     0.000    design_1_i/ekf_batch_0/inst/faddfsub_32ns_32ns_32_4_full_dsp_1_U1482/ekf_batch_faddfsub_32ns_32ns_32_4_full_dsp_1_ip_u/inst/i_synth/ADDSUB_OP.ADDSUB/DSP.OP/DSP48E1_BODY.ALIGN_ADD/DSP2/i_no_versal_es1_workaround.DSP/DSP_C_DATA.C_DATA<14>
    DSP48E2_X1Y149       DSP_ALU (Prop_DSP_ALU_DSP48E2_C_DATA[14]_ALU_OUT[15])
                                                      0.102     0.102 f  design_1_i/ekf_batch_0/inst/faddfsub_32ns_32ns_32_4_full_dsp_1_U1482/ekf_batch_faddfsub_32ns_32ns_32_4_full_dsp_1_ip_u/inst/i_synth/ADDSUB_OP.ADDSUB/DSP.OP/DSP48E1_BODY.ALIGN_ADD/DSP2/i_no_versal_es1_workaround.DSP/DSP_ALU_INST/ALU_OUT[15]
                         net (fo=1, routed)           0.000     0.102    design_1_i/ekf_batch_0/inst/faddfsub_32ns_32ns_32_4_full_dsp_1_U1482/ekf_batch_faddfsub_32ns_32ns_32_4_full_dsp_1_ip_u/inst/i_synth/ADDSUB_OP.ADDSUB/DSP.OP/DSP48E1_BODY.ALIGN_ADD/DSP2/i_no_versal_es1_workaround.DSP/DSP_ALU.ALU_OUT<15>
    DSP48E2_X1Y149       DSP_OUTPUT (Prop_DSP_OUTPUT_DSP48E2_ALU_OUT[15]_P[15])
                                                      0.030     0.132 r  design_1_i/ekf_batch_0/inst/faddfsub_32ns_32ns_32_4_full_dsp_1_U1482/ekf_batch_faddfsub_32ns_32ns_32_4_full_dsp_1_ip_u/inst/i_synth/ADDSUB_OP.ADDSUB/DSP.OP/DSP48E1_BODY.ALIGN_ADD/DSP2/i_no_versal_es1_workaround.DSP/DSP_OUTPUT_INST/P[15]
                         net (fo=4, routed)           0.075     0.207    design_1_i/ekf_batch_0/inst/faddfsub_32ns_32ns_32_4_full_dsp_1_U1482/ekf_batch_faddfsub_32ns_32ns_32_4_full_dsp_1_ip_u/inst/i_synth/ADDSUB_OP.ADDSUB/DSP.OP/DSP48E1_BODY.NORM_RND/FULL_USAGE_DSP.mod_lod_delay/i_pipe/P[2]
    SLICE_X9Y371         FDRE                                         r  design_1_i/ekf_batch_0/inst/faddfsub_32ns_32ns_32_4_full_dsp_1_U1482/ekf_batch_faddfsub_32ns_32ns_32_4_full_dsp_1_ip_u/inst/i_synth/ADDSUB_OP.ADDSUB/DSP.OP/DSP48E1_BODY.NORM_RND/FULL_USAGE_DSP.mod_lod_delay/i_pipe/opt_has_pipe.first_q_reg[2]/D
  -------------------------------------------------------------------    -------------------

                         (clock clk_pl_0 rise edge)
                                                      0.000     0.000 r  
    PS8_X0Y0             PS8                          0.000     0.000 r  design_1_i/zynq_ultra_ps_e_0/inst/PS8_i/PLCLK[0]
                         net (fo=1, routed)           0.098     0.098    design_1_i/zynq_ultra_ps_e_0/inst/pl_clk_unbuffered[0]
    BUFG_PS_X0Y58        BUFG_PS (Prop_BUFG_PS_I_O)
                                                      0.018     0.116 r  design_1_i/zynq_ultra_ps_e_0/inst/buffer_pl_clk_0.PL_CLK_0_BUFG/O
    X1Y3 (CLOCK_ROOT)    net (fo=41467, routed)       1.239     1.355    design_1_i/ekf_batch_0/inst/faddfsub_32ns_32ns_32_4_full_dsp_1_U1482/ekf_batch_faddfsub_32ns_32ns_32_4_full_dsp_1_ip_u/inst/i_synth/ADDSUB_OP.ADDSUB/DSP.OP/DSP48E1_BODY.NORM_RND/FULL_USAGE_DSP.mod_lod_delay/i_pipe/aclk
    SLICE_X9Y371         FDRE                                         r  design_1_i/ekf_batch_0/inst/faddfsub_32ns_32ns_32_4_full_dsp_1_U1482/ekf_batch_faddfsub_32ns_32ns_32_4_full_dsp_1_ip_u/inst/i_synth/ADDSUB_OP.ADDSUB/DSP.OP/DSP48E1_BODY.NORM_RND/FULL_USAGE_DSP.mod_lod_delay/i_pipe/opt_has_pipe.first_q_reg[2]/C

Slack:                    inf
  Source:                 design_1_i/ekf_batch_0/inst/faddfsub_32ns_32ns_32_4_full_dsp_1_U1479/ekf_batch_faddfsub_32ns_32ns_32_4_full_dsp_1_ip_u/inst/i_synth/ADDSUB_OP.ADDSUB/DSP.OP/DSP48E1_BODY.ALIGN_ADD/DSP2/i_no_versal_es1_workaround.DSP/DSP_C_DATA_INST/C_DATA[14]
                            (internal pin)
  Destination:            design_1_i/ekf_batch_0/inst/faddfsub_32ns_32ns_32_4_full_dsp_1_U1479/ekf_batch_faddfsub_32ns_32ns_32_4_full_dsp_1_ip_u/inst/i_synth/ADDSUB_OP.ADDSUB/DSP.OP/DSP48E1_BODY.NORM_RND/FULL_USAGE_DSP.LOD/NORM_DELAY/i_pipe/opt_has_pipe.first_q_reg[9]/D
                            (rising edge-triggered cell FDRE clocked by clk_pl_0  {rise@0.000ns fall@5.000ns period=10.000ns})
  Path Group:             (none)
  Path Type:              Hold (Min at Fast Process Corner)
  Data Path Delay:        0.208ns  (logic 0.132ns (63.592%)  route 0.076ns (36.408%))
  Logic Levels:           2  (DSP_ALU=1 DSP_OUTPUT=1)
  Clock Uncertainty:      0.127ns  ((TSJ^2 + DJ^2)^1/2) / 2 + PE
    Total System Jitter     (TSJ):    0.050ns
    Discrete Jitter          (DJ):    0.250ns
    Phase Error              (PE):    0.000ns
  Clock Net Delay (Destination): 1.185ns (routing 0.250ns, distribution 0.935ns)

    Location             Delay type                Incr(ns)  Path(ns)    Netlist Resource(s)
  -------------------------------------------------------------------    -------------------
    DSP48E2_X5Y156       DSP_C_DATA                   0.000     0.000 r  design_1_i/ekf_batch_0/inst/faddfsub_32ns_32ns_32_4_full_dsp_1_U1479/ekf_batch_faddfsub_32ns_32ns_32_4_full_dsp_1_ip_u/inst/i_synth/ADDSUB_OP.ADDSUB/DSP.OP/DSP48E1_BODY.ALIGN_ADD/DSP2/i_no_versal_es1_workaround.DSP/DSP_C_DATA_INST/C_DATA[14]
                         net (fo=2, routed)           0.000     0.000    design_1_i/ekf_batch_0/inst/faddfsub_32ns_32ns_32_4_full_dsp_1_U1479/ekf_batch_faddfsub_32ns_32ns_32_4_full_dsp_1_ip_u/inst/i_synth/ADDSUB_OP.ADDSUB/DSP.OP/DSP48E1_BODY.ALIGN_ADD/DSP2/i_no_versal_es1_workaround.DSP/DSP_C_DATA.C_DATA<14>
    DSP48E2_X5Y156       DSP_ALU (Prop_DSP_ALU_DSP48E2_C_DATA[14]_ALU_OUT[22])
                                                      0.102     0.102 f  design_1_i/ekf_batch_0/inst/faddfsub_32ns_32ns_32_4_full_dsp_1_U1479/ekf_batch_faddfsub_32ns_32ns_32_4_full_dsp_1_ip_u/inst/i_synth/ADDSUB_OP.ADDSUB/DSP.OP/DSP48E1_BODY.ALIGN_ADD/DSP2/i_no_versal_es1_workaround.DSP/DSP_ALU_INST/ALU_OUT[22]
                         net (fo=1, routed)           0.000     0.102    design_1_i/ekf_batch_0/inst/faddfsub_32ns_32ns_32_4_full_dsp_1_U1479/ekf_batch_faddfsub_32ns_32ns_32_4_full_dsp_1_ip_u/inst/i_synth/ADDSUB_OP.ADDSUB/DSP.OP/DSP48E1_BODY.ALIGN_ADD/DSP2/i_no_versal_es1_workaround.DSP/DSP_ALU.ALU_OUT<22>
    DSP48E2_X5Y156       DSP_OUTPUT (Prop_DSP_OUTPUT_DSP48E2_ALU_OUT[22]_P[22])
                                                      0.030     0.132 r  design_1_i/ekf_batch_0/inst/faddfsub_32ns_32ns_32_4_full_dsp_1_U1479/ekf_batch_faddfsub_32ns_32ns_32_4_full_dsp_1_ip_u/inst/i_synth/ADDSUB_OP.ADDSUB/DSP.OP/DSP48E1_BODY.ALIGN_ADD/DSP2/i_no_versal_es1_workaround.DSP/DSP_OUTPUT_INST/P[22]
                         net (fo=3, routed)           0.076     0.208    design_1_i/ekf_batch_0/inst/faddfsub_32ns_32ns_32_4_full_dsp_1_U1479/ekf_batch_faddfsub_32ns_32ns_32_4_full_dsp_1_ip_u/inst/i_synth/ADDSUB_OP.ADDSUB/DSP.OP/DSP48E1_BODY.NORM_RND/FULL_USAGE_DSP.LOD/NORM_DELAY/i_pipe/opt_has_pipe.first_q_reg[15]_1[8]
    SLICE_X28Y392        FDRE                                         r  design_1_i/ekf_batch_0/inst/faddfsub_32ns_32ns_32_4_full_dsp_1_U1479/ekf_batch_faddfsub_32ns_32ns_32_4_full_dsp_1_ip_u/inst/i_synth/ADDSUB_OP.ADDSUB/DSP.OP/DSP48E1_BODY.NORM_RND/FULL_USAGE_DSP.LOD/NORM_DELAY/i_pipe/opt_has_pipe.first_q_reg[9]/D
  -------------------------------------------------------------------    -------------------

                         (clock clk_pl_0 rise edge)
                                                      0.000     0.000 r  
    PS8_X0Y0             PS8                          0.000     0.000 r  design_1_i/zynq_ultra_ps_e_0/inst/PS8_i/PLCLK[0]
                         net (fo=1, routed)           0.098     0.098    design_1_i/zynq_ultra_ps_e_0/inst/pl_clk_unbuffered[0]
    BUFG_PS_X0Y58        BUFG_PS (Prop_BUFG_PS_I_O)
                                                      0.018     0.116 r  design_1_i/zynq_ultra_ps_e_0/inst/buffer_pl_clk_0.PL_CLK_0_BUFG/O
    X1Y3 (CLOCK_ROOT)    net (fo=41467, routed)       1.185     1.301    design_1_i/ekf_batch_0/inst/faddfsub_32ns_32ns_32_4_full_dsp_1_U1479/ekf_batch_faddfsub_32ns_32ns_32_4_full_dsp_1_ip_u/inst/i_synth/ADDSUB_OP.ADDSUB/DSP.OP/DSP48E1_BODY.NORM_RND/FULL_USAGE_DSP.LOD/NORM_DELAY/i_pipe/aclk
    SLICE_X28Y392        FDRE                                         r  design_1_i/ekf_batch_0/inst/faddfsub_32ns_32ns_32_4_full_dsp_1_U1479/ekf_batch_faddfsub_32ns_32ns_32_4_full_dsp_1_ip_u/inst/i_synth/ADDSUB_OP.ADDSUB/DSP.OP/DSP48E1_BODY.NORM_RND/FULL_USAGE_DSP.LOD/NORM_DELAY/i_pipe/opt_has_pipe.first_q_reg[9]/C

Slack:                    inf
  Source:                 design_1_i/ekf_batch_0/inst/grp_ekf_batch_Pipeline_VITIS_LOOP_58_1_fu_11175/fadd_32ns_32ns_32_4_full_dsp_1_U119/ekf_batch_fadd_32ns_32ns_32_4_full_dsp_1_ip_u/inst/i_synth/ADDSUB_OP.ADDSUB/DSP.OP/DSP48E1_BODY.ALIGN_ADD/DSP2/i_no_versal_es1_workaround.DSP/DSP_C_DATA_INST/C_DATA[14]
                            (internal pin)
  Destination:            design_1_i/ekf_batch_0/inst/grp_ekf_batch_Pipeline_VITIS_LOOP_58_1_fu_11175/fadd_32ns_32ns_32_4_full_dsp_1_U119/ekf_batch_fadd_32ns_32ns_32_4_full_dsp_1_ip_u/inst/i_synth/ADDSUB_OP.ADDSUB/DSP.OP/DSP48E1_BODY.NORM_RND/FULL_USAGE_DSP.LOD/NORM_DELAY/i_pipe/opt_has_pipe.first_q_reg[9]/D
                            (rising edge-triggered cell FDRE clocked by clk_pl_0  {rise@0.000ns fall@5.000ns period=10.000ns})
  Path Group:             (none)
  Path Type:              Hold (Min at Fast Process Corner)
  Data Path Delay:        0.209ns  (logic 0.132ns (63.245%)  route 0.077ns (36.755%))
  Logic Levels:           2  (DSP_ALU=1 DSP_OUTPUT=1)
  Clock Uncertainty:      0.127ns  ((TSJ^2 + DJ^2)^1/2) / 2 + PE
    Total System Jitter     (TSJ):    0.050ns
    Discrete Jitter          (DJ):    0.250ns
    Phase Error              (PE):    0.000ns
  Clock Net Delay (Destination): 1.148ns (routing 0.250ns, distribution 0.898ns)

    Location             Delay type                Incr(ns)  Path(ns)    Netlist Resource(s)
  -------------------------------------------------------------------    -------------------
    DSP48E2_X8Y150       DSP_C_DATA                   0.000     0.000 r  design_1_i/ekf_batch_0/inst/grp_ekf_batch_Pipeline_VITIS_LOOP_58_1_fu_11175/fadd_32ns_32ns_32_4_full_dsp_1_U119/ekf_batch_fadd_32ns_32ns_32_4_full_dsp_1_ip_u/inst/i_synth/ADDSUB_OP.ADDSUB/DSP.OP/DSP48E1_BODY.ALIGN_ADD/DSP2/i_no_versal_es1_workaround.DSP/DSP_C_DATA_INST/C_DATA[14]
                         net (fo=2, routed)           0.000     0.000    design_1_i/ekf_batch_0/inst/grp_ekf_batch_Pipeline_VITIS_LOOP_58_1_fu_11175/fadd_32ns_32ns_32_4_full_dsp_1_U119/ekf_batch_fadd_32ns_32ns_32_4_full_dsp_1_ip_u/inst/i_synth/ADDSUB_OP.ADDSUB/DSP.OP/DSP48E1_BODY.ALIGN_ADD/DSP2/i_no_versal_es1_workaround.DSP/DSP_C_DATA.C_DATA<14>
    DSP48E2_X8Y150       DSP_ALU (Prop_DSP_ALU_DSP48E2_C_DATA[14]_ALU_OUT[22])
                                                      0.102     0.102 f  design_1_i/ekf_batch_0/inst/grp_ekf_batch_Pipeline_VITIS_LOOP_58_1_fu_11175/fadd_32ns_32ns_32_4_full_dsp_1_U119/ekf_batch_fadd_32ns_32ns_32_4_full_dsp_1_ip_u/inst/i_synth/ADDSUB_OP.ADDSUB/DSP.OP/DSP48E1_BODY.ALIGN_ADD/DSP2/i_no_versal_es1_workaround.DSP/DSP_ALU_INST/ALU_OUT[22]
                         net (fo=1, routed)           0.000     0.102    design_1_i/ekf_batch_0/inst/grp_ekf_batch_Pipeline_VITIS_LOOP_58_1_fu_11175/fadd_32ns_32ns_32_4_full_dsp_1_U119/ekf_batch_fadd_32ns_32ns_32_4_full_dsp_1_ip_u/inst/i_synth/ADDSUB_OP.ADDSUB/DSP.OP/DSP48E1_BODY.ALIGN_ADD/DSP2/i_no_versal_es1_workaround.DSP/DSP_ALU.ALU_OUT<22>
    DSP48E2_X8Y150       DSP_OUTPUT (Prop_DSP_OUTPUT_DSP48E2_ALU_OUT[22]_P[22])
                                                      0.030     0.132 r  design_1_i/ekf_batch_0/inst/grp_ekf_batch_Pipeline_VITIS_LOOP_58_1_fu_11175/fadd_32ns_32ns_32_4_full_dsp_1_U119/ekf_batch_fadd_32ns_32ns_32_4_full_dsp_1_ip_u/inst/i_synth/ADDSUB_OP.ADDSUB/DSP.OP/DSP48E1_BODY.ALIGN_ADD/DSP2/i_no_versal_es1_workaround.DSP/DSP_OUTPUT_INST/P[22]
                         net (fo=3, routed)           0.077     0.209    design_1_i/ekf_batch_0/inst/grp_ekf_batch_Pipeline_VITIS_LOOP_58_1_fu_11175/fadd_32ns_32ns_32_4_full_dsp_1_U119/ekf_batch_fadd_32ns_32ns_32_4_full_dsp_1_ip_u/inst/i_synth/ADDSUB_OP.ADDSUB/DSP.OP/DSP48E1_BODY.NORM_RND/FULL_USAGE_DSP.LOD/NORM_DELAY/i_pipe/opt_has_pipe.first_q_reg[15]_1[8]
    SLICE_X43Y377        FDRE                                         r  design_1_i/ekf_batch_0/inst/grp_ekf_batch_Pipeline_VITIS_LOOP_58_1_fu_11175/fadd_32ns_32ns_32_4_full_dsp_1_U119/ekf_batch_fadd_32ns_32ns_32_4_full_dsp_1_ip_u/inst/i_synth/ADDSUB_OP.ADDSUB/DSP.OP/DSP48E1_BODY.NORM_RND/FULL_USAGE_DSP.LOD/NORM_DELAY/i_pipe/opt_has_pipe.first_q_reg[9]/D
  -------------------------------------------------------------------    -------------------

                         (clock clk_pl_0 rise edge)
                                                      0.000     0.000 r  
    PS8_X0Y0             PS8                          0.000     0.000 r  design_1_i/zynq_ultra_ps_e_0/inst/PS8_i/PLCLK[0]
                         net (fo=1, routed)           0.098     0.098    design_1_i/zynq_ultra_ps_e_0/inst/pl_clk_unbuffered[0]
    BUFG_PS_X0Y58        BUFG_PS (Prop_BUFG_PS_I_O)
                                                      0.018     0.116 r  design_1_i/zynq_ultra_ps_e_0/inst/buffer_pl_clk_0.PL_CLK_0_BUFG/O
    X1Y3 (CLOCK_ROOT)    net (fo=41467, routed)       1.148     1.264    design_1_i/ekf_batch_0/inst/grp_ekf_batch_Pipeline_VITIS_LOOP_58_1_fu_11175/fadd_32ns_32ns_32_4_full_dsp_1_U119/ekf_batch_fadd_32ns_32ns_32_4_full_dsp_1_ip_u/inst/i_synth/ADDSUB_OP.ADDSUB/DSP.OP/DSP48E1_BODY.NORM_RND/FULL_USAGE_DSP.LOD/NORM_DELAY/i_pipe/aclk
    SLICE_X43Y377        FDRE                                         r  design_1_i/ekf_batch_0/inst/grp_ekf_batch_Pipeline_VITIS_LOOP_58_1_fu_11175/fadd_32ns_32ns_32_4_full_dsp_1_U119/ekf_batch_fadd_32ns_32ns_32_4_full_dsp_1_ip_u/inst/i_synth/ADDSUB_OP.ADDSUB/DSP.OP/DSP48E1_BODY.NORM_RND/FULL_USAGE_DSP.LOD/NORM_DELAY/i_pipe/opt_has_pipe.first_q_reg[9]/C

Slack:                    inf
  Source:                 design_1_i/ekf_batch_0/inst/grp_ekf_batch_Pipeline_VITIS_LOOP_58_1_fu_11175/fadd_32ns_32ns_32_4_full_dsp_1_U121/ekf_batch_fadd_32ns_32ns_32_4_full_dsp_1_ip_u/inst/i_synth/ADDSUB_OP.ADDSUB/DSP.OP/DSP48E1_BODY.ALIGN_ADD/DSP2/i_no_versal_es1_workaround.DSP/DSP_C_DATA_INST/C_DATA[39]
                            (internal pin)
  Destination:            design_1_i/ekf_batch_0/inst/grp_ekf_batch_Pipeline_VITIS_LOOP_58_1_fu_11175/fadd_32ns_32ns_32_4_full_dsp_1_U121/ekf_batch_fadd_32ns_32ns_32_4_full_dsp_1_ip_u/inst/i_synth/ADDSUB_OP.ADDSUB/DSP.OP/DSP48E1_BODY.NORM_RND/FULL_USAGE_DSP.mant_in_delay/i_pipe/opt_has_pipe.first_q_reg[2]/D
                            (rising edge-triggered cell FDRE clocked by clk_pl_0  {rise@0.000ns fall@5.000ns period=10.000ns})
  Path Group:             (none)
  Path Type:              Hold (Min at Fast Process Corner)
  Data Path Delay:        0.210ns  (logic 0.132ns (62.857%)  route 0.078ns (37.143%))
  Logic Levels:           2  (DSP_ALU=1 DSP_OUTPUT=1)
  Clock Uncertainty:      0.127ns  ((TSJ^2 + DJ^2)^1/2) / 2 + PE
    Total System Jitter     (TSJ):    0.050ns
    Discrete Jitter          (DJ):    0.250ns
    Phase Error              (PE):    0.000ns
  Clock Net Delay (Destination): 1.141ns (routing 0.250ns, distribution 0.891ns)

    Location             Delay type                Incr(ns)  Path(ns)    Netlist Resource(s)
  -------------------------------------------------------------------    -------------------
    DSP48E2_X8Y143       DSP_C_DATA                   0.000     0.000 r  design_1_i/ekf_batch_0/inst/grp_ekf_batch_Pipeline_VITIS_LOOP_58_1_fu_11175/fadd_32ns_32ns_32_4_full_dsp_1_U121/ekf_batch_fadd_32ns_32ns_32_4_full_dsp_1_ip_u/inst/i_synth/ADDSUB_OP.ADDSUB/DSP.OP/DSP48E1_BODY.ALIGN_ADD/DSP2/i_no_versal_es1_workaround.DSP/DSP_C_DATA_INST/C_DATA[39]
                         net (fo=2, routed)           0.000     0.000    design_1_i/ekf_batch_0/inst/grp_ekf_batch_Pipeline_VITIS_LOOP_58_1_fu_11175/fadd_32ns_32ns_32_4_full_dsp_1_U121/ekf_batch_fadd_32ns_32ns_32_4_full_dsp_1_ip_u/inst/i_synth/ADDSUB_OP.ADDSUB/DSP.OP/DSP48E1_BODY.ALIGN_ADD/DSP2/i_no_versal_es1_workaround.DSP/DSP_C_DATA.C_DATA<39>
    DSP48E2_X8Y143       DSP_ALU (Prop_DSP_ALU_DSP48E2_C_DATA[39]_ALU_OUT[39])
                                                      0.102     0.102 f  design_1_i/ekf_batch_0/inst/grp_ekf_batch_Pipeline_VITIS_LOOP_58_1_fu_11175/fadd_32ns_32ns_32_4_full_dsp_1_U121/ekf_batch_fadd_32ns_32ns_32_4_full_dsp_1_ip_u/inst/i_synth/ADDSUB_OP.ADDSUB/DSP.OP/DSP48E1_BODY.ALIGN_ADD/DSP2/i_no_versal_es1_workaround.DSP/DSP_ALU_INST/ALU_OUT[39]
                         net (fo=1, routed)           0.000     0.102    design_1_i/ekf_batch_0/inst/grp_ekf_batch_Pipeline_VITIS_LOOP_58_1_fu_11175/fadd_32ns_32ns_32_4_full_dsp_1_U121/ekf_batch_fadd_32ns_32ns_32_4_full_dsp_1_ip_u/inst/i_synth/ADDSUB_OP.ADDSUB/DSP.OP/DSP48E1_BODY.ALIGN_ADD/DSP2/i_no_versal_es1_workaround.DSP/DSP_ALU.ALU_OUT<39>
    DSP48E2_X8Y143       DSP_OUTPUT (Prop_DSP_OUTPUT_DSP48E2_ALU_OUT[39]_P[39])
                                                      0.030     0.132 r  design_1_i/ekf_batch_0/inst/grp_ekf_batch_Pipeline_VITIS_LOOP_58_1_fu_11175/fadd_32ns_32ns_32_4_full_dsp_1_U121/ekf_batch_fadd_32ns_32ns_32_4_full_dsp_1_ip_u/inst/i_synth/ADDSUB_OP.ADDSUB/DSP.OP/DSP48E1_BODY.ALIGN_ADD/DSP2/i_no_versal_es1_workaround.DSP/DSP_OUTPUT_INST/P[39]
                         net (fo=3, routed)           0.078     0.210    design_1_i/ekf_batch_0/inst/grp_ekf_batch_Pipeline_VITIS_LOOP_58_1_fu_11175/fadd_32ns_32ns_32_4_full_dsp_1_U121/ekf_batch_fadd_32ns_32ns_32_4_full_dsp_1_ip_u/inst/i_synth/ADDSUB_OP.ADDSUB/DSP.OP/DSP48E1_BODY.NORM_RND/FULL_USAGE_DSP.mant_in_delay/i_pipe/P[2]
    SLICE_X45Y359        FDRE                                         r  design_1_i/ekf_batch_0/inst/grp_ekf_batch_Pipeline_VITIS_LOOP_58_1_fu_11175/fadd_32ns_32ns_32_4_full_dsp_1_U121/ekf_batch_fadd_32ns_32ns_32_4_full_dsp_1_ip_u/inst/i_synth/ADDSUB_OP.ADDSUB/DSP.OP/DSP48E1_BODY.NORM_RND/FULL_USAGE_DSP.mant_in_delay/i_pipe/opt_has_pipe.first_q_reg[2]/D
  -------------------------------------------------------------------    -------------------

                         (clock clk_pl_0 rise edge)
                                                      0.000     0.000 r  
    PS8_X0Y0             PS8                          0.000     0.000 r  design_1_i/zynq_ultra_ps_e_0/inst/PS8_i/PLCLK[0]
                         net (fo=1, routed)           0.098     0.098    design_1_i/zynq_ultra_ps_e_0/inst/pl_clk_unbuffered[0]
    BUFG_PS_X0Y58        BUFG_PS (Prop_BUFG_PS_I_O)
                                                      0.018     0.116 r  design_1_i/zynq_ultra_ps_e_0/inst/buffer_pl_clk_0.PL_CLK_0_BUFG/O
    X1Y3 (CLOCK_ROOT)    net (fo=41467, routed)       1.141     1.257    design_1_i/ekf_batch_0/inst/grp_ekf_batch_Pipeline_VITIS_LOOP_58_1_fu_11175/fadd_32ns_32ns_32_4_full_dsp_1_U121/ekf_batch_fadd_32ns_32ns_32_4_full_dsp_1_ip_u/inst/i_synth/ADDSUB_OP.ADDSUB/DSP.OP/DSP48E1_BODY.NORM_RND/FULL_USAGE_DSP.mant_in_delay/i_pipe/aclk
    SLICE_X45Y359        FDRE                                         r  design_1_i/ekf_batch_0/inst/grp_ekf_batch_Pipeline_VITIS_LOOP_58_1_fu_11175/fadd_32ns_32ns_32_4_full_dsp_1_U121/ekf_batch_fadd_32ns_32ns_32_4_full_dsp_1_ip_u/inst/i_synth/ADDSUB_OP.ADDSUB/DSP.OP/DSP48E1_BODY.NORM_RND/FULL_USAGE_DSP.mant_in_delay/i_pipe/opt_has_pipe.first_q_reg[2]/C

Slack:                    inf
  Source:                 design_1_i/ekf_batch_0/inst/faddfsub_32ns_32ns_32_4_full_dsp_1_U1482/ekf_batch_faddfsub_32ns_32ns_32_4_full_dsp_1_ip_u/inst/i_synth/ADDSUB_OP.ADDSUB/DSP.OP/DSP48E1_BODY.ALIGN_ADD/DSP2/i_no_versal_es1_workaround.DSP/DSP_C_DATA_INST/C_DATA[13]
                            (internal pin)
  Destination:            design_1_i/ekf_batch_0/inst/faddfsub_32ns_32ns_32_4_full_dsp_1_U1482/ekf_batch_faddfsub_32ns_32ns_32_4_full_dsp_1_ip_u/inst/i_synth/ADDSUB_OP.ADDSUB/DSP.OP/DSP48E1_BODY.NORM_RND/FULL_USAGE_DSP.mod_lod_delay/i_pipe/opt_has_pipe.first_q_reg[0]/D
                            (rising edge-triggered cell FDRE clocked by clk_pl_0  {rise@0.000ns fall@5.000ns period=10.000ns})
  Path Group:             (none)
  Path Type:              Hold (Min at Fast Process Corner)
  Data Path Delay:        0.211ns  (logic 0.132ns (62.448%)  route 0.079ns (37.552%))
  Logic Levels:           2  (DSP_ALU=1 DSP_OUTPUT=1)
  Clock Uncertainty:      0.127ns  ((TSJ^2 + DJ^2)^1/2) / 2 + PE
    Total System Jitter     (TSJ):    0.050ns
    Discrete Jitter          (DJ):    0.250ns
    Phase Error              (PE):    0.000ns
  Clock Net Delay (Destination): 1.239ns (routing 0.250ns, distribution 0.989ns)

    Location             Delay type                Incr(ns)  Path(ns)    Netlist Resource(s)
  -------------------------------------------------------------------    -------------------
    DSP48E2_X1Y149       DSP_C_DATA                   0.000     0.000 r  design_1_i/ekf_batch_0/inst/faddfsub_32ns_32ns_32_4_full_dsp_1_U1482/ekf_batch_faddfsub_32ns_32ns_32_4_full_dsp_1_ip_u/inst/i_synth/ADDSUB_OP.ADDSUB/DSP.OP/DSP48E1_BODY.ALIGN_ADD/DSP2/i_no_versal_es1_workaround.DSP/DSP_C_DATA_INST/C_DATA[13]
                         net (fo=2, routed)           0.000     0.000    design_1_i/ekf_batch_0/inst/faddfsub_32ns_32ns_32_4_full_dsp_1_U1482/ekf_batch_faddfsub_32ns_32ns_32_4_full_dsp_1_ip_u/inst/i_synth/ADDSUB_OP.ADDSUB/DSP.OP/DSP48E1_BODY.ALIGN_ADD/DSP2/i_no_versal_es1_workaround.DSP/DSP_C_DATA.C_DATA<13>
    DSP48E2_X1Y149       DSP_ALU (Prop_DSP_ALU_DSP48E2_C_DATA[13]_ALU_OUT[13])
                                                      0.102     0.102 f  design_1_i/ekf_batch_0/inst/faddfsub_32ns_32ns_32_4_full_dsp_1_U1482/ekf_batch_faddfsub_32ns_32ns_32_4_full_dsp_1_ip_u/inst/i_synth/ADDSUB_OP.ADDSUB/DSP.OP/DSP48E1_BODY.ALIGN_ADD/DSP2/i_no_versal_es1_workaround.DSP/DSP_ALU_INST/ALU_OUT[13]
                         net (fo=1, routed)           0.000     0.102    design_1_i/ekf_batch_0/inst/faddfsub_32ns_32ns_32_4_full_dsp_1_U1482/ekf_batch_faddfsub_32ns_32ns_32_4_full_dsp_1_ip_u/inst/i_synth/ADDSUB_OP.ADDSUB/DSP.OP/DSP48E1_BODY.ALIGN_ADD/DSP2/i_no_versal_es1_workaround.DSP/DSP_ALU.ALU_OUT<13>
    DSP48E2_X1Y149       DSP_OUTPUT (Prop_DSP_OUTPUT_DSP48E2_ALU_OUT[13]_P[13])
                                                      0.030     0.132 r  design_1_i/ekf_batch_0/inst/faddfsub_32ns_32ns_32_4_full_dsp_1_U1482/ekf_batch_faddfsub_32ns_32ns_32_4_full_dsp_1_ip_u/inst/i_synth/ADDSUB_OP.ADDSUB/DSP.OP/DSP48E1_BODY.ALIGN_ADD/DSP2/i_no_versal_es1_workaround.DSP/DSP_OUTPUT_INST/P[13]
                         net (fo=3, routed)           0.079     0.211    design_1_i/ekf_batch_0/inst/faddfsub_32ns_32ns_32_4_full_dsp_1_U1482/ekf_batch_faddfsub_32ns_32ns_32_4_full_dsp_1_ip_u/inst/i_synth/ADDSUB_OP.ADDSUB/DSP.OP/DSP48E1_BODY.NORM_RND/FULL_USAGE_DSP.mod_lod_delay/i_pipe/P[0]
    SLICE_X9Y371         FDRE                                         r  design_1_i/ekf_batch_0/inst/faddfsub_32ns_32ns_32_4_full_dsp_1_U1482/ekf_batch_faddfsub_32ns_32ns_32_4_full_dsp_1_ip_u/inst/i_synth/ADDSUB_OP.ADDSUB/DSP.OP/DSP48E1_BODY.NORM_RND/FULL_USAGE_DSP.mod_lod_delay/i_pipe/opt_has_pipe.first_q_reg[0]/D
  -------------------------------------------------------------------    -------------------

                         (clock clk_pl_0 rise edge)
                                                      0.000     0.000 r  
    PS8_X0Y0             PS8                          0.000     0.000 r  design_1_i/zynq_ultra_ps_e_0/inst/PS8_i/PLCLK[0]
                         net (fo=1, routed)           0.098     0.098    design_1_i/zynq_ultra_ps_e_0/inst/pl_clk_unbuffered[0]
    BUFG_PS_X0Y58        BUFG_PS (Prop_BUFG_PS_I_O)
                                                      0.018     0.116 r  design_1_i/zynq_ultra_ps_e_0/inst/buffer_pl_clk_0.PL_CLK_0_BUFG/O
    X1Y3 (CLOCK_ROOT)    net (fo=41467, routed)       1.239     1.355    design_1_i/ekf_batch_0/inst/faddfsub_32ns_32ns_32_4_full_dsp_1_U1482/ekf_batch_faddfsub_32ns_32ns_32_4_full_dsp_1_ip_u/inst/i_synth/ADDSUB_OP.ADDSUB/DSP.OP/DSP48E1_BODY.NORM_RND/FULL_USAGE_DSP.mod_lod_delay/i_pipe/aclk
    SLICE_X9Y371         FDRE                                         r  design_1_i/ekf_batch_0/inst/faddfsub_32ns_32ns_32_4_full_dsp_1_U1482/ekf_batch_faddfsub_32ns_32ns_32_4_full_dsp_1_ip_u/inst/i_synth/ADDSUB_OP.ADDSUB/DSP.OP/DSP48E1_BODY.NORM_RND/FULL_USAGE_DSP.mod_lod_delay/i_pipe/opt_has_pipe.first_q_reg[0]/C

Slack:                    inf
  Source:                 design_1_i/ekf_batch_0/inst/grp_ekf_batch_Pipeline_VITIS_LOOP_58_1_fu_11175/fadd_32ns_32ns_32_4_full_dsp_1_U121/ekf_batch_fadd_32ns_32ns_32_4_full_dsp_1_ip_u/inst/i_synth/ADDSUB_OP.ADDSUB/DSP.OP/DSP48E1_BODY.ALIGN_ADD/DSP2/i_no_versal_es1_workaround.DSP/DSP_C_DATA_INST/C_DATA[14]
                            (internal pin)
  Destination:            design_1_i/ekf_batch_0/inst/grp_ekf_batch_Pipeline_VITIS_LOOP_58_1_fu_11175/fadd_32ns_32ns_32_4_full_dsp_1_U121/ekf_batch_fadd_32ns_32ns_32_4_full_dsp_1_ip_u/inst/i_synth/ADDSUB_OP.ADDSUB/DSP.OP/DSP48E1_BODY.NORM_RND/FULL_USAGE_DSP.mant_in_delay/i_pipe/opt_has_pipe.first_q_reg[0]/D
                            (rising edge-triggered cell FDRE clocked by clk_pl_0  {rise@0.000ns fall@5.000ns period=10.000ns})
  Path Group:             (none)
  Path Type:              Hold (Min at Fast Process Corner)
  Data Path Delay:        0.213ns  (logic 0.132ns (61.989%)  route 0.081ns (38.011%))
  Logic Levels:           2  (DSP_ALU=1 DSP_OUTPUT=1)
  Clock Uncertainty:      0.127ns  ((TSJ^2 + DJ^2)^1/2) / 2 + PE
    Total System Jitter     (TSJ):    0.050ns
    Discrete Jitter          (DJ):    0.250ns
    Phase Error              (PE):    0.000ns
  Clock Net Delay (Destination): 1.141ns (routing 0.250ns, distribution 0.891ns)

    Location             Delay type                Incr(ns)  Path(ns)    Netlist Resource(s)
  -------------------------------------------------------------------    -------------------
    DSP48E2_X8Y143       DSP_C_DATA                   0.000     0.000 r  design_1_i/ekf_batch_0/inst/grp_ekf_batch_Pipeline_VITIS_LOOP_58_1_fu_11175/fadd_32ns_32ns_32_4_full_dsp_1_U121/ekf_batch_fadd_32ns_32ns_32_4_full_dsp_1_ip_u/inst/i_synth/ADDSUB_OP.ADDSUB/DSP.OP/DSP48E1_BODY.ALIGN_ADD/DSP2/i_no_versal_es1_workaround.DSP/DSP_C_DATA_INST/C_DATA[14]
                         net (fo=2, routed)           0.000     0.000    design_1_i/ekf_batch_0/inst/grp_ekf_batch_Pipeline_VITIS_LOOP_58_1_fu_11175/fadd_32ns_32ns_32_4_full_dsp_1_U121/ekf_batch_fadd_32ns_32ns_32_4_full_dsp_1_ip_u/inst/i_synth/ADDSUB_OP.ADDSUB/DSP.OP/DSP48E1_BODY.ALIGN_ADD/DSP2/i_no_versal_es1_workaround.DSP/DSP_C_DATA.C_DATA<14>
    DSP48E2_X8Y143       DSP_ALU (Prop_DSP_ALU_DSP48E2_C_DATA[14]_ALU_OUT[37])
                                                      0.102     0.102 f  design_1_i/ekf_batch_0/inst/grp_ekf_batch_Pipeline_VITIS_LOOP_58_1_fu_11175/fadd_32ns_32ns_32_4_full_dsp_1_U121/ekf_batch_fadd_32ns_32ns_32_4_full_dsp_1_ip_u/inst/i_synth/ADDSUB_OP.ADDSUB/DSP.OP/DSP48E1_BODY.ALIGN_ADD/DSP2/i_no_versal_es1_workaround.DSP/DSP_ALU_INST/ALU_OUT[37]
                         net (fo=1, routed)           0.000     0.102    design_1_i/ekf_batch_0/inst/grp_ekf_batch_Pipeline_VITIS_LOOP_58_1_fu_11175/fadd_32ns_32ns_32_4_full_dsp_1_U121/ekf_batch_fadd_32ns_32ns_32_4_full_dsp_1_ip_u/inst/i_synth/ADDSUB_OP.ADDSUB/DSP.OP/DSP48E1_BODY.ALIGN_ADD/DSP2/i_no_versal_es1_workaround.DSP/DSP_ALU.ALU_OUT<37>
    DSP48E2_X8Y143       DSP_OUTPUT (Prop_DSP_OUTPUT_DSP48E2_ALU_OUT[37]_P[37])
                                                      0.030     0.132 r  design_1_i/ekf_batch_0/inst/grp_ekf_batch_Pipeline_VITIS_LOOP_58_1_fu_11175/fadd_32ns_32ns_32_4_full_dsp_1_U121/ekf_batch_fadd_32ns_32ns_32_4_full_dsp_1_ip_u/inst/i_synth/ADDSUB_OP.ADDSUB/DSP.OP/DSP48E1_BODY.ALIGN_ADD/DSP2/i_no_versal_es1_workaround.DSP/DSP_OUTPUT_INST/P[37]
                         net (fo=3, routed)           0.081     0.213    design_1_i/ekf_batch_0/inst/grp_ekf_batch_Pipeline_VITIS_LOOP_58_1_fu_11175/fadd_32ns_32ns_32_4_full_dsp_1_U121/ekf_batch_fadd_32ns_32ns_32_4_full_dsp_1_ip_u/inst/i_synth/ADDSUB_OP.ADDSUB/DSP.OP/DSP48E1_BODY.NORM_RND/FULL_USAGE_DSP.mant_in_delay/i_pipe/P[0]
    SLICE_X45Y359        FDRE                                         r  design_1_i/ekf_batch_0/inst/grp_ekf_batch_Pipeline_VITIS_LOOP_58_1_fu_11175/fadd_32ns_32ns_32_4_full_dsp_1_U121/ekf_batch_fadd_32ns_32ns_32_4_full_dsp_1_ip_u/inst/i_synth/ADDSUB_OP.ADDSUB/DSP.OP/DSP48E1_BODY.NORM_RND/FULL_USAGE_DSP.mant_in_delay/i_pipe/opt_has_pipe.first_q_reg[0]/D
  -------------------------------------------------------------------    -------------------

                         (clock clk_pl_0 rise edge)
                                                      0.000     0.000 r  
    PS8_X0Y0             PS8                          0.000     0.000 r  design_1_i/zynq_ultra_ps_e_0/inst/PS8_i/PLCLK[0]
                         net (fo=1, routed)           0.098     0.098    design_1_i/zynq_ultra_ps_e_0/inst/pl_clk_unbuffered[0]
    BUFG_PS_X0Y58        BUFG_PS (Prop_BUFG_PS_I_O)
                                                      0.018     0.116 r  design_1_i/zynq_ultra_ps_e_0/inst/buffer_pl_clk_0.PL_CLK_0_BUFG/O
    X1Y3 (CLOCK_ROOT)    net (fo=41467, routed)       1.141     1.257    design_1_i/ekf_batch_0/inst/grp_ekf_batch_Pipeline_VITIS_LOOP_58_1_fu_11175/fadd_32ns_32ns_32_4_full_dsp_1_U121/ekf_batch_fadd_32ns_32ns_32_4_full_dsp_1_ip_u/inst/i_synth/ADDSUB_OP.ADDSUB/DSP.OP/DSP48E1_BODY.NORM_RND/FULL_USAGE_DSP.mant_in_delay/i_pipe/aclk
    SLICE_X45Y359        FDRE                                         r  design_1_i/ekf_batch_0/inst/grp_ekf_batch_Pipeline_VITIS_LOOP_58_1_fu_11175/fadd_32ns_32ns_32_4_full_dsp_1_U121/ekf_batch_fadd_32ns_32ns_32_4_full_dsp_1_ip_u/inst/i_synth/ADDSUB_OP.ADDSUB/DSP.OP/DSP48E1_BODY.NORM_RND/FULL_USAGE_DSP.mant_in_delay/i_pipe/opt_has_pipe.first_q_reg[0]/C

Slack:                    inf
  Source:                 design_1_i/ekf_batch_0/inst/faddfsub_32ns_32ns_32_4_full_dsp_1_U1483/ekf_batch_faddfsub_32ns_32ns_32_4_full_dsp_1_ip_u/inst/i_synth/ADDSUB_OP.ADDSUB/DSP.OP/DSP48E1_BODY.ALIGN_ADD/DSP2/i_no_versal_es1_workaround.DSP/DSP_C_DATA_INST/C_DATA[14]
                            (internal pin)
  Destination:            design_1_i/ekf_batch_0/inst/faddfsub_32ns_32ns_32_4_full_dsp_1_U1483/ekf_batch_faddfsub_32ns_32ns_32_4_full_dsp_1_ip_u/inst/i_synth/ADDSUB_OP.ADDSUB/DSP.OP/DSP48E1_BODY.NORM_RND/FULL_USAGE_DSP.mant_in_delay/i_pipe/opt_has_pipe.first_q_reg[0]/D
                            (rising edge-triggered cell FDRE clocked by clk_pl_0  {rise@0.000ns fall@5.000ns period=10.000ns})
  Path Group:             (none)
  Path Type:              Hold (Min at Fast Process Corner)
  Data Path Delay:        0.214ns  (logic 0.132ns (61.765%)  route 0.082ns (38.235%))
  Logic Levels:           2  (DSP_ALU=1 DSP_OUTPUT=1)
  Clock Uncertainty:      0.127ns  ((TSJ^2 + DJ^2)^1/2) / 2 + PE
    Total System Jitter     (TSJ):    0.050ns
    Discrete Jitter          (DJ):    0.250ns
    Phase Error              (PE):    0.000ns
  Clock Net Delay (Destination): 1.230ns (routing 0.250ns, distribution 0.980ns)

    Location             Delay type                Incr(ns)  Path(ns)    Netlist Resource(s)
  -------------------------------------------------------------------    -------------------
    DSP48E2_X2Y152       DSP_C_DATA                   0.000     0.000 r  design_1_i/ekf_batch_0/inst/faddfsub_32ns_32ns_32_4_full_dsp_1_U1483/ekf_batch_faddfsub_32ns_32ns_32_4_full_dsp_1_ip_u/inst/i_synth/ADDSUB_OP.ADDSUB/DSP.OP/DSP48E1_BODY.ALIGN_ADD/DSP2/i_no_versal_es1_workaround.DSP/DSP_C_DATA_INST/C_DATA[14]
                         net (fo=2, routed)           0.000     0.000    design_1_i/ekf_batch_0/inst/faddfsub_32ns_32ns_32_4_full_dsp_1_U1483/ekf_batch_faddfsub_32ns_32ns_32_4_full_dsp_1_ip_u/inst/i_synth/ADDSUB_OP.ADDSUB/DSP.OP/DSP48E1_BODY.ALIGN_ADD/DSP2/i_no_versal_es1_workaround.DSP/DSP_C_DATA.C_DATA<14>
    DSP48E2_X2Y152       DSP_ALU (Prop_DSP_ALU_DSP48E2_C_DATA[14]_ALU_OUT[37])
                                                      0.102     0.102 f  design_1_i/ekf_batch_0/inst/faddfsub_32ns_32ns_32_4_full_dsp_1_U1483/ekf_batch_faddfsub_32ns_32ns_32_4_full_dsp_1_ip_u/inst/i_synth/ADDSUB_OP.ADDSUB/DSP.OP/DSP48E1_BODY.ALIGN_ADD/DSP2/i_no_versal_es1_workaround.DSP/DSP_ALU_INST/ALU_OUT[37]
                         net (fo=1, routed)           0.000     0.102    design_1_i/ekf_batch_0/inst/faddfsub_32ns_32ns_32_4_full_dsp_1_U1483/ekf_batch_faddfsub_32ns_32ns_32_4_full_dsp_1_ip_u/inst/i_synth/ADDSUB_OP.ADDSUB/DSP.OP/DSP48E1_BODY.ALIGN_ADD/DSP2/i_no_versal_es1_workaround.DSP/DSP_ALU.ALU_OUT<37>
    DSP48E2_X2Y152       DSP_OUTPUT (Prop_DSP_OUTPUT_DSP48E2_ALU_OUT[37]_P[37])
                                                      0.030     0.132 r  design_1_i/ekf_batch_0/inst/faddfsub_32ns_32ns_32_4_full_dsp_1_U1483/ekf_batch_faddfsub_32ns_32ns_32_4_full_dsp_1_ip_u/inst/i_synth/ADDSUB_OP.ADDSUB/DSP.OP/DSP48E1_BODY.ALIGN_ADD/DSP2/i_no_versal_es1_workaround.DSP/DSP_OUTPUT_INST/P[37]
                         net (fo=3, routed)           0.082     0.214    design_1_i/ekf_batch_0/inst/faddfsub_32ns_32ns_32_4_full_dsp_1_U1483/ekf_batch_faddfsub_32ns_32ns_32_4_full_dsp_1_ip_u/inst/i_synth/ADDSUB_OP.ADDSUB/DSP.OP/DSP48E1_BODY.NORM_RND/FULL_USAGE_DSP.mant_in_delay/i_pipe/P[0]
    SLICE_X13Y384        FDRE                                         r  design_1_i/ekf_batch_0/inst/faddfsub_32ns_32ns_32_4_full_dsp_1_U1483/ekf_batch_faddfsub_32ns_32ns_32_4_full_dsp_1_ip_u/inst/i_synth/ADDSUB_OP.ADDSUB/DSP.OP/DSP48E1_BODY.NORM_RND/FULL_USAGE_DSP.mant_in_delay/i_pipe/opt_has_pipe.first_q_reg[0]/D
  -------------------------------------------------------------------    -------------------

                         (clock clk_pl_0 rise edge)
                                                      0.000     0.000 r  
    PS8_X0Y0             PS8                          0.000     0.000 r  design_1_i/zynq_ultra_ps_e_0/inst/PS8_i/PLCLK[0]
                         net (fo=1, routed)           0.098     0.098    design_1_i/zynq_ultra_ps_e_0/inst/pl_clk_unbuffered[0]
    BUFG_PS_X0Y58        BUFG_PS (Prop_BUFG_PS_I_O)
                                                      0.018     0.116 r  design_1_i/zynq_ultra_ps_e_0/inst/buffer_pl_clk_0.PL_CLK_0_BUFG/O
    X1Y3 (CLOCK_ROOT)    net (fo=41467, routed)       1.230     1.346    design_1_i/ekf_batch_0/inst/faddfsub_32ns_32ns_32_4_full_dsp_1_U1483/ekf_batch_faddfsub_32ns_32ns_32_4_full_dsp_1_ip_u/inst/i_synth/ADDSUB_OP.ADDSUB/DSP.OP/DSP48E1_BODY.NORM_RND/FULL_USAGE_DSP.mant_in_delay/i_pipe/aclk
    SLICE_X13Y384        FDRE                                         r  design_1_i/ekf_batch_0/inst/faddfsub_32ns_32ns_32_4_full_dsp_1_U1483/ekf_batch_faddfsub_32ns_32ns_32_4_full_dsp_1_ip_u/inst/i_synth/ADDSUB_OP.ADDSUB/DSP.OP/DSP48E1_BODY.NORM_RND/FULL_USAGE_DSP.mant_in_delay/i_pipe/opt_has_pipe.first_q_reg[0]/C

Slack:                    inf
  Source:                 design_1_i/ekf_batch_0/inst/grp_ekf_batch_Pipeline_VITIS_LOOP_58_1_fu_11175/fadd_32ns_32ns_32_4_full_dsp_1_U118/ekf_batch_fadd_32ns_32ns_32_4_full_dsp_1_ip_u/inst/i_synth/ADDSUB_OP.ADDSUB/DSP.OP/DSP48E1_BODY.ALIGN_ADD/DSP2/i_no_versal_es1_workaround.DSP/DSP_C_DATA_INST/C_DATA[39]
                            (internal pin)
  Destination:            design_1_i/ekf_batch_0/inst/grp_ekf_batch_Pipeline_VITIS_LOOP_58_1_fu_11175/fadd_32ns_32ns_32_4_full_dsp_1_U118/ekf_batch_fadd_32ns_32ns_32_4_full_dsp_1_ip_u/inst/i_synth/ADDSUB_OP.ADDSUB/DSP.OP/DSP48E1_BODY.NORM_RND/FULL_USAGE_DSP.mant_in_delay/i_pipe/opt_has_pipe.first_q_reg[2]/D
                            (rising edge-triggered cell FDRE clocked by clk_pl_0  {rise@0.000ns fall@5.000ns period=10.000ns})
  Path Group:             (none)
  Path Type:              Hold (Min at Fast Process Corner)
  Data Path Delay:        0.214ns  (logic 0.132ns (61.629%)  route 0.082ns (38.371%))
  Logic Levels:           2  (DSP_ALU=1 DSP_OUTPUT=1)
  Clock Uncertainty:      0.127ns  ((TSJ^2 + DJ^2)^1/2) / 2 + PE
    Total System Jitter     (TSJ):    0.050ns
    Discrete Jitter          (DJ):    0.250ns
    Phase Error              (PE):    0.000ns
  Clock Net Delay (Destination): 1.152ns (routing 0.250ns, distribution 0.902ns)

    Location             Delay type                Incr(ns)  Path(ns)    Netlist Resource(s)
  -------------------------------------------------------------------    -------------------
    DSP48E2_X7Y151       DSP_C_DATA                   0.000     0.000 r  design_1_i/ekf_batch_0/inst/grp_ekf_batch_Pipeline_VITIS_LOOP_58_1_fu_11175/fadd_32ns_32ns_32_4_full_dsp_1_U118/ekf_batch_fadd_32ns_32ns_32_4_full_dsp_1_ip_u/inst/i_synth/ADDSUB_OP.ADDSUB/DSP.OP/DSP48E1_BODY.ALIGN_ADD/DSP2/i_no_versal_es1_workaround.DSP/DSP_C_DATA_INST/C_DATA[39]
                         net (fo=2, routed)           0.000     0.000    design_1_i/ekf_batch_0/inst/grp_ekf_batch_Pipeline_VITIS_LOOP_58_1_fu_11175/fadd_32ns_32ns_32_4_full_dsp_1_U118/ekf_batch_fadd_32ns_32ns_32_4_full_dsp_1_ip_u/inst/i_synth/ADDSUB_OP.ADDSUB/DSP.OP/DSP48E1_BODY.ALIGN_ADD/DSP2/i_no_versal_es1_workaround.DSP/DSP_C_DATA.C_DATA<39>
    DSP48E2_X7Y151       DSP_ALU (Prop_DSP_ALU_DSP48E2_C_DATA[39]_ALU_OUT[39])
                                                      0.102     0.102 f  design_1_i/ekf_batch_0/inst/grp_ekf_batch_Pipeline_VITIS_LOOP_58_1_fu_11175/fadd_32ns_32ns_32_4_full_dsp_1_U118/ekf_batch_fadd_32ns_32ns_32_4_full_dsp_1_ip_u/inst/i_synth/ADDSUB_OP.ADDSUB/DSP.OP/DSP48E1_BODY.ALIGN_ADD/DSP2/i_no_versal_es1_workaround.DSP/DSP_ALU_INST/ALU_OUT[39]
                         net (fo=1, routed)           0.000     0.102    design_1_i/ekf_batch_0/inst/grp_ekf_batch_Pipeline_VITIS_LOOP_58_1_fu_11175/fadd_32ns_32ns_32_4_full_dsp_1_U118/ekf_batch_fadd_32ns_32ns_32_4_full_dsp_1_ip_u/inst/i_synth/ADDSUB_OP.ADDSUB/DSP.OP/DSP48E1_BODY.ALIGN_ADD/DSP2/i_no_versal_es1_workaround.DSP/DSP_ALU.ALU_OUT<39>
    DSP48E2_X7Y151       DSP_OUTPUT (Prop_DSP_OUTPUT_DSP48E2_ALU_OUT[39]_P[39])
                                                      0.030     0.132 r  design_1_i/ekf_batch_0/inst/grp_ekf_batch_Pipeline_VITIS_LOOP_58_1_fu_11175/fadd_32ns_32ns_32_4_full_dsp_1_U118/ekf_batch_fadd_32ns_32ns_32_4_full_dsp_1_ip_u/inst/i_synth/ADDSUB_OP.ADDSUB/DSP.OP/DSP48E1_BODY.ALIGN_ADD/DSP2/i_no_versal_es1_workaround.DSP/DSP_OUTPUT_INST/P[39]
                         net (fo=3, routed)           0.082     0.214    design_1_i/ekf_batch_0/inst/grp_ekf_batch_Pipeline_VITIS_LOOP_58_1_fu_11175/fadd_32ns_32ns_32_4_full_dsp_1_U118/ekf_batch_fadd_32ns_32ns_32_4_full_dsp_1_ip_u/inst/i_synth/ADDSUB_OP.ADDSUB/DSP.OP/DSP48E1_BODY.NORM_RND/FULL_USAGE_DSP.mant_in_delay/i_pipe/P[2]
    SLICE_X41Y379        FDRE                                         r  design_1_i/ekf_batch_0/inst/grp_ekf_batch_Pipeline_VITIS_LOOP_58_1_fu_11175/fadd_32ns_32ns_32_4_full_dsp_1_U118/ekf_batch_fadd_32ns_32ns_32_4_full_dsp_1_ip_u/inst/i_synth/ADDSUB_OP.ADDSUB/DSP.OP/DSP48E1_BODY.NORM_RND/FULL_USAGE_DSP.mant_in_delay/i_pipe/opt_has_pipe.first_q_reg[2]/D
  -------------------------------------------------------------------    -------------------

                         (clock clk_pl_0 rise edge)
                                                      0.000     0.000 r  
    PS8_X0Y0             PS8                          0.000     0.000 r  design_1_i/zynq_ultra_ps_e_0/inst/PS8_i/PLCLK[0]
                         net (fo=1, routed)           0.098     0.098    design_1_i/zynq_ultra_ps_e_0/inst/pl_clk_unbuffered[0]
    BUFG_PS_X0Y58        BUFG_PS (Prop_BUFG_PS_I_O)
                                                      0.018     0.116 r  design_1_i/zynq_ultra_ps_e_0/inst/buffer_pl_clk_0.PL_CLK_0_BUFG/O
    X1Y3 (CLOCK_ROOT)    net (fo=41467, routed)       1.152     1.268    design_1_i/ekf_batch_0/inst/grp_ekf_batch_Pipeline_VITIS_LOOP_58_1_fu_11175/fadd_32ns_32ns_32_4_full_dsp_1_U118/ekf_batch_fadd_32ns_32ns_32_4_full_dsp_1_ip_u/inst/i_synth/ADDSUB_OP.ADDSUB/DSP.OP/DSP48E1_BODY.NORM_RND/FULL_USAGE_DSP.mant_in_delay/i_pipe/aclk
    SLICE_X41Y379        FDRE                                         r  design_1_i/ekf_batch_0/inst/grp_ekf_batch_Pipeline_VITIS_LOOP_58_1_fu_11175/fadd_32ns_32ns_32_4_full_dsp_1_U118/ekf_batch_fadd_32ns_32ns_32_4_full_dsp_1_ip_u/inst/i_synth/ADDSUB_OP.ADDSUB/DSP.OP/DSP48E1_BODY.NORM_RND/FULL_USAGE_DSP.mant_in_delay/i_pipe/opt_has_pipe.first_q_reg[2]/C

Slack:                    inf
  Source:                 design_1_i/ekf_batch_0/inst/grp_ekf_batch_Pipeline_VITIS_LOOP_58_1_fu_11175/fadd_32ns_32ns_32_4_full_dsp_1_U121/ekf_batch_fadd_32ns_32ns_32_4_full_dsp_1_ip_u/inst/i_synth/ADDSUB_OP.ADDSUB/DSP.OP/DSP48E1_BODY.ALIGN_ADD/DSP2/i_no_versal_es1_workaround.DSP/DSP_C_DATA_INST/C_DATA[14]
                            (internal pin)
  Destination:            design_1_i/ekf_batch_0/inst/grp_ekf_batch_Pipeline_VITIS_LOOP_58_1_fu_11175/fadd_32ns_32ns_32_4_full_dsp_1_U121/ekf_batch_fadd_32ns_32ns_32_4_full_dsp_1_ip_u/inst/i_synth/ADDSUB_OP.ADDSUB/DSP.OP/DSP48E1_BODY.NORM_RND/FULL_USAGE_DSP.LOD/NORM_DELAY/i_pipe/opt_has_pipe.first_q_reg[1]/D
                            (rising edge-triggered cell FDRE clocked by clk_pl_0  {rise@0.000ns fall@5.000ns period=10.000ns})
  Path Group:             (none)
  Path Type:              Hold (Min at Fast Process Corner)
  Data Path Delay:        0.221ns  (logic 0.132ns (59.864%)  route 0.089ns (40.136%))
  Logic Levels:           2  (DSP_ALU=1 DSP_OUTPUT=1)
  Clock Uncertainty:      0.127ns  ((TSJ^2 + DJ^2)^1/2) / 2 + PE
    Total System Jitter     (TSJ):    0.050ns
    Discrete Jitter          (DJ):    0.250ns
    Phase Error              (PE):    0.000ns
  Clock Net Delay (Destination): 1.138ns (routing 0.250ns, distribution 0.888ns)

    Location             Delay type                Incr(ns)  Path(ns)    Netlist Resource(s)
  -------------------------------------------------------------------    -------------------
    DSP48E2_X8Y143       DSP_C_DATA                   0.000     0.000 r  design_1_i/ekf_batch_0/inst/grp_ekf_batch_Pipeline_VITIS_LOOP_58_1_fu_11175/fadd_32ns_32ns_32_4_full_dsp_1_U121/ekf_batch_fadd_32ns_32ns_32_4_full_dsp_1_ip_u/inst/i_synth/ADDSUB_OP.ADDSUB/DSP.OP/DSP48E1_BODY.ALIGN_ADD/DSP2/i_no_versal_es1_workaround.DSP/DSP_C_DATA_INST/C_DATA[14]
                         net (fo=2, routed)           0.000     0.000    design_1_i/ekf_batch_0/inst/grp_ekf_batch_Pipeline_VITIS_LOOP_58_1_fu_11175/fadd_32ns_32ns_32_4_full_dsp_1_U121/ekf_batch_fadd_32ns_32ns_32_4_full_dsp_1_ip_u/inst/i_synth/ADDSUB_OP.ADDSUB/DSP.OP/DSP48E1_BODY.ALIGN_ADD/DSP2/i_no_versal_es1_workaround.DSP/DSP_C_DATA.C_DATA<14>
    DSP48E2_X8Y143       DSP_ALU (Prop_DSP_ALU_DSP48E2_C_DATA[14]_ALU_OUT[14])
                                                      0.102     0.102 f  design_1_i/ekf_batch_0/inst/grp_ekf_batch_Pipeline_VITIS_LOOP_58_1_fu_11175/fadd_32ns_32ns_32_4_full_dsp_1_U121/ekf_batch_fadd_32ns_32ns_32_4_full_dsp_1_ip_u/inst/i_synth/ADDSUB_OP.ADDSUB/DSP.OP/DSP48E1_BODY.ALIGN_ADD/DSP2/i_no_versal_es1_workaround.DSP/DSP_ALU_INST/ALU_OUT[14]
                         net (fo=1, routed)           0.000     0.102    design_1_i/ekf_batch_0/inst/grp_ekf_batch_Pipeline_VITIS_LOOP_58_1_fu_11175/fadd_32ns_32ns_32_4_full_dsp_1_U121/ekf_batch_fadd_32ns_32ns_32_4_full_dsp_1_ip_u/inst/i_synth/ADDSUB_OP.ADDSUB/DSP.OP/DSP48E1_BODY.ALIGN_ADD/DSP2/i_no_versal_es1_workaround.DSP/DSP_ALU.ALU_OUT<14>
    DSP48E2_X8Y143       DSP_OUTPUT (Prop_DSP_OUTPUT_DSP48E2_ALU_OUT[14]_P[14])
                                                      0.030     0.132 r  design_1_i/ekf_batch_0/inst/grp_ekf_batch_Pipeline_VITIS_LOOP_58_1_fu_11175/fadd_32ns_32ns_32_4_full_dsp_1_U121/ekf_batch_fadd_32ns_32ns_32_4_full_dsp_1_ip_u/inst/i_synth/ADDSUB_OP.ADDSUB/DSP.OP/DSP48E1_BODY.ALIGN_ADD/DSP2/i_no_versal_es1_workaround.DSP/DSP_OUTPUT_INST/P[14]
                         net (fo=4, routed)           0.089     0.221    design_1_i/ekf_batch_0/inst/grp_ekf_batch_Pipeline_VITIS_LOOP_58_1_fu_11175/fadd_32ns_32ns_32_4_full_dsp_1_U121/ekf_batch_fadd_32ns_32ns_32_4_full_dsp_1_ip_u/inst/i_synth/ADDSUB_OP.ADDSUB/DSP.OP/DSP48E1_BODY.NORM_RND/FULL_USAGE_DSP.LOD/NORM_DELAY/i_pipe/opt_has_pipe.first_q_reg[15]_1[0]
    SLICE_X43Y356        FDRE                                         r  design_1_i/ekf_batch_0/inst/grp_ekf_batch_Pipeline_VITIS_LOOP_58_1_fu_11175/fadd_32ns_32ns_32_4_full_dsp_1_U121/ekf_batch_fadd_32ns_32ns_32_4_full_dsp_1_ip_u/inst/i_synth/ADDSUB_OP.ADDSUB/DSP.OP/DSP48E1_BODY.NORM_RND/FULL_USAGE_DSP.LOD/NORM_DELAY/i_pipe/opt_has_pipe.first_q_reg[1]/D
  -------------------------------------------------------------------    -------------------

                         (clock clk_pl_0 rise edge)
                                                      0.000     0.000 r  
    PS8_X0Y0             PS8                          0.000     0.000 r  design_1_i/zynq_ultra_ps_e_0/inst/PS8_i/PLCLK[0]
                         net (fo=1, routed)           0.098     0.098    design_1_i/zynq_ultra_ps_e_0/inst/pl_clk_unbuffered[0]
    BUFG_PS_X0Y58        BUFG_PS (Prop_BUFG_PS_I_O)
                                                      0.018     0.116 r  design_1_i/zynq_ultra_ps_e_0/inst/buffer_pl_clk_0.PL_CLK_0_BUFG/O
    X1Y3 (CLOCK_ROOT)    net (fo=41467, routed)       1.138     1.254    design_1_i/ekf_batch_0/inst/grp_ekf_batch_Pipeline_VITIS_LOOP_58_1_fu_11175/fadd_32ns_32ns_32_4_full_dsp_1_U121/ekf_batch_fadd_32ns_32ns_32_4_full_dsp_1_ip_u/inst/i_synth/ADDSUB_OP.ADDSUB/DSP.OP/DSP48E1_BODY.NORM_RND/FULL_USAGE_DSP.LOD/NORM_DELAY/i_pipe/aclk
    SLICE_X43Y356        FDRE                                         r  design_1_i/ekf_batch_0/inst/grp_ekf_batch_Pipeline_VITIS_LOOP_58_1_fu_11175/fadd_32ns_32ns_32_4_full_dsp_1_U121/ekf_batch_fadd_32ns_32ns_32_4_full_dsp_1_ip_u/inst/i_synth/ADDSUB_OP.ADDSUB/DSP.OP/DSP48E1_BODY.NORM_RND/FULL_USAGE_DSP.LOD/NORM_DELAY/i_pipe/opt_has_pipe.first_q_reg[1]/C

Slack:                    inf
  Source:                 design_1_i/ekf_batch_0/inst/faddfsub_32ns_32ns_32_4_full_dsp_1_U1479/ekf_batch_faddfsub_32ns_32ns_32_4_full_dsp_1_ip_u/inst/i_synth/ADDSUB_OP.ADDSUB/DSP.OP/DSP48E1_BODY.ALIGN_ADD/DSP2/i_no_versal_es1_workaround.DSP/DSP_C_DATA_INST/C_DATA[38]
                            (internal pin)
  Destination:            design_1_i/ekf_batch_0/inst/faddfsub_32ns_32ns_32_4_full_dsp_1_U1479/ekf_batch_faddfsub_32ns_32ns_32_4_full_dsp_1_ip_u/inst/i_synth/ADDSUB_OP.ADDSUB/DSP.OP/DSP48E1_BODY.NORM_RND/FULL_USAGE_DSP.LOD/NORM_DELAY/i_pipe/opt_has_pipe.first_q_reg[25]/D
                            (rising edge-triggered cell FDRE clocked by clk_pl_0  {rise@0.000ns fall@5.000ns period=10.000ns})
  Path Group:             (none)
  Path Type:              Hold (Min at Fast Process Corner)
  Data Path Delay:        0.225ns  (logic 0.152ns (67.481%)  route 0.073ns (32.519%))
  Logic Levels:           3  (DSP_ALU=1 DSP_OUTPUT=1 LUT3=1)
  Clock Uncertainty:      0.127ns  ((TSJ^2 + DJ^2)^1/2) / 2 + PE
    Total System Jitter     (TSJ):    0.050ns
    Discrete Jitter          (DJ):    0.250ns
    Phase Error              (PE):    0.000ns
  Clock Net Delay (Destination): 1.192ns (routing 0.250ns, distribution 0.942ns)

    Location             Delay type                Incr(ns)  Path(ns)    Netlist Resource(s)
  -------------------------------------------------------------------    -------------------
    DSP48E2_X5Y156       DSP_C_DATA                   0.000     0.000 r  design_1_i/ekf_batch_0/inst/faddfsub_32ns_32ns_32_4_full_dsp_1_U1479/ekf_batch_faddfsub_32ns_32ns_32_4_full_dsp_1_ip_u/inst/i_synth/ADDSUB_OP.ADDSUB/DSP.OP/DSP48E1_BODY.ALIGN_ADD/DSP2/i_no_versal_es1_workaround.DSP/DSP_C_DATA_INST/C_DATA[38]
                         net (fo=2, routed)           0.000     0.000    design_1_i/ekf_batch_0/inst/faddfsub_32ns_32ns_32_4_full_dsp_1_U1479/ekf_batch_faddfsub_32ns_32ns_32_4_full_dsp_1_ip_u/inst/i_synth/ADDSUB_OP.ADDSUB/DSP.OP/DSP48E1_BODY.ALIGN_ADD/DSP2/i_no_versal_es1_workaround.DSP/DSP_C_DATA.C_DATA<38>
    DSP48E2_X5Y156       DSP_ALU (Prop_DSP_ALU_DSP48E2_C_DATA[38]_ALU_OUT[38])
                                                      0.102     0.102 f  design_1_i/ekf_batch_0/inst/faddfsub_32ns_32ns_32_4_full_dsp_1_U1479/ekf_batch_faddfsub_32ns_32ns_32_4_full_dsp_1_ip_u/inst/i_synth/ADDSUB_OP.ADDSUB/DSP.OP/DSP48E1_BODY.ALIGN_ADD/DSP2/i_no_versal_es1_workaround.DSP/DSP_ALU_INST/ALU_OUT[38]
                         net (fo=1, routed)           0.000     0.102    design_1_i/ekf_batch_0/inst/faddfsub_32ns_32ns_32_4_full_dsp_1_U1479/ekf_batch_faddfsub_32ns_32ns_32_4_full_dsp_1_ip_u/inst/i_synth/ADDSUB_OP.ADDSUB/DSP.OP/DSP48E1_BODY.ALIGN_ADD/DSP2/i_no_versal_es1_workaround.DSP/DSP_ALU.ALU_OUT<38>
    DSP48E2_X5Y156       DSP_OUTPUT (Prop_DSP_OUTPUT_DSP48E2_ALU_OUT[38]_P[38])
                                                      0.030     0.132 r  design_1_i/ekf_batch_0/inst/faddfsub_32ns_32ns_32_4_full_dsp_1_U1479/ekf_batch_faddfsub_32ns_32ns_32_4_full_dsp_1_ip_u/inst/i_synth/ADDSUB_OP.ADDSUB/DSP.OP/DSP48E1_BODY.ALIGN_ADD/DSP2/i_no_versal_es1_workaround.DSP/DSP_OUTPUT_INST/P[38]
                         net (fo=3, routed)           0.067     0.199    design_1_i/ekf_batch_0/inst/faddfsub_32ns_32ns_32_4_full_dsp_1_U1479/ekf_batch_faddfsub_32ns_32ns_32_4_full_dsp_1_ip_u/inst/i_synth/ADDSUB_OP.ADDSUB/DSP.OP/DSP48E1_BODY.NORM_RND/FULL_USAGE_DSP.LOD/opt_has_pipe.first_q_reg[26][25]
    SLICE_X27Y394        LUT3 (Prop_H5LUT_SLICEL_I2_O)
                                                      0.020     0.219 r  design_1_i/ekf_batch_0/inst/faddfsub_32ns_32ns_32_4_full_dsp_1_U1479/ekf_batch_faddfsub_32ns_32ns_32_4_full_dsp_1_ip_u/inst/i_synth/ADDSUB_OP.ADDSUB/DSP.OP/DSP48E1_BODY.NORM_RND/FULL_USAGE_DSP.LOD/opt_has_pipe.first_q[25]_i_1/O
                         net (fo=1, routed)           0.006     0.225    design_1_i/ekf_batch_0/inst/faddfsub_32ns_32ns_32_4_full_dsp_1_U1479/ekf_batch_faddfsub_32ns_32ns_32_4_full_dsp_1_ip_u/inst/i_synth/ADDSUB_OP.ADDSUB/DSP.OP/DSP48E1_BODY.NORM_RND/FULL_USAGE_DSP.LOD/NORM_DELAY/i_pipe/shifted_16_lzd[9]
    SLICE_X27Y394        FDRE                                         r  design_1_i/ekf_batch_0/inst/faddfsub_32ns_32ns_32_4_full_dsp_1_U1479/ekf_batch_faddfsub_32ns_32ns_32_4_full_dsp_1_ip_u/inst/i_synth/ADDSUB_OP.ADDSUB/DSP.OP/DSP48E1_BODY.NORM_RND/FULL_USAGE_DSP.LOD/NORM_DELAY/i_pipe/opt_has_pipe.first_q_reg[25]/D
  -------------------------------------------------------------------    -------------------

                         (clock clk_pl_0 rise edge)
                                                      0.000     0.000 r  
    PS8_X0Y0             PS8                          0.000     0.000 r  design_1_i/zynq_ultra_ps_e_0/inst/PS8_i/PLCLK[0]
                         net (fo=1, routed)           0.098     0.098    design_1_i/zynq_ultra_ps_e_0/inst/pl_clk_unbuffered[0]
    BUFG_PS_X0Y58        BUFG_PS (Prop_BUFG_PS_I_O)
                                                      0.018     0.116 r  design_1_i/zynq_ultra_ps_e_0/inst/buffer_pl_clk_0.PL_CLK_0_BUFG/O
    X1Y3 (CLOCK_ROOT)    net (fo=41467, routed)       1.192     1.308    design_1_i/ekf_batch_0/inst/faddfsub_32ns_32ns_32_4_full_dsp_1_U1479/ekf_batch_faddfsub_32ns_32ns_32_4_full_dsp_1_ip_u/inst/i_synth/ADDSUB_OP.ADDSUB/DSP.OP/DSP48E1_BODY.NORM_RND/FULL_USAGE_DSP.LOD/NORM_DELAY/i_pipe/aclk
    SLICE_X27Y394        FDRE                                         r  design_1_i/ekf_batch_0/inst/faddfsub_32ns_32ns_32_4_full_dsp_1_U1479/ekf_batch_faddfsub_32ns_32ns_32_4_full_dsp_1_ip_u/inst/i_synth/ADDSUB_OP.ADDSUB/DSP.OP/DSP48E1_BODY.NORM_RND/FULL_USAGE_DSP.LOD/NORM_DELAY/i_pipe/opt_has_pipe.first_q_reg[25]/C





